area_code,local_area_name,asian_bangladeshi_pct,asian_chinese_pct,asian_indian_pct,asian_pakistani_pct,asian_other_pct,black_african_pct,black_caribbean_pct,black_other_pct,mixed_white_asian_pct,mixed_white_black_african_pct,mixed_white_black_caribbean_pct,mixed_other_pct,white_british_pct,white_irish_pct,white_gypsy_irish_traveller_pct,white_roma_pct,white_other_pct,other_arab_pct,other_ethnic_group_pct
E02001827,Hill Hook,0.37209302325581395,1.2093023255813953,8.015503875968992,1.9534883720930232,1.627906976744186,0.7751937984496124,0.9922480620155039,0.31007751937984496,1.3488372093023255,0.07751937984496124,1.5348837209302326,0.5426356589147286,75.72093023255815,1.1627906976744187,0.10852713178294573,0.015503875968992248,1.7209302325581395,0.40310077519379844,2.108527131782946
E02001828,Four Oaks,0.2800728189329226,1.1202912757316903,5.02730709984596,1.7644587592774121,0.9522475843719367,0.658171124492368,0.9942585072118751,0.22405825514633804,0.980254866265229,0.04201092283993838,1.1623021985716286,0.5601456378658451,82.04733230639967,1.3443495308780282,0.0,0.0,1.7924660411707043,0.21005461419969193,0.8402184567987677
E02001829,Little Sutton,0.4148471615720524,1.5502183406113537,7.893013100436681,1.9323144104803494,0.8733624454148472,0.6768558951965066,0.8842794759825328,0.2292576419213974,0.7532751091703057,0.29475982532751094,1.091703056768559,0.5567685589519651,77.9475982532751,1.0262008733624455,0.010917030567685589,0.06550218340611354,1.8449781659388647,0.5131004366812227,1.4410480349344978
E02001830,Sutton Coldfield North,0.4955606029320669,1.0530662812306422,9.570514144125543,2.2713194301053066,0.7949618005368573,0.7123683667148462,0.836258517447863,0.35102209374354737,1.0117695643196365,0.13421432996076813,0.9085277720421226,0.4439397067933099,75.10840388189139,1.8170555440842453,0.020648358455502787,0.010324179227751393,2.7875283914928763,0.41296716911005577,1.25954986578567
E02001831,Reddicap Heath,0.40254633963677217,0.8144542220557948,3.519940086126194,1.7786931286275978,1.1514697622168133,1.5914622729825876,2.3403856955626288,0.7021157086687886,1.0391312488298072,0.17786931286275978,3.2952630593521812,0.7208387942332897,76.64295075828497,1.3480621606440741,0.0,0.0,3.1735630031829247,0.4399925107657742,0.8612619359670474
E02001832,Rectory Park,0.1765670324126624,1.0089544709294993,3.7835792659856224,1.6269390843738176,0.9206709547231681,1.1098499180224493,1.3494766048682054,0.3531340648253248,0.9332828856097869,0.1765670324126624,1.7026106696935301,0.5044772354647497,80.12359692268886,1.8287299785597175,0.01261193088661874,0.02522386177323748,2.673729347963173,0.2774624795056123,1.4125362593012991
E02001833,Kingstanding North,0.5390835579514824,1.0107816711590296,8.322102425876011,3.1502695417789757,0.9939353099730458,1.280323450134771,2.5774932614555257,0.6233153638814016,0.8591644204851752,0.2695417789757412,1.9373315363881403,1.1455525606469004,71.95080862533693,1.3814016172506738,0.0,0.016846361185983826,2.0047169811320753,0.20215633423180593,1.7351752021563343
E02001834,Old Oscott,1.080550098231827,0.4911591355599214,2.914210870988867,1.768172888015717,0.9986902423051736,2.3084479371316307,3.5690897184020955,1.2442698100851342,1.0478061558611658,0.22920759659463,2.635887360838245,0.8840864440078585,75.06548788474132,1.2933857236411264,0.016371971185330715,0.0,3.045186640471513,0.2128356254092993,1.1951538965291422
E02001835,Sutton Coldfield South,0.4837758112094395,1.0737463126843658,3.3628318584070795,2.1946902654867255,0.9557522123893806,0.8377581120943953,1.1445427728613569,0.20058997050147492,1.2507374631268438,0.1887905604719764,1.3805309734513274,0.9203539823008849,78.65486725663717,2.230088495575221,0.02359882005899705,0.0943952802359882,3.327433628318584,0.6253687315634219,1.0501474926253687
E02001836,New Oscott,0.7797913234486545,1.3069741900054914,8.358045030203185,2.899505766062603,1.5485996705107083,0.7797913234486545,3.0642504118616145,0.6479956068094453,0.8896210873146623,0.21965952773201539,1.6694124107633168,0.8676551345414607,69.44535969247666,2.745744096650192,0.0,0.054914881933003847,2.559033498077979,0.615046677649643,1.5485996705107083
E02001837,Kingstanding South East,2.1561826192931473,0.9280959970000937,1.8280678728789725,3.3186462923033657,2.0436861348082873,5.127964751101528,4.406112308990344,1.6874472672728977,0.8718477547576639,0.34686416049498453,2.793662698040686,0.6843536139495641,65.26671041529953,1.5374519546264178,0.12187119152526484,0.08437236336364488,4.959220024374238,0.3093653323333646,1.528077247586013
E02001838,Walmley,0.21133271694624223,1.3076211861048739,5.098401796328094,1.1887465328226126,0.7924976885484084,0.8585391625941091,0.9113723418306696,0.38304054946506405,0.6339981508387267,0.10566635847312111,0.8453308677849689,0.47549861312904507,81.61405362567693,1.9944525161801612,0.0660414740457007,0.01320829480914014,1.9416193369436006,0.660414740457007,0.8981640470215295
E02001839,Queslett,1.2573734864948773,0.8227258615336852,6.550760633343682,2.328469419434958,1.381558522198075,1.8162061471592672,5.153678981682707,1.3970816516609748,0.8227258615336852,0.18627755355479664,2.1887612542688606,0.6830176963675877,68.75194039118286,1.6764979819931698,0.0,0.0776156473144986,3.182241539894443,0.0,1.723067370381869
E02001840,Perry Common College Road,2.6559733361108218,0.8749088636600354,2.989271950838454,4.009998958441829,1.6873242370586397,6.113946463910009,6.499322987188834,2.1664409957296114,1.0415581710238517,0.39579210498906364,4.030830121862306,1.2394542235183834,57.577335694198524,1.3540256223310072,0.04166232684095407,0.08332465368190814,5.218206436829497,0.5311946672221644,1.489428184564108
E02001841,Wylde Green,1.1064543168482817,0.9220452640402347,7.141659681475272,4.5766974015088016,1.391450125733445,0.7376362112321878,1.3579212070410729,0.3520536462699078,0.9220452640402347,0.16764459346186086,0.8046940486169321,0.8717518860016764,72.52305113160101,2.6655490360435876,0.0,0.016764459346186086,1.9111483654652137,0.4526404023470243,2.0787929589270746
E02001842,Perry Beeches West,4.22605031602429,0.7559796753005329,14.475151815590532,6.4072375759077955,2.020076837278473,2.6769116371297557,8.88585946213905,1.5367455694633783,0.8179452224563143,0.24786218862312553,2.999132482339819,0.9790556450613459,46.11476019333251,1.7598215392241914,0.0,0.07435865658693766,3.085884248357913,0.42136572065931344,2.5158012145247244
E02001843,Kingstanding South West,0.9189514914130762,0.4820729135281711,3.6607411871045494,5.227478156071106,2.078939439590238,2.033745103946972,5.40825549864417,1.2654413980114492,0.994275384151853,0.3766194636938837,2.154263332329015,0.8285628201265441,67.15878276589333,1.777643868635131,0.030129557095510694,0.0,3.736065079843326,0.33142512805061763,1.5366074118710455
E02001844,Chester Road,0.7100957085520222,0.5248533497993207,3.0153339508078627,2.3566944530204794,1.2246578161984152,0.9879592466810744,3.488731089842544,0.8438818565400844,0.9776680045281465,0.20582484305855717,2.1611608521148504,1.0497066995986415,73.89111865802202,3.0256251929607902,0.010291242152927859,0.10291242152927858,3.787177112277452,0.4836883811876093,1.1526191211279202
E02001845,Perry Beeches East,3.7815126050420167,0.36014405762304924,7.503001200480192,3.676470588235294,1.6656662665066027,2.611044417767107,6.362545018007203,1.4255702280912366,0.9003601440576231,0.22509003601440578,2.6410564225690276,1.1104441776710685,60.36914765906363,1.7256902761104442,0.07503001200480192,0.13505402160864347,3.016206482593037,0.45018007202881155,1.9657863145258103
E02001846,Short Heath,1.3853132279024152,0.45359813656981735,2.415103592006865,8.287360549221528,1.520166727963712,4.683094274855952,6.043888684565404,1.7040578644109354,0.735564545788893,1.0175309550079685,3.653303910751502,1.115606227779821,54.34596052470271,2.047321319112419,0.024518818192963098,0.14711290915777858,7.453720730660782,1.4343508642883414,1.5324261370601937
E02001847,Minworth,0.3749330476700589,0.7855740046420282,3.2137118371719335,2.285306195322264,0.8391358685948938,1.1962149616139974,1.3747545081235493,0.3749330476700589,0.8569898232458489,0.1428316372076415,2.0889126941617566,0.571326548830566,79.59292983395822,1.9817889662560257,0.0,0.07141581860382075,2.767362970898054,0.2499553651133726,1.2319228709159078
E02001848,Upper Witton,3.3884410438584505,0.2869244432299494,3.2654734253313293,10.862139636562372,2.4730154392676593,11.914195928405519,8.197841235141412,2.5003415767181307,1.1203716354693265,0.5738488864598988,3.2244842191556224,0.7651318486131985,40.87990162590518,1.1203716354693265,0.09564148107664981,0.15029375597759256,5.984424101653231,0.8197841235141413,2.3773739581910096
E02001849,Erdington Town,1.4563659119353738,0.8760951188986232,2.5031289111389237,6.291955853908294,1.5815223574923198,10.296962111730572,5.984753669359427,2.412106041642963,1.0808965752645352,0.6030265104107407,3.5726476277164636,1.3425873250654228,47.53669359426556,2.5827739219478896,0.056889293434975535,0.11377858686995107,9.489134144953919,0.7850722494026624,1.4336101945613835
E02001850,Perry Barr,7.518884369552586,0.6391632771644393,13.46891342242882,18.187100522951773,3.3004067402672863,4.9970947123765255,8.936664729808252,2.5334108076699593,1.2434631028471819,0.3486345148169669,1.89424753050552,1.4758861127251597,24.462521789657178,1.336432306798373,0.0,0.19755955839628123,4.636839047065659,0.9180708890180128,3.904706565950029
E02001851,Pype Hayes Park,0.6720282031508208,2.0491351768205353,2.886416216811722,5.122837942051339,1.4211743968271455,3.272006169439242,5.398259336785282,1.5093092431420072,1.1127024347251295,0.4406742315743087,3.349124159964746,1.0025338768315524,62.399471190922114,2.456758841026771,0.0,0.011016855789357717,4.318607469428225,1.0355844441996254,1.5423598105100804
E02001852,Stockland Green Marsh Hill,2.70193401592719,0.7963594994311718,3.6689419795221845,14.306029579067122,1.7918088737201365,5.10523321956769,8.290671217292378,1.7775881683731514,1.1945392491467577,0.5119453924914675,2.6592718998862344,1.2798634812286689,42.733219567690554,1.2798634812286689,0.1422070534698521,0.32707622298065986,8.503981797497156,1.023890784982935,1.9055745164960183
E02001855,Castle Vale,0.2919855014095852,0.11075312122432542,0.342327829238824,1.3894482480869916,0.49335481272654047,2.4667740636327022,4.2287555376560615,1.3995167136528393,0.9867096254530809,0.4329440193314539,6.2625855819573095,0.9464357631896899,75.60410793395087,1.5304067660088603,0.0,0.0,2.4567055980668546,0.16109544905356424,0.896093435360451
E02001856,Brookvale,5.125544718821332,0.9130525005187798,4.129487445528118,19.78626271010583,1.867607387424777,6.692259804938784,8.985266652832538,2.0751193193608635,1.0271840630836273,0.3631458808881511,3.26831292799336,1.379954347374974,28.543266237808673,1.3384519609877568,0.07262917617763022,0.39427267067856403,9.815314380576883,1.4422079269558,2.780659887943557
E02001857,Gravelly Hill,1.891014074341393,0.7578491519307109,2.757127390833634,17.315048718874053,2.88704438830747,6.185492601948755,8.841573439191627,2.490075784915193,1.1836881992060628,0.6134969325153374,2.88704438830747,1.291952363767593,35.37351136773728,1.8332731865752436,0.12991699747383617,0.3753157704799711,9.31793576326236,1.3280404186214363,2.540599061710574
E02001858,Handsworth East,6.789853487863547,0.9184342882134267,18.25934834900503,14.47627378088782,3.6409359282746556,8.014432538814782,11.73190465777389,3.4003936146949485,1.169910343319484,0.7434944237918215,1.6291274874261972,1.3667176907937897,16.116335009840366,0.5576208178438662,0.010933741526350318,0.27334353815875795,5.5106057292805595,0.8637655805816751,4.5265689919090315
E02001859,Birchfield East,19.701779701779703,0.2886002886002886,14.545454545454545,32.198172198172195,2.433862433862434,8.956228956228957,4.944684944684945,1.5007215007215007,0.7022607022607023,0.26936026936026936,0.9235209235209235,0.6637806637806638,6.3588263588263585,0.5772005772005772,0.0481000481000481,0.1827801827801828,2.4146224146224147,0.6541606541606542,2.635882635882636
E02001860,Handsworth West,8.240850059031878,0.1770956316410862,25.537190082644628,15.90318772136954,4.757969303423849,6.068476977567887,10.460448642266824,2.1959858323494688,0.8618654073199528,0.2833530106257379,1.6174734356552538,1.1688311688311688,7.402597402597403,0.49586776859504134,0.2361275088547816,0.43683589138134593,7.284533648170012,0.6257378984651711,6.245572609208973
E02001861,Birchfield West,13.917387813364261,0.27656347577839235,10.937639396913195,27.531447943616737,4.041395307342314,11.811936836470693,11.829779641359622,2.0162369524489248,0.8475332322241056,0.5174413417789276,1.6415380497814256,0.9367472566687484,4.960299759122134,0.6155767686680346,0.026764207333392808,0.22303506111160676,3.104648050673566,0.6066553662235703,4.15737353912035
E02001862,Middlemore,10.286524248253519,0.3746076743950592,28.88528905538119,10.570011136984915,4.961020552799433,6.783436266072695,10.570011136984915,2.733623569909892,0.5264756505011643,0.28348688873139616,1.873038371975296,1.4680571023590159,6.348081401235193,0.3442340791738382,0.1923661030677331,0.44547939657790825,5.4976207350410045,0.6884681583476764,7.16816847220816
E02001863,Aston Park,28.039495598382107,0.48774684748988817,2.962169878658101,32.27456578634309,2.819414703783012,9.838210801808232,5.56745182012848,1.3799666904591958,0.6423982869379015,0.23792529145848204,1.0587675469902451,0.582916964073281,6.352605281941471,0.5115393766357363,0.0,0.09517011658339282,2.7480371163454675,1.2729003093028788,3.1287175826790388
E02001865,Handsworth South,10.525392509428997,0.5613542671695465,25.82229628979914,22.568195772300676,4.297868608016841,8.244890799052715,7.823875098675555,2.341899833347952,0.9823699675467065,0.21927901061310412,1.175335496886238,0.7016928339619332,3.8593105867906323,0.21050785018857995,0.09648276466976581,0.2719059731602491,3.4909218489606175,1.0174546092448031,5.788965880185948
E02001866,Lozells West,27.142857142857142,0.4021164021164021,5.798941798941799,29.77777777777778,3.873015873015873,9.100529100529101,6.8465608465608465,2.2857142857142856,0.9206349206349206,0.21164021164021163,1.291005291005291,0.9206349206349206,4.613756613756614,0.38095238095238093,0.031746031746031744,0.24338624338624337,2.3492063492063493,0.8571428571428571,2.9523809523809526
E02001867,Lozells East,29.107060452238116,0.53068758652515,4.856945085371481,17.47808029533918,3.1264420858329487,15.897554222427319,9.102445777572681,3.553299492385787,0.6922011998154131,0.4845408398707891,1.2459621596677435,1.0613751730503,5.491462851868944,0.265343793262575,0.05768343331795108,0.08075680664513152,1.6843562528841716,1.4190124596215967,3.8647900323027224
E02001868,Hodge Hill,3.340802607455694,0.458341821144836,1.4768792014666938,58.280708902016706,6.406600122224486,1.6907720513342839,1.1713179873701365,0.3259319617029945,1.0185373803218578,0.2342635974740273,0.794459156651049,0.5703809329802404,16.785496027704216,0.7842737828478306,0.0,0.193522102261153,1.955591770217967,0.7333469138317377,3.7787736809940924
E02001869,Nechells,4.851598173515982,1.2414383561643836,0.9275114155251142,13.070776255707763,2.040525114155251,34.1324200913242,8.14783105022831,4.4520547945205475,1.3984018264840183,0.45662100456621,2.9823059360730593,1.6409817351598173,14.355022831050228,1.1415525114155252,0.0,0.014269406392694063,2.2260273972602738,2.268835616438356,4.651826484018265
E02001870,Ward End,4.272188438149488,0.27711492571780466,1.2239242552536371,52.3362327765376,6.2581787391270876,5.434531598799168,2.0937572165345237,0.8929258717573705,0.7158802247709953,0.28481256254329923,1.0622738819182511,0.6542991301670387,15.656993303055962,0.5388345777846201,0.17704564698637518,0.7620660457239627,2.2554075898699097,1.0006927873142946,4.102840427988608
E02001871,Buckland End,1.8349724154473495,0.10793955384984409,0.8875029983209403,11.597505396977693,2.218757495802351,2.9503478052290717,3.550011993283761,1.187335092348285,1.187335092348285,0.1918925401775006,4.017750059966419,0.9714559846485968,63.000719597025665,1.1273686735428161,0.011993283761093787,0.035979851283281364,2.9983209402734468,0.43175821539937637,1.691053010314224
E02001872,Shard End,0.35021551724137934,0.18857758620689655,0.4040948275862069,3.7984913793103448,1.1314655172413792,2.0608836206896552,3.111530172413793,1.3200431034482758,0.9024784482758621,0.2828663793103448,5.145474137931035,0.9698275862068966,74.75754310344827,1.2661637931034482,0.013469827586206896,0.06734913793103449,3.0980603448275863,0.22898706896551724,0.9024784482758621
E02001873,Winson Green,4.085397996837111,0.7380073800738007,12.827271129854156,17.264101212440696,3.8218239325250396,14.426287120014058,11.887190300474433,3.2419609910384817,0.9137234229485152,0.8346512036548936,2.600597434545774,1.686874011597259,11.131611316113162,0.825865401511158,0.17571604287471446,0.3075030750307503,6.035846072746442,1.3705851344227729,5.824986821296784
E02001874,Washwood Heath,5.2631578947368425,0.09039775010044195,1.4162314182402571,58.15588589795099,5.222981116914424,8.286460425873845,1.948573724387304,1.5367617517075132,1.03455202892728,0.14061872237846526,1.2354359180393732,0.6629168340699076,6.8903173965447975,0.27119325030132585,0.5423865006026517,0.29128163921253514,1.8280433909200482,1.0546404178384894,4.128163921253515
E02001875,Hockley,16.235215353715688,0.76991742914528,2.8788216915866993,9.964293684445437,3.26935951796474,23.488060700736444,9.350591385851372,3.202410176299933,1.0265565721937067,0.5132782860968533,1.8187904485605892,1.1604552555233207,15.721937067618835,0.903816112474894,0.01115822361080116,0.10042401249721045,3.6041062262887746,1.8634233430037939,4.1173845123856285
E02001876,Birmingham Dartmouth Circus,5.688529686042897,3.5312402859807275,8.622940627914206,5.5517562946844885,3.2949953372707492,26.192104445135218,6.509170034193348,2.3811004041032016,1.2060926328877837,0.9760646565122785,1.7904880323282562,1.168790798880945,21.38016785825303,0.6838669567920422,0.06838669567920423,0.21137705937208578,5.110351258936897,2.1572894000621696,3.4752875349704695
E02001877,Saltley East,7.341670028237193,0.1936264622831787,1.218233158531666,58.63654699475595,6.397741024606696,9.084308188785801,1.36345300524405,0.5163372327551432,1.008471157724889,0.2823719241629689,0.6212182331585316,0.5970149253731343,4.945542557482856,0.29850746268656714,0.24203307785397338,0.35498184751916095,1.436062928600242,1.4844695441710367,3.9774102460669627
E02001878,Saltley West,8.770087175716837,0.6091797080138641,1.575464762104821,40.4579350908518,6.858523264362987,15.082449322550152,4.201239365612856,1.9325701081819138,1.0293036445751498,0.2730805587648356,1.1553408255435353,1.123831530301439,6.658964394496376,0.2730805587648356,0.021006196828064278,0.1890557714525785,1.722508139901271,2.6047684066799706,5.461611175296713
E02001879,Summerfield,2.7032418952618453,0.7082294264339152,6.2643391521197005,31.51122194513716,4.658354114713217,11.860349127182046,8.53865336658354,2.4738154613466334,0.9675810473815462,0.4688279301745636,1.8753117206982544,1.4463840399002494,12.977556109725686,0.9476309226932669,0.16957605985037408,0.18952618453865336,5.167082294264339,1.9850374064837906,5.087281795511222
E02001880,Glebe Farm,2.7110535233728696,0.20930927937805244,1.0864148310575101,23.14362603408751,4.076547393601117,5.143028007575002,3.5084222067178312,1.5548689325226752,1.505033389813615,0.3189474733379847,2.920362802750922,1.375460978770059,44.602810724608794,0.7674673577195256,0.12957241104355627,0.12957241104355627,3.438652446925147,1.1163161566829463,2.2625336389913286
E02001881,Belchers Lane,6.440548780487805,0.16196646341463414,1.4672256097560976,53.639481707317074,4.906631097560975,5.935594512195122,1.6673018292682926,0.7336128048780488,1.0384908536585367,0.2381859756097561,0.9813262195121951,0.7240853658536586,11.966463414634147,0.6383384146341463,0.1714939024390244,0.3048780487804878,2.019817073170732,1.5625,5.4020579268292686
E02001882,Stechford,1.6047581640668835,0.4713275726630008,2.7269666704073616,36.20244641454382,4.432723600044889,4.443945685108293,3.422735944338458,1.03243182583324,1.234429356974526,0.31421838177533384,2.356637863315004,1.122208506340478,32.53282459881046,1.4476489731792166,0.044888340253619124,0.08977668050723825,2.446414543822242,1.178318931657502,2.895297946358433
E02001883,Kitts Green,1.3856270549553782,0.3053076561766087,0.986378581493659,8.525129168623767,2.7477689055894787,3.3348990136214187,3.006106153123532,1.2564584311883513,1.5617660873649601,0.3757632691404415,4.896665100986379,0.9394081728511038,63.49224988257398,1.456082667919211,0.14091122592766558,0.058713010803193987,3.5697510568341944,0.751526538280883,1.2094880225457962
E02001884,Bordesley Green North,6.7432273262661955,0.1570475068708284,1.010993325480958,55.25127601099332,5.683156654888104,9.521005104043974,1.4330585001963094,0.4613270514330585,0.7950530035335689,0.3828032979976443,0.5104043973301924,0.922654102866117,5.457400863761288,0.27483313702394974,0.26501766784452296,0.5202198665096192,1.5606595995288575,2.0318021201413425,7.018060463290145
E02001886,Rotton Park,1.131999191429149,1.0612492419648272,18.36466545381039,16.46452395391146,4.962603598140287,9.37942187184152,4.527996765716596,1.0915706488781078,0.9803921568627451,0.6064281382656155,1.647463108954922,1.4149989892864363,21.1340206185567,1.0814635132403476,0.11117849201536284,0.313321204770568,7.80270871235092,2.0214271275520517,5.9025672124519915
E02001888,Kent's Moat,2.8412256267409473,0.1532033426183844,2.799442896935933,16.47632311977716,3.83008356545961,4.47075208913649,2.479108635097493,0.724233983286908,1.5459610027855153,0.2785515320334262,2.367688022284123,0.7520891364902507,53.35654596100279,1.6016713091922006,0.04178272980501393,0.1671309192200557,3.245125348189415,1.0724233983286908,1.7966573816155988
E02001889,Little Bromwich,14.580801944106925,0.3092897382083287,1.2040207665967082,47.917817298133215,4.628300011046062,7.643874958577268,1.7452778084612834,0.6959019109687397,0.8947310283883796,0.5191649177068375,0.7179940351264774,1.2592510769910528,7.90898044847012,0.5081188556279687,0.0662763724732133,0.11046062078868883,1.5354026289627747,2.662100961007401,5.092234618358555
E02001890,Edgbaston North,1.0324779470729752,2.1952686447473937,14.44466720128308,6.044506816359262,3.358059342421812,9.282277465918204,3.9394546912590216,0.8219727345629511,1.7542101042502005,0.5012028869286287,1.8444266238973537,1.4234161988773055,33.01924619085806,0.9723336006415397,0.060144346431435444,0.48115477145148355,11.557738572574179,2.2955092221331195,4.971932638331997
E02001892,Yardley Fields,8.98653314917127,0.11222375690607735,2.512085635359116,38.147444751381215,5.300414364640884,5.447168508287293,1.968232044198895,0.5783839779005525,1.3812154696132597,0.3884668508287293,1.691988950276243,1.3380524861878453,20.770027624309392,0.9668508287292817,0.11222375690607735,0.2589779005524862,2.0718232044198897,3.6515883977900554,4.316298342541437
E02001893,Yardley,6.165004533091569,0.28331822302810517,3.773798730734361,26.609247506799637,3.773798730734361,4.06844968268359,1.9945602901178603,0.8159564823209429,0.929283771532185,0.2606527651858567,1.8359020852221215,0.44197642792384406,41.330462375339984,2.1078875793291023,0.0,0.14732547597461468,2.3232094288304626,1.2239347234814144,1.915231187669991
E02001895,Sheldon North,3.070567217507816,0.3573023671281822,1.7976775346136669,7.525681107637338,1.7641804376953998,3.282715497990174,2.344796784278696,0.8932559178204555,1.4292094685127288,0.33497096918267083,3.249218401071907,0.7034390352836087,66.19026351049575,1.5520321572130416,0.0,0.06699419383653417,3.025904421616793,0.9602501116569897,1.4515408664582403
E02001896,Small Heath Park,21.671095364629466,0.0,1.3089262867827969,48.2924908965653,3.8775711052061803,8.670406456057474,1.5943312666076173,0.37397893908079916,0.5806515106780828,0.2263556736541679,0.5412853065643145,1.0924121641570712,2.873732900305088,0.47239444936521996,0.059049306170652495,0.09841551028442082,1.200669225469934,3.710264737722665,3.35596890069875
E02001897,Sparkbrook North,9.204729886389984,0.7767215395316485,2.967771852538836,24.240667748666823,3.3851147693021097,20.739624391374914,5.657315093902156,2.3185717597959656,1.0549501507071644,0.9622072803153258,2.0635288662184093,1.7389288198469743,8.11500115928588,0.9042429863204267,0.011592858798979828,0.06955715279387897,1.6925573846510549,10.352422907488986,3.7444933920704844
E02001898,Lyndon Green,3.522415370539799,0.3202195791399817,2.150045745654163,11.848124428179323,1.0978956999085088,0.22872827081427263,2.226288502592254,0.45745654162854527,0.6709362610551998,0.12198841110094541,1.646843549862763,0.3812137846904544,69.33516315949984,1.890820372064654,0.0,0.060994205550472705,1.4486123818237266,0.8844159804818542,1.7078377554132358
E02001899,Harborne West,0.2577621558289397,1.9800820152314,20.83186877562976,5.143526654950205,3.1985940246045694,1.5817223198594024,1.8043350908025777,0.6092560046865847,1.6051552431165788,0.30462800234329235,1.265377855887522,0.6912712360867018,47.79144698301113,2.2729935559461043,0.0351493848857645,0.08201523140011717,4.34680726420621,1.3005272407732864,4.897480960749854
E02001900,Five Ways South,1.639099985099091,3.2036954254209506,8.612725376247951,13.604529876322456,3.9934436000596034,9.238563552376695,6.079570853822083,2.115929071673372,1.4900908955446281,0.8642527194158843,2.0712263448070334,1.475189986589182,26.344807033229028,1.0430636268812397,0.014900908955446282,0.19371181642080168,6.064669944866637,7.584562658322158,4.365966323945761
E02001901,Harborne East,0.4298698108572832,2.603782854335544,6.030459346597888,2.2476050110537953,1.4247113731269958,2.1002210759027267,1.7071972488332106,0.35617784328174895,2.309014984033407,0.4421518054532056,1.4861213461066076,1.5475313190862197,63.52247605011054,2.640628838123311,0.012281994595922378,0.30704986489805947,6.939326946696143,1.9282731515598133,1.9651191353475805
E02001902,Yardley South,3.9002557544757033,0.2557544757033248,3.3407928388746804,12.260230179028133,2.413682864450128,1.7263427109974425,2.0140664961636827,0.39961636828644503,0.7832480818414322,0.2078005115089514,1.8702046035805626,0.7512787723785166,61.620843989769824,2.0460358056265986,0.0639386189258312,0.1118925831202046,3.7883631713554986,0.6713554987212276,1.7742966751918159
E02001903,Sparkbrook South,12.04804358593363,0.21050024764735017,3.145121347201585,55.08915304606241,3.3432392273402676,5.646359583952452,1.8697374938088163,0.7800891530460624,1.0153541357107478,0.18573551263001487,0.7305596830113917,0.396235760277365,2.7984150569588904,0.3467062902426944,0.04952947003467063,0.5572065378900446,1.5725606736007924,5.621594848935116,4.5938583457157005
E02001904,Hay Mills,9.619368203003624,0.14241325737959606,3.0554117037804245,27.8612118073537,2.83531848783014,3.0165717244950803,2.511651993785603,0.7250129466597618,1.320559295701709,0.29777317452097357,1.5924391506991196,1.5406525116519938,31.071983428275505,2.2268254790264113,0.0647332988089073,0.28482651475919213,6.486276540652511,1.4241325737959607,3.9228379078197824
E02001905,Edgbaston South,1.0901304263188631,5.898384270975278,12.01090130426319,5.450652131594316,3.2606579715787425,2.793459217442087,1.5281292583219779,0.4769320615145026,1.5281292583219779,0.5645318279151256,1.1193303484524042,1.6254623321004478,48.19933813509831,1.313996496009344,0.009733307377846992,0.07786645902277593,7.708779443254818,2.39439361495036,2.949192135487639
E02001906,Quinton Ridgacre,1.296122086338455,0.9720915647538413,8.194836416849586,3.1775896310233094,2.0696142991533395,3.679314309605937,4.222849378070451,1.1602383192223267,1.1811435141632696,0.5957980558168705,3.323925995609909,1.243859098986098,58.86902895369499,1.881467544684854,0.0,0.13588376711612835,4.264659767952336,0.836207797637713,2.895369499320581
E02001907,Sheldon South,2.5638563472248896,0.355290954484348,2.995966967543691,6.251200307278664,1.4595736508546189,1.7956596888803533,1.421163817937392,0.4417130785481083,1.3155367774150182,0.21125408104474747,1.9492990205492606,0.7970040330324563,70.67409256769733,2.4774342231611293,0.0,0.028807374687920106,3.840983291722681,0.3264835797964279,1.0946802381409642
E02001908,Sparkhill North,12.155066473019774,0.2010948497374595,3.530331806502067,61.803150485979224,4.2006479722935985,3.642051167467322,1.0389900569768742,0.402189699474919,0.8378952072394146,0.2346106580270361,0.3910177633783935,0.592112613115853,2.6812646631661265,0.24578259412356163,0.011171936096525528,0.033515808289576586,1.4858675008378952,3.3404088928611326,3.17282985141325
E02001909,Balsall Heath East,9.232440260680667,0.16895969104513636,3.4878107651460293,45.31740284817765,3.946415640839971,5.430847212165098,2.59473811247888,0.7361815109823799,1.2671976828385227,0.38619357953174027,1.158580738595221,1.2913347815592566,5.841177890417572,0.4706734250543085,0.036205648081100654,0.27757663528843834,1.967173545739802,13.299541395124306,3.089548636253922
E02001910,Balsall Heath West,5.252972076306331,0.30411943599668234,2.8614874205142384,36.16256566215095,3.6217860105059443,7.354160906828864,4.852087365219796,1.1197124688968758,1.0091235830799006,0.4838263754492674,1.6311860658003872,1.5344207907105336,10.35388443461432,0.8155930329001936,0.09676527508985347,0.13823610727121924,2.142659662703898,16.422449543820846,3.8429637821398948
E02001911,Quinton East,1.2584372497425924,1.1554742020363802,4.1070815696144605,4.599016130877474,3.649468024253518,10.914083056858482,5.479922205697289,2.0478206154902185,1.1440338634023568,1.5787667314952523,3.9240361514700837,1.4186019906189222,45.86431758380048,1.4300423292529458,0.09152270907218854,0.22880677268047134,4.999427983068299,1.6130877473973229,4.496053083171262
E02001913,Metchley,1.0884170921795215,4.6627250739048645,7.968288094598226,5.159903251814028,3.1711905401773715,6.906745498521903,2.7143241064230046,1.0481053480247244,1.3302875571083042,0.38968019349637195,1.9349637194302607,1.5184090298306907,46.66756248320344,2.042461703843053,0.08062348830959419,0.06718624025799516,7.175490459553884,2.593388873958613,3.4802472453641493
E02001914,Moor Green,2.1816121263635075,0.793313500495821,7.805638192378524,30.684232894177647,4.150729565094206,2.2949426264343393,2.5216036265760025,1.1333050007083156,1.4591301884119563,0.2974925626859328,1.289134438305709,1.5724606884827879,26.57600226661,1.0766397506728997,0.0,0.05666525003541578,4.079898002549936,7.168154129480096,4.859045190536904
E02001915,Acocks Green East,2.4665551839464883,0.6688963210702341,7.081939799331104,14.816053511705686,1.839464882943144,2.408026755852843,2.5668896321070234,0.6521739130434783,1.6973244147157192,0.1505016722408027,2.274247491638796,0.9698996655518395,49.07190635451505,3.160535117056856,0.1254180602006689,0.1588628762541806,6.028428093645485,1.0451505016722409,2.817725752508361
E02001916,Acocks Green West,5.708800646660604,0.3536425179347277,6.486814186117005,33.676871779327065,4.172981711629787,3.4656966757603316,1.8187329493785995,0.596140244518541,1.6974840860866929,0.323330302111751,1.4954026472668485,0.8992624027483076,28.190360715368293,2.071334747903405,0.1414570071738911,0.1010407194099222,4.203293927452764,2.020814388198444,2.576538344953016
E02001918,Moseley Village,0.9831135785334258,0.8096229470275271,3.95558639833449,14.099005320379366,2.1512838306731434,3.157529493407356,3.9671524404348832,1.2606985889428637,1.7349063150589867,0.45107564191533656,2.2438121674762894,1.3532269257460097,49.58362248438584,2.822114272495952,0.057830210501966225,0.1272264631043257,5.597964376590331,2.879944482997918,2.7642840619939855
E02001919,Moseley,1.9737789943812132,0.4322143783316525,6.670508572251837,37.91960812563031,3.428900734764443,2.2042933294914278,1.901743264659271,0.40340008644287567,1.383086010661288,0.14407145944388416,1.2390145512174038,1.2534216971617922,28.46852038611151,1.6424146376602795,0.028814291888776832,0.12966431349949575,3.81789367526293,2.996686356432791,3.9619651347068148
E02001920,Woodgate Valley,0.8492291612228899,0.5879278808466162,1.6200679383328978,2.207995819179514,4.677292918735302,5.774758296315652,4.690357982754115,1.7245884504834075,0.9929448654298406,0.4834073686961066,3.9195192056441077,1.0713352495427229,63.378625555265224,1.2281160177684871,0.0,0.10452051215050953,3.214005748628168,1.4240919780506924,2.0512150509537497
E02001921,California,0.5812451562903642,1.8987341772151898,4.959958667011108,3.629553087057608,3.7587186773443553,4.727460604494962,3.087057607853268,1.5241539653836218,1.3691552570395247,1.4466546112115732,2.906225781451821,1.4724877292689227,56.43244639628003,1.2787393438388013,0.06458279514337381,0.025833118057349523,5.709119090674244,2.428313097390855,2.699560836993025
E02001922,Selly Oak,1.1258443832874656,5.979484613460095,5.7042782086564925,2.276707530647986,2.564423317488116,4.734801100825619,1.820115086314736,0.4565924443332499,2.251688766574931,0.5066299724793595,1.7700775581686266,1.03202401801351,60.28271203402552,1.03202401801351,0.043782837127845885,0.06880160120090067,5.135101325994496,1.094570928196147,2.1203402551913935
E02001923,Springfield,3.7600071961860215,0.24287127822254206,8.284609157146713,49.92354052352253,5.046325447512818,1.5831609247099037,1.6911037150310335,0.4317711612845192,1.1513897634253845,0.17990465053521634,0.7645947647746695,0.88153278762256,15.993523432580732,1.9519654583070973,0.035980930107043264,0.1619141854816947,2.455698479805703,2.1048844112620313,3.355221732481785
E02001924,Hall Green East,4.0548177451257414,0.3249505510031082,10.031082226617688,31.633229725911274,2.8680418197230857,1.6388810398417633,2.613732692851088,0.6216445323537723,1.2291607798813224,0.2825656965244419,1.5399830460582085,0.9324667985306584,32.33964396722238,2.317038711500424,0.014128284826222097,0.028256569652444195,2.8397852500706415,1.469341621927098,3.221248940378638
E02001925,Selly Oak Park,0.6978470675575352,3.7119524870081664,6.161841128433556,3.0734966592427617,3.3853006681514475,3.1328878990348925,2.271714922048998,0.6681514476614699,2.093541202672606,0.3711952487008166,1.588715664439495,1.1878247958426131,59.910913140311806,1.469933184855234,0.14847809948032664,0.20786933927245732,6.310319227913883,1.4253897550111359,2.1826280623608016
E02001926,Stirchley North,2.5552574421873,2.1080873898045227,5.161620033218346,8.202376389421234,2.5424811549763637,3.053532643413824,2.4019419956560624,1.1498658489842852,1.1243132745624123,0.5238277756483966,2.798006899195094,1.6736936246326817,54.59307525233167,3.0152037817810142,0.05110514884374601,0.11498658489842851,6.107065286827648,1.0093266896639836,1.8142327839529833
E02001927,Weoley Castle,1.0168165819319515,1.1341415721548689,2.1639942641115892,1.994524833789597,3.3763524964150697,4.3279885282231785,2.946160865597706,1.4078998826750098,1.2123582323034807,0.299830530569678,3.6240385868856735,0.834311041585191,66.6927388867162,1.2775387824273237,0.06518055012384305,0.23464998044583496,3.9760135575544258,1.4209359926997784,1.994524833789597
E02001928,Woodgate,0.3519061583577713,0.45454545454545453,1.3929618768328447,1.6715542521994136,1.0850439882697946,4.809384164222874,3.665689149560117,1.8328445747800586,0.9384164222873901,0.9090909090909091,3.812316715542522,1.466275659824047,72.5366568914956,0.8944281524926686,0.0,0.01466275659824047,2.272727272727273,0.718475073313783,1.1730205278592376
E02001929,Fox Hollies,3.4364588291289864,0.39980961446930036,5.2356020942408374,21.85625892432175,2.931937172774869,2.398857686815802,2.1608757734412185,0.8757734412184673,1.7420276059019515,0.38077106139933364,2.5606853879105187,1.475487862922418,44.26463588767254,2.0656830080913853,0.1142313184198001,0.0,4.359828653022371,1.313660161827701,2.427415516420752
E02001930,Kings Heath,0.7006617360840794,0.6487608667445179,4.787855196574543,12.676787336187882,1.4532243415077202,0.7785130400934216,2.205786946931361,0.46710782405605294,2.2187621642662516,0.506033476060724,1.7257039055404177,1.44024912417283,58.63500713636953,3.762813027118204,0.01297521733489036,0.15570260801868432,5.384715193979499,1.012066952121448,1.4272739068379396
E02001931,Wake Green East,1.9669459962756053,0.430633147113594,10.626163873370578,29.376163873370576,3.35195530726257,0.8496275605214153,1.8389199255121043,0.47718808193668527,1.3966480446927374,0.37243947858473,1.291899441340782,1.0125698324022345,36.39432029795158,3.293761638733706,0.0,0.06983240223463687,2.432495344506518,2.304469273743017,2.5139664804469275
E02001932,Bartley Green,0.7268811414726073,1.2518508547583793,1.9383497105936196,2.3960156144837796,2.1941041862969444,4.818952752725805,3.6344057073630367,1.6018306636155606,1.3056939022748688,0.6730380939561179,4.132453896890564,1.4133799973078476,66.85960425360075,1.130703997846278,0.0,0.05384304751648943,3.270965136626733,0.8211064746264639,1.7768205680441513
E02001933,Kings Heath Park,3.3419689119170983,0.9455958549222798,4.080310880829016,9.818652849740932,1.4119170984455958,2.4870466321243523,2.6424870466321244,0.8937823834196891,1.5155440414507773,0.27202072538860106,2.849740932642487,1.33419689119171,58.0699481865285,2.422279792746114,0.19430051813471502,0.07772020725388601,4.494818652849741,1.0103626943005182,2.1373056994818653
E02001934,Hall Green Central,3.2447552447552446,0.6853146853146853,15.062937062937063,31.104895104895103,3.6783216783216783,1.2727272727272727,0.9230769230769231,0.3916083916083916,0.9090909090909091,0.18181818181818182,0.8251748251748252,1.2587412587412588,28.81118881118881,4.13986013986014,0.0,0.08391608391608392,2.111888111888112,1.6083916083916083,3.7062937062937062
E02001935,Shenley Lane,0.8414800148496473,2.908055933671575,2.4873159262467515,2.4625665140452915,2.6729365177577034,3.328795941096399,2.227447098131419,1.4230912015839623,0.8662294270511075,0.4949882440292043,2.400692983541641,1.6953347358000248,66.8729117683455,0.9404776636554881,0.012374706100730107,0.04949882440292043,3.4154188838015096,2.066575918821928,2.833807697067195
E02001936,Brandwood North,0.9395552771688067,1.5502662073285312,7.359849671155653,9.129345443156906,1.816473535859693,2.395865956780457,2.2705919198246165,0.5793924209207642,1.7538365173817727,0.2192295646727216,1.9104290635765737,1.252740369558409,60.08455997494519,2.9752583777012216,0.0,0.0,3.319761979329784,1.0804885687441277,1.3623551518947699
E02001937,Billesley Common,2.4675169865299798,0.6675408272738109,5.1615210394564315,18.238169030873763,2.443676242698772,2.8728096316605076,2.3244725235427346,0.5006556204553582,1.323161282632018,0.2860889259744904,2.813207772082489,1.323161282632018,50.33973059959471,2.2171891763023006,0.0,0.19072595064966028,2.932411491238527,2.086065085230659,1.8118965311717725
E02001938,Bournville East,1.550387596899225,0.6989452281103062,1.4360147413902655,2.1095437793874696,0.8768585589020206,1.575803787012327,2.0841275892743676,0.6226966577710001,1.601219977125429,0.39395094675308173,2.4272461558012455,1.2962256957682043,73.99923751429661,2.668699961875715,0.03812428516965307,0.012708095056551023,4.790951836319736,0.5972804676578981,1.2199771254288982
E02001939,Bournville West,0.4924543288324067,1.397934868943606,4.114376489277205,1.2708498808578237,1.7633042096902303,2.795869737887212,2.6846703733121524,1.096108022239873,1.1914217633042097,0.4289118347895155,3.8284352660841936,0.9690230341540905,70.70691024622717,1.5091342335186657,0.03177124702144559,0.07942811755361398,3.034154090548054,1.096108022239873,1.5091342335186657
E02001941,Yardley Wood West,1.618073576553198,0.22897267592733933,4.045183941382995,14.990077850709815,2.274461914211571,2.4729049000152648,2.137078308655167,0.809036788276599,1.0227446191421157,0.29003205617462985,2.5644939703862004,1.1753930697603419,56.37307281331095,2.6560830407571365,0.015264845061822623,0.0763242253091131,2.304991604335216,1.7096626469241336,3.236147153106396
E02001942,Cotteridge,0.7523233515267739,0.6638147219353887,0.8555834193833899,1.268623690809854,1.5931553326449328,3.8353739489600236,2.6847617642720167,0.9883463637704676,1.3423808821360084,0.32453164183507893,3.171559227024635,0.8998377341790824,73.40315680778876,2.242218616315091,0.0,0.08850862959138515,3.5993509367163297,0.9145891724443134,1.37188375866647
E02001943,Brandwood East,1.0809141445336627,1.2044471896232243,3.736874613959234,6.979617047560223,1.2970969734403952,2.6096355775169857,2.9030265596046942,0.849289684990735,1.0809141445336627,0.2779493514515133,2.8412600370599135,1.0809141445336627,66.61519456454602,2.5015441630636195,0.015441630636195183,0.030883261272390366,2.3934527486102533,1.2044471896232243,1.2970969734403952
E02001944,Brandwood End,0.6074129168216189,0.6693938267013759,3.7312507747613735,6.855088632701128,1.8718234783686625,2.0825585719598365,3.2354034957233173,1.0784678319077725,1.2148258336432378,0.49584727903805625,2.7891409445890667,1.2768067435229948,66.75343994049832,3.0494607660840463,0.0,0.0,2.2685013015991076,0.5702243708937648,1.4503532911863146
E02001945,Allens Cross,0.0,0.8867494299467951,1.076767164935394,1.621484671902711,3.2556371928046617,4.167722320749936,2.736255383835825,0.9500886749429946,1.1147707119331138,0.5447175069673169,3.813022548771219,1.3807955409171522,70.40790473777552,1.3174562959209526,0.0886749429946795,0.15201418799087915,3.6483405117810994,1.1401064099315936,1.6974917658981505
E02001946,Northfield Victoria Common,0.22412656558998023,1.3579433091628215,2.4126565589980222,0.9360580092287409,1.4765985497692815,2.0039551746868822,1.5425181278839815,0.5009887936717206,0.9096901779828609,0.2900461437046803,2.373104812129202,0.8437705998681608,77.9564930784443,2.4653922214897825,0.0,0.0,2.755438365194463,0.4218852999340804,1.5293342122610416
E02001947,Druids Heath,0.7529637936558795,0.6247997436719,1.3457225248317848,4.517782761935277,1.4899070810637616,5.975648830503044,4.229413649471323,1.4899070810637616,0.7209227811598846,0.6408202499198975,4.3735982057033,1.137455943607818,64.54661967318167,2.0025632809996794,0.04806151874399231,0.0,2.162768343479654,2.3389939122076258,1.6020506247997437
E02001948,Highter's Heath,0.8577263444520081,0.5037440435670524,2.3961878829135466,5.323349217154527,0.9802586793737236,1.4023144996596324,1.688223281143635,0.17699115044247787,1.2117086453369639,0.1906058543226685,2.287270251872022,0.6943498978897209,76.85500340367597,2.0149761742682095,0.013614703880190605,0.08168822328114364,1.7835262083049694,0.7079646017699115,0.8304969366916269
E02001949,Lifford,0.25969810095763673,0.5843207271546826,2.1100470702807987,3.262457393280312,1.152410322999513,3.2949196559000162,2.8404479792241517,1.866580100633014,1.9801980198019802,0.9089433533517286,3.765622463885733,1.541957474435968,70.75150137964616,1.963966888492128,0.08115565654926149,0.06492452523940918,2.5482876156468106,0.14608018178867066,0.8764810907320241
E02001950,Longbridge North,0.15167425037918564,0.653366001633415,1.1900595029751488,0.9217127523042818,1.4350717535876794,2.893478007233695,1.9134290047835725,1.026718002566795,0.7817057519542644,0.5366935013417338,3.17349200793373,0.7117022517792556,77.94889744487224,2.24011200560028,0.07000350017500875,0.058336250145840624,2.7418037568545093,0.3033485007583713,1.2483957531209895
E02001951,Frankley,0.1908194635852857,0.41344217110145237,0.6678681225484999,1.5371567899925793,0.9646983992367222,4.282836849358635,3.4029471006042615,1.7173751722675712,1.4417470581999363,0.39224000848086504,4.622071451288031,0.9222940739955475,74.20756917205554,1.2615286759249444,0.01060108131029365,0.0636064878617619,2.1414184246793173,0.816283260892611,0.9434962366161348
E02001952,Turves Green,0.44921661005806945,0.9203462254848253,0.7121726744823053,1.314780322121179,1.6106058945984443,6.5958146159745805,3.4403418428837513,1.4791278623863262,0.7340856798509916,0.42730360468938317,3.8566889448887913,0.7888681932727073,71.62265804755123,1.24904130601512,0.010956502684343158,0.010956502684343158,2.717212665717103,0.5259121288484716,1.5339103758080421
E02001953,King's Norton,0.12660008440005627,0.4220002813335209,2.321001547334365,1.3222675481783654,0.9565339710226474,2.306934871289914,2.0115346743564495,0.49233366155577435,1.2660008440005626,0.4360669573779716,2.081868054578703,0.9565339710226474,78.94218596145731,1.7302011534674357,0.04220002813335209,0.14066676044450696,2.4898016598677732,0.3376002250668167,1.61766774511183
E02001954,Hawkesley,0.6992084432717678,0.5145118733509235,1.0686015831134565,2.546174142480211,1.121372031662269,5.092348284960422,3.496042216358839,1.4116094986807388,1.2532981530343008,0.7783641160949868,4.511873350923483,1.04221635883905,69.78891820580475,1.2137203166226913,0.11873350923482849,0.09234828496042216,2.295514511873351,1.0026385224274406,1.9525065963060686
E02001955,Longbridge South,0.38290513833992096,0.7905138339920948,1.148715415019763,0.9140316205533597,0.741106719367589,3.7796442687747036,2.6926877470355732,0.8893280632411067,1.0128458498023716,0.5558300395256917,3.347332015810277,0.7287549407114624,78.23616600790514,1.3216403162055337,0.0,0.0,2.272727272727273,0.2717391304347826,0.9140316205533597
E02001956,Rubery East,0.233849751534639,0.9792458345513008,1.3446360713241743,0.48231511254019294,0.5992399883075125,2.133878982753581,2.484653610055539,0.5846243788365975,0.9500146156094709,0.17538731365097926,3.317743349897691,0.8769365682548962,82.15434083601286,1.3446360713241743,0.0,0.0,1.636948260742473,0.3215434083601286,0.38000584624378836
E02001957,West Heath,0.05072923272035511,0.10145846544071022,0.735573874445149,0.6594800253646164,1.1540900443880786,2.0672162333544706,1.6613823715916296,0.9892200380469245,0.6721623335447051,0.2536461636017755,2.029169308814204,0.6975269499048827,84.71781864299302,1.3316423589093216,0.0,0.0,1.4457831325301205,0.3677869372225745,1.0653138871274572
E02001958,Longford,0.47047170979324004,0.3961867029837811,11.427510214188436,1.956171845982419,2.637117741735793,6.537080599232389,1.015228426395939,0.7676117370310759,1.002847591927696,0.5076142131979695,1.8942676736412034,0.38380586851553794,57.40992942924353,0.7676117370310759,0.29714002723783584,0.2723783583013495,8.146589080103999,0.5076142131979695,3.6028228302587593
E02001959,Keresley,0.27424942263279445,0.4618937644341801,12.370092378752886,2.0640877598152425,4.272517321016166,4.214780600461894,0.6784064665127021,0.663972286374134,1.0681293302540416,0.3608545034642032,1.226905311778291,0.3031177829099307,59.48325635103926,2.4105080831408774,0.057736720554272515,0.10103926096997691,5.759237875288684,0.331986143187067,3.897228637413395
E02001961,Bell Green,0.7907618928078323,0.22593196937366639,7.782101167315175,2.924563825781348,3.3513242123760514,7.6942387347809715,1.493661353081461,1.066900966486758,0.9664867578762395,0.5522781473578512,2.3220785741182377,0.9413832057236099,55.46629848123509,1.6066273377682943,0.07531065645788879,0.5146228191289067,8.597966612275638,0.4895192669762771,3.1379440190786996
E02001962,Little Heath,1.2066574202496532,0.24965325936199723,15.104022191400832,8.640776699029127,5.631067961165049,8.904299583911234,1.2066574202496532,1.4008321775312067,0.7766990291262136,0.4854368932038835,1.7475728155339805,0.8876560332871013,34.9375866851595,0.5963938973647711,0.1664355062413315,0.4160887656033287,11.386962552011095,0.9153952843273232,5.339805825242719
E02001963,Whitmore Park,0.0651253663301856,0.5861282969716705,7.603386519049169,0.9768804949527841,2.067730380983393,1.5955714750895473,0.7489417127971345,0.34190817323347444,0.6186909801367633,0.30934549006838163,1.4490394008466299,0.30934549006838163,73.7544773689352,2.1328557473135787,0.0651253663301856,0.0,4.086616737219146,0.21165744057310323,3.07717355910127
E02001964,Henley Green,0.5995639534883721,0.28161337209302323,2.3074127906976742,1.0265261627906976,1.9440406976744187,16.660610465116278,1.517078488372093,2.4255087209302326,0.9356831395348837,0.8902616279069767,2.5436046511627906,0.8539244186046512,51.01744186046512,1.035610465116279,0.1816860465116279,0.15443313953488372,13.635537790697674,0.49055232558139533,1.4989098837209303
E02001965,Walsgrave,0.17320301868118274,0.6680687863417049,10.144748237040703,1.410367437832488,2.35061239638748,4.750711369541012,1.4969689471730794,0.7670419398738092,0.7546702956822962,0.39589261412841764,1.3979957936409748,0.47012247927749595,66.10169491525424,1.8186316961524187,0.07422986514907831,0.049486576766052205,4.948657676605221,0.29691946059631324,1.9299764938760362
E02001966,Foleshill West,3.38591242861028,0.40794125645906987,11.966276856132717,27.50883872722328,6.323089475115584,7.99564862659777,0.8430785966820777,1.0470492249116128,0.8158825129181397,0.25836279575741095,0.8702746804460157,0.8022844710361708,14.577100897470764,0.4351373402230079,0.27196083763937995,0.7478923035082948,13.598041881968996,1.8493336959477835,6.295893391351646
E02001967,Brownshill Green,0.31586503948312994,0.7035175879396985,2.8427853553481692,0.416367552045944,0.5312275664034458,0.7896625987078248,0.25843503230437903,0.2871500358937545,0.6891600861450108,0.31586503948312994,0.8901651112706389,0.2871500358937545,85.74300071787509,2.4694903086862885,0.0,0.0,2.641780330222541,0.12921751615218952,0.6891600861450108
E02001968,Radford East,0.5904522613065326,0.4271356783919598,13.768844221105528,7.675879396984925,6.608040201005025,6.206030150753769,1.1683417085427135,0.7914572864321608,1.0050251256281406,0.7537688442211056,1.1180904522613064,0.4899497487437186,41.31909547738694,1.2185929648241205,0.16331658291457288,0.7160804020100503,10.21356783919598,0.314070351758794,5.452261306532663
E02001969,Radford West,0.29515938606847697,0.6345926800472255,6.995277449822904,4.4421487603305785,4.530696576151121,3.438606847697757,1.1216056670602126,0.6198347107438017,1.1068476977567887,0.33943329397874855,1.6233766233766234,0.6936245572609209,56.611570247933884,2.5678866587957496,0.0590318772136954,2.9811097992916173,8.766233766233766,0.3541912632821724,2.8187721369539553
E02001970,Wyken Croft,0.277826011460323,0.4861955200555652,9.914915783990276,2.066330960236152,2.2573363431151243,6.146900503559646,0.8682062858135093,0.6424726515019968,0.5903802743531863,0.3646466400416739,1.0071192915436709,0.5209237714881055,64.14308039590206,2.2920645945476643,0.0,0.052092377148810556,5.62597673207154,0.5209237714881055,2.222608091682584
E02001971,Coundon,0.33402258628916814,0.11134086209638938,4.087800222681724,1.8609829807539366,1.0497852711945284,2.592651503101638,0.6680451725783363,0.3181167488468268,0.843009384444091,0.33402258628916814,1.2724669953873071,0.2863050739621441,72.3397486877684,4.119611897566407,0.01590583744234134,0.0795291872117067,4.485446158740258,4.230952759662796,0.9702560839828217
E02001972,Foleshill East,5.025597269624574,0.46075085324232085,16.21160409556314,17.66211604095563,5.511945392491468,10.904436860068259,1.1262798634812288,1.5784982935153584,0.9215017064846417,0.6996587030716723,1.2627986348122866,1.0494880546075085,17.20136518771331,0.5716723549488054,0.3242320819112628,0.6569965870307167,11.595563139931741,1.6040955631399318,5.631399317406143
E02001973,Stoke Heath (CV2),2.1092102179517225,0.2929458636044059,10.61635809702367,3.7614248886805717,3.17553316147176,7.475978439184439,1.0546051089758612,1.1483477853292712,1.2069369580501523,0.5624560581204593,1.488164987110382,0.6210452308413406,46.847902507616595,1.441293648933677,0.10546051089758612,0.3749707054136396,12.526365127724397,0.6913522381063979,4.499648464963674
E02001974,Sherbourne,0.549566687803847,0.7398013105051786,4.19573028957937,2.578735996618051,1.543014161910801,1.595857112661171,0.5812724582540689,0.19023462270133165,0.9300359332065102,0.24307757345170156,1.2259564574085817,0.6235468188543648,73.8004650179666,4.40710209258085,0.01056859015007398,0.12682308180088775,4.660748256182625,0.3593320651025153,1.638131473261467
E02001975,Ravensdale,0.9296844310593165,0.32735367290821005,11.22168390729344,2.5664527956003664,3.011653790755532,3.3521016105800707,0.7856488149797041,0.9296844310593165,0.9689668718083017,0.22260049757758282,1.1260966348042425,0.6023307581511065,64.51486185675003,1.8200864213696477,0.0,0.1440356160796124,4.648422155296583,0.2880712321592248,2.5402645017677097
E02001976,Clifford Park,0.3733831177490332,0.44005867448993197,12.041605547406322,1.2935058007734364,3.3737831710894786,6.867582344312575,1.0134684624616614,1.0134684624616614,1.1334844645952793,0.8001066808907854,1.4135218029070542,0.44005867448993197,60.72809707961061,0.933457794372583,0.0,0.17335644752633683,5.600746766235498,0.25336711561541536,2.1069475930124018
E02001977,Naul's Mill,0.8885782747603834,1.2879392971246006,7.468051118210862,6.37979233226837,4.402955271565495,13.188897763578275,2.2563897763578273,0.8686102236421726,0.9784345047923323,0.48921725239616615,1.6273961661341854,0.7587859424920128,39.23722044728434,1.4077476038338659,0.14976038338658146,0.3793929712460064,13.728035143769969,0.6689297124600639,3.8338658146964857
E02001978,Barras Heath,1.806432662652372,0.22029666617711852,13.673079747393157,5.140255544132765,3.5247466588338963,7.622264649728301,0.7783815538258188,0.5140255544132766,0.7930679982376266,0.30841533264796595,1.204288441768248,0.5580848876487002,50.286385666030256,1.6889411073579086,0.11749155529446322,0.22029666617711852,7.798501982669996,0.44059333235423703,3.3044499926567776
E02001979,Allesley Park,0.10704727921498662,0.3033006244424621,3.6574487065120427,0.8385370205173952,0.6244424620874219,0.9099018733273863,0.32114183764495985,0.08920606601248884,0.927743086529884,0.12488849241748438,0.7314897413024085,0.5530776092774309,84.92417484388939,1.873327386262266,0.0,0.0,2.943800178412132,0.26761819803746656,0.8028545941123997
E02001980,Allesley Green,0.17262213015708613,0.7767995857068877,3.1417227688589677,0.6904885206283445,0.5006041774555497,0.6732263076126359,0.34524426031417227,0.18988434317279476,0.8113240117383048,0.18988434317279476,0.7077507336440532,0.2761954082513378,86.44916278266874,1.8643190056965302,0.0,0.0,2.589331952356292,0.08631106507854307,0.535128603486967
E02001981,Hillfields,9.747749088473844,1.0417441773941514,11.161544757794479,6.600193466775802,5.000372051491927,17.657563806830865,1.823052310439765,1.562616266091227,1.116154475779448,0.706897834660317,2.403452637845078,1.0640672669097404,20.462832055956543,0.7217798943373763,0.08929235806235583,0.9226876999776769,10.484411042488281,1.7412009822159387,5.692387826475184
E02001982,Eastern Green,0.16652789342214822,0.7493755203996669,2.6763411442845246,0.9753776614725824,0.7612703699298203,1.79612227905317,0.511478529796598,0.10705364577138099,0.618532175567979,0.14273819436184132,1.1419055548947306,0.5471630783870584,84.37016771737838,1.2489592006661117,0.0,0.011894849530153443,2.9975020815986677,0.17842274295230165,0.9991673605328892
E02001983,Whoberley,0.0657116572479958,0.7885398869759496,2.9964515705086083,2.9701669076094097,1.1433828361151268,2.2079116835326587,0.8936785385727428,0.24970429754238402,0.8411092127743461,0.36798528058877644,1.3010908135103167,0.5256932579839664,75.85753712708635,3.2461558680509923,0.07885398869759495,0.10513865159679327,5.020370613746879,0.4731239321855697,0.8673938756735445
E02001984,Copsewood,0.5925076452599388,0.6785168195718655,10.77025993883792,1.7106269113149848,3.4403669724770642,7.626146788990826,1.0129969418960245,0.7358562691131498,0.8792048929663608,0.7836391437308868,1.5386085626911314,0.6116207951070336,55.99197247706422,2.092889908256881,0.0,0.31536697247706424,7.530581039755352,0.4873853211009174,3.201452599388379
E02001985,Lower Stoke,1.0603765418740532,2.196494265310539,9.153862800259684,2.6076606795066004,3.5381951958450553,13.481930318112962,1.709586669552045,1.1902185674096515,1.0928370482579528,0.7574118156243237,1.32006059294525,0.8006924908028565,34.83012334992426,1.428262280891582,0.2813243886604631,0.7574118156243237,18.199523912573035,1.103657217052586,4.4903700497727765
E02001986,Tile Hill,0.17543859649122806,0.6641604010025063,2.017543859649123,0.7894736842105263,0.9899749373433584,5.06265664160401,0.9649122807017544,0.9398496240601504,0.48872180451127817,0.5513784461152882,1.2155388471177946,0.6265664160401002,75.16290726817043,1.4411027568922306,0.08771929824561403,0.07518796992481203,7.117794486215539,0.3007518796992481,1.3283208020050126
E02001987,Chapelfields,0.5413635594654035,1.6410082896295044,3.874132972424294,3.6034511926915918,2.9098291321265437,5.396717983420741,0.9473862290644561,0.35526983589917105,1.0996447301641008,0.4060226695990526,1.0488918964642193,0.9981390627643377,59.143968871595334,3.1805109118592454,0.050752833699881574,0.27068177973270174,11.673151750972762,1.0319742852309255,1.8271020131957367
E02001988,Central Coventry,0.9954264191552327,9.936328580396378,8.510447493498342,2.5468567841449197,4.035512510088782,15.675724150300422,2.215047977759842,1.7666576988610887,0.771231279705856,0.7981346964397812,1.2016859474486594,1.2016859474486594,31.826741996233523,1.2285893641825845,0.053806833467850416,0.5021971123666039,10.976594027441486,2.5199533674109946,3.237377813649
E02001989,Earl Place,0.17485296455253538,2.638690192338261,2.7499602606898743,1.2875536480686696,1.6531553012239708,4.371324113813384,0.683516134159911,0.7788904784612939,0.619933237958989,0.49276744555714513,1.0173263392147511,0.5563503417580671,72.18248291209665,1.4941980607216658,0.06358289620092195,0.22254013670322684,6.739786997297727,0.4450802734064537,1.8280082657765062
E02001990,Binley,0.14151970389723492,0.6531678641410843,12.845634661441323,0.6967123884171565,1.3607663836272588,1.8615284128020901,0.6205094709340301,0.3374700631395602,0.5769649466579577,0.20683649031134335,0.6858262573481385,0.21772262138036141,71.72871761376007,1.4151970389723492,0.06531678641410843,0.010886131069018071,3.940779446984542,0.21772262138036141,2.4167210973220117
E02001991,Earlsdon,0.2949504483246815,0.9556394525719679,6.913638508730533,0.8376592732420953,1.1208117036337895,1.3921661160924965,0.2831524303916942,0.25955639452571966,1.2977819726285984,0.17697026899480886,0.8022652194431336,0.6370929683813119,74.57527135441246,2.9377064653138274,0.011798017932987258,0.05899008966493629,5.922605002359604,0.09438414346389806,1.4275601698914582
E02001992,Ernesford Grange,0.9272137227630969,0.5192396847473343,4.1631896152063055,0.9735744089012517,1.3908205841446453,14.955957348168752,0.9364858599907279,2.0120537783959205,0.6954102920723226,0.8530366249420491,1.4371812702828002,0.6768660176170608,59.360222531293466,1.1590171534538711,0.0,0.07417709782104775,8.150208623087622,0.296708391284191,1.4186369958275382
E02001993,Canley,0.6455203116304953,4.407345575959933,8.336115748469672,1.5025041736227045,2.760155815247635,5.898720089037284,1.0461880912632164,0.9015025041736227,0.9460211463550362,0.27824151363383415,0.9015025041736227,0.8569838619922092,59.87757373400111,1.2242626599888704,0.07790762381747357,0.12242626599888703,7.045075125208681,0.6343906510851419,2.5375626043405677
E02001994,Cheylesmore Daventry Road,2.763819095477387,1.4949748743718594,17.91457286432161,2.135678391959799,3.190954773869347,3.329145728643216,0.8291457286432161,0.8793969849246231,1.4572864321608041,0.23869346733668342,1.0175879396984924,0.8040201005025126,53.12814070351759,1.092964824120603,0.07537688442211055,0.03768844221105527,6.6457286432160805,0.35175879396984927,2.613065326633166
E02001995,Whitley,0.7532357309569276,1.5382983237852748,13.590070019096117,1.103331211542542,2.864417568427753,7.967324421812009,0.7214088690855082,0.7638446849140674,0.6471461913855294,0.8805431784426055,0.8593252705283259,0.6471461913855294,48.02673456397199,1.4534266921281562,0.042435815828559306,0.33948652662847445,13.770422236367494,0.7850625928283471,3.2463399108847866
E02001996,Willenhall,0.2210950708804786,0.15606710885680844,3.57653791130186,0.8973858759266484,1.3005592404734037,13.486799323709194,0.7673299518793081,2.432045779685265,0.6892963974509039,0.7933411366887761,1.7557549746390948,0.6762908050461699,59.46156847444401,1.105475354402393,0.13005592404734034,0.20808947847574458,10.57354662504877,0.5332292885940955,1.2355312784497334
E02001997,Stivichall,1.468687580777817,1.1749500646222535,19.856656092116086,1.6096815885324873,2.9961226647867467,1.2689460697920338,0.43473152391023384,0.38773352132534367,0.9164610504053577,0.14099400775467041,0.6109740336035718,0.27023851486311834,60.321936317706495,1.6684290917636,0.09399600516978028,0.3054870168017859,2.4438961344142873,0.3054870168017859,3.7245917048525436
E02001998,Finham Park,1.6901408450704225,1.64043082021541,15.07870753935377,2.3860811930405967,2.5020712510356256,1.8392709196354597,0.463960231980116,0.9444904722452361,0.7290803645401823,0.13256006628003314,0.8450704225352113,0.43082021541010773,62.18724109362055,1.15990057995029,0.0,0.09942004971002485,3.148301574150787,0.4142502071251036,4.308202154101077
E02001999,Cannon Park,0.5820977484898407,7.545304777594728,15.870400878638112,2.8885227896760024,3.7122460186710597,3.898956617243273,0.5491488193300385,0.3844041735310269,1.812191103789127,0.29654036243822074,0.7578253706754531,1.131246567819879,46.27127951674904,1.372872048325096,0.054914881933003847,0.12081274025260846,9.247666117517847,0.7358594179022515,2.767710049423394
E02002000,Coseley Wallbrook,0.0,0.1520112254443405,3.8353601496725913,0.970533208606174,0.43264733395696914,1.8124415341440598,2.0463049579045838,0.5612722170252572,0.5963517305893359,0.1403180542563143,2.2684752104770816,0.7015902712815716,82.64733395696913,0.11693171188026193,0.24555659494855003,0.04677268475210477,2.2567820392890554,0.1520112254443405,1.0173058933582788
E02002001,Sedgley East,0.11543535620052771,0.09894459102902374,1.7150395778364116,0.29683377308707126,0.6926121372031663,0.5441952506596306,0.4782321899736148,0.08245382585751979,0.5441952506596306,0.09894459102902374,1.2532981530343008,0.23087071240105542,92.01846965699208,0.46174142480211083,0.11543535620052771,0.0,0.9069920844327177,0.13192612137203166,0.21437994722955145
E02002002,Sedgley West,0.0,0.043478260869565216,1.7826086956521738,0.21739130434782608,0.6231884057971014,0.14492753623188406,0.4492753623188406,0.2463768115942029,0.43478260869565216,0.043478260869565216,0.9130434782608695,0.21739130434782608,93.17391304347827,0.2898550724637681,0.057971014492753624,0.0,0.8695652173913043,0.08695652173913043,0.4057971014492754
E02002003,West Coseley,0.0,0.2659869223096531,2.848276626399202,0.6760500942037017,0.365732018175773,0.7203812479219772,0.8201263437880971,0.2216557685913776,0.9974509586611991,0.0554139421478444,1.4518452842735232,0.18840740330267094,88.66230743655103,0.18840740330267094,0.17732461487310208,0.04433115371827552,1.5515903801396431,0.07757951900698215,0.6871328826332705
E02002004,Woodsetton,0.1715492214304566,0.22433359725521246,1.7946687780416997,1.1480601741884402,0.40907891264185803,1.7946687780416997,1.4779625230931643,0.26392187912377935,0.40907891264185803,0.10556875164951174,2.164159408814991,0.39588281868566905,86.8302982317234,0.3299023489047242,0.14515703351807865,0.09237265769332277,1.7550804961731328,0.0791765637371338,0.40907891264185803
E02002005,Dudley Priory,0.40448983719284054,0.3337041156840934,3.084235008595409,3.5392860754373547,1.6280715947011832,4.307816766103752,2.6797451714025686,1.0415613307715643,0.9707756092628173,0.26291839417534635,3.2864799271918295,0.5258367883506927,71.97896652846597,0.10112245929821014,0.0808979674385681,0.0707857215087471,4.732531095156234,0.10112245929821014,0.8696531499646072
E02002006,Upper Gornal,0.15441630636195183,0.339715873996294,0.9573810994441013,0.6022235948116121,0.6485484867201976,0.8184064237183447,0.8184064237183447,0.3242742433600988,0.6639901173563928,0.24706609017912293,2.316244595429277,0.6331068560840025,89.4070413835701,0.30883261272390367,0.07720815318097592,0.030883261272390366,1.2198888202594194,0.13897467572575664,0.2933909820877085
E02002007,Lower Gornal,0.0,0.044326241134751775,0.4432624113475177,0.1773049645390071,0.16622340425531915,0.37677304964539005,0.3324468085106383,0.16622340425531915,0.387854609929078,0.03324468085106383,1.2189716312056738,0.16622340425531915,94.80274822695036,0.37677304964539005,0.16622340425531915,0.011081560283687944,0.8976063829787234,0.044326241134751775,0.18838652482269502
E02002008,Dibdale,0.07348438456827924,0.40416411512553585,7.71586037966932,2.4127372933251685,0.7960808328230251,1.249234537660747,1.7881200244947948,0.3306797305572566,0.6491120636864667,0.08573178199632578,1.5309246785058175,0.47764849969381507,80.17146356399265,0.28169014084507044,0.03674219228413962,0.0,1.1022657685241886,0.1224739742804654,0.771586037966932
E02002009,Kates Hill,0.463743676222597,0.2810567734682406,5.087127599775155,24.086565486228217,1.9814502529510962,3.0073074761101743,4.4266441821247895,1.2507026419336706,1.0118043844856661,0.463743676222597,2.9792017987633503,0.7588532883642496,43.91512085441259,0.1967397414277684,0.2951096121416526,0.1405283867341203,5.354131534569983,1.2928611579539067,3.0073074761101743
E02002010,New Dock,0.37010506208213945,0.2387774594078319,9.324259789875835,15.257879656160458,2.4594078319006685,5.384431709646609,4.465138490926456,1.4207258834766,0.9551098376313276,0.44173829990448904,2.4235912129894936,0.5372492836676218,48.20916905444126,0.16714422158548234,0.07163323782234957,0.16714422158548234,5.3724928366762175,0.620821394460363,2.1131805157593124
E02002011,Kingswinford North,0.0,0.2709109380291229,1.3037588892651542,0.5926176769387064,0.4571622079241449,0.13545546901456146,0.3047748052827633,0.06772773450728073,0.6095496105655266,0.033863867253640365,0.5756857433118863,0.15238740264138165,92.82086014222824,0.22011513714866238,0.9651202167287504,0.0,0.9481882831019303,0.23704707077548257,0.3047748052827633
E02002012,Russell's Hall,0.22600214107291544,0.3568454859046033,3.55656000951588,6.7443796835970025,1.665278934221482,2.093493517307006,1.391697395027953,0.4995836802664446,0.8088497680504342,0.22600214107291544,2.474128702271916,0.23789699060306888,74.68776019983348,0.13084334483168789,0.22600214107291544,0.11894849530153444,3.140240275960509,0.3092660877839895,1.1062210063042703
E02002013,Wall Heath,0.04564820450395618,0.2738892270237371,0.9586122945830797,0.2282410225197809,0.13694461351186854,0.12172854534388314,0.2282410225197809,0.04564820450395618,1.2933657942787584,0.030432136335970784,0.5629945222154595,0.15216068167985392,94.37005477784541,0.33475349969567864,0.0,0.015216068167985392,0.8825319537431527,0.07608034083992696,0.24345709068776628
E02002014,Dixons Green,0.38489295164782295,0.31272552321385616,4.161655039692086,19.425066153476063,2.4897762809718547,3.3317296127014675,3.8729853259562184,0.6615347606446957,0.9141207601635795,0.2886697137358672,2.3093577098869376,0.6134231416887178,53.29564589848449,0.22853019004089486,0.16839066634592254,0.16839066634592254,4.498436372383931,0.6134231416887178,2.26124609093096
E02002015,Pensett,0.0424868998725393,0.3540574989378275,2.4642401926072792,0.9347117971958646,0.6231411981305764,0.424868998725393,0.2974082991077751,0.0708114997875655,0.566491998300524,0.0566491998300524,1.0904970967285088,0.283245999150262,90.52542132842373,0.1841098994476703,0.4390312986829061,0.0,1.2179577963461266,0.1274606996176179,0.2974082991077751
E02002016,Brockmoor,0.0,0.2732919254658385,1.950310559006211,3.0062111801242235,0.9813664596273292,1.2919254658385093,0.906832298136646,0.40993788819875776,0.5341614906832298,0.14906832298136646,2.260869565217391,0.4968944099378882,82.59627329192547,0.2360248447204969,0.5590062111801242,0.2732919254658385,3.229813664596273,0.32298136645962733,0.5217391304347826
E02002017,Netherton,0.4460413827282865,0.35931111386445297,2.2425969520505515,10.37046214843266,1.5115846859125264,1.7098253004584314,1.6974352620493123,0.5947218436377153,0.8673026886383348,0.2354107297732623,2.193036798414075,0.45843142113740554,72.35782430925536,0.26019080659150046,0.08673026886383348,0.06195019204559534,2.8249287572791477,0.6318919588650724,1.090323380002478
E02002018,Kingswinford South,0.0,0.07834359261331841,1.0632344711807498,0.2909904868494684,0.3245663122551763,0.12311135982092893,0.19026301063234471,0.0,0.5036373810856184,0.07834359261331841,0.7162842753217683,0.23503077783995524,95.05316172355904,0.3469501958589815,0.03357582540570789,0.0,0.5931729155008394,0.1454952434247342,0.2238388360380526
E02002019,Dudley Wood,0.23088763468445356,0.19240636223704463,1.0903027193432528,5.695228322216521,0.6413545407901488,0.8337609030271934,1.07747562852745,0.525910723447922,0.7824525397639815,0.1539250897896357,2.783478707029246,0.2821959979476655,82.58081067213956,0.20523345305284763,0.07696254489481785,0.0,1.4238070805541303,0.513083632632119,0.9107234479220113
E02002020,Wordsley,0.0,0.24246257642842084,0.8644317942230656,0.3478810879190386,0.3162555344718533,0.052709255745308874,0.2951718321737297,0.0421674045962471,0.41113219481340924,0.052709255745308874,0.8960573476702509,0.2635462787265444,94.80286738351255,0.4849251528568417,0.031625553447185324,0.02108370229812355,0.6746784735399536,0.09487666034155598,0.10541851149061775
E02002021,Brierley Hill,0.07785130400934216,0.7136369534189698,1.3494226028285974,10.133644738549371,0.9471908654469963,1.8165304268846503,0.8174386920980926,0.42818217205138187,0.9731413001167769,0.1946282600233554,1.9203321655637733,0.5190086933956144,73.37485402880499,0.2595043466978072,0.24652912936291682,0.16867782535357467,4.178019981834696,0.8174386920980926,1.0639678214610095
E02002022,Hawbush,0.03377997973201216,0.28149983110010135,0.8895394662763202,1.6439590136245918,0.5404796757121946,0.5629996622002027,0.36031978380812973,0.056299966220020266,0.6530796081522351,0.06755995946402432,1.655219006868596,0.23645985812408513,90.86814547911271,0.37157977705213374,0.06755995946402432,0.13511991892804864,1.2498592500844499,0.056299966220020266,0.2702398378560973
E02002023,Ashwood,0.07459903021260723,0.0,0.44759418127564343,0.1678478179783663,0.13054830287206268,0.07459903021260723,0.2424468481909735,0.26109660574412535,0.5221932114882507,0.09324878776575904,0.7646400596792242,0.3170458784035807,95.28161133905259,0.26109660574412535,0.0,0.0,1.1003356956359567,0.01864975755315181,0.2424468481909735
E02002024,Quarry Bank,0.09153318077803203,0.35469107551487417,0.7780320366132724,2.8947368421052633,0.3890160183066362,0.8237986270022883,0.6064073226544623,0.16018306636155608,0.6750572082379863,0.011441647597254004,1.6475972540045767,0.37757437070938216,88.27231121281464,0.2631578947368421,0.2745995423340961,0.0,1.5102974828375286,0.2974828375286041,0.5720823798627003
E02002025,Shell Corner,2.4946623216091695,0.5955725362400269,5.011799078548152,7.06820991122598,1.6855826497359254,0.9776379368468368,1.7642431733902686,0.5281492302505899,0.8540285425328689,0.3034048769524666,2.539611192268794,0.8315541072030566,69.14260029216766,0.40453983593662207,0.044948870659624676,0.0,2.3036296213057645,1.9440386560287672,1.5057871670974268
E02002026,Amblecote East,0.014742739200943536,0.47176765443019314,0.7518796992481203,2.6536930561698364,0.26536930561698363,0.14742739200943536,0.41279669762641896,0.05897095680377414,0.4275394368273625,0.07371369600471768,0.796107916850951,0.23588382721509657,91.87675070028011,0.2948547840188707,0.16217013121037888,0.10319917440660474,0.8698216128556686,0.0,0.38331121922453193
E02002027,Withymoor Village,0.01858736059479554,0.18587360594795538,0.9107806691449815,1.0408921933085502,0.35315985130111527,0.18587360594795538,0.241635687732342,0.0,0.20446096654275092,0.055762081784386616,0.4646840148698885,0.22304832713754646,95.07434944237919,0.241635687732342,0.01858736059479554,0.0,0.5018587360594795,0.16728624535315986,0.11152416356877323
E02002028,Wollaston,0.12214273250741581,0.05234688536032106,0.7154074332577212,0.24428546501483162,0.279183388588379,0.05234688536032106,0.22683650322805793,0.034897923573547374,0.34897923573547374,0.10469377072064212,0.6456115861106264,0.279183388588379,95.34112720293143,0.3838771593090211,0.034897923573547374,0.0,0.9073460129122317,0.034897923573547374,0.19193857965451055
E02002029,Quinton West,0.25694555965954713,0.5620684117552593,6.600289063754617,2.64975108398908,0.94748675124458,0.529950216797816,3.8702424923719287,0.3854183394893207,0.8671912638509716,0.24088646218082543,1.9913280873614903,0.5138911193190943,76.31283121888549,0.8190139714148065,0.03211819495744339,0.016059097478721696,1.4132005781275092,0.6905411915850329,1.3007868957764575
E02002030,Amblecote West,0.029347028613352897,0.22010271460014674,0.880410858400587,5.37050623624358,0.4842259721203228,0.4402054292002935,0.36683785766691124,0.1467351430667645,0.5429200293470287,0.11738811445341159,1.2325752017608218,0.4402054292002935,86.9112252384446,0.3374908290535583,0.0880410858400587,0.0880410858400587,1.5553925165077036,0.11738811445341159,0.6309611151870873
E02002031,Cradley West,0.2872646026172997,0.2234280242578998,1.4842004468560486,23.555697414618578,0.6064474944142993,0.3670603255665496,0.7819980849026492,0.031918289179699966,0.7660389403127993,0.19150973507819982,0.973507819980849,0.38301947015639964,65.92722630067028,0.33514203638684964,0.15959144589849983,0.5266517714650495,1.835301627832748,0.33514203638684964,1.2288541334184488
E02002032,Cradley East,0.07830087109719096,0.43065479103455023,1.21366350200646,4.561025741411373,1.047274150924929,0.8906724087305471,0.7047078398747186,0.37192913771165703,0.822159146520505,0.15660174219438192,2.035822648526965,0.7927963198590584,79.52432220808457,0.21532739551727512,0.0,0.00978760888714887,1.7519819907996477,4.463149652539885,0.9298228442791426
E02002033,Hawne,0.20483932915119704,0.7809499423889387,1.3314556394827808,1.8691588785046729,0.5761106132377416,0.5889130713096915,0.7297401101011394,0.20483932915119704,0.7041351939572398,0.012802458071949815,1.38266547177058,0.3584688260145948,85.68685187556011,0.345666367942645,0.038407374215849444,0.012802458071949815,1.7027269235693252,3.0725899372679555,0.39687620023044423
E02002034,Stourbridge Town,0.08570029382957885,0.25710088148873655,0.8447600391772772,2.5954946131243877,0.31831537708129287,0.5386875612144956,0.6733594515181195,0.06121449559255632,0.5754162585700294,0.20812928501469147,0.6856023506366308,0.4285014691478942,88.7977473065622,0.5754162585700294,0.06121449559255632,0.012242899118511263,2.6689520078354554,0.3305582761998041,0.28158667972575907
E02002035,Halesowen East,0.24521824423737126,0.47408860552558446,6.032368808239333,1.6347882949158083,0.980872976949485,0.6702632009154814,1.0789602746444336,0.24521824423737126,0.6375674350171653,0.16347882949158085,1.553048880170018,0.3106097760340036,82.13176393657021,0.8500899133562204,0.032695765898316166,0.016347882949158083,0.9154814451528527,0.47408860552558446,1.553048880170018
E02002036,Lye,0.0,0.3752626838787151,0.8856199339537676,19.58871209846893,1.7262083458420894,0.9906934854398078,0.5553887721404983,0.24016811768237767,0.945661963374362,0.13509456619633745,1.3059141398979286,0.3752626838787151,67.24707295106575,1.0057039927949565,0.22515761032722906,0.12008405884118883,2.8219753827679375,0.8856199339537676,0.570399279495647
E02002037,Norton North,0.05065856129685917,0.06754474839581223,1.4184397163120568,0.28706518068220194,0.08443093549476528,0.18574805808848363,0.28706518068220194,0.033772374197906116,0.5741303613644039,0.2364066193853428,1.2833502195204323,0.43904086457277947,92.92468760553867,0.7936507936507936,0.05065856129685917,0.0,0.9456264775413712,0.033772374197906116,0.303951367781155
E02002038,Halesowen Town,0.21852237252861603,0.6555671175858481,2.0603537981269513,1.0405827263267429,1.4255983350676378,1.1342351716961498,1.0197710718002082,0.2497398543184183,0.7804370447450573,0.19771071800208118,1.331945889698231,0.5931321540062435,83.08012486992716,0.46826222684703434,0.01040582726326743,0.01040582726326743,1.7273673257023934,3.2986472424557753,0.6971904266389178
E02002039,Oldswinford,0.0,0.6443298969072165,2.5128865979381443,4.445876288659794,0.8859536082474226,0.6604381443298969,0.2416237113402062,0.3865979381443299,0.8054123711340206,0.06443298969072164,0.9664948453608248,0.5798969072164949,84.60051546391753,0.4832474226804124,0.09664948453608248,0.09664948453608248,1.9007731958762886,0.12886597938144329,0.4993556701030928
E02002040,Norton South,0.0168321831341525,0.33664366268305,2.3396734556471976,0.94260225551254,0.3871402120855075,0.0841609156707625,0.3198114795488975,0.0504965494024575,0.5891264096953375,0.1178252819390675,0.437636761487965,0.2861471132805925,91.6007406160579,0.40397239521966,0.0168321831341525,0.0,1.27924591819559,0.20198619760983,0.5891264096953375
E02002041,Pedmore Fields,0.0637653435357883,0.22317870237525905,3.7302725968436157,5.627291567033318,0.8130081300813008,1.0202454965726129,0.4782400765184122,0.27100271002710025,0.7651841224294595,0.14347202295552366,1.530368244858919,0.1912960306073649,81.98629045113981,0.35070938944683566,0.04782400765184122,0.0,1.291248206599713,0.2391200382592061,1.2274828630639247
E02002042,Hayley Green,0.09967605282830799,0.124595066035385,2.0059805631696985,0.822327435833541,0.4859207575380015,0.2118116122601545,0.49838026414154,0.1868925990530775,0.6354348367804635,0.0622975330176925,0.946922501868926,0.423623224520309,91.11637179167705,0.4360827311238475,0.012459506603538499,0.024919013207076998,0.8098679292300025,0.5731373037627709,0.523299277348617
E02002043,Wood Green,8.141128111440969,0.17127197990408768,5.423612696962777,1.7583923270153003,0.7535967115779858,1.4272664992007307,1.2331582553094314,0.5480703356930806,0.7307604475907742,0.23978077186572277,1.7469741950216944,0.4681434117378397,72.75633706325645,0.2283626398721169,0.0,0.0,2.8773692623886733,0.4224708837634163,1.0733044073989495
E02002044,Yew Tree,4.185295578738201,0.5091902632886239,19.68455042225534,3.390461997019374,2.297565822155986,2.95578738201689,4.619970193740685,1.2295081967213115,0.8941877794336811,0.7699950322901142,2.483854942871336,0.8693492300049677,49.63984103328366,0.19870839542970692,0.0,0.012419274714356682,2.7570789865871834,0.24838549428713363,3.2538499751614505
E02002045,Woods,3.4178187403993854,0.5248335893497184,6.131592421915003,0.8320532514080902,0.8704557091653866,1.8305171530977982,1.651305683563748,0.8064516129032258,0.6144393241167435,0.16641065028161803,1.3952892985151049,0.6144393241167435,76.88172043010752,0.17921146953405018,0.06400409626216078,0.1152073732718894,2.4193548387096775,0.16641065028161803,1.318484383000512
E02002046,Friar Park,0.4374453193350831,0.17497812773403323,3.3595800524934383,1.3998250218722659,1.0498687664041995,1.7322834645669292,4.374453193350831,0.6124234470691163,0.6824146981627297,0.12248468941382328,3.114610673665792,0.6124234470691163,76.93788276465442,0.26246719160104987,0.0,0.0,4.041994750656168,0.1399825021872266,0.9448818897637795
E02002047,Wednesbury,10.896332583079571,0.14563749503508538,5.653382761816497,0.7943863365550112,0.8076261088309281,1.2180590493843506,1.3901760889712698,0.5031113464848405,0.5163511187607573,0.14563749503508538,1.628491989937773,0.4104329405534225,70.51502714153317,0.3177545346220045,0.052959089103667416,0.10591817820733483,3.28346352442738,0.6884681583476764,0.9267840593141798
E02002048,Great Barr,1.3620386643233744,0.21968365553602812,22.934973637961335,3.734622144112478,1.625659050966608,1.0398359695371997,3.807850029291154,0.424721734036321,1.0398359695371997,0.1611013473930873,1.1716461628588166,0.8055067369654364,54.657293497363796,1.1862917398945518,0.029291154071470416,0.0,1.8892794376098418,0.19039250146455772,3.719976567076743
E02002049,Princes End,0.3329105897273304,0.0,4.676601141407736,1.9181991122384274,0.7133798351299937,2.584020291693088,3.0120481927710845,0.8243500317057705,0.7767913760304376,0.15852885225110971,1.8072289156626506,0.523145212428662,77.72669625871909,0.523145212428662,0.34876347495244137,0.06341154090044387,3.0437539632213064,0.14267596702599875,0.8243500317057705
E02002051,Ocker Hill,0.6970335548711298,0.24315124007132435,5.2844869508834496,1.2319662830280433,0.9563948776138759,2.7719241368130976,2.1235208299562327,1.6696385151564272,0.5511428108283353,0.14589074404279462,2.1883611606419193,0.21073107472848113,76.44674987842438,0.22694115739990273,0.08105041335710812,0.016210082671421624,3.6958988490841302,0.35662181877127574,1.1022856216566705
E02002052,Stone Cross,1.416256157635468,0.07037297677691766,15.200562983814216,1.803307529908515,1.6625615763546797,3.122800844475721,5.5858550316678395,2.4894440534834623,0.8620689655172413,0.3430682617874736,2.8501055594651654,0.4662209711470795,55.47149894440535,0.2199155524278677,0.04398311048557354,0.2287121745249824,5.330752990851513,0.07916959887403237,2.7533427163969035
E02002053,Hamstead East,2.7522935779816513,0.3163555836760519,15.090161341347676,3.321733628598545,2.4675735526732048,4.761151534324581,7.829800695982284,1.676684593483075,1.4236001265422336,0.3163555836760519,2.4675735526732048,1.2970578930718126,47.94368870610566,1.755773489402088,0.015817779183802595,0.14236001265422335,2.92628914900348,0.30053780449224926,3.195191395128124
E02002054,Hamstead West,1.8897096718776842,0.4123002920460402,18.67376739391857,4.621199106682701,3.38429823054458,2.645593540628758,8.108572410238791,1.6148428105136574,1.0994674454561073,0.4810170073870469,2.1302181755712075,1.0994674454561073,45.19841951554716,0.584092080398557,0.0,0.10307507301151005,3.8824944167668787,0.2748668613640268,3.79659852259062
E02002055,Wednesbury South,1.483012762897717,0.29660255257954343,21.382347654143448,1.9593744382527414,3.8917850080891605,3.523278806399425,4.745640841272695,1.1234945173467554,0.5842171490203127,0.11684342980406255,2.2020492539996406,0.5932051051590869,47.13284199173108,0.17975912277548087,0.053927736832644256,0.07190364911019234,5.896099227035772,0.24267481574689914,4.520941937803343
E02002056,Tibbington,0.49580087018111907,0.21248608722047962,5.433572801780835,1.4368106850146716,1.0320752807851867,3.258120004047354,2.2563998785793786,1.1231407467368208,0.6779318020843873,0.19224931700900535,2.7926742891834464,0.323788323383588,74.28918344632197,0.242841242537691,0.080947080845897,0.0404735404229485,5.24132348477183,0.18213093190326823,0.6880501871901245
E02002057,Tipton,6.820302295204329,0.19593207688001493,10.132487404366486,7.986564657585371,1.949990669901101,2.855010263108789,2.4444859115506623,0.821048703116253,0.8023885053181564,0.26124276917335326,1.8193692853144243,0.4478447471543198,55.16887479007278,0.1866019779809666,0.08397089009143496,0.02799029669714499,5.1035640977794365,0.9143496921067363,1.977980966598246
E02002058,Great Bridge,4.525353773584905,0.2800707547169811,17.091686320754718,8.66745283018868,2.2258254716981134,4.024174528301887,3.618808962264151,1.1202830188679245,0.6559551886792453,0.17688679245283018,2.1742334905660377,0.4790683962264151,44.3248820754717,0.1474056603773585,0.08844339622641509,0.1179245283018868,6.331073113207547,0.25795990566037735,3.69251179245283
E02002059,West Bromwich North,3.6544005426488044,0.16109886382906563,24.13091402408004,4.035950483296592,5.011022553840936,2.1282007800576563,4.366627098524673,1.2548753603527216,0.8733254197049347,0.12718331354926235,1.9247074783788367,0.8902831948448363,37.146006443954555,0.22892996438867222,0.09326776326945904,0.14414108868916398,7.224012209598101,1.1107342716635578,5.494319145328133
E02002060,Greets Green West,9.438324493404053,0.2311981504147967,14.279885760913913,6.0383516931864545,4.48796409628723,3.359173126614987,3.9983680130558956,1.3735890112879097,0.9247926016591868,0.2311981504147967,2.8695770433836527,0.48959608323133413,38.705290357677136,0.13599891200870393,0.3263973888208894,0.10879912960696314,6.990344077247382,1.1695906432748537,4.84156126750986
E02002061,Greets Green East,19.70534069981584,0.24082731265051707,16.09293101005808,8.627284317892054,4.2640600651650375,3.357416064598385,3.7824054398640032,0.7083156254426972,0.6799830004249894,0.14166312508853945,1.5724606884827879,0.6091514378807197,26.64683382915427,0.21249468763280918,0.014166312508853945,0.16999575010624735,5.978183878736365,2.1816121263635075,5.014874628134296
E02002062,West Bromwich East,4.511446119486321,0.3685092127303183,23.99776661083194,7.403685092127303,5.9631490787269685,3.774427694025684,6.845337800111669,1.7085427135678393,1.1278615298715802,0.33500837520938026,2.6912339475153546,0.9826912339475153,26.286990508096036,0.32384142936906757,0.13400335008375208,0.20100502512562815,7.236180904522613,0.6141820212171971,5.494137353433836
E02002063,North Tividale,0.7066795740561471,0.20329138431752178,17.87996127783156,11.452081316553727,2.7008712487899325,3.930300096805421,5.856727976766699,1.452081316553727,0.8906098741529526,0.21297192642787996,2.458857696030978,0.8228460793804453,40.59051306873185,0.271055179090029,0.0484027105517909,0.1452081316553727,5.759922555663117,0.1452081316553727,4.4724104549854795
E02002064,Tividale,0.3201793004082286,0.3682061954694629,7.892419755062835,2.9376450812454973,1.400784439286,2.5454254382454176,3.3618826542864,1.2486992715920915,0.8484751460818059,0.20011206275514287,3.241815416633315,0.5923317057552229,68.04610581925878,0.28015688785720005,0.01600896502041143,0.06403586008164572,4.242375730409029,0.33618826542864005,2.0571520051228687
E02002065,Smethwick North,15.391672547635851,0.22582921665490474,27.31122088920254,15.095271700776287,6.047988708539167,5.095271700776288,4.0225829216654905,1.2632321806633733,0.839802399435427,0.374029640084686,1.2279463655610445,0.6986591390261115,10.042342978122795,0.12702893436838392,0.04234297812279464,0.11997177134791814,3.8461538461538463,0.43754410726887794,7.791107974594214
E02002066,Oldbury,0.6054001695120474,0.2905920813657828,19.033781329458773,23.404770553335755,4.262017193364814,2.93013682043831,4.722121322193971,1.2834483593655406,1.1139363119021672,0.2905920813657828,2.3489526577067443,0.7749122169754208,27.44884368567623,0.4964281389998789,0.0968640271219276,0.16951204746337328,5.194333454413367,0.242160067804819,5.291197481535295
E02002067,Rowley West,0.189873417721519,0.15822784810126583,4.050632911392405,2.0727848101265822,1.0126582278481013,2.1360759493670884,1.3132911392405062,1.0601265822784811,0.5537974683544303,0.20569620253164558,1.9620253164556962,0.6170886075949367,78.95569620253164,0.2848101265822785,0.0,0.0,3.2911392405063293,0.30063291139240506,1.8354430379746836
E02002069,Whiteheath,0.5383022774327122,0.5935127674258109,9.054520358868185,3.1055900621118013,1.7943409247757074,3.5610766045548656,3.1884057971014492,1.642512077294686,1.435472739820566,0.27605244996549344,2.898550724637681,0.8557625948930296,64.5272601794341,0.4278812974465148,0.027605244996549344,0.027605244996549344,3.1884057971014492,1.0213940648723256,1.8357487922705313
E02002070,Smethwick South,2.1188080495356036,0.34829721362229105,19.553018575851393,18.42105263157895,4.024767801857585,10.71013931888545,4.779411764705882,1.3254643962848298,1.4996130030959753,0.34829721362229105,2.515479876160991,0.8320433436532507,20.404411764705884,0.2612229102167183,0.6385448916408669,0.23219814241486067,5.185758513931889,0.5127708978328174,6.288699690402477
E02002071,Rowley East,0.3276735180220435,0.47661602621388144,3.1575811736669643,1.742627345844504,0.878760798331844,1.6234733392910337,1.9064641048555258,0.580875781948168,0.7745010425975574,0.16383675901102174,2.7256478999106344,0.5957700327673519,81.30771522192434,0.3127792672028597,0.05957700327673518,0.014894250819183795,2.04051236222818,0.2532022639261245,1.0574918081620495
E02002072,Langley Green,0.7508685419701894,0.48190070604056934,14.815644962456572,5.614703575030819,2.118121707945758,3.7991706825058835,4.1017594979267065,1.3448391796481005,1.1991482685195562,0.31379580858455675,2.689678359296201,0.6163846240053794,54.10736299450857,0.45948671971310096,0.0,0.1120699316373417,3.4629608875938587,0.5827636445141768,3.429339908102656
E02002073,Warley East,1.3555291319857312,0.2497027348394768,12.473246135552913,11.45065398335315,3.971462544589774,3.66230677764566,3.9833531510107014,1.3317479191438764,1.474435196195006,0.4161712247324614,3.638525564803805,0.9631391200951248,46.07609988109394,0.4875148632580262,0.04756242568370987,0.16646848989298454,3.638525564803805,0.5231866825208086,4.090368608799049
E02002074,Warley West,0.657974899476057,0.4264652126233703,12.123796758864383,5.166321432923114,2.1932496649201902,2.107956622395516,3.289874497380285,0.9869623492140855,1.011331789935421,0.23150968685268672,3.070549530888266,0.9016693066894115,60.75301571828926,0.8407457048860729,0.012184720360667723,0.04873888144267089,3.253320336298282,0.2680638479346899,2.6562690386255636
E02002075,Blackheath,1.110475100171723,0.28620492272467085,4.178591871780195,3.8580423583285635,1.0761305094447624,1.4997137950772754,2.49570692615913,0.6182026330852891,0.7784773898111047,0.27475672581568406,2.6559816828849456,0.4579278763594734,74.88265598168289,0.38923869490555235,0.08013737836290784,0.057240984544934176,3.594733829421866,0.5037206639954207,1.2020606754436176
E02002076,Bearwood,0.5998687787046584,0.749835973380823,7.123441747117818,3.92726591058206,2.2776267691442498,4.358421595276034,3.2524135345393197,1.1622457587402755,1.7152497891086325,0.6842253257100009,3.505483175555347,1.2466023057456181,53.72574749273596,2.4369669134876744,0.1405942450089043,0.3561720873558909,8.951166932233575,0.6186146780391789,3.168056987533977
E02002077,Old Hill,0.7534687126711385,0.3675457134981163,1.8193512818156758,9.923734264449141,1.2312781402186896,2.967931636497289,1.5528806395295416,0.41348892768538087,1.0750712119819903,0.18377285674905816,1.993935495727281,0.6523936414591565,71.75411191766976,0.31241385647339887,0.04594321418726454,0.009188642837452908,1.699898924928788,2.3706698520628504,0.8729210695580263
E02002078,Warley South,0.517503805175038,0.426179604261796,13.226788432267885,2.7245053272450535,2.1613394216133943,2.3592085235920854,2.922374429223744,0.593607305936073,1.552511415525114,0.182648401826484,2.7853881278538815,1.2937595129375952,58.84322678843227,1.5372907153729072,0.030441400304414,0.136986301369863,4.033485540334856,0.730593607305936,3.9421613394216135
E02002079,Brandhall,0.48482050098118434,0.4155604294124437,7.734041325176036,3.105159875331871,1.766131825002886,1.9969987302320213,3.809303936280734,1.004271037746739,1.0850744545769364,0.26549694101350574,3.1975066374235253,0.8311208588248874,66.37423525337643,1.061987764054023,0.06926007156874062,0.08080341683019739,3.5899803763130556,0.5887106083342952,2.5395359575204894
E02002080,Cradley Heath,0.582497968030344,0.270929287455974,1.4359252235166622,4.619344351124356,0.7179626117583311,1.0159848279599024,1.1920888648062855,0.3251151449471688,1.6797615822270386,0.2438363587103766,2.1809807640205907,0.7992413979951233,80.45245191005148,0.3251151449471688,0.4876727174207532,0.0,2.1538878352749933,0.6637767542671362,0.853427255486318
E02002081,Castle Bromwich West,0.31284504968715493,0.5336768494663231,2.061096797938903,5.612808244387192,0.46006624953993375,0.4784688995215311,1.950680898049319,0.23923444976076555,0.8833271991166728,0.1104158998895841,2.1347073978652924,0.7545086492454913,80.86124401913875,1.472211998527788,0.0,0.01840264998159735,1.214574898785425,0.1104158998895841,0.791313949208686
E02002082,Smith's Wood North,0.17123287671232876,0.136986301369863,0.5308219178082192,0.565068493150685,0.3595890410958904,1.5753424657534247,2.671232876712329,1.0445205479452055,0.684931506849315,0.2910958904109589,4.52054794520548,0.7534246575342466,83.33904109589041,0.4452054794520548,0.0,0.0,2.1575342465753424,0.2054794520547945,0.547945205479452
E02002083,Castle Bromwich East,0.4480584135413209,0.39827414537006306,0.6306007301692665,5.426485230667109,0.6637902422834384,0.09956853634251576,1.244606704281447,0.13275804845668768,0.829737802854298,0.04978426817125788,1.4935280451377364,0.6140059741121805,85.18088284102224,0.9956853634251577,0.13275804845668768,0.01659475605708596,0.9293063391968138,0.2987056090275473,0.414868901427149
E02002084,Smith's Wood South,0.2520385470719051,0.5040770941438102,0.6375092661230541,1.793921423276501,0.2668643439584878,1.4381022979985174,2.4314306893995554,0.5930318754633062,0.4892512972572276,0.28169014084507044,3.9881393624907338,0.6078576723498889,81.73461823573017,1.2898443291326909,0.11860637509266123,0.0,2.5945144551519643,0.34099332839140106,0.6375092661230541
E02002085,Kingshurst,0.13513513513513514,0.16516516516516516,1.4864864864864864,1.4714714714714714,0.45045045045045046,1.2162162162162162,1.6516516516516517,0.6306306306306306,0.46546546546546547,0.3303303303303303,3.828828828828829,0.6456456456456456,82.62762762762763,1.2462462462462462,0.0,0.09009009009009009,3.2132132132132134,0.15015015015015015,0.19519519519519518
E02002086,Chelmsley Wood West,0.0,0.337609723160027,0.7427413909520594,1.063470627954085,0.5739365293720459,0.5064145847400405,1.9918973666441593,0.8440243079000675,0.5232950708980418,0.25320729237002026,3.966914247130317,0.6583389601620526,84.31802835921674,1.2491559756921,0.0,0.01688048615800135,2.3295070898041863,0.21944632005401757,0.4051316677920324
E02002087,Fordbridge,0.07940289026520565,0.3017309830077815,0.8734317929172621,0.8257900587581388,1.0639987295537559,1.1751627759250436,1.715102429728442,0.47641734159123394,0.7781483245990154,0.2540892488486581,5.002382086707956,0.5717008099094807,82.38843893917739,1.4768937589328253,0.0,0.04764173415912339,2.318564395744005,0.17468635858345244,0.47641734159123394
E02002088,Chelmsley Wood East,0.2086375964948884,0.19820571667014397,0.6780721886083872,0.5111621114124766,0.5215939912372209,0.8449822658042979,1.79428332985604,0.44857083246401,0.6572084289588984,0.3546839140413102,4.183183809722512,0.37554767369079906,85.14500312956395,1.1162111412476527,0.0521593991237221,0.010431879824744418,2.5975380763613605,0.041727519298977674,0.26079699561861047
E02002089,Marston Green,0.2727836329820211,0.805951642901426,1.921884686918785,1.2027278363298202,0.9175449473031618,0.9175449473031618,1.4879107253564785,0.47117172969621823,0.9547427154370738,0.23558586484810912,2.628642281463112,0.6323620582765034,83.39739615623063,1.2647241165530068,0.037197768133911964,0.0,1.5995040297582146,0.24798512089274644,1.004339739615623
E02002090,Lyndon North,3.7906742703790672,0.5870513250587052,5.233143240523314,11.439114391143912,1.3418316001341832,0.6038242200603824,1.0566923851056693,0.3354579000335458,0.7380073800738007,0.20127474002012746,1.0399194901039919,0.7547802750754781,65.63233814156324,3.237168735323717,0.0,0.0,2.130157665213016,0.637370010063737,1.2411942301241194
E02002091,Elmdon Park,1.0846837428123366,0.7710402509147936,3.3716675378985888,7.161526398327235,0.9278619968635651,0.5488761108207004,1.0977522216414008,0.30057501306847884,0.8755880815473079,0.09147935180345008,1.0977522216414008,0.5619445896497648,76.15002613695766,1.7642446419236801,0.0,0.026136957658128592,2.5875588081547307,0.4051228437009932,1.1761630946157868
E02002092,Lyndon South,1.6368638239339752,0.4814305364511692,3.6313617606602477,5.969738651994498,1.5130674002751032,0.5502063273727648,0.7427785419532325,0.12379642365887207,1.0729023383768914,0.19257221458046767,1.2792297111416782,0.45392022008253097,75.69463548830811,1.5543328748280605,0.055020632737276476,0.11004126547455295,3.246217331499312,0.6327372764786795,1.0591471801925723
E02002093,Olton,1.4492753623188406,0.6125803077842522,6.2303899596593455,6.81308830121022,1.7630360077693112,0.5976393246675631,1.2849245480352607,0.25399671298371435,1.329747497385328,0.1344688480502017,1.703272075302555,0.7470491558344539,69.31122067832064,2.808904825937547,0.014940983116689078,0.07470491558344539,2.5997310623038996,1.1205737337516808,1.150455699985059
E02002094,Ulverley Green,1.1868940153794718,0.7689735874289535,8.207957204948178,6.586425944500167,1.170177198261451,0.3343363423604146,0.4680708793045804,0.08358408559010365,1.1868940153794718,0.15045135406218657,0.8358408559010364,0.551654964894684,71.1300568371782,2.97559344700769,0.01671681711802073,0.01671681711802073,2.407221664994985,0.7355399531929121,1.1868940153794718
E02002095,Elmdon Heath,0.28992230082337933,1.1944798793923228,7.967064826626464,4.441609648614172,1.4264177200510264,0.9277513626348138,0.5334570335150179,0.19714716455989795,0.7885886582395918,0.27832540879044415,1.0089296068653602,0.5102632494491476,73.50110170474314,1.6003711005450538,0.0,0.057984460164675865,2.5629131392786735,0.4870694653832773,2.226603270323553
E02002096,Lode Heath,0.49166104309264436,1.137568687939844,11.616697194639931,5.475754362286706,1.5617468427648704,0.7615925961631158,0.6169864070182204,0.23136990263183263,1.1086474501108647,0.2699315530704714,0.694109707895498,0.7905138339920948,65.9886243131206,2.265496963270028,0.0,0.038561650438638774,3.489829364696809,0.9158391979176709,2.545068928950159
E02002097,Meriden,0.1361841209314994,0.2723682418629988,2.8462481274683373,1.4435516818738936,0.1770393572109492,0.16342094511779925,0.34046030232874847,0.19065776930409914,1.1439466158245948,0.10894729674519951,1.1848018521040447,0.5038812474465477,87.53915293476781,1.3890780335012938,0.09532888465204957,0.027236824186299878,1.797630396295792,0.10894729674519951,0.5311180716328476
E02002098,Shirley East,0.6983670535072404,1.7869980486802917,11.184142959843895,6.182602444284687,1.9205093971449112,0.5545856013145732,0.7291773646913834,0.3697237342097155,1.1810619287254802,0.1951319708329054,1.3145732771900995,0.5443154975865256,66.03676697134641,2.4750949984594843,0.0,0.03081031118414296,2.2696929238985315,0.7291773646913834,1.7972681524083394
E02002099,Central Solihull,0.28977108084613157,2.071863228049841,13.764126340191249,5.186902347145755,1.5357867284844973,0.37670240509997105,0.36221385105766446,0.10141987829614604,1.05766444508838,0.23181686467690524,0.6374963778614894,0.7244277021153289,64.92321066357577,2.607939727615184,0.014488554042306577,0.014488554042306577,2.8687337003767026,0.8982903506230078,2.332657200811359
E02002101,Solihull Lodge,0.3013959390862944,0.7296954314720813,4.251269035532995,2.950507614213198,1.157994923857868,0.6503807106598984,0.9359137055837563,0.3013959390862944,0.5393401015228426,0.14276649746192893,1.618020304568528,0.7138324873096447,81.1230964467005,1.6973350253807107,0.0,0.015862944162436547,1.5387055837563453,0.14276649746192893,1.1897208121827412
E02002102,Blossomfield,0.33048433048433046,1.5156695156695157,8.433048433048434,5.299145299145299,1.5954415954415955,0.6837606837606838,0.4672364672364672,0.07977207977207977,1.2421652421652423,0.20512820512820512,1.0598290598290598,0.7293447293447294,70.42735042735043,2.415954415954416,0.0,0.022792022792022793,2.792022792022792,0.8205128205128205,1.8803418803418803
E02002103,Shirley Heath,0.2465078060805259,1.0353327855382086,6.1955628594905505,1.9556285949055054,0.838126540673788,0.3779786359901397,0.36154478225143794,0.09860312243221035,1.0517666392769105,0.0657354149548069,0.5587510271158587,0.47658175842235007,80.27937551355792,2.990961380443714,0.0,0.016433853738701727,2.1692686935086276,0.3451109285127362,0.9367296631059984
E02002104,Monkspath North,0.3249529673336754,1.9839233795108602,8.927655207798871,2.086540106037284,1.060372840773046,0.513083632632119,0.4446724816145032,0.10261672652642381,0.9064477509834103,0.10261672652642381,0.7183170856849667,0.6499059346673508,76.15871387036087,2.103642893791688,0.0,0.0,2.479904224388575,0.20523345305284763,1.2314007183170856
E02002105,Balsall Common,0.060503388189738626,0.3751210067763795,3.8117134559535333,0.3872216844143272,0.617134559535334,0.2783155856727977,0.25411423039690223,0.10890609874152953,1.101161665053243,0.13310745401742496,0.7381413359148112,0.4356243949661181,87.95982575024202,0.9438528557599225,0.13310745401742496,0.0,2.081316553727009,0.08470474346563407,0.4961277831558567
E02002106,Knowle,0.10280662074637607,0.5448750899557931,3.310373188033309,1.1822761385833247,0.5140331037318804,0.3289811863884034,0.37010383468695385,0.05140331037318804,1.254240773105788,0.13364860697028888,0.863575614269559,0.4729104554333299,86.40896473732909,1.3673280559268017,0.0,0.0,2.169219697748535,0.20561324149275215,0.7196463452246324
E02002107,Monkspath South,0.27705947543405984,1.643886220908755,12.042851865533802,3.4170668636867383,1.0528260066494275,0.9420022164758035,0.46176579239009974,0.11082379017362394,0.9050609530845954,0.1847063169560399,0.5910602142593276,0.7388252678241596,70.61322497229405,1.884004432951607,0.0,0.01847063169560399,2.5674178056889545,0.7203546361285555,1.828592537864795
E02002108,Dorridge,0.1218769043266301,0.5281332520820637,2.9859841560024374,1.1172049563274427,0.39609993906154783,0.28437944342880356,0.13203331302051594,0.040625634775543366,0.9343895998374975,0.192971765183831,0.5281332520820637,0.4367255738370912,87.32480195003046,1.4929920780012187,0.07109486085720089,0.020312817387771683,2.4680073126142594,0.26406662604103187,0.6601665651025798
E02002109,Dickens Heath,0.22257027450333855,0.7501442585112522,5.861017228587915,1.5662352650234936,0.5852773885087792,0.30500370950457506,0.4863572665072954,0.0659467480009892,1.3601516775204023,0.1978402440029676,1.318934960019784,0.6429807930096447,80.36435578270546,2.0361058445305416,0.14013683950210204,0.04121671750061825,2.9099002555436484,0.22257027450333855,0.9232544720138488
E02002110,Brownhills West,0.1138627953316254,0.2704241389126103,1.5086820381440365,0.6404782237403929,0.31312268716196984,0.569313976658127,0.7685738684884714,0.2846569883290635,0.3700540848277825,0.08539709649871904,1.1813265015656134,0.3842869342442357,90.89097637346997,0.24195844007970396,0.0,0.0,1.4517506404782237,0.0569313976658127,0.8682038144036436
E02002111,Brownhills,0.0,0.14020875525782833,0.9970400373890014,0.6698862751207353,0.34273251285246925,0.48294126811029753,0.9347250350521888,0.35831126343667236,0.4985200186945007,0.24926000934725034,1.1216700420626267,0.2336812587630472,90.51254089422028,0.3894687646050787,0.14020875525782833,0.062315002336812586,2.570493846393519,0.0,0.29599626109985977
E02002112,Pelsall North,0.0,0.07591573353577528,0.9679256025811349,0.18978933383943822,0.13285253368760674,0.7022205352059214,0.43651546783070794,0.09489466691971911,0.37957866767887644,0.09489466691971911,0.7971152021256406,0.3416208009109888,94.34427785158474,0.37957866767887644,0.0,0.0,0.8160941355095843,0.0,0.2467261339912697
E02002113,Walsall Wood,0.09377930603313535,0.2188183807439825,2.36011253516724,0.6095654892153798,0.29696780243826193,0.734604563926227,1.0472022507033447,0.34385745545482965,0.5314160675211004,0.14066895904970303,1.4223194748358863,0.5314160675211004,88.3401062832135,0.5939356048765239,0.2657080337605502,0.0,1.7974366989684276,0.01562988433885589,0.6564551422319475
E02002114,Pelsall South,0.016452780519907863,0.49358341559723595,1.3655807831523528,0.29615004935834155,0.2796972688384337,0.5758473181967753,0.5264889766370516,0.19743336623889438,1.0036196117143796,0.049358341559723594,0.6416584402764067,0.24679170779861798,92.38236261928266,0.4277722935176045,0.09871668311944719,0.016452780519907863,0.9871668311944719,0.09871668311944719,0.29615004935834155
E02002115,Little Bloxwich,0.13192612137203166,0.23453532688361184,1.861624157138669,0.6156552330694811,0.42509527997654645,1.0114335971855761,0.9967751392553503,0.3811199061858693,0.5716798592788038,0.30782761653474056,1.4658457930225741,0.4397537379067722,87.9800644972149,0.24919378481383758,0.2638522427440633,0.0,2.770448548812665,0.02931691586045148,0.2638522427440633
E02002116,Aldridge North,0.05919786887672044,0.35518721326032265,2.560307828918159,0.813970697054906,0.23679147550688176,0.5031818854521237,0.6955749593014652,0.1479946721918011,0.5623797543288441,0.11839573775344088,1.0211632381234275,0.5919786887672044,89.86236495486162,0.6659760248631049,0.08879680331508066,0.0,1.1395589758768685,0.0,0.5771792215480243
E02002117,Bloxwich Central,0.28776978417266186,0.6235011990407674,1.5667466027178258,0.22382094324540366,0.3677058353317346,0.5755395683453237,0.9592326139088729,0.3037569944044764,0.3996802557953637,0.17585931254996004,1.0071942446043165,0.31974420463629094,90.79136690647482,0.3037569944044764,0.17585931254996004,0.0,1.6946442845723422,0.0,0.22382094324540366
E02002118,Bloxwich North West,0.2426202992317024,0.2021835826930853,1.0378757244911714,0.7278608976951072,0.4043671653861706,2.0622725434694704,0.9165655748753201,0.37740935436042594,0.4852405984634048,0.2021835826930853,1.3478905512872354,0.3908882598732983,87.16808195174552,0.1752257716673406,0.06739452756436178,0.02695781102574471,3.7201779215527697,0.09435233859010649,0.3504515433346812
E02002119,Shelfield,0.15045135406218657,0.43463724506853896,6.335673687729856,1.0865931126713473,0.5182213306586426,0.5349381477766634,1.7385489802741558,0.3343363423604146,0.6686726847208292,0.13373453694416584,1.2704781009695754,0.30090270812437314,83.41691741892343,0.3343363423604146,0.05015045135406219,0.0,1.053159478435306,0.1170177198261451,1.5212303577398862
E02002120,Ashmore,0.016361256544502618,0.2617801047120419,7.362565445026178,0.6380890052356021,0.3763089005235602,0.5890052356020943,0.9325916230366492,0.2781413612565445,0.8671465968586387,0.11452879581151833,1.8488219895287958,0.32722513089005234,83.06609947643979,0.2617801047120419,0.0,0.09816753926701571,1.5215968586387434,0.0,1.4397905759162304
E02002121,Blakenall North,0.06001500375093773,0.19504876219054765,2.0255063765941483,1.3653413353338335,0.5551387846961741,2.460615153788447,2.2655663915978996,0.6301575393848462,0.6451612903225806,0.2700675168792198,2.2955738934733683,0.34508627156789196,81.90547636909227,0.16504126031507876,0.3600900225056264,0.0,3.8559639909977492,0.0,0.6001500375093773
E02002122,Blakenall South,0.4191700433142378,0.5030040519770854,3.4232220203996087,2.626798938102557,1.187648456057007,5.183736202319408,2.5569372642168506,1.5369568254855386,1.0898421126170184,0.3353360346513902,1.984071538354059,0.5868380606399329,68.82772111219785,0.36328070420567277,0.4610870476456616,0.11177867821713008,7.503143775324856,0.3493083694285315,0.9501187648456056
E02002123,New Invention,0.15151515151515152,0.30303030303030304,6.787878787878788,1.1515151515151516,0.9848484848484849,0.9848484848484849,1.3636363636363635,0.3484848484848485,0.5909090909090909,0.12121212121212122,2.1515151515151514,0.5,80.51515151515152,0.19696969696969696,0.07575757575757576,0.0,2.1666666666666665,0.0,1.606060606060606
E02002124,Aldridge Central,0.07228567297961544,0.21685701893884632,1.9083417666618476,0.6071996530287697,0.2746855573225387,0.5493711146450774,0.8818852103513084,0.17348561515107705,0.7951424027757699,0.13011421136330778,1.445713459592309,0.31805696111030796,89.61977736012722,0.9541708833309238,0.07228567297961544,0.014457134595923089,1.5758276709556165,0.07228567297961544,0.31805696111030796
E02002125,Rushall,0.13955652039075825,0.34113816095518684,3.5199255698557916,1.6126531245154287,0.6202512017367033,2.7756241277717475,1.6281594045588463,0.24810048069468135,1.0699333229958132,0.186075360521011,2.0933478058613737,0.4186695611722748,82.6329663513723,0.372150721042022,0.0930376802605055,0.04651884013025275,1.566134284385176,0.0,0.6357574817801209
E02002126,Bloxwich South,0.47918538484576223,0.2845163222521713,0.7637017070979335,1.0781671159029649,0.47918538484576223,2.575621443545972,1.7070979335130279,0.5690326445043427,0.5540581012279125,0.25456723569931117,1.6322252171308775,0.5091344713986223,84.7559149445942,0.16471997604073077,0.3893381251871818,0.01497454327643007,3.249475890985325,0.0,0.5390835579514824
E02002127,Walsall Ryecroft,0.9803921568627451,0.42892156862745096,4.94281045751634,17.38153594771242,1.838235294117647,6.811683006535947,3.257761437908497,1.3071895424836601,0.9293300653594772,0.33700980392156865,1.6544117647058822,0.7148692810457516,48.89705882352941,0.16339869281045752,0.0,0.061274509803921566,7.638888888888889,0.3165849673202614,2.338643790849673
E02002128,Short Heath East,0.3377777777777778,0.17777777777777778,6.1866666666666665,0.9422222222222222,0.6755555555555556,1.2622222222222221,0.8355555555555556,0.37333333333333335,0.5333333333333333,0.035555555555555556,1.1733333333333333,0.3377777777777778,83.16444444444444,0.3377777777777778,0.017777777777777778,0.0,1.9555555555555555,0.017777777777777778,1.6355555555555557
E02002129,Short Heath West,0.082904990880451,0.1492289835848118,7.743326148234123,1.2767368595589454,0.6798209252196983,0.23213397446526282,0.746144917924059,0.248714972641353,0.6300779306914276,0.0994859890565412,1.2601558613828552,0.331619963521804,82.44072293152048,0.2652959708174432,0.165809981760902,0.0,1.2933178577350357,0.0165809981760902,2.337920742828718
E02002130,Leamore,0.5975805276198805,0.27692756157994464,4.576592333479085,14.269056988777146,0.9619588981198076,2.8130010202594375,2.1279696837195745,0.45182917941990963,0.8745080891998251,0.1894767526599621,1.8656172569596268,0.3643783704999271,64.975951027547,0.2186270222999563,0.2186270222999563,0.1020259437399796,3.876985862119225,0.08745080891998251,1.1514356507797696
E02002131,Aldridge South,0.23148148148148148,0.21862139917695472,7.31738683127572,0.9516460905349794,0.720164609053498,0.360082304526749,1.0416666666666667,0.09002057613168725,0.7073045267489712,0.09002057613168725,0.9645061728395061,0.3472222222222222,83.2690329218107,1.0673868312757202,0.01286008230452675,0.0257201646090535,1.2088477366255144,0.0257201646090535,1.3503086419753085
E02002132,Bentley,0.38819875776397517,0.07763975155279502,7.795031055900621,2.406832298136646,0.8540372670807453,1.9099378881987579,2.313664596273292,0.7298136645962733,0.9627329192546584,0.17080745341614906,2.639751552795031,0.38819875776397517,73.68012422360249,0.09316770186335403,0.13975155279503104,0.07763975155279502,3.6490683229813663,0.32608695652173914,1.3975155279503106
E02002133,Walsall North East,0.5942028985507246,0.391304347826087,10.043478260869565,12.043478260869565,2.072463768115942,2.4057971014492754,2.7681159420289854,0.7681159420289855,1.3478260869565217,0.5362318840579711,2.072463768115942,0.855072463768116,54.36231884057971,0.37681159420289856,0.17391304347826086,0.043478260869565216,6.159420289855072,0.3188405797101449,2.6666666666666665
E02002134,Willenhall Park,0.281507145950628,0.389779125162408,10.123430056301428,1.5158077089649198,1.223473365093114,2.00303161541793,3.258986574274578,0.8445214378518839,1.1043741879601559,0.140753572975314,3.269813772195756,0.530532698137722,68.28713728886964,0.097444781290602,0.36812472932005197,0.097444781290602,4.244261585101776,0.021654395842355997,2.1979211779991337
E02002135,Walsall West,2.092731829573935,0.2631578947368421,7.506265664160401,30.31328320802005,2.857142857142857,5.18796992481203,2.656641604010025,1.3157894736842106,1.5037593984962405,0.38847117794486213,1.5413533834586466,0.5889724310776943,33.05764411027569,0.23809523809523808,0.03759398496240601,0.3383458646616541,5.839598997493734,1.7167919799498748,2.556390977443609
E02002136,Willenhall Town,0.18738288569643974,0.3497813866333542,18.550905683947533,1.136789506558401,1.8988132417239225,1.9237976264834478,2.5109306683322923,0.6495940037476577,0.6870705808869456,0.3872579637726421,2.7857589006870707,0.6995627732667083,59.01311680199875,0.14990630855715179,0.19987507807620236,0.07495315427857589,4.059962523422861,0.07495315427857589,4.659587757651468
E02002137,Streetly North,0.032706459525756335,0.8013082583810303,10.335241210139003,2.1586263286999183,0.8830744071954211,0.44153720359771054,0.6050695012264923,0.1471790678659035,0.5560098119378577,0.13082583810302534,0.6541291905151267,0.3597710547833197,78.2011447260834,1.1283728536385935,0.032706459525756335,0.032706459525756335,1.4063777596075224,0.06541291905151267,2.027800490596893
E02002138,Walsall East,1.4153168737222834,0.3774178329926089,17.69146092152854,26.21481364994496,2.484667400534675,1.383865387639566,1.4153168737222834,0.5189495203648372,1.0221732976883158,0.12580594433086964,1.2423337002673376,0.8806416103160875,35.25711589872621,0.17298317345494574,0.0,0.18870891649630445,4.057241704670545,0.4088693190753263,5.142317974524296
E02002139,Walsall Central,10.157473063818031,0.36835804401878625,9.162906344967308,15.830186941707339,2.735058476839488,6.114743530711852,3.020535960954047,1.5378948337784326,1.1695367897596465,0.5249102127267704,1.9246707799981582,0.8472235012432084,35.05847683948798,0.322313288516438,0.20259692421033243,0.28547748411455937,6.897504374251772,0.294686435215029,3.545446173680818
E02002140,Pleck,9.150403178684119,0.18698141872151455,15.694752833937127,23.267500292158466,2.816407619492813,5.656187916325815,2.395699427369405,1.2153792216898445,1.238751899030034,0.44408086946359704,1.5309103657824004,0.6661213041953956,26.35269370106346,0.28047212808227184,0.058431693350473296,0.32721748276265045,4.978380273460325,0.2570994507420825,3.4825289236882084
E02002141,Streetly South,0.44884692772016715,0.6036217303822937,11.93313728524996,1.2536759015632255,0.866738894907909,0.7429190527782077,0.5726667698498684,0.2785946447918279,0.773874013310633,0.24763968425940258,1.0060362173038229,0.6190992106485064,75.46819377805294,1.2691533818294383,0.015477480266212661,0.030954960532425323,1.45488314502399,0.09286488159727596,2.321622039931899
E02002142,Darlaston East,7.866507747318236,0.18540590650245,13.468414779499405,11.69381538869024,1.2713547874453714,4.8205535690637005,1.7083829956297178,0.6224341146867964,1.2581115084094823,0.278108859753675,4.8205535690637005,0.6886505098662429,45.58336644153092,0.15891934843067143,0.10594623228711429,0.06621639517944643,4.0789299430539,0.1986491855383393,1.1256787180505894
E02002143,Palfrey,20.3312226010716,0.24354603019970775,16.60009741841208,30.043838285435946,2.893326838772528,3.6337067705796398,1.509985387238188,0.5747686312713103,0.8962493911349245,0.22406234778373113,0.9352167559668777,0.4286410131514856,13.161227471992207,0.23380418899171942,0.11690209449585971,0.25328787140769604,4.20847540185095,0.34096444227959083,3.370677057963955
E02002144,Walsall South East,1.2998393456988462,0.3505184752446327,34.05871184460348,9.931356798597927,2.9648021031108516,1.1683949174821089,1.3728640280414781,0.16065430115378998,0.9055060610486344,0.0730246823426318,0.6280122681466336,0.7010369504892654,35.18329195268001,0.4673579669928436,0.014604936468526362,0.05841974587410545,0.9785307433912662,0.3067036658390536,9.376369212793925
E02002145,Darlaston Central,2.3313316849169903,0.14129282938890853,9.490168373955022,4.851053809019192,1.2716354645001766,3.273283880843047,2.9671494171670787,1.0714706228658895,0.9537265983751325,0.21193924408336276,3.1084422465559873,0.847756976333451,61.792064052749325,0.21193924408336276,0.17661603673613563,0.08242081714352996,5.969622041681385,0.25903685387966563,0.9890498057223596
E02002146,The Delves,9.369649805447471,0.3735408560311284,15.704280155642023,18.365758754863812,2.7704280155642023,2.0700389105058368,1.8054474708171206,0.6848249027237354,1.105058365758755,0.14007782101167315,1.2918287937743191,0.669260700389105,38.19455252918288,0.2801556420233463,0.0933852140077821,0.0622568093385214,3.501945525291829,0.14007782101167315,3.377431906614786
E02002147,Darlaston West,1.5594113771139908,0.21963540522732264,8.09356468262684,1.8669009444322424,1.0542499450911487,2.734460795080167,2.1194816604436637,0.7138150669887986,1.1201405666593456,0.1757083241818581,2.1414452009663956,0.4722161212387437,71.64506918515265,0.12079947287502746,0.06589062156819679,0.04392708104546453,4.755106523171535,0.26356248627278717,0.834614539863826
E02002148,Pheasey,0.35876793839691984,0.43752187609380466,7.560378018900945,1.9338466923346167,0.7525376268813441,0.8225411270563528,1.872593629681484,0.5950297514875744,0.6825341267063353,0.21001050052502626,1.4613230661533076,0.5162758137906895,78.71893594679734,0.9275463773188659,0.008750437521876094,0.0,1.5313265663283164,0.07000350017500875,1.5400770038501925
E02002149,Bushbury,0.1586042823156225,0.17842981760507534,3.8858049167327517,0.6046788263283108,0.6145915939730373,2.3394131641554323,2.9341792228390164,1.0309278350515463,0.6245043616177637,0.2775574940523394,3.717287866772403,0.7335448057097541,77.73592386994449,0.5253766851704996,0.009912767644726407,0.11895321173671689,3.082870737509913,0.25773195876288657,1.1697065820777162
E02002150,Fordhouses,0.3971680193403557,0.29355897081678467,8.34052840614747,1.450526679329995,1.2778449317907097,3.7644620963564153,3.7126575720946295,1.1915040580210672,0.880676912450354,0.4662407183560698,4.006216542911414,0.6389224658953548,66.39613192885513,0.6043861163874978,0.10360904852357106,0.05180452426178553,5.1631842514246244,0.24175444655499914,1.0188223104817822
E02002151,Pendeford,0.7018175274428649,0.6838222062263811,4.984703976965989,1.4756163397516646,0.8457800971747346,3.257153140183552,4.768760122368184,1.5835882670505668,0.9897426669066043,0.5758502789274789,5.03868994061544,0.5578549577109951,66.67266510707216,0.503868994061544,0.10797192729890229,0.19794853338132085,5.632535540759402,0.251934497030772,1.1696958790714413
E02002152,Bushbury Hill,0.1434948979591837,0.2072704081632653,3.9221938775510203,0.6218112244897959,0.5580357142857143,4.70344387755102,3.5395408163265305,1.6262755102040816,0.6536989795918368,0.25510204081632654,5.133928571428571,0.6536989795918368,72.30548469387755,0.25510204081632654,0.0,0.07971938775510204,4.129464285714286,0.1753826530612245,1.0363520408163265
E02002153,Ashmore Park,0.053490238031559244,0.20058839261834716,2.6343942230542927,0.1337255950788981,0.33431398769724524,1.203530355710083,1.3907461888205404,0.6418828563787109,0.7087456539181599,0.09360791655522867,2.326825354372827,0.3878042257288045,87.7908531692966,0.32094142818935545,0.0,0.013372559507889811,1.2837657127574218,0.0,0.4814121422840332
E02002154,Oxley Park,0.3507825148407987,0.5261737722611981,14.139233675121424,2.3475445223961144,1.4031300593631948,5.221262817053427,4.51969778737183,2.361036157582299,1.025364274150027,0.2023745277927685,4.155423637344846,1.0658391797085807,54.91095520777118,0.48569886670264434,0.17539125742039935,0.12142471667566108,4.96492174851592,0.16189962223421478,1.8618456556934702
E02002155,Low Hill,0.10739490641301012,0.23013194231359313,4.034980055231666,0.5216324025774778,1.1813439705431115,7.916538815587604,5.81466707579012,2.45474071801166,0.6750536974532065,0.7977907333537895,6.228904571954588,0.981896287204664,59.61951518870819,0.27615833077631174,0.41423749616446764,0.3068425897514575,6.228904571954588,0.09205277692543726,2.117213869285057
E02002156,Wood End,0.21671081146159402,0.2648687695641705,11.47363351793884,1.2400674211413436,1.613291596436311,1.2400674211413436,3.527570431013725,0.8307247772694438,1.0113171201541056,0.2528292800385264,3.0219118709366724,0.5899349867565615,68.92607753431254,0.7584878401155791,0.07223693715386467,0.08427642667950878,2.130989646039008,0.30098723814110284,2.4440163737057548
E02002157,Tettenhall North,0.17891373801916932,0.38338658146964855,13.52076677316294,3.7955271565495208,1.0862619808306708,1.6357827476038338,2.594249201277955,0.6517571884984026,0.9968051118210862,0.28115015974440893,2.1853035143769968,0.5239616613418531,67.02875399361022,0.7028753993610224,0.0,0.0,2.63258785942492,0.24281150159744408,1.5591054313099042
E02002158,Wednesfield North East,0.06645401382243488,0.18607123870281764,8.30675172780436,0.5050505050505051,1.076555023923445,1.4221158958001063,1.8607123870281765,0.57150451887294,0.7044125465178097,0.1063264221158958,2.9505582137161084,0.46517809675704413,77.5518341307815,0.4784688995215311,0.0,0.0,1.8474215842636896,0.06645401382243488,1.8341307814992025
E02002159,Park Lane,0.04856726566294318,0.35615994819491664,12.595110895256598,1.942690626517727,1.6836652096486968,8.7744859964384,7.18795531811559,2.3312287518212726,1.0361016674761212,0.37234903674923103,3.9663266958070262,0.7285089849441476,44.66569532135341,0.4047272138578598,0.11332361988020075,0.1942690626517727,9.357293184393718,0.7285089849441476,3.513032216286223
E02002160,Wednesfield Town,0.11878051999472086,0.42233073775900754,18.292200079187012,0.5807047644186354,2.7715454665434867,1.794905635475782,1.82130130658572,0.7654744621882011,0.7390787910782631,0.2639567110993797,2.1908407021248517,0.6071004355285733,63.151643130526594,0.6466939421934803,0.18476969776956578,0.06598917777484492,2.4152039065593245,0.1979675333245348,2.9695129998680216
E02002161,Whitmore Reans,0.2949024013481253,0.19660160089875017,11.655666338997332,15.671956185928943,4.54992276365679,6.628282544586434,5.982305855919113,2.6541216121331273,0.8987501755371436,0.7021485746383935,3.03328184243786,1.0391798904648224,23.78879370874877,0.35107428731919677,0.21064457239151804,0.30894537284089313,13.621682347984834,0.49150400224687546,7.920235921921078
E02002162,Tettenhall South,0.18008747105737072,0.4502186776434268,17.018266014921533,1.9552354000514536,1.6336506303061487,0.9518909184461024,1.852328273732956,0.34731155132492925,1.0933882171340366,0.2315410342166195,1.788011319783895,0.5145356315924878,66.09210187805506,0.6045793671211731,0.012863390789812194,0.051453563159248775,2.1739130434782608,0.2572678157962439,2.7913558013892463
E02002163,Heath Town,0.42943752105085886,0.4968002694509936,12.18423711687437,1.481980464802964,4.6227686089592455,10.121252947120242,6.559447625463119,2.526103065005052,0.8925564163017851,0.631525766251263,4.361737958908724,1.2209498147524418,38.67463792522735,0.2947120242505894,0.08420343550016841,0.20208824520040417,10.087571572920176,0.7830919501515662,4.34489727180869
E02002164,Waterloo Road,0.77128448531593,0.20765351527736578,10.827647582319786,12.474043310590329,6.348264609908039,12.192227825571047,6.066449124888757,1.868881637496292,0.6971225155740136,0.6971225155740136,2.8181548501928213,0.9789380005932957,19.296944526846634,0.32631266686443194,0.2373183031741323,0.31148027291604863,14.684070008899436,1.7650548798576091,7.431029368140018
E02002165,West Park,0.0886749429946795,0.19001773498859895,14.758044084114518,5.700532049657968,3.977704585761338,4.839118317709653,5.649860653661008,1.1274385609323536,1.5074740309095516,0.6713959969597162,2.191537876868508,0.9880922219407144,40.60045604256397,1.1147707119331138,0.10134279199391943,0.5067139599695971,9.374208259437548,2.1788700278692676,4.433747149733975
E02002166,East Park,0.04251700680272109,0.36139455782312924,12.45748299319728,1.1054421768707483,1.838860544217687,5.08078231292517,4.623724489795919,2.264030612244898,0.7121598639455783,0.2869897959183674,4.496173469387755,0.8822278911564626,58.301445578231295,0.2869897959183674,0.15943877551020408,0.06377551020408163,4.570578231292517,0.32950680272108845,2.1364795918367347
E02002167,Castlecroft,0.21087513179695738,0.12050007531254707,12.456695285434554,0.903750564844103,0.6928754330471456,1.2652507907817443,1.687001054375659,0.4669377918361199,1.250188281367676,0.24100015062509414,2.6058141286338303,0.5271878294923934,72.57117035698147,0.6025003765627354,0.07531254707034192,0.0,2.3798764874228047,0.15062509414068384,1.7924386202741376
E02002168,Wolverhampton Central,0.39021852237252863,0.4856052722858134,18.60041623309053,7.8217134928893515,2.6881720430107525,12.261533125216788,5.263614290669442,1.604231703087062,1.1879986125563649,0.4595907041276448,3.1824488380159557,1.2313562261533124,28.919528269164065,0.511619840443982,0.11272979535206382,0.7630939993062782,9.703433922996878,0.6156781130766562,4.19701699618453
E02002169,Compton,0.07945516458569807,0.39727582292849034,22.28149829738933,2.304199772985244,1.4188422247446084,0.94211123723042,2.133938706015891,0.3859250851305335,1.191827468785471,0.15891032917139614,1.793416572077185,0.5448354143019296,60.794551645856984,0.7604994324631101,0.011350737797956867,0.0,2.2814982973893305,0.170261066969353,2.3496027241770716
E02002170,Bilston North West,0.06333122229259025,0.23749208359721344,17.40025332488917,0.9341355288157062,2.0899303356554784,2.1057631412286257,2.264091196960101,1.2507916402786574,0.759974667511083,0.23749208359721344,3.546548448385054,0.6016466117796073,62.15959468017733,0.18999366687777075,0.11082963901203294,0.11082963901203294,3.388220392653578,0.031665611146295125,2.517416086130462
E02002171,Bilston North East,0.0,0.11650485436893204,16.491909385113267,1.0614886731391586,1.6051779935275081,2.0323624595469254,3.44336569579288,0.9320388349514563,1.1003236245954693,0.2977346278317152,4.02588996763754,0.7119741100323624,61.63106796116505,0.1553398058252427,0.09061488673139159,0.12944983818770225,3.663430420711974,0.11650485436893204,2.394822006472492
E02002174,Bradmore,0.4841031008766191,0.2747612194164595,24.466832395656155,3.872824807012953,1.5700641109511972,1.7401543896375768,2.4466832395656155,0.7065288499280388,1.3083867591259977,0.06541933795629988,2.250425225696716,0.9420384665707183,53.172837890880544,0.575690174015439,0.013083867591259976,0.13083867591259976,2.760696061755855,0.1700902786863797,3.0485411487635745
E02002175,Bilston Lunt,0.1540436456996149,0.24390243902439024,18.498074454428753,0.7702182284980744,1.5917843388960204,4.120667522464698,3.645699614890886,1.399229781771502,1.0783055198973042,0.4878048780487805,3.2477535301668805,0.8857509627727856,53.60718870346598,0.08985879332477535,0.12836970474967907,0.08985879332477535,6.816431322207959,0.08985879332477535,3.055198973042362
E02002176,Merryhill South,0.012748597654258032,0.21672616012238655,10.249872514023457,1.0071392146863845,0.8669046404895462,1.6955634880163182,2.2565017848036715,0.5736868944416115,1.5170831208567057,0.34421213666496686,4.07955124936257,0.8286588475267721,71.27740948495665,0.7011728709841918,0.0382457929627741,0.0,2.422233554309026,0.17848036715961244,1.7338092809790924
E02002177,Ettingshall,0.13035543582167378,0.29547232119579386,24.558964108803337,1.7728339271747633,2.9112714000173807,6.569913965412358,5.448857217345964,2.0161640740418876,1.1992700095593987,0.5388024680629182,3.988876336143217,1.1384374728426174,37.85521856261406,0.18249761015034327,0.1564265229860085,0.13035543582167378,6.639436864517251,0.40844703224124446,4.0583992352481095
E02002178,Goldthorn Park,0.14740203906154034,0.1965360520820538,45.31384350816853,1.3389018548089915,3.6113499570077385,1.6828399459525856,2.6532367031077264,1.117798796216681,0.9089792408794989,0.3070875813782091,1.3634688613192483,0.5404741432256479,28.571428571428573,0.2579535683576956,0.06141751627564181,0.13511853580641198,3.230561356098759,0.11055152929615526,8.451050239528314
E02002179,Upper Penn,0.045662100456621,0.334855403348554,20.51750380517504,1.2328767123287672,1.2633181126331812,1.36986301369863,2.313546423135464,0.532724505327245,1.187214611872146,0.273972602739726,2.4048706240487063,0.593607305936073,63.77473363774734,0.593607305936073,0.0,0.106544901065449,0.882800608828006,0.228310502283105,2.3439878234398783
E02002180,Ettingshall Park,0.09246417013407304,0.1695176452458006,21.71366928648482,0.7397133610725843,1.9879796578825706,1.8338727076591155,2.9280320542456466,1.001695176452458,0.7243026660502389,0.15410695022345508,2.0804438280166435,0.4623208506703652,59.130836800739715,0.3390352904916012,0.10787486515641856,0.06164278008938203,2.280782863307135,0.10787486515641856,4.08383418092156
E02002181,Bradley,0.13034719753525298,0.4739898092191018,8.282971916103804,0.9953785993601137,0.9242801279772485,3.4245763716080106,1.97890745348975,0.8650314018248607,1.1138760516648891,0.14219694276573053,2.630643441166015,0.6398862424457874,71.14587036378718,0.33179286645337125,0.21329541414859582,0.16589643322668562,5.1901884109491645,0.13034719753525298,1.220523758739187
E02002182,Woodcross,0.19744835965978128,0.2278250303766707,18.150060753341435,0.7594167679222357,1.8681652490887,1.8377885783718104,2.3693803159173754,0.8353584447144593,0.8353584447144593,0.3037667071688943,2.9617253948967193,0.5619684082624544,64.12515188335358,0.19744835965978128,0.07594167679222358,0.04556500607533415,1.5643985419198057,0.060753341433778855,3.0224787363304984
E02002809,Spondon South,0.04253509145044662,0.11342691053452432,0.7798100099248547,0.3261023677867574,0.3544590954203885,0.9357720119098256,0.5954912803062526,0.1701403658017865,0.5387778250389905,0.18431872961860202,1.6446902027506025,0.36863745923720403,90.30199914929817,0.6096696441230682,0.11342691053452432,0.0708918190840777,2.5379271232099816,0.04253509145044662,0.26938891251949526
E02002812,Littleover East,0.16630420877574517,0.6652168351029807,9.78636305488039,16.34898298580018,3.6586925930663936,2.673659971856211,1.3816041959831138,0.4477421005500832,1.2408852500959446,0.3837789433286427,1.714212613534604,0.7675578866572854,51.989254189586795,1.0873736727644876,0.038377894332864274,0.21747473455289754,4.1320199565050535,0.716387360880133,2.584111551746194
E02002813,Rose Hill,1.512924699576381,0.5187170398547593,3.267917351084983,40.053600760784995,4.504192962738826,5.178525114550013,1.3918907236102707,0.700268003803925,1.0893057836949944,0.49278118786202124,0.9250453877409873,1.3832454396126912,18.742975706751967,0.35445664390075216,0.8818189677530907,2.2823549753609407,10.616408749027405,0.9509812397337253,5.152589262557275
E02002814,Mickleover South,0.09746588693957114,0.4873294346978557,6.613756613756614,3.369534948482317,0.7797270955165692,0.9050403787245892,0.6961849067112225,0.3063213589529379,1.0999721526037316,0.1670843776106934,0.7797270955165692,0.4316346421609579,79.5043163464216,1.1695906432748537,0.0278473962684489,0.06961849067112225,1.824004455583403,0.18100807574491784,1.4898357003620162
E02002815,Normanton North,0.9044216167932112,0.3796337650736936,8.497096918267083,39.87271103171059,4.533273782938812,4.455113890129522,1.9874944171505136,0.9714158106297455,1.016078606520768,0.9714158106297455,1.127735596248325,2.3559624832514516,12.740062527914247,0.29030817329164804,0.5136221527467619,2.5346136668155426,9.144707458686915,1.1165698972755695,6.58776239392586
E02002816,Littleover West,0.2548853016142736,0.8814783347493628,19.987255734919287,9.91928632115548,3.207306711979609,1.8372982158028888,1.1788445199660154,0.3610875106202209,1.348768054375531,0.28674596431605776,1.3700084961767205,0.7752761257434154,49.30968564146134,0.6796941376380629,0.010620220900594732,0.0,2.4320305862361935,0.8283772302463891,5.3313508920985555
E02002817,Normanton West,0.2535255902392648,0.19014419267944857,16.19394707653304,15.639359847884647,3.1849152273807637,1.8063698304547615,2.1232768182538426,0.23768024084931072,1.2200919030264616,0.2535255902392648,1.4260814450958643,0.4912058310885755,48.32831563935985,0.8081128188876565,0.0633813975598162,0.20598954206940262,2.9789256853113613,0.7605767707177943,3.83457455236888
E02002818,Normanton South,1.0895032802249298,0.43345829428303656,8.118556701030927,18.8261480787254,3.7019681349578257,4.4400187441424555,2.7296157450796628,1.394095595126523,1.3823805060918464,1.1949390815370198,2.4601686972820995,2.4250234301780695,34.395501405810684,0.43345829428303656,0.2928772258669166,1.1597938144329898,9.278350515463918,0.7146204311152765,5.5295220243673855
E02002819,Wilmorton,0.1322401481089659,0.6215286961121397,2.5786828881248347,1.0050251256281406,1.3752975403332452,2.3009785770960063,1.1504892885480031,0.4892885480031738,0.7934408886537953,0.29092832583972494,2.0629463104998678,0.6347527109230362,79.11928061359428,0.6215286961121397,0.03967204443268976,0.03967204443268976,5.792118487172706,0.0,0.9521290663845543
E02002820,Alvaston,0.08050719533058268,0.25158498540807084,2.2843916675052833,2.374962262252189,1.761094897856496,2.1636308745094093,1.0767837375465432,0.40253597665291335,0.7446915568078897,0.28177518365703935,2.123377276844118,0.784945154473181,75.35473482942538,0.784945154473181,0.11069739357955118,0.11069739357955118,7.114823387340244,0.3220287813223307,1.8717922914360472
E02002821,Allenton,0.4419090470834003,0.30531897798489477,3.591515346295999,3.4870641169853767,2.4907600835609833,4.57174995982645,1.2052064920456371,0.8195404145910332,0.9480957737425679,0.5383255664470512,2.3220311746745943,0.9561304836895388,61.031656757191065,1.7033585087578338,0.24104129840912744,0.47404788687128396,11.015587337297124,0.23300658846215652,3.6236541860838822
E02002822,Sunny Hill,0.07203572972194208,0.2737357729433799,11.655381069010229,12.47658838784037,2.8526148969889067,1.383086010661288,2.7229505834894105,1.1957931133842385,1.1237573836622965,0.21610718916582625,2.6797291456562453,0.7347644431638093,51.9953897132978,1.1813859674398501,0.057628583777553664,0.14407145944388416,3.9619651347068148,0.31695721077654515,4.956058204869615
E02002823,Boulton,0.03904724716907458,0.35142522452167124,1.145385916959521,1.6009371339320577,1.1714174150722374,0.8850709358323572,1.145385916959521,0.403488220747104,0.6247559547051933,0.2082519849017311,2.407913575426266,0.338409475465313,84.70649485877912,0.9111024339450735,0.06507874528179097,0.15618898867629832,3.032669530131459,0.15618898867629832,0.6507874528179096
E02002824,Sinfin,0.24062933826931976,0.43498380379453955,13.095788986580287,7.9130032392410925,2.1749190189726977,3.026376677464137,3.322535863026377,0.8514576584914392,1.0550670985654789,0.3516890328551596,2.5821378991207773,0.5923183711244794,50.55067098565479,0.33317908375751965,0.09254974548819991,0.25913928736695974,7.302174919018973,0.28690421101341973,5.534474780194355
E02002825,Chellaston West,0.023052097740894423,0.5186721991701245,7.826187183033656,1.2448132780082988,1.1180267404333795,2.017058552328262,0.875979714153988,0.4149377593360996,0.7952973720608575,0.26509912402028585,1.648224988473951,0.7146150299677271,75.92208390963577,0.7261410788381742,0.023052097740894423,0.034578146611341634,4.068695251267865,0.1267865375749193,1.6366989396035039
E02002826,Chellaston East,0.0,1.2262156448202959,5.369978858350952,1.1557434813248766,0.916138125440451,1.1698379140239605,0.5355884425651868,0.28188865398167723,1.0993657505285412,0.2959830866807611,1.9168428470754053,0.46511627906976744,81.52219873150106,0.31007751937984496,0.12684989429175475,0.0,2.5088090204369276,0.16913319238900634,0.9302325581395349
E02002905,Wigmore,0.0,0.015969338869370808,0.15969338869370808,0.015969338869370808,0.30341743851804537,0.047908016608112426,0.031938677738741615,0.0,0.09581603321622485,0.07984669434685404,0.33535611625678696,0.2235707441711913,96.16735867135101,0.6228042159054615,0.015969338869370808,0.0,1.5969338869370808,0.015969338869370808,0.2714787607793037
E02002908,Shobdon,0.0,0.1810774105930285,0.14712539610683567,0.011317338162064282,0.22634676324128564,0.07922136713444998,0.033952014486192846,0.0,0.27161611588954276,0.11317338162064282,0.22634676324128564,0.27161611588954276,95.77863286555002,0.48664554096876417,0.033952014486192846,0.011317338162064282,2.071072883657764,0.011317338162064282,0.04526935264825713
E02002909,Bromyard,0.02808725774740193,0.10298661174047374,0.3557719314670911,0.018724838498267952,0.22469806197921544,0.08426177324220578,0.02808725774740193,0.037449676996535904,0.3276846737196892,0.10298661174047374,0.2059732234809475,0.24342290047748338,93.67100458758543,0.411946446961895,0.3557719314670911,0.06553693474393783,3.3330212526916956,0.04681209624566988,0.3557719314670911
E02002928,Newport North,0.0,0.14841688654353563,1.2038258575197889,0.2638522427440633,0.34630606860158314,0.09894459102902374,0.18139841688654354,0.0,0.5277044854881267,0.016490765171503958,0.29683377308707126,0.2638522427440633,93.66754617414249,0.6266490765171504,0.0,0.09894459102902374,1.7480211081794195,0.14841688654353563,0.3627968337730871
E02002929,Edgmond,0.0,0.9902475618904726,0.6901725431357839,0.30007501875468867,0.3300825206301575,0.19504876219054765,0.19504876219054765,0.0450112528132033,0.3150787696924231,0.0900225056264066,0.5251312828207052,0.10502625656414104,93.2933233308327,0.7501875468867217,0.0,0.015003750937734433,1.7104276069017255,0.015003750937734433,0.4351087771942986
E02002930,Newport South,0.0714898484415213,0.8006863025450386,0.9150700600514727,0.18587360594795538,0.6720045753503002,0.8149842722333429,0.18587360594795538,0.0714898484415213,0.77209036316843,0.12868172719473836,0.6720045753503002,0.328853302830998,90.79210752073206,0.5862167572204747,0.042893909064912784,0.0,2.4878467257649413,0.028595939376608523,0.4432370603374321
E02002931,Muxton,0.015234613040828763,0.7160268129189519,3.7020109689213894,0.4113345521023766,0.6093845216331505,0.4570383912248629,0.21328458257160268,0.1218769043266301,1.2035344302254722,0.0,0.6855575868372943,0.517976843388178,87.84277879341865,0.42656916514320536,0.1218769043266301,0.0,2.4070688604509445,0.1218769043266301,0.42656916514320536
E02002932,Donnington,0.011160714285714286,0.078125,1.1830357142857142,0.4799107142857143,0.33482142857142855,3.7388392857142856,0.44642857142857145,0.43526785714285715,0.5022321428571429,0.6138392857142857,1.640625,0.390625,80.703125,0.42410714285714285,0.22321428571428573,0.3013392857142857,7.578125,0.18973214285714285,0.7254464285714286
E02002933,Dothill,0.225,0.2625,1.55,1.85,0.5875,0.625,0.325,0.3125,0.625,0.0625,0.925,0.4375,88.0625,0.3375,0.0,0.0,3.4,0.05,0.3625
E02002934,Apley,0.6640751538710722,0.550696469063816,4.745707806932296,4.859086491739553,1.3281503077421444,1.8140589569160999,0.5830903790087464,0.22675736961451248,0.9880142533203757,0.25915127955944284,1.2309685779073534,0.4859086491739553,75.17006802721089,0.3401360544217687,0.032393909944930355,0.06478781988986071,4.664723032069971,0.32393909944930355,1.6682863621639132
E02002935,Wrockwardine Wood,0.07378984651711924,0.487012987012987,5.3276269185360094,0.3837072018890201,0.3541912632821724,1.2101534828807556,0.5608028335301063,0.26564344746162927,0.7083825265643447,0.26564344746162927,1.4462809917355373,0.25088547815820544,80.23907910271546,0.28040141676505315,0.0295159386068477,0.28040141676505315,5.563754427390791,0.0590318772136954,2.2136953955135774
E02002936,Hadley,0.22407457201756745,0.4302231782737295,3.6300080666845926,7.304831047772699,1.1293358429685398,4.0691942278390245,0.7260016133369185,0.32266738370529713,1.1293358429685398,0.6094828358877834,1.6760777986914046,0.4840010755579457,63.99569776821726,0.26888948642108096,0.17029667473335125,0.12548176032983777,11.607062830509994,0.3943712467509187,1.7029667473335126
E02002937,Ironbridge,0.055819145967066705,0.24188296585728905,2.0467020187924456,0.316308493813378,0.29770211182435574,0.4837659317145781,0.23257977486277792,0.1674574379012001,0.6791329425993116,0.17676062889571123,0.6884361335938227,0.23257977486277792,91.68294725090706,0.6047074146432226,0.28839892082984464,0.009303190994511117,1.3861754581821564,0.04651595497255559,0.36282444878593356
E02002938,Wellington East,0.1775713700314165,0.8332195055320312,1.5708236579702226,17.48395028001639,1.0517688840322361,3.1826253244092335,0.6693074716568774,0.4097800846878842,1.0244502117197105,0.6556481355006146,1.1064062286572873,0.560032782406775,61.58994672858899,0.2458680508127305,0.08195601693757683,0.4370987570004098,7.335063515913126,0.5327141100942494,1.0517688840322361
E02002939,Wellington West,0.2906592680671159,0.36992997753996565,1.8496498876998282,2.5498744880433346,1.426872770511296,1.8496498876998282,0.5681067512220901,0.356718192627824,1.0173074382349054,0.36992997753996565,1.3343902761263047,0.6605892456070815,80.6711586735368,0.4359889021006738,0.11890606420927467,0.02642356982428326,5.099748976086669,0.15854141894569956,0.8455542343770643
E02002940,St George's,0.0,0.11947431302270012,0.9899300221880867,0.2048131080389145,0.2560163850486431,0.819252432155658,0.5291005291005291,0.15360983102918588,0.409626216077829,0.22188086704215737,0.9045912271718723,0.4266939750810719,91.21010411332992,0.409626216077829,0.034135518006485746,0.06827103601297149,2.9185867895545314,0.0,0.3242874210616146
E02002941,Oakengates,0.047778308647873864,0.19111323459149546,1.8346870520783565,0.43956043956043955,0.4873387482083134,1.0415671285236503,0.30578117534639276,0.25800286669851885,0.47778308647873863,0.37267080745341613,1.0702341137123745,0.4586717630195891,87.06163401815576,0.2866698518872432,0.07644529383659819,0.17200191113234592,4.758719541328237,0.05733397037744864,0.6020066889632107
E02002942,Priorslee,0.09940357852882704,1.7519880715705765,7.591948310139165,0.6585487077534792,1.1804174950298212,1.3916500994035785,0.3851888667992048,0.28578528827037775,0.8076540755467196,0.26093439363817095,1.1679920477137178,0.5591451292246521,79.47316103379721,0.34791252485089463,0.02485089463220676,0.0621272365805169,2.3608349900596424,0.2982107355864811,1.2922465208747516
E02002944,Malinslee,0.035984166966534725,0.2278997241213866,1.535324457238815,1.0795250089960418,0.5277677821758426,3.5864219743312944,0.33585222502099077,0.4917836152093079,0.791651673263764,0.9355883411299029,1.043540842029507,0.35984166966534725,82.72759985606334,0.2039102794770301,0.09595777857742593,0.08396305625524769,5.421614489624565,0.023989444644356483,0.4917836152093079
E02002945,Hollinswood,0.09531878839228977,0.44482101249735223,5.073077737767422,0.49777589493751323,0.4130480830332557,5.539080703240839,0.49777589493751323,0.7731412836263504,0.6036856598178352,0.5507307773776742,1.292099131539928,0.44482101249735223,74.8040669349714,0.2647744122008049,0.14827367083245074,0.24359245922474052,7.23363694132599,0.052954882440160986,1.027324719339123
E02002946,Dawley,0.0,0.17148133491623796,1.2663237039968342,0.14509959108297057,0.31658092599920856,0.8178340588312888,0.2374356944994064,0.1319087191663369,0.593589236248516,0.22424482258277273,0.7518796992481203,0.07914523149980214,92.00633161851998,0.3297717979158422,0.052763487666534756,0.0,2.545838279910302,0.10552697533306951,0.22424482258277273
E02002947,Brookside,0.2663675872704332,0.1822515070797701,1.0093929622879574,0.5327351745408664,0.3504836674610963,6.785363802046825,0.378522360857984,1.1495864292723958,0.476657787747091,0.49067713444553485,1.2056638160661712,0.2663675872704332,80.80751436983037,0.42058040095331556,0.08411608019066312,0.0,4.9908874246460115,0.09813542688910697,0.5046964811439787
E02002948,Woodside,0.0,0.07897854416216928,0.7239699881532183,0.30275108595498224,0.35540344872976176,3.053837040937212,0.48703435566671055,0.8292747137027774,0.4080558115045413,0.6055021719099645,1.8954850598920627,0.39489272081084636,85.0862182440437,0.3159141766486771,0.07897854416216928,0.1316309069369488,4.633407924180598,0.01316309069369488,0.6055021719099645
E02002949,Madeley,0.018772292096865026,0.16895062887178525,1.2389712783930917,0.1501783367749202,0.22526750516238034,0.16895062887178525,0.22526750516238034,0.056316876290595085,0.3003566735498404,0.1501783367749202,1.2389712783930917,0.46930730242162566,91.98423127463863,0.657030223390276,0.0750891683874601,0.0,2.4967148488830486,0.018772292096865026,0.35667354984043553
E02002950,Sutton Hill,0.08539709649871904,0.18787361229718189,1.4688300597779675,0.6319385140905209,0.47822374039282667,3.569598633646456,0.23911187019641333,0.5636208368915457,0.47822374039282667,0.5294619982920581,1.0589239965841162,0.5123825789923142,83.39880444064902,0.37574722459436377,0.2049530315969257,0.08539709649871904,5.6532877882152,0.017079419299743808,0.46114432109308284
E02004077,Doveridge,0.08471499455403607,0.32675783613699627,0.3751664044535883,0.8350478034612127,0.10891927871233208,0.16942998910807214,0.3751664044535883,0.2541449836621082,0.3509621202952923,0.048408568316592036,0.5324942514825124,0.1210214207914801,94.08205252329662,0.4961878252450684,0.08471499455403607,0.012102142079148009,1.5853806123683891,0.036306426237444026,0.1210214207914801
E02004086,Borrowash,0.0,0.25111607142857145,0.5301339285714286,0.11160714285714286,0.29296875,0.27901785714285715,0.33482142857142855,0.09765625,0.4603794642857143,0.1953125,0.9207589285714286,0.3627232142857143,93.69419642857143,0.6696428571428571,0.0,0.0,1.3671875,0.04185267857142857,0.390625
E02004088,Long Eaton West,0.013126804935678657,0.7876082961407194,3.2685744289839853,0.2100288789708585,0.6563402467839328,0.7088474665266474,0.36755053819900235,0.06563402467839329,0.5381990023628249,0.13126804935678657,0.5775794171698608,0.36755053819900235,88.8028353898661,0.5381990023628249,0.026253609871357313,0.10501443948542925,2.336571278550801,0.06563402467839329,0.43318456287739565
E02004090,Breaston,0.0,0.21863437605112682,0.7904473595694584,0.1849983181971073,0.2859064917591658,0.016818028927009756,0.1849983181971073,0.11772620248906829,0.43726875210225363,0.11772620248906829,0.824083417423478,0.5381769256643122,94.09687184661958,0.7399932727884292,0.0,0.0,1.2277161116717121,0.03363605785401951,0.1849983181971073
E02004091,Long Eaton South,0.03222687721559781,0.3437533569663766,0.9560640240627349,0.18261897088838758,0.3115264797507788,0.37598023418197446,0.6875067139327532,0.15039209367278977,0.4834031582339671,0.15039209367278977,1.4072403050811042,0.279299602535181,90.54678268342464,0.5800837898807606,0.053711462025996345,0.053711462025996345,3.2012031367493825,0.021484584810398537,0.18261897088838758
E02004092,Sawley,0.18115942028985507,0.23444160272804773,0.7459505541346974,0.21312872975277067,0.26641091219096336,0.0959079283887468,0.33034953111679455,0.10656436487638533,0.6074168797953964,0.20247229326513214,1.1722080136402386,0.42625745950554134,91.5920716112532,0.5008525149190111,0.0639386189258312,0.05328218243819267,2.791986359761296,0.042625745950554135,0.3729752770673487
E02004118,Hatton,0.012963443090484833,0.233341975628727,2.488981073373088,0.6352087114337568,0.4796473943479388,0.5185377236193933,0.20741508944775733,0.10370754472387866,0.7907700285195748,0.22037853253824216,0.6870624837956961,0.311122634171636,89.9922219341457,0.5833549390718175,0.233341975628727,0.0,1.7371013741249677,0.25926886180969666,0.5055742805289085
E02004119,Hilton,0.0,0.27745081553724565,1.933748108289894,0.16815200941651254,0.40356482259963006,0.3615268202455019,0.24382041365394316,0.07566840423743064,0.6810156381368757,0.23541281318311755,0.8743904489658652,0.4876408273078863,90.3228518580797,0.4624180258954094,0.09248360517908188,0.10089120564990751,2.724062552547503,0.042038002354128134,0.5128636287203632
E02004120,Willington North,0.15543567705952271,0.5394532321477553,14.647526744079729,2.011520526652647,1.8652281247142726,1.7189357227758983,0.9874737130840266,0.28344152875560025,1.298345067203072,0.3748742799670842,1.2343421413550333,0.7040321843284264,66.55389960683917,0.6125994331169425,0.027429825363445185,0.09143275121148395,3.383011794824906,0.393160830209381,3.117856816311603
E02004121,Aston-on-Trent,0.0,0.46296296296296297,2.239448751076658,0.5275624461670974,0.6136950904392765,0.8397932816537468,0.5706287683031869,0.2153316106804479,0.6136950904392765,0.17226528854435832,1.3242894056847545,0.301464254952627,88.56589147286822,0.6136950904392765,0.03229974160206718,0.0,2.2286821705426356,0.02153316106804479,0.656761412575366
E02004122,Willington South,0.014459224985540775,0.6940427993059572,1.4459224985540775,0.27472527472527475,0.15905147484094853,0.30364372469635625,0.15905147484094853,0.1156737998843262,0.6217466743782534,0.20242914979757085,0.5928282244071718,0.27472527472527475,92.82822440717177,0.4048582995951417,0.08675534991324466,0.08675534991324466,1.5182186234817814,0.014459224985540775,0.20242914979757085
E02004123,Melbourne,0.0,0.07386615452799528,0.14773230905599055,0.014773230905599054,0.1625055399615896,0.029546461811198108,0.10341261633919338,0.059092923622396216,0.4875166198847688,0.059092923622396216,0.5022898507903678,0.2954646181119811,95.3464322647363,0.4284236962623726,0.10341261633919338,0.0,1.9205200177278772,0.0,0.26591815630078297
E02004124,Swadlincote North,0.0,0.17198042069056754,0.4894827358116153,0.13229263130043656,0.2513559994708295,0.07937557878026194,0.13229263130043656,0.052917052520174625,0.2513559994708295,0.06614631565021828,0.38364863077126604,0.1852096838206112,94.31141685408123,0.23812673634078582,0.11906336817039291,0.0,2.9104378886096045,0.026458526260087312,0.19843894695065484
E02004125,Swadlincote West,0.0,0.1151808339092375,0.38009675190048375,0.01151808339092375,0.1612531674729325,0.19580741764570375,0.24187975120939875,0.01151808339092375,0.322506334945865,0.2073255010366275,0.6219765031098825,0.17277125086385625,94.34462105505644,0.1612531674729325,0.0230361667818475,0.03455425017277125,2.8449665975581664,0.01151808339092375,0.138217000691085
E02004126,Swadlincote Central,0.026845637583892617,0.174496644295302,0.5369127516778524,0.026845637583892617,0.348993288590604,0.3221476510067114,0.12080536912751678,0.06711409395973154,0.2953020134228188,0.053691275167785234,0.3624161073825503,0.2550335570469799,93.85234899328859,0.4161073825503356,0.013422818791946308,0.040268456375838924,2.778523489932886,0.040268456375838924,0.2684563758389262
E02004128,Castle Gresley,0.017432232197332868,0.20918678636799443,0.6101281269066504,0.06972892878933147,0.19175455417066156,0.12202562538133008,0.10459339318399721,0.017432232197332868,0.47067026932798744,0.1568900897759958,0.540399198117319,0.2527673668613266,94.77904645689881,0.3835091083413231,0.043580580493332174,0.1307417414799965,1.6386298265492896,0.008716116098666434,0.2527673668613266
E02005335,Kirby Muxloe,0.0,0.33108197589723215,8.568401536220367,0.4767580452920143,0.5827042775791286,0.5297311614355714,0.2516223016818964,0.07945967421533572,0.9137862534763608,0.23837902264600716,0.5959475566150179,0.43702820818434646,82.25400609190835,0.5827042775791286,0.14567606939478214,0.092702953251225,2.317573831280625,0.07945967421533572,1.5229770891272678
E02005342,Cosby,0.0,0.12116316639741519,1.0904684975767367,0.013462574044157244,0.2692514808831449,0.5115778136779753,0.41733979536887456,0.0,0.5115778136779753,0.06731287022078622,0.7135164243403339,0.3769520732364028,93.56488960689283,0.6192784060312332,0.06731287022078622,0.013462574044157244,1.2924071082390953,0.0942380183091007,0.25578890683898764
E02005344,Stoney Stanton,0.0,0.18380365444912963,1.2758136014704293,0.021623959346956427,0.10811979673478214,0.33517136987782464,0.12974375608173858,0.0,0.454103146286085,0.1621796951021732,0.5622229430208672,0.3135474105308682,93.48037625689264,0.5405989836739107,0.3567953292247811,0.0,1.7515407071034705,0.07568385771434749,0.2486755324899989
E02005349,Shepshed West,0.1388362993815474,0.3534014893348479,0.7446674239555724,0.08835037233371197,0.34078000757288907,0.23980815347721823,0.11359333585762968,0.11359333585762968,0.4543733434305187,0.07572889057175312,0.4543733434305187,0.31553704404897137,93.44945096554335,0.517480752240313,0.050485927047835416,0.0,2.259245235390635,0.012621481761958854,0.2776725987630948
E02005350,Shepshed East,0.12955232474449402,0.2878940549877645,1.0364185979559521,0.043184108248164675,0.6765510292212465,0.21592054124082338,0.1151576219951058,0.08636821649632935,0.3310781632359292,0.1727364329926587,0.3598675687347056,0.2734993522383763,92.51475457031812,0.5613934072261407,0.0,0.1151576219951058,2.691809414135598,0.08636821649632935,0.30228875773715275
E02005372,Dunton Bassett,0.009777082518576457,0.09777082518576456,0.8897145091904576,0.02933124755572937,0.23464998044583496,0.14665623777864686,0.10754790770434103,0.02933124755572937,0.4008603832616347,0.10754790770434103,0.5377395385217051,0.29331247555729373,94.15330465389128,0.6061791161517404,0.009777082518576457,0.009777082518576457,2.053187328901056,0.019554165037152915,0.2639812280015643
E02005377,Markfield,0.011033873993158997,0.43032108573320094,2.129537680679687,0.08827099194527198,0.3310162197947699,0.4413549597263599,0.04413549597263599,0.066203243958954,0.529625951671632,0.132406487917908,0.38618558976056494,0.308948471808452,91.63632351318547,0.6289308176100629,0.154474235904226,0.0,2.129537680679687,0.05516936996579499,0.49652432969215493
E02005380,Market Bosworth,0.0,0.16130890655605484,0.4378384606521489,0.023044129508007834,0.24196335983408226,0.06913238852402351,0.08065445327802742,0.023044129508007834,0.4724046549141606,0.13826477704804702,0.3110957483581058,0.21891923032607444,95.52943887544647,0.5645811729461919,0.08065445327802742,0.011522064754003917,1.3250374467104504,0.023044129508007834,0.28805161885009795
E02005381,Desford,0.011270145384875465,0.2592133438521357,2.0737067508170854,0.12397159923363012,0.21413276231263384,0.1915924715428829,0.13524174461850558,0.07889101769412825,0.6085878507832752,0.23667305308238476,0.6423982869379015,0.40572523385551673,91.66009241519215,0.33810436154626394,0.05635072692437732,0.02254029076975093,2.208948495435591,0.09016116307900372,0.6423982869379015
E02005382,Earl Shilton,0.00940822278671559,0.2540220152413209,1.533540314234641,0.14112334180073385,0.4610029165490639,0.7056167090036692,0.1693480101608806,0.10349045065387148,0.526860476056073,0.2540220152413209,0.5927180355630821,0.42337002540220153,90.29071408410951,0.41396180261548593,0.0846740050804403,0.0846740050804403,3.415184871577759,0.07526578229372471,0.4610029165490639
E02005383,Barwell,0.0,0.10931351114997814,0.6886751202448622,0.1530389156099694,0.295146480104941,0.5137735024048973,0.13117621337997376,0.06558810668998688,0.4153913423699169,0.1530389156099694,0.5574989068648885,0.3279405334499344,92.63226934849148,0.4044599912549191,0.1639702667249672,0.010931351114997814,2.940533449934412,0.05465675557498907,0.38259728902492346
E02005384,Stoke Golding,0.0,0.16200891049007696,0.9180504927771027,0.3645200486026732,0.6750371270419873,0.1485081679492372,0.27001485081679494,0.0,0.5535304441744296,0.24301336573511542,0.45902524638855136,0.4995274740110706,92.45308491967059,0.4725259889293911,0.05400297016335898,0.013500742540839746,2.335628459565276,0.12150668286755771,0.25651410827595517
E02005385,Hinckley East,0.060240963855421686,0.49698795180722893,1.7620481927710843,0.060240963855421686,0.16566265060240964,0.45180722891566266,0.18072289156626506,0.07530120481927711,0.4367469879518072,0.37650602409638556,0.49698795180722893,0.4819277108433735,91.28012048192771,0.8433734939759037,0.09036144578313253,0.015060240963855422,2.2590361445783134,0.0,0.46686746987951805
E02005386,Hinckley Central,0.043888523151195964,0.4498573622997586,0.9216589861751152,0.2523590081193768,0.5924950625411455,0.2304147465437788,0.17555409260478386,0.08777704630239193,0.4937458854509546,0.15360983102918588,0.7461048935703314,0.4937458854509546,87.51371516348475,0.40596883914856263,0.043888523151195964,0.16458196181698487,6.385780118499013,0.1426377002413869,0.7022163704191354
E02005387,Hinckley West,0.08035355564483729,0.24106066693451186,1.245480112494978,0.39172358376858174,0.42185616713539575,0.622740056247489,0.2812374447569305,0.11048613901165126,0.5725190839694656,0.22097227802330252,0.7332261952591402,0.3615910004017678,89.8854961832061,0.3013258336681398,0.09039775010044195,0.010044194455604661,3.816793893129771,0.0,0.6126958617918843
E02005388,Hinckley Clarendon Park,0.5297800610049768,0.610049767217852,1.9746347728367315,0.08026970621287526,0.5618879434901268,0.9311285920693531,0.24080911863862578,0.11237758869802536,0.6261037084604271,0.17659335366832557,0.6903194734307272,0.5297800610049768,86.65917482742013,0.5137261197624017,0.016053941242575052,0.14448547118317548,4.976721785198266,0.1605394124257505,0.46556429603467653
E02005389,Burbage St Catherines,0.1488095238095238,0.3306878306878307,0.9424603174603174,0.2810846560846561,0.2810846560846561,0.06613756613756613,0.16534391534391535,0.03306878306878307,0.5621693121693122,0.06613756613756613,0.24801587301587302,0.3472222222222222,93.23743386243386,0.5291005291005291,0.0,0.03306878306878307,2.0998677248677247,0.06613756613756613,0.5621693121693122
E02005390,Burbage Sketchley,0.15296367112810708,0.40152963671128106,2.4378585086042066,0.19120458891013384,0.42065009560229444,0.17208413001912046,0.07648183556405354,0.08604206500956023,0.6596558317399618,0.06692160611854685,0.6118546845124283,0.30592734225621415,91.30975143403441,0.497131931166348,0.009560229445506692,0.028680688336520075,2.2466539196940727,0.07648183556405354,0.248565965583174
E02005397,Castle Donington,0.02159827213822894,0.183585313174946,0.4319654427645788,0.02159827213822894,0.9071274298056156,0.24838012958963282,0.16198704103671707,0.032397408207343416,0.48596112311015116,0.12958963282937366,0.6155507559395248,0.38876889848812096,91.74946004319655,0.8099352051835853,0.2591792656587473,0.09719222462203024,2.688984881209503,0.183585313174946,0.5831533477321814
E02005398,Kegworth,0.0,0.4662004662004662,0.5244755244755245,0.0,0.16025641025641027,0.21853146853146854,0.08741258741258741,0.08741258741258741,0.6555944055944056,0.17482517482517482,0.2913752913752914,0.32051282051282054,91.84149184149184,0.7867132867132867,0.05827505827505827,0.11655011655011654,3.5984848484848486,0.16025641025641027,0.45163170163170163
E02005399,Ashby de la Zouch North,0.01201634222542658,0.4085556356645037,1.0093727469358327,0.10814708002883922,0.4686373467916366,0.37250660898822396,0.13217976447969237,0.13217976447969237,0.5167027156933429,0.1802451333813987,0.3965392934390771,0.26435952895938475,92.47776976688296,0.4085556356645037,0.14419610670511895,0.0,2.6195626051429945,0.01201634222542658,0.3364575823119442
E02005400,Thringstone,0.0,0.11996572407883462,0.39417309340188517,0.0856898029134533,0.1713796058269066,0.27420736932305056,0.05141388174807198,0.01713796058269066,0.49700085689802914,0.15424164524421594,0.39417309340188517,0.23993144815766923,94.05312767780634,0.37703513281919454,0.2570694087403599,0.0856898029134533,2.2622107969151672,0.0,0.5655526992287918
E02005401,Packington,0.0,0.04639653572533251,0.6650170120630993,0.07732755954222084,0.23198267862666255,0.17012063099288585,0.06186204763377668,0.06186204763377668,0.7578100835137643,0.03093102381688834,0.5258274048871018,0.27837921435199503,93.47355397463656,0.5103618929786576,0.20105165480977422,0.03093102381688834,2.3971543458088465,0.10825858335910919,0.3711722858026601
E02005402,Ashby de la Zouch South,0.0,0.2940311673037342,0.5733607762422817,0.04410467509556013,0.24992649220817406,0.3087327256689209,0.17641870038224053,0.04410467509556013,0.661570126433402,0.058806233460746836,0.5733607762422817,0.33813584239929434,93.63422522787415,0.5880623346074684,0.058806233460746836,0.08820935019112026,2.1611290796824463,0.0,0.1470155836518671
E02005403,Whitwick,0.0,0.10675613847796249,0.42702455391184996,0.015250876925423212,0.2440140308067714,0.09150526155253927,0.045752630776269634,0.030501753850846424,0.27451578465761783,0.21351227695592498,0.27451578465761783,0.19826140003050174,95.15022113771542,0.3965228000610035,0.015250876925423212,0.06100350770169285,2.0588683849321336,0.030501753850846424,0.3660210462101571
E02005404,Donisthope,0.0,0.0687836753410524,0.6190530780694715,0.022927891780350797,0.10317551301157858,0.18342313424280637,0.14903129657228018,0.0,0.6305170239596469,0.18342313424280637,0.6305170239596469,0.18342313424280637,95.02464748366388,0.4012381061561389,0.1375673506821048,0.0,1.4788490198326263,0.022927891780350797,0.16049524246245558
E02005405,Agar Nook,0.08333333333333333,0.18055555555555555,1.0138888888888888,0.1527777777777778,0.3194444444444444,0.6388888888888888,0.2222222222222222,0.09722222222222222,0.4861111111111111,0.20833333333333334,0.4027777777777778,0.4444444444444444,90.70833333333333,0.2638888888888889,0.027777777777777776,0.041666666666666664,4.25,0.1111111111111111,0.3472222222222222
E02005406,Coalville,0.0,0.2911023921022655,1.0504999367168713,0.012656625743576762,1.4555119605113276,0.9112770535375269,0.07593975446146058,0.07593975446146058,0.7720541703581825,0.22781926338438171,0.6201746614352613,0.3290722693329958,84.53360334134919,0.1645361346664979,0.11390963169219086,0.31641564358941904,8.25211998481205,0.07593975446146058,0.7214276673838754
E02005407,Hugglescote,0.036593175372792976,0.2744488152959473,1.317354313420547,0.2104107583935596,0.5214527490622999,1.052053791967798,0.1921141707071631,0.10977952611837892,0.5580459244350928,0.18296587686396487,0.5306010429054981,0.375080047571128,89.47031378647883,0.28359710913914554,0.15552099533437014,0.009148293843198244,4.125880523282408,0.04574146921599122,0.5488976305918946
E02005408,Measham,0.0,0.20413370757846389,0.5741260525644297,0.08930849706557796,0.22965042102577188,0.20413370757846389,0.1913753508548099,0.17861699413115592,0.40826741515692777,0.17861699413115592,0.6379178361826997,0.22965042102577188,92.23016075529472,0.35723398826231184,0.05103342689461597,0.0,3.840265373819852,0.05103342689461597,0.34447563153865784
E02005409,Ibstock,0.016665277893508874,0.21664861261561535,0.7582701441546538,0.0,0.24164652945587867,0.29997500208315975,0.133322223148071,0.05832847262728106,0.49995833680526625,0.14998750104157987,0.5416215315390384,0.24164652945587867,94.04216315307058,0.3583034747104408,0.10832430630780768,0.0,2.0831597366886094,0.03333055578701775,0.21664861261561535
E02006008,Shifnal,0.0,0.27732619298077843,1.424882853590896,0.2582002486372765,0.1530075547480157,0.3060151094960314,0.16257052691976667,0.11475566606101176,0.7076599407095725,0.06694080520225686,0.9084823563163431,0.40164483121354116,93.01903031462179,0.3060151094960314,0.0478148608587549,0.10519269388926078,1.453571770106149,0.009562972171750981,0.27732619298077843
E02006009,Cosford,0.012603982858583312,0.11343584572724981,0.6428031257877489,0.1008318628686665,0.5923871943534157,0.25207965717166625,0.25207965717166625,0.1890597428787497,0.46634736576758257,0.16385177716158306,0.604991177211999,0.2646836400302496,90.47138895891102,0.5545752457776657,0.13864381144441643,0.0,1.2351903201411647,2.193093017393496,1.7519536173430803
E02006010,Much Wenlock,0.008418217021634818,0.07576395319471337,0.22729185958414008,0.05892751915144372,0.12627325532452227,0.04209108510817409,0.050509302129808906,0.03367286808653927,0.26938294469231416,0.15152790638942673,0.2357100766057749,0.2441282936274097,96.46434885091338,0.42932906810337573,0.07576395319471337,0.050509302129808906,1.245896119201953,0.025254651064904453,0.185200774475966
E02006011,Bridgnorth West,0.07069635913750442,0.14139271827500885,0.07069635913750442,0.0,0.22976316719688936,0.053022269353128315,0.12371862849063273,0.07069635913750442,0.24743725698126545,0.03534817956875221,0.4065040650406504,0.10604453870625663,96.55355249204666,0.4065040650406504,0.19441498762813716,0.053022269353128315,1.0957935666313185,0.017674089784376106,0.12371862849063273
E02006012,Bridgnorth East,0.03229452607782981,0.4521233650896173,0.09688357823348942,0.0,0.5651542063620216,0.11303084127240433,0.03229452607782981,0.04844178911674471,0.3229452607782981,0.12917810431131924,0.29065073470046826,0.19376715646697884,95.23655740352011,0.6620377845955111,0.0,0.03229452607782981,1.533989988696916,0.0,0.2583562086226385
E02006013,Alveley,0.012696800406297613,0.07618080243778567,0.5078720162519045,0.1904520060944642,0.16505840528186896,0.07618080243778567,0.15236160487557135,0.08887760284408329,0.35551041137633316,0.012696800406297613,0.4062976130015236,0.15236160487557135,95.97511427120365,0.44438801422041646,0.06348400203148806,0.08887760284408329,0.9903504316912138,0.0,0.24123920771965465
E02006014,Highley,0.0,0.08071839370396529,0.2118857834729089,0.0,0.2926041771768742,0.05044899606497831,0.06053879527797397,0.010089799212995661,0.19170618504691755,0.06053879527797397,0.20179598425991324,0.20179598425991324,97.08404802744425,0.32287357481586115,0.030269397638986985,0.020179598425991322,0.9383513268085966,0.030269397638986985,0.2118857834729089
E02006016,Woore,0.0,0.0859106529209622,0.11045655375552282,0.024545900834560628,0.1718213058419244,0.06136475208640157,0.07363770250368189,0.024545900834560628,0.39273441335297005,0.12272950417280314,0.3436426116838488,0.22091310751104565,95.09081983308788,0.6504663721158567,0.3436426116838488,0.12272950417280314,1.8900343642611683,0.024545900834560628,0.24545900834560627
E02006018,Market Drayton,0.02382654276864427,0.23032324676356128,0.21443888491779842,0.18267016122627275,0.206496703994917,0.14295925661186562,0.17472798030339132,0.039710904614407114,0.28591851322373124,0.09530617107457708,0.35739814152966404,0.3415137796839012,93.6700818044635,0.27797633230084984,0.08736399015169566,0.07147962830593281,3.319831625764435,0.039710904614407114,0.2382654276864427
E02006020,Hinstock,0.3486120077469335,0.0645577792123951,0.65848934796643,0.6068431245965139,0.21949644932214332,0.32278889606197547,0.5164622336991608,0.4002582311168496,0.3615235635894125,0.14202711426726922,0.8134280180761781,0.4002582311168496,90.87153001936733,1.6655907036797934,0.4777275661717237,0.012911555842479019,1.5106520335700453,0.0,0.6068431245965139
E02006022,Shawbury,0.04949678270912391,0.14849034812737172,0.2639828411153275,0.2144860584062036,0.23098498597591158,0.06599571027883187,0.01649892756970797,0.0,0.46196997195182316,0.23098498597591158,0.1649892756970797,0.29698069625474344,95.56178848374856,0.44547104438211516,0.14849034812737172,0.0,1.4189077709948854,0.01649892756970797,0.2639828411153275
E02006038,Bayston Hill,0.035620992638328186,0.15435763476608882,0.11873664212776062,0.011873664212776063,0.0949893137022085,0.1306103063405367,0.08311564948943244,0.04749465685110425,0.3205889337449537,0.15435763476608882,0.4393255758727143,0.2849679411066255,95.51175492757065,0.379957254808834,0.0949893137022085,0.04749465685110425,1.6741866540014247,0.08311564948943244,0.33246259795772976
E02006040,Cressage,0.0,1.3102119460500963,1.477199743095697,0.06422607578676943,0.449582530507386,0.25690430314707774,0.012845215157353885,0.05138086062941554,0.3596660244059088,0.12845215157353887,0.15414258188824662,0.47527296082209375,92.43416827231856,0.5138086062941555,0.30828516377649323,0.05138086062941554,1.78548490687219,0.038535645472061654,0.12845215157353887
E02006043,Craven Arms,0.05954153021732658,0.1339684429889848,0.3125930336409646,1.0270913962488837,0.20839535576064305,0.10419767788032153,0.11908306043465317,0.0,0.23816612086930633,0.11908306043465317,0.4465614766299494,0.19350997320631141,92.89967252158381,0.461446859184281,0.0,0.014885382554331646,3.200357249181304,0.05954153021732658,0.40190532896695447
E02006046,Cleobury Mortimer,0.0112145340361108,0.0897162722888864,0.1457889424694404,0.0112145340361108,0.1233598743972188,0.0448581361444432,0.0336436021083324,0.0224290680722216,0.3700796231916564,0.0448581361444432,0.23550521475832678,0.1345744084333296,96.70292699338343,0.3027924189749916,0.0448581361444432,0.0,1.5027475608388472,0.056072670180554,0.1233598743972188
E02006118,Rugeley North,0.02699419624780672,0.25644486435416386,0.6208665136995546,0.01349709812390336,0.26994196247806723,0.16196517748684033,0.26994196247806723,0.02699419624780672,0.32393035497368067,0.09447968686732353,0.40491294371710085,0.08098258874342017,95.64043730597922,0.36442164934539073,0.05398839249561344,0.01349709812390336,1.1472533405317857,0.01349709812390336,0.21595356998245377
E02006119,Rugeley Town,0.36634509708145074,0.30528758090120894,0.2564415679570155,0.024423006472096716,0.3785566003174991,0.2808645744291122,0.0854805226523385,0.03663450970814507,0.341922090609354,0.19538405177677373,0.647209671510563,0.2930760776651606,92.78300158749542,0.4762486262058859,0.0,0.04884601294419343,3.2360483575528147,0.012211503236048358,0.23201856148491878
E02006120,Rugeley South,0.10768899418479431,0.1292267930217532,0.473831574413095,0.0,0.32306698255438293,0.11845789360327375,0.15076459185871205,0.1292267930217532,0.36614258022830065,0.0646133965108766,0.41998707732069784,0.21537798836958863,94.497092397157,0.32306698255438293,0.010768899418479432,0.10768899418479431,2.2614688778806804,0.010768899418479432,0.2907602842989446
E02006121,Hednesford Pye Green,0.0,0.10223206679161698,0.46004430056227635,0.13630942238882263,0.15334810018742545,0.0,0.15334810018742545,0.05111603339580849,0.34077355597205655,0.06815471119441131,0.5452376895552905,0.13630942238882263,96.11518146191855,0.1874254557846311,0.0,0.01703867779860283,1.294939512693815,0.10223206679161698,0.13630942238882263
E02006122,Hednesford Central,0.0,0.23587833643699566,0.707635009310987,0.13656114214773432,0.33519553072625696,0.260707635009311,0.19863438857852267,0.08690254500310367,0.39726877715704534,0.148975791433892,0.8441961514587213,0.33519553072625696,93.85474860335195,0.19863438857852267,0.012414649286157667,0.04965859714463067,1.9118559900682806,0.04965859714463067,0.23587833643699566
E02006123,Wimblebury,0.0,0.10832559579077684,0.5571030640668524,0.04642525533890436,0.3095017022593624,0.26307644692045806,0.2166511915815537,0.0,0.3714020427112349,0.06190034045187248,0.634478489631693,0.12380068090374496,95.49675023212627,0.24760136180748993,0.1392757660167131,0.03095017022593624,1.0368307025688641,0.0,0.3559269575982668
E02006124,Cannock North,0.013616557734204794,0.1770152505446623,0.46296296296296297,0.31318082788671026,0.28594771241830064,0.10893246187363835,0.1906318082788671,0.06808278867102396,0.3404139433551198,0.14978213507625274,0.8033769063180828,0.2995642701525055,93.94063180827887,0.36764705882352944,0.0,0.013616557734204794,2.1922657952069717,0.027233115468409588,0.24509803921568626
E02006125,Cannock North East,0.05473453749315818,0.12315270935960591,0.25998905309250137,0.041050903119868636,0.08210180623973727,0.150519978106185,0.30103995621237,0.09578544061302682,0.28735632183908044,0.06841817186644773,0.7252326217843459,0.19157088122605365,95.48440065681444,0.3284072249589491,0.0,0.06841817186644773,1.5736179529282976,0.02736726874657909,0.13683634373289547
E02006126,Hednesford South,0.011934598400763814,0.19095357441222102,0.4893185344313164,0.17901897601145722,0.20288817281298485,0.19095357441222102,0.23869196801527628,0.09547678720611051,0.22675736961451248,0.13128058240840196,0.6802721088435374,0.13128058240840196,95.95417114214106,0.10741138560687433,0.0,0.0,0.9905716672633966,0.011934598400763814,0.1670843776106934
E02006127,Hawks Green,0.0,0.4345997476517594,0.32244497406420863,0.11215477358755083,0.2663675872704332,0.11215477358755083,0.25234824057198935,0.04205804009533156,0.3645030141595402,0.11215477358755083,0.9392962287957382,0.28038693396887704,94.74274498808356,0.3504836674610963,0.0,0.0,1.2056638160661712,0.0,0.46263844104864715
E02006128,Cannock West,0.011802195208308745,0.2124395137495574,1.0739997639560959,0.30685707541602736,0.16523073291632243,0.17703292812463117,0.2596482945827924,0.04720878083323498,0.37767024666587984,0.08261536645816121,0.7081317124985247,0.17703292812463117,93.78024312522129,0.4956921987489673,0.02360439041661749,0.02360439041661749,1.6287029387466068,0.059010976041543727,0.3894724418741886
E02006129,Cannock South,0.18067935437244037,0.6986268369067694,0.3372681281618887,0.20476993495543241,0.6143098048662973,0.36135870874488074,0.26499638641291257,0.060226451457480124,0.31317754757889665,0.1445434834979523,1.0961214165261384,0.36135870874488074,92.18260660081908,0.26499638641291257,0.0963623223319682,0.0,2.517465670922669,0.03613587087448807,0.26499638641291257
E02006130,Norton Canes,0.06009615384615385,0.14423076923076922,0.40865384615384615,0.0,0.18028846153846154,0.2403846153846154,0.19230769230769232,0.1201923076923077,0.38461538461538464,0.09615384615384616,0.9855769230769231,0.3004807692307692,95.13221153846153,0.3245192307692308,0.10817307692307693,0.0,1.0456730769230769,0.02403846153846154,0.25240384615384615
E02006131,Mayfield,0.0,0.28427445406383256,0.10337252875048455,0.02584313218762114,0.07752939656286342,0.09045096265667399,0.1679803592195374,0.02584313218762114,0.23258818968859027,0.2067450575009691,0.23258818968859027,0.1292156609381057,96.23982426670112,0.3747254167205065,0.01292156609381057,0.07752939656286342,1.3955291381315416,0.01292156609381057,0.3101175862514537
E02006132,Uttoxeter Heath,0.0,0.18346034434095398,0.1693480101608806,0.0987863392605137,0.11289867344058707,0.1975726785210274,0.0846740050804403,0.04233700254022015,0.3810330228619814,0.0846740050804403,0.29635901778154106,0.1693480101608806,94.99012136607395,0.2822466836014677,0.0,0.014112334180073384,2.7377928309342363,0.014112334180073384,0.14112334180073385
E02006133,Uttoxeter Town,0.07206687806284232,0.24502738541366387,0.37474776592678005,0.057653502450273855,0.5188815220524647,0.08648025367541078,0.21620063418852695,0.04324012683770539,0.3603343903142116,0.11530700490054771,0.2017872585759585,0.3170942634765062,93.5572211011819,0.4324012683770539,0.07206687806284232,0.14413375612568463,2.7817814932257137,0.014413375612568464,0.3891611415393485
E02006134,Rolleston-on-Dove,0.15328607012837708,0.12454493197930638,0.8813949032381683,1.0730024908986395,0.39279555470396627,0.11496455259628281,0.17244682889442423,0.019160758766047135,0.5556620042153669,0.15328607012837708,0.6323050392795555,0.22034872580954207,92.6422686338379,0.46943858976815483,0.03832151753209427,0.03832151753209427,1.8298524621575014,0.22992910519256562,0.25867024334163635
E02006135,Burton Stretton,0.0,0.4509147127029116,0.9920123679464056,1.6104096882246843,0.4122648801855192,0.18036588508116466,0.2061324400927596,0.11594949755217727,0.32208193764493687,0.1030662200463798,0.6828137078072661,0.2576655501159495,92.14120072146353,0.16748260757536718,0.0,0.0,1.545993300695697,0.1030662200463798,0.7085802628188611
E02006136,Abbots Bromley,0.12182965998449441,0.16613135452431055,0.3876398272233913,1.218296599844944,0.36548897995348323,0.310111861778713,0.42086609812825343,0.3987152508583453,0.37656440358843724,0.13290508361944844,0.8195813489865987,0.22150847269908075,92.52408904640602,0.7199025362720124,0.2658101672388969,0.0,1.3068999889245763,0.0,0.24365931996898882
E02006137,Burton Horninglow,0.13101867016049787,0.27295556283437056,1.9325253848673436,8.046729992357244,2.2491538377552134,0.862539578556611,0.676929795829239,0.13101867016049787,0.982640026203734,0.2402008952942461,1.5176329293591004,0.5459111256687411,71.11038322961022,0.5786657932088656,0.010918222513374822,0.16377333770062233,8.909269570913855,0.09826400262037341,1.53946937438585
E02006138,Burton Eton Park,0.08689175769612711,0.2730883813306852,1.278550148957299,19.74925521350546,2.159880834160874,1.5764647467725919,0.6330685203574975,0.34756703078450846,1.266137040714995,0.26067527308838134,1.0551142005958292,0.5585898709036743,54.232869910625624,0.21102284011916583,0.07447864945382324,0.2358490566037736,14.064051638530287,0.3723932472691162,1.564051638530288
E02006139,Burton Shobnall,0.12980882700023602,0.47203209818267644,1.7819211706396034,26.705215954684917,2.7613877743686572,1.1092754307292896,0.6018409251829124,0.24781685154590513,1.2272834552749587,0.15341043190936984,1.439697899457163,0.5900401227283455,43.3325466131697,0.3068208638187397,0.16521123436393675,0.3422232711824404,15.824876091574227,0.5192353080009441,2.2893556761859806
E02006140,Burton Winshill,0.14309563558311472,0.04769854519437157,0.7989506320057238,1.0732172668733604,0.6320057238254233,0.26234199856904367,0.22656808967326497,0.08347245409015025,0.8943477223944669,0.3696637252563797,1.2401621750536609,0.25041736227045075,84.24755544955879,0.5604579060338659,0.059623181492964465,0.13117099928452183,8.32339613641784,0.059623181492964465,0.5962318149296446
E02006141,Burton Central,0.8393680052666228,0.48551678736010534,0.8393680052666228,21.774193548387096,2.1231073074391045,1.530612244897959,0.9052007899934167,0.271560236998025,0.9463462804476629,0.12343647136273865,1.489466754443713,0.8393680052666228,41.44996708360764,0.29624753127057274,0.27978933508887427,0.7323897300855826,22.325543120473995,0.3867676102699144,2.3617511520737327
E02006142,Burton Brizlincote,0.0,0.2849002849002849,0.6837606837606838,1.0256410256410255,0.26590693257359926,0.22792022792022792,0.39886039886039887,0.05698005698005698,0.5128205128205128,0.05698005698005698,0.9876543209876543,0.0949667616334283,91.35802469135803,0.5128205128205128,0.0,0.24691358024691357,2.8300094966761633,0.07597340930674264,0.3798670465337132
E02006143,Branston,0.35192492268316095,0.3945824890689986,1.2797269915751306,8.11560200490562,0.9811240268742668,0.7251786285592406,0.41591127226191743,0.10664391596459422,0.8424869361202943,0.08531513277167538,1.3970352991361843,0.31993174789378265,78.5539084995201,0.3625893142796203,0.07465074117521596,0.0959795243681348,4.990935267143009,0.08531513277167538,0.8211581529273755
E02006144,Burton Stapenhill,0.0,0.1708150317227916,0.45143972669594923,1.5129331381161542,0.7076622742801366,0.3904343582235237,0.23182040019521719,0.09760858955588092,0.6954612005856515,0.20741825280624696,1.0736944851146901,0.5002440214738897,81.8936066373841,0.5002440214738897,0.012201073694485115,0.09760858955588092,10.700341630063445,0.0854075158613958,0.6710590531966814
E02006145,Barton-under-Needwood,0.0,0.3522898842476095,0.6207012246267405,0.20130850528434827,0.4361684281160879,0.1342056701895655,0.1342056701895655,0.016775708773695688,0.6207012246267405,0.06710283509478275,0.6542526421741318,0.23485992283173965,94.43046468713302,0.6039255158530448,0.0,0.0,1.174299614158698,0.033551417547391375,0.2851870491528267
E02006146,Armitage,0.011372682815876264,0.09098146252701012,0.6482429205049471,0.03411804844762879,0.23882633913340157,0.02274536563175253,0.35255316729216424,0.05686341407938133,0.4207892641874218,0.09098146252701012,0.5117707267144319,0.27294438758103035,94.96190151256681,0.5345160923461845,0.03411804844762879,0.011372682815876264,1.6262936426703059,0.0,0.07960877971113385
E02006147,Alrewas,0.01188495364868077,0.15450439743285002,1.093415735678631,0.34466365581174235,0.2376990729736154,0.07130972189208462,0.34466365581174235,0.09507962918944617,0.46351319229855004,0.20204421202757308,0.9270263845971001,0.4516282386498693,92.50059424768243,0.4397432850011885,0.0,0.07130972189208462,2.186831471357262,0.10696458283812693,0.29712384121701924
E02006148,Burntwood North East,0.0,0.1258213337061373,0.5731860757724032,0.09786103732699566,0.11184118551656648,0.08388088913742486,0.1398014818957081,0.01398014818957081,0.36348385292884106,0.02796029637914162,0.39144414930798266,0.26562281560184536,95.88983643226618,0.6710471130993989,0.0,0.0,0.9786103732699567,0.01398014818957081,0.2516426674122746
E02006149,Lichfield Central,0.32643163588882673,0.49431076291736614,0.6528632717776535,0.10259279985077412,0.4570042902443574,0.242492072374557,0.2518186905428092,0.07461294534601753,0.6528632717776535,0.1305726543555307,0.9979481440029845,0.4570042902443574,89.95523223279238,0.6062301809363925,0.03730647267300877,0.03730647267300877,4.103711994030965,0.09326618168252192,0.32643163588882673
E02006150,Lichfield East,0.37544748100934255,0.3929101545446608,0.9167903606042085,0.1833580721208417,0.2794027765650921,0.07858203090893216,0.16589539858552343,0.05238802060595477,0.5151488692918886,0.11350737797956867,0.5238802060595478,0.5151488692918886,91.64411071335022,0.8818650135335719,0.026194010302977386,0.04365668383829564,2.794027765650921,0.07858203090893216,0.4191041648476382
E02006151,Burntwood West,0.010233319688907082,0.3888661481784691,0.6856324191567744,0.020466639377814164,0.1125665165779779,0.07163323782234957,0.13303315595579207,0.030699959066721245,0.2967662709783054,0.07163323782234957,0.5935325419566108,0.18419975440032746,95.68153909128121,0.3376995497339337,0.010233319688907082,0.030699959066721245,1.146131805157593,0.030699959066721245,0.1637331150225133
E02006152,Lichfield West,0.5480242284395731,0.4230362465147582,0.9518315546582059,0.03845784059225075,0.3268916450341313,0.23074704355350448,0.48072300740313434,0.05768676088837612,0.980674935102394,0.2115181232573791,0.9614460148062687,0.37496394577444475,90.75088933756369,0.6441688299202,0.02884338044418806,0.009614460148062687,2.7016633016056146,0.048072300740313434,0.23074704355350448
E02006153,Whittington,0.06548073774964532,0.316490232456619,1.1568263669104004,0.3492306013314417,0.4365382516643021,0.30557677616501144,0.3383171450398341,0.16370184437411328,0.5784131834552002,0.2510094947069737,0.7202881152460985,0.4801920768307323,91.67303284950344,0.6984612026628834,0.05456728145803776,0.13096147549929063,1.975335588780967,0.04365382516643021,0.26192295099858126
E02006154,Burntwood Chase Terrace,0.051872600892208735,0.1763668430335097,0.49797696856520385,0.08299616142753398,0.04149808071376699,0.11411972196285922,0.19711588339039318,0.03112356053532524,0.4668534080298786,0.1556178026766262,0.4046062869592281,0.19711588339039318,96.3481688971885,0.4876024483867621,0.03112356053532524,0.020749040356883495,0.5913476501711796,0.0,0.10374520178441747
E02006155,Burntwood Chasetown,0.0,0.2094240837696335,0.4363001745200698,0.034904013961605584,0.10471204188481675,0.12216404886561955,0.08726003490401396,0.034904013961605584,0.4712041884816754,0.13961605584642234,1.0994764397905759,0.5759162303664922,94.06631762652705,0.34904013961605584,0.0,0.0,2.0418848167539267,0.0,0.2268760907504363
E02006156,Shenstone,0.0,0.5023232450081627,8.627401733015196,0.9920884088911215,0.9418560843903052,0.3139520281301017,0.22604546025367322,0.025116162250408136,1.0172045711415296,0.17581313575285695,0.6027878940097953,0.47720708275775464,81.42659801582319,0.9669722466407134,0.0,0.0,2.0971995479090797,0.025116162250408136,1.5823182217757126
E02006157,Fazeley,0.19358407079646017,0.12444690265486726,1.1061946902654867,0.48396017699115046,0.13827433628318583,0.6775442477876106,0.8987831858407079,0.3456858407079646,0.5530973451327433,0.30420353982300885,1.4103982300884956,0.4424778761061947,89.47732300884955,0.8158185840707964,0.09679203539823009,0.11061946902654868,2.1709070796460175,0.09679203539823009,0.5530973451327433
E02006173,Loggerheads,0.01442169022209403,0.36054225555235075,1.0095183155465821,0.36054225555235075,0.4470723968849149,0.37496394577444475,0.12979521199884628,0.01442169022209403,0.25959042399769255,0.1442169022209403,0.490337467551197,0.2884338044418806,94.2169022209403,0.6201326795500433,0.0,0.02884338044418806,0.9229881742140179,0.05768676088837612,0.25959042399769255
E02006174,Penkridge,0.009155832265152902,0.11902581944698773,0.6775315876213148,0.06409082585607032,0.16480498077275224,0.12818165171214063,0.24720747115912836,0.018311664530305805,0.5310382713788684,0.13733748397729353,0.7324665812122322,0.23805163889397546,95.60520051272661,0.375389122871269,0.04577916132576451,0.0,0.6134407617652444,0.009155832265152902,0.28383080021974
E02006175,Huntington,0.0,0.2044392523364486,1.1974299065420562,0.3358644859813084,0.29205607476635514,0.3942757009345794,0.21904205607476634,0.07301401869158879,0.35046728971962615,0.05841121495327103,0.5110981308411215,0.2336448598130841,94.14427570093459,0.3942757009345794,0.21904205607476634,0.014602803738317757,1.0952102803738317,0.029205607476635514,0.2336448598130841
E02006176,Brewood,0.0273000273000273,0.0819000819000819,0.8326508326508326,0.313950313950314,0.1638001638001638,0.28665028665028663,0.23205023205023206,0.04095004095004095,0.7371007371007371,0.0,0.6552006552006552,0.313950313950314,94.43079443079444,0.7371007371007371,0.12285012285012285,0.0273000273000273,0.8736008736008736,0.01365001365001365,0.1092001092001092
E02006177,Cheslyn Hay,0.04090397791185193,0.18406790060333367,0.6340116576337049,0.06135596686777789,0.1738419061253707,0.08180795582370386,0.24542386747111156,0.0,0.2761018509050005,0.10225994477962982,0.572655690765927,0.20451988955925965,96.16525207076388,0.36813580120666733,0.04090397791185193,0.010225994477962982,0.4908477349422231,0.05112997238981491,0.2965538398609265
E02006178,Great Wyrley,0.0,0.15980823012385137,1.26514848848049,0.14649087761353044,0.17312558263417233,0.013317352510320948,0.11985617259288853,0.05326941004128379,0.2929817552270609,0.07990411506192568,0.8789452656811826,0.18644293514449328,95.2323878013051,0.3995205753096284,0.013317352510320948,0.10653882008256758,0.8389932081502197,0.013317352510320948,0.026634705020641896
E02006179,Featherstone West,0.44043624161073824,0.12583892617449666,2.0763422818791946,2.4538590604026846,0.5033557046979866,0.8808724832214765,2.191694630872483,0.8179530201342282,0.6921140939597316,0.2726510067114094,2.6111577181208054,0.7235738255033557,82.61325503355705,0.6396812080536913,0.9228187919463087,0.11535234899328858,1.4156879194630871,0.07340604026845637,0.4299496644295302
E02006180,Featherstone East,0.014386419220256078,0.07193209610128039,2.546396201985326,0.38843331894691413,0.18702344986332903,0.359660480506402,0.7049345417925479,0.17263703064307295,0.546683930369731,0.05754567688102431,1.438641922025608,0.21579628830384118,91.10919292188174,0.3165012228456337,0.5754567688102431,0.04315925766076824,0.7624802186735722,0.014386419220256078,0.4747518342684506
E02006181,Bilbrook,0.017988846914912753,0.2338550098938658,2.860226659471128,0.28782155063860404,0.5216765605324699,0.1259219284043893,0.6296096420219464,0.1259219284043893,0.7915092642561612,0.21586616297895306,2.122683935959705,0.3058103975535168,89.33261377945674,0.4497211728728189,0.1259219284043893,0.017988846914912753,1.2772081309588055,0.10793308148947653,0.4497211728728189
E02006182,Codsall,0.0,0.2099370188943317,3.6529041287613717,0.363890832750175,0.4058782365290413,0.27991602519244224,0.26592022393282017,0.0979706088173548,0.7697690692792163,0.02799160251924423,1.2876137158852343,0.363890832750175,89.75507347795661,0.5318404478656403,0.013995801259622114,0.0,1.0496850944716585,0.05598320503848846,0.867739678096571
E02006185,Wombourne Inner,0.0,0.21061499578770007,2.737994945240101,0.09828699803426004,0.4493119910137602,0.23869699522606008,0.23869699522606008,0.04212299915754002,0.3089019938219601,0.11232799775344005,0.9969109800617804,0.16849199663016007,92.86717214265656,0.35102499297950013,0.04212299915754002,0.0,0.7862959842740803,0.05616399887672002,0.2948609941027801
E02006186,Wombourne Outer,0.04002561639449247,0.11207172590457894,2.6256804354787064,0.04803073967339097,0.21613832853025935,0.23214857508805636,0.37624079410822925,0.12007684918347743,0.42427153378162025,0.10406660262568043,0.5923791226384887,0.24815882164585334,92.80339417227026,0.3682356708293308,0.03202049311559398,0.008005123278898496,0.776496958053154,0.024015369836695485,0.8485430675632405
E02006187,Kinver,0.0422237860661506,0.11259676284306826,0.7459535538353272,0.23926812104152007,0.1266713581984518,0.07037297677691766,0.2533427163969036,0.0844475721323012,0.5489092188599578,0.05629838142153413,0.844475721323012,0.2674173117522871,94.7923997185081,0.32371569317382126,0.0422237860661506,0.014074595355383532,0.8304011259676284,0.23926812104152007,0.36593947923997183
E02006189,Barlaston,0.02788622420524261,0.32069157836029,1.1572783045175683,0.39040713887339656,0.4601226993865031,0.3067484662576687,0.2509760178471835,0.06971556051310653,0.36252091466815395,0.09760178471834914,0.47406581148912436,0.3485778025655326,93.94868934746235,0.5437813720022309,0.0,0.0,1.0457334076965978,0.013943112102621304,0.18126045733407697
E02006190,Stone Town,0.02707581227436823,0.22563176895306858,0.6768953068592057,0.09025270758122744,0.47833935018050544,0.27978339350180503,0.09025270758122744,0.036101083032490974,0.36101083032490977,0.18953068592057762,0.7310469314079422,0.3249097472924188,93.5740072202166,0.5144404332129964,0.036101083032490974,0.02707581227436823,1.8953068592057762,0.13537906137184116,0.30685920577617326
E02006191,Little Stoke,0.09854644000985464,0.3325942350332594,0.5050505050505051,0.23404779502340478,0.22172949002217296,0.14781966001478197,0.09854644000985464,0.07390983000739099,0.5050505050505051,0.11086474501108648,0.5420054200542005,0.3572308450357231,94.48139935944813,0.3941857600394186,0.01231830500123183,0.01231830500123183,1.4905149051490514,0.13550135501355012,0.2463661000246366
E02006192,Eccleshall,0.0,0.25024480470025023,0.456968773800457,0.2176041780002176,0.23936459580023936,0.1740833424001741,0.23936459580023936,0.06528125340006528,0.544010445000544,0.2828854314002829,0.6636927429006637,0.26112501360026114,94.26612990969427,0.5984114895005984,0.06528125340006528,0.1088020890001088,1.1533021434011532,0.15232292460015232,0.26112501360026114
E02006193,Stafford Common,0.16036349057864493,0.5479085928103702,2.418815982894561,0.8953628223974341,0.9354536950420954,0.6815448349592409,0.4009087264466123,0.10690899371909662,0.5078177201657089,0.10690899371909662,0.694908459174128,0.33409060537217694,88.40037418147801,0.4009087264466123,0.06681812107443538,0.0,2.6326339703327544,0.16036349057864493,0.5479085928103702
E02006194,Doxey,0.20276717557251908,0.36975190839694655,1.407442748091603,0.21469465648854963,0.5248091603053435,0.6202290076335878,0.5963740458015268,0.2385496183206107,0.5725190839694656,0.2743320610687023,1.5505725190839694,0.4174618320610687,87.7385496183206,0.2862595419847328,0.26240458015267176,0.059637404580152674,4.043416030534351,0.11927480916030535,0.5009541984732825
E02006195,Weston,0.011429877700308606,0.1714481655046291,0.3086066979083324,0.03428963310092582,0.19430792090524632,0.045719510801234424,0.2971768202080238,0.0,0.3428963310092582,0.12572865470339467,0.4114755972111098,0.2971768202080238,96.13670133729569,0.49148474111327006,0.08000914390216024,0.011429877700308606,0.8229511944222196,0.011429877700308606,0.2057377986055549
E02006196,Stafford North East,0.3168044077134986,0.3168044077134986,3.9393939393939394,0.9917355371900827,3.746556473829201,1.418732782369146,1.0881542699724518,0.3443526170798898,0.3168044077134986,0.3168044077134986,1.143250688705234,0.45454545454545453,77.67217630853995,0.5785123966942148,0.06887052341597796,0.1928374655647383,5.316804407713499,0.3856749311294766,1.3911845730027548
E02006197,Central Stafford,0.03176956475696283,0.5400826008683681,1.3237318648734513,0.5294927459493805,2.414486921529175,1.1331144763316743,0.7518796992481203,0.5824420205443186,0.7095202795721699,0.23297680821772743,1.1225246214126867,0.6353912951392566,80.27110028592608,0.5612623107063434,0.12707825902785133,0.16943767870380175,7.423488298210314,0.434184051678492,1.0060362173038229
E02006198,Littleworth,0.12286384452138947,0.5919803417848766,2.111024237685692,0.547302580140735,2.111024237685692,0.5584720205517704,0.2568971294538144,0.08935552328828325,0.6366581034290182,0.22338880822070814,0.5584720205517704,0.4244387356193455,87.73595442868313,0.6813358650731598,0.3127443315089914,0.0,2.390260247961577,0.22338880822070814,0.4244387356193455
E02006199,Rowley,0.10819908631882665,0.45684058667949023,2.4404905025246455,0.1442654484251022,0.4929069487857658,0.6612166386150516,0.27650877614811253,0.09617696561673479,0.5289733108920414,0.16830968982928587,0.7453714835296946,0.2163981726376533,90.05770617937004,0.6612166386150516,0.0,0.0,2.40442414041837,0.10819908631882665,0.4327963452753066
E02006200,Highfields,0.0,0.2068519715578539,0.5429864253393665,0.3878474466709761,0.4266321913380737,0.6722689075630253,0.6722689075630253,0.40077569489334197,0.40077569489334197,0.2456367162249515,1.7194570135746607,0.5429864253393665,87.18810601163543,0.5429864253393665,0.07756948933419522,0.1292824822236587,5.35229476405947,0.10342598577892695,0.3878474466709761
E02006201,Weeping Cross,0.20635575732562939,0.6851011143210896,2.3111844820470493,0.7181180354931903,0.5860503508047874,0.47874535699546017,0.17333883615352869,0.05777961205117623,0.7924061081304168,0.14857614527445315,0.5695418902187371,0.3962030540652084,89.54189021873711,0.45398266611638466,0.0,0.008254230293025175,1.7664052827073875,0.21460998761865457,0.8914568716467189
E02006202,Gnosall,0.0,0.043449923962633065,0.27156202476645663,0.021724961981316532,0.33673691071040623,0.162937214859874,0.1303497718878992,0.0651748859439496,0.325874429719748,0.05431240495329133,0.4236367586356724,0.2606995437757984,95.42689550293287,0.488811644579622,0.043449923962633065,0.0,1.5967847056267652,0.08689984792526613,0.2606995437757984
E02006203,Mosspit,0.35137948984903694,0.2342529932326913,1.366475793857366,0.49453409682457056,0.5205622071837585,0.8979698073919833,0.7678292555960438,0.32535137948984905,0.49453409682457056,0.24726704841228528,1.2623633524206144,0.5465903175429464,87.42842269651223,0.5075481520041645,0.026028110359187923,0.0,3.6179073399271213,0.2863092139510672,0.6246746486205101
E02006217,Coton Farm,0.019592476489028215,0.23510971786833856,0.6857366771159875,0.07836990595611286,0.24490595611285265,0.10775862068965517,0.23510971786833856,0.1469435736677116,0.5289968652037618,0.1469435736677116,0.9306426332288401,0.18612852664576804,92.83894984326018,0.5681818181818182,0.05877742946708464,0.009796238244514107,2.7135579937304075,0.05877742946708464,0.20572100313479624
E02006218,Central Tamworth,0.10654670297146916,0.27228601870486563,0.5800876050668876,0.0947081804190837,0.29596306380963655,0.3669941991239493,0.3669941991239493,0.04735409020954185,0.485379424647804,0.21309340594293832,0.9115662365336806,0.2486089736000947,86.8829170119569,0.5327335148573458,0.011838522552385463,0.5090564697525749,7.635847046288623,0.04735409020954185,0.39067124422872024
E02006219,Amington,0.04806536890170632,0.10814708002883922,0.9733237202595529,0.07209805335255948,0.26435952895938475,0.10814708002883922,0.4686373467916366,0.02403268445085316,0.49267003124248976,0.19226147560682527,0.9252583513578466,0.45662100456621,90.36289353520789,0.5767844268204758,0.01201634222542658,0.09613073780341264,4.518144676760394,0.02403268445085316,0.27637587118481133
E02006220,Bolehall,0.09541984732824428,0.12268266085059978,0.5179934569247546,0.12268266085059978,0.23173391494002182,0.1499454743729553,0.13631406761177753,0.013631406761177753,0.3816793893129771,0.13631406761177753,0.9814612868047983,0.3271537622682661,91.52126499454744,0.5997818974918212,0.013631406761177753,0.06815703380588876,4.0348964013086155,0.13631406761177753,0.4089422028353326
E02006221,Kettlebrook,0.08599931200550395,0.6019951840385277,0.48159614723082217,0.08599931200550395,0.3955968352253182,0.12039903680770554,0.44719642242862057,0.08599931200550395,0.41279669762641896,0.13759889920880633,0.8771929824561403,0.44719642242862057,89.71448228414172,0.5503955968352253,0.01719986240110079,0.2579979360165119,4.695562435500516,0.2579979360165119,0.32679738562091504
E02006222,Belgrave,0.05795421616922631,0.275282526803825,0.6374963778614894,0.21732831063459868,0.5360764995653434,0.15937409446537235,0.28977108084613157,0.11590843233845262,0.275282526803825,0.11590843233845262,1.130107215299913,0.24630541871921183,89.10460736018545,0.6664734859461026,0.028977108084613155,0.15937409446537235,5.520139090118806,0.15937409446537235,0.30425963488843816
E02006223,Glascote Heath,0.01457301078402798,0.1311570970562518,0.2623141941125036,0.01457301078402798,0.2768872048965316,0.2185951617604197,0.2623141941125036,0.18944914019236375,0.34975225881667155,0.20402215097639173,1.2824249489944624,0.3788982803847275,89.49285922471583,0.4226173127368114,0.0,0.1603031186243078,5.931215389099388,0.04371903235208394,0.3643252696006995
E02006224,Wilnecote East,0.026712969146520636,0.17363429945238412,0.9883798584212635,0.38733805262454923,0.32055562975824764,0.33391211433150797,0.6143982903699746,0.21370375317216508,0.49418992921063176,0.09349539201282223,0.8948844664084413,0.1335648457326032,91.33164151195406,0.8013890743956191,0.0,0.09349539201282223,2.818218244957927,0.026712969146520636,0.25377320689194605
E02006225,Dosthill,0.054488489306633976,0.4222857921264133,0.7764609726195342,0.08173273395995095,0.4086636697997548,0.10897697861326795,0.28606456885982834,0.08173273395995095,0.7764609726195342,0.06811061163329246,0.7900830949461927,0.27244244653316985,93.54311401716387,0.4086636697997548,0.0,0.013622122326658494,1.5120555782590928,0.027244244653316988,0.36779730281977935
E02006226,Wilnecote West,0.0,0.28188865398167723,0.47317024061210106,0.1812141347025068,0.14094432699083861,0.23155139434209202,0.28188865398167723,0.15101177891875567,0.453035336756267,0.1812141347025068,0.9564079331521192,0.24161884627000907,92.5601530252693,0.5738447598912715,0.030202355783751134,0.08053961542333635,3.020235578375113,0.020134903855834087,0.14094432699083861
E02006468,Polesworth,0.027377258623836467,0.0821317758715094,0.3924073736083227,0.05475451724767293,0.20989231611607959,0.17338930461763097,0.1460120459937945,0.06388027012228509,0.18251505749224312,0.09125752874612156,0.3924073736083227,0.22814382186530388,95.51012958569082,0.5749224311005658,0.05475451724767293,0.036503011498448625,1.6608870231794124,0.0,0.11863478736995803
E02006469,Dordon,0.06836048763814515,0.10254073145721773,0.5127036572860887,0.11393414606357526,0.14811438988264783,0.23926170673350802,0.34180243819072575,0.09114731685086021,0.46712999886065854,0.17090121909536288,0.7291785348068817,0.39876951122251336,93.26649196764271,0.5924575595305913,0.022786829212715052,0.07975390224450268,2.3584368235160076,0.022786829212715052,0.2734419505525806
E02006470,Atherstone,0.0,0.09372071227741331,0.7497656982193065,0.23856181306977933,0.23856181306977933,0.11928090653488967,0.3067223310897163,0.06816051801993696,0.36636278435716113,0.10224077702990543,0.7668058277242907,0.27264207207974783,92.04225952117235,0.46008349663457443,0.0,0.3152423958422084,3.518786742779245,0.0426003237624606,0.2982022663372242
E02006471,Kingsbury,0.0,0.15786452353616534,1.0907003444316876,0.38748564867967855,0.34443168771526983,0.17221584385763491,0.34443168771526983,0.1148105625717566,0.25832376578645233,0.21526980482204364,0.8754305396096441,0.30137772675086105,93.14006888633754,0.9758897818599311,0.0,0.0574052812858783,1.1911595866819746,0.07175660160734787,0.30137772675086105
E02006472,Hartshill,0.0,0.10179153094462541,0.6005700325732899,0.16286644951140064,0.16286644951140064,0.23412052117263843,0.40716612377850164,0.07125407166123779,0.30537459283387625,0.14250814332247558,0.620928338762215,0.21376221498371337,94.38110749185668,0.46824104234527686,0.01017915309446254,0.01017915309446254,1.7609934853420195,0.02035830618892508,0.3257328990228013
E02006473,Coleshill,0.019267822736030827,0.2119460500963391,0.5009633911368016,0.279383429672447,0.2697495183044316,0.14450867052023122,0.29865125240847784,0.07707129094412331,0.5780346820809249,0.22157996146435452,1.4836223506743738,0.4624277456647399,92.36030828516378,1.252408477842004,0.0,0.009633911368015413,1.579961464354528,0.057803468208092484,0.1926782273603083
E02006474,New Arley,0.0,0.26591584545596747,1.5798529641795713,0.12513686844986704,0.37541060534960113,0.14077897700610043,0.26591584545596747,0.14077897700610043,0.8759580791490693,0.18770530267480057,1.0793054903801031,0.35976849679336775,90.6303769748162,0.985452839042703,0.1564210855623338,0.03128421711246676,2.252463632097607,0.18770530267480057,0.35976849679336775
E02006475,Weddington,0.0,0.31292375091269425,4.047147178470846,0.5736935433399395,0.761447793887556,0.980494419526442,0.4589548346719516,0.26076979242724524,0.5528319599457598,0.15646187545634713,0.6988630437050172,0.3442161260039637,87.4100344216126,0.604985918431209,0.0,0.07301554187962866,2.086158339417962,0.04172316678835924,0.6362782935224783
E02006476,Camp Hill,0.14581814394333922,0.29163628788667845,1.3331944589105302,0.5311946672221644,1.8643891261326946,2.9163628788667846,0.3749609415685866,0.4582855952504947,0.604103739193834,0.21872721591500885,0.9374023539214665,0.39579210498906364,80.75200499947923,0.33329861472763256,0.07290907197166961,0.10415581710238517,7.874179772940319,0.052077908551192584,0.7395063014269347
E02006477,Horeston Grange,0.04579278763594734,0.32054951345163135,5.998855180309102,1.1448196908986834,0.9273039496279336,1.1448196908986834,0.30910131654264456,0.35489410417859185,0.5380652547223812,0.2289639381797367,0.6182026330852891,0.27475672581568406,83.53749284487694,0.4922724670864339,0.03434459072696051,0.04579278763594734,2.564396107613051,0.02289639381797367,1.3966800228963938
E02006478,Galley Common,0.0,0.16662699357295882,1.3211140204713163,0.535586765055939,0.4522732682694596,0.7022137586288979,0.32135205903356345,0.047607712449416806,0.41656748393239706,0.1547250654606046,0.7974291835277315,0.28564627469650083,90.91882885027374,0.357057843370626,0.011901928112354201,0.035705784337062604,3.0587955248750296,0.035705784337062604,0.38086169959533445
E02006479,Nuneaton Town Centre,0.38259728902492346,0.3279405334499344,14.811980760822038,1.8255356362046349,7.094446873633581,1.639702667249672,0.3935286401399213,0.3170091823349366,0.6230870135548754,0.2404897245299519,0.7651945780498469,0.4372540445999126,59.20419763882816,0.3170091823349366,0.09838216003498032,0.22955837341495408,8.919982509838215,0.3279405334499344,2.0441626585045913
E02006480,Tomkinson Road,0.0267022696929239,0.1602136181575434,3.230974632843792,0.30707610146862485,1.7356475300400533,0.8678237650200267,0.4672897196261682,0.253671562082777,0.507343124165554,0.0801068090787717,0.8811748998664887,0.3204272363150868,84.37917222963952,0.3604806408544726,0.06675567423230974,0.20026702269692923,5.380507343124165,0.04005340453938585,0.7343124165554072
E02006481,Stockingford,0.08197841235141413,0.19128296215329962,1.1476977729197977,0.2869244432299494,0.4918704741084848,1.2160131165459762,0.40989206175707066,0.19128296215329962,0.2869244432299494,0.2869244432299494,1.0657193605683837,0.2869244432299494,88.20877169012161,0.3689028555813636,0.05465227490094275,0.31425058068042083,4.782074053832491,0.05465227490094275,0.27326137450471377
E02006482,Bermuda,0.06891798759476224,0.4272915230875258,6.133700895933838,0.7443142660234321,1.3783597518952446,1.791867677463818,0.6202618883528601,0.4135079255685734,0.523776705720193,0.27567195037904896,0.9097174362508614,0.22053756030323915,80.96485182632667,0.4272915230875258,0.0,0.09648518263266713,4.135079255685734,0.2343211578221916,0.6340454858718125
E02006483,Caldwell,0.2638522427440633,0.201030280185953,12.049252418645558,1.8720944842316873,4.058298781253926,0.980022615906521,0.42718934539515013,0.1382083176278427,0.6910415881392135,0.3266742053021736,0.6533484106043472,0.4146249528835281,66.95564769443398,0.5402688779997488,0.18846588767433095,0.201030280185953,7.639150647066215,0.5151400929765045,1.8846588767433095
E02006484,Attleborough,0.0,0.3924133420536298,4.21190320470896,0.4316546762589928,1.870503597122302,0.5362982341399608,0.35317200784826686,0.14388489208633093,0.4970568999345978,0.1962066710268149,0.7063440156965337,0.37933289731850883,85.00981033355134,0.7063440156965337,0.06540222367560497,0.0,3.7540876389797253,0.052321778940483975,0.6932635709614127
E02006485,Whitestone,0.07589556769884638,0.12143290831815422,4.143897996357013,0.37947783849423194,0.22768670309653916,0.5160898603521554,0.10625379477838494,0.15179113539769276,0.3339404978749241,0.07589556769884638,0.5768063145112325,0.10625379477838494,89.90588949605343,1.0170006071645417,0.0,0.0,1.7759562841530054,0.0,0.48573163327261687
E02006486,Bedworth Woodlands,0.0,0.1976563602993082,3.3883947479881407,0.12706480304955528,0.5364958350981223,0.43766765494846815,0.29648454044896233,0.042354934349851756,0.2117746717492588,0.08470986869970351,0.5082592121982211,0.3106028518989129,89.53833121558661,0.4941409007482705,0.0,0.05647324579980234,3.275448256388536,0.014118311449950585,0.4800225892983199
E02006487,Bedworth Town,0.0,0.11512447834220751,1.640523816376457,0.17268671751331127,0.5324507123327098,0.6331846308821413,0.3309828752338466,0.24463951647719095,0.4029356741977263,0.23024895668441503,0.8778241473593322,0.1870772773060872,90.09929486257015,0.6331846308821413,0.12951503813498344,0.0,3.324219312131242,0.11512447834220751,0.3309828752338466
E02006488,Bulkington,0.049350222075999345,0.06580029610133245,1.7601579207106433,0.2632011844053298,0.5264023688106596,0.42770192465866097,0.06580029610133245,0.08225037012666557,0.5264023688106596,0.0,0.2303010363546636,0.19740088830399738,92.4000658002961,0.8389537752919888,0.27965125843066296,0.016450074025333113,1.6943576246093108,0.1316005922026649,0.4441519986839941
E02006489,Bedworth Coalpit Field,0.037267080745341616,0.4472049689440994,10.22360248447205,1.0062111801242235,1.6273291925465838,2.298136645962733,0.43478260869565216,0.2857142857142857,0.782608695652174,0.2732919254658385,0.968944099378882,0.38509316770186336,72.08695652173913,0.39751552795031053,0.11180124223602485,0.0,5.614906832298137,0.16149068322981366,2.857142857142857
E02006490,Bedworth Heath,0.09040423608420509,0.43910628955185327,5.08846700245383,0.413276507813509,1.4593826682164535,0.9427870334495674,0.4649360712901976,0.2066382539067545,0.4907658530285419,0.29704248999095956,0.7748934521503293,0.2712127082526153,82.5648973266176,0.37453183520599254,0.07748934521503294,0.1162340178225494,4.352318222911016,0.12914890869172155,1.4464677773472814
E02006494,Rugby Town North,0.4811657959857025,0.5086609843277426,3.656860049491339,1.1685455045367061,1.2510310695628266,2.5708001099807536,1.8696728072587296,0.577398955182843,0.7148748968930437,0.769865273577124,1.6772064888644487,0.6873797085510036,62.331591971405004,1.0585647511685454,0.06873797085510036,0.4811657959857025,18.847951608468517,0.06873797085510036,1.2097882870497663
E02006495,Wolston,0.11580030880082347,0.27020072053525473,4.155944415851776,0.3602676273803397,0.373134328358209,0.3474009264024704,0.3474009264024704,0.16726711271230058,0.5918682449819866,0.21873391662377767,0.3988677303139475,0.30880082346886256,87.81523417395779,1.3510036026762737,0.09006690684508492,0.03860010293360782,2.341739577972208,0.0,0.7076685537828101
E02006497,New Bilton,0.09892419933226165,0.5193520464943737,4.983306541362681,0.6059107209101027,1.4467664152343267,2.2999876344750834,1.2612835414863361,0.45752442191171017,1.347842215902065,0.506986521577841,1.7311734883145788,0.6677383454927661,62.30988005440831,1.0016075182391493,0.13602077408185978,0.27204154816371956,18.783232348213183,0.14838629899839248,1.4220353654012612
E02006498,Cawston,0.12984202553559834,0.7213445863088798,4.299213734400923,0.48330087282694945,1.1469378922311189,1.421048835028493,0.3606722931544399,0.33903195556517346,0.8079059366659453,0.3606722931544399,0.9305345163384549,0.5626487773209262,79.62922888263724,0.7213445863088798,0.11541513380942076,0.10098824208324317,6.903267690975979,0.2308302676188415,0.7357714780350574
E02006503,Dunchurch,0.23596499852521877,0.7078949955756563,3.0872087307049454,0.38344312260348046,0.62923999606725,1.2683118670730509,0.39327499754203127,0.30478812309507425,1.0225149936092812,0.314619998033625,0.7668862452069609,0.5309212466817422,85.5176482155147,0.7668862452069609,0.0,0.039327499754203125,3.421492478615672,0.019663749877101563,0.5899124963130469
E02006504,Earlswood,0.10211027910142954,0.17018379850238258,2.399591558883594,0.8679373723621511,0.4084411164057182,0.05105513955071477,0.2042205582028591,0.0,0.6807351940095303,0.2893124574540504,0.49353301565690944,0.22123893805309736,90.11232130701157,1.5997277059223962,0.0,0.03403675970047652,1.718856364874064,0.05105513955071477,0.595643294758339
E02006505,Henley-in-Arden,0.07181844297615628,0.15800057454754382,0.4596380350474002,0.07181844297615628,0.43091065785693766,0.10054582016661878,0.18672795173800633,0.014363688595231256,0.3878195920712439,0.17236426314277506,0.4452743464521689,0.18672795173800633,93.17724791726515,1.1203677104280378,0.08618213157138753,0.0,2.5567365699511635,0.057454754380925024,0.31600114909508764
E02006506,Studley,0.016570008285004142,0.231980115990058,0.44739022369511183,0.18227009113504558,0.38111019055509526,0.21541010770505387,0.09942004971002485,0.0,0.48053024026512015,0.0,0.8782104391052196,0.24855012427506215,93.10687655343828,0.9942004971002486,0.09942004971002485,0.033140016570008285,2.220381110190555,0.033140016570008285,0.33140016570008285
E02006507,Southam,0.018130722509291996,0.3082222826579639,0.9790590155017678,0.09971897380110598,0.3807451726951319,0.29009156014867193,0.08158825129181398,0.09065361254645998,0.8249478741727858,0.22663403136614993,0.3716798114404859,0.29009156014867193,91.88650167709183,0.7252289003716799,0.04532680627322999,0.0,3.145680355362161,0.027196083763937992,0.20850330885685794
E02006508,Harbury,0.008965393580778197,0.17034247803478572,0.7441276672045902,0.12551551013089474,0.32275416890801506,0.2151694459386767,0.12551551013089474,0.017930787161556393,0.6903353057199211,0.2151694459386767,0.457235072619688,0.2241348395194549,92.764927380312,0.9234355388201542,0.02689618074233459,0.017930787161556393,2.7254796485565715,0.017930787161556393,0.20620405235789852
E02006509,Alcester,0.01703867779860283,0.34077355597205655,0.9371272789231556,0.10223206679161698,0.5452376895552905,0.1874254557846311,0.08519338899301414,0.05111603339580849,0.6645084341455103,0.13630942238882263,0.4770829783608792,0.34077355597205655,92.21332424603851,0.698585789742716,0.01703867779860283,0.0,2.879536547963878,0.01703867779860283,0.2896575225762481
E02006510,Wilmcote,0.014594279042615295,0.40863981319322823,0.5837711617046117,0.10215995329830706,0.37945125510799765,0.11675423234092236,0.07297139521307647,0.0,0.5983654407472271,0.20431990659661411,0.29188558085230587,0.29188558085230587,92.22124927028605,0.9048453006421483,0.3502626970227671,0.0,3.123175715119673,0.10215995329830706,0.23350846468184472
E02006511,Wellesbourne,0.0,0.18767007600638078,0.8351318382283944,0.028150511400957118,0.22520409120765694,0.22520409120765694,0.1689030684057427,0.056301022801914236,0.6193112508210565,0.18767007600638078,0.3565731444121235,0.44102467861499484,91.65806512151637,0.8257483344280755,0.07506803040255232,0.1219855494041475,3.4343623909167684,0.1689030684057427,0.3847236558130806
E02006512,Stratford North,0.07317668103097813,0.6911130986259045,1.6261484673550695,0.3577526628181153,1.0163427920969184,0.34962192048133994,0.17887633140905765,0.07317668103097813,1.1139117001382226,0.25205301244003575,0.585413448247825,0.5691519635742743,77.64858931620456,0.8781201723717376,0.12196113505163021,0.2927067241239125,12.570127652654687,0.40653711683876737,1.1952191235059761
E02006513,Stratford South East,0.011994722322178242,0.7796569509415857,1.2114669545400023,0.19191555715485187,0.9595777857742593,0.29986805805445604,0.2518891687657431,0.07196833393306945,0.9595777857742593,0.29986805805445604,0.5037783375314862,0.5877413937867338,85.21050737675422,1.2714405661508936,0.07196833393306945,0.05997361161089121,6.573107832553676,0.05997361161089121,0.6237255607532686
E02006514,Stratford South West,0.022568269013766643,0.48521778379598285,1.128413450688332,0.18054615211013314,0.631911532385466,0.23696682464454977,0.2031144211238998,0.033852403520649964,0.7673211464680659,0.2595350936583164,0.4062288422477996,0.7221846084405326,85.98510494245092,1.128413450688332,0.011284134506883321,0.022568269013766643,7.142857142857143,0.18054615211013314,0.4513653802753329
E02006516,Kineton,0.03127280308558324,0.30230376316063795,0.9590326279578859,0.23975815698947148,0.5003648493693318,0.13551548003752736,0.21890962159908267,0.13551548003752736,0.5524861878453039,0.12509121234233295,0.35442510163661,0.4169707078077765,91.29573647451267,0.5733347232356927,0.010424267695194413,0.06254560617116647,3.690190764098822,0.041697070780777654,0.35442510163661
E02006519,Kenilworth West,0.03753753753753754,1.0885885885885886,2.1271271271271273,0.17517517517517517,1.0760760760760761,0.2752752752752753,0.2502502502502503,0.08758758758758758,1.0385385385385386,0.2502502502502503,0.513013013013013,0.6131131131131131,85.18518518518519,1.3888888888888888,0.0,0.0,5.367867867867868,0.1001001001001001,0.42542542542542544
E02006520,Kenilworth East,0.0,0.8648264423646488,2.7721833905935314,0.3909489396990878,0.6989693164317025,0.2013979386328634,0.1540101883663073,0.035540812699917074,1.066224380997512,0.16585712593294633,0.521265252932117,0.6041938158985902,86.1864707972989,0.995142755597678,0.047387750266556096,0.08292856296647316,4.335979149389883,0.07108162539983415,0.8055917545314536
E02006521,Kenilworth South,0.04107338444687842,0.9720700985761227,1.4649507119386638,0.2738225629791895,0.6297918948521358,0.21905805038335158,0.10952902519167579,0.027382256297918947,0.8762322015334063,0.16429353778751368,0.3696604600219058,0.23274917853231106,88.93756845564074,1.328039430449069,0.013691128148959474,0.0,3.847207009857612,0.013691128148959474,0.4791894852135816
E02006522,Kingswood,0.0,0.2928005511539786,1.7568033069238718,0.1550120564932828,0.4305890458146745,0.1550120564932828,0.24112986565621772,0.01722356183258698,0.9300723389596969,0.10334137099552188,0.5167068549776094,0.3961419221495005,90.38925249741646,1.550120564932828,0.0,0.0,2.0496038580778504,0.34447123665173957,0.6717189114708921
E02006523,Cubbington,0.1550147263990079,2.54999224926368,5.627034568283987,0.5425515423965277,1.705161990389087,1.7516664083087894,0.27902650751821423,0.1782669353588591,1.2401178111920632,0.21702061695861108,0.7673228956750892,0.8835839404743451,76.21299023407224,1.37188032863122,0.007750736319950395,0.038753681599751975,5.146488916447063,0.4805456518369245,0.8448302588745931
E02006524,Lillington,0.27149321266968324,0.5972850678733032,3.0588235294117645,0.669683257918552,1.5203619909502262,1.1402714932126696,0.6334841628959276,0.18099547511312217,1.4660633484162895,0.39819004524886875,1.2850678733031675,0.8144796380090498,77.35746606334841,1.918552036199095,0.0,0.05429864253393665,7.203619909502263,0.23529411764705882,1.1945701357466063
E02006525,Leamington Central,0.05370569280343716,0.8746355685131195,6.252877090685899,0.40662881694030995,1.204541967162805,0.5677458953506215,0.24551173852999847,0.09973914377781187,1.3272978364278043,0.2608562221881234,0.7365352155899954,0.8132576338806199,73.76860518643548,1.9717661500690502,0.06905017646156207,0.17646156206843638,9.613319011815252,0.29921743133343565,1.2582476599662422
E02006526,Warwick North,0.08090614886731391,0.4507628294036061,4.773462783171521,0.6010171058714748,0.8668515950069348,0.53166897827092,0.3351826167360148,0.1155802126675913,0.9477577438742487,0.3582986592695331,0.9130836800739713,0.705039297272307,81.13730929264909,1.317614424410541,0.04623208506703652,0.13869625520110956,5.501618122977346,0.2311604253351826,0.9477577438742487
E02006527,Leamington West,0.010687186063909372,0.9725339318157529,6.935983755477183,0.5771080474511061,1.2290263973495779,0.9618467457518436,0.3099283958533718,0.14962060489473122,1.3145238858608528,0.4274874425563749,0.8015389547932029,1.1328417227743934,71.92476221011007,2.062626910334509,0.09618467457518436,0.12824623276691247,9.329913433792882,0.2351180934060062,1.400021374372128
E02006528,Leamington East,0.0711490572749911,0.7203842049092849,12.202063322660974,0.7915332621842761,1.529704731412309,0.8982568480967628,0.4891497687655639,0.20455353966559944,1.5385983635716827,0.3557452863749555,1.102810387762362,1.111704019921736,60.32550693703308,1.8676627534685166,0.026680896478121666,0.2312344361437211,13.40270366417645,0.22234080398434722,2.9082177161152614
E02006529,Warwick South West,0.10241058767921853,0.7956514888923901,4.411533007720183,0.7326295887821018,1.1028832519300458,0.48841972585473453,0.2914762880100835,0.09453285016543249,0.8192847014337482,0.33874271309279974,0.9059398140853947,0.575074838506381,80.44745549078304,0.8744288640302506,0.047266425082716244,0.23633212541358123,6.7118323617457065,0.1339215377343627,0.8901843390578226
E02006530,Warwick South East,0.21913253740365723,1.5188151730391417,10.30678555236512,0.7102916729635786,1.3450204019948617,0.6951790841771195,0.27958289254949376,0.04533776635937736,1.3979144627474687,0.3022517757291824,0.8916427384010881,0.8236360888620221,70.6286836935167,0.9143116215807768,0.03022517757291824,0.1511258878645912,6.974459724950884,0.18135106543750945,2.5842526824845096
E02006531,Leamington Brunswick,0.18384131591678762,0.9675858732462506,15.86840832123851,1.1417513304305758,2.3996129656507015,0.9095307208514756,0.4934687953555878,0.21286889211417515,1.2772133526850509,0.4644412191582003,0.783744557329463,0.8998548621190131,58.72278664731495,1.6739235607160134,0.12578616352201258,0.14513788098693758,10.895016932752782,0.29027576197387517,2.544750846637639
E02006532,Bishops Tachbrook,0.06012712592338086,0.5583233121456794,4.191719635801409,0.5239649544751761,0.7644734581686995,0.3607627555402852,0.23191891427589761,0.05153753650575502,1.2283112867204948,0.3607627555402852,0.7558838687510737,0.7043463322453187,83.98900532554543,0.8331901735097063,0.0,0.03435835767050335,4.664147053770829,0.05153753650575502,0.635629616904312
E02006533,Whitnash,0.0,0.5250875145857643,12.670167250097238,0.8362504861921431,1.2154803578374174,0.4278490859587709,0.2236483858420848,0.1750291715285881,0.9529366005445352,0.3014391287436795,0.7876312718786465,0.6126021003500584,69.61299105406457,1.7016725009723843,0.009723842862699339,0.07779074290159471,7.166472189809412,0.10696227148969273,2.5962660443407235
E02006696,Hagley,0.15033483668170014,0.3280032800328003,4.250375837091704,0.9703430367637009,0.5056717233839005,0.17766844335110019,0.2733360666940003,0.10933442667760011,1.1616782834495012,0.13666803334700015,0.997676643433101,0.6150061500615006,87.31720650539839,0.5740057400574006,0.06833401667350007,0.0,1.4896815634823015,0.09566762334290009,0.7790077900779008
E02006697,Dodford,0.04044216770018873,0.13480722566729578,1.2671879212725803,0.2965758964680507,0.14828794823402536,0.1213265031005662,0.25613372876786195,0.04044216770018873,0.7144782960366676,0.05392289026691831,0.8223240765705042,0.43138312213534646,93.05742787813426,0.6201132380695605,0.05392289026691831,0.0,1.4289565920733351,0.13480722566729578,0.37746023186842814
E02006698,Rubery West,0.0778694907335306,0.2647562684940041,0.7008254166017754,0.09344338888023672,0.34262575922753463,0.389347453667653,0.43606914810777136,0.2336084722005918,0.5295125369880082,0.18688677776047344,1.2303379535897836,0.3270518610808285,92.27534651923376,1.417224731350257,0.03114779629341224,0.0,1.1368945647095468,0.01557389814670612,0.3114779629341224
E02006699,Hollywood,0.06756756756756757,0.2702702702702703,1.2162162162162162,0.5574324324324325,0.5743243243243243,0.30405405405405406,0.48986486486486486,0.05067567567567568,0.8952702702702703,0.23648648648648649,1.6554054054054055,0.7263513513513513,88.58108108108108,2.2466216216216215,0.23648648648648649,0.05067567567567568,1.0810810810810811,0.2702702702702703,0.48986486486486486
E02006700,Wythall,0.06294256490952006,0.3619197482297404,2.989771833202203,0.5979543666404405,0.3304484657749803,0.4091266719118804,0.44059795436664045,0.12588512981904013,0.7395751376868608,0.12588512981904013,1.070023603461841,0.4563335955940205,88.62313139260425,1.982690794649882,0.2675059008654603,0.0,0.7395751376868608,0.15735641227380015,0.5192761605035405
E02006701,Barnt Green,0.027210884353741496,0.6802721088435374,3.578231292517007,0.272108843537415,0.6394557823129252,0.40816326530612246,0.6122448979591837,0.21768707482993196,1.3333333333333333,0.09523809523809523,1.1020408163265305,0.7346938775510204,86.21768707482993,1.3333333333333333,0.0,0.0,2.0,0.08163265306122448,0.6666666666666666
E02006702,Catshill,0.06714789323484975,0.21823065301326172,1.1583011583011582,0.11750881316098707,0.268591572939399,0.23501762632197415,0.41967433271781096,0.10072183985227463,0.43646130602652344,0.06714789323484975,0.7218398522746349,0.268591572939399,93.67131106261542,0.5875440658049353,0.016786973308712438,0.033573946617424875,1.0575793184488838,0.1342957864696995,0.41967433271781096
E02006703,Marlbrook,0.0,0.4105498880318487,2.836526499129137,0.3732271709380443,0.2985817367504354,0.34834535954217466,0.49763622791739237,0.13684996267728292,0.7464543418760886,0.13684996267728292,0.98283155013685,0.4851953222194576,89.73625279920378,0.7340134361781537,0.01244090569793481,0.0,1.7790495148046779,0.18661358546902215,0.2985817367504354
E02006704,Alvechurch,0.04325259515570934,0.25951557093425603,1.7445213379469435,0.41810841983852365,0.27393310265282583,0.10092272202998846,0.3460207612456747,0.08650519031141868,0.8938869665513264,0.14417531718569782,1.3119953863898501,0.27393310265282583,90.85928489042676,1.2831603229527104,0.31718569780853517,0.02883506343713956,1.3552479815455594,0.04325259515570934,0.21626297577854672
E02006705,Bromsgrove Sidemoor,0.05421523448088913,0.13553808620222282,1.2605042016806722,0.29818378964489023,0.433721875847113,0.18975332068311196,0.3117375982651125,0.06776904310111141,0.6099213879100027,0.29818378964489023,1.1249661154784494,0.5692599620493358,92.04391433992951,0.5557061534291136,0.0,0.0,1.5722417999457847,0.09487666034155598,0.3795066413662239
E02006706,Bromsgrove Central,0.05758710048949035,1.6412323639504751,1.1229484595450618,0.28793550244745175,1.252519435646415,0.489490354160668,0.28793550244745175,0.20155485171321624,0.806219406852865,0.05758710048949035,0.6190613302620213,0.3167290526921969,88.78491217967175,0.8782032824647279,0.0,0.0,2.735387273250792,0.17276130146847107,0.28793550244745175
E02006707,Bromsgrove Stoney Hill,0.0586596275113653,0.674585716380701,2.155741311042675,0.4252822994573984,0.2346385100454612,0.20530869628977855,0.21997360316761988,0.0586596275113653,0.9238891333040036,0.1173192550227306,0.674585716380701,0.5572664613579704,90.42381580876962,0.7479102507699076,0.0,0.0,1.8624431734858484,0.19064378941193724,0.4692770200909224
E02006708,Bromsgrove Charford,0.09970089730807577,0.18693918245264207,0.5857427716849452,0.22432701894317048,0.2741774675972084,0.2741774675972084,0.3614157527417747,0.09970089730807577,0.7477567298105683,0.24925224327018944,1.1964107676969093,0.47357926221335994,92.19840478564308,0.635593220338983,0.049850448654037885,0.0,1.9815553339980059,0.049850448654037885,0.3115653040877368
E02006709,Stoke Heath (B60),0.10832932113625421,0.25276841598459315,1.1675493500240732,0.68608570052961,0.4814636494944632,0.3009147809340395,0.36109773712084736,0.10832932113625421,0.46942705825710157,0.09629272989889263,0.9870004814636495,0.38517091959557054,91.85122773230621,0.7342320654790563,0.16851227732306212,0.02407318247472316,1.3842079922965815,0.13240250361097738,0.3009147809340395
E02006710,Tenbury Wells,0.0,0.035629453681710214,0.07125890736342043,0.0,0.09501187648456057,0.166270783847981,0.05938242280285035,0.023752969121140142,0.4156769596199525,0.13064133016627077,0.332541567695962,0.19002375296912113,95.39192399049881,0.42755344418052255,0.13064133016627077,0.023752969121140142,2.304038004750594,0.023752969121140142,0.17814726840855108
E02006711,Abberley,0.023454907939486336,0.16418435557640437,0.23454907939486339,0.14072944763691803,0.21109417145537704,0.12900199366717485,0.04690981587897267,0.0,0.6098276064266448,0.16418435557640437,0.28145889527383605,0.3752785270317814,94.5936437199484,0.3752785270317814,0.12900199366717485,0.011727453969743168,2.2633986161604316,0.011727453969743168,0.23454907939486339
E02006712,Broadheath,0.10435690060005218,0.13044612575006523,0.3522045395251761,0.13044612575006523,0.2869814766501435,0.07826767545003914,0.07826767545003914,0.026089225150013044,0.5478737281502739,0.09131228802504565,0.2348030263501174,0.3522045395251761,95.09522567179755,0.45656144012522826,0.13044612575006523,0.013044612575006522,1.5131750587007566,0.1174015131750587,0.26089225150013046
E02006721,Riverside,0.10543756589847869,0.0903750564844103,0.8886880554300346,1.8978761861726163,0.3615002259376412,0.4518752824220515,0.391625244765778,0.21087513179695738,0.707937942461214,0.15062509414068384,1.3405633378520863,0.391625244765778,87.1818044886278,0.5723753577345986,0.030125018828136767,0.030125018828136767,4.699502937189336,0.12050007531254707,0.3765627353517096
E02006722,Church Hill South,0.05505597357313269,0.16516792071939806,0.2018719031014865,0.807487612405946,0.47715177096714995,0.36703982382088457,0.642319691686548,0.18351991191044228,0.6973756652596806,0.11011194714626538,2.4775188107909707,0.3486878326298403,80.7487612405946,0.5689117269223711,0.036703982382088454,0.07340796476417691,11.41493852082951,0.11011194714626538,0.5138557533492384
E02006723,Batchley,0.42821967669414407,0.3746922171073761,1.1990150947436036,3.8539770902472967,0.3639867251900225,0.34257574135531527,0.835028369553581,0.18199336259501125,0.6851514827106305,0.26763729793384006,1.9269885451236484,0.4068086928594369,82.1860614495236,0.6423295150412162,0.14987688684295045,0.07493844342147522,5.695321700032117,0.03211647575206081,0.35328123327266886
E02006724,Redditch Town,0.7697790449037776,0.5559515324305061,2.309337134711333,19.372772630078405,0.9978617248752673,1.4397719173200285,1.0976478973627941,0.5274411974340698,0.6272273699215966,0.15680684248039914,1.8389166072701355,0.6272273699215966,52.17391304347826,0.413399857448325,0.22808267997148968,0.2851033499643621,14.953670705630792,0.02851033499643621,1.5965787598004277
E02006725,Winyates Green,0.09049773755656108,0.25339366515837103,0.9773755656108597,0.7601809954751131,0.3257918552036199,0.09049773755656108,0.5610859728506787,0.1085972850678733,0.25339366515837103,0.16289592760180996,1.248868778280543,0.27149321266968324,84.56108597285068,0.6334841628959276,0.03619909502262444,0.07239819004524888,9.013574660633484,0.05429864253393665,0.5248868778280543
E02006726,Southcrest,0.9579145728643216,0.1099246231155779,1.9001256281407035,9.375,0.6124371859296482,0.12562814070351758,1.099246231155779,0.2041457286432161,0.6438442211055276,0.0942211055276382,1.350502512562814,0.5496231155778895,70.8856783919598,0.675251256281407,0.0,0.031407035175879394,9.90891959798995,0.23555276381909548,1.2405778894472361
E02006727,Arrow Valley,0.4546985517009094,0.3536544291007073,2.0882452004041765,4.02492421690805,0.3536544291007073,0.47153923880094306,0.5894240485011788,0.21892893230043786,0.38733580330077466,0.016840687100033683,1.162007409902324,0.2862916807005726,84.43920511956888,0.5725833614011452,0.016840687100033683,0.016840687100033683,4.193331087908387,0.0,0.3536544291007073
E02006728,Webheath,0.012908222537756552,0.15489867045307862,0.632502904350071,0.5550535691235317,0.30979734090615724,0.16780689299083515,0.3485220085194269,0.051632890151026206,0.632502904350071,0.051632890151026206,1.12301536078482,0.19362333806634827,92.77139537885633,0.632502904350071,0.06454111268878275,0.0,2.039499160965535,0.012908222537756552,0.24525622821737447
E02006729,Matchborough,0.0785751702462022,0.5631220534311158,1.1262441068622315,0.6940806705081194,0.3666841278156103,0.24882137244630698,0.5500261917234154,0.22262964903090623,0.5762179151388162,0.18334206390780514,1.4143530644316396,0.641697223677318,84.74332111052907,0.5238344683080147,0.0392875851231011,0.0,7.346778418019905,0.1964379256155055,0.48454688318491357
E02006730,Greenlands,0.19165560961226596,0.22114108801415303,1.592215833701902,2.4178092289547397,0.19165560961226596,0.2948547840188707,0.796107916850951,0.20639834881320948,0.5454813504349109,0.14742739200943536,2.0492407489311515,0.30959752321981426,80.06781660032433,0.5012531328320802,0.07371369600471768,0.05897095680377414,9.951348960636887,0.044228217602830605,0.3390830016217013
E02006731,Oakenshaw,0.10775862068965517,0.17959770114942528,0.7543103448275862,0.6285919540229885,0.39511494252873564,0.5028735632183908,0.7183908045977011,0.16163793103448276,0.6285919540229885,0.17959770114942528,1.5804597701149425,0.16163793103448276,88.72126436781609,0.8441091954022989,0.0,0.05387931034482758,3.9511494252873565,0.05387931034482758,0.3771551724137931
E02006732,Crabbs Cross,0.0,0.08607086501219337,0.6885669200975469,0.9467795151341271,0.3155931717113757,0.21517716253048344,0.3299383158800746,0.10041600918089227,0.3586286042174724,0.05738057667479558,1.248027542676804,0.3012480275426768,92.138860995553,0.7029120642662459,0.0,0.10041600918089227,2.108736192798738,0.02869028833739779,0.27255773920527904
E02006733,Hunt End,0.06606110652353427,0.28075970272502065,1.1230388109000826,0.2972749793559042,0.13212221304706853,0.2477291494632535,0.23121387283236994,0.11560693641618497,0.611065235342692,0.1981833195706028,1.0404624277456647,0.42939719240297275,91.89099917423617,0.7927332782824112,0.03303055326176713,0.03303055326176713,2.1139554087530965,0.0495458298926507,0.3137902559867878
E02006734,Northwick,0.27973729019703236,0.2554123084407687,0.4986621260034055,0.4743371442471418,0.2067623449282413,0.4256871807346144,0.08513743614692289,0.03648747263439552,0.6202870347847239,0.19459985405010946,0.31622476283142786,0.34054974458769155,92.24033081975189,0.7054244709316468,0.048649963512527365,0.012162490878131841,2.833860374604719,0.048649963512527365,0.3770372172220871
E02006735,Warndon West,0.2893832519442937,0.3979019714234039,0.3436426116838488,0.9224091155724362,0.560680050642069,1.0128413818050281,0.12660517272562852,0.23512389220473864,0.5064206909025141,0.30746970519081207,0.9043226623259178,0.5245071441490323,85.78404774823657,0.3979019714234039,0.2893832519442937,0.12660517272562852,6.764333514197866,0.0,0.5064206909025141
E02006736,Warndon East,0.19996923550223042,0.6922011998154131,2.107368097215813,0.39993847100446084,0.7383479464697739,0.338409475465313,0.21535148438701737,0.06152899553914783,0.5229964620827565,0.3230272265805261,0.338409475465313,0.5691432087371173,86.64820796800493,0.39993847100446084,0.15382248884786956,0.10767574219350869,5.383787109675435,0.2768804799261652,0.5229964620827565
E02006737,Barbourne,0.5902192242833052,0.3252228378703927,0.7468079980727536,2.05974463984582,0.5179474825343291,0.7708985786557456,0.16863406408094436,0.12045290291496025,0.7106721271982654,0.2770416767044086,0.5059021922428331,0.42158516020236086,86.32859551915202,0.5781739339918092,0.0,0.0481811611659841,5.227655986509275,0.16863406408094436,0.4336304504938569
E02006738,King George's Field,0.3471845502875122,0.1952913095367256,0.5316263426277531,3.6345882608223934,0.7920147553433872,0.8137137897363568,0.21699034392969513,0.2495388955191494,0.7160681349679939,0.6509710317890853,0.6509710317890853,0.3905826190734512,78.63730064012151,0.444830205055875,0.06509710317890854,0.14104372355430184,10.28534230226755,0.03254855158945427,1.204296408809808
E02006739,Henwick,0.12214273250741581,0.15704065608096318,0.7503053568312685,0.2617344268016053,0.9422439364857791,1.0294887454196475,0.2966323503751527,0.034897923573547374,0.7852032804048159,0.24428546501483162,0.5932647007503054,0.279183388588379,88.69307276217064,0.558366777176758,0.05234688536032106,0.05234688536032106,4.519281102774385,0.279183388588379,0.34897923573547374
E02006740,Worcester Town North,1.2535767815778716,0.4905300449652541,1.1036926011718218,1.9621201798610164,1.0900667665894537,1.5942226461370759,0.3133941953944679,0.2316391879002589,0.6949175637007766,0.640414225371304,0.885679247853931,0.6949175637007766,73.9746559476768,0.8175500749420902,0.0953808420765772,0.1907616841531544,12.399509469955035,0.1771358495707862,1.3898351274015532
E02006741,Lyppard Grange,0.09551098376313276,0.7322508755173511,5.428207577204712,1.241642788920726,1.4326647564469914,0.6685768863419294,0.3342884431709647,0.09551098376313276,0.8595988538681948,0.2387774594078319,0.620821394460363,0.620821394460363,81.74148360394778,0.46163642152180834,0.0,0.01591849729385546,4.2820757720471185,0.17510347023241005,0.9551098376313276
E02006748,Hartlebury,0.034114168751421425,0.23879918125994998,1.0689106208778714,0.1364566750056857,0.1933136229247214,0.21605640209233568,0.3525130770980214,0.11371389583807141,0.7163975437798499,0.09097111667045713,0.6709119854446214,0.3866272458494428,91.8808278371617,0.3525130770980214,1.0234250625426426,0.034114168751421425,2.342506254264271,0.01137138958380714,0.1364566750056857
E02006749,Droitwich Spa West,0.0,0.1294139397300795,0.517655758920318,0.258827879460159,0.7949713440562026,0.258827879460159,0.09243852837862822,0.20336476243298207,0.42521723054168975,0.2773155851358846,0.5916065816232206,0.2773155851358846,88.53762248105011,0.4806803475688667,0.16638935108153077,0.2218524681087077,6.285819929746719,0.14790164540580514,0.33277870216306155
E02006750,Droitwich Spa East,0.01841959845275373,0.27629397679130596,0.7920427334684104,0.11051759071652238,0.44207036286608953,0.27629397679130596,0.14735678762202983,0.11051759071652238,0.40523116596058206,0.1289371891692761,0.2394547798857985,0.4973291582243507,92.52164302818198,0.7183643396573954,0.1289371891692761,0.0,2.836618161724074,0.07367839381101492,0.27629397679130596
E02006751,Droitwich Spa Central,0.0,0.22154055896387184,0.47716428084526247,0.05112474437627812,0.47716428084526247,0.40899795501022496,0.11929107021131562,0.05112474437627812,0.27266530334015,0.15337423312883436,0.4430811179277437,0.39195637355146556,92.7402862985685,0.6646216768916156,0.18745739604635311,0.0,3.1867757327880026,0.0,0.15337423312883436
E02006752,Droitwich Spa South,0.059988002399520096,0.27594481103779245,1.0917816436712657,0.10797840431913618,0.2519496100779844,0.20395920815836832,0.13197360527894422,0.08398320335932813,0.3719256148770246,0.1799640071985603,0.4559088182363527,0.19196160767846432,93.66526694661067,0.3359328134373125,0.07198560287942411,0.0,2.123575284943011,0.10797840431913618,0.28794241151769645
E02006753,Fernhill Heath,0.027081922816519974,0.13540961408259986,0.6770480704129993,0.3114421123899797,0.4062288422477996,0.1083276912660799,0.05416384563303995,0.040622884224779957,0.4333107650643196,0.1083276912660799,0.2708192281651997,0.44685172647257954,93.21597833446175,0.2979011509817197,0.7989167230873392,0.1895734597156398,1.8551117129316181,0.23019634394041977,0.3926878808395396
E02006754,Crowle,0.01721763085399449,0.01721763085399449,0.12052341597796143,0.0,0.30991735537190085,0.06887052341597796,0.12052341597796143,0.0,0.46487603305785125,0.06887052341597796,0.2238292011019284,0.3443526170798898,95.52341597796143,0.5681818181818182,0.1893939393939394,0.06887052341597796,1.5495867768595042,0.2066115702479339,0.13774104683195593
E02006755,Inkberrow,0.0,0.03410059676044331,0.20460358056265984,0.13640238704177324,0.2557544757033248,0.017050298380221655,0.08525149190110827,0.0,0.545609548167093,0.05115089514066496,0.3069053708439898,0.20460358056265984,95.75447570332481,0.49445865302642794,0.11935208866155157,0.017050298380221655,1.4833759590792839,0.03410059676044331,0.2557544757033248
E02006767,Wolverley,1.6485809682804675,0.1773789649415693,1.1268781302170283,0.36519198664440733,0.25041736227045075,0.13564273789649417,0.08347245409015025,0.07303839732888147,0.46953255425709517,0.08347245409015025,0.5530050083472454,0.2295492487479132,92.73789649415693,0.4486644407345576,0.1773789649415693,0.0,1.001669449081803,0.06260434056761269,0.3756260434056761
E02006768,Franche,0.12857142857142856,0.3142857142857143,0.3,0.02857142857142857,0.21428571428571427,0.12857142857142856,0.2,0.014285714285714285,0.2571428571428571,0.04285714285714286,0.32857142857142857,0.12857142857142856,95.37142857142857,0.34285714285714286,0.18571428571428572,0.0,1.6,0.02857142857142857,0.38571428571428573
E02006769,Greenhill,0.7207461842849068,0.2826455624646693,0.25438100621820237,0.07066139061616733,0.4946297343131713,0.12719050310910118,0.22611644997173544,0.05652911249293386,0.5794234030525721,0.14132278123233466,0.5652911249293386,0.3109101187111362,92.00113058224986,0.5794234030525721,0.14132278123233466,0.0,3.0101752402487283,0.0847936687394008,0.35330695308083665
E02006770,Kidderminster Town,4.662532792749821,0.6200810875268304,0.667779632721202,0.4769854519437157,0.8227999046029096,0.41736227045075125,0.28619127116622944,0.04769854519437157,0.6558549964226091,0.19079418077748628,1.0493679942761747,0.333889816360601,81.99379918912473,0.2742666348676365,0.4650608156451228,0.10732172668733604,6.39160505604579,0.07154781779155736,0.4650608156451228
E02006771,Bewdley East,0.133195204972621,0.10359627053426076,0.3107888116027823,0.05919786887672044,0.1479946721918011,0.02959893443836022,0.08879680331508066,0.01479946721918011,0.3699866804795027,0.07399733609590055,0.5031818854521237,0.1627941394109812,95.97454491638301,0.5623797543288441,0.10359627053426076,0.0,1.213556311972769,0.0,0.1479946721918011
E02006772,Habberley,0.08982035928143713,0.19461077844311378,0.38922155688622756,0.04491017964071856,0.3592814371257485,0.17964071856287425,0.1347305389221557,0.059880239520958084,0.47904191616766467,0.20958083832335328,0.5838323353293413,0.23952095808383234,93.80239520958084,0.2694610778443114,0.38922155688622756,0.08982035928143713,2.065868263473054,0.10479041916167664,0.3143712574850299
E02006773,Comberton,0.6321419888159494,0.34038414782397275,0.35254072453197177,0.3160709944079747,0.3890104546559689,0.20666180403598347,0.23097495745198152,0.15803549720398735,0.437636761487965,0.17019207391198637,0.8144906394359348,0.3282275711159737,90.57865305130075,0.5835156819839533,0.17019207391198637,0.07293946024799416,3.6469730123997084,0.17019207391198637,0.4011670313639679
E02006774,Foley Park,0.4763795156808257,0.3572846367606193,0.3308191081116845,0.052931057297869524,0.7410348021701734,0.19849146486701072,0.18525870054254334,0.11909487892020643,0.4896122800052931,0.19849146486701072,0.6219399232499669,0.3572846367606193,90.53857350800583,0.44991398703189095,0.22495699351594547,0.052931057297869524,3.9698292973402145,0.14556040756914118,0.4896122800052931
E02006775,Birchen Coppice,0.13116904410559108,0.19675356615838663,0.39350713231677326,0.0,0.426299393343171,0.14756517461878996,0.06558452205279554,0.06558452205279554,0.4590916543695688,0.1147729135923922,0.7706181341203476,0.39350713231677326,91.3592392195442,0.426299393343171,1.5248401377274963,0.04918839153959666,3.164453189047385,0.04918839153959666,0.26233808821118215
E02006776,Spennells,0.0782105427811669,0.35976849679336775,0.5944001251368685,0.10949475989363366,0.4849053652432348,0.37541060534960113,0.3441263882371344,0.1564210855623338,0.6100422336931018,0.10949475989363366,0.6726106679180354,0.28155795401220085,92.27279837322071,0.20334741123103395,0.28155795401220085,0.09385265133740028,2.5183794775535744,0.0782105427811669,0.37541060534960113
E02006777,Bewdley West,0.013879250520471894,0.055517002081887576,0.16655100624566274,0.013879250520471894,0.19430950728660654,0.041637751561415685,0.13879250520471895,0.013879250520471894,0.5551700208188758,0.09715475364330327,0.527411519777932,0.4024982650936849,95.83622484385843,0.7494795281054824,0.0,0.0,1.040943789035392,0.013879250520471894,0.13879250520471895
E02006778,Stourport Lickhill,0.12540058520273095,0.02786679671171799,0.40406855231991085,0.16720078027030794,0.16720078027030794,0.013933398355858995,0.08360039013515397,0.013933398355858995,0.2926013654730389,0.0,0.2647345687613209,0.2647345687613209,95.87571408666574,0.39013515396405185,0.5155357391667827,0.041800195067576984,1.0728716734011425,0.041800195067576984,0.2368677720496029
E02006779,Stourport Mitton,0.09238484888478289,0.25075887554441073,0.1979675333245348,0.02639567110993797,0.14517619110465885,0.09238484888478289,0.11878051999472086,0.09238484888478289,0.42233073775900754,0.05279134221987594,0.40913290220403853,0.1715718622145968,94.06097400026395,0.7258809555232941,1.5177510888214334,0.10558268443975188,1.3329813910518675,0.013197835554968985,0.1715718622145968
E02006780,Stourport Areley Kings,0.08471704506946798,0.0,0.25415113520840393,0.016943409013893594,0.18637749915282956,0.06777363605557438,0.11860386309725517,0.05083022704168079,0.3727549983056591,0.05083022704168079,0.5930193154862758,0.32192477126397834,94.52727888851237,0.5083022704168079,0.7793968146391054,0.08471704506946798,1.7282277194171467,0.016943409013893594,0.23720772619451033
E02006805,Holbrooks,0.09909711517286941,0.36335608896718785,12.420171768332967,5.373265800484475,5.483373706232108,5.758643470601189,0.9909711517286941,1.0570358951772738,1.1120898480510901,0.5615503193129266,2.213168905527417,0.6826690156353226,47.28033472803347,1.3873596124201717,0.06606474344857961,0.24223739264479188,9.160977758203039,0.9359171988548778,4.811715481171548
E02006806,Ash Green,0.19864454311755084,0.2570694087403599,7.53680766534237,0.7945781724702033,1.0516475812105632,1.6709511568123394,0.2921243281140453,0.46739892498247254,0.6543584949754615,0.21032951624211263,1.3905118018228557,0.3388642206122926,75.99906520215004,0.7361533068473942,0.011684973124561814,0.046739892498247254,6.344940406637065,0.18695956999298902,1.8111708343070811
E02006807,Yardley Wood East,1.6928510534648642,0.5358665205212519,10.912190963341859,19.66873706004141,2.88637194008038,0.7307270734380709,1.1691633175009135,0.13396663013031299,1.619778346121057,0.15832419924491536,1.205699671172817,0.7916209962245768,48.56899281451711,4.676653270003654,0.01217878455730118,0.060893922786505905,2.1069297284131046,0.7185482888807697,2.350505419559128
E02006808,Shirley West,0.4606240713224368,1.1589895988112928,9.197622585438335,6.062407132243685,0.9361069836552749,0.4903417533432392,0.8023774145616642,0.16344725111441308,0.9955423476968797,0.237741456166419,0.8915304606240714,0.7578008915304606,71.04011887072808,2.4814264487369986,0.014858841010401188,0.0,2.4962852897473997,0.4160475482912333,1.3967310549777117
E02006809,Handsworth Wood,4.824734147302087,0.27569909413154786,42.34935013784955,13.174478141000394,4.54903505317054,2.382827884994092,6.173690429302875,1.1717211500590783,0.7384797164237888,0.27569909413154786,0.9452540370224498,0.9452540370224498,9.856242615202836,0.5218589996061441,0.04923198109491926,0.12800315084679006,2.9440724694761715,0.42339503741630563,8.270972823946435
E02006810,Charlemont,1.7039603033423836,0.1966108042318135,17.02087819492557,1.8537590113285274,1.9848328808164029,2.462316262522236,3.810504634397528,0.748993539930718,0.7115438629341821,0.26214773897575133,1.8256717535811253,0.5336578972006366,57.49461660893175,0.7302687014324502,0.037449676996535904,0.09362419249133976,4.372249789345567,0.4213088662110289,3.7356052804044566
E02006894,Blakenhall,0.20885547201336674,0.278473962684489,35.42884990253411,3.03536619326093,5.5625174046226675,5.729601782233361,5.284043441938179,2.4923419660261765,0.8493455861876914,0.43859649122807015,2.9100529100529102,0.9885825675299359,21.783625730994153,0.29935950988582566,0.0835421888053467,0.5012531328320802,7.0662768031189085,0.5012531328320802,6.558061821219716
E02006895,Attwood Green,0.9510579183586236,5.097243000641162,6.123103227185296,4.4133361829450735,4.338533874759564,14.030775806796324,7.255823893994443,2.500534302201325,0.9831160504381278,0.7907672579611028,3.4195340884804444,1.944860012823253,24.663389613165208,1.015174182517632,0.06411626415900834,0.5343022013250694,11.647787988886515,5.7490916862577475,4.477452447104082
E02006896,Digbeth,2.0568070519098924,13.05909239307868,5.680705190989226,4.782892588965067,3.901403852432256,11.08390466862553,5.517466536075743,1.4854717597127,1.4691478942213516,0.9467841984982044,2.3832843617368593,1.7140058765915769,24.567417564479268,1.8935683969964088,0.01632386549134835,0.45706823375775385,11.459353574926542,3.1994776363042767,4.325824355207313
E02006897,Five Ways North,0.7216372885366142,5.015970661303679,5.45368508221933,3.7619779959777593,4.4954454039985805,19.839110375014787,6.305453685082219,2.2713829409677038,1.1120312315154384,1.1593517094522654,2.803738317757009,1.8100082810836389,23.317165503371584,0.9109192002839228,0.047320477936827164,0.6506565716313735,12.208683307701408,3.442564769904176,4.672897196261682
E02006898,Ladywood Summer Hill,1.1133603238866396,3.0111336032388665,5.225202429149798,3.0237854251012144,2.479757085020243,13.423582995951417,7.413967611336032,2.4038461538461537,1.1260121457489878,0.6578947368421053,2.3026315789473686,1.8598178137651822,35.72874493927125,1.138663967611336,0.12651821862348178,0.4807692307692308,12.968117408906883,1.8598178137651822,3.6563765182186234
E02006899,Birmingham city centre,0.6673177083333334,7.405598958333333,7.177734375,2.3111979166666665,3.4993489583333335,6.949869791666667,2.685546875,0.6998697916666666,1.025390625,0.6673177083333334,2.001953125,2.4576822916666665,37.581380208333336,1.3834635416666667,0.16276041666666666,0.9440104166666666,14.827473958333334,4.182942708333333,3.369140625
E02006900,Bordesley,12.8188816082448,0.2990012087282906,1.755836885298047,47.165850244926524,4.504103314460207,12.946116165150455,2.1947961066225585,0.9542591767924168,0.9097270818754374,0.4007888542528151,0.7697690692792163,0.9288122654112857,4.733125516890388,0.40715058209809785,0.11451110121509002,0.12087282906037279,1.5395381385584326,3.282651568165914,4.1542082829696545
E02006919,Swadlincote South,0.047888133320563166,0.09577626664112633,0.5076142131979695,0.09577626664112633,0.23944066660281582,0.2298630399387032,0.12450914663346423,0.0287328799923379,0.5363470931903075,0.15324202662580214,0.6512786131596591,0.26817354659515374,93.36270472176994,0.27775117325926635,0.0574657599846758,0.009577626664112633,2.9690642658749162,0.0574657599846758,0.287328799923379
E02006920,Swadlincote East,0.0,0.13622291021671826,0.631578947368421,0.11145510835913312,0.21052631578947367,0.06191950464396285,0.11145510835913312,0.03715170278637771,0.2476780185758514,0.09907120743034056,0.6687306501547987,0.18575851393188855,94.56346749226006,0.26006191950464397,0.01238390092879257,0.0,2.476780185758514,0.03715170278637771,0.14860681114551083
E02006943,Smethwick East,2.4229654990782197,2.146431393205162,15.43323676586779,8.664735317355808,8.058993942586252,17.974716881748748,9.902554648406637,2.962865420068475,0.8954437713984725,0.3423755596523571,2.38346062681064,1.1061364234922306,11.653937318936002,0.30287068738477746,0.19752436133789833,0.18435607058203846,5.319989465367395,1.5143534369238874,8.53305240979721
E02006944,Smethwick South East,2.837670384138786,0.6071871127633209,12.639405204460967,30.074349442379184,6.716232961586122,13.097893432465924,4.5724907063197024,2.2676579925650557,0.9541511771995044,0.38413878562577447,1.3011152416356877,0.966542750929368,7.026022304832714,0.23543990086741015,0.08674101610904585,0.38413878562577447,6.517967781908302,1.2267657992565055,8.104089219330856
E02006982,Perton,0.00821287779237845,0.36136662286465177,3.088042049934297,0.25459921156373194,0.2956636005256242,0.39421813403416556,0.5420499342969777,0.2628120893561104,0.9444809461235217,0.11498028909329829,1.0430354796320631,0.3860052562417871,89.8242444152431,0.42706964520367935,0.09855453350854139,0.0,1.3797634691195795,0.0657030223390276,0.5091984231274639
E02007038,Birches Green,1.745799853907962,0.7012417823228634,2.016070124178232,13.666910153396639,2.66617969320672,8.16654492330168,4.821037253469686,1.9065010956902848,1.3440467494521549,0.3506208911614317,3.37472607742878,0.9569028487947406,47.918188458729,2.6077428780131484,0.007304601899196494,0.19722425127830534,4.711468224981738,0.9057706355003652,1.9357195032870709
E02007039,Greet,6.524617792223426,0.24076080414108583,5.140243168412183,59.31142410015649,4.333694474539545,3.1660045744552785,1.1436138196701577,0.5537498495244975,1.239918141326592,0.18057060310581438,0.6019020103527146,0.6380161309738774,6.777416636571566,0.8426628144938004,0.08426628144938005,0.19260864331286867,2.6604068857589986,3.093776333212953,3.2743469363187674
E02007040,Sparkhill South,6.574621959237344,0.17094017094017094,5.706771860618015,58.23800131492439,3.274161735700197,2.8402366863905324,1.7882971729125576,0.35502958579881655,0.8284023668639053,0.14464168310322156,0.6180144641683103,0.6706114398422091,9.520052596975674,0.8021038790269559,0.026298487836949377,0.13149243918474687,2.8533859303090074,1.8014464168310322,3.6554898093359633
E02007048,Brinklow,0.07972362476747276,0.3587563114536274,2.099388785543449,0.31889449906989104,3.281955886260962,0.5314908317831517,0.3587563114536274,0.29231995748073347,0.4783417486048366,0.1860217911241031,0.6112144565506245,0.4119053946319426,85.83576933297901,1.0629816635663034,0.22588360350783948,0.053149083178315175,2.8434759500398616,0.09301089556205155,0.8769598724422004
E02007050,Telford Town Centre,0.215414073719483,0.6582096696984203,3.9851603638104356,0.7180469123982767,0.646242221158449,2.0584011488750598,0.3709909047391096,0.25131641933939686,0.8855911919578746,0.47869794159885115,1.0890378171373862,0.777884155098133,80.57683101962661,0.40689325035902346,0.3829583532790809,0.1077070368597415,5.493058879846816,0.1077070368597415,0.7898516036381044
E02007051,Lawley,0.011689070718877849,0.5260081823495032,2.255990648743425,0.3389830508474576,0.5610753945061367,1.706604324956166,0.5727644652250146,0.37405026300409117,0.9701928696668615,0.24547048509643482,1.5195791934541203,0.4091174751607247,86.80303915838691,0.2805376972530684,0.08182349503214495,0.0,2.7469316189362947,0.1402688486265342,0.45587375803623614
