LSOA21CD,LSOA21NM,MSOA21CD,MSOA21NM,LAD22CD,LAD22NM
E01008881,Birmingham 067A,E02001893,Birmingham 067,E08000025,Birmingham
E01008882,Birmingham 066A,E02001892,Birmingham 066,E08000025,Birmingham
E01008883,Birmingham 078A,E02001904,Birmingham 078,E08000025,Birmingham
E01008884,Birmingham 078B,E02001904,Birmingham 078,E08000025,Birmingham
E01008885,Birmingham 076A,E02001902,Birmingham 076,E08000025,Birmingham
E01008886,Birmingham 076B,E02001902,Birmingham 076,E08000025,Birmingham
E01008887,Birmingham 078C,E02001904,Birmingham 078,E08000025,Birmingham
E01008888,Birmingham 076C,E02001902,Birmingham 076,E08000025,Birmingham
E01008889,Birmingham 078D,E02001904,Birmingham 078,E08000025,Birmingham
E01008890,Birmingham 089A,E02001915,Birmingham 089,E08000025,Birmingham
E01008891,Birmingham 089B,E02001915,Birmingham 089,E08000025,Birmingham
E01008892,Birmingham 089C,E02001915,Birmingham 089,E08000025,Birmingham
E01008893,Birmingham 089D,E02001915,Birmingham 089,E08000025,Birmingham
E01008894,Birmingham 089E,E02001915,Birmingham 089,E08000025,Birmingham
E01008895,Birmingham 089F,E02001915,Birmingham 089,E08000025,Birmingham
E01008896,Birmingham 066B,E02001892,Birmingham 066,E08000025,Birmingham
E01008897,Birmingham 067B,E02001893,Birmingham 067,E08000025,Birmingham
E01008898,Birmingham 066C,E02001892,Birmingham 066,E08000025,Birmingham
E01008899,Birmingham 037A,E02001863,Birmingham 037,E08000025,Birmingham
E01008901,Birmingham 037C,E02001863,Birmingham 037,E08000025,Birmingham
E01008905,Birmingham 040A,E02001866,Birmingham 040,E08000025,Birmingham
E01008906,Birmingham 049A,E02001875,Birmingham 049,E08000025,Birmingham
E01008907,Birmingham 040B,E02001866,Birmingham 040,E08000025,Birmingham
E01008909,Birmingham 041D,E02001867,Birmingham 041,E08000025,Birmingham
E01008910,Birmingham 050A,E02001876,Birmingham 050,E08000025,Birmingham
E01008911,Birmingham 049B,E02001875,Birmingham 049,E08000025,Birmingham
E01008913,Birmingham 050B,E02001876,Birmingham 050,E08000025,Birmingham
E01008915,Birmingham 030A,E02001856,Birmingham 030,E08000025,Birmingham
E01008916,Birmingham 037E,E02001863,Birmingham 037,E08000025,Birmingham
E01008917,Birmingham 102A,E02001928,Birmingham 102,E08000025,Birmingham
E01008918,Birmingham 094A,E02001920,Birmingham 094,E08000025,Birmingham
E01008919,Birmingham 095A,E02001921,Birmingham 095,E08000025,Birmingham
E01008920,Birmingham 094B,E02001920,Birmingham 094,E08000025,Birmingham
E01008921,Birmingham 094C,E02001920,Birmingham 094,E08000025,Birmingham
E01008923,Birmingham 102B,E02001928,Birmingham 102,E08000025,Birmingham
E01008924,Birmingham 101A,E02001927,Birmingham 101,E08000025,Birmingham
E01008925,Birmingham 102C,E02001928,Birmingham 102,E08000025,Birmingham
E01008927,Birmingham 102D,E02001928,Birmingham 102,E08000025,Birmingham
E01008928,Birmingham 102E,E02001928,Birmingham 102,E08000025,Birmingham
E01008929,Birmingham 106C,E02001932,Birmingham 106,E08000025,Birmingham
E01008930,Birmingham 106D,E02001932,Birmingham 106,E08000025,Birmingham
E01008931,Birmingham 094D,E02001920,Birmingham 094,E08000025,Birmingham
E01008933,Birmingham 105A,E02001931,Birmingham 105,E08000025,Birmingham
E01008934,Birmingham 105B,E02001931,Birmingham 105,E08000025,Birmingham
E01008953,Birmingham 107A,E02001933,Birmingham 107,E08000025,Birmingham
E01008963,Birmingham 107B,E02001933,Birmingham 107,E08000025,Birmingham
E01008964,Birmingham 107C,E02001933,Birmingham 107,E08000025,Birmingham
E01008965,Birmingham 107D,E02001933,Birmingham 107,E08000025,Birmingham
E01008966,Birmingham 107E,E02001933,Birmingham 107,E08000025,Birmingham
E01008982,Birmingham 079A,E02001905,Birmingham 079,E08000025,Birmingham
E01008984,Birmingham 074A,E02001900,Birmingham 074,E08000025,Birmingham
E01008986,Birmingham 064A,E02001890,Birmingham 064,E08000025,Birmingham
E01008987,Birmingham 064B,E02001890,Birmingham 064,E08000025,Birmingham
E01008988,Birmingham 064C,E02001890,Birmingham 064,E08000025,Birmingham
E01008989,Birmingham 064D,E02001890,Birmingham 064,E08000025,Birmingham
E01008990,Birmingham 064E,E02001890,Birmingham 064,E08000025,Birmingham
E01008991,Birmingham 064F,E02001890,Birmingham 064,E08000025,Birmingham
E01008992,Birmingham 079C,E02001905,Birmingham 079,E08000025,Birmingham
E01008994,Birmingham 074B,E02001900,Birmingham 074,E08000025,Birmingham
E01008996,Birmingham 074C,E02001900,Birmingham 074,E08000025,Birmingham
E01008997,Birmingham 074D,E02001900,Birmingham 074,E08000025,Birmingham
E01008998,Birmingham 031A,E02001857,Birmingham 031,E08000025,Birmingham
E01008999,Birmingham 031B,E02001857,Birmingham 031,E08000025,Birmingham
E01009000,Birmingham 031C,E02001857,Birmingham 031,E08000025,Birmingham
E01009001,Birmingham 018A,E02001844,Birmingham 018,E08000025,Birmingham
E01009002,Birmingham 023A,E02001849,Birmingham 023,E08000025,Birmingham
E01009003,Birmingham 018B,E02001844,Birmingham 018,E08000025,Birmingham
E01009005,Birmingham 025A,E02001851,Birmingham 025,E08000025,Birmingham
E01009006,Birmingham 023C,E02001849,Birmingham 023,E08000025,Birmingham
E01009007,Birmingham 023D,E02001849,Birmingham 023,E08000025,Birmingham
E01009009,Birmingham 025B,E02001851,Birmingham 025,E08000025,Birmingham
E01009013,Birmingham 031D,E02001857,Birmingham 031,E08000025,Birmingham
E01009014,Birmingham 090A,E02001916,Birmingham 090,E08000025,Birmingham
E01009015,Birmingham 089G,E02001915,Birmingham 089,E08000025,Birmingham
E01009016,Birmingham 098A,E02001924,Birmingham 098,E08000025,Birmingham
E01009017,Birmingham 097A,E02001923,Birmingham 097,E08000025,Birmingham
E01009018,Birmingham 090B,E02001916,Birmingham 090,E08000025,Birmingham
E01009019,Birmingham 103A,E02001929,Birmingham 103,E08000025,Birmingham
E01009020,Birmingham 103B,E02001929,Birmingham 103,E08000025,Birmingham
E01009021,Birmingham 103C,E02001929,Birmingham 103,E08000025,Birmingham
E01009022,Birmingham 098B,E02001924,Birmingham 098,E08000025,Birmingham
E01009023,Birmingham 098C,E02001924,Birmingham 098,E08000025,Birmingham
E01009024,Birmingham 103D,E02001929,Birmingham 103,E08000025,Birmingham
E01009025,Birmingham 103E,E02001929,Birmingham 103,E08000025,Birmingham
E01009026,Birmingham 090C,E02001916,Birmingham 090,E08000025,Birmingham
E01009028,Birmingham 090D,E02001916,Birmingham 090,E08000025,Birmingham
E01009029,Birmingham 090E,E02001916,Birmingham 090,E08000025,Birmingham
E01009030,Birmingham 098D,E02001924,Birmingham 098,E08000025,Birmingham
E01009031,Birmingham 105C,E02001931,Birmingham 105,E08000025,Birmingham
E01009032,Birmingham 108A,E02001934,Birmingham 108,E08000025,Birmingham
E01009033,Birmingham 103F,E02001929,Birmingham 103,E08000025,Birmingham
E01009034,Birmingham 108B,E02001934,Birmingham 108,E08000025,Birmingham
E01009035,Birmingham 108C,E02001934,Birmingham 108,E08000025,Birmingham
E01009036,Birmingham 108D,E02001934,Birmingham 108,E08000025,Birmingham
E01009037,Birmingham 105D,E02001931,Birmingham 105,E08000025,Birmingham
E01009043,Birmingham 097B,E02001923,Birmingham 097,E08000025,Birmingham
E01009044,Birmingham 097C,E02001923,Birmingham 097,E08000025,Birmingham
E01009045,Birmingham 097D,E02001923,Birmingham 097,E08000025,Birmingham
E01009046,Birmingham 097E,E02001923,Birmingham 097,E08000025,Birmingham
E01009047,Birmingham 040C,E02001866,Birmingham 040,E08000025,Birmingham
E01009048,Birmingham 040D,E02001866,Birmingham 040,E08000025,Birmingham
E01009049,Birmingham 032A,E02001858,Birmingham 032,E08000025,Birmingham
E01009050,Birmingham 035A,E02001861,Birmingham 035,E08000025,Birmingham
E01009051,Birmingham 033A,E02001859,Birmingham 033,E08000025,Birmingham
E01009053,Birmingham 033B,E02001859,Birmingham 033,E08000025,Birmingham
E01009054,Birmingham 033C,E02001859,Birmingham 033,E08000025,Birmingham
E01009056,Birmingham 032B,E02001858,Birmingham 032,E08000025,Birmingham
E01009057,Birmingham 035D,E02001861,Birmingham 035,E08000025,Birmingham
E01009058,Birmingham 033D,E02001859,Birmingham 033,E08000025,Birmingham
E01009059,Birmingham 035E,E02001861,Birmingham 035,E08000025,Birmingham
E01009060,Birmingham 035F,E02001861,Birmingham 035,E08000025,Birmingham
E01009061,Birmingham 033E,E02001859,Birmingham 033,E08000025,Birmingham
E01009062,Birmingham 040E,E02001866,Birmingham 040,E08000025,Birmingham
E01009064,Birmingham 095B,E02001921,Birmingham 095,E08000025,Birmingham
E01009065,Birmingham 075A,E02001901,Birmingham 075,E08000025,Birmingham
E01009066,Birmingham 073A,E02001899,Birmingham 073,E08000025,Birmingham
E01009067,Birmingham 075B,E02001901,Birmingham 075,E08000025,Birmingham
E01009068,Birmingham 075C,E02001901,Birmingham 075,E08000025,Birmingham
E01009069,Birmingham 075D,E02001901,Birmingham 075,E08000025,Birmingham
E01009070,Birmingham 073B,E02001899,Birmingham 073,E08000025,Birmingham
E01009071,Birmingham 087B,E02001913,Birmingham 087,E08000025,Birmingham
E01009072,Birmingham 075E,E02001901,Birmingham 075,E08000025,Birmingham
E01009073,Birmingham 085A,E02001911,Birmingham 085,E08000025,Birmingham
E01009074,Birmingham 085B,E02001911,Birmingham 085,E08000025,Birmingham
E01009075,Birmingham 087C,E02001913,Birmingham 087,E08000025,Birmingham
E01009077,Birmingham 095C,E02001921,Birmingham 095,E08000025,Birmingham
E01009078,Birmingham 087E,E02001913,Birmingham 087,E08000025,Birmingham
E01009082,Birmingham 044A,E02001870,Birmingham 044,E08000025,Birmingham
E01009084,Birmingham 042A,E02001868,Birmingham 042,E08000025,Birmingham
E01009085,Birmingham 042B,E02001868,Birmingham 042,E08000025,Birmingham
E01009086,Birmingham 044B,E02001870,Birmingham 044,E08000025,Birmingham
E01009087,Birmingham 042C,E02001868,Birmingham 042,E08000025,Birmingham
E01009088,Birmingham 045A,E02001871,Birmingham 045,E08000025,Birmingham
E01009089,Birmingham 042D,E02001868,Birmingham 042,E08000025,Birmingham
E01009090,Birmingham 042E,E02001868,Birmingham 042,E08000025,Birmingham
E01009091,Birmingham 045B,E02001871,Birmingham 045,E08000025,Birmingham
E01009092,Birmingham 054A,E02001880,Birmingham 054,E08000025,Birmingham
E01009093,Birmingham 054B,E02001880,Birmingham 054,E08000025,Birmingham
E01009094,Birmingham 054C,E02001880,Birmingham 054,E08000025,Birmingham
E01009095,Birmingham 056A,E02001882,Birmingham 056,E08000025,Birmingham
E01009096,Birmingham 029A,E02001855,Birmingham 029,E08000025,Birmingham
E01009097,Birmingham 029B,E02001855,Birmingham 029,E08000025,Birmingham
E01009098,Birmingham 025C,E02001851,Birmingham 025,E08000025,Birmingham
E01009099,Birmingham 029C,E02001855,Birmingham 029,E08000025,Birmingham
E01009100,Birmingham 025D,E02001851,Birmingham 025,E08000025,Birmingham
E01009101,Birmingham 029D,E02001855,Birmingham 029,E08000025,Birmingham
E01009103,Birmingham 029E,E02001855,Birmingham 029,E08000025,Birmingham
E01009105,Birmingham 025E,E02001851,Birmingham 025,E08000025,Birmingham
E01009106,Birmingham 029F,E02001855,Birmingham 029,E08000025,Birmingham
E01009122,Birmingham 014B,E02001840,Birmingham 014,E08000025,Birmingham
E01009123,Birmingham 022A,E02001848,Birmingham 022,E08000025,Birmingham
E01009124,Birmingham 022B,E02001848,Birmingham 022,E08000025,Birmingham
E01009125,Birmingham 022C,E02001848,Birmingham 022,E08000025,Birmingham
E01009126,Birmingham 026A,E02001852,Birmingham 026,E08000025,Birmingham
E01009127,Birmingham 011A,E02001837,Birmingham 011,E08000025,Birmingham
E01009128,Birmingham 011B,E02001837,Birmingham 011,E08000025,Birmingham
E01009129,Birmingham 014C,E02001840,Birmingham 014,E08000025,Birmingham
E01009130,Birmingham 011C,E02001837,Birmingham 011,E08000025,Birmingham
E01009131,Birmingham 011D,E02001837,Birmingham 011,E08000025,Birmingham
E01009132,Birmingham 014D,E02001840,Birmingham 014,E08000025,Birmingham
E01009133,Birmingham 011E,E02001837,Birmingham 011,E08000025,Birmingham
E01009134,Birmingham 011F,E02001837,Birmingham 011,E08000025,Birmingham
E01009135,Birmingham 010A,E02001836,Birmingham 010,E08000025,Birmingham
E01009136,Birmingham 014E,E02001840,Birmingham 014,E08000025,Birmingham
E01009137,Birmingham 011G,E02001837,Birmingham 011,E08000025,Birmingham
E01009138,Birmingham 060A,E02001886,Birmingham 060,E08000025,Birmingham
E01009139,Birmingham 060B,E02001886,Birmingham 060,E08000025,Birmingham
E01009140,Birmingham 060C,E02001886,Birmingham 060,E08000025,Birmingham
E01009145,Birmingham 060D,E02001886,Birmingham 060,E08000025,Birmingham
E01009147,Birmingham 060E,E02001886,Birmingham 060,E08000025,Birmingham
E01009151,Birmingham 053A,E02001879,Birmingham 053,E08000025,Birmingham
E01009152,Birmingham 053B,E02001879,Birmingham 053,E08000025,Birmingham
E01009153,Birmingham 053C,E02001879,Birmingham 053,E08000025,Birmingham
E01009175,Birmingham 104A,E02001930,Birmingham 104,E08000025,Birmingham
E01009176,Birmingham 105E,E02001931,Birmingham 105,E08000025,Birmingham
E01009177,Birmingham 104B,E02001930,Birmingham 104,E08000025,Birmingham
E01009178,Birmingham 104C,E02001930,Birmingham 104,E08000025,Birmingham
E01009179,Birmingham 104D,E02001930,Birmingham 104,E08000025,Birmingham
E01009182,Birmingham 092A,E02001918,Birmingham 092,E08000025,Birmingham
E01009183,Birmingham 088C,E02001914,Birmingham 088,E08000025,Birmingham
E01009184,Birmingham 092B,E02001918,Birmingham 092,E08000025,Birmingham
E01009185,Birmingham 093A,E02001919,Birmingham 093,E08000025,Birmingham
E01009186,Birmingham 088D,E02001914,Birmingham 088,E08000025,Birmingham
E01009187,Birmingham 092C,E02001918,Birmingham 092,E08000025,Birmingham
E01009188,Birmingham 092D,E02001918,Birmingham 092,E08000025,Birmingham
E01009189,Birmingham 104E,E02001930,Birmingham 104,E08000025,Birmingham
E01009192,Birmingham 052B,E02001878,Birmingham 052,E08000025,Birmingham
E01009195,Birmingham 058A,E02001884,Birmingham 058,E08000025,Birmingham
E01009197,Birmingham 058C,E02001884,Birmingham 058,E08000025,Birmingham
E01009199,Birmingham 052D,E02001878,Birmingham 052,E08000025,Birmingham
E01009201,Birmingham 043A,E02001869,Birmingham 043,E08000025,Birmingham
E01009202,Birmingham 043B,E02001869,Birmingham 043,E08000025,Birmingham
E01009204,Birmingham 052E,E02001878,Birmingham 052,E08000025,Birmingham
E01009220,Birmingham 008A,E02001834,Birmingham 008,E08000025,Birmingham
E01009221,Birmingham 007A,E02001833,Birmingham 007,E08000025,Birmingham
E01009222,Birmingham 008B,E02001834,Birmingham 008,E08000025,Birmingham
E01009223,Birmingham 013A,E02001839,Birmingham 013,E08000025,Birmingham
E01009224,Birmingham 008C,E02001834,Birmingham 008,E08000025,Birmingham
E01009225,Birmingham 013B,E02001839,Birmingham 013,E08000025,Birmingham
E01009226,Birmingham 017A,E02001843,Birmingham 017,E08000025,Birmingham
E01009227,Birmingham 013C,E02001839,Birmingham 013,E08000025,Birmingham
E01009228,Birmingham 013D,E02001839,Birmingham 013,E08000025,Birmingham
E01009229,Birmingham 017B,E02001843,Birmingham 017,E08000025,Birmingham
E01009230,Birmingham 017C,E02001843,Birmingham 017,E08000025,Birmingham
E01009231,Birmingham 017D,E02001843,Birmingham 017,E08000025,Birmingham
E01009232,Birmingham 022D,E02001848,Birmingham 022,E08000025,Birmingham
E01009233,Birmingham 008D,E02001834,Birmingham 008,E08000025,Birmingham
E01009234,Birmingham 019A,E02001845,Birmingham 019,E08000025,Birmingham
E01009235,Birmingham 016A,E02001842,Birmingham 016,E08000025,Birmingham
E01009236,Birmingham 019B,E02001845,Birmingham 019,E08000025,Birmingham
E01009237,Birmingham 024A,E02001850,Birmingham 024,E08000025,Birmingham
E01009238,Birmingham 024B,E02001850,Birmingham 024,E08000025,Birmingham
E01009239,Birmingham 033F,E02001859,Birmingham 033,E08000025,Birmingham
E01009240,Birmingham 024C,E02001850,Birmingham 024,E08000025,Birmingham
E01009241,Birmingham 024D,E02001850,Birmingham 024,E08000025,Birmingham
E01009242,Birmingham 024E,E02001850,Birmingham 024,E08000025,Birmingham
E01009243,Birmingham 016B,E02001842,Birmingham 016,E08000025,Birmingham
E01009244,Birmingham 019C,E02001845,Birmingham 019,E08000025,Birmingham
E01009245,Birmingham 016C,E02001842,Birmingham 016,E08000025,Birmingham
E01009246,Birmingham 016D,E02001842,Birmingham 016,E08000025,Birmingham
E01009247,Birmingham 016E,E02001842,Birmingham 016,E08000025,Birmingham
E01009248,Birmingham 019D,E02001845,Birmingham 019,E08000025,Birmingham
E01009249,Birmingham 080A,E02001906,Birmingham 080,E08000025,Birmingham
E01009250,Birmingham 080B,E02001906,Birmingham 080,E08000025,Birmingham
E01009251,Birmingham 080C,E02001906,Birmingham 080,E08000025,Birmingham
E01009252,Birmingham 073C,E02001899,Birmingham 073,E08000025,Birmingham
E01009253,Birmingham 080D,E02001906,Birmingham 080,E08000025,Birmingham
E01009254,Birmingham 085C,E02001911,Birmingham 085,E08000025,Birmingham
E01009255,Birmingham 080E,E02001906,Birmingham 080,E08000025,Birmingham
E01009256,Birmingham 085D,E02001911,Birmingham 085,E08000025,Birmingham
E01009257,Birmingham 080F,E02001906,Birmingham 080,E08000025,Birmingham
E01009258,Birmingham 085E,E02001911,Birmingham 085,E08000025,Birmingham
E01009259,Birmingham 094E,E02001920,Birmingham 094,E08000025,Birmingham
E01009260,Birmingham 073D,E02001899,Birmingham 073,E08000025,Birmingham
E01009261,Birmingham 073E,E02001899,Birmingham 073,E08000025,Birmingham
E01009263,Birmingham 032C,E02001858,Birmingham 032,E08000025,Birmingham
E01009264,Birmingham 032D,E02001858,Birmingham 032,E08000025,Birmingham
E01009265,Birmingham 032E,E02001858,Birmingham 032,E08000025,Birmingham
E01009266,Birmingham 034A,E02001860,Birmingham 034,E08000025,Birmingham
E01009268,Birmingham 036A,E02001862,Birmingham 036,E08000025,Birmingham
E01009269,Birmingham 034B,E02001860,Birmingham 034,E08000025,Birmingham
E01009270,Birmingham 034C,E02001860,Birmingham 034,E08000025,Birmingham
E01009271,Birmingham 034D,E02001860,Birmingham 034,E08000025,Birmingham
E01009272,Birmingham 036B,E02001862,Birmingham 036,E08000025,Birmingham
E01009273,Birmingham 034E,E02001860,Birmingham 034,E08000025,Birmingham
E01009274,Birmingham 036C,E02001862,Birmingham 036,E08000025,Birmingham
E01009275,Birmingham 039A,E02001865,Birmingham 039,E08000025,Birmingham
E01009280,Birmingham 100A,E02001926,Birmingham 100,E08000025,Birmingham
E01009281,Birmingham 099A,E02001925,Birmingham 099,E08000025,Birmingham
E01009282,Birmingham 100B,E02001926,Birmingham 100,E08000025,Birmingham
E01009283,Birmingham 079E,E02001905,Birmingham 079,E08000025,Birmingham
E01009284,Birmingham 096A,E02001922,Birmingham 096,E08000025,Birmingham
E01009286,Birmingham 096C,E02001922,Birmingham 096,E08000025,Birmingham
E01009288,Birmingham 100C,E02001926,Birmingham 100,E08000025,Birmingham
E01009289,Birmingham 096E,E02001922,Birmingham 096,E08000025,Birmingham
E01009290,Birmingham 096F,E02001922,Birmingham 096,E08000025,Birmingham
E01009291,Birmingham 095D,E02001921,Birmingham 095,E08000025,Birmingham
E01009292,Birmingham 099B,E02001925,Birmingham 099,E08000025,Birmingham
E01009293,Birmingham 100D,E02001926,Birmingham 100,E08000025,Birmingham
E01009294,Birmingham 099C,E02001925,Birmingham 099,E08000025,Birmingham
E01009295,Birmingham 099D,E02001925,Birmingham 099,E08000025,Birmingham
E01009296,Birmingham 100E,E02001926,Birmingham 100,E08000025,Birmingham
E01009297,Birmingham 057A,E02001883,Birmingham 057,E08000025,Birmingham
E01009298,Birmingham 054D,E02001880,Birmingham 054,E08000025,Birmingham
E01009299,Birmingham 057B,E02001883,Birmingham 057,E08000025,Birmingham
E01009300,Birmingham 057C,E02001883,Birmingham 057,E08000025,Birmingham
E01009301,Birmingham 057D,E02001883,Birmingham 057,E08000025,Birmingham
E01009302,Birmingham 069A,E02001895,Birmingham 069,E08000025,Birmingham
E01009303,Birmingham 057E,E02001883,Birmingham 057,E08000025,Birmingham
E01009304,Birmingham 046A,E02001872,Birmingham 046,E08000025,Birmingham
E01009305,Birmingham 045C,E02001871,Birmingham 045,E08000025,Birmingham
E01009306,Birmingham 046B,E02001872,Birmingham 046,E08000025,Birmingham
E01009307,Birmingham 045D,E02001871,Birmingham 045,E08000025,Birmingham
E01009308,Birmingham 046C,E02001872,Birmingham 046,E08000025,Birmingham
E01009309,Birmingham 045E,E02001871,Birmingham 045,E08000025,Birmingham
E01009310,Birmingham 046D,E02001872,Birmingham 046,E08000025,Birmingham
E01009311,Birmingham 054E,E02001880,Birmingham 054,E08000025,Birmingham
E01009312,Birmingham 072A,E02001898,Birmingham 072,E08000025,Birmingham
E01009313,Birmingham 076D,E02001902,Birmingham 076,E08000025,Birmingham
E01009314,Birmingham 069B,E02001895,Birmingham 069,E08000025,Birmingham
E01009315,Birmingham 081A,E02001907,Birmingham 081,E08000025,Birmingham
E01009316,Birmingham 081B,E02001907,Birmingham 081,E08000025,Birmingham
E01009317,Birmingham 081C,E02001907,Birmingham 081,E08000025,Birmingham
E01009318,Birmingham 081D,E02001907,Birmingham 081,E08000025,Birmingham
E01009319,Birmingham 081E,E02001907,Birmingham 081,E08000025,Birmingham
E01009320,Birmingham 081F,E02001907,Birmingham 081,E08000025,Birmingham
E01009321,Birmingham 069C,E02001895,Birmingham 069,E08000025,Birmingham
E01009322,Birmingham 069D,E02001895,Birmingham 069,E08000025,Birmingham
E01009323,Birmingham 069E,E02001895,Birmingham 069,E08000025,Birmingham
E01009324,Birmingham 072B,E02001898,Birmingham 072,E08000025,Birmingham
E01009325,Birmingham 063A,E02001889,Birmingham 063,E08000025,Birmingham
E01009326,Birmingham 066D,E02001892,Birmingham 066,E08000025,Birmingham
E01009329,Birmingham 070A,E02001896,Birmingham 070,E08000025,Birmingham
E01009334,Birmingham 070B,E02001896,Birmingham 070,E08000025,Birmingham
E01009337,Birmingham 070C,E02001896,Birmingham 070,E08000025,Birmingham
E01009338,Birmingham 070D,E02001896,Birmingham 070,E08000025,Birmingham
E01009341,Birmingham 066E,E02001892,Birmingham 066,E08000025,Birmingham
E01009342,Birmingham 063D,E02001889,Birmingham 063,E08000025,Birmingham
E01009343,Birmingham 063E,E02001889,Birmingham 063,E08000025,Birmingham
E01009345,Birmingham 053D,E02001879,Birmingham 053,E08000025,Birmingham
E01009346,Birmingham 053E,E02001879,Birmingham 053,E08000025,Birmingham
E01009347,Birmingham 049D,E02001875,Birmingham 049,E08000025,Birmingham
E01009348,Birmingham 047A,E02001873,Birmingham 047,E08000025,Birmingham
E01009349,Birmingham 036D,E02001862,Birmingham 036,E08000025,Birmingham
E01009350,Birmingham 039B,E02001865,Birmingham 039,E08000025,Birmingham
E01009351,Birmingham 036E,E02001862,Birmingham 036,E08000025,Birmingham
E01009352,Birmingham 039C,E02001865,Birmingham 039,E08000025,Birmingham
E01009353,Birmingham 039D,E02001865,Birmingham 039,E08000025,Birmingham
E01009354,Birmingham 036F,E02001862,Birmingham 036,E08000025,Birmingham
E01009355,Birmingham 039E,E02001865,Birmingham 039,E08000025,Birmingham
E01009358,Birmingham 047B,E02001873,Birmingham 047,E08000025,Birmingham
E01009359,Birmingham 047C,E02001873,Birmingham 047,E08000025,Birmingham
E01009360,Birmingham 047D,E02001873,Birmingham 047,E08000025,Birmingham
E01009361,Birmingham 047E,E02001873,Birmingham 047,E08000025,Birmingham
E01009362,Birmingham 071A,E02001897,Birmingham 071,E08000025,Birmingham
E01009363,Birmingham 071B,E02001897,Birmingham 071,E08000025,Birmingham
E01009364,Birmingham 071C,E02001897,Birmingham 071,E08000025,Birmingham
E01009365,Birmingham 071D,E02001897,Birmingham 071,E08000025,Birmingham
E01009366,Birmingham 084A,E02001910,Birmingham 084,E08000025,Birmingham
E01009367,Birmingham 083A,E02001909,Birmingham 083,E08000025,Birmingham
E01009368,Birmingham 077A,E02001903,Birmingham 077,E08000025,Birmingham
E01009371,Birmingham 077D,E02001903,Birmingham 077,E08000025,Birmingham
E01009372,Birmingham 082A,E02001908,Birmingham 082,E08000025,Birmingham
E01009373,Birmingham 082B,E02001908,Birmingham 082,E08000025,Birmingham
E01009374,Birmingham 084B,E02001910,Birmingham 084,E08000025,Birmingham
E01009375,Birmingham 083B,E02001909,Birmingham 083,E08000025,Birmingham
E01009376,Birmingham 084C,E02001910,Birmingham 084,E08000025,Birmingham
E01009377,Birmingham 083C,E02001909,Birmingham 083,E08000025,Birmingham
E01009379,Birmingham 071E,E02001897,Birmingham 071,E08000025,Birmingham
E01009380,Birmingham 070E,E02001896,Birmingham 070,E08000025,Birmingham
E01009383,Birmingham 083D,E02001909,Birmingham 083,E08000025,Birmingham
E01009384,Birmingham 092E,E02001918,Birmingham 092,E08000025,Birmingham
E01009385,Birmingham 092F,E02001918,Birmingham 092,E08000025,Birmingham
E01009389,Birmingham 093B,E02001919,Birmingham 093,E08000025,Birmingham
E01009390,Birmingham 093C,E02001919,Birmingham 093,E08000025,Birmingham
E01009394,Birmingham 093D,E02001919,Birmingham 093,E08000025,Birmingham
E01009395,Birmingham 097F,E02001923,Birmingham 097,E08000025,Birmingham
E01009396,Birmingham 082D,E02001908,Birmingham 082,E08000025,Birmingham
E01009397,Birmingham 077E,E02001903,Birmingham 077,E08000025,Birmingham
E01009399,Birmingham 083E,E02001909,Birmingham 083,E08000025,Birmingham
E01009400,Birmingham 031E,E02001857,Birmingham 031,E08000025,Birmingham
E01009401,Birmingham 031F,E02001857,Birmingham 031,E08000025,Birmingham
E01009403,Birmingham 020A,E02001846,Birmingham 020,E08000025,Birmingham
E01009404,Birmingham 020B,E02001846,Birmingham 020,E08000025,Birmingham
E01009405,Birmingham 020C,E02001846,Birmingham 020,E08000025,Birmingham
E01009406,Birmingham 020D,E02001846,Birmingham 020,E08000025,Birmingham
E01009407,Birmingham 020E,E02001846,Birmingham 020,E08000025,Birmingham
E01009408,Birmingham 026B,E02001852,Birmingham 026,E08000025,Birmingham
E01009409,Birmingham 026C,E02001852,Birmingham 026,E08000025,Birmingham
E01009410,Birmingham 026D,E02001852,Birmingham 026,E08000025,Birmingham
E01009411,Birmingham 030B,E02001856,Birmingham 030,E08000025,Birmingham
E01009412,Birmingham 030C,E02001856,Birmingham 030,E08000025,Birmingham
E01009413,Birmingham 030D,E02001856,Birmingham 030,E08000025,Birmingham
E01009414,Birmingham 030E,E02001856,Birmingham 030,E08000025,Birmingham
E01009415,Birmingham 002A,E02001828,Birmingham 002,E08000025,Birmingham
E01009416,Birmingham 003A,E02001829,Birmingham 003,E08000025,Birmingham
E01009417,Birmingham 001A,E02001827,Birmingham 001,E08000025,Birmingham
E01009418,Birmingham 001B,E02001827,Birmingham 001,E08000025,Birmingham
E01009419,Birmingham 001C,E02001827,Birmingham 001,E08000025,Birmingham
E01009420,Birmingham 003B,E02001829,Birmingham 003,E08000025,Birmingham
E01009421,Birmingham 004A,E02001830,Birmingham 004,E08000025,Birmingham
E01009422,Birmingham 002B,E02001828,Birmingham 002,E08000025,Birmingham
E01009423,Birmingham 002C,E02001828,Birmingham 002,E08000025,Birmingham
E01009424,Birmingham 004B,E02001830,Birmingham 004,E08000025,Birmingham
E01009425,Birmingham 002D,E02001828,Birmingham 002,E08000025,Birmingham
E01009426,Birmingham 003C,E02001829,Birmingham 003,E08000025,Birmingham
E01009427,Birmingham 004C,E02001830,Birmingham 004,E08000025,Birmingham
E01009428,Birmingham 004D,E02001830,Birmingham 004,E08000025,Birmingham
E01009429,Birmingham 003D,E02001829,Birmingham 003,E08000025,Birmingham
E01009430,Birmingham 004E,E02001830,Birmingham 004,E08000025,Birmingham
E01009431,Birmingham 003E,E02001829,Birmingham 003,E08000025,Birmingham
E01009432,Birmingham 006A,E02001832,Birmingham 006,E08000025,Birmingham
E01009433,Birmingham 001D,E02001827,Birmingham 001,E08000025,Birmingham
E01009434,Birmingham 012A,E02001838,Birmingham 012,E08000025,Birmingham
E01009435,Birmingham 006B,E02001832,Birmingham 006,E08000025,Birmingham
E01009436,Birmingham 012B,E02001838,Birmingham 012,E08000025,Birmingham
E01009437,Birmingham 006C,E02001832,Birmingham 006,E08000025,Birmingham
E01009438,Birmingham 012C,E02001838,Birmingham 012,E08000025,Birmingham
E01009439,Birmingham 021A,E02001847,Birmingham 021,E08000025,Birmingham
E01009440,Birmingham 012D,E02001838,Birmingham 012,E08000025,Birmingham
E01009441,Birmingham 021B,E02001847,Birmingham 021,E08000025,Birmingham
E01009442,Birmingham 021C,E02001847,Birmingham 021,E08000025,Birmingham
E01009443,Birmingham 021D,E02001847,Birmingham 021,E08000025,Birmingham
E01009444,Birmingham 006D,E02001832,Birmingham 006,E08000025,Birmingham
E01009445,Birmingham 005A,E02001831,Birmingham 005,E08000025,Birmingham
E01009446,Birmingham 005B,E02001831,Birmingham 005,E08000025,Birmingham
E01009447,Birmingham 005C,E02001831,Birmingham 005,E08000025,Birmingham
E01009448,Birmingham 005D,E02001831,Birmingham 005,E08000025,Birmingham
E01009449,Birmingham 009A,E02001835,Birmingham 009,E08000025,Birmingham
E01009450,Birmingham 012E,E02001838,Birmingham 012,E08000025,Birmingham
E01009451,Birmingham 009B,E02001835,Birmingham 009,E08000025,Birmingham
E01009452,Birmingham 005E,E02001831,Birmingham 005,E08000025,Birmingham
E01009453,Birmingham 009C,E02001835,Birmingham 009,E08000025,Birmingham
E01009454,Birmingham 006E,E02001832,Birmingham 006,E08000025,Birmingham
E01009455,Birmingham 005F,E02001831,Birmingham 005,E08000025,Birmingham
E01009456,Birmingham 018C,E02001844,Birmingham 018,E08000025,Birmingham
E01009457,Birmingham 015A,E02001841,Birmingham 015,E08000025,Birmingham
E01009458,Birmingham 018D,E02001844,Birmingham 018,E08000025,Birmingham
E01009459,Birmingham 015B,E02001841,Birmingham 015,E08000025,Birmingham
E01009460,Birmingham 018E,E02001844,Birmingham 018,E08000025,Birmingham
E01009461,Birmingham 015C,E02001841,Birmingham 015,E08000025,Birmingham
E01009462,Birmingham 018F,E02001844,Birmingham 018,E08000025,Birmingham
E01009463,Birmingham 015D,E02001841,Birmingham 015,E08000025,Birmingham
E01009464,Birmingham 007B,E02001833,Birmingham 007,E08000025,Birmingham
E01009465,Birmingham 007C,E02001833,Birmingham 007,E08000025,Birmingham
E01009466,Birmingham 009D,E02001835,Birmingham 009,E08000025,Birmingham
E01009467,Birmingham 007D,E02001833,Birmingham 007,E08000025,Birmingham
E01009468,Birmingham 004F,E02001830,Birmingham 004,E08000025,Birmingham
E01009469,Birmingham 010B,E02001836,Birmingham 010,E08000025,Birmingham
E01009470,Birmingham 010C,E02001836,Birmingham 010,E08000025,Birmingham
E01009471,Birmingham 009E,E02001835,Birmingham 009,E08000025,Birmingham
E01009472,Birmingham 010D,E02001836,Birmingham 010,E08000025,Birmingham
E01009473,Birmingham 010E,E02001836,Birmingham 010,E08000025,Birmingham
E01009474,Birmingham 010F,E02001836,Birmingham 010,E08000025,Birmingham
E01009475,Birmingham 055A,E02001881,Birmingham 055,E08000025,Birmingham
E01009476,Birmingham 055B,E02001881,Birmingham 055,E08000025,Birmingham
E01009477,Birmingham 055C,E02001881,Birmingham 055,E08000025,Birmingham
E01009478,Birmingham 048A,E02001874,Birmingham 048,E08000025,Birmingham
E01009479,Birmingham 048B,E02001874,Birmingham 048,E08000025,Birmingham
E01009480,Birmingham 044C,E02001870,Birmingham 044,E08000025,Birmingham
E01009481,Birmingham 044D,E02001870,Birmingham 044,E08000025,Birmingham
E01009482,Birmingham 048C,E02001874,Birmingham 048,E08000025,Birmingham
E01009483,Birmingham 051B,E02001877,Birmingham 051,E08000025,Birmingham
E01009484,Birmingham 048D,E02001874,Birmingham 048,E08000025,Birmingham
E01009485,Birmingham 048E,E02001874,Birmingham 048,E08000025,Birmingham
E01009486,Birmingham 044E,E02001870,Birmingham 044,E08000025,Birmingham
E01009487,Birmingham 044F,E02001870,Birmingham 044,E08000025,Birmingham
E01009488,Birmingham 051C,E02001877,Birmingham 051,E08000025,Birmingham
E01009489,Birmingham 051D,E02001877,Birmingham 051,E08000025,Birmingham
E01009490,Birmingham 055D,E02001881,Birmingham 055,E08000025,Birmingham
E01009491,Birmingham 051E,E02001877,Birmingham 051,E08000025,Birmingham
E01009492,Birmingham 055E,E02001881,Birmingham 055,E08000025,Birmingham
E01009494,Birmingham 109A,E02001935,Birmingham 109,E08000025,Birmingham
E01009495,Birmingham 106E,E02001932,Birmingham 106,E08000025,Birmingham
E01009496,Birmingham 109B,E02001935,Birmingham 109,E08000025,Birmingham
E01009497,Birmingham 109C,E02001935,Birmingham 109,E08000025,Birmingham
E01009500,Birmingham 095E,E02001921,Birmingham 095,E08000025,Birmingham
E01009501,Birmingham 101B,E02001927,Birmingham 101,E08000025,Birmingham
E01009502,Birmingham 101C,E02001927,Birmingham 101,E08000025,Birmingham
E01009503,Birmingham 101D,E02001927,Birmingham 101,E08000025,Birmingham
E01009504,Birmingham 109D,E02001935,Birmingham 109,E08000025,Birmingham
E01009505,Birmingham 101E,E02001927,Birmingham 101,E08000025,Birmingham
E01009506,Birmingham 109E,E02001935,Birmingham 109,E08000025,Birmingham
E01009507,Birmingham 056B,E02001882,Birmingham 056,E08000025,Birmingham
E01009508,Birmingham 056C,E02001882,Birmingham 056,E08000025,Birmingham
E01009509,Birmingham 056D,E02001882,Birmingham 056,E08000025,Birmingham
E01009510,Birmingham 056E,E02001882,Birmingham 056,E08000025,Birmingham
E01009511,Birmingham 054F,E02001880,Birmingham 054,E08000025,Birmingham
E01009512,Birmingham 062A,E02001888,Birmingham 062,E08000025,Birmingham
E01009513,Birmingham 066F,E02001892,Birmingham 066,E08000025,Birmingham
E01009514,Birmingham 062B,E02001888,Birmingham 062,E08000025,Birmingham
E01009515,Birmingham 067C,E02001893,Birmingham 067,E08000025,Birmingham
E01009516,Birmingham 062C,E02001888,Birmingham 062,E08000025,Birmingham
E01009517,Birmingham 062D,E02001888,Birmingham 062,E08000025,Birmingham
E01009518,Birmingham 067D,E02001893,Birmingham 067,E08000025,Birmingham
E01009519,Birmingham 072C,E02001898,Birmingham 072,E08000025,Birmingham
E01009520,Birmingham 072D,E02001898,Birmingham 072,E08000025,Birmingham
E01009521,Birmingham 067E,E02001893,Birmingham 067,E08000025,Birmingham
E01033559,Birmingham 049E,E02001875,Birmingham 049,E08000025,Birmingham
E01033561,Birmingham 050E,E02001876,Birmingham 050,E08000025,Birmingham
E01033562,Birmingham 087F,E02001913,Birmingham 087,E08000025,Birmingham
E01033617,Birmingham 050F,E02001876,Birmingham 050,E08000025,Birmingham
E01033629,Birmingham 106F,E02001932,Birmingham 106,E08000025,Birmingham
E01033630,Birmingham 031H,E02001857,Birmingham 031,E08000025,Birmingham
E01033638,Birmingham 049F,E02001875,Birmingham 049,E08000025,Birmingham
E01033642,Birmingham 063F,E02001889,Birmingham 063,E08000025,Birmingham
E01033643,Birmingham 082F,E02001908,Birmingham 082,E08000025,Birmingham
E01033646,Birmingham 031I,E02001857,Birmingham 031,E08000025,Birmingham
E01033648,Birmingham 084F,E02001910,Birmingham 084,E08000025,Birmingham
E01033649,Birmingham 058F,E02001884,Birmingham 058,E08000025,Birmingham
E01033650,Birmingham 077F,E02001903,Birmingham 077,E08000025,Birmingham
E01034913,Birmingham 014F,E02001840,Birmingham 014,E08000025,Birmingham
E01034914,Birmingham 014G,E02001840,Birmingham 014,E08000025,Birmingham
E01034915,Birmingham 023G,E02001849,Birmingham 023,E08000025,Birmingham
E01034916,Birmingham 023H,E02001849,Birmingham 023,E08000025,Birmingham
E01034917,Birmingham 035H,E02001861,Birmingham 035,E08000025,Birmingham
E01034918,Birmingham 035I,E02001861,Birmingham 035,E08000025,Birmingham
E01034919,Birmingham 037G,E02001863,Birmingham 037,E08000025,Birmingham
E01034920,Birmingham 037H,E02001863,Birmingham 037,E08000025,Birmingham
E01034921,Birmingham 039I,E02001865,Birmingham 039,E08000025,Birmingham
E01034922,Birmingham 039J,E02001865,Birmingham 039,E08000025,Birmingham
E01034923,Birmingham 041H,E02001867,Birmingham 041,E08000025,Birmingham
E01034924,Birmingham 041I,E02001867,Birmingham 041,E08000025,Birmingham
E01034925,Birmingham 041J,E02001867,Birmingham 041,E08000025,Birmingham
E01034926,Birmingham 041K,E02001867,Birmingham 041,E08000025,Birmingham
E01034927,Birmingham 043D,E02001869,Birmingham 043,E08000025,Birmingham
E01034928,Birmingham 043E,E02001869,Birmingham 043,E08000025,Birmingham
E01034929,Birmingham 050G,E02001876,Birmingham 050,E08000025,Birmingham
E01034930,Birmingham 050H,E02001876,Birmingham 050,E08000025,Birmingham
E01034931,Birmingham 051F,E02001877,Birmingham 051,E08000025,Birmingham
E01034932,Birmingham 051G,E02001877,Birmingham 051,E08000025,Birmingham
E01034933,Birmingham 052G,E02001878,Birmingham 052,E08000025,Birmingham
E01034934,Birmingham 052H,E02001878,Birmingham 052,E08000025,Birmingham
E01034935,Birmingham 058G,E02001884,Birmingham 058,E08000025,Birmingham
E01034936,Birmingham 079G,E02001905,Birmingham 079,E08000025,Birmingham
E01034937,Birmingham 079H,E02001905,Birmingham 079,E08000025,Birmingham
E01034938,Birmingham 088F,E02001914,Birmingham 088,E08000025,Birmingham
E01034939,Birmingham 088G,E02001914,Birmingham 088,E08000025,Birmingham
E01034940,Birmingham 096H,E02001922,Birmingham 096,E08000025,Birmingham
E01034941,Birmingham 096I,E02001922,Birmingham 096,E08000025,Birmingham
E01008932,Birmingham 111A,E02001937,Birmingham 111,E08000025,Birmingham
E01008935,Birmingham 111B,E02001937,Birmingham 111,E08000025,Birmingham
E01008936,Birmingham 111C,E02001937,Birmingham 111,E08000025,Birmingham
E01008937,Birmingham 115A,E02001941,Birmingham 115,E08000025,Birmingham
E01008938,Birmingham 111D,E02001937,Birmingham 111,E08000025,Birmingham
E01008939,Birmingham 111E,E02001937,Birmingham 111,E08000025,Birmingham
E01008940,Birmingham 115B,E02001941,Birmingham 115,E08000025,Birmingham
E01008941,Birmingham 115C,E02001941,Birmingham 115,E08000025,Birmingham
E01008942,Birmingham 117A,E02001943,Birmingham 117,E08000025,Birmingham
E01008943,Birmingham 117B,E02001943,Birmingham 117,E08000025,Birmingham
E01008944,Birmingham 115D,E02001941,Birmingham 115,E08000025,Birmingham
E01008945,Birmingham 122A,E02001948,Birmingham 122,E08000025,Birmingham
E01008946,Birmingham 122B,E02001948,Birmingham 122,E08000025,Birmingham
E01008947,Birmingham 122C,E02001948,Birmingham 122,E08000025,Birmingham
E01008948,Birmingham 122D,E02001948,Birmingham 122,E08000025,Birmingham
E01008949,Birmingham 122E,E02001948,Birmingham 122,E08000025,Birmingham
E01008950,Birmingham 113A,E02001939,Birmingham 113,E08000025,Birmingham
E01008951,Birmingham 112A,E02001938,Birmingham 112,E08000025,Birmingham
E01008952,Birmingham 112B,E02001938,Birmingham 112,E08000025,Birmingham
E01008954,Birmingham 113B,E02001939,Birmingham 113,E08000025,Birmingham
E01008955,Birmingham 112C,E02001938,Birmingham 112,E08000025,Birmingham
E01008956,Birmingham 112D,E02001938,Birmingham 112,E08000025,Birmingham
E01008957,Birmingham 112E,E02001938,Birmingham 112,E08000025,Birmingham
E01008958,Birmingham 113C,E02001939,Birmingham 113,E08000025,Birmingham
E01008959,Birmingham 116A,E02001942,Birmingham 116,E08000025,Birmingham
E01008960,Birmingham 116B,E02001942,Birmingham 116,E08000025,Birmingham
E01008961,Birmingham 116C,E02001942,Birmingham 116,E08000025,Birmingham
E01008962,Birmingham 116D,E02001942,Birmingham 116,E08000025,Birmingham
E01008967,Birmingham 110A,E02001936,Birmingham 110,E08000025,Birmingham
E01008968,Birmingham 110B,E02001936,Birmingham 110,E08000025,Birmingham
E01008969,Birmingham 117C,E02001943,Birmingham 117,E08000025,Birmingham
E01008970,Birmingham 110C,E02001936,Birmingham 110,E08000025,Birmingham
E01008971,Birmingham 117D,E02001943,Birmingham 117,E08000025,Birmingham
E01008972,Birmingham 118A,E02001944,Birmingham 118,E08000025,Birmingham
E01008973,Birmingham 118B,E02001944,Birmingham 118,E08000025,Birmingham
E01008974,Birmingham 118C,E02001944,Birmingham 118,E08000025,Birmingham
E01008975,Birmingham 118D,E02001944,Birmingham 118,E08000025,Birmingham
E01008976,Birmingham 121A,E02001947,Birmingham 121,E08000025,Birmingham
E01008977,Birmingham 123A,E02001949,Birmingham 123,E08000025,Birmingham
E01008978,Birmingham 121B,E02001947,Birmingham 121,E08000025,Birmingham
E01008979,Birmingham 121C,E02001947,Birmingham 121,E08000025,Birmingham
E01008980,Birmingham 121D,E02001947,Birmingham 121,E08000025,Birmingham
E01008981,Birmingham 110D,E02001936,Birmingham 110,E08000025,Birmingham
E01009107,Birmingham 128A,E02001954,Birmingham 128,E08000025,Birmingham
E01009108,Birmingham 127A,E02001953,Birmingham 127,E08000025,Birmingham
E01009109,Birmingham 123B,E02001949,Birmingham 123,E08000025,Birmingham
E01009110,Birmingham 128B,E02001954,Birmingham 128,E08000025,Birmingham
E01009111,Birmingham 127B,E02001953,Birmingham 127,E08000025,Birmingham
E01009112,Birmingham 127C,E02001953,Birmingham 127,E08000025,Birmingham
E01009113,Birmingham 128C,E02001954,Birmingham 128,E08000025,Birmingham
E01009114,Birmingham 128D,E02001954,Birmingham 128,E08000025,Birmingham
E01009115,Birmingham 128E,E02001954,Birmingham 128,E08000025,Birmingham
E01009116,Birmingham 127D,E02001953,Birmingham 127,E08000025,Birmingham
E01009117,Birmingham 126A,E02001952,Birmingham 126,E08000025,Birmingham
E01009118,Birmingham 127E,E02001953,Birmingham 127,E08000025,Birmingham
E01009119,Birmingham 123C,E02001949,Birmingham 123,E08000025,Birmingham
E01009120,Birmingham 123D,E02001949,Birmingham 123,E08000025,Birmingham
E01009155,Birmingham 125B,E02001951,Birmingham 125,E08000025,Birmingham
E01009157,Birmingham 125D,E02001951,Birmingham 125,E08000025,Birmingham
E01009158,Birmingham 129A,E02001955,Birmingham 129,E08000025,Birmingham
E01009159,Birmingham 130A,E02001956,Birmingham 130,E08000025,Birmingham
E01009160,Birmingham 125E,E02001951,Birmingham 125,E08000025,Birmingham
E01009161,Birmingham 125F,E02001951,Birmingham 125,E08000025,Birmingham
E01009162,Birmingham 124A,E02001950,Birmingham 124,E08000025,Birmingham
E01009164,Birmingham 130B,E02001956,Birmingham 130,E08000025,Birmingham
E01009165,Birmingham 129C,E02001955,Birmingham 129,E08000025,Birmingham
E01009166,Birmingham 131A,E02001957,Birmingham 131,E08000025,Birmingham
E01009167,Birmingham 130C,E02001956,Birmingham 130,E08000025,Birmingham
E01009168,Birmingham 131B,E02001957,Birmingham 131,E08000025,Birmingham
E01009169,Birmingham 129D,E02001955,Birmingham 129,E08000025,Birmingham
E01009170,Birmingham 131C,E02001957,Birmingham 131,E08000025,Birmingham
E01009171,Birmingham 130D,E02001956,Birmingham 130,E08000025,Birmingham
E01009172,Birmingham 119A,E02001945,Birmingham 119,E08000025,Birmingham
E01009173,Birmingham 119B,E02001945,Birmingham 119,E08000025,Birmingham
E01009174,Birmingham 119C,E02001945,Birmingham 119,E08000025,Birmingham
E01009205,Birmingham 120A,E02001946,Birmingham 120,E08000025,Birmingham
E01009206,Birmingham 120B,E02001946,Birmingham 120,E08000025,Birmingham
E01009207,Birmingham 124B,E02001950,Birmingham 124,E08000025,Birmingham
E01009208,Birmingham 124C,E02001950,Birmingham 124,E08000025,Birmingham
E01009209,Birmingham 124D,E02001950,Birmingham 124,E08000025,Birmingham
E01009210,Birmingham 126B,E02001952,Birmingham 126,E08000025,Birmingham
E01009211,Birmingham 120C,E02001946,Birmingham 120,E08000025,Birmingham
E01009212,Birmingham 126C,E02001952,Birmingham 126,E08000025,Birmingham
E01009213,Birmingham 124E,E02001950,Birmingham 124,E08000025,Birmingham
E01009214,Birmingham 126D,E02001952,Birmingham 126,E08000025,Birmingham
E01009215,Birmingham 126E,E02001952,Birmingham 126,E08000025,Birmingham
E01009216,Birmingham 131D,E02001957,Birmingham 131,E08000025,Birmingham
E01009217,Birmingham 131E,E02001957,Birmingham 131,E08000025,Birmingham
E01009218,Birmingham 120D,E02001946,Birmingham 120,E08000025,Birmingham
E01009219,Birmingham 120E,E02001946,Birmingham 120,E08000025,Birmingham
E01009493,Birmingham 113D,E02001939,Birmingham 113,E08000025,Birmingham
E01009498,Birmingham 119D,E02001945,Birmingham 119,E08000025,Birmingham
E01009499,Birmingham 119E,E02001945,Birmingham 119,E08000025,Birmingham
E01009522,Coventry 014A,E02001971,Coventry 014,E08000026,Coventry
E01009523,Coventry 010A,E02001967,Coventry 010,E08000026,Coventry
E01009524,Coventry 006A,E02001963,Coventry 006,E08000026,Coventry
E01009525,Coventry 006B,E02001963,Coventry 006,E08000026,Coventry
E01009526,Coventry 010B,E02001967,Coventry 010,E08000026,Coventry
E01009527,Coventry 006C,E02001963,Coventry 006,E08000026,Coventry
E01009528,Coventry 010C,E02001967,Coventry 010,E08000026,Coventry
E01009529,Coventry 014B,E02001971,Coventry 014,E08000026,Coventry
E01009530,Coventry 014C,E02001971,Coventry 014,E08000026,Coventry
E01009531,Coventry 010D,E02001967,Coventry 010,E08000026,Coventry
E01009532,Coventry 033A,E02001990,Coventry 033,E08000026,Coventry
E01009535,Coventry 033B,E02001990,Coventry 033,E08000026,Coventry
E01009536,Coventry 033C,E02001990,Coventry 033,E08000026,Coventry
E01009537,Coventry 035C,E02001992,Coventry 035,E08000026,Coventry
E01009538,Coventry 035D,E02001992,Coventry 035,E08000026,Coventry
E01009539,Coventry 039A,E02001996,Coventry 039,E08000026,Coventry
E01009540,Coventry 039B,E02001996,Coventry 039,E08000026,Coventry
E01009541,Coventry 039C,E02001996,Coventry 039,E08000026,Coventry
E01009542,Coventry 039D,E02001996,Coventry 039,E08000026,Coventry
E01009543,Coventry 033D,E02001990,Coventry 033,E08000026,Coventry
E01009544,Coventry 038A,E02001995,Coventry 038,E08000026,Coventry
E01009548,Coventry 031A,E02001988,Coventry 031,E08000026,Coventry
E01009549,Coventry 037B,E02001994,Coventry 037,E08000026,Coventry
E01009550,Coventry 037C,E02001994,Coventry 037,E08000026,Coventry
E01009552,Coventry 037E,E02001994,Coventry 037,E08000026,Coventry
E01009553,Coventry 031B,E02001988,Coventry 031,E08000026,Coventry
E01009554,Coventry 034A,E02001991,Coventry 034,E08000026,Coventry
E01009555,Coventry 034B,E02001991,Coventry 034,E08000026,Coventry
E01009556,Coventry 034C,E02001991,Coventry 034,E08000026,Coventry
E01009557,Coventry 034D,E02001991,Coventry 034,E08000026,Coventry
E01009558,Coventry 034E,E02001991,Coventry 034,E08000026,Coventry
E01009559,Coventry 034F,E02001991,Coventry 034,E08000026,Coventry
E01009560,Coventry 040A,E02001997,Coventry 040,E08000026,Coventry
E01009561,Coventry 040B,E02001997,Coventry 040,E08000026,Coventry
E01009562,Coventry 040C,E02001997,Coventry 040,E08000026,Coventry
E01009563,Coventry 040D,E02001997,Coventry 040,E08000026,Coventry
E01009564,Coventry 005A,E02001962,Coventry 005,E08000026,Coventry
E01009565,Coventry 009A,E02001966,Coventry 009,E08000026,Coventry
E01009566,Coventry 009B,E02001966,Coventry 009,E08000026,Coventry
E01009567,Coventry 009C,E02001966,Coventry 009,E08000026,Coventry
E01009568,Coventry 009D,E02001966,Coventry 009,E08000026,Coventry
E01009569,Coventry 015A,E02001972,Coventry 015,E08000026,Coventry
E01009570,Coventry 015B,E02001972,Coventry 015,E08000026,Coventry
E01009571,Coventry 015C,E02001972,Coventry 015,E08000026,Coventry
E01009573,Coventry 015E,E02001972,Coventry 015,E08000026,Coventry
E01009574,Coventry 015F,E02001972,Coventry 015,E08000026,Coventry
E01009575,Coventry 005B,E02001962,Coventry 005,E08000026,Coventry
E01009576,Coventry 008A,E02001965,Coventry 008,E08000026,Coventry
E01009577,Coventry 007A,E02001964,Coventry 007,E08000026,Coventry
E01009578,Coventry 008B,E02001965,Coventry 008,E08000026,Coventry
E01009579,Coventry 007B,E02001964,Coventry 007,E08000026,Coventry
E01009580,Coventry 019A,E02001976,Coventry 019,E08000026,Coventry
E01009581,Coventry 007C,E02001964,Coventry 007,E08000026,Coventry
E01009582,Coventry 008C,E02001965,Coventry 008,E08000026,Coventry
E01009583,Coventry 008D,E02001965,Coventry 008,E08000026,Coventry
E01009584,Coventry 007D,E02001964,Coventry 007,E08000026,Coventry
E01009585,Coventry 007E,E02001964,Coventry 007,E08000026,Coventry
E01009586,Coventry 008E,E02001965,Coventry 008,E08000026,Coventry
E01009587,Coventry 011A,E02001968,Coventry 011,E08000026,Coventry
E01009589,Coventry 001A,E02001958,Coventry 001,E08000026,Coventry
E01009590,Coventry 002A,E02001959,Coventry 002,E08000026,Coventry
E01009591,Coventry 002B,E02001959,Coventry 002,E08000026,Coventry
E01009593,Coventry 002C,E02001959,Coventry 002,E08000026,Coventry
E01009594,Coventry 006D,E02001963,Coventry 006,E08000026,Coventry
E01009598,Coventry 002D,E02001959,Coventry 002,E08000026,Coventry
E01009599,Coventry 013A,E02001970,Coventry 013,E08000026,Coventry
E01009604,Coventry 004A,E02001961,Coventry 004,E08000026,Coventry
E01009605,Coventry 004B,E02001961,Coventry 004,E08000026,Coventry
E01009606,Coventry 005C,E02001962,Coventry 005,E08000026,Coventry
E01009607,Coventry 004C,E02001961,Coventry 004,E08000026,Coventry
E01009608,Coventry 004D,E02001961,Coventry 004,E08000026,Coventry
E01009609,Coventry 005D,E02001962,Coventry 005,E08000026,Coventry
E01009610,Coventry 004E,E02001961,Coventry 004,E08000026,Coventry
E01009612,Coventry 035F,E02001992,Coventry 035,E08000026,Coventry
E01009613,Coventry 018A,E02001975,Coventry 018,E08000026,Coventry
E01009614,Coventry 021A,E02001978,Coventry 021,E08000026,Coventry
E01009615,Coventry 027A,E02001984,Coventry 027,E08000026,Coventry
E01009616,Coventry 027B,E02001984,Coventry 027,E08000026,Coventry
E01009617,Coventry 027C,E02001984,Coventry 027,E08000026,Coventry
E01009618,Coventry 027D,E02001984,Coventry 027,E08000026,Coventry
E01009620,Coventry 027E,E02001984,Coventry 027,E08000026,Coventry
E01009621,Coventry 027F,E02001984,Coventry 027,E08000026,Coventry
E01009622,Coventry 012A,E02001969,Coventry 012,E08000026,Coventry
E01009623,Coventry 012B,E02001969,Coventry 012,E08000026,Coventry
E01009624,Coventry 011B,E02001968,Coventry 011,E08000026,Coventry
E01009625,Coventry 011C,E02001968,Coventry 011,E08000026,Coventry
E01009626,Coventry 011D,E02001968,Coventry 011,E08000026,Coventry
E01009627,Coventry 012C,E02001969,Coventry 012,E08000026,Coventry
E01009628,Coventry 012D,E02001969,Coventry 012,E08000026,Coventry
E01009630,Coventry 020B,E02001977,Coventry 020,E08000026,Coventry
E01009631,Coventry 020C,E02001977,Coventry 020,E08000026,Coventry
E01009632,Coventry 020D,E02001977,Coventry 020,E08000026,Coventry
E01009633,Coventry 028A,E02001985,Coventry 028,E08000026,Coventry
E01009634,Coventry 028B,E02001985,Coventry 028,E08000026,Coventry
E01009636,Coventry 024A,E02001981,Coventry 024,E08000026,Coventry
E01009637,Coventry 024B,E02001981,Coventry 024,E08000026,Coventry
E01009638,Coventry 024C,E02001981,Coventry 024,E08000026,Coventry
E01009639,Coventry 024D,E02001981,Coventry 024,E08000026,Coventry
E01009640,Coventry 024E,E02001981,Coventry 024,E08000026,Coventry
E01009641,Coventry 024F,E02001981,Coventry 024,E08000026,Coventry
E01009643,Coventry 017A,E02001974,Coventry 017,E08000026,Coventry
E01009644,Coventry 017B,E02001974,Coventry 017,E08000026,Coventry
E01009645,Coventry 014D,E02001971,Coventry 014,E08000026,Coventry
E01009646,Coventry 022A,E02001979,Coventry 022,E08000026,Coventry
E01009647,Coventry 017C,E02001974,Coventry 017,E08000026,Coventry
E01009648,Coventry 017D,E02001974,Coventry 017,E08000026,Coventry
E01009649,Coventry 026A,E02001983,Coventry 026,E08000026,Coventry
E01009650,Coventry 020E,E02001977,Coventry 020,E08000026,Coventry
E01009651,Coventry 031D,E02001988,Coventry 031,E08000026,Coventry
E01009652,Coventry 017E,E02001974,Coventry 017,E08000026,Coventry
E01009653,Coventry 017F,E02001974,Coventry 017,E08000026,Coventry
E01009654,Coventry 021B,E02001978,Coventry 021,E08000026,Coventry
E01009655,Coventry 016A,E02001973,Coventry 016,E08000026,Coventry
E01009656,Coventry 016B,E02001973,Coventry 016,E08000026,Coventry
E01009657,Coventry 018B,E02001975,Coventry 018,E08000026,Coventry
E01009658,Coventry 021C,E02001978,Coventry 021,E08000026,Coventry
E01009659,Coventry 016C,E02001973,Coventry 016,E08000026,Coventry
E01009660,Coventry 021D,E02001978,Coventry 021,E08000026,Coventry
E01009661,Coventry 028D,E02001985,Coventry 028,E08000026,Coventry
E01009662,Coventry 016D,E02001973,Coventry 016,E08000026,Coventry
E01009663,Coventry 013B,E02001970,Coventry 013,E08000026,Coventry
E01009664,Coventry 016E,E02001973,Coventry 016,E08000026,Coventry
E01009665,Coventry 042A,E02001999,Coventry 042,E08000026,Coventry
E01009666,Coventry 041A,E02001998,Coventry 041,E08000026,Coventry
E01009667,Coventry 041B,E02001998,Coventry 041,E08000026,Coventry
E01009668,Coventry 041C,E02001998,Coventry 041,E08000026,Coventry
E01009669,Coventry 042B,E02001999,Coventry 042,E08000026,Coventry
E01009670,Coventry 041D,E02001998,Coventry 041,E08000026,Coventry
E01009671,Coventry 042C,E02001999,Coventry 042,E08000026,Coventry
E01009672,Coventry 040E,E02001997,Coventry 040,E08000026,Coventry
E01009674,Coventry 029A,E02001986,Coventry 029,E08000026,Coventry
E01009676,Coventry 032A,E02001989,Coventry 032,E08000026,Coventry
E01009679,Coventry 036C,E02001993,Coventry 036,E08000026,Coventry
E01009681,Coventry 032B,E02001989,Coventry 032,E08000026,Coventry
E01009682,Coventry 032C,E02001989,Coventry 032,E08000026,Coventry
E01009683,Coventry 032D,E02001989,Coventry 032,E08000026,Coventry
E01009684,Coventry 026B,E02001983,Coventry 026,E08000026,Coventry
E01009685,Coventry 026C,E02001983,Coventry 026,E08000026,Coventry
E01009686,Coventry 026D,E02001983,Coventry 026,E08000026,Coventry
E01009687,Coventry 026E,E02001983,Coventry 026,E08000026,Coventry
E01009688,Coventry 030A,E02001987,Coventry 030,E08000026,Coventry
E01009689,Coventry 030B,E02001987,Coventry 030,E08000026,Coventry
E01009690,Coventry 030C,E02001987,Coventry 030,E08000026,Coventry
E01009691,Coventry 030D,E02001987,Coventry 030,E08000026,Coventry
E01009692,Coventry 022B,E02001979,Coventry 022,E08000026,Coventry
E01009693,Coventry 022C,E02001979,Coventry 022,E08000026,Coventry
E01009694,Coventry 022D,E02001979,Coventry 022,E08000026,Coventry
E01009695,Coventry 023A,E02001980,Coventry 023,E08000026,Coventry
E01009696,Coventry 023B,E02001980,Coventry 023,E08000026,Coventry
E01009697,Coventry 025A,E02001982,Coventry 025,E08000026,Coventry
E01009698,Coventry 025B,E02001982,Coventry 025,E08000026,Coventry
E01009699,Coventry 029B,E02001986,Coventry 029,E08000026,Coventry
E01009700,Coventry 029C,E02001986,Coventry 029,E08000026,Coventry
E01009701,Coventry 029D,E02001986,Coventry 029,E08000026,Coventry
E01009702,Coventry 029E,E02001986,Coventry 029,E08000026,Coventry
E01009704,Coventry 023C,E02001980,Coventry 023,E08000026,Coventry
E01009705,Coventry 023D,E02001980,Coventry 023,E08000026,Coventry
E01009706,Coventry 025D,E02001982,Coventry 025,E08000026,Coventry
E01009707,Coventry 033E,E02001990,Coventry 033,E08000026,Coventry
E01009708,Coventry 033F,E02001990,Coventry 033,E08000026,Coventry
E01009709,Coventry 007F,E02001964,Coventry 007,E08000026,Coventry
E01009710,Coventry 013C,E02001970,Coventry 013,E08000026,Coventry
E01009711,Coventry 013D,E02001970,Coventry 013,E08000026,Coventry
E01009712,Coventry 018C,E02001975,Coventry 018,E08000026,Coventry
E01009713,Coventry 019B,E02001976,Coventry 019,E08000026,Coventry
E01009714,Coventry 018D,E02001975,Coventry 018,E08000026,Coventry
E01009715,Coventry 019C,E02001976,Coventry 019,E08000026,Coventry
E01009716,Coventry 018E,E02001975,Coventry 018,E08000026,Coventry
E01009717,Coventry 019D,E02001976,Coventry 019,E08000026,Coventry
E01009718,Coventry 019E,E02001976,Coventry 019,E08000026,Coventry
E01009719,Dudley 027A,E02002026,Dudley 027,E08000027,Dudley
E01009720,Dudley 028A,E02002027,Dudley 028,E08000027,Dudley
E01009721,Dudley 031A,E02002030,Dudley 031,E08000027,Dudley
E01009722,Dudley 027B,E02002026,Dudley 027,E08000027,Dudley
E01009723,Dudley 028B,E02002027,Dudley 028,E08000027,Dudley
E01009724,Dudley 028C,E02002027,Dudley 028,E08000027,Dudley
E01009725,Dudley 031B,E02002030,Dudley 031,E08000027,Dudley
E01009726,Dudley 031C,E02002030,Dudley 031,E08000027,Dudley
E01009727,Dudley 027C,E02002026,Dudley 027,E08000027,Dudley
E01009728,Dudley 027D,E02002026,Dudley 027,E08000027,Dudley
E01009729,Dudley 027E,E02002026,Dudley 027,E08000027,Dudley
E01009730,Dudley 028D,E02002027,Dudley 028,E08000027,Dudley
E01009731,Dudley 023A,E02002022,Dudley 023,E08000027,Dudley
E01009734,Dudley 034A,E02002033,Dudley 034,E08000027,Dudley
E01009735,Dudley 034B,E02002033,Dudley 034,E08000027,Dudley
E01009736,Dudley 034C,E02002033,Dudley 034,E08000027,Dudley
E01009737,Dudley 034D,E02002033,Dudley 034,E08000027,Dudley
E01009738,Dudley 034E,E02002033,Dudley 034,E08000027,Dudley
E01009740,Dudley 023B,E02002022,Dudley 023,E08000027,Dudley
E01009741,Dudley 022A,E02002021,Dudley 022,E08000027,Dudley
E01009742,Dudley 023C,E02002022,Dudley 023,E08000027,Dudley
E01009743,Dudley 023D,E02002022,Dudley 023,E08000027,Dudley
E01009744,Dudley 022B,E02002021,Dudley 022,E08000027,Dudley
E01009745,Dudley 023E,E02002022,Dudley 023,E08000027,Dudley
E01009746,Dudley 022C,E02002021,Dudley 022,E08000027,Dudley
E01009747,Dudley 022D,E02002021,Dudley 022,E08000027,Dudley
E01009748,Dudley 013A,E02002012,Dudley 013,E08000027,Dudley
E01009749,Dudley 016A,E02002015,Dudley 016,E08000027,Dudley
E01009750,Dudley 016B,E02002015,Dudley 016,E08000027,Dudley
E01009751,Dudley 017A,E02002016,Dudley 017,E08000027,Dudley
E01009752,Dudley 017B,E02002016,Dudley 017,E08000027,Dudley
E01009753,Dudley 017C,E02002016,Dudley 017,E08000027,Dudley
E01009754,Dudley 017D,E02002016,Dudley 017,E08000027,Dudley
E01009756,Dudley 006B,E02002005,Dudley 006,E08000027,Dudley
E01009757,Dudley 006C,E02002005,Dudley 006,E08000027,Dudley
E01009758,Dudley 005A,E02002004,Dudley 005,E08000027,Dudley
E01009759,Dudley 006D,E02002005,Dudley 006,E08000027,Dudley
E01009760,Dudley 005B,E02002004,Dudley 005,E08000027,Dudley
E01009762,Dudley 006F,E02002005,Dudley 006,E08000027,Dudley
E01009763,Dudley 001A,E02002000,Dudley 001,E08000027,Dudley
E01009764,Dudley 001B,E02002000,Dudley 001,E08000027,Dudley
E01009765,Dudley 004A,E02002003,Dudley 004,E08000027,Dudley
E01009766,Dudley 004B,E02002003,Dudley 004,E08000027,Dudley
E01009767,Dudley 001C,E02002000,Dudley 001,E08000027,Dudley
E01009768,Dudley 004C,E02002003,Dudley 004,E08000027,Dudley
E01009769,Dudley 001D,E02002000,Dudley 001,E08000027,Dudley
E01009770,Dudley 001E,E02002000,Dudley 001,E08000027,Dudley
E01009771,Dudley 004D,E02002003,Dudley 004,E08000027,Dudley
E01009772,Dudley 005C,E02002004,Dudley 005,E08000027,Dudley
E01009773,Dudley 002A,E02002001,Dudley 002,E08000027,Dudley
E01009774,Dudley 005D,E02002004,Dudley 005,E08000027,Dudley
E01009775,Dudley 004E,E02002003,Dudley 004,E08000027,Dudley
E01009776,Dudley 004F,E02002003,Dudley 004,E08000027,Dudley
E01009777,Dudley 002B,E02002001,Dudley 002,E08000027,Dudley
E01009778,Dudley 002C,E02002001,Dudley 002,E08000027,Dudley
E01009779,Dudley 008A,E02002007,Dudley 008,E08000027,Dudley
E01009780,Dudley 009A,E02002008,Dudley 009,E08000027,Dudley
E01009781,Dudley 007A,E02002006,Dudley 007,E08000027,Dudley
E01009782,Dudley 008B,E02002007,Dudley 008,E08000027,Dudley
E01009783,Dudley 008C,E02002007,Dudley 008,E08000027,Dudley
E01009784,Dudley 009B,E02002008,Dudley 009,E08000027,Dudley
E01009785,Dudley 008D,E02002007,Dudley 008,E08000027,Dudley
E01009786,Dudley 007B,E02002006,Dudley 007,E08000027,Dudley
E01009787,Dudley 009C,E02002008,Dudley 009,E08000027,Dudley
E01009788,Dudley 005E,E02002004,Dudley 005,E08000027,Dudley
E01009789,Dudley 007C,E02002006,Dudley 007,E08000027,Dudley
E01009790,Dudley 007D,E02002006,Dudley 007,E08000027,Dudley
E01009791,Dudley 026A,E02002025,Dudley 026,E08000027,Dudley
E01009792,Dudley 026B,E02002025,Dudley 026,E08000027,Dudley
E01009793,Dudley 030A,E02002029,Dudley 030,E08000027,Dudley
E01009794,Dudley 030B,E02002029,Dudley 030,E08000027,Dudley
E01009795,Dudley 026C,E02002025,Dudley 026,E08000027,Dudley
E01009796,Dudley 026D,E02002025,Dudley 026,E08000027,Dudley
E01009797,Dudley 030C,E02002029,Dudley 030,E08000027,Dudley
E01009798,Dudley 026E,E02002025,Dudley 026,E08000027,Dudley
E01009800,Dudley 036A,E02002035,Dudley 036,E08000027,Dudley
E01009801,Dudley 030D,E02002029,Dudley 030,E08000027,Dudley
E01009802,Dudley 036B,E02002035,Dudley 036,E08000027,Dudley
E01009803,Dudley 036C,E02002035,Dudley 036,E08000027,Dudley
E01009804,Dudley 036D,E02002035,Dudley 036,E08000027,Dudley
E01009809,Dudley 033A,E02002032,Dudley 033,E08000027,Dudley
E01009813,Dudley 033B,E02002032,Dudley 033,E08000027,Dudley
E01009814,Dudley 014A,E02002013,Dudley 014,E08000027,Dudley
E01009815,Dudley 014B,E02002013,Dudley 014,E08000027,Dudley
E01009816,Dudley 012A,E02002011,Dudley 012,E08000027,Dudley
E01009817,Dudley 012B,E02002011,Dudley 012,E08000027,Dudley
E01009818,Dudley 014C,E02002013,Dudley 014,E08000027,Dudley
E01009819,Dudley 012C,E02002011,Dudley 012,E08000027,Dudley
E01009820,Dudley 012D,E02002011,Dudley 012,E08000027,Dudley
E01009821,Dudley 014D,E02002013,Dudley 014,E08000027,Dudley
E01009822,Dudley 014E,E02002013,Dudley 014,E08000027,Dudley
E01009823,Dudley 016C,E02002015,Dudley 016,E08000027,Dudley
E01009824,Dudley 016D,E02002015,Dudley 016,E08000027,Dudley
E01009825,Dudley 019A,E02002018,Dudley 019,E08000027,Dudley
E01009826,Dudley 019B,E02002018,Dudley 019,E08000027,Dudley
E01009827,Dudley 019C,E02002018,Dudley 019,E08000027,Dudley
E01009828,Dudley 019D,E02002018,Dudley 019,E08000027,Dudley
E01009829,Dudley 019E,E02002018,Dudley 019,E08000027,Dudley
E01009830,Dudley 019F,E02002018,Dudley 019,E08000027,Dudley
E01009831,Dudley 037A,E02002036,Dudley 037,E08000027,Dudley
E01009833,Dudley 032A,E02002031,Dudley 032,E08000027,Dudley
E01009834,Dudley 031D,E02002030,Dudley 031,E08000027,Dudley
E01009835,Dudley 032B,E02002031,Dudley 032,E08000027,Dudley
E01009836,Dudley 037B,E02002036,Dudley 037,E08000027,Dudley
E01009837,Dudley 037C,E02002036,Dudley 037,E08000027,Dudley
E01009838,Dudley 037D,E02002036,Dudley 037,E08000027,Dudley
E01009839,Dudley 013B,E02002012,Dudley 013,E08000027,Dudley
E01009840,Dudley 018A,E02002017,Dudley 018,E08000027,Dudley
E01009841,Dudley 017E,E02002016,Dudley 017,E08000027,Dudley
E01009842,Dudley 018B,E02002017,Dudley 018,E08000027,Dudley
E01009843,Dudley 018C,E02002017,Dudley 018,E08000027,Dudley
E01009844,Dudley 011A,E02002010,Dudley 011,E08000027,Dudley
E01009847,Dudley 038A,E02002037,Dudley 038,E08000027,Dudley
E01009848,Dudley 038B,E02002037,Dudley 038,E08000027,Dudley
E01009849,Dudley 038C,E02002037,Dudley 038,E08000027,Dudley
E01009851,Dudley 038D,E02002037,Dudley 038,E08000027,Dudley
E01009856,Dudley 035A,E02002034,Dudley 035,E08000027,Dudley
E01009861,Dudley 033C,E02002032,Dudley 033,E08000027,Dudley
E01009862,Dudley 033D,E02002032,Dudley 033,E08000027,Dudley
E01009863,Dudley 033E,E02002032,Dudley 033,E08000027,Dudley
E01009864,Dudley 025A,E02002024,Dudley 025,E08000027,Dudley
E01009865,Dudley 025B,E02002024,Dudley 025,E08000027,Dudley
E01009866,Dudley 025C,E02002024,Dudley 025,E08000027,Dudley
E01009867,Dudley 025D,E02002024,Dudley 025,E08000027,Dudley
E01009868,Dudley 033F,E02002032,Dudley 033,E08000027,Dudley
E01009869,Dudley 032C,E02002031,Dudley 032,E08000027,Dudley
E01009870,Dudley 032D,E02002031,Dudley 032,E08000027,Dudley
E01009871,Dudley 018D,E02002017,Dudley 018,E08000027,Dudley
E01009872,Dudley 020A,E02002019,Dudley 020,E08000027,Dudley
E01009873,Dudley 020B,E02002019,Dudley 020,E08000027,Dudley
E01009874,Dudley 020C,E02002019,Dudley 020,E08000027,Dudley
E01009875,Dudley 018E,E02002017,Dudley 018,E08000027,Dudley
E01009876,Dudley 020D,E02002019,Dudley 020,E08000027,Dudley
E01009877,Dudley 020E,E02002019,Dudley 020,E08000027,Dudley
E01009878,Dudley 025E,E02002024,Dudley 025,E08000027,Dudley
E01009879,Dudley 011B,E02002010,Dudley 011,E08000027,Dudley
E01009880,Dudley 009D,E02002008,Dudley 009,E08000027,Dudley
E01009882,Dudley 009E,E02002008,Dudley 009,E08000027,Dudley
E01009883,Dudley 013C,E02002012,Dudley 013,E08000027,Dudley
E01009884,Dudley 013D,E02002012,Dudley 013,E08000027,Dudley
E01009885,Dudley 011D,E02002010,Dudley 011,E08000027,Dudley
E01009886,Dudley 013E,E02002012,Dudley 013,E08000027,Dudley
E01009887,Dudley 015A,E02002014,Dudley 015,E08000027,Dudley
E01009888,Dudley 015B,E02002014,Dudley 015,E08000027,Dudley
E01009889,Dudley 015C,E02002014,Dudley 015,E08000027,Dudley
E01009890,Dudley 015D,E02002014,Dudley 015,E08000027,Dudley
E01009891,Dudley 010A,E02002009,Dudley 010,E08000027,Dudley
E01009892,Dudley 010B,E02002009,Dudley 010,E08000027,Dudley
E01009893,Dudley 010C,E02002009,Dudley 010,E08000027,Dudley
E01009894,Dudley 010D,E02002009,Dudley 010,E08000027,Dudley
E01009895,Dudley 002D,E02002001,Dudley 002,E08000027,Dudley
E01009896,Dudley 003A,E02002002,Dudley 003,E08000027,Dudley
E01009897,Dudley 003B,E02002002,Dudley 003,E08000027,Dudley
E01009898,Dudley 003C,E02002002,Dudley 003,E08000027,Dudley
E01009899,Dudley 008E,E02002007,Dudley 008,E08000027,Dudley
E01009900,Dudley 008F,E02002007,Dudley 008,E08000027,Dudley
E01009901,Dudley 003D,E02002002,Dudley 003,E08000027,Dudley
E01009902,Dudley 003E,E02002002,Dudley 003,E08000027,Dudley
E01009903,Dudley 029A,E02002028,Dudley 029,E08000027,Dudley
E01009904,Dudley 029B,E02002028,Dudley 029,E08000027,Dudley
E01009905,Dudley 035B,E02002034,Dudley 035,E08000027,Dudley
E01009906,Dudley 035C,E02002034,Dudley 035,E08000027,Dudley
E01009907,Dudley 035D,E02002034,Dudley 035,E08000027,Dudley
E01009908,Dudley 035E,E02002034,Dudley 035,E08000027,Dudley
E01009909,Dudley 029C,E02002028,Dudley 029,E08000027,Dudley
E01009910,Dudley 029D,E02002028,Dudley 029,E08000027,Dudley
E01009911,Dudley 021A,E02002020,Dudley 021,E08000027,Dudley
E01009912,Dudley 021B,E02002020,Dudley 021,E08000027,Dudley
E01009913,Dudley 021C,E02002020,Dudley 021,E08000027,Dudley
E01009914,Dudley 021D,E02002020,Dudley 021,E08000027,Dudley
E01009915,Dudley 021E,E02002020,Dudley 021,E08000027,Dudley
E01009916,Dudley 021F,E02002020,Dudley 021,E08000027,Dudley
E01009917,Dudley 024A,E02002023,Dudley 024,E08000027,Dudley
E01009918,Dudley 024B,E02002023,Dudley 024,E08000027,Dudley
E01009919,Dudley 024C,E02002023,Dudley 024,E08000027,Dudley
E01009920,Dudley 024D,E02002023,Dudley 024,E08000027,Dudley
E01032527,Coventry 035G,E02001992,Coventry 035,E08000026,Coventry
E01032528,Coventry 035H,E02001992,Coventry 035,E08000026,Coventry
E01032529,Coventry 038E,E02001995,Coventry 038,E08000026,Coventry
E01032530,Coventry 038F,E02001995,Coventry 038,E08000026,Coventry
E01032532,Coventry 036F,E02001993,Coventry 036,E08000026,Coventry
E01032533,Coventry 036G,E02001993,Coventry 036,E08000026,Coventry
E01032534,Coventry 037F,E02001994,Coventry 037,E08000026,Coventry
E01032535,Coventry 037G,E02001994,Coventry 037,E08000026,Coventry
E01032536,Coventry 001F,E02001958,Coventry 001,E08000026,Coventry
E01032537,Coventry 001G,E02001958,Coventry 001,E08000026,Coventry
E01032538,Coventry 001H,E02001958,Coventry 001,E08000026,Coventry
E01033058,Coventry 042F,E02001999,Coventry 042,E08000026,Coventry
E01034306,Dudley 006H,E02002005,Dudley 006,E08000027,Dudley
E01034307,Dudley 006I,E02002005,Dudley 006,E08000027,Dudley
E01034308,Dudley 011E,E02002010,Dudley 011,E08000027,Dudley
E01034309,Dudley 011F,E02002010,Dudley 011,E08000027,Dudley
E01034735,Coventry 015G,E02001972,Coventry 015,E08000026,Coventry
E01034736,Coventry 015H,E02001972,Coventry 015,E08000026,Coventry
E01034737,Coventry 020F,E02001977,Coventry 020,E08000026,Coventry
E01034738,Coventry 020G,E02001977,Coventry 020,E08000026,Coventry
E01034739,Coventry 025E,E02001982,Coventry 025,E08000026,Coventry
E01034740,Coventry 025F,E02001982,Coventry 025,E08000026,Coventry
E01034741,Coventry 028E,E02001985,Coventry 028,E08000026,Coventry
E01034742,Coventry 028F,E02001985,Coventry 028,E08000026,Coventry
E01034743,Coventry 031E,E02001988,Coventry 031,E08000026,Coventry
E01034744,Coventry 031F,E02001988,Coventry 031,E08000026,Coventry
E01034745,Coventry 035I,E02001992,Coventry 035,E08000026,Coventry
E01034746,Coventry 035J,E02001992,Coventry 035,E08000026,Coventry
E01034747,Coventry 036H,E02001993,Coventry 036,E08000026,Coventry
E01034748,Coventry 036I,E02001993,Coventry 036,E08000026,Coventry
E01034749,Coventry 038G,E02001995,Coventry 038,E08000026,Coventry
E01034750,Coventry 038H,E02001995,Coventry 038,E08000026,Coventry
E01034942,Birmingham 125H,E02001951,Birmingham 125,E08000025,Birmingham
E01034943,Birmingham 125I,E02001951,Birmingham 125,E08000025,Birmingham
E01034944,Birmingham 129E,E02001955,Birmingham 129,E08000025,Birmingham
E01034945,Birmingham 129F,E02001955,Birmingham 129,E08000025,Birmingham
E01009732,Dudley 039A,E02002038,Dudley 039,E08000027,Dudley
E01009733,Dudley 039B,E02002038,Dudley 039,E08000027,Dudley
E01009739,Dudley 039C,E02002038,Dudley 039,E08000027,Dudley
E01009799,Dudley 039D,E02002038,Dudley 039,E08000027,Dudley
E01009805,Dudley 039E,E02002038,Dudley 039,E08000027,Dudley
E01009806,Dudley 039F,E02002038,Dudley 039,E08000027,Dudley
E01009807,Dudley 043A,E02002042,Dudley 043,E08000027,Dudley
E01009808,Dudley 043B,E02002042,Dudley 043,E08000027,Dudley
E01009810,Dudley 043C,E02002042,Dudley 043,E08000027,Dudley
E01009811,Dudley 043D,E02002042,Dudley 043,E08000027,Dudley
E01009812,Dudley 043E,E02002042,Dudley 043,E08000027,Dudley
E01009832,Dudley 042A,E02002041,Dudley 042,E08000027,Dudley
E01009845,Dudley 041A,E02002040,Dudley 041,E08000027,Dudley
E01009846,Dudley 041B,E02002040,Dudley 041,E08000027,Dudley
E01009850,Dudley 041C,E02002040,Dudley 041,E08000027,Dudley
E01009852,Dudley 041D,E02002040,Dudley 041,E08000027,Dudley
E01009853,Dudley 042B,E02002041,Dudley 042,E08000027,Dudley
E01009854,Dudley 040A,E02002039,Dudley 040,E08000027,Dudley
E01009855,Dudley 042C,E02002041,Dudley 042,E08000027,Dudley
E01009857,Dudley 040B,E02002039,Dudley 040,E08000027,Dudley
E01009858,Dudley 040C,E02002039,Dudley 040,E08000027,Dudley
E01009859,Dudley 040D,E02002039,Dudley 040,E08000027,Dudley
E01009860,Dudley 042D,E02002041,Dudley 042,E08000027,Dudley
E01009921,Sandwell 034A,E02002076,Sandwell 034,E08000028,Sandwell
E01009922,Sandwell 034B,E02002076,Sandwell 034,E08000028,Sandwell
E01009923,Sandwell 036A,E02002078,Sandwell 036,E08000028,Sandwell
E01009924,Sandwell 034C,E02002076,Sandwell 034,E08000028,Sandwell
E01009925,Sandwell 034D,E02002076,Sandwell 034,E08000028,Sandwell
E01009926,Sandwell 034E,E02002076,Sandwell 034,E08000028,Sandwell
E01009927,Sandwell 034F,E02002076,Sandwell 034,E08000028,Sandwell
E01009928,Sandwell 034G,E02002076,Sandwell 034,E08000028,Sandwell
E01009929,Sandwell 033A,E02002075,Sandwell 033,E08000028,Sandwell
E01009930,Sandwell 033B,E02002075,Sandwell 033,E08000028,Sandwell
E01009931,Sandwell 033C,E02002075,Sandwell 033,E08000028,Sandwell
E01009932,Sandwell 033D,E02002075,Sandwell 033,E08000028,Sandwell
E01009933,Sandwell 035A,E02002077,Sandwell 035,E08000028,Sandwell
E01009934,Sandwell 027A,E02002069,Sandwell 027,E08000028,Sandwell
E01009935,Sandwell 027B,E02002069,Sandwell 027,E08000028,Sandwell
E01009936,Sandwell 027C,E02002069,Sandwell 027,E08000028,Sandwell
E01009937,Sandwell 032A,E02002074,Sandwell 032,E08000028,Sandwell
E01009938,Sandwell 031A,E02002073,Sandwell 031,E08000028,Sandwell
E01009939,Sandwell 032B,E02002074,Sandwell 032,E08000028,Sandwell
E01009940,Sandwell 032C,E02002074,Sandwell 032,E08000028,Sandwell
E01009941,Sandwell 032D,E02002074,Sandwell 032,E08000028,Sandwell
E01009942,Sandwell 032E,E02002074,Sandwell 032,E08000028,Sandwell
E01009943,Sandwell 031B,E02002073,Sandwell 031,E08000028,Sandwell
E01009944,Sandwell 031C,E02002073,Sandwell 031,E08000028,Sandwell
E01009947,Sandwell 017A,E02002059,Sandwell 017,E08000028,Sandwell
E01009952,Sandwell 035B,E02002077,Sandwell 035,E08000028,Sandwell
E01009953,Sandwell 038A,E02002080,Sandwell 038,E08000028,Sandwell
E01009954,Sandwell 038B,E02002080,Sandwell 038,E08000028,Sandwell
E01009955,Sandwell 035C,E02002077,Sandwell 035,E08000028,Sandwell
E01009956,Sandwell 035D,E02002077,Sandwell 035,E08000028,Sandwell
E01009957,Sandwell 038C,E02002080,Sandwell 038,E08000028,Sandwell
E01009958,Sandwell 038D,E02002080,Sandwell 038,E08000028,Sandwell
E01009959,Sandwell 035E,E02002077,Sandwell 035,E08000028,Sandwell
E01009960,Sandwell 003A,E02002045,Sandwell 003,E08000028,Sandwell
E01009961,Sandwell 003B,E02002045,Sandwell 003,E08000028,Sandwell
E01009962,Sandwell 004A,E02002046,Sandwell 004,E08000028,Sandwell
E01009963,Sandwell 004B,E02002046,Sandwell 004,E08000028,Sandwell
E01009964,Sandwell 004C,E02002046,Sandwell 004,E08000028,Sandwell
E01009965,Sandwell 004D,E02002046,Sandwell 004,E08000028,Sandwell
E01009966,Sandwell 003C,E02002045,Sandwell 003,E08000028,Sandwell
E01009967,Sandwell 003D,E02002045,Sandwell 003,E08000028,Sandwell
E01009968,Sandwell 006A,E02002048,Sandwell 006,E08000028,Sandwell
E01009969,Sandwell 002A,E02002044,Sandwell 002,E08000028,Sandwell
E01009970,Sandwell 002B,E02002044,Sandwell 002,E08000028,Sandwell
E01009971,Sandwell 002C,E02002044,Sandwell 002,E08000028,Sandwell
E01009972,Sandwell 006B,E02002048,Sandwell 006,E08000028,Sandwell
E01009973,Sandwell 002D,E02002044,Sandwell 002,E08000028,Sandwell
E01009974,Sandwell 006C,E02002048,Sandwell 006,E08000028,Sandwell
E01009975,Sandwell 006D,E02002048,Sandwell 006,E08000028,Sandwell
E01009976,Sandwell 016A,E02002058,Sandwell 016,E08000028,Sandwell
E01009977,Sandwell 016B,E02002058,Sandwell 016,E08000028,Sandwell
E01009978,Sandwell 014A,E02002056,Sandwell 014,E08000028,Sandwell
E01009979,Sandwell 016C,E02002058,Sandwell 016,E08000028,Sandwell
E01009980,Sandwell 016D,E02002058,Sandwell 016,E08000028,Sandwell
E01009981,Sandwell 018A,E02002060,Sandwell 018,E08000028,Sandwell
E01009982,Sandwell 009A,E02002051,Sandwell 009,E08000028,Sandwell
E01009983,Sandwell 009B,E02002051,Sandwell 009,E08000028,Sandwell
E01009985,Sandwell 018C,E02002060,Sandwell 018,E08000028,Sandwell
E01009986,Sandwell 019A,E02002061,Sandwell 019,E08000028,Sandwell
E01009987,Sandwell 019B,E02002061,Sandwell 019,E08000028,Sandwell
E01009988,Sandwell 020A,E02002062,Sandwell 020,E08000028,Sandwell
E01009989,Sandwell 019C,E02002061,Sandwell 019,E08000028,Sandwell
E01009991,Sandwell 010A,E02002052,Sandwell 010,E08000028,Sandwell
E01009992,Sandwell 017B,E02002059,Sandwell 017,E08000028,Sandwell
E01009993,Sandwell 017C,E02002059,Sandwell 017,E08000028,Sandwell
E01009994,Sandwell 010B,E02002052,Sandwell 010,E08000028,Sandwell
E01009995,Sandwell 010C,E02002052,Sandwell 010,E08000028,Sandwell
E01009996,Sandwell 010D,E02002052,Sandwell 010,E08000028,Sandwell
E01009997,Sandwell 010E,E02002052,Sandwell 010,E08000028,Sandwell
E01009998,Sandwell 010F,E02002052,Sandwell 010,E08000028,Sandwell
E01009999,Sandwell 033E,E02002075,Sandwell 033,E08000028,Sandwell
E01010000,Sandwell 030A,E02002072,Sandwell 030,E08000028,Sandwell
E01010001,Sandwell 037A,E02002079,Sandwell 037,E08000028,Sandwell
E01010002,Sandwell 030B,E02002072,Sandwell 030,E08000028,Sandwell
E01010003,Sandwell 030C,E02002072,Sandwell 030,E08000028,Sandwell
E01010004,Sandwell 027D,E02002069,Sandwell 027,E08000028,Sandwell
E01010005,Sandwell 030D,E02002072,Sandwell 030,E08000028,Sandwell
E01010006,Sandwell 030E,E02002072,Sandwell 030,E08000028,Sandwell
E01010007,Sandwell 012A,E02002054,Sandwell 012,E08000028,Sandwell
E01010008,Sandwell 011A,E02002053,Sandwell 011,E08000028,Sandwell
E01010009,Sandwell 012B,E02002054,Sandwell 012,E08000028,Sandwell
E01010010,Sandwell 011B,E02002053,Sandwell 011,E08000028,Sandwell
E01010011,Sandwell 011C,E02002053,Sandwell 011,E08000028,Sandwell
E01010012,Sandwell 011D,E02002053,Sandwell 011,E08000028,Sandwell
E01010013,Sandwell 012C,E02002054,Sandwell 012,E08000028,Sandwell
E01010014,Sandwell 012D,E02002054,Sandwell 012,E08000028,Sandwell
E01010015,Sandwell 021A,E02002063,Sandwell 021,E08000028,Sandwell
E01010016,Sandwell 021B,E02002063,Sandwell 021,E08000028,Sandwell
E01010017,Sandwell 024A,E02002066,Sandwell 024,E08000028,Sandwell
E01010018,Sandwell 021C,E02002063,Sandwell 021,E08000028,Sandwell
E01010019,Sandwell 024B,E02002066,Sandwell 024,E08000028,Sandwell
E01010020,Sandwell 024C,E02002066,Sandwell 024,E08000028,Sandwell
E01010021,Sandwell 024D,E02002066,Sandwell 024,E08000028,Sandwell
E01010022,Sandwell 037B,E02002079,Sandwell 037,E08000028,Sandwell
E01010023,Sandwell 037C,E02002079,Sandwell 037,E08000028,Sandwell
E01010024,Sandwell 036B,E02002078,Sandwell 036,E08000028,Sandwell
E01010025,Sandwell 037D,E02002079,Sandwell 037,E08000028,Sandwell
E01010026,Sandwell 036C,E02002078,Sandwell 036,E08000028,Sandwell
E01010027,Sandwell 036D,E02002078,Sandwell 036,E08000028,Sandwell
E01010028,Sandwell 037E,E02002079,Sandwell 037,E08000028,Sandwell
E01010029,Sandwell 009C,E02002051,Sandwell 009,E08000028,Sandwell
E01010030,Sandwell 007A,E02002049,Sandwell 007,E08000028,Sandwell
E01010031,Sandwell 014B,E02002056,Sandwell 014,E08000028,Sandwell
E01010032,Sandwell 014C,E02002056,Sandwell 014,E08000028,Sandwell
E01010033,Sandwell 014D,E02002056,Sandwell 014,E08000028,Sandwell
E01010034,Sandwell 007B,E02002049,Sandwell 007,E08000028,Sandwell
E01010035,Sandwell 007C,E02002049,Sandwell 007,E08000028,Sandwell
E01010036,Sandwell 007D,E02002049,Sandwell 007,E08000028,Sandwell
E01010037,Sandwell 009D,E02002051,Sandwell 009,E08000028,Sandwell
E01010038,Sandwell 029A,E02002071,Sandwell 029,E08000028,Sandwell
E01010039,Sandwell 025A,E02002067,Sandwell 025,E08000028,Sandwell
E01010040,Sandwell 029B,E02002071,Sandwell 029,E08000028,Sandwell
E01010041,Sandwell 029C,E02002071,Sandwell 029,E08000028,Sandwell
E01010042,Sandwell 035F,E02002077,Sandwell 035,E08000028,Sandwell
E01010043,Sandwell 025B,E02002067,Sandwell 025,E08000028,Sandwell
E01010044,Sandwell 025C,E02002067,Sandwell 025,E08000028,Sandwell
E01010045,Sandwell 029D,E02002071,Sandwell 029,E08000028,Sandwell
E01010046,Sandwell 023A,E02002065,Sandwell 023,E08000028,Sandwell
E01010047,Sandwell 023B,E02002065,Sandwell 023,E08000028,Sandwell
E01010048,Sandwell 023C,E02002065,Sandwell 023,E08000028,Sandwell
E01010049,Sandwell 023D,E02002065,Sandwell 023,E08000028,Sandwell
E01010050,Sandwell 023E,E02002065,Sandwell 023,E08000028,Sandwell
E01010051,Sandwell 031D,E02002073,Sandwell 031,E08000028,Sandwell
E01010052,Sandwell 023F,E02002065,Sandwell 023,E08000028,Sandwell
E01010053,Sandwell 023G,E02002065,Sandwell 023,E08000028,Sandwell
E01010054,Sandwell 028A,E02002070,Sandwell 028,E08000028,Sandwell
E01010055,Sandwell 028B,E02002070,Sandwell 028,E08000028,Sandwell
E01010056,Sandwell 028C,E02002070,Sandwell 028,E08000028,Sandwell
E01010057,Sandwell 028D,E02002070,Sandwell 028,E08000028,Sandwell
E01010058,Sandwell 031E,E02002073,Sandwell 031,E08000028,Sandwell
E01010060,Sandwell 028E,E02002070,Sandwell 028,E08000028,Sandwell
E01010066,Sandwell 015A,E02002057,Sandwell 015,E08000028,Sandwell
E01010067,Sandwell 015B,E02002057,Sandwell 015,E08000028,Sandwell
E01010068,Sandwell 015C,E02002057,Sandwell 015,E08000028,Sandwell
E01010069,Sandwell 016E,E02002058,Sandwell 016,E08000028,Sandwell
E01010070,Sandwell 015D,E02002057,Sandwell 015,E08000028,Sandwell
E01010071,Sandwell 016F,E02002058,Sandwell 016,E08000028,Sandwell
E01010072,Sandwell 021D,E02002063,Sandwell 021,E08000028,Sandwell
E01010073,Sandwell 021E,E02002063,Sandwell 021,E08000028,Sandwell
E01010075,Sandwell 015E,E02002057,Sandwell 015,E08000028,Sandwell
E01010076,Sandwell 015F,E02002057,Sandwell 015,E08000028,Sandwell
E01010077,Sandwell 022A,E02002064,Sandwell 022,E08000028,Sandwell
E01010078,Sandwell 025D,E02002067,Sandwell 025,E08000028,Sandwell
E01010079,Sandwell 022B,E02002064,Sandwell 022,E08000028,Sandwell
E01010080,Sandwell 022C,E02002064,Sandwell 022,E08000028,Sandwell
E01010081,Sandwell 022D,E02002064,Sandwell 022,E08000028,Sandwell
E01010082,Sandwell 022E,E02002064,Sandwell 022,E08000028,Sandwell
E01010083,Sandwell 022F,E02002064,Sandwell 022,E08000028,Sandwell
E01010084,Sandwell 022G,E02002064,Sandwell 022,E08000028,Sandwell
E01010085,Sandwell 001A,E02002043,Sandwell 001,E08000028,Sandwell
E01010086,Sandwell 001B,E02002043,Sandwell 001,E08000028,Sandwell
E01010087,Sandwell 001C,E02002043,Sandwell 001,E08000028,Sandwell
E01010088,Sandwell 001D,E02002043,Sandwell 001,E08000028,Sandwell
E01010089,Sandwell 001E,E02002043,Sandwell 001,E08000028,Sandwell
E01010090,Sandwell 005A,E02002047,Sandwell 005,E08000028,Sandwell
E01010091,Sandwell 005B,E02002047,Sandwell 005,E08000028,Sandwell
E01010092,Sandwell 003E,E02002045,Sandwell 003,E08000028,Sandwell
E01010093,Sandwell 013A,E02002055,Sandwell 013,E08000028,Sandwell
E01010094,Sandwell 013B,E02002055,Sandwell 013,E08000028,Sandwell
E01010095,Sandwell 013C,E02002055,Sandwell 013,E08000028,Sandwell
E01010096,Sandwell 005C,E02002047,Sandwell 005,E08000028,Sandwell
E01010097,Sandwell 005D,E02002047,Sandwell 005,E08000028,Sandwell
E01010098,Sandwell 013D,E02002055,Sandwell 013,E08000028,Sandwell
E01010099,Sandwell 013E,E02002055,Sandwell 013,E08000028,Sandwell
E01010100,Sandwell 013F,E02002055,Sandwell 013,E08000028,Sandwell
E01010101,Sandwell 020B,E02002062,Sandwell 020,E08000028,Sandwell
E01010102,Sandwell 020C,E02002062,Sandwell 020,E08000028,Sandwell
E01010103,Sandwell 017D,E02002059,Sandwell 017,E08000028,Sandwell
E01010104,Sandwell 017E,E02002059,Sandwell 017,E08000028,Sandwell
E01010105,Sandwell 017F,E02002059,Sandwell 017,E08000028,Sandwell
E01010106,Sandwell 019D,E02002061,Sandwell 019,E08000028,Sandwell
E01010107,Sandwell 020D,E02002062,Sandwell 020,E08000028,Sandwell
E01010108,Solihull 017A,E02002097,Solihull 017,E08000029,Solihull
E01010109,Solihull 009A,E02002089,Solihull 009,E08000029,Solihull
E01010110,Solihull 009B,E02002089,Solihull 009,E08000029,Solihull
E01010111,Solihull 008A,E02002088,Solihull 008,E08000029,Solihull
E01010112,Solihull 009C,E02002089,Solihull 009,E08000029,Solihull
E01010113,Solihull 009D,E02002089,Solihull 009,E08000029,Solihull
E01010114,Solihull 009E,E02002089,Solihull 009,E08000029,Solihull
E01010115,Solihull 015A,E02002095,Solihull 015,E08000029,Solihull
E01010116,Solihull 015B,E02002095,Solihull 015,E08000029,Solihull
E01010117,Solihull 003A,E02002083,Solihull 003,E08000029,Solihull
E01010118,Solihull 001A,E02002081,Solihull 001,E08000029,Solihull
E01010119,Solihull 003B,E02002083,Solihull 003,E08000029,Solihull
E01010120,Solihull 001B,E02002081,Solihull 001,E08000029,Solihull
E01010121,Solihull 001C,E02002081,Solihull 001,E08000029,Solihull
E01010122,Solihull 001D,E02002081,Solihull 001,E08000029,Solihull
E01010123,Solihull 003C,E02002083,Solihull 003,E08000029,Solihull
E01010124,Solihull 003D,E02002083,Solihull 003,E08000029,Solihull
E01010125,Solihull 006A,E02002086,Solihull 006,E08000029,Solihull
E01010126,Solihull 008B,E02002088,Solihull 008,E08000029,Solihull
E01010127,Solihull 008C,E02002088,Solihull 008,E08000029,Solihull
E01010128,Solihull 008D,E02002088,Solihull 008,E08000029,Solihull
E01010129,Solihull 006B,E02002086,Solihull 006,E08000029,Solihull
E01010130,Solihull 008E,E02002088,Solihull 008,E08000029,Solihull
E01010131,Solihull 008F,E02002088,Solihull 008,E08000029,Solihull
E01010132,Solihull 011A,E02002091,Solihull 011,E08000029,Solihull
E01010133,Solihull 011B,E02002091,Solihull 011,E08000029,Solihull
E01010134,Solihull 011C,E02002091,Solihull 011,E08000029,Solihull
E01010135,Solihull 011D,E02002091,Solihull 011,E08000029,Solihull
E01010136,Solihull 012A,E02002092,Solihull 012,E08000029,Solihull
E01010137,Solihull 012B,E02002092,Solihull 012,E08000029,Solihull
E01010138,Solihull 011E,E02002091,Solihull 011,E08000029,Solihull
E01010139,Solihull 006C,E02002086,Solihull 006,E08000029,Solihull
E01010140,Solihull 007A,E02002087,Solihull 007,E08000029,Solihull
E01010141,Solihull 006D,E02002086,Solihull 006,E08000029,Solihull
E01010142,Solihull 007B,E02002087,Solihull 007,E08000029,Solihull
E01010143,Solihull 007C,E02002087,Solihull 007,E08000029,Solihull
E01010144,Solihull 007D,E02002087,Solihull 007,E08000029,Solihull
E01010145,Solihull 005A,E02002085,Solihull 005,E08000029,Solihull
E01010146,Solihull 004A,E02002084,Solihull 004,E08000029,Solihull
E01010147,Solihull 005B,E02002085,Solihull 005,E08000029,Solihull
E01010148,Solihull 005C,E02002085,Solihull 005,E08000029,Solihull
E01010149,Solihull 005D,E02002085,Solihull 005,E08000029,Solihull
E01010150,Solihull 028A,E02002108,Solihull 028,E08000029,Solihull
E01010151,Solihull 026A,E02002106,Solihull 026,E08000029,Solihull
E01010152,Solihull 026B,E02002106,Solihull 026,E08000029,Solihull
E01010153,Solihull 026C,E02002106,Solihull 026,E08000029,Solihull
E01010154,Solihull 026D,E02002106,Solihull 026,E08000029,Solihull
E01010155,Solihull 026E,E02002106,Solihull 026,E08000029,Solihull
E01010156,Solihull 026F,E02002106,Solihull 026,E08000029,Solihull
E01010157,Solihull 010A,E02002090,Solihull 010,E08000029,Solihull
E01010158,Solihull 012C,E02002092,Solihull 012,E08000029,Solihull
E01010159,Solihull 010B,E02002090,Solihull 010,E08000029,Solihull
E01010160,Solihull 012D,E02002092,Solihull 012,E08000029,Solihull
E01010161,Solihull 012E,E02002092,Solihull 012,E08000029,Solihull
E01010162,Solihull 010C,E02002090,Solihull 010,E08000029,Solihull
E01010163,Solihull 010D,E02002090,Solihull 010,E08000029,Solihull
E01010164,Solihull 017B,E02002097,Solihull 017,E08000029,Solihull
E01010165,Solihull 017C,E02002097,Solihull 017,E08000029,Solihull
E01010166,Solihull 025A,E02002105,Solihull 025,E08000029,Solihull
E01010167,Solihull 017D,E02002097,Solihull 017,E08000029,Solihull
E01010168,Solihull 025B,E02002105,Solihull 025,E08000029,Solihull
E01010169,Solihull 025C,E02002105,Solihull 025,E08000029,Solihull
E01010170,Solihull 025D,E02002105,Solihull 025,E08000029,Solihull
E01010171,Solihull 025E,E02002105,Solihull 025,E08000029,Solihull
E01010172,Solihull 014A,E02002094,Solihull 014,E08000029,Solihull
E01010173,Solihull 014B,E02002094,Solihull 014,E08000029,Solihull
E01010174,Solihull 013A,E02002093,Solihull 013,E08000029,Solihull
E01010175,Solihull 013B,E02002093,Solihull 013,E08000029,Solihull
E01010176,Solihull 014C,E02002094,Solihull 014,E08000029,Solihull
E01010177,Solihull 013C,E02002093,Solihull 013,E08000029,Solihull
E01010178,Solihull 013D,E02002093,Solihull 013,E08000029,Solihull
E01010179,Solihull 014D,E02002094,Solihull 014,E08000029,Solihull
E01010180,Solihull 029A,E02002109,Solihull 029,E08000029,Solihull
E01010181,Solihull 029B,E02002109,Solihull 029,E08000029,Solihull
E01010183,Solihull 029D,E02002109,Solihull 029,E08000029,Solihull
E01010184,Solihull 028B,E02002108,Solihull 028,E08000029,Solihull
E01010185,Solihull 028C,E02002108,Solihull 028,E08000029,Solihull
E01010186,Solihull 028D,E02002108,Solihull 028,E08000029,Solihull
E01010187,Solihull 028E,E02002108,Solihull 028,E08000029,Solihull
E01010188,Solihull 028F,E02002108,Solihull 028,E08000029,Solihull
E01010189,Solihull 029E,E02002109,Solihull 029,E08000029,Solihull
E01010190,Solihull 024A,E02002104,Solihull 024,E08000029,Solihull
E01010191,Solihull 022A,E02002102,Solihull 022,E08000029,Solihull
E01010192,Solihull 019A,E02002099,Solihull 019,E08000029,Solihull
E01010193,Solihull 024B,E02002104,Solihull 024,E08000029,Solihull
E01010194,Solihull 024C,E02002104,Solihull 024,E08000029,Solihull
E01010195,Solihull 016A,E02002096,Solihull 016,E08000029,Solihull
E01010196,Solihull 019B,E02002099,Solihull 019,E08000029,Solihull
E01010197,Solihull 019C,E02002099,Solihull 019,E08000029,Solihull
E01010198,Solihull 019D,E02002099,Solihull 019,E08000029,Solihull
E01010199,Solihull 018A,E02002098,Solihull 018,E08000029,Solihull
E01010200,Solihull 018B,E02002098,Solihull 018,E08000029,Solihull
E01010201,Solihull 018C,E02002098,Solihull 018,E08000029,Solihull
E01010202,Solihull 022B,E02002102,Solihull 022,E08000029,Solihull
E01010203,Solihull 022C,E02002102,Solihull 022,E08000029,Solihull
E01010204,Solihull 018D,E02002098,Solihull 018,E08000029,Solihull
E01010205,Solihull 018E,E02002098,Solihull 018,E08000029,Solihull
E01010206,Solihull 018F,E02002098,Solihull 018,E08000029,Solihull
E01010207,Solihull 024D,E02002104,Solihull 024,E08000029,Solihull
E01010208,Solihull 023A,E02002103,Solihull 023,E08000029,Solihull
E01010209,Solihull 022D,E02002102,Solihull 022,E08000029,Solihull
E01010210,Solihull 023B,E02002103,Solihull 023,E08000029,Solihull
E01010211,Solihull 023C,E02002103,Solihull 023,E08000029,Solihull
E01010212,Solihull 027A,E02002107,Solihull 027,E08000029,Solihull
E01010213,Solihull 022E,E02002102,Solihull 022,E08000029,Solihull
E01010214,Solihull 027B,E02002107,Solihull 027,E08000029,Solihull
E01010215,Solihull 027C,E02002107,Solihull 027,E08000029,Solihull
E01010216,Solihull 027D,E02002107,Solihull 027,E08000029,Solihull
E01010217,Solihull 023D,E02002103,Solihull 023,E08000029,Solihull
E01010218,Solihull 021A,E02002101,Solihull 021,E08000029,Solihull
E01010219,Solihull 021B,E02002101,Solihull 021,E08000029,Solihull
E01010221,Solihull 021C,E02002101,Solihull 021,E08000029,Solihull
E01010222,Solihull 021D,E02002101,Solihull 021,E08000029,Solihull
E01010226,Solihull 016B,E02002096,Solihull 016,E08000029,Solihull
E01010227,Solihull 015C,E02002095,Solihull 015,E08000029,Solihull
E01010228,Solihull 015D,E02002095,Solihull 015,E08000029,Solihull
E01010229,Solihull 016C,E02002096,Solihull 016,E08000029,Solihull
E01010230,Solihull 016D,E02002096,Solihull 016,E08000029,Solihull
E01010231,Solihull 016E,E02002096,Solihull 016,E08000029,Solihull
E01010232,Solihull 015E,E02002095,Solihull 015,E08000029,Solihull
E01010233,Solihull 016F,E02002096,Solihull 016,E08000029,Solihull
E01010234,Solihull 004B,E02002084,Solihull 004,E08000029,Solihull
E01010235,Solihull 002A,E02002082,Solihull 002,E08000029,Solihull
E01010236,Solihull 002B,E02002082,Solihull 002,E08000029,Solihull
E01010237,Solihull 004C,E02002084,Solihull 004,E08000029,Solihull
E01010238,Solihull 004D,E02002084,Solihull 004,E08000029,Solihull
E01010239,Solihull 002C,E02002082,Solihull 002,E08000029,Solihull
E01010240,Solihull 002D,E02002082,Solihull 002,E08000029,Solihull
E01010241,Walsall 015A,E02002124,Walsall 015,E08000030,Walsall
E01010242,Walsall 015B,E02002124,Walsall 015,E08000030,Walsall
E01010243,Walsall 015C,E02002124,Walsall 015,E08000030,Walsall
E01010244,Walsall 015D,E02002124,Walsall 015,E08000030,Walsall
E01010245,Walsall 022A,E02002131,Walsall 022,E08000030,Walsall
E01010246,Walsall 022B,E02002131,Walsall 022,E08000030,Walsall
E01010247,Walsall 022C,E02002131,Walsall 022,E08000030,Walsall
E01010248,Walsall 022D,E02002131,Walsall 022,E08000030,Walsall
E01010249,Walsall 004A,E02002113,Walsall 004,E08000030,Walsall
E01010250,Walsall 004B,E02002113,Walsall 004,E08000030,Walsall
E01010251,Walsall 007A,E02002116,Walsall 007,E08000030,Walsall
E01010252,Walsall 004C,E02002113,Walsall 004,E08000030,Walsall
E01010253,Walsall 007B,E02002116,Walsall 007,E08000030,Walsall
E01010254,Walsall 004D,E02002113,Walsall 004,E08000030,Walsall
E01010255,Walsall 007C,E02002116,Walsall 007,E08000030,Walsall
E01010256,Walsall 007D,E02002116,Walsall 007,E08000030,Walsall
E01010257,Walsall 007E,E02002116,Walsall 007,E08000030,Walsall
E01010258,Walsall 023A,E02002132,Walsall 023,E08000030,Walsall
E01010259,Walsall 023B,E02002132,Walsall 023,E08000030,Walsall
E01010260,Walsall 023C,E02002132,Walsall 023,E08000030,Walsall
E01010266,Walsall 023D,E02002132,Walsall 023,E08000030,Walsall
E01010267,Walsall 021A,E02002130,Walsall 021,E08000030,Walsall
E01010268,Walsall 021B,E02002130,Walsall 021,E08000030,Walsall
E01010269,Walsall 026A,E02002135,Walsall 026,E08000030,Walsall
E01010270,Walsall 026B,E02002135,Walsall 026,E08000030,Walsall
E01010271,Walsall 017A,E02002126,Walsall 017,E08000030,Walsall
E01010272,Walsall 017B,E02002126,Walsall 017,E08000030,Walsall
E01010273,Walsall 017C,E02002126,Walsall 017,E08000030,Walsall
E01010274,Walsall 021C,E02002130,Walsall 021,E08000030,Walsall
E01010275,Walsall 021D,E02002130,Walsall 021,E08000030,Walsall
E01010277,Walsall 013B,E02002122,Walsall 013,E08000030,Walsall
E01010279,Walsall 018B,E02002127,Walsall 018,E08000030,Walsall
E01010282,Walsall 012A,E02002121,Walsall 012,E08000030,Walsall
E01010283,Walsall 013D,E02002122,Walsall 013,E08000030,Walsall
E01010284,Walsall 006A,E02002115,Walsall 006,E08000030,Walsall
E01010285,Walsall 006B,E02002115,Walsall 006,E08000030,Walsall
E01010286,Walsall 006C,E02002115,Walsall 006,E08000030,Walsall
E01010287,Walsall 012B,E02002121,Walsall 012,E08000030,Walsall
E01010288,Walsall 012C,E02002121,Walsall 012,E08000030,Walsall
E01010289,Walsall 012D,E02002121,Walsall 012,E08000030,Walsall
E01010290,Walsall 006D,E02002115,Walsall 006,E08000030,Walsall
E01010291,Walsall 009A,E02002118,Walsall 009,E08000030,Walsall
E01010292,Walsall 008A,E02002117,Walsall 008,E08000030,Walsall
E01010293,Walsall 009B,E02002118,Walsall 009,E08000030,Walsall
E01010294,Walsall 008B,E02002117,Walsall 008,E08000030,Walsall
E01010295,Walsall 017D,E02002126,Walsall 017,E08000030,Walsall
E01010296,Walsall 008C,E02002117,Walsall 008,E08000030,Walsall
E01010297,Walsall 008D,E02002117,Walsall 008,E08000030,Walsall
E01010298,Walsall 009C,E02002118,Walsall 009,E08000030,Walsall
E01010299,Walsall 009D,E02002118,Walsall 009,E08000030,Walsall
E01010300,Walsall 009E,E02002118,Walsall 009,E08000030,Walsall
E01010301,Walsall 001A,E02002110,Walsall 001,E08000030,Walsall
E01010302,Walsall 002A,E02002111,Walsall 002,E08000030,Walsall
E01010303,Walsall 001B,E02002110,Walsall 001,E08000030,Walsall
E01010304,Walsall 002B,E02002111,Walsall 002,E08000030,Walsall
E01010305,Walsall 002C,E02002111,Walsall 002,E08000030,Walsall
E01010306,Walsall 001C,E02002110,Walsall 001,E08000030,Walsall
E01010307,Walsall 001D,E02002110,Walsall 001,E08000030,Walsall
E01010308,Walsall 002D,E02002111,Walsall 002,E08000030,Walsall
E01010317,Walsall 024A,E02002133,Walsall 024,E08000030,Walsall
E01010318,Walsall 024B,E02002133,Walsall 024,E08000030,Walsall
E01010319,Walsall 010A,E02002119,Walsall 010,E08000030,Walsall
E01010320,Walsall 016A,E02002125,Walsall 016,E08000030,Walsall
E01010321,Walsall 010B,E02002119,Walsall 010,E08000030,Walsall
E01010322,Walsall 016B,E02002125,Walsall 016,E08000030,Walsall
E01010323,Walsall 016C,E02002125,Walsall 016,E08000030,Walsall
E01010324,Walsall 016D,E02002125,Walsall 016,E08000030,Walsall
E01010325,Walsall 024C,E02002133,Walsall 024,E08000030,Walsall
E01010326,Walsall 029A,E02002138,Walsall 029,E08000030,Walsall
E01010327,Walsall 029B,E02002138,Walsall 029,E08000030,Walsall
E01010328,Walsall 029C,E02002138,Walsall 029,E08000030,Walsall
E01010330,Walsall 029D,E02002138,Walsall 029,E08000030,Walsall
E01010345,Walsall 003A,E02002112,Walsall 003,E08000030,Walsall
E01010346,Walsall 003B,E02002112,Walsall 003,E08000030,Walsall
E01010347,Walsall 003C,E02002112,Walsall 003,E08000030,Walsall
E01010348,Walsall 005A,E02002114,Walsall 005,E08000030,Walsall
E01010349,Walsall 005B,E02002114,Walsall 005,E08000030,Walsall
E01010350,Walsall 003D,E02002112,Walsall 003,E08000030,Walsall
E01010351,Walsall 005C,E02002114,Walsall 005,E08000030,Walsall
E01010352,Walsall 005D,E02002114,Walsall 005,E08000030,Walsall
E01010353,Walsall 010C,E02002119,Walsall 010,E08000030,Walsall
E01010354,Walsall 010D,E02002119,Walsall 010,E08000030,Walsall
E01010361,Walsall 031A,E02002140,Walsall 031,E08000030,Walsall
E01010362,Walsall 026C,E02002135,Walsall 026,E08000030,Walsall
E01010363,Walsall 026D,E02002135,Walsall 026,E08000030,Walsall
E01010364,Walsall 031B,E02002140,Walsall 031,E08000030,Walsall
E01010365,Walsall 031C,E02002140,Walsall 031,E08000030,Walsall
E01010366,Walsall 031D,E02002140,Walsall 031,E08000030,Walsall
E01010367,Walsall 031E,E02002140,Walsall 031,E08000030,Walsall
E01010368,Walsall 030A,E02002139,Walsall 030,E08000030,Walsall
E01010369,Walsall 024D,E02002133,Walsall 024,E08000030,Walsall
E01010370,Walsall 030B,E02002139,Walsall 030,E08000030,Walsall
E01010372,Walsall 030D,E02002139,Walsall 030,E08000030,Walsall
E01010373,Walsall 030E,E02002139,Walsall 030,E08000030,Walsall
E01010374,Walsall 018D,E02002127,Walsall 018,E08000030,Walsall
E01010375,Walsall 018E,E02002127,Walsall 018,E08000030,Walsall
E01010376,Walsall 020A,E02002129,Walsall 020,E08000030,Walsall
E01010377,Walsall 020B,E02002129,Walsall 020,E08000030,Walsall
E01010378,Walsall 019A,E02002128,Walsall 019,E08000030,Walsall
E01010379,Walsall 019B,E02002128,Walsall 019,E08000030,Walsall
E01010380,Walsall 020C,E02002129,Walsall 020,E08000030,Walsall
E01010381,Walsall 020D,E02002129,Walsall 020,E08000030,Walsall
E01010382,Walsall 019C,E02002128,Walsall 019,E08000030,Walsall
E01010383,Walsall 019D,E02002128,Walsall 019,E08000030,Walsall
E01010385,Walsall 028A,E02002137,Walsall 028,E08000030,Walsall
E01010386,Walsall 028B,E02002137,Walsall 028,E08000030,Walsall
E01010387,Walsall 028C,E02002137,Walsall 028,E08000030,Walsall
E01010388,Walsall 022E,E02002131,Walsall 022,E08000030,Walsall
E01010392,Walsall 028D,E02002137,Walsall 028,E08000030,Walsall
E01010393,Walsall 014A,E02002123,Walsall 014,E08000030,Walsall
E01010394,Walsall 014B,E02002123,Walsall 014,E08000030,Walsall
E01010395,Walsall 011A,E02002120,Walsall 011,E08000030,Walsall
E01010396,Walsall 014C,E02002123,Walsall 014,E08000030,Walsall
E01010397,Walsall 011B,E02002120,Walsall 011,E08000030,Walsall
E01010398,Walsall 011C,E02002120,Walsall 011,E08000030,Walsall
E01010399,Walsall 011D,E02002120,Walsall 011,E08000030,Walsall
E01010400,Walsall 014D,E02002123,Walsall 014,E08000030,Walsall
E01010401,Walsall 025A,E02002134,Walsall 025,E08000030,Walsall
E01010402,Walsall 027A,E02002136,Walsall 027,E08000030,Walsall
E01010403,Walsall 025B,E02002134,Walsall 025,E08000030,Walsall
E01010404,Walsall 025C,E02002134,Walsall 025,E08000030,Walsall
E01010405,Walsall 027B,E02002136,Walsall 027,E08000030,Walsall
E01010406,Walsall 027C,E02002136,Walsall 027,E08000030,Walsall
E01010407,Walsall 025D,E02002134,Walsall 025,E08000030,Walsall
E01010408,Walsall 025E,E02002134,Walsall 025,E08000030,Walsall
E01010409,Walsall 027D,E02002136,Walsall 027,E08000030,Walsall
E01032885,Solihull 029F,E02002109,Solihull 029,E08000029,Solihull
E01032886,Solihull 029G,E02002109,Solihull 029,E08000029,Solihull
E01032888,Walsall 018F,E02002127,Walsall 018,E08000030,Walsall
E01033886,Sandwell 014F,E02002056,Sandwell 014,E08000028,Sandwell
E01033887,Sandwell 014G,E02002056,Sandwell 014,E08000028,Sandwell
E01033888,Sandwell 018F,E02002060,Sandwell 018,E08000028,Sandwell
E01033889,Sandwell 018G,E02002060,Sandwell 018,E08000028,Sandwell
E01033894,Walsall 013F,E02002122,Walsall 013,E08000030,Walsall
E01033895,Walsall 013G,E02002122,Walsall 013,E08000030,Walsall
E01033896,Walsall 030F,E02002139,Walsall 030,E08000030,Walsall
E01033897,Walsall 030G,E02002139,Walsall 030,E08000030,Walsall
E01010261,Walsall 033A,E02002142,Walsall 033,E08000030,Walsall
E01010262,Walsall 036A,E02002145,Walsall 036,E08000030,Walsall
E01010263,Walsall 033B,E02002142,Walsall 033,E08000030,Walsall
E01010264,Walsall 033C,E02002142,Walsall 033,E08000030,Walsall
E01010265,Walsall 033D,E02002142,Walsall 033,E08000030,Walsall
E01010309,Walsall 036B,E02002145,Walsall 036,E08000030,Walsall
E01010310,Walsall 038A,E02002147,Walsall 038,E08000030,Walsall
E01010311,Walsall 036C,E02002145,Walsall 036,E08000030,Walsall
E01010312,Walsall 038B,E02002147,Walsall 038,E08000030,Walsall
E01010313,Walsall 038C,E02002147,Walsall 038,E08000030,Walsall
E01010314,Walsall 038D,E02002147,Walsall 038,E08000030,Walsall
E01010315,Walsall 038E,E02002147,Walsall 038,E08000030,Walsall
E01010316,Walsall 036D,E02002145,Walsall 036,E08000030,Walsall
E01010329,Walsall 039A,E02002148,Walsall 039,E08000030,Walsall
E01010331,Walsall 035A,E02002144,Walsall 035,E08000030,Walsall
E01010332,Walsall 035B,E02002144,Walsall 035,E08000030,Walsall
E01010333,Walsall 035C,E02002144,Walsall 035,E08000030,Walsall
E01010334,Walsall 035D,E02002144,Walsall 035,E08000030,Walsall
E01010335,Walsall 037A,E02002146,Walsall 037,E08000030,Walsall
E01010336,Walsall 034A,E02002143,Walsall 034,E08000030,Walsall
E01010337,Walsall 037B,E02002146,Walsall 037,E08000030,Walsall
E01010338,Walsall 037C,E02002146,Walsall 037,E08000030,Walsall
E01010339,Walsall 037D,E02002146,Walsall 037,E08000030,Walsall
E01010340,Walsall 034B,E02002143,Walsall 034,E08000030,Walsall
E01010341,Walsall 034C,E02002143,Walsall 034,E08000030,Walsall
E01010342,Walsall 034D,E02002143,Walsall 034,E08000030,Walsall
E01010343,Walsall 034E,E02002143,Walsall 034,E08000030,Walsall
E01010344,Walsall 034F,E02002143,Walsall 034,E08000030,Walsall
E01010355,Walsall 039B,E02002148,Walsall 039,E08000030,Walsall
E01010356,Walsall 039C,E02002148,Walsall 039,E08000030,Walsall
E01010357,Walsall 039D,E02002148,Walsall 039,E08000030,Walsall
E01010358,Walsall 039E,E02002148,Walsall 039,E08000030,Walsall
E01010359,Walsall 039F,E02002148,Walsall 039,E08000030,Walsall
E01010360,Walsall 039G,E02002148,Walsall 039,E08000030,Walsall
E01010384,Walsall 032A,E02002141,Walsall 032,E08000030,Walsall
E01010389,Walsall 032B,E02002141,Walsall 032,E08000030,Walsall
E01010390,Walsall 032C,E02002141,Walsall 032,E08000030,Walsall
E01010391,Walsall 032D,E02002141,Walsall 032,E08000030,Walsall
E01010410,Wolverhampton 033A,E02002181,Wolverhampton 033,E08000031,Wolverhampton
E01010411,Wolverhampton 033B,E02002181,Wolverhampton 033,E08000031,Wolverhampton
E01010412,Wolverhampton 033C,E02002181,Wolverhampton 033,E08000031,Wolverhampton
E01010413,Wolverhampton 033D,E02002181,Wolverhampton 033,E08000031,Wolverhampton
E01010414,Wolverhampton 027A,E02002175,Wolverhampton 027,E08000031,Wolverhampton
E01010415,Wolverhampton 027B,E02002175,Wolverhampton 027,E08000031,Wolverhampton
E01010416,Wolverhampton 027C,E02002175,Wolverhampton 027,E08000031,Wolverhampton
E01010417,Wolverhampton 023A,E02002171,Wolverhampton 023,E08000031,Wolverhampton
E01010418,Wolverhampton 022A,E02002170,Wolverhampton 022,E08000031,Wolverhampton
E01010419,Wolverhampton 023B,E02002171,Wolverhampton 023,E08000031,Wolverhampton
E01010420,Wolverhampton 023C,E02002171,Wolverhampton 023,E08000031,Wolverhampton
E01010421,Wolverhampton 022B,E02002170,Wolverhampton 022,E08000031,Wolverhampton
E01010422,Wolverhampton 027D,E02002175,Wolverhampton 027,E08000031,Wolverhampton
E01010423,Wolverhampton 022C,E02002170,Wolverhampton 022,E08000031,Wolverhampton
E01010424,Wolverhampton 022D,E02002170,Wolverhampton 022,E08000031,Wolverhampton
E01010425,Wolverhampton 023D,E02002171,Wolverhampton 023,E08000031,Wolverhampton
E01010427,Wolverhampton 030A,E02002178,Wolverhampton 030,E08000031,Wolverhampton
E01010431,Wolverhampton 030B,E02002178,Wolverhampton 030,E08000031,Wolverhampton
E01010432,Wolverhampton 030C,E02002178,Wolverhampton 030,E08000031,Wolverhampton
E01010434,Wolverhampton 001A,E02002149,Wolverhampton 001,E08000031,Wolverhampton
E01010436,Wolverhampton 001B,E02002149,Wolverhampton 001,E08000031,Wolverhampton
E01010437,Wolverhampton 001C,E02002149,Wolverhampton 001,E08000031,Wolverhampton
E01010438,Wolverhampton 001D,E02002149,Wolverhampton 001,E08000031,Wolverhampton
E01010439,Wolverhampton 001E,E02002149,Wolverhampton 001,E08000031,Wolverhampton
E01010440,Wolverhampton 001F,E02002149,Wolverhampton 001,E08000031,Wolverhampton
E01010441,Wolverhampton 001G,E02002149,Wolverhampton 001,E08000031,Wolverhampton
E01010442,Wolverhampton 018A,E02002166,Wolverhampton 018,E08000031,Wolverhampton
E01010443,Wolverhampton 018B,E02002166,Wolverhampton 018,E08000031,Wolverhampton
E01010444,Wolverhampton 018C,E02002166,Wolverhampton 018,E08000031,Wolverhampton
E01010445,Wolverhampton 018D,E02002166,Wolverhampton 018,E08000031,Wolverhampton
E01010446,Wolverhampton 023E,E02002171,Wolverhampton 023,E08000031,Wolverhampton
E01010447,Wolverhampton 018E,E02002166,Wolverhampton 018,E08000031,Wolverhampton
E01010448,Wolverhampton 018F,E02002166,Wolverhampton 018,E08000031,Wolverhampton
E01010449,Wolverhampton 029A,E02002177,Wolverhampton 029,E08000031,Wolverhampton
E01010450,Wolverhampton 029B,E02002177,Wolverhampton 029,E08000031,Wolverhampton
E01010451,Wolverhampton 029C,E02002177,Wolverhampton 029,E08000031,Wolverhampton
E01010452,Wolverhampton 029D,E02002177,Wolverhampton 029,E08000031,Wolverhampton
E01010455,Wolverhampton 029E,E02002177,Wolverhampton 029,E08000031,Wolverhampton
E01010456,Wolverhampton 004A,E02002152,Wolverhampton 004,E08000031,Wolverhampton
E01010457,Wolverhampton 004B,E02002152,Wolverhampton 004,E08000031,Wolverhampton
E01010458,Wolverhampton 008A,E02002156,Wolverhampton 008,E08000031,Wolverhampton
E01010459,Wolverhampton 008B,E02002156,Wolverhampton 008,E08000031,Wolverhampton
E01010460,Wolverhampton 008C,E02002156,Wolverhampton 008,E08000031,Wolverhampton
E01010461,Wolverhampton 008D,E02002156,Wolverhampton 008,E08000031,Wolverhampton
E01010462,Wolverhampton 004C,E02002152,Wolverhampton 004,E08000031,Wolverhampton
E01010463,Wolverhampton 020A,E02002168,Wolverhampton 020,E08000031,Wolverhampton
E01010464,Wolverhampton 020B,E02002168,Wolverhampton 020,E08000031,Wolverhampton
E01010465,Wolverhampton 020C,E02002168,Wolverhampton 020,E08000031,Wolverhampton
E01010466,Wolverhampton 020D,E02002168,Wolverhampton 020,E08000031,Wolverhampton
E01010467,Wolverhampton 026A,E02002174,Wolverhampton 026,E08000031,Wolverhampton
E01010468,Wolverhampton 026B,E02002174,Wolverhampton 026,E08000031,Wolverhampton
E01010469,Wolverhampton 026C,E02002174,Wolverhampton 026,E08000031,Wolverhampton
E01010470,Wolverhampton 020E,E02002168,Wolverhampton 020,E08000031,Wolverhampton
E01010471,Wolverhampton 015A,E02002163,Wolverhampton 015,E08000031,Wolverhampton
E01010472,Wolverhampton 015B,E02002163,Wolverhampton 015,E08000031,Wolverhampton
E01010473,Wolverhampton 015C,E02002163,Wolverhampton 015,E08000031,Wolverhampton
E01010474,Wolverhampton 012A,E02002160,Wolverhampton 012,E08000031,Wolverhampton
E01010475,Wolverhampton 015D,E02002163,Wolverhampton 015,E08000031,Wolverhampton
E01010476,Wolverhampton 015E,E02002163,Wolverhampton 015,E08000031,Wolverhampton
E01010477,Wolverhampton 015F,E02002163,Wolverhampton 015,E08000031,Wolverhampton
E01010478,Wolverhampton 011A,E02002159,Wolverhampton 011,E08000031,Wolverhampton
E01010479,Wolverhampton 011B,E02002159,Wolverhampton 011,E08000031,Wolverhampton
E01010480,Wolverhampton 011C,E02002159,Wolverhampton 011,E08000031,Wolverhampton
E01010481,Wolverhampton 004D,E02002152,Wolverhampton 004,E08000031,Wolverhampton
E01010482,Wolverhampton 007A,E02002155,Wolverhampton 007,E08000031,Wolverhampton
E01010483,Wolverhampton 007B,E02002155,Wolverhampton 007,E08000031,Wolverhampton
E01010484,Wolverhampton 007C,E02002155,Wolverhampton 007,E08000031,Wolverhampton
E01010485,Wolverhampton 007D,E02002155,Wolverhampton 007,E08000031,Wolverhampton
E01010486,Wolverhampton 011D,E02002159,Wolverhampton 011,E08000031,Wolverhampton
E01010487,Wolverhampton 021A,E02002169,Wolverhampton 021,E08000031,Wolverhampton
E01010488,Wolverhampton 021B,E02002169,Wolverhampton 021,E08000031,Wolverhampton
E01010489,Wolverhampton 028A,E02002176,Wolverhampton 028,E08000031,Wolverhampton
E01010490,Wolverhampton 028B,E02002176,Wolverhampton 028,E08000031,Wolverhampton
E01010491,Wolverhampton 028C,E02002176,Wolverhampton 028,E08000031,Wolverhampton
E01010492,Wolverhampton 028D,E02002176,Wolverhampton 028,E08000031,Wolverhampton
E01010493,Wolverhampton 021C,E02002169,Wolverhampton 021,E08000031,Wolverhampton
E01010494,Wolverhampton 028E,E02002176,Wolverhampton 028,E08000031,Wolverhampton
E01010495,Wolverhampton 002A,E02002150,Wolverhampton 002,E08000031,Wolverhampton
E01010496,Wolverhampton 003A,E02002151,Wolverhampton 003,E08000031,Wolverhampton
E01010497,Wolverhampton 002B,E02002150,Wolverhampton 002,E08000031,Wolverhampton
E01010498,Wolverhampton 003B,E02002151,Wolverhampton 003,E08000031,Wolverhampton
E01010499,Wolverhampton 002C,E02002150,Wolverhampton 002,E08000031,Wolverhampton
E01010500,Wolverhampton 002D,E02002150,Wolverhampton 002,E08000031,Wolverhampton
E01010501,Wolverhampton 006B,E02002154,Wolverhampton 006,E08000031,Wolverhampton
E01010502,Wolverhampton 006C,E02002154,Wolverhampton 006,E08000031,Wolverhampton
E01010503,Wolverhampton 006D,E02002154,Wolverhampton 006,E08000031,Wolverhampton
E01010504,Wolverhampton 021D,E02002169,Wolverhampton 021,E08000031,Wolverhampton
E01010505,Wolverhampton 021E,E02002169,Wolverhampton 021,E08000031,Wolverhampton
E01010506,Wolverhampton 017A,E02002165,Wolverhampton 017,E08000031,Wolverhampton
E01010507,Wolverhampton 021F,E02002169,Wolverhampton 021,E08000031,Wolverhampton
E01010508,Wolverhampton 017B,E02002165,Wolverhampton 017,E08000031,Wolverhampton
E01010509,Wolverhampton 019A,E02002167,Wolverhampton 019,E08000031,Wolverhampton
E01010510,Wolverhampton 017C,E02002165,Wolverhampton 017,E08000031,Wolverhampton
E01010511,Wolverhampton 017D,E02002165,Wolverhampton 017,E08000031,Wolverhampton
E01010512,Wolverhampton 017E,E02002165,Wolverhampton 017,E08000031,Wolverhampton
E01010513,Wolverhampton 031A,E02002179,Wolverhampton 031,E08000031,Wolverhampton
E01010514,Wolverhampton 031B,E02002179,Wolverhampton 031,E08000031,Wolverhampton
E01010515,Wolverhampton 031C,E02002179,Wolverhampton 031,E08000031,Wolverhampton
E01010516,Wolverhampton 026D,E02002174,Wolverhampton 026,E08000031,Wolverhampton
E01010517,Wolverhampton 031D,E02002179,Wolverhampton 031,E08000031,Wolverhampton
E01010518,Wolverhampton 026E,E02002174,Wolverhampton 026,E08000031,Wolverhampton
E01010519,Wolverhampton 030D,E02002178,Wolverhampton 030,E08000031,Wolverhampton
E01010520,Wolverhampton 030E,E02002178,Wolverhampton 030,E08000031,Wolverhampton
E01010522,Wolverhampton 013A,E02002161,Wolverhampton 013,E08000031,Wolverhampton
E01010523,Wolverhampton 013B,E02002161,Wolverhampton 013,E08000031,Wolverhampton
E01010524,Wolverhampton 013C,E02002161,Wolverhampton 013,E08000031,Wolverhampton
E01010525,Wolverhampton 013D,E02002161,Wolverhampton 013,E08000031,Wolverhampton
E01010526,Wolverhampton 016A,E02002164,Wolverhampton 016,E08000031,Wolverhampton
E01010527,Wolverhampton 016B,E02002164,Wolverhampton 016,E08000031,Wolverhampton
E01010528,Wolverhampton 016C,E02002164,Wolverhampton 016,E08000031,Wolverhampton
E01010529,Wolverhampton 016D,E02002164,Wolverhampton 016,E08000031,Wolverhampton
E01010531,Wolverhampton 034A,E02002182,Wolverhampton 034,E08000031,Wolverhampton
E01010532,Wolverhampton 034B,E02002182,Wolverhampton 034,E08000031,Wolverhampton
E01010533,Wolverhampton 032A,E02002180,Wolverhampton 032,E08000031,Wolverhampton
E01010534,Wolverhampton 034C,E02002182,Wolverhampton 034,E08000031,Wolverhampton
E01010535,Wolverhampton 032B,E02002180,Wolverhampton 032,E08000031,Wolverhampton
E01010536,Wolverhampton 032C,E02002180,Wolverhampton 032,E08000031,Wolverhampton
E01010537,Wolverhampton 032D,E02002180,Wolverhampton 032,E08000031,Wolverhampton
E01010538,Wolverhampton 034D,E02002182,Wolverhampton 034,E08000031,Wolverhampton
E01010539,Wolverhampton 009A,E02002157,Wolverhampton 009,E08000031,Wolverhampton
E01010540,Wolverhampton 009B,E02002157,Wolverhampton 009,E08000031,Wolverhampton
E01010541,Wolverhampton 003C,E02002151,Wolverhampton 003,E08000031,Wolverhampton
E01010542,Wolverhampton 009C,E02002157,Wolverhampton 009,E08000031,Wolverhampton
E01010543,Wolverhampton 003D,E02002151,Wolverhampton 003,E08000031,Wolverhampton
E01010544,Wolverhampton 009D,E02002157,Wolverhampton 009,E08000031,Wolverhampton
E01010545,Wolverhampton 009E,E02002157,Wolverhampton 009,E08000031,Wolverhampton
E01010546,Wolverhampton 014A,E02002162,Wolverhampton 014,E08000031,Wolverhampton
E01010547,Wolverhampton 014B,E02002162,Wolverhampton 014,E08000031,Wolverhampton
E01010548,Wolverhampton 014C,E02002162,Wolverhampton 014,E08000031,Wolverhampton
E01010549,Wolverhampton 014D,E02002162,Wolverhampton 014,E08000031,Wolverhampton
E01010550,Wolverhampton 019B,E02002167,Wolverhampton 019,E08000031,Wolverhampton
E01010551,Wolverhampton 019C,E02002167,Wolverhampton 019,E08000031,Wolverhampton
E01010552,Wolverhampton 019D,E02002167,Wolverhampton 019,E08000031,Wolverhampton
E01010553,Wolverhampton 014E,E02002162,Wolverhampton 014,E08000031,Wolverhampton
E01010554,Wolverhampton 010A,E02002158,Wolverhampton 010,E08000031,Wolverhampton
E01010555,Wolverhampton 005A,E02002153,Wolverhampton 005,E08000031,Wolverhampton
E01010556,Wolverhampton 005B,E02002153,Wolverhampton 005,E08000031,Wolverhampton
E01010557,Wolverhampton 005C,E02002153,Wolverhampton 005,E08000031,Wolverhampton
E01010558,Wolverhampton 010B,E02002158,Wolverhampton 010,E08000031,Wolverhampton
E01010559,Wolverhampton 005D,E02002153,Wolverhampton 005,E08000031,Wolverhampton
E01010560,Wolverhampton 005E,E02002153,Wolverhampton 005,E08000031,Wolverhampton
E01010561,Wolverhampton 012B,E02002160,Wolverhampton 012,E08000031,Wolverhampton
E01010562,Wolverhampton 010C,E02002158,Wolverhampton 010,E08000031,Wolverhampton
E01010563,Wolverhampton 010D,E02002158,Wolverhampton 010,E08000031,Wolverhampton
E01010564,Wolverhampton 012C,E02002160,Wolverhampton 012,E08000031,Wolverhampton
E01010565,Wolverhampton 012D,E02002160,Wolverhampton 012,E08000031,Wolverhampton
E01010566,Wolverhampton 008E,E02002156,Wolverhampton 008,E08000031,Wolverhampton
E01010567,Wolverhampton 010E,E02002158,Wolverhampton 010,E08000031,Wolverhampton
E01013455,Derby 017A,E02002812,Derby 017,E06000015,Derby
E01013458,Derby 017B,E02002812,Derby 017,E06000015,Derby
E01013459,Derby 020A,E02002815,Derby 020,E06000015,Derby
E01013470,Derby 024A,E02002819,Derby 024,E06000015,Derby
E01013471,Derby 025A,E02002820,Derby 025,E06000015,Derby
E01013472,Derby 026A,E02002821,Derby 026,E06000015,Derby
E01013473,Derby 025B,E02002820,Derby 025,E06000015,Derby
E01013474,Derby 024B,E02002819,Derby 024,E06000015,Derby
E01013475,Derby 025C,E02002820,Derby 025,E06000015,Derby
E01013476,Derby 024C,E02002819,Derby 024,E06000015,Derby
E01013477,Derby 025D,E02002820,Derby 025,E06000015,Derby
E01013481,Derby 018A,E02002813,Derby 018,E06000015,Derby
E01013484,Derby 018C,E02002813,Derby 018,E06000015,Derby
E01013486,Derby 018D,E02002813,Derby 018,E06000015,Derby
E01013487,Derby 018E,E02002813,Derby 018,E06000015,Derby
E01013488,Derby 022A,E02002817,Derby 022,E06000015,Derby
E01013489,Derby 022B,E02002817,Derby 022,E06000015,Derby
E01013490,Derby 022C,E02002817,Derby 022,E06000015,Derby
E01013491,Derby 022D,E02002817,Derby 022,E06000015,Derby
E01013492,Derby 027A,E02002822,Derby 027,E06000015,Derby
E01013493,Derby 027B,E02002822,Derby 027,E06000015,Derby
E01013494,Derby 027C,E02002822,Derby 027,E06000015,Derby
E01013495,Derby 027D,E02002822,Derby 027,E06000015,Derby
E01013496,Derby 028A,E02002823,Derby 028,E06000015,Derby
E01013497,Derby 026B,E02002821,Derby 026,E06000015,Derby
E01013498,Derby 028B,E02002823,Derby 028,E06000015,Derby
E01013499,Derby 028C,E02002823,Derby 028,E06000015,Derby
E01013500,Derby 028D,E02002823,Derby 028,E06000015,Derby
E01013501,Derby 028E,E02002823,Derby 028,E06000015,Derby
E01013502,Derby 025E,E02002820,Derby 025,E06000015,Derby
E01013503,Derby 025F,E02002820,Derby 025,E06000015,Derby
E01013504,Derby 026C,E02002821,Derby 026,E06000015,Derby
E01013514,Derby 031A,E02002826,Derby 031,E06000015,Derby
E01013515,Derby 031B,E02002826,Derby 031,E06000015,Derby
E01013517,Derby 030B,E02002825,Derby 030,E06000015,Derby
E01013518,Derby 030C,E02002825,Derby 030,E06000015,Derby
E01013519,Derby 031C,E02002826,Derby 031,E06000015,Derby
E01013520,Derby 031D,E02002826,Derby 031,E06000015,Derby
E01013521,Derby 030D,E02002825,Derby 030,E06000015,Derby
E01013539,Derby 021A,E02002816,Derby 021,E06000015,Derby
E01013540,Derby 019A,E02002814,Derby 019,E06000015,Derby
E01013541,Derby 021B,E02002816,Derby 021,E06000015,Derby
E01013542,Derby 017C,E02002812,Derby 017,E06000015,Derby
E01013543,Derby 021C,E02002816,Derby 021,E06000015,Derby
E01013544,Derby 021D,E02002816,Derby 021,E06000015,Derby
E01013545,Derby 021E,E02002816,Derby 021,E06000015,Derby
E01013546,Derby 017D,E02002812,Derby 017,E06000015,Derby
E01013560,Derby 019B,E02002814,Derby 019,E06000015,Derby
E01013561,Derby 019C,E02002814,Derby 019,E06000015,Derby
E01013562,Derby 019D,E02002814,Derby 019,E06000015,Derby
E01013563,Derby 019E,E02002814,Derby 019,E06000015,Derby
E01013567,Derby 020B,E02002815,Derby 020,E06000015,Derby
E01013568,Derby 020C,E02002815,Derby 020,E06000015,Derby
E01013569,Derby 020D,E02002815,Derby 020,E06000015,Derby
E01013570,Derby 023A,E02002818,Derby 023,E06000015,Derby
E01013571,Derby 023B,E02002818,Derby 023,E06000015,Derby
E01013572,Derby 023C,E02002818,Derby 023,E06000015,Derby
E01013573,Derby 023D,E02002818,Derby 023,E06000015,Derby
E01013583,Derby 026D,E02002821,Derby 026,E06000015,Derby
E01013584,Derby 029A,E02002824,Derby 029,E06000015,Derby
E01013585,Derby 029B,E02002824,Derby 029,E06000015,Derby
E01013586,Derby 029C,E02002824,Derby 029,E06000015,Derby
E01013587,Derby 029D,E02002824,Derby 029,E06000015,Derby
E01013588,Derby 029E,E02002824,Derby 029,E06000015,Derby
E01013589,Derby 029F,E02002824,Derby 029,E06000015,Derby
E01013590,Derby 026E,E02002821,Derby 026,E06000015,Derby
E01013591,Derby 026F,E02002821,Derby 026,E06000015,Derby
E01013593,Derby 014A,E02002809,Derby 014,E06000015,Derby
E01013595,Derby 014B,E02002809,Derby 014,E06000015,Derby
E01013597,Derby 014C,E02002809,Derby 014,E06000015,Derby
E01013598,Derby 014D,E02002809,Derby 014,E06000015,Derby
E01013998,Herefordshire 001A,E02002905,Herefordshire 001,E06000019,Herefordshire
E01013999,Herefordshire 004A,E02002908,Herefordshire 004,E06000019,Herefordshire
E01014000,Herefordshire 005A,E02002909,Herefordshire 005,E06000019,Herefordshire
E01014001,Herefordshire 005B,E02002909,Herefordshire 005,E06000019,Herefordshire
E01014002,Herefordshire 005C,E02002909,Herefordshire 005,E06000019,Herefordshire
E01014003,Herefordshire 005D,E02002909,Herefordshire 005,E06000019,Herefordshire
E01014004,Herefordshire 005E,E02002909,Herefordshire 005,E06000019,Herefordshire
E01014005,Herefordshire 005F,E02002909,Herefordshire 005,E06000019,Herefordshire
E01014015,Herefordshire 005G,E02002909,Herefordshire 005,E06000019,Herefordshire
E01014017,Herefordshire 004B,E02002908,Herefordshire 004,E06000019,Herefordshire
E01014024,Herefordshire 004C,E02002908,Herefordshire 004,E06000019,Herefordshire
E01014025,Herefordshire 004D,E02002908,Herefordshire 004,E06000019,Herefordshire
E01014051,Herefordshire 001B,E02002905,Herefordshire 001,E06000019,Herefordshire
E01014052,Herefordshire 001C,E02002905,Herefordshire 001,E06000019,Herefordshire
E01014055,Herefordshire 004E,E02002908,Herefordshire 004,E06000019,Herefordshire
E01014096,Herefordshire 001D,E02002905,Herefordshire 001,E06000019,Herefordshire
E01014097,Herefordshire 004F,E02002908,Herefordshire 004,E06000019,Herefordshire
E01014102,Telford and Wrekin 007A,E02002934,Telford and Wrekin 007,E06000020,Telford and Wrekin
E01014103,Telford and Wrekin 007B,E02002934,Telford and Wrekin 007,E06000020,Telford and Wrekin
E01014104,Telford and Wrekin 011A,E02002938,Telford and Wrekin 011,E06000020,Telford and Wrekin
E01014105,Telford and Wrekin 011B,E02002938,Telford and Wrekin 011,E06000020,Telford and Wrekin
E01014106,Telford and Wrekin 020A,E02002947,Telford and Wrekin 020,E06000020,Telford and Wrekin
E01014107,Telford and Wrekin 020B,E02002947,Telford and Wrekin 020,E06000020,Telford and Wrekin
E01014108,Telford and Wrekin 020C,E02002947,Telford and Wrekin 020,E06000020,Telford and Wrekin
E01014109,Telford and Wrekin 020D,E02002947,Telford and Wrekin 020,E06000020,Telford and Wrekin
E01014110,Telford and Wrekin 020E,E02002947,Telford and Wrekin 020,E06000020,Telford and Wrekin
E01014111,Telford and Wrekin 004A,E02002931,Telford and Wrekin 004,E06000020,Telford and Wrekin
E01014112,Telford and Wrekin 002A,E02002929,Telford and Wrekin 002,E06000020,Telford and Wrekin
E01014113,Telford and Wrekin 011C,E02002938,Telford and Wrekin 011,E06000020,Telford and Wrekin
E01014114,Telford and Wrekin 011D,E02002938,Telford and Wrekin 011,E06000020,Telford and Wrekin
E01014115,Telford and Wrekin 023A,E02002950,Telford and Wrekin 023,E06000020,Telford and Wrekin
E01014116,Telford and Wrekin 023B,E02002950,Telford and Wrekin 023,E06000020,Telford and Wrekin
E01014117,Telford and Wrekin 023C,E02002950,Telford and Wrekin 023,E06000020,Telford and Wrekin
E01014118,Telford and Wrekin 023D,E02002950,Telford and Wrekin 023,E06000020,Telford and Wrekin
E01014119,Telford and Wrekin 019A,E02002946,Telford and Wrekin 019,E06000020,Telford and Wrekin
E01014120,Telford and Wrekin 019B,E02002946,Telford and Wrekin 019,E06000020,Telford and Wrekin
E01014121,Telford and Wrekin 019C,E02002946,Telford and Wrekin 019,E06000020,Telford and Wrekin
E01014122,Telford and Wrekin 019D,E02002946,Telford and Wrekin 019,E06000020,Telford and Wrekin
E01014123,Telford and Wrekin 019E,E02002946,Telford and Wrekin 019,E06000020,Telford and Wrekin
E01014124,Telford and Wrekin 017A,E02002944,Telford and Wrekin 017,E06000020,Telford and Wrekin
E01014125,Telford and Wrekin 005A,E02002932,Telford and Wrekin 005,E06000020,Telford and Wrekin
E01014126,Telford and Wrekin 005B,E02002932,Telford and Wrekin 005,E06000020,Telford and Wrekin
E01014127,Telford and Wrekin 005C,E02002932,Telford and Wrekin 005,E06000020,Telford and Wrekin
E01014128,Telford and Wrekin 005D,E02002932,Telford and Wrekin 005,E06000020,Telford and Wrekin
E01014129,Telford and Wrekin 006A,E02002933,Telford and Wrekin 006,E06000020,Telford and Wrekin
E01014130,Telford and Wrekin 006B,E02002933,Telford and Wrekin 006,E06000020,Telford and Wrekin
E01014131,Telford and Wrekin 002B,E02002929,Telford and Wrekin 002,E06000020,Telford and Wrekin
E01014132,Telford and Wrekin 002C,E02002929,Telford and Wrekin 002,E06000020,Telford and Wrekin
E01014133,Telford and Wrekin 012A,E02002939,Telford and Wrekin 012,E06000020,Telford and Wrekin
E01014134,Telford and Wrekin 012B,E02002939,Telford and Wrekin 012,E06000020,Telford and Wrekin
E01014135,Telford and Wrekin 002D,E02002929,Telford and Wrekin 002,E06000020,Telford and Wrekin
E01014136,Telford and Wrekin 010A,E02002937,Telford and Wrekin 010,E06000020,Telford and Wrekin
E01014137,Telford and Wrekin 009A,E02002936,Telford and Wrekin 009,E06000020,Telford and Wrekin
E01014138,Telford and Wrekin 007C,E02002934,Telford and Wrekin 007,E06000020,Telford and Wrekin
E01014139,Telford and Wrekin 009B,E02002936,Telford and Wrekin 009,E06000020,Telford and Wrekin
E01014140,Telford and Wrekin 007D,E02002934,Telford and Wrekin 007,E06000020,Telford and Wrekin
E01014142,Telford and Wrekin 009D,E02002936,Telford and Wrekin 009,E06000020,Telford and Wrekin
E01014143,Telford and Wrekin 009E,E02002936,Telford and Wrekin 009,E06000020,Telford and Wrekin
E01014144,Telford and Wrekin 012C,E02002939,Telford and Wrekin 012,E06000020,Telford and Wrekin
E01014145,Telford and Wrekin 012D,E02002939,Telford and Wrekin 012,E06000020,Telford and Wrekin
E01014148,Telford and Wrekin 010B,E02002937,Telford and Wrekin 010,E06000020,Telford and Wrekin
E01014149,Telford and Wrekin 010C,E02002937,Telford and Wrekin 010,E06000020,Telford and Wrekin
E01014150,Telford and Wrekin 014A,E02002941,Telford and Wrekin 014,E06000020,Telford and Wrekin
E01014151,Telford and Wrekin 014B,E02002941,Telford and Wrekin 014,E06000020,Telford and Wrekin
E01014152,Telford and Wrekin 014C,E02002941,Telford and Wrekin 014,E06000020,Telford and Wrekin
E01014153,Telford and Wrekin 014D,E02002941,Telford and Wrekin 014,E06000020,Telford and Wrekin
E01014154,Telford and Wrekin 014E,E02002941,Telford and Wrekin 014,E06000020,Telford and Wrekin
E01014155,Telford and Wrekin 014F,E02002941,Telford and Wrekin 014,E06000020,Telford and Wrekin
E01014159,Telford and Wrekin 022A,E02002949,Telford and Wrekin 022,E06000020,Telford and Wrekin
E01014160,Telford and Wrekin 022B,E02002949,Telford and Wrekin 022,E06000020,Telford and Wrekin
E01014161,Telford and Wrekin 022C,E02002949,Telford and Wrekin 022,E06000020,Telford and Wrekin
E01014162,Telford and Wrekin 022D,E02002949,Telford and Wrekin 022,E06000020,Telford and Wrekin
E01014163,Telford and Wrekin 017B,E02002944,Telford and Wrekin 017,E06000020,Telford and Wrekin
E01014164,Telford and Wrekin 017C,E02002944,Telford and Wrekin 017,E06000020,Telford and Wrekin
E01014165,Telford and Wrekin 017D,E02002944,Telford and Wrekin 017,E06000020,Telford and Wrekin
E01014166,Telford and Wrekin 017E,E02002944,Telford and Wrekin 017,E06000020,Telford and Wrekin
E01014167,Telford and Wrekin 004B,E02002931,Telford and Wrekin 004,E06000020,Telford and Wrekin
E01014168,Telford and Wrekin 004C,E02002931,Telford and Wrekin 004,E06000020,Telford and Wrekin
E01014169,Telford and Wrekin 005E,E02002932,Telford and Wrekin 005,E06000020,Telford and Wrekin
E01014170,Telford and Wrekin 004D,E02002931,Telford and Wrekin 004,E06000020,Telford and Wrekin
E01014171,Telford and Wrekin 001A,E02002928,Telford and Wrekin 001,E06000020,Telford and Wrekin
E01014172,Telford and Wrekin 001B,E02002928,Telford and Wrekin 001,E06000020,Telford and Wrekin
E01014173,Telford and Wrekin 001C,E02002928,Telford and Wrekin 001,E06000020,Telford and Wrekin
E01014174,Telford and Wrekin 001D,E02002928,Telford and Wrekin 001,E06000020,Telford and Wrekin
E01014175,Telford and Wrekin 003A,E02002930,Telford and Wrekin 003,E06000020,Telford and Wrekin
E01014176,Telford and Wrekin 003B,E02002930,Telford and Wrekin 003,E06000020,Telford and Wrekin
E01014177,Telford and Wrekin 003C,E02002930,Telford and Wrekin 003,E06000020,Telford and Wrekin
E01014178,Telford and Wrekin 003D,E02002930,Telford and Wrekin 003,E06000020,Telford and Wrekin
E01014179,Telford and Wrekin 006C,E02002933,Telford and Wrekin 006,E06000020,Telford and Wrekin
E01014180,Telford and Wrekin 006D,E02002933,Telford and Wrekin 006,E06000020,Telford and Wrekin
E01014181,Telford and Wrekin 015A,E02002942,Telford and Wrekin 015,E06000020,Telford and Wrekin
E01014182,Telford and Wrekin 015B,E02002942,Telford and Wrekin 015,E06000020,Telford and Wrekin
E01014183,Telford and Wrekin 015C,E02002942,Telford and Wrekin 015,E06000020,Telford and Wrekin
E01014184,Telford and Wrekin 015D,E02002942,Telford and Wrekin 015,E06000020,Telford and Wrekin
E01014185,Telford and Wrekin 013A,E02002940,Telford and Wrekin 013,E06000020,Telford and Wrekin
E01014186,Telford and Wrekin 013B,E02002940,Telford and Wrekin 013,E06000020,Telford and Wrekin
E01014187,Telford and Wrekin 013C,E02002940,Telford and Wrekin 013,E06000020,Telford and Wrekin
E01014188,Telford and Wrekin 013D,E02002940,Telford and Wrekin 013,E06000020,Telford and Wrekin
E01014189,Telford and Wrekin 006E,E02002933,Telford and Wrekin 006,E06000020,Telford and Wrekin
E01014190,Telford and Wrekin 006F,E02002933,Telford and Wrekin 006,E06000020,Telford and Wrekin
E01014191,Telford and Wrekin 018A,E02002945,Telford and Wrekin 018,E06000020,Telford and Wrekin
E01014192,Telford and Wrekin 018B,E02002945,Telford and Wrekin 018,E06000020,Telford and Wrekin
E01014193,Telford and Wrekin 018C,E02002945,Telford and Wrekin 018,E06000020,Telford and Wrekin
E01014194,Telford and Wrekin 018D,E02002945,Telford and Wrekin 018,E06000020,Telford and Wrekin
E01014195,Telford and Wrekin 018E,E02002945,Telford and Wrekin 018,E06000020,Telford and Wrekin
E01014196,Telford and Wrekin 018F,E02002945,Telford and Wrekin 018,E06000020,Telford and Wrekin
E01014197,Telford and Wrekin 021A,E02002948,Telford and Wrekin 021,E06000020,Telford and Wrekin
E01014198,Telford and Wrekin 021B,E02002948,Telford and Wrekin 021,E06000020,Telford and Wrekin
E01014199,Telford and Wrekin 021C,E02002948,Telford and Wrekin 021,E06000020,Telford and Wrekin
E01014200,Telford and Wrekin 021D,E02002948,Telford and Wrekin 021,E06000020,Telford and Wrekin
E01014201,Telford and Wrekin 021E,E02002948,Telford and Wrekin 021,E06000020,Telford and Wrekin
E01014202,Telford and Wrekin 010D,E02002937,Telford and Wrekin 010,E06000020,Telford and Wrekin
E01014203,Telford and Wrekin 010E,E02002937,Telford and Wrekin 010,E06000020,Telford and Wrekin
E01014204,Telford and Wrekin 010F,E02002937,Telford and Wrekin 010,E06000020,Telford and Wrekin
E01014205,Telford and Wrekin 008A,E02002935,Telford and Wrekin 008,E06000020,Telford and Wrekin
E01014206,Telford and Wrekin 008B,E02002935,Telford and Wrekin 008,E06000020,Telford and Wrekin
E01014207,Telford and Wrekin 008C,E02002935,Telford and Wrekin 008,E06000020,Telford and Wrekin
E01014208,Telford and Wrekin 008D,E02002935,Telford and Wrekin 008,E06000020,Telford and Wrekin
E01014209,Telford and Wrekin 008E,E02002935,Telford and Wrekin 008,E06000020,Telford and Wrekin
E01019603,Derbyshire Dales 010A,E02004077,Derbyshire Dales 010,E07000035,Derbyshire Dales
E01019607,Derbyshire Dales 010B,E02004077,Derbyshire Dales 010,E07000035,Derbyshire Dales
E01019612,Derbyshire Dales 010C,E02004077,Derbyshire Dales 010,E07000035,Derbyshire Dales
E01019629,Derbyshire Dales 010D,E02004077,Derbyshire Dales 010,E07000035,Derbyshire Dales
E01019641,Erewash 011A,E02004088,Erewash 011,E07000036,Erewash
E01019642,Erewash 013A,E02004090,Erewash 013,E07000036,Erewash
E01019643,Erewash 013B,E02004090,Erewash 013,E07000036,Erewash
E01019652,Erewash 011B,E02004088,Erewash 011,E07000036,Erewash
E01019653,Erewash 011C,E02004088,Erewash 011,E07000036,Erewash
E01019654,Erewash 013C,E02004090,Erewash 013,E07000036,Erewash
E01019655,Erewash 013D,E02004090,Erewash 013,E07000036,Erewash
E01019676,Erewash 014A,E02004091,Erewash 014,E07000036,Erewash
E01019677,Erewash 014B,E02004091,Erewash 014,E07000036,Erewash
E01019678,Erewash 014C,E02004091,Erewash 014,E07000036,Erewash
E01019680,Erewash 014D,E02004091,Erewash 014,E07000036,Erewash
E01019681,Erewash 014E,E02004091,Erewash 014,E07000036,Erewash
E01019683,Erewash 009A,E02004086,Erewash 009,E07000036,Erewash
E01019684,Erewash 009B,E02004086,Erewash 009,E07000036,Erewash
E01019685,Erewash 009C,E02004086,Erewash 009,E07000036,Erewash
E01019686,Erewash 009D,E02004086,Erewash 009,E07000036,Erewash
E01019687,Erewash 009E,E02004086,Erewash 009,E07000036,Erewash
E01019697,Erewash 015A,E02004092,Erewash 015,E07000036,Erewash
E01019698,Erewash 014F,E02004091,Erewash 014,E07000036,Erewash
E01019699,Erewash 015B,E02004092,Erewash 015,E07000036,Erewash
E01019700,Erewash 015C,E02004092,Erewash 015,E07000036,Erewash
E01019705,Erewash 015D,E02004092,Erewash 015,E07000036,Erewash
E01019706,Erewash 015E,E02004092,Erewash 015,E07000036,Erewash
E01019707,Erewash 011D,E02004088,Erewash 011,E07000036,Erewash
E01019708,Erewash 011E,E02004088,Erewash 011,E07000036,Erewash
E01019709,Erewash 015F,E02004092,Erewash 015,E07000036,Erewash
E01019832,South Derbyshire 004A,E02004121,South Derbyshire 004,E07000039,South Derbyshire
E01019833,South Derbyshire 004B,E02004121,South Derbyshire 004,E07000039,South Derbyshire
E01019834,South Derbyshire 004C,E02004121,South Derbyshire 004,E07000039,South Derbyshire
E01019839,South Derbyshire 001A,E02004118,South Derbyshire 001,E07000039,South Derbyshire
E01019840,South Derbyshire 002A,E02004119,South Derbyshire 002,E07000039,South Derbyshire
E01019841,South Derbyshire 002B,E02004119,South Derbyshire 002,E07000039,South Derbyshire
E01019843,South Derbyshire 006A,E02004123,South Derbyshire 006,E07000039,South Derbyshire
E01019844,South Derbyshire 007A,E02004124,South Derbyshire 007,E07000039,South Derbyshire
E01019845,South Derbyshire 001B,E02004118,South Derbyshire 001,E07000039,South Derbyshire
E01019846,South Derbyshire 001C,E02004118,South Derbyshire 001,E07000039,South Derbyshire
E01019847,South Derbyshire 002C,E02004119,South Derbyshire 002,E07000039,South Derbyshire
E01019848,South Derbyshire 002D,E02004119,South Derbyshire 002,E07000039,South Derbyshire
E01019850,South Derbyshire 011A,E02004128,South Derbyshire 011,E07000039,South Derbyshire
E01019851,South Derbyshire 011B,E02004128,South Derbyshire 011,E07000039,South Derbyshire
E01019852,South Derbyshire 011C,E02004128,South Derbyshire 011,E07000039,South Derbyshire
E01019853,South Derbyshire 006B,E02004123,South Derbyshire 006,E07000039,South Derbyshire
E01019854,South Derbyshire 006C,E02004123,South Derbyshire 006,E07000039,South Derbyshire
E01019855,South Derbyshire 006D,E02004123,South Derbyshire 006,E07000039,South Derbyshire
E01019856,South Derbyshire 007B,E02004124,South Derbyshire 007,E07000039,South Derbyshire
E01019857,South Derbyshire 007C,E02004124,South Derbyshire 007,E07000039,South Derbyshire
E01019858,South Derbyshire 007D,E02004124,South Derbyshire 007,E07000039,South Derbyshire
E01019859,South Derbyshire 007E,E02004124,South Derbyshire 007,E07000039,South Derbyshire
E01019860,South Derbyshire 008A,E02004125,South Derbyshire 008,E07000039,South Derbyshire
E01019861,South Derbyshire 008B,E02004125,South Derbyshire 008,E07000039,South Derbyshire
E01019862,South Derbyshire 008C,E02004125,South Derbyshire 008,E07000039,South Derbyshire
E01019863,South Derbyshire 008D,E02004125,South Derbyshire 008,E07000039,South Derbyshire
E01019864,South Derbyshire 008E,E02004125,South Derbyshire 008,E07000039,South Derbyshire
E01019865,South Derbyshire 008F,E02004125,South Derbyshire 008,E07000039,South Derbyshire
E01019866,South Derbyshire 001D,E02004118,South Derbyshire 001,E07000039,South Derbyshire
E01019867,South Derbyshire 005A,E02004122,South Derbyshire 005,E07000039,South Derbyshire
E01019868,South Derbyshire 005B,E02004122,South Derbyshire 005,E07000039,South Derbyshire
E01019869,South Derbyshire 005C,E02004122,South Derbyshire 005,E07000039,South Derbyshire
E01019870,South Derbyshire 011D,E02004128,South Derbyshire 011,E07000039,South Derbyshire
E01019871,South Derbyshire 011E,E02004128,South Derbyshire 011,E07000039,South Derbyshire
E01019872,South Derbyshire 011F,E02004128,South Derbyshire 011,E07000039,South Derbyshire
E01019873,South Derbyshire 003A,E02004120,South Derbyshire 003,E07000039,South Derbyshire
E01019874,South Derbyshire 003B,E02004120,South Derbyshire 003,E07000039,South Derbyshire
E01019875,South Derbyshire 003C,E02004120,South Derbyshire 003,E07000039,South Derbyshire
E01019876,South Derbyshire 009A,E02004126,South Derbyshire 009,E07000039,South Derbyshire
E01019877,South Derbyshire 009B,E02004126,South Derbyshire 009,E07000039,South Derbyshire
E01019878,South Derbyshire 009C,E02004126,South Derbyshire 009,E07000039,South Derbyshire
E01019879,South Derbyshire 009D,E02004126,South Derbyshire 009,E07000039,South Derbyshire
E01019880,South Derbyshire 005D,E02004122,South Derbyshire 005,E07000039,South Derbyshire
E01019882,South Derbyshire 003E,E02004120,South Derbyshire 003,E07000039,South Derbyshire
E01025613,Blaby 010A,E02005342,Blaby 010,E07000129,Blaby
E01025614,Blaby 010B,E02005342,Blaby 010,E07000129,Blaby
E01025620,Blaby 010C,E02005342,Blaby 010,E07000129,Blaby
E01025621,Blaby 010D,E02005342,Blaby 010,E07000129,Blaby
E01025634,Blaby 003A,E02005335,Blaby 003,E07000129,Blaby
E01025638,Blaby 003B,E02005335,Blaby 003,E07000129,Blaby
E01025639,Blaby 003C,E02005335,Blaby 003,E07000129,Blaby
E01025640,Blaby 003D,E02005335,Blaby 003,E07000129,Blaby
E01025644,Blaby 010E,E02005342,Blaby 010,E07000129,Blaby
E01025645,Blaby 003E,E02005335,Blaby 003,E07000129,Blaby
E01025661,Blaby 012A,E02005344,Blaby 012,E07000129,Blaby
E01025662,Blaby 012B,E02005344,Blaby 012,E07000129,Blaby
E01025663,Blaby 012C,E02005344,Blaby 012,E07000129,Blaby
E01025664,Blaby 012D,E02005344,Blaby 012,E07000129,Blaby
E01025665,Blaby 012E,E02005344,Blaby 012,E07000129,Blaby
E01033166,Derby 018F,E02002813,Derby 018,E06000015,Derby
E01033167,Derby 018G,E02002813,Derby 018,E06000015,Derby
E01033168,Derby 030E,E02002825,Derby 030,E06000015,Derby
E01033169,Derby 030F,E02002825,Derby 030,E06000015,Derby
E01033170,Derby 030G,E02002825,Derby 030,E06000015,Derby
E01033171,Derby 024E,E02002819,Derby 024,E06000015,Derby
E01033172,Derby 024F,E02002819,Derby 024,E06000015,Derby
E01033532,South Derbyshire 002F,E02004119,South Derbyshire 002,E07000039,South Derbyshire
E01033533,South Derbyshire 002G,E02004119,South Derbyshire 002,E07000039,South Derbyshire
E01033534,South Derbyshire 002H,E02004119,South Derbyshire 002,E07000039,South Derbyshire
E01034310,Wolverhampton 006E,E02002154,Wolverhampton 006,E08000031,Wolverhampton
E01034311,Wolverhampton 006F,E02002154,Wolverhampton 006,E08000031,Wolverhampton
E01034312,Wolverhampton 020G,E02002168,Wolverhampton 020,E08000031,Wolverhampton
E01034313,Wolverhampton 020H,E02002168,Wolverhampton 020,E08000031,Wolverhampton
E01034650,South Derbyshire 003F,E02004120,South Derbyshire 003,E07000039,South Derbyshire
E01034651,South Derbyshire 003G,E02004120,South Derbyshire 003,E07000039,South Derbyshire
E01034652,South Derbyshire 004E,E02004121,South Derbyshire 004,E07000039,South Derbyshire
E01034653,South Derbyshire 004F,E02004121,South Derbyshire 004,E07000039,South Derbyshire
E01035073,Telford and Wrekin 009F,E02002936,Telford and Wrekin 009,E06000020,Telford and Wrekin
E01035074,Telford and Wrekin 009G,E02002936,Telford and Wrekin 009,E06000020,Telford and Wrekin
E01035075,Telford and Wrekin 009H,E02002936,Telford and Wrekin 009,E06000020,Telford and Wrekin
E01025740,Charnwood 006A,E02005350,Charnwood 006,E07000130,Charnwood
E01025741,Charnwood 006B,E02005350,Charnwood 006,E07000130,Charnwood
E01025742,Charnwood 006C,E02005350,Charnwood 006,E07000130,Charnwood
E01025743,Charnwood 006D,E02005350,Charnwood 006,E07000130,Charnwood
E01025744,Charnwood 005A,E02005349,Charnwood 005,E07000130,Charnwood
E01025745,Charnwood 005B,E02005349,Charnwood 005,E07000130,Charnwood
E01025746,Charnwood 005C,E02005349,Charnwood 005,E07000130,Charnwood
E01025747,Charnwood 005D,E02005349,Charnwood 005,E07000130,Charnwood
E01025777,Harborough 006A,E02005372,Harborough 006,E07000131,Harborough
E01025808,Harborough 006B,E02005372,Harborough 006,E07000131,Harborough
E01025810,Harborough 006C,E02005372,Harborough 006,E07000131,Harborough
E01025816,Harborough 006D,E02005372,Harborough 006,E07000131,Harborough
E01025817,Hinckley and Bosworth 008A,E02005384,Hinckley and Bosworth 008,E07000132,Hinckley and Bosworth
E01025818,Hinckley and Bosworth 008B,E02005384,Hinckley and Bosworth 008,E07000132,Hinckley and Bosworth
E01025819,Hinckley and Bosworth 004A,E02005380,Hinckley and Bosworth 004,E07000132,Hinckley and Bosworth
E01025820,Hinckley and Bosworth 004B,E02005380,Hinckley and Bosworth 004,E07000132,Hinckley and Bosworth
E01025821,Hinckley and Bosworth 007A,E02005383,Hinckley and Bosworth 007,E07000132,Hinckley and Bosworth
E01025822,Hinckley and Bosworth 007B,E02005383,Hinckley and Bosworth 007,E07000132,Hinckley and Bosworth
E01025823,Hinckley and Bosworth 007C,E02005383,Hinckley and Bosworth 007,E07000132,Hinckley and Bosworth
E01025824,Hinckley and Bosworth 007D,E02005383,Hinckley and Bosworth 007,E07000132,Hinckley and Bosworth
E01025825,Hinckley and Bosworth 007E,E02005383,Hinckley and Bosworth 007,E07000132,Hinckley and Bosworth
E01025826,Hinckley and Bosworth 007F,E02005383,Hinckley and Bosworth 007,E07000132,Hinckley and Bosworth
E01025827,Hinckley and Bosworth 013A,E02005389,Hinckley and Bosworth 013,E07000132,Hinckley and Bosworth
E01025828,Hinckley and Bosworth 013B,E02005389,Hinckley and Bosworth 013,E07000132,Hinckley and Bosworth
E01025829,Hinckley and Bosworth 013C,E02005389,Hinckley and Bosworth 013,E07000132,Hinckley and Bosworth
E01025830,Hinckley and Bosworth 013D,E02005389,Hinckley and Bosworth 013,E07000132,Hinckley and Bosworth
E01025831,Hinckley and Bosworth 014A,E02005390,Hinckley and Bosworth 014,E07000132,Hinckley and Bosworth
E01025832,Hinckley and Bosworth 014B,E02005390,Hinckley and Bosworth 014,E07000132,Hinckley and Bosworth
E01025833,Hinckley and Bosworth 014C,E02005390,Hinckley and Bosworth 014,E07000132,Hinckley and Bosworth
E01025834,Hinckley and Bosworth 014D,E02005390,Hinckley and Bosworth 014,E07000132,Hinckley and Bosworth
E01025835,Hinckley and Bosworth 014E,E02005390,Hinckley and Bosworth 014,E07000132,Hinckley and Bosworth
E01025836,Hinckley and Bosworth 014F,E02005390,Hinckley and Bosworth 014,E07000132,Hinckley and Bosworth
E01025837,Hinckley and Bosworth 004C,E02005380,Hinckley and Bosworth 004,E07000132,Hinckley and Bosworth
E01025838,Hinckley and Bosworth 004D,E02005380,Hinckley and Bosworth 004,E07000132,Hinckley and Bosworth
E01025839,Hinckley and Bosworth 006A,E02005382,Hinckley and Bosworth 006,E07000132,Hinckley and Bosworth
E01025840,Hinckley and Bosworth 006B,E02005382,Hinckley and Bosworth 006,E07000132,Hinckley and Bosworth
E01025841,Hinckley and Bosworth 006C,E02005382,Hinckley and Bosworth 006,E07000132,Hinckley and Bosworth
E01025842,Hinckley and Bosworth 006D,E02005382,Hinckley and Bosworth 006,E07000132,Hinckley and Bosworth
E01025843,Hinckley and Bosworth 006E,E02005382,Hinckley and Bosworth 006,E07000132,Hinckley and Bosworth
E01025844,Hinckley and Bosworth 006F,E02005382,Hinckley and Bosworth 006,E07000132,Hinckley and Bosworth
E01025849,Hinckley and Bosworth 012A,E02005388,Hinckley and Bosworth 012,E07000132,Hinckley and Bosworth
E01025850,Hinckley and Bosworth 010A,E02005386,Hinckley and Bosworth 010,E07000132,Hinckley and Bosworth
E01025851,Hinckley and Bosworth 012B,E02005388,Hinckley and Bosworth 012,E07000132,Hinckley and Bosworth
E01025852,Hinckley and Bosworth 010B,E02005386,Hinckley and Bosworth 010,E07000132,Hinckley and Bosworth
E01025854,Hinckley and Bosworth 011B,E02005387,Hinckley and Bosworth 011,E07000132,Hinckley and Bosworth
E01025855,Hinckley and Bosworth 011C,E02005387,Hinckley and Bosworth 011,E07000132,Hinckley and Bosworth
E01025856,Hinckley and Bosworth 012C,E02005388,Hinckley and Bosworth 012,E07000132,Hinckley and Bosworth
E01025857,Hinckley and Bosworth 012D,E02005388,Hinckley and Bosworth 012,E07000132,Hinckley and Bosworth
E01025858,Hinckley and Bosworth 010C,E02005386,Hinckley and Bosworth 010,E07000132,Hinckley and Bosworth
E01025859,Hinckley and Bosworth 009A,E02005385,Hinckley and Bosworth 009,E07000132,Hinckley and Bosworth
E01025860,Hinckley and Bosworth 009B,E02005385,Hinckley and Bosworth 009,E07000132,Hinckley and Bosworth
E01025861,Hinckley and Bosworth 009C,E02005385,Hinckley and Bosworth 009,E07000132,Hinckley and Bosworth
E01025862,Hinckley and Bosworth 009D,E02005385,Hinckley and Bosworth 009,E07000132,Hinckley and Bosworth
E01025863,Hinckley and Bosworth 010D,E02005386,Hinckley and Bosworth 010,E07000132,Hinckley and Bosworth
E01025864,Hinckley and Bosworth 008C,E02005384,Hinckley and Bosworth 008,E07000132,Hinckley and Bosworth
E01025865,Hinckley and Bosworth 010E,E02005386,Hinckley and Bosworth 010,E07000132,Hinckley and Bosworth
E01025866,Hinckley and Bosworth 011D,E02005387,Hinckley and Bosworth 011,E07000132,Hinckley and Bosworth
E01025867,Hinckley and Bosworth 011E,E02005387,Hinckley and Bosworth 011,E07000132,Hinckley and Bosworth
E01025868,Hinckley and Bosworth 001A,E02005377,Hinckley and Bosworth 001,E07000132,Hinckley and Bosworth
E01025869,Hinckley and Bosworth 001B,E02005377,Hinckley and Bosworth 001,E07000132,Hinckley and Bosworth
E01025870,Hinckley and Bosworth 001C,E02005377,Hinckley and Bosworth 001,E07000132,Hinckley and Bosworth
E01025871,Hinckley and Bosworth 001D,E02005377,Hinckley and Bosworth 001,E07000132,Hinckley and Bosworth
E01025872,Hinckley and Bosworth 005A,E02005381,Hinckley and Bosworth 005,E07000132,Hinckley and Bosworth
E01025873,Hinckley and Bosworth 005B,E02005381,Hinckley and Bosworth 005,E07000132,Hinckley and Bosworth
E01025874,Hinckley and Bosworth 005C,E02005381,Hinckley and Bosworth 005,E07000132,Hinckley and Bosworth
E01025875,Hinckley and Bosworth 005D,E02005381,Hinckley and Bosworth 005,E07000132,Hinckley and Bosworth
E01025876,Hinckley and Bosworth 005E,E02005381,Hinckley and Bosworth 005,E07000132,Hinckley and Bosworth
E01025881,Hinckley and Bosworth 008D,E02005384,Hinckley and Bosworth 008,E07000132,Hinckley and Bosworth
E01025882,Hinckley and Bosworth 004E,E02005380,Hinckley and Bosworth 004,E07000132,Hinckley and Bosworth
E01025913,North West Leicestershire 012A,E02005408,North West Leicestershire 012,E07000134,North West Leicestershire
E01025914,North West Leicestershire 006A,E02005402,North West Leicestershire 006,E07000134,North West Leicestershire
E01025915,North West Leicestershire 003A,E02005399,North West Leicestershire 003,E07000134,North West Leicestershire
E01025916,North West Leicestershire 003B,E02005399,North West Leicestershire 003,E07000134,North West Leicestershire
E01025918,North West Leicestershire 003D,E02005399,North West Leicestershire 003,E07000134,North West Leicestershire
E01025919,North West Leicestershire 006B,E02005402,North West Leicestershire 006,E07000134,North West Leicestershire
E01025920,North West Leicestershire 006C,E02005402,North West Leicestershire 006,E07000134,North West Leicestershire
E01025921,North West Leicestershire 006D,E02005402,North West Leicestershire 006,E07000134,North West Leicestershire
E01025923,North West Leicestershire 002A,E02005398,North West Leicestershire 002,E07000134,North West Leicestershire
E01025924,North West Leicestershire 001A,E02005397,North West Leicestershire 001,E07000134,North West Leicestershire
E01025926,North West Leicestershire 001C,E02005397,North West Leicestershire 001,E07000134,North West Leicestershire
E01025927,North West Leicestershire 001D,E02005397,North West Leicestershire 001,E07000134,North West Leicestershire
E01025928,North West Leicestershire 001E,E02005397,North West Leicestershire 001,E07000134,North West Leicestershire
E01025929,North West Leicestershire 010A,E02005406,North West Leicestershire 010,E07000134,North West Leicestershire
E01025930,North West Leicestershire 010B,E02005406,North West Leicestershire 010,E07000134,North West Leicestershire
E01025931,North West Leicestershire 010C,E02005406,North West Leicestershire 010,E07000134,North West Leicestershire
E01025932,North West Leicestershire 009A,E02005405,North West Leicestershire 009,E07000134,North West Leicestershire
E01025933,North West Leicestershire 009B,E02005405,North West Leicestershire 009,E07000134,North West Leicestershire
E01025934,North West Leicestershire 009C,E02005405,North West Leicestershire 009,E07000134,North West Leicestershire
E01025935,North West Leicestershire 009D,E02005405,North West Leicestershire 009,E07000134,North West Leicestershire
E01025936,North West Leicestershire 009E,E02005405,North West Leicestershire 009,E07000134,North West Leicestershire
E01025937,North West Leicestershire 011B,E02005407,North West Leicestershire 011,E07000134,North West Leicestershire
E01025938,North West Leicestershire 013A,E02005409,North West Leicestershire 013,E07000134,North West Leicestershire
E01025939,North West Leicestershire 013B,E02005409,North West Leicestershire 013,E07000134,North West Leicestershire
E01025940,North West Leicestershire 013C,E02005409,North West Leicestershire 013,E07000134,North West Leicestershire
E01025941,North West Leicestershire 013D,E02005409,North West Leicestershire 013,E07000134,North West Leicestershire
E01025942,North West Leicestershire 013E,E02005409,North West Leicestershire 013,E07000134,North West Leicestershire
E01025943,North West Leicestershire 013F,E02005409,North West Leicestershire 013,E07000134,North West Leicestershire
E01025944,North West Leicestershire 002B,E02005398,North West Leicestershire 002,E07000134,North West Leicestershire
E01025945,North West Leicestershire 002C,E02005398,North West Leicestershire 002,E07000134,North West Leicestershire
E01025946,North West Leicestershire 002D,E02005398,North West Leicestershire 002,E07000134,North West Leicestershire
E01025947,North West Leicestershire 012B,E02005408,North West Leicestershire 012,E07000134,North West Leicestershire
E01025948,North West Leicestershire 012C,E02005408,North West Leicestershire 012,E07000134,North West Leicestershire
E01025949,North West Leicestershire 012D,E02005408,North West Leicestershire 012,E07000134,North West Leicestershire
E01025950,North West Leicestershire 008A,E02005404,North West Leicestershire 008,E07000134,North West Leicestershire
E01025951,North West Leicestershire 008B,E02005404,North West Leicestershire 008,E07000134,North West Leicestershire
E01025952,North West Leicestershire 008C,E02005404,North West Leicestershire 008,E07000134,North West Leicestershire
E01025953,North West Leicestershire 008D,E02005404,North West Leicestershire 008,E07000134,North West Leicestershire
E01025954,North West Leicestershire 008E,E02005404,North West Leicestershire 008,E07000134,North West Leicestershire
E01025955,North West Leicestershire 005A,E02005401,North West Leicestershire 005,E07000134,North West Leicestershire
E01025956,North West Leicestershire 005B,E02005401,North West Leicestershire 005,E07000134,North West Leicestershire
E01025957,North West Leicestershire 010D,E02005406,North West Leicestershire 010,E07000134,North West Leicestershire
E01025958,North West Leicestershire 011C,E02005407,North West Leicestershire 011,E07000134,North West Leicestershire
E01025959,North West Leicestershire 011D,E02005407,North West Leicestershire 011,E07000134,North West Leicestershire
E01025960,North West Leicestershire 004A,E02005400,North West Leicestershire 004,E07000134,North West Leicestershire
E01025961,North West Leicestershire 004B,E02005400,North West Leicestershire 004,E07000134,North West Leicestershire
E01025962,North West Leicestershire 004C,E02005400,North West Leicestershire 004,E07000134,North West Leicestershire
E01025963,North West Leicestershire 005C,E02005401,North West Leicestershire 005,E07000134,North West Leicestershire
E01025964,North West Leicestershire 005D,E02005401,North West Leicestershire 005,E07000134,North West Leicestershire
E01025965,North West Leicestershire 004D,E02005400,North West Leicestershire 004,E07000134,North West Leicestershire
E01025966,North West Leicestershire 007A,E02005403,North West Leicestershire 007,E07000134,North West Leicestershire
E01025967,North West Leicestershire 007B,E02005403,North West Leicestershire 007,E07000134,North West Leicestershire
E01025968,North West Leicestershire 007C,E02005403,North West Leicestershire 007,E07000134,North West Leicestershire
E01025969,North West Leicestershire 007D,E02005403,North West Leicestershire 007,E07000134,North West Leicestershire
E01028826,Shropshire 027A,E02006009,Shropshire 027,E06000051,Shropshire
E01028827,Shropshire 027B,E02006009,Shropshire 027,E06000051,Shropshire
E01028828,Shropshire 034A,E02006013,Shropshire 034,E06000051,Shropshire
E01028829,Shropshire 034B,E02006013,Shropshire 034,E06000051,Shropshire
E01028830,Shropshire 031A,E02006011,Shropshire 031,E06000051,Shropshire
E01028831,Shropshire 031B,E02006011,Shropshire 031,E06000051,Shropshire
E01028832,Shropshire 033A,E02006012,Shropshire 033,E06000051,Shropshire
E01028833,Shropshire 033B,E02006012,Shropshire 033,E06000051,Shropshire
E01028834,Shropshire 033C,E02006012,Shropshire 033,E06000051,Shropshire
E01028835,Shropshire 033D,E02006012,Shropshire 033,E06000051,Shropshire
E01028836,Shropshire 031C,E02006011,Shropshire 031,E06000051,Shropshire
E01028837,Shropshire 031D,E02006011,Shropshire 031,E06000051,Shropshire
E01028838,Shropshire 029A,E02006010,Shropshire 029,E06000051,Shropshire
E01028839,Shropshire 029B,E02006010,Shropshire 029,E06000051,Shropshire
E01028840,Shropshire 029C,E02006010,Shropshire 029,E06000051,Shropshire
E01028841,Shropshire 029D,E02006010,Shropshire 029,E06000051,Shropshire
E01028842,Shropshire 034C,E02006013,Shropshire 034,E06000051,Shropshire
E01028843,Shropshire 035A,E02006014,Shropshire 035,E06000051,Shropshire
E01028844,Shropshire 027C,E02006009,Shropshire 027,E06000051,Shropshire
E01028845,Shropshire 027D,E02006009,Shropshire 027,E06000051,Shropshire
E01028846,Shropshire 035B,E02006014,Shropshire 035,E06000051,Shropshire
E01028847,Shropshire 034D,E02006013,Shropshire 034,E06000051,Shropshire
E01028848,Shropshire 035C,E02006014,Shropshire 035,E06000051,Shropshire
E01028849,Shropshire 035D,E02006014,Shropshire 035,E06000051,Shropshire
E01028850,Shropshire 029E,E02006010,Shropshire 029,E06000051,Shropshire
E01028851,Shropshire 029F,E02006010,Shropshire 029,E06000051,Shropshire
E01028852,Shropshire 029G,E02006010,Shropshire 029,E06000051,Shropshire
E01028853,Shropshire 025A,E02006008,Shropshire 025,E06000051,Shropshire
E01028854,Shropshire 025B,E02006008,Shropshire 025,E06000051,Shropshire
E01028855,Shropshire 025C,E02006008,Shropshire 025,E06000051,Shropshire
E01028856,Shropshire 025D,E02006008,Shropshire 025,E06000051,Shropshire
E01028858,Shropshire 035E,E02006014,Shropshire 035,E06000051,Shropshire
E01028859,Shropshire 034E,E02006013,Shropshire 034,E06000051,Shropshire
E01028861,Shropshire 013A,E02006022,Shropshire 013,E06000051,Shropshire
E01028868,Shropshire 009A,E02006020,Shropshire 009,E06000051,Shropshire
E01028869,Shropshire 009B,E02006020,Shropshire 009,E06000051,Shropshire
E01028870,Shropshire 013B,E02006022,Shropshire 013,E06000051,Shropshire
E01028871,Shropshire 009C,E02006020,Shropshire 009,E06000051,Shropshire
E01028873,Shropshire 005A,E02006018,Shropshire 005,E06000051,Shropshire
E01028874,Shropshire 005B,E02006018,Shropshire 005,E06000051,Shropshire
E01028875,Shropshire 005C,E02006018,Shropshire 005,E06000051,Shropshire
E01028876,Shropshire 005D,E02006018,Shropshire 005,E06000051,Shropshire
E01028877,Shropshire 005E,E02006018,Shropshire 005,E06000051,Shropshire
E01028878,Shropshire 005F,E02006018,Shropshire 005,E06000051,Shropshire
E01028879,Shropshire 005G,E02006018,Shropshire 005,E06000051,Shropshire
E01028880,Shropshire 002A,E02006016,Shropshire 002,E06000051,Shropshire
E01028881,Shropshire 002B,E02006016,Shropshire 002,E06000051,Shropshire
E01028882,Shropshire 002C,E02006016,Shropshire 002,E06000051,Shropshire
E01028883,Shropshire 013C,E02006022,Shropshire 013,E06000051,Shropshire
E01028884,Shropshire 013D,E02006022,Shropshire 013,E06000051,Shropshire
E01028893,Shropshire 002D,E02006016,Shropshire 002,E06000051,Shropshire
E01028899,Shropshire 002E,E02006016,Shropshire 002,E06000051,Shropshire
E01028935,Shropshire 024A,E02006038,Shropshire 024,E06000051,Shropshire
E01028936,Shropshire 024B,E02006038,Shropshire 024,E06000051,Shropshire
E01028937,Shropshire 024C,E02006038,Shropshire 024,E06000051,Shropshire
E01028950,Shropshire 028A,E02006040,Shropshire 028,E06000051,Shropshire
E01028960,Shropshire 028B,E02006040,Shropshire 028,E06000051,Shropshire
E01028961,Shropshire 028C,E02006040,Shropshire 028,E06000051,Shropshire
E01028980,Shropshire 028D,E02006040,Shropshire 028,E06000051,Shropshire
E01028993,Shropshire 036A,E02006043,Shropshire 036,E06000051,Shropshire
E01028995,Shropshire 039A,E02006046,Shropshire 039,E06000051,Shropshire
E01028996,Shropshire 039B,E02006046,Shropshire 039,E06000051,Shropshire
E01028999,Shropshire 039C,E02006046,Shropshire 039,E06000051,Shropshire
E01029000,Shropshire 039D,E02006046,Shropshire 039,E06000051,Shropshire
E01029001,Shropshire 039E,E02006046,Shropshire 039,E06000051,Shropshire
E01029002,Shropshire 039F,E02006046,Shropshire 039,E06000051,Shropshire
E01029013,Shropshire 036C,E02006043,Shropshire 036,E06000051,Shropshire
E01029014,Shropshire 036D,E02006043,Shropshire 036,E06000051,Shropshire
E01029345,Cannock Chase 003A,E02006120,Cannock Chase 003,E07000192,Cannock Chase
E01029346,Cannock Chase 003B,E02006120,Cannock Chase 003,E07000192,Cannock Chase
E01029347,Cannock Chase 003C,E02006120,Cannock Chase 003,E07000192,Cannock Chase
E01029348,Cannock Chase 003D,E02006120,Cannock Chase 003,E07000192,Cannock Chase
E01029349,Cannock Chase 008A,E02006125,Cannock Chase 008,E07000192,Cannock Chase
E01029350,Cannock Chase 008B,E02006125,Cannock Chase 008,E07000192,Cannock Chase
E01029351,Cannock Chase 008C,E02006125,Cannock Chase 008,E07000192,Cannock Chase
E01029352,Cannock Chase 008D,E02006125,Cannock Chase 008,E07000192,Cannock Chase
E01029353,Cannock Chase 011A,E02006128,Cannock Chase 011,E07000192,Cannock Chase
E01029354,Cannock Chase 007A,E02006124,Cannock Chase 007,E07000192,Cannock Chase
E01029355,Cannock Chase 007B,E02006124,Cannock Chase 007,E07000192,Cannock Chase
E01029356,Cannock Chase 007C,E02006124,Cannock Chase 007,E07000192,Cannock Chase
E01029357,Cannock Chase 007D,E02006124,Cannock Chase 007,E07000192,Cannock Chase
E01029358,Cannock Chase 007E,E02006124,Cannock Chase 007,E07000192,Cannock Chase
E01029359,Cannock Chase 012A,E02006129,Cannock Chase 012,E07000192,Cannock Chase
E01029360,Cannock Chase 012B,E02006129,Cannock Chase 012,E07000192,Cannock Chase
E01029361,Cannock Chase 012C,E02006129,Cannock Chase 012,E07000192,Cannock Chase
E01029362,Cannock Chase 012D,E02006129,Cannock Chase 012,E07000192,Cannock Chase
E01029363,Cannock Chase 012E,E02006129,Cannock Chase 012,E07000192,Cannock Chase
E01029364,Cannock Chase 011B,E02006128,Cannock Chase 011,E07000192,Cannock Chase
E01029365,Cannock Chase 011C,E02006128,Cannock Chase 011,E07000192,Cannock Chase
E01029366,Cannock Chase 011D,E02006128,Cannock Chase 011,E07000192,Cannock Chase
E01029367,Cannock Chase 011E,E02006128,Cannock Chase 011,E07000192,Cannock Chase
E01029368,Cannock Chase 001A,E02006118,Cannock Chase 001,E07000192,Cannock Chase
E01029369,Cannock Chase 001B,E02006118,Cannock Chase 001,E07000192,Cannock Chase
E01029370,Cannock Chase 001C,E02006118,Cannock Chase 001,E07000192,Cannock Chase
E01029371,Cannock Chase 001D,E02006118,Cannock Chase 001,E07000192,Cannock Chase
E01029372,Cannock Chase 002A,E02006119,Cannock Chase 002,E07000192,Cannock Chase
E01029373,Cannock Chase 002B,E02006119,Cannock Chase 002,E07000192,Cannock Chase
E01029374,Cannock Chase 003E,E02006120,Cannock Chase 003,E07000192,Cannock Chase
E01029375,Cannock Chase 010A,E02006127,Cannock Chase 010,E07000192,Cannock Chase
E01029376,Cannock Chase 010B,E02006127,Cannock Chase 010,E07000192,Cannock Chase
E01029377,Cannock Chase 010C,E02006127,Cannock Chase 010,E07000192,Cannock Chase
E01029378,Cannock Chase 010D,E02006127,Cannock Chase 010,E07000192,Cannock Chase
E01029379,Cannock Chase 006A,E02006123,Cannock Chase 006,E07000192,Cannock Chase
E01029380,Cannock Chase 009A,E02006126,Cannock Chase 009,E07000192,Cannock Chase
E01029381,Cannock Chase 009B,E02006126,Cannock Chase 009,E07000192,Cannock Chase
E01029382,Cannock Chase 009C,E02006126,Cannock Chase 009,E07000192,Cannock Chase
E01029383,Cannock Chase 004A,E02006121,Cannock Chase 004,E07000192,Cannock Chase
E01029385,Cannock Chase 004B,E02006121,Cannock Chase 004,E07000192,Cannock Chase
E01029386,Cannock Chase 005B,E02006122,Cannock Chase 005,E07000192,Cannock Chase
E01029387,Cannock Chase 005C,E02006122,Cannock Chase 005,E07000192,Cannock Chase
E01029388,Cannock Chase 004C,E02006121,Cannock Chase 004,E07000192,Cannock Chase
E01029389,Cannock Chase 005D,E02006122,Cannock Chase 005,E07000192,Cannock Chase
E01029390,Cannock Chase 004D,E02006121,Cannock Chase 004,E07000192,Cannock Chase
E01029391,Cannock Chase 009D,E02006126,Cannock Chase 009,E07000192,Cannock Chase
E01029392,Cannock Chase 009E,E02006126,Cannock Chase 009,E07000192,Cannock Chase
E01029393,Cannock Chase 008E,E02006125,Cannock Chase 008,E07000192,Cannock Chase
E01029394,Cannock Chase 013A,E02006130,Cannock Chase 013,E07000192,Cannock Chase
E01029395,Cannock Chase 013B,E02006130,Cannock Chase 013,E07000192,Cannock Chase
E01029396,Cannock Chase 013C,E02006130,Cannock Chase 013,E07000192,Cannock Chase
E01029397,Cannock Chase 013D,E02006130,Cannock Chase 013,E07000192,Cannock Chase
E01029398,Cannock Chase 006B,E02006123,Cannock Chase 006,E07000192,Cannock Chase
E01029399,Cannock Chase 006C,E02006123,Cannock Chase 006,E07000192,Cannock Chase
E01029400,Cannock Chase 006D,E02006123,Cannock Chase 006,E07000192,Cannock Chase
E01029401,Cannock Chase 002C,E02006119,Cannock Chase 002,E07000192,Cannock Chase
E01029402,Cannock Chase 001E,E02006118,Cannock Chase 001,E07000192,Cannock Chase
E01029403,Cannock Chase 002D,E02006119,Cannock Chase 002,E07000192,Cannock Chase
E01029404,Cannock Chase 002E,E02006119,Cannock Chase 002,E07000192,Cannock Chase
E01029405,East Staffordshire 001A,E02006131,East Staffordshire 001,E07000193,East Staffordshire
E01029406,East Staffordshire 001B,E02006131,East Staffordshire 001,E07000193,East Staffordshire
E01029407,East Staffordshire 011A,E02006141,East Staffordshire 011,E07000193,East Staffordshire
E01029408,East Staffordshire 011B,E02006141,East Staffordshire 011,E07000193,East Staffordshire
E01029409,East Staffordshire 011C,E02006141,East Staffordshire 011,E07000193,East Staffordshire
E01029410,East Staffordshire 011D,E02006141,East Staffordshire 011,E07000193,East Staffordshire
E01029411,East Staffordshire 006A,E02006136,East Staffordshire 006,E07000193,East Staffordshire
E01029412,East Staffordshire 006B,E02006136,East Staffordshire 006,E07000193,East Staffordshire
E01029413,East Staffordshire 013A,E02006143,East Staffordshire 013,E07000193,East Staffordshire
E01029414,East Staffordshire 013B,E02006143,East Staffordshire 013,E07000193,East Staffordshire
E01029415,East Staffordshire 013C,E02006143,East Staffordshire 013,E07000193,East Staffordshire
E01029416,East Staffordshire 013D,E02006143,East Staffordshire 013,E07000193,East Staffordshire
E01029417,East Staffordshire 013E,E02006143,East Staffordshire 013,E07000193,East Staffordshire
E01029418,East Staffordshire 012A,E02006142,East Staffordshire 012,E07000193,East Staffordshire
E01029419,East Staffordshire 012B,E02006142,East Staffordshire 012,E07000193,East Staffordshire
E01029420,East Staffordshire 012C,E02006142,East Staffordshire 012,E07000193,East Staffordshire
E01029422,East Staffordshire 001C,E02006131,East Staffordshire 001,E07000193,East Staffordshire
E01029423,East Staffordshire 001D,E02006131,East Staffordshire 001,E07000193,East Staffordshire
E01029424,East Staffordshire 006C,E02006136,East Staffordshire 006,E07000193,East Staffordshire
E01029425,East Staffordshire 006D,E02006136,East Staffordshire 006,E07000193,East Staffordshire
E01029426,East Staffordshire 008A,E02006138,East Staffordshire 008,E07000193,East Staffordshire
E01029427,East Staffordshire 008B,E02006138,East Staffordshire 008,E07000193,East Staffordshire
E01029428,East Staffordshire 008C,E02006138,East Staffordshire 008,E07000193,East Staffordshire
E01029429,East Staffordshire 008D,E02006138,East Staffordshire 008,E07000193,East Staffordshire
E01029430,East Staffordshire 002A,E02006132,East Staffordshire 002,E07000193,East Staffordshire
E01029431,East Staffordshire 002B,E02006132,East Staffordshire 002,E07000193,East Staffordshire
E01029432,East Staffordshire 002C,E02006132,East Staffordshire 002,E07000193,East Staffordshire
E01029433,East Staffordshire 002D,E02006132,East Staffordshire 002,E07000193,East Staffordshire
E01029434,East Staffordshire 007A,E02006137,East Staffordshire 007,E07000193,East Staffordshire
E01029435,East Staffordshire 007B,E02006137,East Staffordshire 007,E07000193,East Staffordshire
E01029436,East Staffordshire 007C,E02006137,East Staffordshire 007,E07000193,East Staffordshire
E01029437,East Staffordshire 007D,E02006137,East Staffordshire 007,E07000193,East Staffordshire
E01029438,East Staffordshire 007E,E02006137,East Staffordshire 007,E07000193,East Staffordshire
E01029439,East Staffordshire 015A,E02006145,East Staffordshire 015,E07000193,East Staffordshire
E01029440,East Staffordshire 015B,E02006145,East Staffordshire 015,E07000193,East Staffordshire
E01029441,East Staffordshire 015C,E02006145,East Staffordshire 015,E07000193,East Staffordshire
E01029442,East Staffordshire 015D,E02006145,East Staffordshire 015,E07000193,East Staffordshire
E01029443,East Staffordshire 004A,E02006134,East Staffordshire 004,E07000193,East Staffordshire
E01029444,East Staffordshire 004B,E02006134,East Staffordshire 004,E07000193,East Staffordshire
E01029445,East Staffordshire 009A,E02006139,East Staffordshire 009,E07000193,East Staffordshire
E01029446,East Staffordshire 009B,E02006139,East Staffordshire 009,E07000193,East Staffordshire
E01029447,East Staffordshire 009C,E02006139,East Staffordshire 009,E07000193,East Staffordshire
E01029448,East Staffordshire 009D,E02006139,East Staffordshire 009,E07000193,East Staffordshire
E01029449,East Staffordshire 014A,E02006144,East Staffordshire 014,E07000193,East Staffordshire
E01029450,East Staffordshire 014B,E02006144,East Staffordshire 014,E07000193,East Staffordshire
E01029451,East Staffordshire 014C,E02006144,East Staffordshire 014,E07000193,East Staffordshire
E01029452,East Staffordshire 014D,E02006144,East Staffordshire 014,E07000193,East Staffordshire
E01029453,East Staffordshire 014E,E02006144,East Staffordshire 014,E07000193,East Staffordshire
E01029454,East Staffordshire 005A,E02006135,East Staffordshire 005,E07000193,East Staffordshire
E01029455,East Staffordshire 005B,E02006135,East Staffordshire 005,E07000193,East Staffordshire
E01029456,East Staffordshire 005C,E02006135,East Staffordshire 005,E07000193,East Staffordshire
E01029457,East Staffordshire 005D,E02006135,East Staffordshire 005,E07000193,East Staffordshire
E01029458,East Staffordshire 005E,E02006135,East Staffordshire 005,E07000193,East Staffordshire
E01029459,East Staffordshire 003A,E02006133,East Staffordshire 003,E07000193,East Staffordshire
E01029460,East Staffordshire 003B,E02006133,East Staffordshire 003,E07000193,East Staffordshire
E01029461,East Staffordshire 003C,E02006133,East Staffordshire 003,E07000193,East Staffordshire
E01029462,East Staffordshire 003D,E02006133,East Staffordshire 003,E07000193,East Staffordshire
E01029463,East Staffordshire 004C,E02006134,East Staffordshire 004,E07000193,East Staffordshire
E01029464,East Staffordshire 004D,E02006134,East Staffordshire 004,E07000193,East Staffordshire
E01029465,East Staffordshire 004E,E02006134,East Staffordshire 004,E07000193,East Staffordshire
E01029466,East Staffordshire 004F,E02006134,East Staffordshire 004,E07000193,East Staffordshire
E01029467,East Staffordshire 001E,E02006131,East Staffordshire 001,E07000193,East Staffordshire
E01029468,East Staffordshire 010A,E02006140,East Staffordshire 010,E07000193,East Staffordshire
E01029469,East Staffordshire 010B,E02006140,East Staffordshire 010,E07000193,East Staffordshire
E01029470,East Staffordshire 010C,E02006140,East Staffordshire 010,E07000193,East Staffordshire
E01029471,East Staffordshire 010D,E02006140,East Staffordshire 010,E07000193,East Staffordshire
E01029472,East Staffordshire 010E,E02006140,East Staffordshire 010,E07000193,East Staffordshire
E01029473,East Staffordshire 006E,E02006136,East Staffordshire 006,E07000193,East Staffordshire
E01029474,East Staffordshire 006F,E02006136,East Staffordshire 006,E07000193,East Staffordshire
E01029475,Lichfield 009A,E02006154,Lichfield 009,E07000194,Lichfield
E01029476,Lichfield 009B,E02006154,Lichfield 009,E07000194,Lichfield
E01029477,Lichfield 002A,E02006147,Lichfield 002,E07000194,Lichfield
E01029478,Lichfield 002B,E02006147,Lichfield 002,E07000194,Lichfield
E01029480,Lichfield 001A,E02006146,Lichfield 001,E07000194,Lichfield
E01029482,Lichfield 001C,E02006146,Lichfield 001,E07000194,Lichfield
E01029483,Lichfield 005A,E02006150,Lichfield 005,E07000194,Lichfield
E01029484,Lichfield 005B,E02006150,Lichfield 005,E07000194,Lichfield
E01029485,Lichfield 005C,E02006150,Lichfield 005,E07000194,Lichfield
E01029486,Lichfield 003A,E02006148,Lichfield 003,E07000194,Lichfield
E01029487,Lichfield 006A,E02006151,Lichfield 006,E07000194,Lichfield
E01029488,Lichfield 012A,E02006157,Lichfield 012,E07000194,Lichfield
E01029489,Lichfield 009C,E02006154,Lichfield 009,E07000194,Lichfield
E01029490,Lichfield 009D,E02006154,Lichfield 009,E07000194,Lichfield
E01029491,Lichfield 007A,E02006152,Lichfield 007,E07000194,Lichfield
E01029492,Lichfield 004A,E02006149,Lichfield 004,E07000194,Lichfield
E01029493,Lichfield 006B,E02006151,Lichfield 006,E07000194,Lichfield
E01029494,Lichfield 006C,E02006151,Lichfield 006,E07000194,Lichfield
E01029495,Lichfield 006D,E02006151,Lichfield 006,E07000194,Lichfield
E01029496,Lichfield 010A,E02006155,Lichfield 010,E07000194,Lichfield
E01029498,Lichfield 001D,E02006146,Lichfield 001,E07000194,Lichfield
E01029499,Lichfield 004B,E02006149,Lichfield 004,E07000194,Lichfield
E01029500,Lichfield 005D,E02006150,Lichfield 005,E07000194,Lichfield
E01029501,Lichfield 004C,E02006149,Lichfield 004,E07000194,Lichfield
E01029502,Lichfield 012B,E02006157,Lichfield 012,E07000194,Lichfield
E01029503,Lichfield 012C,E02006157,Lichfield 012,E07000194,Lichfield
E01029504,Lichfield 012D,E02006157,Lichfield 012,E07000194,Lichfield
E01029505,Lichfield 009E,E02006154,Lichfield 009,E07000194,Lichfield
E01029506,Lichfield 009F,E02006154,Lichfield 009,E07000194,Lichfield
E01029507,Lichfield 003B,E02006148,Lichfield 003,E07000194,Lichfield
E01029508,Lichfield 003C,E02006148,Lichfield 003,E07000194,Lichfield
E01029509,Lichfield 002D,E02006147,Lichfield 002,E07000194,Lichfield
E01029511,Lichfield 007B,E02006152,Lichfield 007,E07000194,Lichfield
E01029512,Lichfield 007C,E02006152,Lichfield 007,E07000194,Lichfield
E01029513,Lichfield 011A,E02006156,Lichfield 011,E07000194,Lichfield
E01029514,Lichfield 011B,E02006156,Lichfield 011,E07000194,Lichfield
E01029515,Lichfield 003D,E02006148,Lichfield 003,E07000194,Lichfield
E01029516,Lichfield 008A,E02006153,Lichfield 008,E07000194,Lichfield
E01029517,Lichfield 008B,E02006153,Lichfield 008,E07000194,Lichfield
E01029518,Lichfield 007D,E02006152,Lichfield 007,E07000194,Lichfield
E01029519,Lichfield 007E,E02006152,Lichfield 007,E07000194,Lichfield
E01029520,Lichfield 005E,E02006150,Lichfield 005,E07000194,Lichfield
E01029521,Lichfield 011C,E02006156,Lichfield 011,E07000194,Lichfield
E01029522,Lichfield 011D,E02006156,Lichfield 011,E07000194,Lichfield
E01029523,Lichfield 011E,E02006156,Lichfield 011,E07000194,Lichfield
E01029524,Lichfield 005F,E02006150,Lichfield 005,E07000194,Lichfield
E01029525,Lichfield 005G,E02006150,Lichfield 005,E07000194,Lichfield
E01029526,Lichfield 004E,E02006149,Lichfield 004,E07000194,Lichfield
E01029527,Lichfield 010B,E02006155,Lichfield 010,E07000194,Lichfield
E01029528,Lichfield 010C,E02006155,Lichfield 010,E07000194,Lichfield
E01029529,Lichfield 010D,E02006155,Lichfield 010,E07000194,Lichfield
E01029531,Lichfield 008D,E02006153,Lichfield 008,E07000194,Lichfield
E01029569,Newcastle-under-Lyme 016A,E02006173,Newcastle-under-Lyme 016,E07000195,Newcastle-under-Lyme
E01029570,Newcastle-under-Lyme 016B,E02006173,Newcastle-under-Lyme 016,E07000195,Newcastle-under-Lyme
E01029571,Newcastle-under-Lyme 016C,E02006173,Newcastle-under-Lyme 016,E07000195,Newcastle-under-Lyme
E01029572,Newcastle-under-Lyme 016D,E02006173,Newcastle-under-Lyme 016,E07000195,Newcastle-under-Lyme
E01029613,South Staffordshire 008A,E02006181,South Staffordshire 008,E07000196,South Staffordshire
E01029614,South Staffordshire 008B,E02006181,South Staffordshire 008,E07000196,South Staffordshire
E01029615,South Staffordshire 008C,E02006181,South Staffordshire 008,E07000196,South Staffordshire
E01029616,South Staffordshire 006A,E02006179,South Staffordshire 006,E07000196,South Staffordshire
E01029617,South Staffordshire 003A,E02006176,South Staffordshire 003,E07000196,South Staffordshire
E01029618,South Staffordshire 003B,E02006176,South Staffordshire 003,E07000196,South Staffordshire
E01029619,South Staffordshire 006B,E02006179,South Staffordshire 006,E07000196,South Staffordshire
E01029620,South Staffordshire 004A,E02006177,South Staffordshire 004,E07000196,South Staffordshire
E01029621,South Staffordshire 002A,E02006175,South Staffordshire 002,E07000196,South Staffordshire
E01029622,South Staffordshire 004B,E02006177,South Staffordshire 004,E07000196,South Staffordshire
E01029623,South Staffordshire 004C,E02006177,South Staffordshire 004,E07000196,South Staffordshire
E01029624,South Staffordshire 004D,E02006177,South Staffordshire 004,E07000196,South Staffordshire
E01029625,South Staffordshire 004E,E02006177,South Staffordshire 004,E07000196,South Staffordshire
E01029626,South Staffordshire 009A,E02006182,South Staffordshire 009,E07000196,South Staffordshire
E01029627,South Staffordshire 008D,E02006181,South Staffordshire 008,E07000196,South Staffordshire
E01029628,South Staffordshire 009B,E02006182,South Staffordshire 009,E07000196,South Staffordshire
E01029629,South Staffordshire 009C,E02006182,South Staffordshire 009,E07000196,South Staffordshire
E01029630,South Staffordshire 009D,E02006182,South Staffordshire 009,E07000196,South Staffordshire
E01029631,South Staffordshire 009E,E02006182,South Staffordshire 009,E07000196,South Staffordshire
E01029632,South Staffordshire 007A,E02006180,South Staffordshire 007,E07000196,South Staffordshire
E01029633,South Staffordshire 007B,E02006180,South Staffordshire 007,E07000196,South Staffordshire
E01029634,South Staffordshire 007C,E02006180,South Staffordshire 007,E07000196,South Staffordshire
E01029635,South Staffordshire 007D,E02006180,South Staffordshire 007,E07000196,South Staffordshire
E01029636,South Staffordshire 006C,E02006179,South Staffordshire 006,E07000196,South Staffordshire
E01029637,South Staffordshire 006D,E02006179,South Staffordshire 006,E07000196,South Staffordshire
E01029638,South Staffordshire 005A,E02006178,South Staffordshire 005,E07000196,South Staffordshire
E01029639,South Staffordshire 005B,E02006178,South Staffordshire 005,E07000196,South Staffordshire
E01029640,South Staffordshire 005C,E02006178,South Staffordshire 005,E07000196,South Staffordshire
E01029641,South Staffordshire 004F,E02006177,South Staffordshire 004,E07000196,South Staffordshire
E01029642,South Staffordshire 004G,E02006177,South Staffordshire 004,E07000196,South Staffordshire
E01029643,South Staffordshire 005D,E02006178,South Staffordshire 005,E07000196,South Staffordshire
E01029644,South Staffordshire 005E,E02006178,South Staffordshire 005,E07000196,South Staffordshire
E01029645,South Staffordshire 013A,E02006186,South Staffordshire 013,E07000196,South Staffordshire
E01029646,South Staffordshire 002B,E02006175,South Staffordshire 002,E07000196,South Staffordshire
E01029647,South Staffordshire 002C,E02006175,South Staffordshire 002,E07000196,South Staffordshire
E01029648,South Staffordshire 002D,E02006175,South Staffordshire 002,E07000196,South Staffordshire
E01029649,South Staffordshire 014A,E02006187,South Staffordshire 014,E07000196,South Staffordshire
E01029650,South Staffordshire 014B,E02006187,South Staffordshire 014,E07000196,South Staffordshire
E01029651,South Staffordshire 014C,E02006187,South Staffordshire 014,E07000196,South Staffordshire
E01029652,South Staffordshire 014D,E02006187,South Staffordshire 014,E07000196,South Staffordshire
E01029653,South Staffordshire 014E,E02006187,South Staffordshire 014,E07000196,South Staffordshire
E01029655,South Staffordshire 001A,E02006174,South Staffordshire 001,E07000196,South Staffordshire
E01029656,South Staffordshire 001B,E02006174,South Staffordshire 001,E07000196,South Staffordshire
E01029657,South Staffordshire 001C,E02006174,South Staffordshire 001,E07000196,South Staffordshire
E01029658,South Staffordshire 001D,E02006174,South Staffordshire 001,E07000196,South Staffordshire
E01029659,South Staffordshire 001E,E02006174,South Staffordshire 001,E07000196,South Staffordshire
E01029660,South Staffordshire 001F,E02006174,South Staffordshire 001,E07000196,South Staffordshire
E01029667,South Staffordshire 013B,E02006186,South Staffordshire 013,E07000196,South Staffordshire
E01029668,South Staffordshire 003C,E02006176,South Staffordshire 003,E07000196,South Staffordshire
E01029669,South Staffordshire 003D,E02006176,South Staffordshire 003,E07000196,South Staffordshire
E01029670,South Staffordshire 003E,E02006176,South Staffordshire 003,E07000196,South Staffordshire
E01029671,South Staffordshire 012A,E02006185,South Staffordshire 012,E07000196,South Staffordshire
E01029672,South Staffordshire 013C,E02006186,South Staffordshire 013,E07000196,South Staffordshire
E01029673,South Staffordshire 012B,E02006185,South Staffordshire 012,E07000196,South Staffordshire
E01029674,South Staffordshire 013D,E02006186,South Staffordshire 013,E07000196,South Staffordshire
E01029675,South Staffordshire 013E,E02006186,South Staffordshire 013,E07000196,South Staffordshire
E01029676,South Staffordshire 012C,E02006185,South Staffordshire 012,E07000196,South Staffordshire
E01029677,South Staffordshire 013F,E02006186,South Staffordshire 013,E07000196,South Staffordshire
E01029678,South Staffordshire 013G,E02006186,South Staffordshire 013,E07000196,South Staffordshire
E01029679,South Staffordshire 012D,E02006185,South Staffordshire 012,E07000196,South Staffordshire
E01029680,South Staffordshire 012E,E02006185,South Staffordshire 012,E07000196,South Staffordshire
E01029681,Stafford 002A,E02006189,Stafford 002,E07000197,Stafford
E01029682,Stafford 002B,E02006189,Stafford 002,E07000197,Stafford
E01029683,Stafford 002C,E02006189,Stafford 002,E07000197,Stafford
E01029695,Stafford 005A,E02006192,Stafford 005,E07000197,Stafford
E01029696,Stafford 005B,E02006192,Stafford 005,E07000197,Stafford
E01029697,Stafford 005C,E02006192,Stafford 005,E07000197,Stafford
E01029698,Stafford 005D,E02006192,Stafford 005,E07000197,Stafford
E01029733,Stafford 004A,E02006191,Stafford 004,E07000197,Stafford
E01029739,Stafford 004B,E02006191,Stafford 004,E07000197,Stafford
E01029740,Stafford 003A,E02006190,Stafford 003,E07000197,Stafford
E01029741,Stafford 004C,E02006191,Stafford 004,E07000197,Stafford
E01029744,Stafford 003B,E02006190,Stafford 003,E07000197,Stafford
E01029745,Stafford 003C,E02006190,Stafford 003,E07000197,Stafford
E01029746,Stafford 003D,E02006190,Stafford 003,E07000197,Stafford
E01029747,Stafford 005E,E02006192,Stafford 005,E07000197,Stafford
E01029748,Stafford 002D,E02006189,Stafford 002,E07000197,Stafford
E01029749,Stafford 002E,E02006189,Stafford 002,E07000197,Stafford
E01029753,Stafford 003E,E02006190,Stafford 003,E07000197,Stafford
E01029754,Stafford 004D,E02006191,Stafford 004,E07000197,Stafford
E01029755,Stafford 004E,E02006191,Stafford 004,E07000197,Stafford
E01029756,Stafford 003F,E02006190,Stafford 003,E07000197,Stafford
E01032896,East Staffordshire 011F,E02006141,East Staffordshire 011,E07000193,East Staffordshire
E01032897,East Staffordshire 011G,E02006141,East Staffordshire 011,E07000193,East Staffordshire
E01032898,East Staffordshire 011H,E02006141,East Staffordshire 011,E07000193,East Staffordshire
E01032899,Lichfield 004F,E02006149,Lichfield 004,E07000194,Lichfield
E01032900,Lichfield 004G,E02006149,Lichfield 004,E07000194,Lichfield
E01033102,North West Leicestershire 011E,E02005407,North West Leicestershire 011,E07000134,North West Leicestershire
E01033103,North West Leicestershire 011F,E02005407,North West Leicestershire 011,E07000134,North West Leicestershire
E01034097,Cannock Chase 005E,E02006122,Cannock Chase 005,E07000192,Cannock Chase
E01034098,Cannock Chase 005F,E02006122,Cannock Chase 005,E07000192,Cannock Chase
E01034099,Lichfield 001E,E02006146,Lichfield 001,E07000194,Lichfield
E01034100,Lichfield 001F,E02006146,Lichfield 001,E07000194,Lichfield
E01034101,Lichfield 002E,E02006147,Lichfield 002,E07000194,Lichfield
E01034102,Lichfield 002F,E02006147,Lichfield 002,E07000194,Lichfield
E01034103,Lichfield 006F,E02006151,Lichfield 006,E07000194,Lichfield
E01034104,Lichfield 006G,E02006151,Lichfield 006,E07000194,Lichfield
E01034105,Lichfield 008E,E02006153,Lichfield 008,E07000194,Lichfield
E01034106,Lichfield 008F,E02006153,Lichfield 008,E07000194,Lichfield
E01035057,Shropshire 009E,E02006020,Shropshire 009,E06000051,Shropshire
E01035058,Shropshire 009F,E02006020,Shropshire 009,E06000051,Shropshire
E01035067,Shropshire 024E,E02006038,Shropshire 024,E06000051,Shropshire
E01035068,Shropshire 024F,E02006038,Shropshire 024,E06000051,Shropshire
E01035069,Shropshire 025F,E02006008,Shropshire 025,E06000051,Shropshire
E01035070,Shropshire 025G,E02006008,Shropshire 025,E06000051,Shropshire
E01035072,Shropshire 036F,E02006043,Shropshire 036,E06000051,Shropshire
E01035094,Hinckley and Bosworth 001F,E02005377,Hinckley and Bosworth 001,E07000132,Hinckley and Bosworth
E01035095,Hinckley and Bosworth 001G,E02005377,Hinckley and Bosworth 001,E07000132,Hinckley and Bosworth
E01035096,Hinckley and Bosworth 011F,E02005387,Hinckley and Bosworth 011,E07000132,Hinckley and Bosworth
E01035097,Hinckley and Bosworth 011G,E02005387,Hinckley and Bosworth 011,E07000132,Hinckley and Bosworth
E01035098,North West Leicestershire 001F,E02005397,North West Leicestershire 001,E07000134,North West Leicestershire
E01035099,North West Leicestershire 001G,E02005397,North West Leicestershire 001,E07000134,North West Leicestershire
E01035100,North West Leicestershire 003E,E02005399,North West Leicestershire 003,E07000134,North West Leicestershire
E01035101,North West Leicestershire 003F,E02005399,North West Leicestershire 003,E07000134,North West Leicestershire
E01029684,Stafford 014A,E02006201,Stafford 014,E07000197,Stafford
E01029685,Stafford 014B,E02006201,Stafford 014,E07000197,Stafford
E01029686,Stafford 011A,E02006198,Stafford 011,E07000197,Stafford
E01029687,Stafford 008A,E02006195,Stafford 008,E07000197,Stafford
E01029688,Stafford 015A,E02006202,Stafford 015,E07000197,Stafford
E01029689,Stafford 010A,E02006197,Stafford 010,E07000197,Stafford
E01029690,Stafford 006A,E02006193,Stafford 006,E07000197,Stafford
E01029691,Stafford 010B,E02006197,Stafford 010,E07000197,Stafford
E01029692,Stafford 009A,E02006196,Stafford 009,E07000197,Stafford
E01029693,Stafford 009B,E02006196,Stafford 009,E07000197,Stafford
E01029694,Stafford 010C,E02006197,Stafford 010,E07000197,Stafford
E01029699,Stafford 010D,E02006197,Stafford 010,E07000197,Stafford
E01029700,Stafford 011B,E02006198,Stafford 011,E07000197,Stafford
E01029706,Stafford 015B,E02006202,Stafford 015,E07000197,Stafford
E01029707,Stafford 015C,E02006202,Stafford 015,E07000197,Stafford
E01029708,Stafford 015D,E02006202,Stafford 015,E07000197,Stafford
E01029709,Stafford 015E,E02006202,Stafford 015,E07000197,Stafford
E01029710,Stafford 008B,E02006195,Stafford 008,E07000197,Stafford
E01029711,Stafford 008C,E02006195,Stafford 008,E07000197,Stafford
E01029712,Stafford 008D,E02006195,Stafford 008,E07000197,Stafford
E01029713,Stafford 008E,E02006195,Stafford 008,E07000197,Stafford
E01029714,Stafford 012A,E02006199,Stafford 012,E07000197,Stafford
E01029715,Stafford 013A,E02006200,Stafford 013,E07000197,Stafford
E01029716,Stafford 013B,E02006200,Stafford 013,E07000197,Stafford
E01029717,Stafford 013C,E02006200,Stafford 013,E07000197,Stafford
E01029718,Stafford 006B,E02006193,Stafford 006,E07000197,Stafford
E01029719,Stafford 007A,E02006194,Stafford 007,E07000197,Stafford
E01029720,Stafford 007B,E02006194,Stafford 007,E07000197,Stafford
E01029721,Stafford 007C,E02006194,Stafford 007,E07000197,Stafford
E01029722,Stafford 009C,E02006196,Stafford 009,E07000197,Stafford
E01029723,Stafford 011C,E02006198,Stafford 011,E07000197,Stafford
E01029724,Stafford 011D,E02006198,Stafford 011,E07000197,Stafford
E01029725,Stafford 009D,E02006196,Stafford 009,E07000197,Stafford
E01029726,Stafford 016A,E02006203,Stafford 016,E07000197,Stafford
E01029727,Stafford 013D,E02006200,Stafford 013,E07000197,Stafford
E01029728,Stafford 013E,E02006200,Stafford 013,E07000197,Stafford
E01029729,Stafford 016B,E02006203,Stafford 016,E07000197,Stafford
E01029734,Stafford 016C,E02006203,Stafford 016,E07000197,Stafford
E01029735,Stafford 016D,E02006203,Stafford 016,E07000197,Stafford
E01029736,Stafford 012B,E02006199,Stafford 012,E07000197,Stafford
E01029737,Stafford 012C,E02006199,Stafford 012,E07000197,Stafford
E01029738,Stafford 012D,E02006199,Stafford 012,E07000197,Stafford
E01029742,Stafford 012E,E02006199,Stafford 012,E07000197,Stafford
E01029743,Stafford 006C,E02006193,Stafford 006,E07000197,Stafford
E01029750,Stafford 007D,E02006194,Stafford 007,E07000197,Stafford
E01029751,Stafford 006D,E02006193,Stafford 006,E07000197,Stafford
E01029752,Stafford 007E,E02006194,Stafford 007,E07000197,Stafford
E01029757,Stafford 014E,E02006201,Stafford 014,E07000197,Stafford
E01029758,Stafford 014F,E02006201,Stafford 014,E07000197,Stafford
E01029759,Stafford 014G,E02006201,Stafford 014,E07000197,Stafford
E01029760,Stafford 014H,E02006201,Stafford 014,E07000197,Stafford
E01029820,Tamworth 003A,E02006219,Tamworth 003,E07000199,Tamworth
E01029821,Tamworth 003B,E02006219,Tamworth 003,E07000199,Tamworth
E01029822,Tamworth 003C,E02006219,Tamworth 003,E07000199,Tamworth
E01029823,Tamworth 004A,E02006220,Tamworth 004,E07000199,Tamworth
E01029824,Tamworth 003D,E02006219,Tamworth 003,E07000199,Tamworth
E01029825,Tamworth 006A,E02006222,Tamworth 006,E07000199,Tamworth
E01029826,Tamworth 006B,E02006222,Tamworth 006,E07000199,Tamworth
E01029827,Tamworth 006C,E02006222,Tamworth 006,E07000199,Tamworth
E01029828,Tamworth 006D,E02006222,Tamworth 006,E07000199,Tamworth
E01029829,Tamworth 010A,E02006226,Tamworth 010,E07000199,Tamworth
E01029830,Tamworth 006E,E02006222,Tamworth 006,E07000199,Tamworth
E01029831,Tamworth 004B,E02006220,Tamworth 004,E07000199,Tamworth
E01029832,Tamworth 004C,E02006220,Tamworth 004,E07000199,Tamworth
E01029833,Tamworth 005A,E02006221,Tamworth 005,E07000199,Tamworth
E01029834,Tamworth 004D,E02006220,Tamworth 004,E07000199,Tamworth
E01029835,Tamworth 002A,E02006218,Tamworth 002,E07000199,Tamworth
E01029836,Tamworth 002B,E02006218,Tamworth 002,E07000199,Tamworth
E01029837,Tamworth 005B,E02006221,Tamworth 005,E07000199,Tamworth
E01029838,Tamworth 005C,E02006221,Tamworth 005,E07000199,Tamworth
E01029839,Tamworth 005D,E02006221,Tamworth 005,E07000199,Tamworth
E01029840,Tamworth 007A,E02006223,Tamworth 007,E07000199,Tamworth
E01029841,Tamworth 003E,E02006219,Tamworth 003,E07000199,Tamworth
E01029842,Tamworth 007B,E02006223,Tamworth 007,E07000199,Tamworth
E01029843,Tamworth 007C,E02006223,Tamworth 007,E07000199,Tamworth
E01029844,Tamworth 004E,E02006220,Tamworth 004,E07000199,Tamworth
E01029845,Tamworth 007D,E02006223,Tamworth 007,E07000199,Tamworth
E01029846,Tamworth 001A,E02006217,Tamworth 001,E07000199,Tamworth
E01029847,Tamworth 001B,E02006217,Tamworth 001,E07000199,Tamworth
E01029848,Tamworth 001C,E02006217,Tamworth 001,E07000199,Tamworth
E01029849,Tamworth 002C,E02006218,Tamworth 002,E07000199,Tamworth
E01029850,Tamworth 002D,E02006218,Tamworth 002,E07000199,Tamworth
E01029851,Tamworth 002E,E02006218,Tamworth 002,E07000199,Tamworth
E01029852,Tamworth 001D,E02006217,Tamworth 001,E07000199,Tamworth
E01029853,Tamworth 001E,E02006217,Tamworth 001,E07000199,Tamworth
E01029854,Tamworth 001F,E02006217,Tamworth 001,E07000199,Tamworth
E01029855,Tamworth 008A,E02006224,Tamworth 008,E07000199,Tamworth
E01029856,Tamworth 008B,E02006224,Tamworth 008,E07000199,Tamworth
E01029857,Tamworth 008C,E02006224,Tamworth 008,E07000199,Tamworth
E01029858,Tamworth 008D,E02006224,Tamworth 008,E07000199,Tamworth
E01029859,Tamworth 007E,E02006223,Tamworth 007,E07000199,Tamworth
E01029860,Tamworth 009A,E02006225,Tamworth 009,E07000199,Tamworth
E01029861,Tamworth 009B,E02006225,Tamworth 009,E07000199,Tamworth
E01029862,Tamworth 009C,E02006225,Tamworth 009,E07000199,Tamworth
E01029863,Tamworth 009D,E02006225,Tamworth 009,E07000199,Tamworth
E01029864,Tamworth 009E,E02006225,Tamworth 009,E07000199,Tamworth
E01029865,Tamworth 008E,E02006224,Tamworth 008,E07000199,Tamworth
E01029867,Tamworth 010C,E02006226,Tamworth 010,E07000199,Tamworth
E01029868,Tamworth 010D,E02006226,Tamworth 010,E07000199,Tamworth
E01029869,Tamworth 010E,E02006226,Tamworth 010,E07000199,Tamworth
E01031005,North Warwickshire 005A,E02006472,North Warwickshire 005,E07000218,North Warwickshire
E01031006,North Warwickshire 007A,E02006474,North Warwickshire 007,E07000218,North Warwickshire
E01031007,North Warwickshire 007B,E02006474,North Warwickshire 007,E07000218,North Warwickshire
E01031008,North Warwickshire 005B,E02006472,North Warwickshire 005,E07000218,North Warwickshire
E01031009,North Warwickshire 003A,E02006470,North Warwickshire 003,E07000218,North Warwickshire
E01031010,North Warwickshire 003B,E02006470,North Warwickshire 003,E07000218,North Warwickshire
E01031011,North Warwickshire 003C,E02006470,North Warwickshire 003,E07000218,North Warwickshire
E01031012,North Warwickshire 003D,E02006470,North Warwickshire 003,E07000218,North Warwickshire
E01031013,North Warwickshire 003E,E02006470,North Warwickshire 003,E07000218,North Warwickshire
E01031014,North Warwickshire 003F,E02006470,North Warwickshire 003,E07000218,North Warwickshire
E01031015,North Warwickshire 003G,E02006470,North Warwickshire 003,E07000218,North Warwickshire
E01031016,North Warwickshire 002A,E02006469,North Warwickshire 002,E07000218,North Warwickshire
E01031017,North Warwickshire 005C,E02006472,North Warwickshire 005,E07000218,North Warwickshire
E01031018,North Warwickshire 005D,E02006472,North Warwickshire 005,E07000218,North Warwickshire
E01031019,North Warwickshire 006A,E02006473,North Warwickshire 006,E07000218,North Warwickshire
E01031020,North Warwickshire 006B,E02006473,North Warwickshire 006,E07000218,North Warwickshire
E01031021,North Warwickshire 006C,E02006473,North Warwickshire 006,E07000218,North Warwickshire
E01031022,North Warwickshire 006D,E02006473,North Warwickshire 006,E07000218,North Warwickshire
E01031023,North Warwickshire 004A,E02006471,North Warwickshire 004,E07000218,North Warwickshire
E01031024,North Warwickshire 004B,E02006471,North Warwickshire 004,E07000218,North Warwickshire
E01031025,North Warwickshire 002B,E02006469,North Warwickshire 002,E07000218,North Warwickshire
E01031026,North Warwickshire 002C,E02006469,North Warwickshire 002,E07000218,North Warwickshire
E01031027,North Warwickshire 007C,E02006474,North Warwickshire 007,E07000218,North Warwickshire
E01031028,North Warwickshire 007D,E02006474,North Warwickshire 007,E07000218,North Warwickshire
E01031029,North Warwickshire 005E,E02006472,North Warwickshire 005,E07000218,North Warwickshire
E01031030,North Warwickshire 005F,E02006472,North Warwickshire 005,E07000218,North Warwickshire
E01031031,North Warwickshire 002D,E02006469,North Warwickshire 002,E07000218,North Warwickshire
E01031032,North Warwickshire 002E,E02006469,North Warwickshire 002,E07000218,North Warwickshire
E01031033,North Warwickshire 004C,E02006471,North Warwickshire 004,E07000218,North Warwickshire
E01031034,North Warwickshire 004D,E02006471,North Warwickshire 004,E07000218,North Warwickshire
E01031035,North Warwickshire 001A,E02006468,North Warwickshire 001,E07000218,North Warwickshire
E01031036,North Warwickshire 001B,E02006468,North Warwickshire 001,E07000218,North Warwickshire
E01031037,North Warwickshire 001C,E02006468,North Warwickshire 001,E07000218,North Warwickshire
E01031038,North Warwickshire 001D,E02006468,North Warwickshire 001,E07000218,North Warwickshire
E01031039,North Warwickshire 001E,E02006468,North Warwickshire 001,E07000218,North Warwickshire
E01031040,North Warwickshire 001F,E02006468,North Warwickshire 001,E07000218,North Warwickshire
E01031041,North Warwickshire 006E,E02006473,North Warwickshire 006,E07000218,North Warwickshire
E01031042,North Warwickshire 006F,E02006473,North Warwickshire 006,E07000218,North Warwickshire
E01031043,Nuneaton and Bedworth 005A,E02006479,Nuneaton and Bedworth 005,E07000219,Nuneaton and Bedworth
E01031044,Nuneaton and Bedworth 005B,E02006479,Nuneaton and Bedworth 005,E07000219,Nuneaton and Bedworth
E01031045,Nuneaton and Bedworth 005C,E02006479,Nuneaton and Bedworth 005,E07000219,Nuneaton and Bedworth
E01031046,Nuneaton and Bedworth 005D,E02006479,Nuneaton and Bedworth 005,E07000219,Nuneaton and Bedworth
E01031047,Nuneaton and Bedworth 005E,E02006479,Nuneaton and Bedworth 005,E07000219,Nuneaton and Bedworth
E01031048,Nuneaton and Bedworth 008A,E02006482,Nuneaton and Bedworth 008,E07000219,Nuneaton and Bedworth
E01031049,Nuneaton and Bedworth 008B,E02006482,Nuneaton and Bedworth 008,E07000219,Nuneaton and Bedworth
E01031050,Nuneaton and Bedworth 008C,E02006482,Nuneaton and Bedworth 008,E07000219,Nuneaton and Bedworth
E01031051,Nuneaton and Bedworth 008D,E02006482,Nuneaton and Bedworth 008,E07000219,Nuneaton and Bedworth
E01031052,Nuneaton and Bedworth 010A,E02006484,Nuneaton and Bedworth 010,E07000219,Nuneaton and Bedworth
E01031053,Nuneaton and Bedworth 010B,E02006484,Nuneaton and Bedworth 010,E07000219,Nuneaton and Bedworth
E01031054,Nuneaton and Bedworth 010C,E02006484,Nuneaton and Bedworth 010,E07000219,Nuneaton and Bedworth
E01031055,Nuneaton and Bedworth 010D,E02006484,Nuneaton and Bedworth 010,E07000219,Nuneaton and Bedworth
E01031056,Nuneaton and Bedworth 010E,E02006484,Nuneaton and Bedworth 010,E07000219,Nuneaton and Bedworth
E01031057,Nuneaton and Bedworth 006A,E02006480,Nuneaton and Bedworth 006,E07000219,Nuneaton and Bedworth
E01031058,Nuneaton and Bedworth 006B,E02006480,Nuneaton and Bedworth 006,E07000219,Nuneaton and Bedworth
E01031059,Nuneaton and Bedworth 006C,E02006480,Nuneaton and Bedworth 006,E07000219,Nuneaton and Bedworth
E01031060,Nuneaton and Bedworth 006D,E02006480,Nuneaton and Bedworth 006,E07000219,Nuneaton and Bedworth
E01031061,Nuneaton and Bedworth 006E,E02006480,Nuneaton and Bedworth 006,E07000219,Nuneaton and Bedworth
E01031062,Nuneaton and Bedworth 013A,E02006487,Nuneaton and Bedworth 013,E07000219,Nuneaton and Bedworth
E01031063,Nuneaton and Bedworth 013B,E02006487,Nuneaton and Bedworth 013,E07000219,Nuneaton and Bedworth
E01031064,Nuneaton and Bedworth 013C,E02006487,Nuneaton and Bedworth 013,E07000219,Nuneaton and Bedworth
E01031065,Nuneaton and Bedworth 013D,E02006487,Nuneaton and Bedworth 013,E07000219,Nuneaton and Bedworth
E01031066,Nuneaton and Bedworth 013E,E02006487,Nuneaton and Bedworth 013,E07000219,Nuneaton and Bedworth
E01031067,Nuneaton and Bedworth 014A,E02006488,Nuneaton and Bedworth 014,E07000219,Nuneaton and Bedworth
E01031068,Nuneaton and Bedworth 014B,E02006488,Nuneaton and Bedworth 014,E07000219,Nuneaton and Bedworth
E01031069,Nuneaton and Bedworth 014C,E02006488,Nuneaton and Bedworth 014,E07000219,Nuneaton and Bedworth
E01031070,Nuneaton and Bedworth 014D,E02006488,Nuneaton and Bedworth 014,E07000219,Nuneaton and Bedworth
E01031073,Nuneaton and Bedworth 002C,E02006476,Nuneaton and Bedworth 002,E07000219,Nuneaton and Bedworth
E01031074,Nuneaton and Bedworth 002D,E02006476,Nuneaton and Bedworth 002,E07000219,Nuneaton and Bedworth
E01031075,Nuneaton and Bedworth 002E,E02006476,Nuneaton and Bedworth 002,E07000219,Nuneaton and Bedworth
E01031081,Nuneaton and Bedworth 004A,E02006478,Nuneaton and Bedworth 004,E07000219,Nuneaton and Bedworth
E01031082,Nuneaton and Bedworth 004B,E02006478,Nuneaton and Bedworth 004,E07000219,Nuneaton and Bedworth
E01031083,Nuneaton and Bedworth 004C,E02006478,Nuneaton and Bedworth 004,E07000219,Nuneaton and Bedworth
E01031084,Nuneaton and Bedworth 004D,E02006478,Nuneaton and Bedworth 004,E07000219,Nuneaton and Bedworth
E01031085,Nuneaton and Bedworth 004E,E02006478,Nuneaton and Bedworth 004,E07000219,Nuneaton and Bedworth
E01031086,Nuneaton and Bedworth 016A,E02006490,Nuneaton and Bedworth 016,E07000219,Nuneaton and Bedworth
E01031087,Nuneaton and Bedworth 016B,E02006490,Nuneaton and Bedworth 016,E07000219,Nuneaton and Bedworth
E01031088,Nuneaton and Bedworth 016C,E02006490,Nuneaton and Bedworth 016,E07000219,Nuneaton and Bedworth
E01031089,Nuneaton and Bedworth 016D,E02006490,Nuneaton and Bedworth 016,E07000219,Nuneaton and Bedworth
E01031090,Nuneaton and Bedworth 007A,E02006481,Nuneaton and Bedworth 007,E07000219,Nuneaton and Bedworth
E01031091,Nuneaton and Bedworth 007B,E02006481,Nuneaton and Bedworth 007,E07000219,Nuneaton and Bedworth
E01031092,Nuneaton and Bedworth 007C,E02006481,Nuneaton and Bedworth 007,E07000219,Nuneaton and Bedworth
E01031093,Nuneaton and Bedworth 007D,E02006481,Nuneaton and Bedworth 007,E07000219,Nuneaton and Bedworth
E01031094,Nuneaton and Bedworth 007E,E02006481,Nuneaton and Bedworth 007,E07000219,Nuneaton and Bedworth
E01031095,Nuneaton and Bedworth 015A,E02006489,Nuneaton and Bedworth 015,E07000219,Nuneaton and Bedworth
E01031096,Nuneaton and Bedworth 015B,E02006489,Nuneaton and Bedworth 015,E07000219,Nuneaton and Bedworth
E01031097,Nuneaton and Bedworth 015C,E02006489,Nuneaton and Bedworth 015,E07000219,Nuneaton and Bedworth
E01031098,Nuneaton and Bedworth 015D,E02006489,Nuneaton and Bedworth 015,E07000219,Nuneaton and Bedworth
E01031099,Nuneaton and Bedworth 015E,E02006489,Nuneaton and Bedworth 015,E07000219,Nuneaton and Bedworth
E01031100,Nuneaton and Bedworth 003A,E02006477,Nuneaton and Bedworth 003,E07000219,Nuneaton and Bedworth
E01031101,Nuneaton and Bedworth 003B,E02006477,Nuneaton and Bedworth 003,E07000219,Nuneaton and Bedworth
E01031102,Nuneaton and Bedworth 003C,E02006477,Nuneaton and Bedworth 003,E07000219,Nuneaton and Bedworth
E01031104,Nuneaton and Bedworth 003E,E02006477,Nuneaton and Bedworth 003,E07000219,Nuneaton and Bedworth
E01031105,Nuneaton and Bedworth 012A,E02006486,Nuneaton and Bedworth 012,E07000219,Nuneaton and Bedworth
E01031106,Nuneaton and Bedworth 012B,E02006486,Nuneaton and Bedworth 012,E07000219,Nuneaton and Bedworth
E01031107,Nuneaton and Bedworth 012C,E02006486,Nuneaton and Bedworth 012,E07000219,Nuneaton and Bedworth
E01031108,Nuneaton and Bedworth 012D,E02006486,Nuneaton and Bedworth 012,E07000219,Nuneaton and Bedworth
E01031109,Nuneaton and Bedworth 012E,E02006486,Nuneaton and Bedworth 012,E07000219,Nuneaton and Bedworth
E01031110,Nuneaton and Bedworth 001A,E02006475,Nuneaton and Bedworth 001,E07000219,Nuneaton and Bedworth
E01031111,Nuneaton and Bedworth 001B,E02006475,Nuneaton and Bedworth 001,E07000219,Nuneaton and Bedworth
E01031112,Nuneaton and Bedworth 001C,E02006475,Nuneaton and Bedworth 001,E07000219,Nuneaton and Bedworth
E01031114,Nuneaton and Bedworth 001E,E02006475,Nuneaton and Bedworth 001,E07000219,Nuneaton and Bedworth
E01031115,Nuneaton and Bedworth 009A,E02006483,Nuneaton and Bedworth 009,E07000219,Nuneaton and Bedworth
E01031116,Nuneaton and Bedworth 009B,E02006483,Nuneaton and Bedworth 009,E07000219,Nuneaton and Bedworth
E01031117,Nuneaton and Bedworth 009C,E02006483,Nuneaton and Bedworth 009,E07000219,Nuneaton and Bedworth
E01031118,Nuneaton and Bedworth 009D,E02006483,Nuneaton and Bedworth 009,E07000219,Nuneaton and Bedworth
E01031119,Nuneaton and Bedworth 009E,E02006483,Nuneaton and Bedworth 009,E07000219,Nuneaton and Bedworth
E01031120,Nuneaton and Bedworth 011A,E02006485,Nuneaton and Bedworth 011,E07000219,Nuneaton and Bedworth
E01031121,Nuneaton and Bedworth 011B,E02006485,Nuneaton and Bedworth 011,E07000219,Nuneaton and Bedworth
E01031122,Nuneaton and Bedworth 011C,E02006485,Nuneaton and Bedworth 011,E07000219,Nuneaton and Bedworth
E01031123,Nuneaton and Bedworth 011D,E02006485,Nuneaton and Bedworth 011,E07000219,Nuneaton and Bedworth
E01031124,Nuneaton and Bedworth 011E,E02006485,Nuneaton and Bedworth 011,E07000219,Nuneaton and Bedworth
E01031125,Rugby 007A,E02006498,Rugby 007,E07000220,Rugby
E01031127,Rugby 007C,E02006498,Rugby 007,E07000220,Rugby
E01031148,Rugby 012B,E02006503,Rugby 012,E07000220,Rugby
E01031149,Rugby 012C,E02006503,Rugby 012,E07000220,Rugby
E01031150,Rugby 012D,E02006503,Rugby 012,E07000220,Rugby
E01031151,Rugby 004A,E02006495,Rugby 004,E07000220,Rugby
E01031152,Rugby 004B,E02006495,Rugby 004,E07000220,Rugby
E01031153,Rugby 004C,E02006495,Rugby 004,E07000220,Rugby
E01031154,Rugby 004D,E02006495,Rugby 004,E07000220,Rugby
E01031165,Rugby 007E,E02006498,Rugby 007,E07000220,Rugby
E01031166,Rugby 012E,E02006503,Rugby 012,E07000220,Rugby
E01031167,Rugby 006A,E02006497,Rugby 006,E07000220,Rugby
E01031168,Rugby 006B,E02006497,Rugby 006,E07000220,Rugby
E01031169,Rugby 006C,E02006497,Rugby 006,E07000220,Rugby
E01031170,Rugby 006D,E02006497,Rugby 006,E07000220,Rugby
E01031171,Rugby 003A,E02006494,Rugby 003,E07000220,Rugby
E01031172,Rugby 003B,E02006494,Rugby 003,E07000220,Rugby
E01031173,Rugby 003C,E02006494,Rugby 003,E07000220,Rugby
E01031174,Rugby 003D,E02006494,Rugby 003,E07000220,Rugby
E01031181,Rugby 004E,E02006495,Rugby 004,E07000220,Rugby
E01031183,Stratford-on-Avon 006A,E02006509,Stratford-on-Avon 006,E07000221,Stratford-on-Avon
E01031184,Stratford-on-Avon 006B,E02006509,Stratford-on-Avon 006,E07000221,Stratford-on-Avon
E01031185,Stratford-on-Avon 006C,E02006509,Stratford-on-Avon 006,E07000221,Stratford-on-Avon
E01031186,Stratford-on-Avon 006D,E02006509,Stratford-on-Avon 006,E07000221,Stratford-on-Avon
E01031187,Stratford-on-Avon 007A,E02006510,Stratford-on-Avon 007,E07000221,Stratford-on-Avon
E01031188,Stratford-on-Avon 007B,E02006510,Stratford-on-Avon 007,E07000221,Stratford-on-Avon
E01031194,Stratford-on-Avon 013A,E02006516,Stratford-on-Avon 013,E07000221,Stratford-on-Avon
E01031195,Stratford-on-Avon 002A,E02006505,Stratford-on-Avon 002,E07000221,Stratford-on-Avon
E01031197,Stratford-on-Avon 005A,E02006508,Stratford-on-Avon 005,E07000221,Stratford-on-Avon
E01031198,Stratford-on-Avon 005B,E02006508,Stratford-on-Avon 005,E07000221,Stratford-on-Avon
E01031199,Stratford-on-Avon 005C,E02006508,Stratford-on-Avon 005,E07000221,Stratford-on-Avon
E01031200,Stratford-on-Avon 005D,E02006508,Stratford-on-Avon 005,E07000221,Stratford-on-Avon
E01031201,Stratford-on-Avon 005E,E02006508,Stratford-on-Avon 005,E07000221,Stratford-on-Avon
E01031202,Stratford-on-Avon 002B,E02006505,Stratford-on-Avon 002,E07000221,Stratford-on-Avon
E01031203,Stratford-on-Avon 002C,E02006505,Stratford-on-Avon 002,E07000221,Stratford-on-Avon
E01031204,Stratford-on-Avon 002D,E02006505,Stratford-on-Avon 002,E07000221,Stratford-on-Avon
E01031205,Stratford-on-Avon 013B,E02006516,Stratford-on-Avon 013,E07000221,Stratford-on-Avon
E01031206,Stratford-on-Avon 013C,E02006516,Stratford-on-Avon 013,E07000221,Stratford-on-Avon
E01031207,Stratford-on-Avon 013D,E02006516,Stratford-on-Avon 013,E07000221,Stratford-on-Avon
E01031208,Stratford-on-Avon 007C,E02006510,Stratford-on-Avon 007,E07000221,Stratford-on-Avon
E01031210,Stratford-on-Avon 005F,E02006508,Stratford-on-Avon 005,E07000221,Stratford-on-Avon
E01031211,Stratford-on-Avon 005G,E02006508,Stratford-on-Avon 005,E07000221,Stratford-on-Avon
E01031213,Stratford-on-Avon 001A,E02006504,Stratford-on-Avon 001,E07000221,Stratford-on-Avon
E01031217,Stratford-on-Avon 008A,E02006511,Stratford-on-Avon 008,E07000221,Stratford-on-Avon
E01031218,Stratford-on-Avon 008B,E02006511,Stratford-on-Avon 008,E07000221,Stratford-on-Avon
E01031219,Stratford-on-Avon 004A,E02006507,Stratford-on-Avon 004,E07000221,Stratford-on-Avon
E01031220,Stratford-on-Avon 004B,E02006507,Stratford-on-Avon 004,E07000221,Stratford-on-Avon
E01031221,Stratford-on-Avon 004C,E02006507,Stratford-on-Avon 004,E07000221,Stratford-on-Avon
E01031222,Stratford-on-Avon 004D,E02006507,Stratford-on-Avon 004,E07000221,Stratford-on-Avon
E01031223,Stratford-on-Avon 004E,E02006507,Stratford-on-Avon 004,E07000221,Stratford-on-Avon
E01031224,Stratford-on-Avon 004F,E02006507,Stratford-on-Avon 004,E07000221,Stratford-on-Avon
E01031225,Stratford-on-Avon 010A,E02006513,Stratford-on-Avon 010,E07000221,Stratford-on-Avon
E01031227,Stratford-on-Avon 010C,E02006513,Stratford-on-Avon 010,E07000221,Stratford-on-Avon
E01031228,Stratford-on-Avon 009A,E02006512,Stratford-on-Avon 009,E07000221,Stratford-on-Avon
E01031229,Stratford-on-Avon 009B,E02006512,Stratford-on-Avon 009,E07000221,Stratford-on-Avon
E01031231,Stratford-on-Avon 009D,E02006512,Stratford-on-Avon 009,E07000221,Stratford-on-Avon
E01031232,Stratford-on-Avon 011A,E02006514,Stratford-on-Avon 011,E07000221,Stratford-on-Avon
E01031233,Stratford-on-Avon 011B,E02006514,Stratford-on-Avon 011,E07000221,Stratford-on-Avon
E01031234,Stratford-on-Avon 011C,E02006514,Stratford-on-Avon 011,E07000221,Stratford-on-Avon
E01031235,Stratford-on-Avon 011D,E02006514,Stratford-on-Avon 011,E07000221,Stratford-on-Avon
E01031236,Stratford-on-Avon 009E,E02006512,Stratford-on-Avon 009,E07000221,Stratford-on-Avon
E01031237,Stratford-on-Avon 011E,E02006514,Stratford-on-Avon 011,E07000221,Stratford-on-Avon
E01031238,Stratford-on-Avon 009F,E02006512,Stratford-on-Avon 009,E07000221,Stratford-on-Avon
E01031239,Stratford-on-Avon 003A,E02006506,Stratford-on-Avon 003,E07000221,Stratford-on-Avon
E01031240,Stratford-on-Avon 003B,E02006506,Stratford-on-Avon 003,E07000221,Stratford-on-Avon
E01031241,Stratford-on-Avon 003C,E02006506,Stratford-on-Avon 003,E07000221,Stratford-on-Avon
E01031242,Stratford-on-Avon 003D,E02006506,Stratford-on-Avon 003,E07000221,Stratford-on-Avon
E01031243,Stratford-on-Avon 001B,E02006504,Stratford-on-Avon 001,E07000221,Stratford-on-Avon
E01031244,Stratford-on-Avon 001C,E02006504,Stratford-on-Avon 001,E07000221,Stratford-on-Avon
E01031247,Stratford-on-Avon 013E,E02006516,Stratford-on-Avon 013,E07000221,Stratford-on-Avon
E01031249,Stratford-on-Avon 008C,E02006511,Stratford-on-Avon 008,E07000221,Stratford-on-Avon
E01031251,Stratford-on-Avon 008E,E02006511,Stratford-on-Avon 008,E07000221,Stratford-on-Avon
E01031252,Stratford-on-Avon 008F,E02006511,Stratford-on-Avon 008,E07000221,Stratford-on-Avon
E01031253,Stratford-on-Avon 008G,E02006511,Stratford-on-Avon 008,E07000221,Stratford-on-Avon
E01031254,Warwick 001A,E02006519,Warwick 001,E07000222,Warwick
E01031255,Warwick 001B,E02006519,Warwick 001,E07000222,Warwick
E01031256,Warwick 001C,E02006519,Warwick 001,E07000222,Warwick
E01031257,Warwick 001D,E02006519,Warwick 001,E07000222,Warwick
E01031258,Warwick 001E,E02006519,Warwick 001,E07000222,Warwick
E01031259,Warwick 014A,E02006532,Warwick 014,E07000222,Warwick
E01031260,Warwick 014B,E02006532,Warwick 014,E07000222,Warwick
E01031261,Warwick 013A,E02006531,Warwick 013,E07000222,Warwick
E01031262,Warwick 013B,E02006531,Warwick 013,E07000222,Warwick
E01031263,Warwick 013C,E02006531,Warwick 013,E07000222,Warwick
E01031264,Warwick 013D,E02006531,Warwick 013,E07000222,Warwick
E01031265,Warwick 013E,E02006531,Warwick 013,E07000222,Warwick
E01031266,Warwick 013F,E02006531,Warwick 013,E07000222,Warwick
E01031267,Warwick 014C,E02006532,Warwick 014,E07000222,Warwick
E01031268,Warwick 014D,E02006532,Warwick 014,E07000222,Warwick
E01031269,Warwick 014E,E02006532,Warwick 014,E07000222,Warwick
E01031271,Warwick 010A,E02006528,Warwick 010,E07000222,Warwick
E01031272,Warwick 007B,E02006525,Warwick 007,E07000222,Warwick
E01031273,Warwick 006A,E02006524,Warwick 006,E07000222,Warwick
E01031274,Warwick 006B,E02006524,Warwick 006,E07000222,Warwick
E01031275,Warwick 006C,E02006524,Warwick 006,E07000222,Warwick
E01031276,Warwick 006D,E02006524,Warwick 006,E07000222,Warwick
E01031277,Warwick 005A,E02006523,Warwick 005,E07000222,Warwick
E01031278,Warwick 005B,E02006523,Warwick 005,E07000222,Warwick
E01031279,Warwick 005C,E02006523,Warwick 005,E07000222,Warwick
E01031280,Warwick 005D,E02006523,Warwick 005,E07000222,Warwick
E01031281,Warwick 004A,E02006522,Warwick 004,E07000222,Warwick
E01031282,Warwick 004B,E02006522,Warwick 004,E07000222,Warwick
E01031283,Warwick 004C,E02006522,Warwick 004,E07000222,Warwick
E01031284,Warwick 004D,E02006522,Warwick 004,E07000222,Warwick
E01031285,Warwick 007C,E02006525,Warwick 007,E07000222,Warwick
E01031286,Warwick 007D,E02006525,Warwick 007,E07000222,Warwick
E01031287,Warwick 007E,E02006525,Warwick 007,E07000222,Warwick
E01031288,Warwick 007F,E02006525,Warwick 007,E07000222,Warwick
E01031289,Warwick 007G,E02006525,Warwick 007,E07000222,Warwick
E01031290,Warwick 009A,E02006527,Warwick 009,E07000222,Warwick
E01031291,Warwick 009B,E02006527,Warwick 009,E07000222,Warwick
E01031292,Warwick 009C,E02006527,Warwick 009,E07000222,Warwick
E01031293,Warwick 009D,E02006527,Warwick 009,E07000222,Warwick
E01031294,Warwick 009E,E02006527,Warwick 009,E07000222,Warwick
E01031295,Warwick 009F,E02006527,Warwick 009,E07000222,Warwick
E01031296,Warwick 002A,E02006520,Warwick 002,E07000222,Warwick
E01031297,Warwick 002B,E02006520,Warwick 002,E07000222,Warwick
E01031298,Warwick 002C,E02006520,Warwick 002,E07000222,Warwick
E01031299,Warwick 002D,E02006520,Warwick 002,E07000222,Warwick
E01031300,Warwick 002E,E02006520,Warwick 002,E07000222,Warwick
E01031301,Warwick 005E,E02006523,Warwick 005,E07000222,Warwick
E01031302,Warwick 005F,E02006523,Warwick 005,E07000222,Warwick
E01031303,Warwick 003A,E02006521,Warwick 003,E07000222,Warwick
E01031304,Warwick 003B,E02006521,Warwick 003,E07000222,Warwick
E01031305,Warwick 003C,E02006521,Warwick 003,E07000222,Warwick
E01031306,Warwick 003D,E02006521,Warwick 003,E07000222,Warwick
E01031307,Warwick 003E,E02006521,Warwick 003,E07000222,Warwick
E01031308,Warwick 005G,E02006523,Warwick 005,E07000222,Warwick
E01031309,Warwick 008A,E02006526,Warwick 008,E07000222,Warwick
E01031310,Warwick 008B,E02006526,Warwick 008,E07000222,Warwick
E01031311,Warwick 008C,E02006526,Warwick 008,E07000222,Warwick
E01031312,Warwick 008D,E02006526,Warwick 008,E07000222,Warwick
E01031313,Warwick 008E,E02006526,Warwick 008,E07000222,Warwick
E01031314,Warwick 008F,E02006526,Warwick 008,E07000222,Warwick
E01031315,Warwick 012A,E02006530,Warwick 012,E07000222,Warwick
E01031316,Warwick 012B,E02006530,Warwick 012,E07000222,Warwick
E01031317,Warwick 012C,E02006530,Warwick 012,E07000222,Warwick
E01031319,Warwick 012E,E02006530,Warwick 012,E07000222,Warwick
E01031320,Warwick 012F,E02006530,Warwick 012,E07000222,Warwick
E01031321,Warwick 011A,E02006529,Warwick 011,E07000222,Warwick
E01031322,Warwick 011B,E02006529,Warwick 011,E07000222,Warwick
E01031323,Warwick 011C,E02006529,Warwick 011,E07000222,Warwick
E01031324,Warwick 011D,E02006529,Warwick 011,E07000222,Warwick
E01031325,Warwick 011E,E02006529,Warwick 011,E07000222,Warwick
E01031327,Warwick 015A,E02006533,Warwick 015,E07000222,Warwick
E01031328,Warwick 015B,E02006533,Warwick 015,E07000222,Warwick
E01031329,Warwick 015C,E02006533,Warwick 015,E07000222,Warwick
E01031330,Warwick 015D,E02006533,Warwick 015,E07000222,Warwick
E01031331,Warwick 015E,E02006533,Warwick 015,E07000222,Warwick
E01031332,Warwick 010B,E02006528,Warwick 010,E07000222,Warwick
E01031333,Warwick 010C,E02006528,Warwick 010,E07000222,Warwick
E01031334,Warwick 010D,E02006528,Warwick 010,E07000222,Warwick
E01031335,Warwick 010E,E02006528,Warwick 010,E07000222,Warwick
E01031336,Warwick 010F,E02006528,Warwick 010,E07000222,Warwick
E01031337,Warwick 010G,E02006528,Warwick 010,E07000222,Warwick
E01032122,Bromsgrove 009A,E02006704,Bromsgrove 009,E07000234,Bromsgrove
E01032123,Bromsgrove 009B,E02006704,Bromsgrove 009,E07000234,Bromsgrove
E01032124,Bromsgrove 009C,E02006704,Bromsgrove 009,E07000234,Bromsgrove
E01032125,Bromsgrove 009D,E02006704,Bromsgrove 009,E07000234,Bromsgrove
E01032126,Bromsgrove 003A,E02006698,Bromsgrove 003,E07000234,Bromsgrove
E01032127,Bromsgrove 007A,E02006702,Bromsgrove 007,E07000234,Bromsgrove
E01032128,Bromsgrove 007B,E02006702,Bromsgrove 007,E07000234,Bromsgrove
E01032129,Bromsgrove 007C,E02006702,Bromsgrove 007,E07000234,Bromsgrove
E01032131,Bromsgrove 013B,E02006708,Bromsgrove 013,E07000234,Bromsgrove
E01032132,Bromsgrove 013C,E02006708,Bromsgrove 013,E07000234,Bromsgrove
E01032133,Bromsgrove 004A,E02006699,Bromsgrove 004,E07000234,Bromsgrove
E01032134,Bromsgrove 005A,E02006700,Bromsgrove 005,E07000234,Bromsgrove
E01032135,Bromsgrove 004B,E02006699,Bromsgrove 004,E07000234,Bromsgrove
E01032136,Bromsgrove 002A,E02006697,Bromsgrove 002,E07000234,Bromsgrove
E01032137,Bromsgrove 002B,E02006697,Bromsgrove 002,E07000234,Bromsgrove
E01032138,Bromsgrove 001A,E02006696,Bromsgrove 001,E07000234,Bromsgrove
E01032139,Bromsgrove 001B,E02006696,Bromsgrove 001,E07000234,Bromsgrove
E01032140,Bromsgrove 001C,E02006696,Bromsgrove 001,E07000234,Bromsgrove
E01032141,Bromsgrove 001D,E02006696,Bromsgrove 001,E07000234,Bromsgrove
E01032142,Bromsgrove 006A,E02006701,Bromsgrove 006,E07000234,Bromsgrove
E01032143,Bromsgrove 006B,E02006701,Bromsgrove 006,E07000234,Bromsgrove
E01032144,Bromsgrove 006C,E02006701,Bromsgrove 006,E07000234,Bromsgrove
E01032145,Bromsgrove 004C,E02006699,Bromsgrove 004,E07000234,Bromsgrove
E01032146,Bromsgrove 005B,E02006700,Bromsgrove 005,E07000234,Bromsgrove
E01032147,Bromsgrove 004D,E02006699,Bromsgrove 004,E07000234,Bromsgrove
E01032148,Bromsgrove 008A,E02006703,Bromsgrove 008,E07000234,Bromsgrove
E01032149,Bromsgrove 006D,E02006701,Bromsgrove 006,E07000234,Bromsgrove
E01032150,Bromsgrove 008B,E02006703,Bromsgrove 008,E07000234,Bromsgrove
E01032151,Bromsgrove 008C,E02006703,Bromsgrove 008,E07000234,Bromsgrove
E01032152,Bromsgrove 007D,E02006702,Bromsgrove 007,E07000234,Bromsgrove
E01032153,Bromsgrove 008D,E02006703,Bromsgrove 008,E07000234,Bromsgrove
E01032154,Bromsgrove 010A,E02006705,Bromsgrove 010,E07000234,Bromsgrove
E01032155,Bromsgrove 008E,E02006703,Bromsgrove 008,E07000234,Bromsgrove
E01032156,Bromsgrove 011A,E02006706,Bromsgrove 011,E07000234,Bromsgrove
E01032157,Bromsgrove 011B,E02006706,Bromsgrove 011,E07000234,Bromsgrove
E01032158,Bromsgrove 012A,E02006707,Bromsgrove 012,E07000234,Bromsgrove
E01032159,Bromsgrove 010B,E02006705,Bromsgrove 010,E07000234,Bromsgrove
E01032160,Bromsgrove 010C,E02006705,Bromsgrove 010,E07000234,Bromsgrove
E01032161,Bromsgrove 010D,E02006705,Bromsgrove 010,E07000234,Bromsgrove
E01032162,Bromsgrove 012B,E02006707,Bromsgrove 012,E07000234,Bromsgrove
E01032168,Bromsgrove 002C,E02006697,Bromsgrove 002,E07000234,Bromsgrove
E01032169,Bromsgrove 002D,E02006697,Bromsgrove 002,E07000234,Bromsgrove
E01032170,Bromsgrove 003B,E02006698,Bromsgrove 003,E07000234,Bromsgrove
E01032171,Bromsgrove 003C,E02006698,Bromsgrove 003,E07000234,Bromsgrove
E01032172,Bromsgrove 003D,E02006698,Bromsgrove 003,E07000234,Bromsgrove
E01032173,Bromsgrove 011C,E02006706,Bromsgrove 011,E07000234,Bromsgrove
E01032174,Bromsgrove 013D,E02006708,Bromsgrove 013,E07000234,Bromsgrove
E01032175,Bromsgrove 011D,E02006706,Bromsgrove 011,E07000234,Bromsgrove
E01032176,Bromsgrove 002E,E02006697,Bromsgrove 002,E07000234,Bromsgrove
E01032177,Bromsgrove 005C,E02006700,Bromsgrove 005,E07000234,Bromsgrove
E01032178,Bromsgrove 005D,E02006700,Bromsgrove 005,E07000234,Bromsgrove
E01032179,Malvern Hills 003A,E02006712,Malvern Hills 003,E07000235,Malvern Hills
E01032180,Malvern Hills 003B,E02006712,Malvern Hills 003,E07000235,Malvern Hills
E01032181,Malvern Hills 002A,E02006711,Malvern Hills 002,E07000235,Malvern Hills
E01032182,Malvern Hills 003C,E02006712,Malvern Hills 003,E07000235,Malvern Hills
E01032183,Malvern Hills 003D,E02006712,Malvern Hills 003,E07000235,Malvern Hills
E01032190,Malvern Hills 002B,E02006711,Malvern Hills 002,E07000235,Malvern Hills
E01032193,Malvern Hills 001A,E02006710,Malvern Hills 001,E07000235,Malvern Hills
E01032199,Malvern Hills 002C,E02006711,Malvern Hills 002,E07000235,Malvern Hills
E01032212,Malvern Hills 001B,E02006710,Malvern Hills 001,E07000235,Malvern Hills
E01032213,Malvern Hills 001C,E02006710,Malvern Hills 001,E07000235,Malvern Hills
E01032214,Malvern Hills 001D,E02006710,Malvern Hills 001,E07000235,Malvern Hills
E01032223,Malvern Hills 002D,E02006711,Malvern Hills 002,E07000235,Malvern Hills
E01032224,Redditch 004A,E02006724,Redditch 004,E07000236,Redditch
E01032225,Redditch 004B,E02006724,Redditch 004,E07000236,Redditch
E01032226,Redditch 001A,E02006721,Redditch 001,E07000236,Redditch
E01032227,Redditch 001B,E02006721,Redditch 001,E07000236,Redditch
E01032232,Redditch 003A,E02006723,Redditch 003,E07000236,Redditch
E01032234,Redditch 003C,E02006723,Redditch 003,E07000236,Redditch
E01032235,Redditch 003D,E02006723,Redditch 003,E07000236,Redditch
E01032236,Redditch 006A,E02006726,Redditch 006,E07000236,Redditch
E01032237,Redditch 006B,E02006726,Redditch 006,E07000236,Redditch
E01032238,Redditch 006C,E02006726,Redditch 006,E07000236,Redditch
E01032239,Redditch 004C,E02006724,Redditch 004,E07000236,Redditch
E01032240,Redditch 002A,E02006722,Redditch 002,E07000236,Redditch
E01032241,Redditch 002B,E02006722,Redditch 002,E07000236,Redditch
E01032242,Redditch 002C,E02006722,Redditch 002,E07000236,Redditch
E01032243,Redditch 001C,E02006721,Redditch 001,E07000236,Redditch
E01032244,Redditch 001D,E02006721,Redditch 001,E07000236,Redditch
E01032245,Redditch 002D,E02006722,Redditch 002,E07000236,Redditch
E01032255,Redditch 007A,E02006727,Redditch 007,E07000236,Redditch
E01032262,Redditch 004D,E02006724,Redditch 004,E07000236,Redditch
E01032263,Redditch 007B,E02006727,Redditch 007,E07000236,Redditch
E01032264,Redditch 006D,E02006726,Redditch 006,E07000236,Redditch
E01032266,Redditch 007C,E02006727,Redditch 007,E07000236,Redditch
E01032273,Redditch 005A,E02006725,Redditch 005,E07000236,Redditch
E01032274,Redditch 007D,E02006727,Redditch 007,E07000236,Redditch
E01032275,Redditch 005B,E02006725,Redditch 005,E07000236,Redditch
E01032277,Redditch 005C,E02006725,Redditch 005,E07000236,Redditch
E01032278,Redditch 005D,E02006725,Redditch 005,E07000236,Redditch
E01032893,Rugby 007F,E02006498,Rugby 007,E07000220,Rugby
E01032894,Rugby 007G,E02006498,Rugby 007,E07000220,Rugby
E01032895,Rugby 007H,E02006498,Rugby 007,E07000220,Rugby
E01032901,Tamworth 010F,E02006226,Tamworth 010,E07000199,Tamworth
E01032902,Tamworth 010G,E02006226,Tamworth 010,E07000199,Tamworth
E01033059,Bromsgrove 012D,E02006707,Bromsgrove 012,E07000234,Bromsgrove
E01033060,Bromsgrove 014E,E02006709,Bromsgrove 014,E07000234,Bromsgrove
E01033061,Bromsgrove 012E,E02006707,Bromsgrove 012,E07000234,Bromsgrove
E01033062,Bromsgrove 014F,E02006709,Bromsgrove 014,E07000234,Bromsgrove
E01033243,Bromsgrove 014G,E02006709,Bromsgrove 014,E07000234,Bromsgrove
E01033250,Stratford-on-Avon 010D,E02006513,Stratford-on-Avon 010,E07000221,Stratford-on-Avon
E01033251,Stratford-on-Avon 010E,E02006513,Stratford-on-Avon 010,E07000221,Stratford-on-Avon
E01033252,Stratford-on-Avon 010F,E02006513,Stratford-on-Avon 010,E07000221,Stratford-on-Avon
E01033253,Warwick 007H,E02006525,Warwick 007,E07000222,Warwick
E01033254,Warwick 011G,E02006529,Warwick 011,E07000222,Warwick
E01033255,Warwick 011H,E02006529,Warwick 011,E07000222,Warwick
E01033256,Warwick 007I,E02006525,Warwick 007,E07000222,Warwick
E01034047,Stafford 010F,E02006197,Stafford 010,E07000197,Stafford
E01034048,Stafford 010G,E02006197,Stafford 010,E07000197,Stafford
E01034049,Stafford 011F,E02006198,Stafford 011,E07000197,Stafford
E01034050,Stafford 011G,E02006198,Stafford 011,E07000197,Stafford
E01034051,Stafford 014I,E02006201,Stafford 014,E07000197,Stafford
E01034316,Bromsgrove 013E,E02006708,Bromsgrove 013,E07000234,Bromsgrove
E01034317,Bromsgrove 013F,E02006708,Bromsgrove 013,E07000234,Bromsgrove
E01034318,Bromsgrove 014H,E02006709,Bromsgrove 014,E07000234,Bromsgrove
E01034319,Bromsgrove 014I,E02006709,Bromsgrove 014,E07000234,Bromsgrove
E01034320,Redditch 003E,E02006723,Redditch 003,E07000236,Redditch
E01034321,Redditch 003F,E02006723,Redditch 003,E07000236,Redditch
E01034322,Redditch 003G,E02006723,Redditch 003,E07000236,Redditch
E01035014,Nuneaton and Bedworth 001F,E02006475,Nuneaton and Bedworth 001,E07000219,Nuneaton and Bedworth
E01035015,Nuneaton and Bedworth 001G,E02006475,Nuneaton and Bedworth 001,E07000219,Nuneaton and Bedworth
E01035016,Nuneaton and Bedworth 002G,E02006476,Nuneaton and Bedworth 002,E07000219,Nuneaton and Bedworth
E01035017,Nuneaton and Bedworth 002H,E02006476,Nuneaton and Bedworth 002,E07000219,Nuneaton and Bedworth
E01035018,Nuneaton and Bedworth 003F,E02006477,Nuneaton and Bedworth 003,E07000219,Nuneaton and Bedworth
E01035019,Nuneaton and Bedworth 003G,E02006477,Nuneaton and Bedworth 003,E07000219,Nuneaton and Bedworth
E01035022,Rugby 007I,E02006498,Rugby 007,E07000220,Rugby
E01035023,Rugby 007J,E02006498,Rugby 007,E07000220,Rugby
E01035024,Rugby 012F,E02006503,Rugby 012,E07000220,Rugby
E01035025,Rugby 012G,E02006503,Rugby 012,E07000220,Rugby
E01035030,Stratford-on-Avon 008H,E02006511,Stratford-on-Avon 008,E07000221,Stratford-on-Avon
E01035031,Stratford-on-Avon 008I,E02006511,Stratford-on-Avon 008,E07000221,Stratford-on-Avon
E01035032,Stratford-on-Avon 009G,E02006512,Stratford-on-Avon 009,E07000221,Stratford-on-Avon
E01035033,Stratford-on-Avon 009H,E02006512,Stratford-on-Avon 009,E07000221,Stratford-on-Avon
E01035037,Warwick 012G,E02006530,Warwick 012,E07000222,Warwick
E01035038,Warwick 012H,E02006530,Warwick 012,E07000222,Warwick
E01035039,Warwick 012I,E02006530,Warwick 012,E07000222,Warwick
E01008995,Birmingham 134A,E02006895,Birmingham 134,E08000025,Birmingham
E01009008,Birmingham 141A,E02007038,Birmingham 141,E08000025,Birmingham
E01009011,Birmingham 141B,E02007038,Birmingham 141,E08000025,Birmingham
E01009012,Birmingham 141C,E02007038,Birmingham 141,E08000025,Birmingham
E01009039,Birmingham 132A,E02006807,Birmingham 132,E08000025,Birmingham
E01009040,Birmingham 132B,E02006807,Birmingham 132,E08000025,Birmingham
E01009041,Birmingham 132C,E02006807,Birmingham 132,E08000025,Birmingham
E01009042,Birmingham 132D,E02006807,Birmingham 132,E08000025,Birmingham
E01009079,Birmingham 141G,E02007038,Birmingham 141,E08000025,Birmingham
E01009080,Birmingham 141F,E02007038,Birmingham 141,E08000025,Birmingham
E01009081,Birmingham 141H,E02007038,Birmingham 141,E08000025,Birmingham
E01009083,Birmingham 141I,E02007038,Birmingham 141,E08000025,Birmingham
E01009102,Birmingham 141E,E02007038,Birmingham 141,E08000025,Birmingham
E01009104,Birmingham 141D,E02007038,Birmingham 141,E08000025,Birmingham
E01009141,Birmingham 137A,E02006898,Birmingham 137,E08000025,Birmingham
E01009143,Birmingham 136A,E02006897,Birmingham 136,E08000025,Birmingham
E01009146,Birmingham 136B,E02006897,Birmingham 136,E08000025,Birmingham
E01009200,Birmingham 139A,E02006900,Birmingham 139,E08000025,Birmingham
E01009262,Birmingham 133A,E02006809,Birmingham 133,E08000025,Birmingham
E01009267,Birmingham 133B,E02006809,Birmingham 133,E08000025,Birmingham
E01009276,Birmingham 133C,E02006809,Birmingham 133,E08000025,Birmingham
E01009278,Birmingham 133D,E02006809,Birmingham 133,E08000025,Birmingham
E01009279,Birmingham 133E,E02006809,Birmingham 133,E08000025,Birmingham
E01009327,Birmingham 139B,E02006900,Birmingham 139,E08000025,Birmingham
E01009328,Birmingham 139C,E02006900,Birmingham 139,E08000025,Birmingham
E01009331,Birmingham 139D,E02006900,Birmingham 139,E08000025,Birmingham
E01009332,Birmingham 139E,E02006900,Birmingham 139,E08000025,Birmingham
E01009333,Birmingham 139F,E02006900,Birmingham 139,E08000025,Birmingham
E01009335,Birmingham 139G,E02006900,Birmingham 139,E08000025,Birmingham
E01009339,Birmingham 142A,E02007039,Birmingham 142,E08000025,Birmingham
E01009344,Birmingham 139H,E02006900,Birmingham 139,E08000025,Birmingham
E01009382,Birmingham 142D,E02007039,Birmingham 142,E08000025,Birmingham
E01009391,Birmingham 143C,E02007040,Birmingham 143,E08000025,Birmingham
E01009392,Birmingham 142E,E02007039,Birmingham 142,E08000025,Birmingham
E01009393,Birmingham 143D,E02007040,Birmingham 143,E08000025,Birmingham
E01009588,Coventry 043A,E02006805,Coventry 043,E08000026,Coventry
E01009592,Coventry 043B,E02006805,Coventry 043,E08000026,Coventry
E01009596,Coventry 043C,E02006805,Coventry 043,E08000026,Coventry
E01009597,Coventry 043D,E02006805,Coventry 043,E08000026,Coventry
E01009946,Sandwell 039A,E02006810,Sandwell 039,E08000028,Sandwell
E01009948,Sandwell 039B,E02006810,Sandwell 039,E08000028,Sandwell
E01009949,Sandwell 039C,E02006810,Sandwell 039,E08000028,Sandwell
E01009950,Sandwell 039D,E02006810,Sandwell 039,E08000028,Sandwell
E01009951,Sandwell 039E,E02006810,Sandwell 039,E08000028,Sandwell
E01010059,Sandwell 041D,E02006944,Sandwell 041,E08000028,Sandwell
E01010061,Sandwell 041B,E02006944,Sandwell 041,E08000028,Sandwell
E01010062,Sandwell 040A,E02006943,Sandwell 040,E08000028,Sandwell
E01010064,Sandwell 040D,E02006943,Sandwell 040,E08000028,Sandwell
E01010220,Solihull 030A,E02006808,Solihull 030,E08000029,Solihull
E01010223,Solihull 030B,E02006808,Solihull 030,E08000029,Solihull
E01010225,Solihull 030C,E02006808,Solihull 030,E08000029,Solihull
E01010426,Wolverhampton 035A,E02006894,Wolverhampton 035,E08000031,Wolverhampton
E01010428,Wolverhampton 035B,E02006894,Wolverhampton 035,E08000031,Wolverhampton
E01010429,Wolverhampton 035C,E02006894,Wolverhampton 035,E08000031,Wolverhampton
E01010430,Wolverhampton 035D,E02006894,Wolverhampton 035,E08000031,Wolverhampton
E01010433,Wolverhampton 035E,E02006894,Wolverhampton 035,E08000031,Wolverhampton
E01010454,Wolverhampton 035G,E02006894,Wolverhampton 035,E08000031,Wolverhampton
E01010530,Wolverhampton 035H,E02006894,Wolverhampton 035,E08000031,Wolverhampton
E01014157,Telford and Wrekin 024C,E02007050,Telford and Wrekin 024,E06000020,Telford and Wrekin
E01014158,Telford and Wrekin 024E,E02007050,Telford and Wrekin 024,E06000020,Telford and Wrekin
E01019837,South Derbyshire 012A,E02006919,South Derbyshire 012,E07000039,South Derbyshire
E01019838,South Derbyshire 012B,E02006919,South Derbyshire 012,E07000039,South Derbyshire
E01019842,South Derbyshire 013A,E02006920,South Derbyshire 013,E07000039,South Derbyshire
E01019885,South Derbyshire 013C,E02006920,South Derbyshire 013,E07000039,South Derbyshire
E01029654,South Staffordshire 015G,E02006982,South Staffordshire 015,E07000196,South Staffordshire
E01029661,South Staffordshire 015C,E02006982,South Staffordshire 015,E07000196,South Staffordshire
E01029662,South Staffordshire 015D,E02006982,South Staffordshire 015,E07000196,South Staffordshire
E01029663,South Staffordshire 015E,E02006982,South Staffordshire 015,E07000196,South Staffordshire
E01029664,South Staffordshire 015F,E02006982,South Staffordshire 015,E07000196,South Staffordshire
E01029665,South Staffordshire 015A,E02006982,South Staffordshire 015,E07000196,South Staffordshire
E01029666,South Staffordshire 015B,E02006982,South Staffordshire 015,E07000196,South Staffordshire
E01031077,Nuneaton and Bedworth 018A,E02006806,Nuneaton and Bedworth 018,E07000219,Nuneaton and Bedworth
E01031078,Nuneaton and Bedworth 018B,E02006806,Nuneaton and Bedworth 018,E07000219,Nuneaton and Bedworth
E01031079,Nuneaton and Bedworth 018C,E02006806,Nuneaton and Bedworth 018,E07000219,Nuneaton and Bedworth
E01031080,Nuneaton and Bedworth 018D,E02006806,Nuneaton and Bedworth 018,E07000219,Nuneaton and Bedworth
E01031159,Rugby 013C,E02007048,Rugby 013,E07000220,Rugby
E01031160,Rugby 013B,E02007048,Rugby 013,E07000220,Rugby
E01031182,Rugby 013A,E02007048,Rugby 013,E07000220,Rugby
E01032228,Redditch 013A,E02006733,Redditch 013,E07000236,Redditch
E01032229,Redditch 013B,E02006733,Redditch 013,E07000236,Redditch
E01032230,Redditch 013C,E02006733,Redditch 013,E07000236,Redditch
E01032231,Redditch 013D,E02006733,Redditch 013,E07000236,Redditch
E01032246,Redditch 012A,E02006732,Redditch 012,E07000236,Redditch
E01032247,Redditch 012B,E02006732,Redditch 012,E07000236,Redditch
E01032248,Redditch 012C,E02006732,Redditch 012,E07000236,Redditch
E01032249,Redditch 012D,E02006732,Redditch 012,E07000236,Redditch
E01032250,Redditch 010A,E02006730,Redditch 010,E07000236,Redditch
E01032251,Redditch 010B,E02006730,Redditch 010,E07000236,Redditch
E01032252,Redditch 010C,E02006730,Redditch 010,E07000236,Redditch
E01032253,Redditch 009A,E02006729,Redditch 009,E07000236,Redditch
E01032254,Redditch 010D,E02006730,Redditch 010,E07000236,Redditch
E01032256,Redditch 011A,E02006731,Redditch 011,E07000236,Redditch
E01032257,Redditch 011B,E02006731,Redditch 011,E07000236,Redditch
E01032258,Redditch 011C,E02006731,Redditch 011,E07000236,Redditch
E01032259,Redditch 008A,E02006728,Redditch 008,E07000236,Redditch
E01032260,Redditch 011D,E02006731,Redditch 011,E07000236,Redditch
E01032261,Redditch 012E,E02006732,Redditch 012,E07000236,Redditch
E01032265,Redditch 009B,E02006729,Redditch 009,E07000236,Redditch
E01032267,Redditch 009C,E02006729,Redditch 009,E07000236,Redditch
E01032268,Redditch 009D,E02006729,Redditch 009,E07000236,Redditch
E01032269,Redditch 008B,E02006728,Redditch 008,E07000236,Redditch
E01032270,Redditch 008C,E02006728,Redditch 008,E07000236,Redditch
E01032271,Redditch 008D,E02006728,Redditch 008,E07000236,Redditch
E01032272,Redditch 008E,E02006728,Redditch 008,E07000236,Redditch
E01032276,Redditch 009E,E02006729,Redditch 009,E07000236,Redditch
E01032279,Worcester 004A,E02006737,Worcester 004,E07000237,Worcester
E01032280,Worcester 007A,E02006740,Worcester 007,E07000237,Worcester
E01032281,Worcester 007B,E02006740,Worcester 007,E07000237,Worcester
E01032282,Worcester 007C,E02006740,Worcester 007,E07000237,Worcester
E01032296,Worcester 001A,E02006734,Worcester 001,E07000237,Worcester
E01032297,Worcester 001B,E02006734,Worcester 001,E07000237,Worcester
E01032298,Worcester 001C,E02006734,Worcester 001,E07000237,Worcester
E01032299,Worcester 001D,E02006734,Worcester 001,E07000237,Worcester
E01032300,Worcester 001E,E02006734,Worcester 001,E07000237,Worcester
E01032301,Worcester 005A,E02006738,Worcester 005,E07000237,Worcester
E01032302,Worcester 005B,E02006738,Worcester 005,E07000237,Worcester
E01032303,Worcester 002A,E02006735,Worcester 002,E07000237,Worcester
E01032304,Worcester 002B,E02006735,Worcester 002,E07000237,Worcester
E01032310,Worcester 005C,E02006738,Worcester 005,E07000237,Worcester
E01032311,Worcester 005D,E02006738,Worcester 005,E07000237,Worcester
E01032312,Worcester 004B,E02006737,Worcester 004,E07000237,Worcester
E01032313,Worcester 005E,E02006738,Worcester 005,E07000237,Worcester
E01032314,Worcester 006A,E02006739,Worcester 006,E07000237,Worcester
E01032315,Worcester 006B,E02006739,Worcester 006,E07000237,Worcester
E01032316,Worcester 006C,E02006739,Worcester 006,E07000237,Worcester
E01032317,Worcester 006D,E02006739,Worcester 006,E07000237,Worcester
E01032327,Worcester 004C,E02006737,Worcester 004,E07000237,Worcester
E01032328,Worcester 004D,E02006737,Worcester 004,E07000237,Worcester
E01032329,Worcester 004E,E02006737,Worcester 004,E07000237,Worcester
E01032330,Worcester 003A,E02006736,Worcester 003,E07000237,Worcester
E01032331,Worcester 002C,E02006735,Worcester 002,E07000237,Worcester
E01032332,Worcester 002D,E02006735,Worcester 002,E07000237,Worcester
E01032333,Worcester 005F,E02006738,Worcester 005,E07000237,Worcester
E01032334,Worcester 003B,E02006736,Worcester 003,E07000237,Worcester
E01032335,Worcester 003C,E02006736,Worcester 003,E07000237,Worcester
E01032336,Worcester 003D,E02006736,Worcester 003,E07000237,Worcester
E01032337,Worcester 008A,E02006741,Worcester 008,E07000237,Worcester
E01032338,Worcester 008B,E02006741,Worcester 008,E07000237,Worcester
E01032339,Worcester 008C,E02006741,Worcester 008,E07000237,Worcester
E01032345,Wychavon 007A,E02006754,Wychavon 007,E07000238,Wychavon
E01032346,Wychavon 007B,E02006754,Wychavon 007,E07000238,Wychavon
E01032357,Wychavon 004A,E02006751,Wychavon 004,E07000238,Wychavon
E01032358,Wychavon 004B,E02006751,Wychavon 004,E07000238,Wychavon
E01032359,Wychavon 003A,E02006750,Wychavon 003,E07000238,Wychavon
E01032360,Wychavon 003B,E02006750,Wychavon 003,E07000238,Wychavon
E01032361,Wychavon 003C,E02006750,Wychavon 003,E07000238,Wychavon
E01032363,Wychavon 005B,E02006752,Wychavon 005,E07000238,Wychavon
E01032364,Wychavon 005C,E02006752,Wychavon 005,E07000238,Wychavon
E01032365,Wychavon 004C,E02006751,Wychavon 004,E07000238,Wychavon
E01032366,Wychavon 005D,E02006752,Wychavon 005,E07000238,Wychavon
E01032367,Wychavon 004D,E02006751,Wychavon 004,E07000238,Wychavon
E01032368,Wychavon 002A,E02006749,Wychavon 002,E07000238,Wychavon
E01032369,Wychavon 002B,E02006749,Wychavon 002,E07000238,Wychavon
E01032370,Wychavon 002C,E02006749,Wychavon 002,E07000238,Wychavon
E01032371,Wychavon 002D,E02006749,Wychavon 002,E07000238,Wychavon
E01032386,Wychavon 001B,E02006748,Wychavon 001,E07000238,Wychavon
E01032387,Wychavon 001C,E02006748,Wychavon 001,E07000238,Wychavon
E01032392,Wychavon 008A,E02006755,Wychavon 008,E07000238,Wychavon
E01032393,Wychavon 008B,E02006755,Wychavon 008,E07000238,Wychavon
E01032394,Wychavon 008C,E02006755,Wychavon 008,E07000238,Wychavon
E01032395,Wychavon 007C,E02006754,Wychavon 007,E07000238,Wychavon
E01032399,Wychavon 006A,E02006753,Wychavon 006,E07000238,Wychavon
E01032400,Wychavon 006B,E02006753,Wychavon 006,E07000238,Wychavon
E01032401,Wychavon 001D,E02006748,Wychavon 001,E07000238,Wychavon
E01032404,Wychavon 006C,E02006753,Wychavon 006,E07000238,Wychavon
E01032416,Wychavon 008D,E02006755,Wychavon 008,E07000238,Wychavon
E01032417,Wychavon 007D,E02006754,Wychavon 007,E07000238,Wychavon
E01032418,Wyre Forest 010A,E02006776,Wyre Forest 010,E07000239,Wyre Forest
E01032419,Wyre Forest 010B,E02006776,Wyre Forest 010,E07000239,Wyre Forest
E01032420,Wyre Forest 010C,E02006776,Wyre Forest 010,E07000239,Wyre Forest
E01032421,Wyre Forest 010D,E02006776,Wyre Forest 010,E07000239,Wyre Forest
E01032422,Wyre Forest 010E,E02006776,Wyre Forest 010,E07000239,Wyre Forest
E01032423,Wyre Forest 014A,E02006780,Wyre Forest 014,E07000239,Wyre Forest
E01032424,Wyre Forest 014B,E02006780,Wyre Forest 014,E07000239,Wyre Forest
E01032425,Wyre Forest 014C,E02006780,Wyre Forest 014,E07000239,Wyre Forest
E01032426,Wyre Forest 014D,E02006780,Wyre Forest 014,E07000239,Wyre Forest
E01032427,Wyre Forest 011A,E02006777,Wyre Forest 011,E07000239,Wyre Forest
E01032428,Wyre Forest 011B,E02006777,Wyre Forest 011,E07000239,Wyre Forest
E01032429,Wyre Forest 011C,E02006777,Wyre Forest 011,E07000239,Wyre Forest
E01032430,Wyre Forest 005A,E02006771,Wyre Forest 005,E07000239,Wyre Forest
E01032431,Wyre Forest 001A,E02006767,Wyre Forest 001,E07000239,Wyre Forest
E01032432,Wyre Forest 001B,E02006767,Wyre Forest 001,E07000239,Wyre Forest
E01032433,Wyre Forest 001C,E02006767,Wyre Forest 001,E07000239,Wyre Forest
E01032434,Wyre Forest 004A,E02006770,Wyre Forest 004,E07000239,Wyre Forest
E01032435,Wyre Forest 004B,E02006770,Wyre Forest 004,E07000239,Wyre Forest
E01032436,Wyre Forest 003A,E02006769,Wyre Forest 003,E07000239,Wyre Forest
E01032437,Wyre Forest 004C,E02006770,Wyre Forest 004,E07000239,Wyre Forest
E01032438,Wyre Forest 003B,E02006769,Wyre Forest 003,E07000239,Wyre Forest
E01032439,Wyre Forest 001D,E02006767,Wyre Forest 001,E07000239,Wyre Forest
E01032440,Wyre Forest 001E,E02006767,Wyre Forest 001,E07000239,Wyre Forest
E01032441,Wyre Forest 002A,E02006768,Wyre Forest 002,E07000239,Wyre Forest
E01032442,Wyre Forest 002B,E02006768,Wyre Forest 002,E07000239,Wyre Forest
E01032443,Wyre Forest 002C,E02006768,Wyre Forest 002,E07000239,Wyre Forest
E01032444,Wyre Forest 002D,E02006768,Wyre Forest 002,E07000239,Wyre Forest
E01032445,Wyre Forest 002E,E02006768,Wyre Forest 002,E07000239,Wyre Forest
E01032446,Wyre Forest 003C,E02006769,Wyre Forest 003,E07000239,Wyre Forest
E01032447,Wyre Forest 003D,E02006769,Wyre Forest 003,E07000239,Wyre Forest
E01032448,Wyre Forest 003E,E02006769,Wyre Forest 003,E07000239,Wyre Forest
E01032449,Wyre Forest 007A,E02006773,Wyre Forest 007,E07000239,Wyre Forest
E01032451,Wyre Forest 006A,E02006772,Wyre Forest 006,E07000239,Wyre Forest
E01032452,Wyre Forest 006B,E02006772,Wyre Forest 006,E07000239,Wyre Forest
E01032453,Wyre Forest 006C,E02006772,Wyre Forest 006,E07000239,Wyre Forest
E01032454,Wyre Forest 006D,E02006772,Wyre Forest 006,E07000239,Wyre Forest
E01032455,Wyre Forest 012A,E02006778,Wyre Forest 012,E07000239,Wyre Forest
E01032456,Wyre Forest 012B,E02006778,Wyre Forest 012,E07000239,Wyre Forest
E01032457,Wyre Forest 012C,E02006778,Wyre Forest 012,E07000239,Wyre Forest
E01032458,Wyre Forest 012D,E02006778,Wyre Forest 012,E07000239,Wyre Forest
E01032459,Wyre Forest 012E,E02006778,Wyre Forest 012,E07000239,Wyre Forest
E01032460,Wyre Forest 013A,E02006779,Wyre Forest 013,E07000239,Wyre Forest
E01032461,Wyre Forest 013B,E02006779,Wyre Forest 013,E07000239,Wyre Forest
E01032462,Wyre Forest 013C,E02006779,Wyre Forest 013,E07000239,Wyre Forest
E01032463,Wyre Forest 013D,E02006779,Wyre Forest 013,E07000239,Wyre Forest
E01032464,Wyre Forest 007B,E02006773,Wyre Forest 007,E07000239,Wyre Forest
E01032465,Wyre Forest 007C,E02006773,Wyre Forest 007,E07000239,Wyre Forest
E01032466,Wyre Forest 007D,E02006773,Wyre Forest 007,E07000239,Wyre Forest
E01032467,Wyre Forest 007E,E02006773,Wyre Forest 007,E07000239,Wyre Forest
E01032468,Wyre Forest 007F,E02006773,Wyre Forest 007,E07000239,Wyre Forest
E01032469,Wyre Forest 009A,E02006775,Wyre Forest 009,E07000239,Wyre Forest
E01032471,Wyre Forest 009C,E02006775,Wyre Forest 009,E07000239,Wyre Forest
E01032472,Wyre Forest 011D,E02006777,Wyre Forest 011,E07000239,Wyre Forest
E01032473,Wyre Forest 011E,E02006777,Wyre Forest 011,E07000239,Wyre Forest
E01032474,Wyre Forest 008A,E02006774,Wyre Forest 008,E07000239,Wyre Forest
E01032475,Wyre Forest 008B,E02006774,Wyre Forest 008,E07000239,Wyre Forest
E01032476,Wyre Forest 008C,E02006774,Wyre Forest 008,E07000239,Wyre Forest
E01032477,Wyre Forest 008D,E02006774,Wyre Forest 008,E07000239,Wyre Forest
E01032478,Wyre Forest 008E,E02006774,Wyre Forest 008,E07000239,Wyre Forest
E01032479,Wyre Forest 001F,E02006767,Wyre Forest 001,E07000239,Wyre Forest
E01032480,Wyre Forest 005B,E02006771,Wyre Forest 005,E07000239,Wyre Forest
E01032481,Wyre Forest 005C,E02006771,Wyre Forest 005,E07000239,Wyre Forest
E01032482,Wyre Forest 005D,E02006771,Wyre Forest 005,E07000239,Wyre Forest
E01032587,Coventry 043E,E02006805,Coventry 043,E08000026,Coventry
E01032588,Nuneaton and Bedworth 018E,E02006806,Nuneaton and Bedworth 018,E07000219,Nuneaton and Bedworth
E01032589,Birmingham 132E,E02006807,Birmingham 132,E08000025,Birmingham
E01032590,Solihull 030D,E02006808,Solihull 030,E08000029,Solihull
E01032591,Birmingham 133F,E02006809,Birmingham 133,E08000025,Birmingham
E01032592,Sandwell 039F,E02006810,Sandwell 039,E08000028,Sandwell
E01033246,Worcester 007E,E02006740,Worcester 007,E07000237,Worcester
E01033247,Worcester 007F,E02006740,Worcester 007,E07000237,Worcester
E01033535,South Derbyshire 013D,E02006920,South Derbyshire 013,E07000039,South Derbyshire
E01033536,South Derbyshire 012D,E02006919,South Derbyshire 012,E07000039,South Derbyshire
E01033537,South Derbyshire 012E,E02006919,South Derbyshire 012,E07000039,South Derbyshire
E01033557,Birmingham 134B,E02006895,Birmingham 134,E08000025,Birmingham
E01033564,Birmingham 136C,E02006897,Birmingham 136,E08000025,Birmingham
E01033565,Birmingham 137B,E02006898,Birmingham 137,E08000025,Birmingham
E01033567,Birmingham 135B,E02006896,Birmingham 135,E08000025,Birmingham
E01033615,Birmingham 135C,E02006896,Birmingham 135,E08000025,Birmingham
E01033616,Birmingham 135D,E02006896,Birmingham 135,E08000025,Birmingham
E01033618,Birmingham 137C,E02006898,Birmingham 137,E08000025,Birmingham
E01033620,Birmingham 138A,E02006899,Birmingham 138,E08000025,Birmingham
E01033622,Birmingham 138B,E02006899,Birmingham 138,E08000025,Birmingham
E01033623,Birmingham 138C,E02006899,Birmingham 138,E08000025,Birmingham
E01033624,Birmingham 134C,E02006895,Birmingham 134,E08000025,Birmingham
E01033625,Birmingham 138D,E02006899,Birmingham 138,E08000025,Birmingham
E01033626,Birmingham 134D,E02006895,Birmingham 134,E08000025,Birmingham
E01033627,Birmingham 137E,E02006898,Birmingham 137,E08000025,Birmingham
E01033640,Birmingham 134E,E02006895,Birmingham 134,E08000025,Birmingham
E01033890,Sandwell 040B,E02006943,Sandwell 040,E08000028,Sandwell
E01033891,Sandwell 040C,E02006943,Sandwell 040,E08000028,Sandwell
E01033892,Sandwell 041A,E02006944,Sandwell 041,E08000028,Sandwell
E01033893,Sandwell 041C,E02006944,Sandwell 041,E08000028,Sandwell
E01034314,Wolverhampton 035I,E02006894,Wolverhampton 035,E08000031,Wolverhampton
E01034315,Wolverhampton 035J,E02006894,Wolverhampton 035,E08000031,Wolverhampton
E01034325,Wychavon 001E,E02006748,Wychavon 001,E07000238,Wychavon
E01034326,Wychavon 001F,E02006748,Wychavon 001,E07000238,Wychavon
E01034327,Wychavon 005E,E02006752,Wychavon 005,E07000238,Wychavon
E01034328,Wychavon 005F,E02006752,Wychavon 005,E07000238,Wychavon
E01034331,Wyre Forest 004E,E02006770,Wyre Forest 004,E07000239,Wyre Forest
E01034332,Wyre Forest 004F,E02006770,Wyre Forest 004,E07000239,Wyre Forest
E01034333,Wyre Forest 009D,E02006775,Wyre Forest 009,E07000239,Wyre Forest
E01034334,Wyre Forest 009E,E02006775,Wyre Forest 009,E07000239,Wyre Forest
E01034654,South Derbyshire 012F,E02006919,South Derbyshire 012,E07000039,South Derbyshire
E01034655,South Derbyshire 012G,E02006919,South Derbyshire 012,E07000039,South Derbyshire
E01034656,South Derbyshire 013E,E02006920,South Derbyshire 013,E07000039,South Derbyshire
E01034657,South Derbyshire 013F,E02006920,South Derbyshire 013,E07000039,South Derbyshire
E01034946,Birmingham 135E,E02006896,Birmingham 135,E08000025,Birmingham
E01034947,Birmingham 135F,E02006896,Birmingham 135,E08000025,Birmingham
E01034948,Birmingham 136E,E02006897,Birmingham 136,E08000025,Birmingham
E01034949,Birmingham 136F,E02006897,Birmingham 136,E08000025,Birmingham
E01034950,Birmingham 137F,E02006898,Birmingham 137,E08000025,Birmingham
E01034951,Birmingham 137G,E02006898,Birmingham 137,E08000025,Birmingham
E01034952,Birmingham 142B,E02007039,Birmingham 142,E08000025,Birmingham
E01034953,Birmingham 142C,E02007039,Birmingham 142,E08000025,Birmingham
E01034954,Birmingham 143A,E02007040,Birmingham 143,E08000025,Birmingham
E01034955,Birmingham 143B,E02007040,Birmingham 143,E08000025,Birmingham
E01035026,Rugby 013D,E02007048,Rugby 013,E07000220,Rugby
E01035076,Telford and Wrekin 024A,E02007050,Telford and Wrekin 024,E06000020,Telford and Wrekin
E01035077,Telford and Wrekin 024B,E02007050,Telford and Wrekin 024,E06000020,Telford and Wrekin
E01035078,Telford and Wrekin 024D,E02007050,Telford and Wrekin 024,E06000020,Telford and Wrekin
E01035079,Telford and Wrekin 025A,E02007051,Telford and Wrekin 025,E06000020,Telford and Wrekin
E01035080,Telford and Wrekin 025B,E02007051,Telford and Wrekin 025,E06000020,Telford and Wrekin
E01035081,Telford and Wrekin 025C,E02007051,Telford and Wrekin 025,E06000020,Telford and Wrekin
E01035082,Telford and Wrekin 025D,E02007051,Telford and Wrekin 025,E06000020,Telford and Wrekin
E01035083,Telford and Wrekin 025E,E02007051,Telford and Wrekin 025,E06000020,Telford and Wrekin
