MSOA21CD,gridcode,x,y,no22024,overlap_m2
E02001827,689041,410500,301500,8.820199,110.86486943794672
E02001827,689042,411500,301500,8.961114,88076.17228516404
E02001827,689730,409500,300500,10.01877,47434.05783447855
E02001827,689731,410500,300500,10.23336,782118.3119569158
E02001827,689732,411500,300500,9.365366,621779.8568734229
E02001827,690420,409500,299500,10.75903,36628.03431854296
E02001827,690421,410500,299500,10.73629,683657.454462137
E02001827,690422,411500,299500,10.62687,41468.89863639725
E02001827,691111,410500,298500,10.63819,19083.187533160377
E02001828,689042,411500,301500,8.961114,42401.197390300666
E02001828,689043,412500,301500,8.622145,12474.101083765237
E02001828,689732,411500,300500,9.365366,378220.1431265772
E02001828,689733,412500,300500,9.100857,278491.761734153
E02001828,690421,410500,299500,10.73629,246596.7903970312
E02001828,690422,411500,299500,10.62687,958531.1013636028
E02001828,690423,412500,299500,10.26479,248687.51490220986
E02001828,691111,410500,298500,10.63819,389628.0964665852
E02001828,691112,411500,298500,11.35261,604525.4201202272
E02001828,691113,412500,298500,11.15085,53303.94179509329
E02001828,691802,411500,297500,11.42486,2873.846970977903
E02001829,689733,412500,300500,9.100857,597093.2856277878
E02001829,689734,413500,300500,10.12501,361124.4727142466
E02001829,690423,412500,299500,10.26479,751312.4850977901
E02001829,690424,413500,299500,10.39886,996087.1483366333
E02001829,690425,414500,299500,10.41653,194974.71090505566
E02001829,691112,411500,298500,11.35261,154669.76340942364
E02001829,691113,412500,298500,11.15085,946696.0582049066
E02001829,691114,413500,298500,10.30912,920845.5645654477
E02001829,691115,414500,298500,10.55476,172047.19723102258
E02001829,691802,411500,297500,11.42486,82329.54276741395
E02001829,691803,412500,297500,11.4965,213376.38817162963
E02001829,691804,413500,297500,11.30891,48211.141033854285
E02001830,689730,409500,300500,10.01877,19612.718275057712
E02001830,690420,409500,299500,10.75903,523412.3672422291
E02001830,690421,410500,299500,10.73629,69745.75514083177
E02001830,691109,408500,298500,11.31702,283395.5193389881
E02001830,691110,409500,298500,10.57347,996681.4933798093
E02001830,691111,410500,298500,10.63819,591288.7160002545
E02001830,691112,411500,298500,11.35261,240804.81647034912
E02001830,691799,408500,297500,11.54067,589279.1679665026
E02001830,691800,409500,297500,10.70507,1000000.0
E02001830,691801,410500,297500,10.68722,1000000.0
E02001830,691802,411500,297500,11.42486,914796.610261608
E02001830,691803,412500,297500,11.4965,767163.186859521
E02001830,691804,413500,297500,11.30891,107273.03663290715
E02001830,692489,408500,296500,12.38843,646024.316155261
E02001830,692490,409500,296500,11.20735,1000000.0
E02001830,692491,410500,296500,11.02353,1000000.0
E02001830,692492,411500,296500,11.81325,747140.680865408
E02001830,692493,412500,296500,12.9991,420025.699546936
E02001830,693179,408500,295500,13.23592,122875.83566596186
E02001830,693180,409500,295500,12.47833,565424.5407536156
E02001830,693181,410500,295500,11.93705,917294.3774371439
E02001830,693182,411500,295500,12.66932,460224.25578740507
E02001830,693871,410500,294500,13.85474,59404.6303788587
E02001830,693872,411500,294500,13.68862,80542.9850750014
E02001831,691804,413500,297500,11.30891,210153.40168718676
E02001831,691805,414500,297500,10.02498,76350.6255224048
E02001831,691806,415500,297500,10.83798,2458.3090676497477
E02001831,692494,413500,296500,11.78457,637377.9560814282
E02001831,692495,414500,296500,11.05203,903388.4810531024
E02001831,692496,415500,296500,10.87841,191898.7558132314
E02001831,693184,413500,295500,12.3433,303185.8444087088
E02001831,693185,414500,295500,11.09112,179589.88261935805
E02001832,691803,412500,297500,11.4965,19460.424968849537
E02001832,691804,413500,297500,11.30891,302541.15793472104
E02001832,692493,412500,296500,12.9991,464129.75477971917
E02001832,692494,413500,296500,11.78457,362622.0439185717
E02001832,693183,412500,295500,12.57417,252690.56956330815
E02001832,693184,413500,295500,12.3433,655515.9819954487
E02001832,693873,412500,294500,12.97168,309734.2411928728
E02001832,693874,413500,294500,12.6204,819184.3707101103
E02001832,694564,413500,293500,13.52949,238691.54979868268
E02001833,692488,407500,296500,12.6583,170005.51378278498
E02001833,692489,408500,296500,12.38843,264875.5437486106
E02001833,693178,407500,295500,13.94613,143154.26106595396
E02001833,693179,408500,295500,13.23592,758271.0570521486
E02001833,693180,409500,295500,12.47833,86072.6064837492
E02001833,693868,407500,294500,15.18038,86751.29448489702
E02001833,693869,408500,294500,14.279,4451.792287976183
E02001833,693870,409500,294500,14.30061,17016.57380375394
E02001834,692488,407500,296500,12.6583,7461.418038831982
E02001834,693177,406500,295500,14.06236,60218.2906749146
E02001834,693178,407500,295500,13.94613,765955.5600850623
E02001834,693179,408500,295500,13.23592,379.8970000399579
E02001834,693867,406500,294500,15.28342,32351.20665981443
E02001834,693868,407500,294500,15.18038,201313.1731065331
E02001835,692492,411500,296500,11.81325,252859.31913459185
E02001835,692493,412500,296500,12.9991,115844.54567334485
E02001835,693182,411500,295500,12.66932,539775.7442125949
E02001835,693183,412500,295500,12.57417,747309.4304366919
E02001835,693184,413500,295500,12.3433,386.3039499342701
E02001835,693872,411500,294500,13.68862,524277.10420074954
E02001835,693873,412500,294500,12.97168,160370.53384845555
E02001836,693180,409500,295500,12.47833,348502.8527626353
E02001836,693181,410500,295500,11.93705,82705.622562856
E02001836,693870,409500,294500,14.30061,660135.7409143978
E02001836,693871,410500,294500,13.85474,857657.6756042588
E02001836,693872,411500,294500,13.68862,2430.018585497979
E02001836,694560,409500,293500,14.47257,240665.54242287608
E02001836,694561,410500,293500,14.38521,115266.25365956787
E02001837,693178,407500,295500,13.94613,2514.538454253557
E02001837,693179,408500,295500,13.23592,118473.21028184965
E02001837,693868,407500,294500,15.18038,85356.12899652435
E02001837,693869,408500,294500,14.279,847074.6462537027
E02001837,693870,409500,294500,14.30061,6650.283460929925
E02001837,694558,407500,293500,15.77664,39774.49776622442
E02001837,694559,408500,293500,15.09957,383213.46496806334
E02001838,691114,413500,298500,10.30912,79154.43543455226
E02001838,691115,414500,298500,10.55476,399419.3342818967
E02001838,691804,413500,297500,11.30891,331821.2627113308
E02001838,691805,414500,297500,10.02498,920873.5778969151
E02001838,691806,415500,297500,10.83798,429378.1746767016
E02001838,691807,416500,297500,9.57547,5036.647586852986
E02001838,692495,414500,296500,11.05203,96611.51894689772
E02001838,692496,415500,296500,10.87841,509048.31309195206
E02001838,692497,416500,296500,10.52778,13961.824483184426
E02001838,693184,413500,295500,12.3433,40911.86964590834
E02001838,693185,414500,295500,11.09112,820410.1173806419
E02001838,693186,415500,295500,10.75241,950586.6609272172
E02001838,693187,416500,295500,10.33984,253861.34332355455
E02001838,693874,413500,294500,12.6204,178699.34482549908
E02001838,693875,414500,294500,11.75277,1000000.0
E02001838,693876,415500,294500,11.21123,1000000.0
E02001838,693877,416500,294500,10.54892,772562.9506387893
E02001838,694564,413500,293500,13.52949,269325.3273821859
E02001838,694565,414500,293500,12.69973,955267.6863729844
E02001838,694566,415500,293500,12.06862,844769.8127928739
E02001838,694567,416500,293500,11.33181,928249.3917348355
E02001838,694568,417500,293500,11.5454,116761.86302162707
E02001838,695254,413500,292500,14.07386,18179.081538258564
E02001838,695255,414500,292500,14.26002,64216.493161622486
E02001838,695256,415500,292500,14.70882,75088.18697987408
E02001838,695257,416500,292500,13.05785,317708.700161522
E02001838,695258,417500,292500,12.47354,14343.391926797234
E02001839,693177,406500,295500,14.06236,57521.16512032805
E02001839,693866,405500,294500,17.60128,113878.00694311314
E02001839,693867,406500,294500,15.28342,921350.2850986654
E02001839,693868,407500,294500,15.18038,295857.72895840753
E02001839,694557,406500,293500,17.24504,126249.9481482145
E02001839,694558,407500,293500,15.77664,285731.6702869327
E02001839,695248,407500,292500,18.53835,45019.55628206707
E02001840,693869,408500,294500,14.279,148473.56145832114
E02001840,693870,409500,294500,14.30061,316197.4018209185
E02001840,694559,408500,293500,15.09957,382358.94133559125
E02001840,694560,409500,293500,14.47257,567950.614871236
E02001840,695249,408500,292500,15.87756,13431.600278767619
E02001840,695250,409500,292500,15.23101,122378.37369642408
E02001841,693872,411500,294500,13.68862,162486.06580114932
E02001841,693873,412500,294500,12.97168,529895.2249586715
E02001841,693874,413500,294500,12.6204,2116.284464390719
E02001841,694562,411500,293500,14.6208,416326.3381763994
E02001841,694563,412500,293500,13.50369,983673.594899679
E02001841,694564,413500,293500,13.52949,30071.067173676318
E02001841,695253,412500,292500,14.55493,175678.15152698182
E02001842,693865,404500,294500,16.9111,62491.74437462276
E02001842,693866,405500,294500,17.60128,274423.75602424575
E02001842,693867,406500,294500,15.28342,26088.185944612855
E02001842,694555,404500,293500,14.84737,133027.55184556154
E02001842,694556,405500,293500,15.90125,827768.1570693472
E02001842,694557,406500,293500,17.24504,73202.64751487324
E02001842,695246,405500,292500,15.39942,24002.092727898358
E02001843,693868,407500,294500,15.18038,330721.6744536379
E02001843,694558,407500,293500,15.77664,586879.1047655797
E02001843,694559,408500,293500,15.09957,190137.50848614352
E02001843,695248,407500,292500,18.53835,85120.63950947582
E02001843,695249,408500,292500,15.87756,49209.806814067335
E02001844,693871,410500,294500,13.85474,82937.69401688255
E02001844,693872,411500,294500,13.68862,230263.8263376018
E02001844,694561,410500,293500,14.38521,601863.623087024
E02001844,694562,411500,293500,14.6208,582596.6841600364
E02001844,694563,412500,293500,13.50369,7991.5470469544625
E02001844,695251,410500,292500,15.39995,13389.309424461642
E02001844,695252,411500,292500,15.41621,309873.36217232514
E02001844,695253,412500,292500,14.55493,100349.77072976009
E02001845,694556,405500,293500,15.90125,47240.554835412644
E02001845,694557,406500,293500,17.24504,800547.4043369123
E02001845,694558,407500,293500,15.77664,46840.31995905417
E02001845,695246,405500,292500,15.39942,11235.0914626645
E02001845,695247,406500,292500,16.47448,217374.74421515086
E02001845,695248,407500,292500,18.53835,28540.402491200733
E02001846,694560,409500,293500,14.47257,191383.84270588786
E02001846,694561,410500,293500,14.38521,205128.68503421405
E02001846,695250,409500,292500,15.23101,341122.8916400859
E02001846,695251,410500,292500,15.39995,527479.6244332086
E02001846,695941,410500,291500,16.99517,44564.66732422446
E02001847,694563,412500,293500,13.50369,8334.858053366428
E02001847,694564,413500,293500,13.52949,461912.0556454551
E02001847,694565,414500,293500,12.69973,44732.31362701566
E02001847,694566,415500,293500,12.06862,155230.18720712597
E02001847,694567,416500,293500,11.33181,70940.03674201324
E02001847,695253,412500,292500,14.55493,34587.991967440794
E02001847,695254,413500,292500,14.07386,725269.5040255182
E02001847,695255,414500,292500,14.26002,829721.1957970425
E02001847,695256,415500,292500,14.70882,924387.1098705934
E02001847,695257,416500,292500,13.05785,682291.299838478
E02001847,695258,417500,292500,12.47354,625354.2778989243
E02001847,695259,418500,292500,14.49959,102330.86021115695
E02001847,695945,414500,291500,15.21913,886.787961032993
E02001847,695946,415500,291500,14.31679,588948.5488182859
E02001847,695947,416500,291500,14.24207,864675.9356197409
E02001847,695948,417500,291500,13.11534,518119.24378318765
E02001847,695949,418500,291500,15.0697,118221.20189957412
E02001847,696635,414500,290500,16.57705,131350.7424017
E02001847,696636,415500,290500,16.37236,342595.82448035374
E02001847,696637,416500,290500,15.56591,231184.8168059363
E02001848,694558,407500,293500,15.77664,40774.40722220896
E02001848,694559,408500,293500,15.09957,44290.08521020185
E02001848,695248,407500,292500,18.53835,511556.29303694936
E02001848,695249,408500,292500,15.87756,924019.7605144249
E02001848,695250,409500,292500,15.23101,148123.3947447714
E02001848,695938,407500,291500,18.49876,2572.3179659170414
E02001848,695939,408500,291500,19.17089,338112.40001918224
E02001848,695940,409500,291500,16.89397,5945.664750473925
E02001849,694561,410500,293500,14.38521,77741.43821919405
E02001849,694562,411500,293500,14.6208,1076.97766356406
E02001849,695251,410500,292500,15.39995,428809.16098824196
E02001849,695252,411500,292500,15.41621,538527.321443811
E02001849,695941,410500,291500,16.99517,98735.16763327831
E02001849,695942,411500,291500,15.80434,191745.9890054719
E02001850,694555,404500,293500,14.84737,15208.758237341031
E02001850,694556,405500,293500,15.90125,124991.2880952402
E02001850,695245,404500,292500,14.66721,69877.1519235385
E02001850,695246,405500,292500,15.39942,863859.8440974688
E02001850,695247,406500,292500,16.47448,312099.93075925537
E02001850,695936,405500,291500,14.63728,260693.95353310858
E02001850,695937,406500,291500,16.58326,715815.6257036813
E02001850,696627,406500,290500,17.30792,8980.082436282006
E02001851,695252,411500,292500,15.41621,7589.411387888635
E02001851,695253,412500,292500,14.55493,660380.2895263735
E02001851,695254,413500,292500,14.07386,256551.4144362232
E02001851,695255,414500,292500,14.26002,5622.414481600908
E02001851,695943,412500,291500,15.87539,541464.9178441382
E02001851,695944,413500,291500,16.73512,684542.6555226217
E02001851,695945,414500,291500,15.21913,48990.27759773176
E02001851,696633,412500,290500,20.62659,4847.342732554447
E02001852,695249,408500,292500,15.87756,13338.832392740054
E02001852,695250,409500,292500,15.23101,388375.33991871873
E02001852,695251,410500,292500,15.39995,30321.905154087686
E02001852,695939,408500,291500,19.17089,90974.56995538034
E02001852,695940,409500,291500,16.89397,441993.2557750477
E02001852,695941,410500,291500,16.99517,224974.75832845367
E02001855,695255,414500,292500,14.26002,100439.89655973417
E02001855,695256,415500,292500,14.70882,524.7031495325988
E02001855,695944,413500,291500,16.73512,203484.73916954233
E02001855,695945,414500,291500,15.21913,950122.9344412353
E02001855,695946,415500,291500,14.31679,411051.451181714
E02001855,696633,412500,290500,20.62659,41943.247406722316
E02001855,696634,413500,290500,19.73813,661962.6446659032
E02001855,696635,414500,290500,16.57705,650559.012490855
E02001855,696636,415500,290500,16.37236,58800.81637213265
E02001855,697323,412500,289500,16.85463,215.4797411351751
E02001856,695939,408500,291500,19.17089,358947.1625680832
E02001856,695940,409500,291500,16.89397,480045.46648328495
E02001856,695941,410500,291500,16.99517,17476.709132662025
E02001856,696629,408500,290500,18.99095,362541.5419885755
E02001856,696630,409500,290500,21.0613,682074.4469838795
E02001856,696631,410500,290500,18.22499,28510.61161828973
E02001857,695940,409500,291500,16.89397,72015.61299119347
E02001857,695941,410500,291500,16.99517,614248.6975813814
E02001857,695942,411500,291500,15.80434,172205.19404184533
E02001857,696630,409500,290500,21.0613,144636.0196483842
E02001857,696631,410500,290500,18.22499,971489.3883817103
E02001857,696632,411500,290500,17.97213,313825.84145485953
E02001857,697320,409500,289500,20.03959,15582.193229767106
E02001857,697321,410500,289500,21.38177,281804.57989671716
E02001857,697322,411500,289500,19.22192,142006.4411684087
E02001858,695935,404500,291500,14.50107,112740.68873299217
E02001858,695936,405500,291500,14.63728,114433.11314351784
E02001858,696625,404500,290500,15.30811,393435.4729511735
E02001858,696626,405500,290500,15.52434,852985.784156164
E02001858,696627,406500,290500,17.30792,39.6238928130916
E02001858,697315,404500,289500,16.1737,28040.48375805364
E02001858,697316,405500,289500,16.22714,131069.22258714573
E02001859,695247,406500,292500,16.47448,470525.3250255938
E02001859,695248,407500,292500,18.53835,329763.108680307
E02001859,695937,406500,291500,16.58326,222170.5432315476
E02001859,695938,407500,291500,18.49876,997427.682034083
E02001859,695939,408500,291500,19.17089,211965.8674573542
E02001859,696627,406500,290500,17.30792,211027.14980145963
E02001859,696628,407500,290500,17.06654,804088.7664755495
E02001859,696629,408500,290500,18.99095,71498.73410818206
E02001859,697317,406500,289500,17.62535,22750.202513695476
E02001859,697318,407500,289500,18.47493,58261.21685618772
E02001860,695934,403500,291500,13.59691,49130.90798717003
E02001860,695935,404500,291500,14.50107,40039.2969905685
E02001860,696624,403500,290500,15.59046,319719.2068201429
E02001860,696625,404500,290500,15.30811,578115.2561866259
E02001860,697315,404500,289500,16.1737,1331.407954293026
E02001861,695936,405500,291500,14.63728,57613.302174065415
E02001861,695937,406500,291500,16.58326,62013.831064771184
E02001861,696626,405500,290500,15.52434,140399.4193470185
E02001861,696627,406500,290500,17.30792,774711.7820323698
E02001861,696628,407500,290500,17.06654,5372.1295375566515
E02001861,697316,405500,289500,16.22714,1848.0980054396623
E02001861,697317,406500,289500,17.62535,127903.82471510905
E02001861,697318,407500,289500,18.47493,2747.2054882808407
E02001862,695933,402500,291500,15.64595,47813.78828633377
E02001862,695934,403500,291500,13.59691,343941.1816914795
E02001862,696623,402500,290500,16.44468,308353.6329191044
E02001862,696624,403500,290500,15.59046,680280.7931798571
E02001862,696625,404500,290500,15.30811,94.4501859879546
E02001862,697313,402500,289500,15.89037,139326.15875335608
E02001862,697314,403500,289500,17.43812,669227.3233843307
E02001862,697315,404500,289500,16.1737,38100.685734640596
E02001863,696628,407500,290500,17.06654,190539.10398689387
E02001863,696629,408500,290500,18.99095,565959.7239032424
E02001863,696630,409500,290500,21.0613,154711.64591834735
E02001863,697318,407500,289500,18.47493,431797.73239918466
E02001863,697319,408500,289500,20.03497,817672.4537022216
E02001863,697320,409500,289500,20.03959,38559.22831769366
E02001863,698008,407500,288500,22.23719,8808.839243862392
E02001863,698009,408500,288500,19.46043,60788.140975732706
E02001865,696625,404500,290500,15.30811,28354.820676212574
E02001865,697314,403500,289500,17.43812,94649.8720258735
E02001865,697315,404500,289500,16.1737,721486.7670828358
E02001865,697316,405500,289500,16.22714,370492.0924146988
E02001865,698005,404500,288500,15.58944,5380.520832521537
E02001865,698006,405500,288500,17.26559,790.6270518479788
E02001866,696626,405500,290500,15.52434,6614.796496817457
E02001866,696627,406500,290500,17.30792,5241.361837075252
E02001866,697316,405500,289500,16.22714,375244.16717243526
E02001866,697317,406500,289500,17.62535,439197.46866868273
E02001866,698006,405500,288500,17.26559,37406.89068083241
E02001866,698007,406500,288500,19.37667,1493.3205526687702
E02001867,697317,406500,289500,17.62535,306882.83461714187
E02001867,697318,407500,289500,18.47493,430064.4919687222
E02001867,698007,406500,288500,19.37667,124247.58495111052
E02001867,698008,407500,288500,22.23719,56986.67653627691
E02001868,697323,412500,289500,16.85463,303134.7198182065
E02001868,697324,413500,289500,15.29278,268569.5780467253
E02001868,697325,414500,289500,14.46614,3646.4677625372065
E02001868,698013,412500,288500,15.47014,560619.7421032644
E02001868,698014,413500,288500,14.32472,628987.662710802
E02001868,698703,412500,287500,15.37827,8109.14657358737
E02001869,696630,409500,290500,21.0613,18577.8874493888
E02001869,697319,408500,289500,20.03497,182327.5462977785
E02001869,697320,409500,289500,20.03959,928657.9969752027
E02001869,697321,410500,289500,21.38177,356522.94415855146
E02001869,697322,411500,289500,19.22192,52166.636126785656
E02001869,698008,407500,288500,22.23719,5134.435073370609
E02001869,698009,408500,288500,19.46043,779990.9692082249
E02001869,698010,409500,288500,20.34217,368274.57899485086
E02001869,698699,408500,287500,19.56202,53847.64674313611
E02001869,698700,409500,287500,18.45228,2837.970420301396
E02001870,697322,411500,289500,19.22192,386544.7235794185
E02001870,697323,412500,289500,16.85463,426246.76782829134
E02001870,698012,411500,288500,16.02875,627199.9189347264
E02001870,698013,412500,288500,15.47014,282377.6258568582
E02001870,698702,411500,287500,15.54796,30449.36644471516
E02001870,698703,412500,287500,15.37827,175.00240440669413
E02001871,697324,413500,289500,15.29278,90212.69164769519
E02001871,697325,414500,289500,14.46614,381764.297801328
E02001871,697326,415500,289500,14.07659,37060.19184372279
E02001871,698014,413500,288500,14.32472,249021.07003502542
E02001871,698015,414500,288500,13.51495,715130.0676858274
E02001871,698016,415500,288500,13.35493,198562.23289974232
E02001872,697325,414500,289500,14.46614,11481.107329453798
E02001872,697326,415500,289500,14.07659,256488.2971560177
E02001872,697327,416500,289500,13.5494,98555.42895998836
E02001872,698015,414500,288500,13.51495,228198.30801259622
E02001872,698016,415500,288500,13.35493,740762.0788468552
E02001872,698017,416500,288500,13.0368,353699.7578991622
E02001872,698705,414500,287500,15.04653,123873.72400845791
E02001872,698706,415500,287500,14.04981,135818.28294679357
E02001873,697315,404500,289500,16.1737,205938.05207411427
E02001873,697316,405500,289500,16.22714,103962.76480695106
E02001873,698004,403500,288500,16.15914,24856.896617779727
E02001873,698005,404500,288500,15.58944,674539.307473137
E02001873,698006,405500,288500,17.26559,606634.4159446199
E02001873,698695,404500,287500,16.23099,99028.824909719
E02001873,698696,405500,287500,17.59524,122506.29039689063
E02001874,697320,409500,289500,20.03959,17200.581477336666
E02001874,697321,410500,289500,21.38177,361672.47594473144
E02001874,697322,411500,289500,19.22192,315219.2073564617
E02001874,698010,409500,288500,20.34217,151069.01884592755
E02001874,698011,410500,288500,17.43295,808782.0775296278
E02001874,698012,411500,288500,16.02875,239049.1923915283
E02001875,697316,405500,289500,16.22714,17383.65501332948
E02001875,697317,406500,289500,17.62535,103265.66948537085
E02001875,698006,405500,288500,17.26559,355168.06632269965
E02001875,698007,406500,288500,19.37667,568619.6506937039
E02001875,698696,405500,287500,17.59524,286574.35018984025
E02001875,698697,406500,287500,21.27829,105753.5591646749
E02001876,697318,407500,289500,18.47493,77129.35328762468
E02001876,698007,406500,288500,19.37667,305639.4438025167
E02001876,698008,407500,288500,22.23719,929070.0491464903
E02001876,698009,408500,288500,19.46043,105013.00471595263
E02001876,698697,406500,287500,21.27829,190015.82964210352
E02001876,698698,407500,287500,23.78764,911383.0791462517
E02001876,698699,408500,287500,19.56202,309079.199659939
E02001876,699388,407500,286500,20.05936,262985.7116735021
E02001876,699389,408500,286500,18.57859,110675.43371217782
E02001877,698010,409500,288500,20.34217,284241.2925877836
E02001877,698011,410500,288500,17.43295,191148.61143044662
E02001877,698012,411500,288500,16.02875,124993.89172380393
E02001877,698700,409500,287500,18.45228,12510.24745843551
E02001877,698701,410500,287500,16.31273,478260.47985764383
E02001877,698702,411500,287500,15.54796,148948.10108620915
E02001878,698009,408500,288500,19.46043,54207.885100089785
E02001878,698010,409500,288500,20.34217,196415.10957143796
E02001878,698011,410500,288500,17.43295,69.31103992546517
E02001878,698698,407500,287500,23.78764,1054.7690862976285
E02001878,698699,408500,287500,19.56202,637073.1535969249
E02001878,698700,409500,287500,18.45228,785408.1781568185
E02001878,698701,410500,287500,16.31273,89021.32365701292
E02001878,699389,408500,286500,18.57859,116951.67171015109
E02001878,699390,409500,286500,16.9843,316629.0366695431
E02001879,698004,403500,288500,16.15914,60934.90538867853
E02001879,698005,404500,288500,15.58944,289000.5951979666
E02001879,698694,403500,287500,14.72542,339459.38852978643
E02001879,698695,404500,287500,16.23099,810488.4441188636
E02001879,698696,405500,287500,17.59524,77324.8897000678
E02001879,699385,404500,286500,15.20986,43356.047152106876
E02001880,698014,413500,288500,14.32472,74587.11942028404
E02001880,698015,414500,288500,13.51495,56671.624301576434
E02001880,698704,413500,287500,14.40685,384376.0819085261
E02001880,698705,414500,287500,15.04653,675992.7006634615
E02001880,698706,415500,287500,14.04981,4.049958270568915
E02001880,699394,413500,286500,13.92902,14979.957025345519
E02001880,699395,414500,286500,13.62616,130245.9115397881
E02001881,698012,411500,288500,16.02875,8756.996949941402
E02001881,698013,412500,288500,15.47014,144133.58870768163
E02001881,698702,411500,287500,15.54796,703812.2481633552
E02001881,698703,412500,287500,15.37827,537393.7491779244
E02001881,699392,411500,286500,17.25048,46359.39802505125
E02001881,699393,412500,286500,14.42299,48063.56173040583
E02001882,698013,412500,288500,15.47014,12869.043332195637
E02001882,698014,413500,288500,14.32472,47404.14783388833
E02001882,698703,412500,287500,15.37827,454322.1018440816
E02001882,698704,413500,287500,14.40685,615623.9180914739
E02001882,698705,414500,287500,15.04653,9.243969653364552
E02001882,699393,412500,286500,14.42299,103007.3330379139
E02001882,699394,413500,286500,13.92902,321392.9223813492
E02001883,698016,415500,288500,13.35493,60675.68825340242
E02001883,698017,416500,288500,13.0368,71236.6288348907
E02001883,698705,414500,287500,15.04653,197871.00512063777
E02001883,698706,415500,287500,14.04981,864177.6670949359
E02001883,698707,416500,287500,12.79425,329684.2821927114
E02001883,699395,414500,286500,13.62616,29767.37567476969
E02001883,699396,415500,286500,14.51883,575392.1590217431
E02001883,699397,416500,286500,12.99354,224440.82140307373
E02001884,698700,409500,287500,18.45228,199243.60396444454
E02001884,698701,410500,287500,16.31273,432718.19648534333
E02001884,698702,411500,287500,15.54796,116790.28430572044
E02001884,699390,409500,286500,16.9843,197637.2485494697
E02001884,699391,410500,286500,16.30035,316514.231859571
E02001884,699392,411500,286500,17.25048,29894.9907032848
E02001886,698693,402500,287500,14.81094,91262.23397095117
E02001886,698694,403500,287500,14.72542,213282.58479553007
E02001886,698695,404500,287500,16.23099,90482.7309714175
E02001886,698696,405500,287500,17.59524,21558.73497768216
E02001886,699383,402500,286500,14.08459,557270.4168173486
E02001886,699384,403500,286500,14.36685,583013.3835881362
E02001886,699385,404500,286500,15.20986,407525.1377823858
E02001886,699386,405500,286500,18.19999,45148.61091723622
E02001888,698705,414500,287500,15.04653,2253.326237789403
E02001888,699394,413500,286500,13.92902,165488.21799996152
E02001888,699395,414500,286500,13.62616,828917.3626285531
E02001888,699396,415500,286500,14.51883,21488.47176072803
E02001888,700084,413500,285500,13.71187,8644.984451900158
E02001888,700085,414500,285500,13.34222,215955.6187248124
E02001888,700086,415500,285500,12.94378,488.79080126474423
E02001889,699391,410500,286500,16.30035,198484.39281955763
E02001889,699392,411500,286500,17.25048,428935.26620215917
E02001889,700081,410500,285500,15.45886,140891.8531688235
E02001889,700082,411500,285500,15.31269,169643.32383381072
E02001890,699384,403500,286500,14.36685,382775.42341836105
E02001890,699385,404500,286500,15.20986,471959.2851822503
E02001890,699386,405500,286500,18.19999,5367.666103550645
E02001890,700074,403500,285500,13.23474,500165.3591728945
E02001890,700075,404500,285500,14.3008,802856.3527874438
E02001890,700076,405500,285500,16.69525,315415.698179145
E02001890,700765,404500,284500,13.76993,18923.047622797472
E02001892,699392,411500,286500,17.25048,494810.3450695048
E02001892,699393,412500,286500,14.42299,704934.2468963489
E02001892,699394,413500,286500,13.92902,3523.331588358033
E02001892,700081,410500,285500,15.45886,983.0564395017573
E02001892,700082,411500,285500,15.31269,611020.959785515
E02001892,700083,412500,285500,14.38873,250081.0222325576
E02001893,699393,412500,286500,14.42299,143994.85833533117
E02001893,699394,413500,286500,13.92902,494615.57100498566
E02001893,699395,414500,286500,13.62616,2691.493092867686
E02001893,700083,412500,285500,14.38873,463317.03804408107
E02001893,700084,413500,285500,13.71187,481354.8322057936
E02001893,700774,413500,284500,14.11123,17718.406713556167
E02001895,699395,414500,286500,13.62616,8377.857064021373
E02001895,699396,415500,286500,14.51883,403119.36921752885
E02001895,699397,416500,286500,12.99354,281883.0660778312
E02001895,700085,414500,285500,13.34222,333318.46375165775
E02001895,700086,415500,285500,12.94378,907685.9859570812
E02001895,700087,416500,285500,13.39492,324375.0315131366
E02001895,700775,414500,284500,13.32823,112624.40533991418
E02001895,700776,415500,284500,13.65185,94799.22198029779
E02001896,699390,409500,286500,16.9843,7637.6176406328395
E02001896,699391,410500,286500,16.30035,9951.553181200708
E02001896,700080,409500,285500,16.3956,346643.6037653907
E02001896,700081,410500,285500,15.45886,551813.4594175271
E02001896,700770,409500,284500,17.18003,3479.2138117795266
E02001896,700771,410500,284500,16.92561,203354.91895023143
E02001897,699389,408500,286500,18.57859,105859.15496615863
E02001897,699390,409500,286500,16.9843,39542.596168891534
E02001897,700078,407500,285500,17.28938,355181.0840380206
E02001897,700079,408500,285500,16.75053,865250.7334778475
E02001897,700080,409500,285500,16.3956,491781.04011996515
E02001897,700769,408500,284500,15.67875,20843.704189625107
E02001898,700084,413500,285500,13.71187,458739.2920208965
E02001898,700085,414500,285500,13.34222,450725.9175235299
E02001898,700774,413500,284500,14.11123,57273.69815788035
E02001898,700775,414500,284500,13.32823,133427.68123568682
E02001899,699383,402500,286500,14.08459,82939.97997209741
E02001899,700071,400500,285500,13.29223,24545.219866890104
E02001899,700072,401500,285500,13.13942,478885.11584326817
E02001899,700073,402500,285500,12.65886,879805.3207028557
E02001899,700074,403500,285500,13.23474,52081.2281815982
E02001899,700761,400500,284500,12.41825,894.6963858859485
E02001899,700762,401500,284500,12.36511,341849.2577746398
E02001899,700763,402500,284500,12.58037,445338.65663005295
E02001900,699386,405500,286500,18.19999,31061.709881213697
E02001900,700076,405500,285500,16.69525,286364.5149223581
E02001900,700077,406500,285500,17.18277,408071.4635172694
E02001900,700078,407500,285500,17.28938,87711.21545639701
E02001900,700766,405500,284500,14.18805,147504.35701738222
E02001900,700767,406500,284500,15.22254,569991.9315696157
E02001900,700768,407500,284500,14.99246,57699.41586025247
E02001901,699383,402500,286500,14.08459,22319.292975453354
E02001901,699384,403500,286500,14.36685,34211.19299350263
E02001901,700073,402500,285500,12.65886,102989.13493250075
E02001901,700074,403500,285500,13.23474,395585.7083868706
E02001901,700763,402500,284500,12.58037,421291.2076978791
E02001901,700764,403500,284500,13.58022,644165.8729686452
E02001901,700765,404500,284500,13.76993,321.08544559087954
E02001901,701453,402500,283500,11.42826,47875.26989946549
E02001902,700083,412500,285500,14.38873,73994.98649878033
E02001902,700084,413500,285500,13.71187,51260.89132140952
E02001902,700773,412500,284500,15.03535,304521.153052135
E02001902,700774,413500,284500,14.11123,623766.1870992184
E02001902,700775,414500,284500,13.32823,70997.88336881025
E02001903,700079,408500,285500,16.75053,8945.42103313765
E02001903,700080,409500,285500,16.3956,61178.220231447325
E02001903,700769,408500,284500,15.67875,440721.44474552874
E02001903,700770,409500,284500,17.18003,219319.7198205721
E02001903,701459,408500,283500,13.89719,0.45515880832076294
E02001904,700081,410500,285500,15.45886,8441.333503873355
E02001904,700082,411500,285500,15.31269,208622.04889144667
E02001904,700083,412500,285500,14.38873,212606.95322458094
E02001904,700771,410500,284500,16.92561,321403.02365108137
E02001904,700772,411500,284500,16.73449,930328.1452486642
E02001904,700773,412500,284500,15.03535,403936.18151107087
E02001904,701462,411500,283500,14.58709,255703.15286106855
E02001904,701463,412500,283500,13.96812,51833.08319665517
E02001905,700074,403500,285500,13.23474,52167.70425863668
E02001905,700075,404500,285500,14.3008,197143.64721255624
E02001905,700076,405500,285500,16.69525,396720.1175900896
E02001905,700077,406500,285500,17.18277,26163.7880300582
E02001905,700764,403500,284500,13.58022,12094.656461691438
E02001905,700765,404500,284500,13.76993,860357.2519704754
E02001905,700766,405500,284500,14.18805,852495.6429826178
E02001905,700767,406500,284500,15.22254,330733.5209454458
E02001905,701455,404500,283500,16.69535,369655.18613002985
E02001905,701456,405500,283500,14.00292,842363.7146791338
E02001905,701457,406500,283500,13.50124,332311.18823847733
E02001905,702146,405500,282500,13.77254,89242.98422705162
E02001905,702147,406500,282500,12.52169,20223.65193066823
E02001906,700070,399500,285500,13.8612,5029.4700925504585
E02001906,700071,400500,285500,13.29223,56650.90162889454
E02001906,700760,399500,284500,13.89568,677119.1283606327
E02001906,700761,400500,284500,12.41825,850349.6662572996
E02001906,700762,401500,284500,12.36511,11351.729133052042
E02001906,701450,399500,283500,12.70229,62886.30657897807
E02001906,701451,400500,283500,11.14154,149637.0494493974
E02001906,701452,401500,283500,11.28728,38457.38137571708
E02001907,700086,415500,285500,12.94378,91825.2232416539
E02001907,700087,416500,285500,13.39492,31041.03566397028
E02001907,700774,413500,284500,14.11123,38221.408518347824
E02001907,700775,414500,284500,13.32823,666605.5063498836
E02001907,700776,415500,284500,13.65185,905200.7780197024
E02001907,700777,416500,284500,16.36555,542136.3149202495
E02001907,701465,414500,283500,14.22283,139671.83197315183
E02001907,701466,415500,283500,17.67491,330697.20122118556
E02001907,701467,416500,283500,16.92818,131562.77733690193
E02001908,700769,408500,284500,15.67875,32664.6389244567
E02001908,700770,409500,284500,17.18003,350602.40235136723
E02001908,701459,408500,283500,13.89719,8117.3634988835365
E02001908,701460,409500,283500,14.71948,137239.31141558653
E02001909,700078,407500,285500,17.28938,31899.69100286992
E02001909,700079,408500,285500,16.75053,40062.018729765594
E02001909,700768,407500,284500,14.99246,125019.84991074736
E02001909,700769,408500,284500,15.67875,478358.4701303933
E02001909,701459,408500,283500,13.89719,191933.4223022277
E02001910,700078,407500,285500,17.28938,41870.06360298452
E02001910,700767,406500,284500,15.22254,3228.604926260859
E02001910,700768,407500,284500,14.99246,593023.3095881802
E02001910,700769,408500,284500,15.67875,27056.71012057757
E02001910,701458,407500,283500,14.22159,442.46997007327093
E02001910,701459,408500,283500,13.89719,214321.4919091481
E02001911,700071,400500,285500,13.29223,50315.96638038078
E02001911,700761,400500,284500,12.41825,148328.51421388646
E02001911,700762,401500,284500,12.36511,645578.1422024865
E02001911,700763,402500,284500,12.58037,12583.140510822692
E02001911,701451,400500,283500,11.14154,50281.051811390156
E02001911,701452,401500,283500,11.28728,479101.75364814396
E02001913,700762,401500,284500,12.36511,1220.8708898217442
E02001913,700763,402500,284500,12.58037,120786.9951612452
E02001913,700764,403500,284500,13.58022,343739.47056966333
E02001913,700765,404500,284500,13.76993,120398.61496113628
E02001913,701452,401500,283500,11.28728,119849.17655396207
E02001913,701453,402500,283500,11.42826,436050.84336634184
E02001913,701454,403500,283500,13.53081,925157.8377860539
E02001913,701455,404500,283500,16.69535,375983.4780192449
E02001913,702144,403500,282500,12.12734,30778.895242437917
E02001913,702145,404500,282500,14.3558,1.068467797695706
E02001914,700767,406500,284500,15.22254,91170.37767810868
E02001914,700768,407500,284500,14.99246,178743.86178327532
E02001914,701457,406500,283500,13.50124,667688.8117615225
E02001914,701458,407500,283500,14.22159,265656.22765245923
E02001914,702147,406500,282500,12.52169,859569.8363727187
E02001914,702148,407500,282500,13.299,288273.75661580695
E02001914,702837,406500,281500,12.83576,12318.965802681298
E02001915,700772,411500,284500,16.73449,66630.92555189312
E02001915,700773,412500,284500,15.03535,291542.66543679405
E02001915,700774,413500,284500,14.11123,52238.71906714688
E02001915,701462,411500,283500,14.58709,71268.73063889718
E02001915,701463,412500,283500,13.96812,940983.50039279
E02001915,701464,413500,283500,13.02993,216216.49681406797
E02001915,702152,411500,282500,13.34255,23580.516982660323
E02001915,702153,412500,282500,12.78794,260789.7626730627
E02001915,702154,413500,282500,13.1047,1259.3137955597856
E02001916,701461,410500,283500,14.78638,425232.2773949517
E02001916,701462,411500,283500,14.58709,665778.5181448618
E02001916,701463,412500,283500,13.96812,7183.41641055486
E02001916,702151,410500,282500,13.92564,129817.43724974984
E02001916,702152,411500,282500,13.34255,202207.63075061425
E02001916,702153,412500,282500,12.78794,27574.600195788495
E02001918,700768,407500,284500,14.99246,45513.56285754471
E02001918,700769,408500,284500,15.67875,355.0318894183862
E02001918,701458,407500,283500,14.22159,733901.3023774676
E02001918,701459,408500,283500,13.89719,137890.32572269192
E02001918,702148,407500,282500,13.299,561750.8638772712
E02001918,702149,408500,282500,12.91633,159101.53723763113
E02001919,701459,408500,283500,13.89719,393450.76726949256
E02001919,701460,409500,283500,14.71948,47200.91007781856
E02001919,702149,408500,282500,12.91633,582349.551388091
E02001919,702150,409500,282500,12.95294,73057.68369252907
E02001920,700760,399500,284500,13.89568,6021.149058706943
E02001920,700761,400500,284500,12.41825,427.1231429280043
E02001920,701449,398500,283500,12.28772,7111.727169626335
E02001920,701450,399500,283500,12.70229,771297.2083424616
E02001920,701451,400500,283500,11.14154,800081.8987392124
E02001920,701452,401500,283500,11.28728,96367.93041104583
E02001920,702139,398500,282500,10.87189,44004.01339188295
E02001920,702140,399500,282500,11.19654,334203.0512182578
E02001920,702141,400500,282500,11.41646,706270.0065756908
E02001920,702142,401500,282500,11.03697,6266.063640257531
E02001920,702831,400500,281500,9.985238,5320.766231330074
E02001921,701452,401500,283500,11.28728,266223.758011131
E02001921,701453,402500,283500,11.42826,516073.88673419267
E02001921,701454,403500,283500,13.53081,49180.96441737699
E02001921,702141,400500,282500,11.41646,20704.369032339964
E02001921,702142,401500,282500,11.03697,585336.4823318231
E02001921,702143,402500,282500,11.18762,492223.1116057929
E02001921,702144,403500,282500,12.12734,69804.67547264184
E02001922,701454,403500,283500,13.53081,25661.197796569348
E02001922,701455,404500,283500,16.69535,254361.33585072527
E02001922,701456,405500,283500,14.00292,4434.227409232813
E02001922,702144,403500,282500,12.12734,54502.89381523556
E02001922,702145,404500,282500,14.3558,852582.961355703
E02001922,702146,405500,282500,13.77254,232879.66759164806
E02001923,701460,409500,283500,14.71948,30.363711315611553
E02001923,701461,410500,283500,14.78638,114764.97465056699
E02001923,702150,409500,282500,12.95294,572646.9167505603
E02001923,702151,410500,282500,13.92564,754007.6032632794
E02001923,702152,411500,282500,13.34255,2864.3887764076144
E02001923,702840,409500,281500,12.15916,106332.50358612016
E02001923,702841,410500,281500,12.91778,193895.82591286473
E02001924,702151,410500,282500,13.92564,96272.66440452675
E02001924,702152,411500,282500,13.34255,606534.1790751654
E02001924,702841,410500,281500,12.91778,127779.3082341468
E02001924,702842,411500,281500,12.2455,325873.1460241484
E02001925,702143,402500,282500,11.18762,168440.08292602064
E02001925,702144,403500,282500,12.12734,844913.5354696847
E02001925,702145,404500,282500,14.3558,73347.77328649703
E02001925,702833,402500,281500,11.07207,14519.182611130691
E02001925,702834,403500,281500,11.71868,656276.4914525702
E02001925,702835,404500,281500,12.66451,449943.3581399063
E02001925,703524,403500,280500,11.36158,154.8544504681965
E02001926,701456,405500,283500,14.00292,153202.05791163325
E02001926,702145,404500,282500,14.3558,74068.19689000242
E02001926,702146,405500,282500,13.77254,677877.3481813002
E02001926,702147,406500,282500,12.52169,53027.81130694598
E02001926,702835,404500,281500,12.66451,343005.6723676057
E02001926,702836,405500,281500,13.18052,462490.5593924815
E02001926,702837,406500,281500,12.83576,47.64598225389792
E02001927,702142,401500,282500,11.03697,385117.70150112483
E02001927,702143,402500,282500,11.18762,334681.4257055708
E02001927,702832,401500,281500,10.61766,483738.51563522324
E02001927,702833,402500,281500,11.07207,305669.62890363985
E02001927,703522,401500,280500,10.26943,6907.092653234653
E02001928,702139,398500,282500,10.87189,25989.400540582737
E02001928,702140,399500,282500,11.19654,665796.948781742
E02001928,702141,400500,282500,11.41646,2789.0734580167887
E02001928,702829,398500,281500,10.86095,21097.411821589303
E02001928,702830,399500,281500,11.05308,852193.1102516772
E02001928,702831,400500,281500,9.985238,27226.4779653323
E02001928,703520,399500,280500,9.246093,8707.49988619409
E02001929,702152,411500,282500,13.34255,164813.2844151524
E02001929,702153,412500,282500,12.78794,514879.8111906955
E02001929,702842,411500,281500,12.2455,313934.3676587099
E02001929,702843,412500,281500,11.88211,319612.2715611144
E02001929,703532,411500,280500,12.00441,82950.8791203571
E02001930,702147,406500,282500,12.52169,8100.389279045401
E02001930,702148,407500,282500,13.299,149975.37950692183
E02001930,702149,408500,282500,12.91633,106238.16537285062
E02001930,702837,406500,281500,12.83576,74053.96832331046
E02001930,702838,407500,281500,13.15363,741700.0955266901
E02001930,702839,408500,281500,12.23658,204901.96227240213
E02001930,703528,407500,280500,12.17299,793.9554941969633
E02001931,702149,408500,282500,12.91633,152310.74600142706
E02001931,702150,409500,282500,12.95294,258085.8790317875
E02001931,702839,408500,281500,12.23658,344649.25445283746
E02001931,702840,409500,281500,12.15916,852949.0366897935
E02001931,702841,410500,281500,12.91778,387156.38177276583
E02001931,703530,409500,280500,11.39863,306081.71456826973
E02001931,703531,410500,280500,11.62973,206010.38075211123
E02001932,702141,400500,282500,11.41646,270236.5509339525
E02001932,702142,401500,282500,11.03697,23279.752526794495
E02001932,702830,399500,281500,11.05308,29947.935321882524
E02001932,702831,400500,281500,9.985238,967452.7558033378
E02001932,702832,401500,281500,10.61766,496075.3535965477
E02001932,703520,399500,280500,9.246093,51349.84426243073
E02001932,703521,400500,280500,9.174288,959725.8266250486
E02001932,703522,401500,280500,10.26943,392277.4795073135
E02001932,704211,400500,279500,9.891635,125476.13462878542
E02001932,704212,401500,279500,10.75335,21157.48460040949
E02001933,702147,406500,282500,12.52169,59078.311110621726
E02001933,702836,405500,281500,13.18052,233934.32808595133
E02001933,702837,406500,281500,12.83576,796562.137843326
E02001933,702838,407500,281500,13.15363,4602.787463980527
E02001933,703526,405500,280500,13.85093,248538.68042676998
E02001933,703527,406500,280500,12.45701,318256.33563292236
E02001934,702841,410500,281500,12.91778,291168.48408022255
E02001934,702842,411500,281500,12.2455,328219.33550363645
E02001934,703531,410500,280500,11.62973,352086.0046373879
E02001934,703532,411500,280500,12.00441,234757.5820618297
E02001934,704221,410500,279500,11.09273,50.18539465364908
E02001934,704222,411500,279500,11.74888,230.74282721121847
E02001935,702143,402500,282500,11.18762,4655.379762615621
E02001935,702832,401500,281500,10.61766,20186.13076822901
E02001935,702833,402500,281500,11.07207,626623.0309923899
E02001935,702834,403500,281500,11.71868,113363.31313313433
E02001935,703522,401500,280500,10.26943,342994.89849933283
E02001935,703523,402500,280500,11.46656,650127.2429192216
E02001935,704212,401500,279500,10.75335,150715.13668076892
E02001935,704213,402500,279500,11.36712,57822.56591180431
E02001936,702837,406500,281500,12.83576,117017.28204842843
E02001936,702838,407500,281500,13.15363,220647.78466075912
E02001936,703527,406500,280500,12.45701,411722.0611566777
E02001936,703528,407500,280500,12.17299,469046.77958742867
E02001936,704217,406500,279500,11.9836,149.47624477680577
E02001936,704218,407500,279500,11.67291,12870.587958352267
E02001937,702838,407500,281500,13.15363,33049.332348570155
E02001937,702839,408500,281500,12.23658,450448.78327476047
E02001937,702840,409500,281500,12.15916,40718.459724086395
E02001937,703528,407500,280500,12.17299,101997.36473419836
E02001937,703529,408500,280500,11.49564,804056.11901443
E02001937,703530,409500,280500,11.39863,248212.24013098318
E02001937,704219,408500,279500,11.24715,112251.2797757429
E02001937,704220,409500,279500,11.25005,43602.78609538786
E02001938,702835,404500,281500,12.66451,199805.67550255437
E02001938,702836,405500,281500,13.18052,303575.1125215671
E02001938,703524,403500,280500,11.36158,4089.1085016364777
E02001938,703525,404500,280500,12.29252,698396.7810886605
E02001938,703526,405500,280500,13.85093,574393.6767881076
E02001938,704215,404500,279500,16.52964,7293.336362293523
E02001938,704216,405500,279500,13.87485,61530.1264196459
E02001939,702833,402500,281500,11.07207,53188.15749283973
E02001939,702834,403500,281500,11.71868,230360.1954142955
E02001939,702835,404500,281500,12.66451,7245.293989933565
E02001939,703523,402500,280500,11.46656,326851.2576776122
E02001939,703524,403500,280500,11.36158,923757.9964680048
E02001939,703525,404500,280500,12.29252,112614.5404526793
E02001939,704213,402500,279500,11.36712,40187.359763749
E02001939,704214,403500,279500,11.54803,25616.267366798507
E02001941,703529,408500,280500,11.49564,5110.527278979327
E02001941,703530,409500,280500,11.39863,444132.7074926338
E02001941,704219,408500,279500,11.24715,16548.23417221227
E02001941,704220,409500,279500,11.25005,771634.4272437873
E02001941,704221,410500,279500,11.09273,147039.74086186537
E02001941,704910,409500,278500,10.26306,16112.901703182459
E02001941,704911,410500,278500,10.45777,1906.2223723087463
E02001942,703524,403500,280500,11.36158,44974.64066141095
E02001942,703525,404500,280500,12.29252,188988.67845866026
E02001942,703526,405500,280500,13.85093,19652.63818852621
E02001942,704213,402500,279500,11.36712,52832.8389521258
E02001942,704214,403500,279500,11.54803,414842.9491149194
E02001942,704215,404500,279500,16.52964,430937.2481247059
E02001942,704216,405500,279500,13.87485,10680.892773001036
E02001943,703528,407500,280500,12.17299,428161.9001841761
E02001943,703529,408500,280500,11.49564,190833.35370659077
E02001943,704218,407500,279500,11.67291,311745.3900386719
E02001943,704219,408500,279500,11.24715,705300.135304358
E02001943,704909,408500,278500,10.26056,42336.9891365444
E02001944,703526,405500,280500,13.85093,91215.45911691406
E02001944,703527,406500,280500,12.45701,270021.6032103999
E02001944,704216,405500,279500,13.87485,175673.11976276553
E02001944,704217,406500,279500,11.9836,975733.2419748444
E02001944,704218,407500,279500,11.67291,309722.8041898866
E02001944,704906,405500,278500,11.1958,17951.524750874185
E02001944,704907,406500,278500,10.16655,28481.309716384054
E02001945,703522,401500,280500,10.26943,257820.52934011907
E02001945,704210,399500,279500,9.104384,43252.285220753096
E02001945,704211,400500,279500,9.891635,385475.04383662995
E02001945,704212,401500,279500,10.75335,600269.0748476767
E02001945,704213,402500,279500,11.36712,170.46308792359363
E02001945,704900,399500,278500,9.511806,158812.86490702236
E02001945,704901,400500,278500,10.193,134178.389090517
E02001945,704902,401500,278500,10.77811,26089.473394955785
E02001946,703523,402500,280500,11.46656,23021.499403166275
E02001946,703524,403500,280500,11.36158,27023.399918479605
E02001946,704212,401500,279500,10.75335,113913.65734020228
E02001946,704213,402500,279500,11.36712,835993.5438449607
E02001946,704214,403500,279500,11.54803,328446.33111158316
E02001946,704902,401500,278500,10.77811,52415.80336731492
E02001946,704903,402500,278500,10.68298,269367.98173424613
E02001946,704904,403500,278500,10.7861,148508.9045109647
E02001947,704217,406500,279500,11.9836,15985.153289469585
E02001947,704218,407500,279500,11.67291,326484.41568309086
E02001947,704906,405500,278500,11.1958,9452.775195468781
E02001947,704907,406500,278500,10.16655,474461.78240743035
E02001947,704908,407500,278500,10.45911,401177.1759334581
E02001948,704218,407500,279500,11.67291,39176.802129998396
E02001948,704219,408500,279500,11.24715,165900.35074768687
E02001948,704220,409500,279500,11.25005,136814.76187321922
E02001948,704908,407500,278500,10.45911,156445.0823681527
E02001948,704909,408500,278500,10.26056,734613.2908715495
E02001948,704910,409500,278500,10.26306,15404.186903511692
E02001948,705599,408500,277500,9.268263,3189.7717568174476
E02001949,703526,405500,280500,13.85093,66199.54547968217
E02001949,704215,404500,279500,16.52964,82073.075025147
E02001949,704216,405500,279500,13.87485,752115.8610445875
E02001949,704217,406500,279500,11.9836,8132.128490909249
E02001949,704905,404500,278500,11.32536,282473.2571500254
E02001949,704906,405500,278500,11.1958,714852.9324659654
E02001949,705596,405500,277500,9.599264,664.272165907622
E02001950,704212,401500,279500,10.75335,112040.63189625072
E02001950,704901,400500,278500,10.193,192005.05726489663
E02001950,704902,401500,278500,10.77811,921494.7232377294
E02001950,704903,402500,278500,10.68298,258654.4768121788
E02001950,705591,400500,277500,9.932618,67079.86241437416
E02001950,705592,401500,277500,10.27643,318833.81106687523
E02001950,705593,402500,277500,10.24988,12138.434039192822
E02001951,704210,399500,279500,9.104384,24142.276335917464
E02001951,704211,400500,279500,9.891635,1817.1772101094036
E02001951,704898,397500,278500,10.27101,46379.35380861342
E02001951,704899,398500,278500,9.14634,672787.3247424711
E02001951,704900,399500,278500,9.511806,523280.3879148689
E02001951,704901,400500,278500,10.193,170095.016023938
E02001951,705589,398500,277500,9.059762,143056.6548958385
E02001951,705590,399500,277500,9.625141,34815.39842974456
E02001952,704213,402500,279500,11.36712,12993.228439436545
E02001952,704214,403500,279500,11.54803,71408.51826111988
E02001952,704903,402500,278500,10.68298,471977.54145357513
E02001952,704904,403500,278500,10.7861,477570.99435478117
E02001952,705592,401500,277500,10.27643,172575.4122749006
E02001952,705593,402500,277500,10.24988,411160.6757136198
E02001952,705594,403500,277500,10.67509,49570.87556683024
E02001953,704214,403500,279500,11.54803,159685.9341455791
E02001953,704215,404500,279500,16.52964,479696.3404878535
E02001953,704904,403500,278500,10.7861,373920.10113425413
E02001953,704905,404500,278500,11.32536,597182.3777960688
E02001953,705593,402500,277500,10.24988,6234.692099272326
E02001953,705594,403500,277500,10.67509,482872.15649126994
E02001953,705595,404500,277500,10.53863,79695.5005808722
E02001954,704905,404500,278500,11.32536,120344.3650539059
E02001954,704906,405500,278500,11.1958,124475.3273889188
E02001954,705594,403500,277500,10.67509,268900.53434322856
E02001954,705595,404500,277500,10.53863,895192.0056488276
E02001954,705596,405500,277500,9.599264,258459.655828628
E02001954,706284,403500,276500,9.212924,13710.268999263175
E02001954,706285,404500,276500,8.958571,157556.71617775416
E02001955,704211,400500,279500,9.891635,969.0444955005623
E02001955,704900,399500,278500,9.511806,271.4544913822318
E02001955,704901,400500,278500,10.193,476340.0928983145
E02001955,705590,399500,277500,9.625141,33944.61659576777
E02001955,705591,400500,277500,9.932618,902358.5193907699
E02001955,705592,401500,277500,10.27643,219552.92319325486
E02001955,706280,399500,276500,8.398268,68875.47138835298
E02001955,706281,400500,276500,8.863003,922912.6950568676
E02001955,706282,401500,276500,9.558683,183786.1662811069
E02001955,706971,400500,275500,8.330359,40731.730684394366
E02001956,704899,398500,278500,9.14634,7999.104822393392
E02001956,704900,399500,278500,9.511806,251505.44952498257
E02001956,704901,400500,278500,10.193,27381.444722333705
E02001956,705589,398500,277500,9.059762,3307.5751165412194
E02001956,705590,399500,277500,9.625141,866771.8638229968
E02001956,705591,400500,277500,9.932618,30561.61819485588
E02001956,706280,399500,276500,8.398268,401040.04521331436
E02001956,706281,400500,276500,8.863003,24631.686640935095
E02001957,705592,401500,277500,10.27643,289037.85346496926
E02001957,705593,402500,277500,10.24988,559982.7252116475
E02001957,705594,403500,277500,10.67509,109325.11010871161
E02001957,706282,401500,276500,9.558683,229208.9982460431
E02001957,706283,402500,276500,9.29201,144386.32485564577
E02001957,706284,403500,276500,9.212924,8747.004759199714
E02001958,700795,434500,284500,11.73804,252867.53194581467
E02001958,700796,435500,284500,14.32267,478759.82778887445
E02001958,700797,436500,284500,10.7405,372184.4338003694
E02001958,701484,433500,283500,10.27159,42231.90541577307
E02001958,701485,434500,283500,13.47791,652823.9632172397
E02001958,701486,435500,283500,11.47946,704894.4263857607
E02001958,701487,436500,283500,12.66127,120248.97281501908
E02001958,702175,434500,282500,12.85846,34696.99141042693
E02001958,702176,435500,282500,11.6587,22493.767760266794
E02001959,700102,431500,285500,9.708342,76907.85851813713
E02001959,700791,430500,284500,7.468411,333077.64445332636
E02001959,700792,431500,284500,8.03159,856843.8777505354
E02001959,700793,432500,284500,10.24244,314084.6336899243
E02001959,701481,430500,283500,7.71495,283107.8500354428
E02001959,701482,431500,283500,8.125791,976785.4894487656
E02001959,701483,432500,283500,9.301267,865057.1941648648
E02001959,701484,433500,283500,10.27159,211927.16775120585
E02001959,702171,430500,282500,8.679296,38242.51417441545
E02001959,702172,431500,282500,8.792902,46760.84491945244
E02001959,702173,432500,282500,9.864618,284405.73786917987
E02001961,701486,435500,283500,11.47946,290749.5675470639
E02001961,701487,436500,283500,12.66127,103637.82928896781
E02001961,702176,435500,282500,11.6587,597180.662515931
E02001961,702177,436500,282500,10.79848,203382.46120868612
E02001961,702866,435500,281500,11.91617,293999.5985332103
E02001961,702867,436500,281500,10.86904,19559.907170345934
E02001962,701485,434500,283500,13.47791,152950.4744472704
E02001962,701486,435500,283500,11.47946,2779.4071824773246
E02001962,702175,434500,282500,12.85846,723013.6094444118
E02001962,702176,435500,282500,11.6587,380325.5697238023
E02001962,702865,434500,281500,13.46163,60388.582611919286
E02001962,702866,435500,281500,11.91617,110298.19632784433
E02001963,701482,431500,283500,8.125791,14838.095429506157
E02001963,701483,432500,283500,9.301267,105234.87186742733
E02001963,702172,431500,282500,8.792902,380230.7904509277
E02001963,702173,432500,282500,9.864618,503361.40421909146
E02001963,702862,431500,281500,9.554196,118637.45505270136
E02001963,702863,432500,281500,10.76435,162738.26966230833
E02001964,700797,436500,284500,10.7405,62236.71947387423
E02001964,701486,435500,283500,11.47946,1576.5988846981277
E02001964,701487,436500,283500,12.66127,771860.8618367845
E02001964,701488,437500,283500,11.57357,522032.4070069824
E02001964,702177,436500,282500,10.79848,717080.1065960047
E02001964,702178,437500,282500,11.69729,329212.5081611115
E02001964,702179,438500,282500,13.52396,16.167496652313872
E02001964,702867,436500,281500,10.86904,450041.1504200478
E02001964,702868,437500,281500,10.66698,433789.3816380309
E02001964,703557,436500,280500,11.24584,7469.428417552478
E02001964,703558,437500,280500,12.54486,1206.611535643646
E02001965,702177,436500,282500,10.79848,79537.43219530914
E02001965,702178,437500,282500,11.69729,614584.6004060776
E02001965,702179,438500,282500,13.52396,394958.4882684629
E02001965,702868,437500,281500,10.66698,400692.86887382466
E02001965,702869,438500,281500,10.69003,714839.3981554215
E02001965,702870,439500,281500,10.21652,8087.873992548397
E02001965,703558,437500,280500,12.54486,8058.762725788727
E02001965,703559,438500,280500,10.77956,38355.72781448392
E02001966,702174,433500,282500,12.32494,36954.850600542675
E02001966,702175,434500,282500,12.85846,171226.9740943247
E02001966,702864,433500,281500,12.63025,352124.2669052653
E02001966,702865,434500,281500,13.46163,462297.40036322543
E02001966,703554,433500,280500,13.89653,152385.81886669446
E02001966,703555,434500,280500,13.40165,14.177896056400252
E02001967,700788,427500,284500,7.17027,357008.4249625196
E02001967,700789,428500,284500,7.131861,682404.0534054994
E02001967,700790,429500,284500,7.336004,363527.50752779905
E02001967,700791,430500,284500,7.468411,190466.01374059054
E02001967,701478,427500,283500,6.915612,312269.82246298634
E02001967,701479,428500,283500,6.903658,1000000.0
E02001967,701480,429500,283500,7.101504,1000000.0
E02001967,701481,430500,283500,7.71495,716892.1499645571
E02001967,701482,431500,283500,8.125791,8376.415121728105
E02001967,702167,426500,282500,7.428222,156739.87325898695
E02001967,702168,427500,282500,7.003613,644444.7182387438
E02001967,702169,428500,282500,7.114225,1000000.0
E02001967,702170,429500,282500,7.475672,1000000.0
E02001967,702171,430500,282500,8.679296,961757.4858255845
E02001967,702172,431500,282500,8.792902,573008.36462962
E02001967,702857,426500,281500,7.086714,451678.99187053525
E02001967,702858,427500,281500,7.591144,1000000.0
E02001967,702859,428500,281500,7.830018,1000000.0
E02001967,702860,429500,281500,8.531779,999975.6882785381
E02001967,702861,430500,281500,9.29406,948913.2752179252
E02001967,702862,431500,281500,9.554196,399687.98173944757
E02001967,703547,426500,280500,6.862333,239702.17881226513
E02001967,703548,427500,280500,7.557873,747117.9106369662
E02001967,703549,428500,280500,7.86963,780040.7870924457
E02001967,703550,429500,280500,9.582565,358496.2627264625
E02001967,703551,430500,280500,9.69497,447093.66018177074
E02001967,704238,427500,279500,9.543058,11206.399752090765
E02001968,702173,432500,282500,9.864618,103055.51080481613
E02001968,702174,433500,282500,12.32494,512754.30950763926
E02001968,702175,434500,282500,12.85846,21.98161572264349
E02001968,702863,432500,281500,10.76435,210035.4285546669
E02001968,702864,433500,281500,12.63025,611995.1568915886
E02001968,703553,432500,280500,11.17581,79748.43915613681
E02001968,703554,433500,280500,13.89653,69605.9333275164
E02001969,702173,432500,282500,9.864618,11743.887265358457
E02001969,702863,432500,281500,10.76435,450290.32242687565
E02001969,703553,432500,280500,11.17581,468951.80930568476
E02001970,702866,435500,281500,11.91617,161820.93557217973
E02001970,702867,436500,281500,10.86904,530398.9424096063
E02001970,702868,437500,281500,10.66698,165517.74948814436
E02001970,703556,435500,280500,11.9889,47092.97800290914
E02001970,703557,436500,280500,11.24584,537327.1829891393
E02001970,703558,437500,280500,12.54486,308299.7426683793
E02001971,702862,431500,281500,9.554196,375391.56538767664
E02001971,702863,432500,281500,10.76435,176935.97935614915
E02001971,703552,431500,280500,10.40118,395808.6094822465
E02001971,703553,432500,280500,11.17581,165367.21018690168
E02001971,704242,431500,279500,10.84546,143.44850361741928
E02001972,702865,434500,281500,13.46163,477314.01702485536
E02001972,702866,435500,281500,11.91617,43922.26271533595
E02001972,703554,433500,280500,13.89653,364140.6140299006
E02001972,703555,434500,280500,13.40165,826743.5780165461
E02001972,703556,435500,280500,11.9889,11420.881317294616
E02001972,704244,433500,279500,14.66537,166556.03069904784
E02001972,704245,434500,279500,13.97196,4.825955756446307
E02001973,702866,435500,281500,11.91617,389959.00685142976
E02001973,703555,434500,280500,13.40165,4843.169468576711
E02001973,703556,435500,280500,11.9889,690460.4135926132
E02001973,704245,434500,279500,13.97196,16168.34953522489
E02001973,704246,435500,279500,12.46402,191664.4959747298
E02001974,702861,430500,281500,9.29406,51086.724782074896
E02001974,702862,431500,281500,9.554196,106282.99782017441
E02001974,703551,430500,280500,9.69497,268692.3438318317
E02001974,703552,431500,280500,10.40118,604191.3905177535
E02001974,703553,432500,280500,11.17581,38400.76004615343
E02001974,704241,430500,279500,10.34848,32076.510433894357
E02001974,704242,431500,279500,10.84546,592020.1296381135
E02001974,704243,432500,279500,12.04821,344427.3215059323
E02001975,703556,435500,280500,11.9889,623.0100555793883
E02001975,703557,436500,280500,11.24584,381628.83124403795
E02001975,703558,437500,280500,12.54486,260763.67420418462
E02001975,704247,436500,279500,11.63418,506980.6128886518
E02001975,704248,437500,279500,10.29813,45681.007687670695
E02001976,702179,438500,282500,13.52396,12752.064555130342
E02001976,702180,439500,282500,12.08485,10799.280515224722
E02001976,702869,438500,281500,10.69003,285160.60184457863
E02001976,702870,439500,281500,10.21652,180305.92535203847
E02001976,703557,436500,280500,11.24584,46.40820591153091
E02001976,703558,437500,280500,12.54486,421671.20886600384
E02001976,703559,438500,280500,10.77956,849455.4033960674
E02001976,703560,439500,280500,8.977684,5613.798250818267
E02001976,704247,436500,279500,11.63418,47019.06622828664
E02001976,704248,437500,279500,10.29813,902585.1451100941
E02001976,704249,438500,279500,9.887666,493186.3947129817
E02001976,704938,437500,278500,10.48227,152951.42232173716
E02001976,704939,438500,278500,10.60094,4119.9346375045925
E02001977,702864,433500,281500,12.63025,35880.576203146156
E02001977,703553,432500,280500,11.17581,247531.7813051233
E02001977,703554,433500,280500,13.89653,413867.6337758887
E02001977,704243,432500,279500,12.04821,521879.03603550844
E02001977,704244,433500,279500,14.66537,254009.23432691777
E02001977,704933,432500,278500,11.92873,268.2960821303608
E02001978,703556,435500,280500,11.9889,250402.71703160356
E02001978,703557,436500,280500,11.24584,73528.14914335875
E02001978,704246,435500,279500,12.46402,406693.9405287916
E02001978,704247,436500,279500,11.63418,268312.21619323565
E02001979,703550,429500,280500,9.582565,347382.9147689056
E02001979,703551,430500,280500,9.69497,284213.99598639755
E02001979,704240,429500,279500,9.648275,250072.4701103098
E02001979,704241,430500,279500,10.34848,504911.9668979655
E02001979,704242,431500,279500,10.84546,169.94382437242785
E02001980,702860,429500,281500,8.531779,24.311721461862923
E02001980,703549,428500,280500,7.86963,202608.5472639356
E02001980,703550,429500,280500,9.582565,294120.82250463206
E02001980,704239,428500,279500,8.825252,219905.89595311915
E02001980,704240,429500,279500,9.648275,613153.2459272835
E02001980,704241,430500,279500,10.34848,9780.544168073942
E02001980,704930,429500,278500,9.56425,26334.46617812981
E02001980,704931,430500,278500,11.75451,9947.139694371059
E02001981,703555,434500,280500,13.40165,168399.0746188207
E02001981,704244,433500,279500,14.66537,264907.637047182
E02001981,704245,434500,279500,13.97196,800556.2770899246
E02001981,704935,434500,278500,14.523,6591.270964127961
E02001982,703548,427500,280500,7.557873,250475.86963101398
E02001982,703549,428500,280500,7.86963,17350.665643618515
E02001982,704237,426500,279500,6.900694,1201.6506819280464
E02001982,704238,427500,279500,9.543058,906284.1209670765
E02001982,704239,428500,279500,8.825252,324924.00007763645
E02001982,704927,426500,278500,6.942556,19417.819592804364
E02001982,704928,427500,278500,8.087228,540773.9279800836
E02001983,704240,429500,279500,9.648275,8940.416449274577
E02001983,704241,430500,279500,10.34848,453230.97850006615
E02001983,704242,431500,279500,10.84546,391440.3354592096
E02001983,704243,432500,279500,12.04821,821.6634774334915
E02001983,704931,430500,278500,11.75451,876021.5858655816
E02001983,704932,431500,278500,10.53626,287274.6823663339
E02001983,705621,430500,277500,11.05374,40682.053293412166
E02001984,704246,435500,279500,12.46402,298976.48956793686
E02001984,704247,436500,279500,11.63418,156268.76892897493
E02001984,704936,435500,278500,12.50114,616947.5505720088
E02001984,704937,436500,278500,10.95794,490024.3209524111
E02001984,705626,435500,277500,12.20072,25389.29011034822
E02001985,704244,433500,279500,14.66537,2341.5699209798786
E02001985,704245,434500,279500,13.97196,183270.54741909404
E02001985,704246,435500,279500,12.46402,102665.07392854175
E02001985,704934,433500,278500,16.47649,35380.01972019372
E02001985,704935,434500,278500,14.523,751838.3853540807
E02001985,704936,435500,278500,12.50114,29379.289649225284
E02001985,705625,434500,277500,14.00158,105557.68869522004
E02001985,705626,435500,277500,12.20072,819.9246630932392
E02001986,704238,427500,279500,9.543058,48692.718335323545
E02001986,704239,428500,279500,8.825252,455170.10396924434
E02001986,704240,429500,279500,9.648275,85741.87315091083
E02001986,704928,427500,278500,8.087228,258736.725072879
E02001986,704929,428500,278500,8.754158,935338.2240600358
E02001986,704930,429500,278500,9.56425,144343.02833553738
E02001986,705619,428500,277500,8.8646,64004.93571897984
E02001987,704242,431500,279500,10.84546,16226.142574687065
E02001987,704243,432500,279500,12.04821,13276.520529617132
E02001987,704932,431500,278500,10.53626,518703.4001713292
E02001987,704933,432500,278500,11.92873,290831.68120962376
E02001988,704243,432500,279500,12.04821,119595.45845150875
E02001988,704244,433500,279500,14.66537,312185.5280058725
E02001988,704933,432500,278500,11.92873,492481.11775269854
E02001988,704934,433500,278500,16.47649,921819.6199606095
E02001988,704935,434500,278500,14.523,93879.89569053026
E02001988,705623,432500,277500,10.0965,4870.327848888163
E02001988,705624,433500,277500,11.23288,102929.44008260485
E02001988,705625,434500,277500,14.00158,135376.94919186007
E02001989,704240,429500,279500,9.648275,42091.99436222122
E02001989,704930,429500,278500,9.56425,827374.9299301221
E02001989,704931,430500,278500,11.75451,107195.65203871366
E02001989,705620,429500,277500,10.20401,214580.97483244864
E02001989,705621,430500,277500,11.05374,115630.78126919892
E02001990,704247,436500,279500,11.63418,21419.335760850903
E02001990,704248,437500,279500,10.29813,51733.84720223543
E02001990,704249,438500,279500,9.887666,11865.651882900404
E02001990,704937,436500,278500,10.95794,125247.98909896538
E02001990,704938,437500,278500,10.48227,840493.2488858305
E02001990,704939,438500,278500,10.60094,640513.3760283757
E02001990,705628,437500,277500,9.81858,325910.2460883821
E02001990,705629,438500,277500,11.24251,249632.0313449801
E02001991,704931,430500,278500,11.75451,6835.622401333436
E02001991,704932,431500,278500,10.53626,194021.9174623369
E02001991,704933,432500,278500,11.92873,216418.9049555473
E02001991,704934,433500,278500,16.47649,4503.877371341409
E02001991,705621,430500,277500,11.05374,473575.2674626909
E02001991,705622,431500,277500,9.397262,1000000.0
E02001991,705623,432500,277500,10.0965,991532.2855900977
E02001991,705624,433500,277500,11.23288,23123.41111494867
E02001991,706311,430500,276500,9.070986,244.33750002349325
E02001991,706312,431500,276500,9.436202,215478.37162211956
E02001991,706313,432500,276500,9.766262,218565.96619326674
E02001991,706314,433500,276500,10.21193,631.6794515716479
E02001992,704936,435500,278500,12.50114,44515.332273392196
E02001992,704937,436500,278500,10.95794,384727.68994862336
E02001992,704938,437500,278500,10.48227,6555.328792432365
E02001992,704939,438500,278500,10.60094,2801.359886584183
E02001992,705626,435500,277500,12.20072,255728.91960567154
E02001992,705627,436500,277500,10.07284,772388.5477170128
E02001992,705628,437500,277500,9.81858,674089.7539116179
E02001992,705629,438500,277500,11.24251,340233.20202090626
E02001992,706317,436500,276500,9.860291,67132.4133277028
E02001992,706318,437500,276500,9.592357,284430.23190909514
E02001992,706319,438500,276500,8.381455,22222.581972014956
E02001993,704928,427500,278500,8.087228,159698.64788512647
E02001993,704929,428500,278500,8.754158,64661.775939964245
E02001993,704930,429500,278500,9.56425,1947.5755562106815
E02001993,705618,427500,277500,8.150606,814371.7415870215
E02001993,705619,428500,277500,8.8646,935995.0642810201
E02001993,705620,429500,277500,10.20401,769844.0927301978
E02001993,705621,430500,277500,11.05374,134592.29741167434
E02001993,706308,427500,276500,7.244844,214017.3640061667
E02001993,706309,428500,276500,8.756249,555570.1067037509
E02001993,706310,429500,276500,9.765697,416056.31204349536
E02001994,704934,433500,278500,16.47649,38296.482947855344
E02001994,705623,432500,277500,10.0965,101.13511559714564
E02001994,705624,433500,277500,11.23288,809944.0971801727
E02001994,705625,434500,277500,14.00158,275614.17931125074
E02001994,706314,433500,276500,10.21193,152931.45976957306
E02001994,706315,434500,276500,12.55909,93765.75949503826
E02001995,704935,434500,278500,14.523,147690.447991261
E02001995,704936,435500,278500,12.50114,309157.8275053737
E02001995,705625,434500,277500,14.00158,483451.18280166923
E02001995,705626,435500,277500,12.20072,717539.8100541482
E02001995,705627,436500,277500,10.07284,95180.95810733561
E02001995,706315,434500,276500,12.55909,636292.3614073449
E02001995,706316,435500,276500,10.22544,914345.9013602241
E02001995,706317,436500,276500,9.860291,43484.37747060725
E02001995,707005,434500,275500,11.17503,332886.5014338646
E02001995,707006,435500,275500,11.05631,578455.6895428037
E02001995,707007,436500,275500,10.67624,286757.4238547667
E02001996,705626,435500,277500,12.20072,522.0555667387902
E02001996,705627,436500,277500,10.07284,132430.4941756516
E02001996,706316,435500,276500,10.22544,85654.09863977582
E02001996,706317,436500,276500,9.860291,875524.0561158685
E02001996,706318,437500,276500,9.592357,326545.91960570257
E02001996,707007,436500,275500,10.67624,125305.14040402517
E02001997,705623,432500,277500,10.0965,3496.251445416971
E02001997,705624,433500,277500,11.23288,64003.05162227372
E02001997,706313,432500,276500,9.766262,51137.22048909458
E02001997,706314,433500,276500,10.21193,826159.6007407478
E02001997,706315,434500,276500,12.55909,269941.8790976169
E02001997,707003,432500,275500,8.884829,73261.9759446281
E02001997,707004,433500,275500,10.58891,720201.8809628289
E02001997,707005,434500,275500,11.17503,74988.45237083934
E02001997,707693,432500,274500,8.370804,4850.668400760046
E02001997,707694,433500,274500,9.110884,73523.86858582123
E02001998,706312,431500,276500,9.436202,32236.91172680816
E02001998,706313,432500,276500,9.766262,710940.2953179324
E02001998,706314,433500,276500,10.21193,20277.260038107524
E02001998,707002,431500,275500,8.024777,132791.4455965113
E02001998,707003,432500,275500,8.884829,414205.5081195397
E02001998,707004,433500,275500,10.58891,9177.542258695014
E02001999,705620,429500,277500,10.20401,15574.932437353385
E02001999,705621,430500,277500,11.05374,235519.60056302376
E02001999,706310,429500,276500,9.765697,414196.7020632273
E02001999,706311,430500,276500,9.070986,999755.6624999765
E02001999,706312,431500,276500,9.436202,752284.7166510723
E02001999,706313,432500,276500,9.766262,19356.51799970636
E02001999,707000,429500,275500,8.609027,89281.98690872507
E02001999,707001,430500,275500,7.746398,878965.421856713
E02001999,707002,431500,275500,8.024777,588106.7837615683
E02001999,707691,430500,274500,7.33977,562296.449426415
E02001999,707692,431500,274500,7.489853,113171.99603273708
E02002000,693165,394500,295500,12.89968,138106.6565935181
E02002000,693854,393500,294500,14.15721,64042.38201568668
E02002000,693855,394500,294500,12.99524,917643.784603986
E02002000,693856,395500,294500,12.8468,95023.86803870182
E02002000,694545,394500,293500,13.13475,774911.802570661
E02002000,694546,395500,293500,13.80317,87841.79041257779
E02002000,695235,394500,292500,14.46119,263422.449435022
E02002001,693162,391500,295500,9.482939,110666.04352819474
E02002001,693163,392500,295500,11.10619,9283.759591315194
E02002001,693852,391500,294500,9.603377,616029.576479152
E02002001,693853,392500,294500,10.8258,432430.8395714254
E02002001,693854,393500,294500,14.15721,70.55468074348882
E02002001,694542,391500,293500,10.14404,210185.8711132072
E02002001,694543,392500,293500,10.79213,583687.6859963237
E02002001,694544,393500,293500,11.62628,33581.85725889807
E02002002,693162,391500,295500,9.482939,219531.1416095405
E02002002,693851,390500,294500,8.245207,176700.35922980157
E02002002,693852,391500,294500,9.603377,383918.7763043322
E02002002,694541,390500,293500,8.636779,140836.7521424905
E02002002,694542,391500,293500,10.14404,789752.430088953
E02002002,694543,392500,293500,10.79213,3775.710103374161
E02002002,695231,390500,292500,8.509028,149893.511414733
E02002002,695232,391500,292500,9.778917,517502.57064778946
E02002002,695233,392500,292500,10.8971,10059.29826795947
E02002003,693853,392500,294500,10.8258,6600.289601240367
E02002003,693854,393500,294500,14.15721,274831.02645471145
E02002003,693855,394500,294500,12.99524,18245.04247094806
E02002003,694543,392500,293500,10.79213,23318.563668676667
E02002003,694544,393500,293500,11.62628,952431.6439392584
E02002003,694545,394500,293500,13.13475,219486.85786871763
E02002003,695234,393500,292500,11.60968,429881.99003460025
E02002003,695235,394500,292500,14.46119,250857.43290392574
E02002004,694542,391500,293500,10.14404,61.698797839824095
E02002004,694543,392500,293500,10.79213,389218.04023162543
E02002004,694544,393500,293500,11.62628,13986.498801843592
E02002004,695232,391500,292500,9.778917,29453.29789656426
E02002004,695233,392500,292500,10.8971,770988.8793749444
E02002004,695234,393500,292500,11.60968,341246.1816696679
E02002004,695923,392500,291500,11.8993,88217.7771383781
E02002004,695924,393500,291500,11.84483,53798.38334043558
E02002005,695234,393500,292500,11.60968,228871.82829573192
E02002005,695235,394500,292500,14.46119,240723.12981850601
E02002005,695923,392500,291500,11.8993,19664.89020131983
E02002005,695924,393500,291500,11.84483,670710.4074670871
E02002005,695925,394500,291500,12.9844,938794.8314901575
E02002005,695926,395500,291500,14.82088,279987.549831472
E02002005,696614,393500,290500,12.51758,2673.6390454234793
E02002005,696615,394500,290500,15.48162,387738.75366737344
E02002005,696616,395500,290500,14.59777,284197.5778021003
E02002006,695232,391500,292500,9.778917,320947.1655817805
E02002006,695233,392500,292500,10.8971,218951.82235709624
E02002006,695922,391500,291500,10.47732,377922.895749921
E02002006,695923,392500,291500,11.8993,261990.70001211276
E02002006,696612,391500,290500,10.44975,187992.48037097766
E02002006,696613,392500,290500,11.17522,11480.839233396908
E02002007,695230,389500,292500,7.675728,23563.274265304965
E02002007,695231,390500,292500,8.509028,482355.1779531355
E02002007,695232,391500,292500,9.778917,132096.96587386582
E02002007,695920,389500,291500,8.236866,19399.940080897664
E02002007,695921,390500,291500,9.188402,797511.5115144119
E02002007,695922,391500,291500,10.47732,622077.104250079
E02002007,696611,390500,290500,9.884667,463442.79130646185
E02002007,696612,391500,290500,10.44975,298709.3165606745
E02002008,695923,392500,291500,11.8993,630126.6326481896
E02002008,695924,393500,291500,11.84483,219613.28150525934
E02002008,696612,391500,290500,10.44975,423505.7526927283
E02002008,696613,392500,290500,11.17522,642285.709005648
E02002008,696614,393500,290500,12.51758,206265.38548014426
E02002008,697302,391500,289500,10.36559,53155.91163828844
E02002009,696615,394500,290500,15.48162,176922.26341784967
E02002009,696616,395500,290500,14.59777,572421.7537224634
E02002009,696617,396500,290500,13.88088,50213.721348898835
E02002009,697306,395500,289500,13.00685,432784.1256131618
E02002010,695924,393500,291500,11.84483,55877.92768721792
E02002010,696613,392500,290500,11.17522,3025.0784148837747
E02002010,696614,393500,290500,12.51758,775758.4852070742
E02002010,696615,394500,290500,15.48162,297186.0584765534
E02002010,697303,392500,289500,13.33463,61120.81488337527
E02002010,697304,393500,289500,13.81143,650839.4269293789
E02002010,697305,394500,289500,15.75527,1780.3168584863124
E02002010,697993,392500,288500,12.86577,47797.978044443276
E02002010,697994,393500,288500,13.2999,200430.94305646178
E02002011,696609,388500,290500,8.198848,349050.4465499264
E02002011,696610,389500,290500,11.19051,764794.7418573337
E02002011,696611,390500,290500,9.884667,161895.73580300043
E02002011,697298,387500,289500,7.667381,15680.652953790872
E02002011,697299,388500,289500,10.20097,708372.5167612607
E02002011,697300,389500,289500,10.72227,854565.3254633346
E02002011,697301,390500,289500,12.34833,314750.36665303254
E02002011,697989,388500,288500,8.873878,42176.41399197497
E02002011,697990,389500,288500,9.129209,9239.180868160014
E02002012,696612,391500,290500,10.44975,73271.37937080354
E02002012,696613,392500,290500,11.17522,343208.37334607134
E02002012,696614,393500,290500,12.51758,15302.49026735808
E02002012,697302,391500,289500,10.36559,673502.045538067
E02002012,697303,392500,289500,13.33463,938869.621804799
E02002012,697304,393500,289500,13.81143,33877.00362566729
E02002012,697992,391500,288500,10.55097,124809.9824022152
E02002012,697993,392500,288500,12.86577,247267.3350909993
E02002012,697994,393500,288500,13.2999,33.73626880024552
E02002013,696608,387500,290500,7.081681,134607.96659758594
E02002013,696609,388500,290500,8.198848,235855.91956629543
E02002013,696610,389500,290500,11.19051,5892.595185024317
E02002013,697298,387500,289500,7.667381,635871.5742194519
E02002013,697299,388500,289500,10.20097,291627.4832387393
E02002013,697988,387500,288500,7.561876,234587.41083904722
E02002013,697989,388500,288500,8.873878,352067.2598560166
E02002014,696615,394500,290500,15.48162,138152.92443822345
E02002014,696616,395500,290500,14.59777,6192.357514002701
E02002014,697304,393500,289500,13.81143,72464.65724128722
E02002014,697305,394500,289500,15.75527,901805.8604439856
E02002014,697306,395500,289500,13.00685,446291.8384766061
E02002014,697995,394500,288500,12.37731,199879.69906696366
E02002014,697996,395500,288500,12.22342,290817.5859994837
E02002015,696611,390500,290500,9.884667,343501.93853058777
E02002015,696612,391500,290500,10.44975,16521.07100481598
E02002015,697300,389500,289500,10.72227,145434.67453666538
E02002015,697301,390500,289500,12.34833,663492.3118893458
E02002015,697302,391500,289500,10.36559,65109.5650336273
E02002015,697989,388500,288500,8.873878,31175.885635485392
E02002015,697990,389500,288500,9.129209,538919.3251201255
E02002015,697991,390500,288500,9.803942,453809.5466526791
E02002016,697301,390500,289500,12.34833,21757.3214576217
E02002016,697302,391500,289500,10.36559,208232.47779001715
E02002016,697303,392500,289500,13.33463,9.563311825816292
E02002016,697991,390500,288500,9.803942,360143.0223154418
E02002016,697992,391500,288500,10.55097,875190.0175977848
E02002016,697993,392500,288500,12.86577,532359.9978223605
E02002016,697994,393500,288500,13.2999,209668.09760460633
E02002016,698681,390500,287500,10.22989,64247.78699067046
E02002016,698682,391500,287500,11.30478,254444.3892415662
E02002016,698683,392500,287500,13.34892,2764.011190180645
E02002017,697304,393500,289500,13.81143,242818.91220366667
E02002017,697305,394500,289500,15.75527,96413.82269752803
E02002017,697994,393500,288500,13.2999,331457.49507492734
E02002017,697995,394500,288500,12.37731,715485.2003217662
E02002017,697996,395500,288500,12.22342,138460.72876756603
E02002017,698685,394500,287500,13.16938,391216.26986494806
E02002017,698686,395500,287500,12.94843,501027.35942797555
E02002017,699376,395500,286500,12.51581,22319.93772936263
E02002018,697988,387500,288500,7.561876,194236.80751891033
E02002018,697989,388500,288500,8.873878,574580.4405165231
E02002018,697990,389500,288500,9.129209,451026.6782089841
E02002018,697991,390500,288500,9.803942,164455.50552589013
E02002018,698678,387500,287500,7.298312,27782.125676464257
E02002018,698679,388500,287500,8.35085,664895.6245119432
E02002018,698680,389500,287500,9.423142,103753.13582837171
E02002019,697993,392500,288500,12.86577,13974.37768515209
E02002019,697994,393500,288500,13.2999,258409.72799520436
E02002019,697995,394500,288500,12.37731,84635.10061127009
E02002019,698683,392500,287500,13.34892,177053.61707981265
E02002019,698684,393500,287500,11.82413,1000000.0
E02002019,698685,394500,287500,13.16938,608783.730135052
E02002019,698686,395500,287500,12.94843,2987.2947578284065
E02002019,699373,392500,286500,11.99627,2564.1335397837647
E02002019,699374,393500,286500,11.00154,98614.75018402628
E02002019,699375,394500,286500,11.80991,306564.9546689275
E02002019,699376,395500,286500,12.51581,48194.503850066416
E02002020,697990,389500,288500,9.129209,814.815802730238
E02002020,697991,390500,288500,9.803942,21591.925505988987
E02002020,698678,387500,287500,7.298312,5092.9341054958195
E02002020,698679,388500,287500,8.35085,322136.37944099953
E02002020,698680,389500,287500,9.423142,896246.8641716284
E02002020,698681,390500,287500,10.22989,567184.8438102445
E02002020,699368,387500,286500,7.132709,202.44657953420003
E02002020,699369,388500,286500,8.06364,244930.5779175125
E02002020,699370,389500,286500,9.839166,390019.68694111553
E02002020,699371,390500,286500,11.11207,5710.0663932803145
E02002021,697993,392500,288500,12.86577,158600.31135704473
E02002021,698681,390500,287500,10.22989,174367.40496842747
E02002021,698682,391500,287500,11.30478,691759.5085249757
E02002021,698683,392500,287500,13.34892,820121.6837015072
E02002021,699372,391500,286500,11.01978,469138.0986057783
E02002021,699373,392500,286500,11.99627,593895.5938567532
E02002022,698681,390500,287500,10.22989,194199.9642306577
E02002022,698682,391500,287500,11.30478,53796.10223345806
E02002022,699370,389500,286500,9.839166,349833.11058009416
E02002022,699371,390500,286500,11.11207,906969.2669445077
E02002022,699372,391500,286500,11.01978,224995.64197433754
E02002022,700060,389500,285500,10.58928,193338.53513447603
E02002022,700061,390500,285500,9.734731,129380.04015277413
E02002023,698679,388500,287500,8.35085,8971.676024514729
E02002023,699369,388500,286500,8.06364,545529.8782983687
E02002023,699370,389500,286500,9.839166,260147.2024787903
E02002023,700059,388500,285500,8.099311,16063.945534097167
E02002023,700060,389500,285500,10.58928,86049.48585173931
E02002024,698683,392500,287500,13.34892,60.68802849944189
E02002024,699373,392500,286500,11.99627,223791.93586440926
E02002024,699374,393500,286500,11.00154,818325.8551899202
E02002024,699375,394500,286500,11.80991,263831.3154858746
E02002024,700063,392500,285500,11.64456,604285.7353236364
E02002024,700064,393500,285500,11.15326,208160.79644188719
E02002024,700753,392500,284500,11.79277,85247.10345272181
E02002025,699378,397500,286500,13.03475,223259.24842357475
E02002025,699379,398500,286500,14.15289,440845.8948944373
E02002025,700067,396500,285500,12.96207,45016.930598103194
E02002025,700068,397500,285500,12.16372,920253.071815479
E02002025,700069,398500,285500,12.47946,299071.8754396292
E02002025,700758,397500,284500,13.65704,281970.5381098179
E02002026,699372,391500,286500,11.01978,300696.59560672665
E02002026,699373,392500,286500,11.99627,179748.33673905383
E02002026,700062,391500,285500,10.01246,547031.4056519711
E02002026,700063,392500,285500,11.64456,385358.15810627275
E02002026,700752,391500,284500,10.50839,159729.83174173633
E02002026,700753,392500,284500,11.79277,1444.1643624395642
E02002027,699371,390500,286500,11.11207,87320.66666221191
E02002027,699372,391500,286500,11.01978,5169.663813157594
E02002027,700061,390500,285500,9.734731,581193.0098273891
E02002027,700062,391500,285500,10.01246,450080.3305066874
E02002027,700751,390500,284500,10.67596,37882.88970605391
E02002027,700752,391500,284500,10.50839,29974.289849315996
E02002028,700059,388500,285500,8.099311,491638.6026565727
E02002028,700060,389500,285500,10.58928,342822.28886298795
E02002028,700749,388500,284500,8.063055,322192.4167090644
E02002028,700750,389500,284500,9.515508,90132.53057721071
E02002029,699379,398500,286500,14.15289,140505.48823709058
E02002029,699380,399500,286500,12.81248,1434.6299425048255
E02002029,700068,397500,285500,12.16372,17229.57040639538
E02002029,700069,398500,285500,12.47946,700928.1245603707
E02002029,700070,399500,285500,13.8612,165683.48205138854
E02002029,700758,397500,284500,13.65704,238259.06599046133
E02002029,700759,398500,284500,12.22248,618503.0667488603
E02002029,700760,399500,284500,13.89568,16328.84019814172
E02002030,700060,389500,285500,10.58928,377789.69015079655
E02002030,700061,390500,285500,9.734731,289426.9500198368
E02002030,700750,389500,284500,9.515508,131031.65663006438
E02002030,700751,390500,284500,10.67596,501082.9221625414
E02002030,700752,391500,284500,10.50839,419693.00014173874
E02002030,701442,391500,283500,10.06494,2535.7265106455234
E02002031,700063,392500,285500,11.64456,4144.059693422695
E02002031,700064,393500,285500,11.15326,606430.7356864916
E02002031,700065,394500,285500,12.72902,59391.18156976435
E02002031,700753,392500,284500,11.79277,447032.7493022093
E02002031,700754,393500,284500,11.03301,461475.47048133693
E02002031,700755,394500,284500,10.82317,23914.295508335024
E02002031,701443,392500,283500,9.098161,135444.3066320046
E02002031,701444,393500,283500,8.522468,68850.79466030265
E02002032,700065,394500,285500,12.72902,188489.78798956552
E02002032,700066,395500,285500,11.23034,3458.5459993678996
E02002032,700754,393500,284500,11.03301,538524.5295186631
E02002032,700755,394500,284500,10.82317,976085.704491665
E02002032,700756,395500,284500,10.69406,190819.5987234342
E02002032,701444,393500,283500,8.522468,386344.534335132
E02002032,701445,394500,283500,8.857155,293386.4683898344
E02002032,701446,395500,283500,9.868441,6146.220506255284
E02002033,700067,396500,285500,12.96207,173315.22730763778
E02002033,700068,397500,285500,12.16372,46665.66820377821
E02002033,700756,395500,284500,10.69406,662327.8255125063
E02002033,700757,396500,284500,11.5385,982126.3967876583
E02002033,700758,397500,284500,13.65704,363523.5697154878
E02002033,701446,395500,283500,9.868441,351094.5512370885
E02002033,701447,396500,283500,11.55437,288517.8843630531
E02002033,701448,397500,283500,11.41115,28753.25100496928
E02002034,700749,388500,284500,8.063055,114394.50262374312
E02002034,700750,389500,284500,9.515508,742218.0884612084
E02002034,700751,390500,284500,10.67596,446394.375277902
E02002034,700752,391500,284500,10.50839,5773.259631644697
E02002034,701440,389500,283500,8.52722,236309.5076600563
E02002034,701441,390500,283500,9.581397,244721.5469490852
E02002034,701442,391500,283500,10.06494,2274.790404837213
E02002035,700758,397500,284500,13.65704,116246.826184233
E02002035,700759,398500,284500,12.22248,381496.9332511396
E02002035,700760,399500,284500,13.89568,247897.43187865603
E02002035,701447,396500,283500,11.55437,4775.598175374877
E02002035,701448,397500,283500,11.41115,589806.7766058268
E02002035,701449,398500,283500,12.28772,992888.2728303737
E02002035,701450,399500,283500,12.70229,165816.48507856036
E02002035,702137,396500,282500,9.373571,86879.8419068607
E02002035,702138,397500,282500,9.183773,726586.626475161
E02002035,702139,398500,282500,10.87189,930006.5860675344
E02002035,702828,397500,281500,8.50233,451758.980764396
E02002035,702829,398500,281500,10.86095,434001.9076132229
E02002036,700062,391500,285500,10.01246,2888.2638413414065
E02002036,700063,392500,285500,11.64456,6212.04687666809
E02002036,700752,391500,284500,10.50839,372057.37884019566
E02002036,700753,392500,284500,11.79277,466275.9828826293
E02002036,701442,391500,283500,10.06494,22658.803510838057
E02002036,701443,392500,283500,9.098161,761574.4439238036
E02002036,701444,393500,283500,8.522468,405925.14689408237
E02002036,702133,392500,282500,8.084842,219208.37977466878
E02002036,702134,393500,282500,7.966235,25499.8802283351
E02002037,700749,388500,284500,8.063055,366416.73117118643
E02002037,700750,389500,284500,9.515508,36617.724331516416
E02002037,701439,388500,283500,7.439051,669211.9557599908
E02002037,701440,389500,283500,8.52722,400072.54504739086
E02002037,702129,388500,282500,6.664421,32147.664282403046
E02002037,702130,389500,282500,7.176168,18690.500911438772
E02002038,700756,395500,284500,10.69406,262.1935894737249
E02002038,701446,395500,283500,9.868441,391209.22026878194
E02002038,701447,396500,283500,11.55437,706706.5174615722
E02002038,701448,397500,283500,11.41115,381439.97238920385
E02002038,702136,395500,282500,9.471233,120690.72814104277
E02002038,702137,396500,282500,9.373571,404692.03068335104
E02002038,702138,397500,282500,9.183773,5154.05215627474
E02002039,700751,390500,284500,10.67596,14639.812853502715
E02002039,700752,391500,284500,10.50839,11221.990960247622
E02002039,701440,389500,283500,8.52722,9545.029926739975
E02002039,701441,390500,283500,9.581397,471286.61299605214
E02002039,701442,391500,283500,10.06494,521953.8539129544
E02002039,702131,390500,282500,8.307066,236943.02563409953
E02002039,702132,391500,282500,8.809485,405786.78897282114
E02002040,701439,388500,283500,7.439051,82007.22070535774
E02002040,701440,389500,283500,8.52722,354072.91736581305
E02002040,701441,390500,283500,9.581397,283991.8400548628
E02002040,702129,388500,282500,6.664421,484187.5370666954
E02002040,702130,389500,282500,7.176168,981309.4990885613
E02002040,702131,390500,282500,8.307066,566041.6015262455
E02002040,702819,388500,281500,6.374117,145994.90398770684
E02002040,702820,389500,281500,6.426096,835053.0403968913
E02002040,702821,390500,281500,7.694428,421563.65651783044
E02002040,703510,389500,280500,6.511043,181.64131670217398
E02002040,703511,390500,280500,7.805309,20901.302289112722
E02002041,700752,391500,284500,10.50839,1550.2488351210216
E02002041,701442,391500,283500,10.06494,450576.8256607247
E02002041,701443,392500,283500,9.098161,102981.24944419168
E02002041,702131,390500,282500,8.307066,197015.37283965494
E02002041,702132,391500,282500,8.809485,594213.2110271789
E02002041,702133,392500,282500,8.084842,458290.7232403588
E02002041,702821,390500,281500,7.694428,564288.0126032152
E02002041,702822,391500,281500,8.128789,420307.5057540372
E02002041,702823,392500,281500,7.866993,42214.03110562122
E02002041,703511,390500,280500,7.805309,40989.509981216484
E02002042,701444,393500,283500,8.522468,129010.71602532755
E02002042,701445,394500,283500,8.857155,706613.5316101655
E02002042,701446,395500,283500,9.868441,251550.00798787415
E02002042,702134,393500,282500,7.966235,69146.0028632677
E02002042,702135,394500,282500,8.556192,938481.3679425033
E02002042,702136,395500,282500,9.471233,879309.2718589572
E02002042,702137,396500,282500,9.373571,27431.47890003979
E02002042,702825,394500,281500,7.940376,282371.7965153856
E02002042,702826,395500,281500,7.878968,475087.6222150829
E02002042,702827,396500,281500,8.173215,68217.40211383406
E02002043,692479,398500,296500,14.99566,399006.14073626115
E02002043,692480,399500,296500,17.54141,630374.8583192994
E02002043,692481,400500,296500,18.35759,15876.355168923023
E02002043,693169,398500,295500,15.70139,493442.11374561826
E02002043,693170,399500,295500,15.25101,533561.7988604762
E02002044,692483,402500,296500,13.69921,39427.44433421097
E02002044,692484,403500,296500,13.34966,3891.9857697887487
E02002044,693172,401500,295500,17.46241,227449.4249676073
E02002044,693173,402500,295500,14.5794,909069.4465695311
E02002044,693174,403500,295500,13.59829,257592.55889511498
E02002044,693862,401500,294500,14.69274,69693.26554183806
E02002044,693863,402500,294500,17.07921,186788.70151094033
E02002044,693864,403500,294500,17.11776,30595.648611306424
E02002045,692480,399500,296500,17.54141,3486.2840094197663
E02002045,692481,400500,296500,18.35759,224109.15476950418
E02002045,693170,399500,295500,15.25101,384667.12052581634
E02002045,693171,400500,295500,14.41181,725668.3260533629
E02002045,693172,401500,295500,17.46241,399372.15873427724
E02002045,693860,399500,294500,14.43661,308864.4010658096
E02002045,693861,400500,294500,14.29542,30774.145823715793
E02002046,693171,400500,295500,14.41181,273957.4375567931
E02002046,693172,401500,295500,17.46241,44116.235459120544
E02002046,693860,399500,294500,14.43661,5965.022142318202
E02002046,693861,400500,294500,14.29542,503560.6782263644
E02002046,693862,401500,294500,14.69274,184753.30072436022
E02002047,693168,397500,295500,15.05083,371657.6296610288
E02002047,693169,398500,295500,15.70139,484430.75290000613
E02002047,693170,399500,295500,15.25101,81771.08061370743
E02002047,693857,396500,294500,13.38033,15180.590211750346
E02002047,693858,397500,294500,15.59908,684136.6857521556
E02002047,693859,398500,294500,17.10603,556637.838021533
E02002047,693860,399500,294500,14.43661,242468.20132951575
E02002047,694548,397500,293500,15.14886,60587.893589246196
E02002047,694549,398500,293500,16.52034,37185.074504574935
E02002048,693174,403500,295500,13.59829,463032.8176844183
E02002048,693175,404500,295500,14.94791,556717.7491198732
E02002048,693176,405500,295500,13.39912,210.4820062720551
E02002048,693864,403500,294500,17.11776,705318.1106163989
E02002048,693865,404500,294500,16.9111,810858.2616793548
E02002048,693866,405500,294500,17.60128,311504.4873496256
E02002048,694554,403500,293500,14.84574,15.78994853446303
E02002049,693168,397500,295500,15.05083,31078.388329182104
E02002049,693856,395500,294500,12.8468,432974.9091188519
E02002049,693857,396500,294500,13.38033,452797.9032112268
E02002049,693858,397500,294500,15.59908,296580.8985316181
E02002049,694546,395500,293500,13.80317,344441.640628913
E02002051,693857,396500,294500,13.38033,27880.478177467077
E02002051,693858,397500,294500,15.59908,19061.258144618267
E02002051,694547,396500,293500,13.49274,421530.84551920043
E02002051,694548,397500,293500,15.14886,458528.08814803365
E02002051,695237,396500,292500,14.73722,135816.91794581336
E02002051,695238,397500,292500,15.71326,5066.768830041553
E02002052,693860,399500,294500,14.43661,3739.482101876516
E02002052,693861,400500,294500,14.29542,464574.06046597264
E02002052,693862,401500,294500,14.69274,189806.30584918906
E02002052,694550,399500,293500,14.79643,275850.0561405535
E02002052,694551,400500,293500,14.39752,986524.0022557438
E02002052,694552,401500,293500,14.57974,58958.67429989231
E02002052,695240,399500,292500,16.06154,256516.8826074703
E02002052,695241,400500,292500,16.44484,243889.25944984128
E02002053,693864,403500,294500,17.11776,21323.168466242754
E02002053,693865,404500,294500,16.9111,126649.99394602238
E02002053,694554,403500,293500,14.84574,46852.10981451836
E02002053,694555,404500,293500,14.84737,720684.0068686138
E02002053,695245,404500,292500,14.66721,121492.83640425991
E02002054,693864,403500,294500,17.11776,83.70247153656045
E02002054,694553,402500,293500,16.65428,187623.4031472029
E02002054,694554,403500,293500,14.84574,913401.5065963464
E02002054,694555,404500,293500,14.84737,131079.68304848348
E02002054,695243,402500,292500,15.45004,25068.04405983109
E02002054,695244,403500,292500,13.36789,374783.7821676984
E02002054,695245,404500,292500,14.66721,83358.15796842794
E02002055,693859,398500,294500,17.10603,443362.1619784671
E02002055,693860,399500,294500,14.43661,438962.89336047985
E02002055,693861,400500,294500,14.29542,1091.1154839470319
E02002055,694548,397500,293500,15.14886,256060.17504482807
E02002055,694549,398500,293500,16.52034,962814.9254954251
E02002055,694550,399500,293500,14.79643,724149.9438594464
E02002055,694551,400500,293500,14.39752,919.9105398429464
E02002055,695238,397500,292500,15.71326,83666.02874002872
E02002055,695239,398500,292500,15.70513,356924.6267831785
E02002055,695240,399500,292500,16.06154,277322.82040488144
E02002056,693856,395500,294500,12.8468,32342.16332670479
E02002056,693857,396500,294500,13.38033,200629.14281224558
E02002056,694545,394500,293500,13.13475,5601.339560621574
E02002056,694546,395500,293500,13.80317,567716.5689585092
E02002056,694547,396500,293500,13.49274,578469.1544807996
E02002056,695235,394500,292500,14.46119,104244.17046156341
E02002056,695236,395500,292500,14.73291,453095.24696792685
E02002056,695237,396500,292500,14.73722,107602.79352839607
E02002057,695235,394500,292500,14.46119,140752.81738098283
E02002057,695236,395500,292500,14.73291,546904.753032073
E02002057,695237,396500,292500,14.73722,493505.73024887155
E02002057,695925,394500,291500,12.9844,61205.168509842464
E02002057,695926,395500,291500,14.82088,577929.6822278542
E02002057,695927,396500,291500,14.58297,221109.53605338337
E02002058,694548,397500,293500,15.14886,224823.84321789208
E02002058,695237,396500,292500,14.73722,263074.55827691907
E02002058,695238,397500,292500,15.71326,904059.502695673
E02002058,695239,398500,292500,15.70513,79856.88380208636
E02002058,695926,395500,291500,14.82088,138549.06506436504
E02002058,695927,396500,291500,14.58297,662391.5611322968
E02002058,695928,397500,291500,13.82925,834814.0132404364
E02002058,695929,398500,291500,16.1786,176105.62238134848
E02002058,696616,395500,290500,14.59777,8647.40582517404
E02002058,696617,396500,290500,13.88088,3472.9541065527746
E02002058,696618,397500,290500,14.73667,140123.9532264172
E02002058,696619,398500,290500,16.28306,11245.19941847428
E02002059,694552,401500,293500,14.57974,170.75479296087263
E02002059,694553,402500,293500,16.65428,3493.927233871001
E02002059,695240,399500,292500,16.06154,280131.42077917507
E02002059,695241,400500,292500,16.44484,678591.6276748413
E02002059,695242,401500,292500,14.41858,947122.9403000254
E02002059,695243,402500,292500,15.45004,328073.37016527925
E02002059,695930,399500,291500,16.27852,197138.4478802205
E02002059,695931,400500,291500,16.68661,299027.8603673583
E02002059,695932,401500,291500,14.87199,952362.5095879226
E02002059,695933,402500,291500,15.64595,121498.57777637406
E02002059,696622,401500,290500,18.31801,224913.00032994736
E02002060,695238,397500,292500,15.71326,7207.69973425654
E02002060,695239,398500,292500,15.70513,563218.4894147351
E02002060,695240,399500,292500,16.06154,186028.87620847314
E02002060,695928,397500,291500,13.82925,162214.69170247106
E02002060,695929,398500,291500,16.1786,802485.0756164148
E02002060,695930,399500,291500,16.27852,524007.8393179862
E02002060,696619,398500,290500,16.28306,162680.212356454
E02002060,696620,399500,290500,17.16474,189771.84509644523
E02002061,695930,399500,291500,16.27852,278853.71280179324
E02002061,695931,400500,291500,16.68661,509441.8814058805
E02002061,696619,398500,290500,16.28306,40037.53818269461
E02002061,696620,399500,290500,17.16474,735771.8500474035
E02002061,696621,400500,290500,17.45511,143614.9624537957
E02002061,697310,399500,289500,18.68755,53337.453423792
E02002061,697311,400500,289500,18.62504,61578.91609499713
E02002062,695243,402500,292500,15.45004,18043.68573939638
E02002062,695931,400500,291500,16.68661,191530.25822676113
E02002062,695932,401500,291500,14.87199,47637.490412077364
E02002062,695933,402500,291500,15.64595,733235.7216698737
E02002062,696620,399500,290500,17.16474,6660.6201817995825
E02002062,696621,400500,290500,17.45511,856385.0375462042
E02002062,696622,401500,290500,18.31801,644632.8524702998
E02002062,696623,402500,290500,16.44468,501695.96876454644
E02002062,697311,400500,289500,18.62504,109665.95858169618
E02002062,697312,401500,289500,18.22501,86166.92464712003
E02002063,695926,395500,291500,14.82088,3533.702876308832
E02002063,695927,396500,291500,14.58297,116498.90281431982
E02002063,695928,397500,291500,13.82925,2971.2950570925013
E02002063,695929,398500,291500,16.1786,21409.302002236775
E02002063,696616,395500,290500,14.59777,109584.37655718127
E02002063,696617,396500,290500,13.88088,581671.3513120665
E02002063,696618,397500,290500,14.73667,806898.2657880199
E02002063,696619,398500,290500,16.28306,768326.5193075004
E02002063,696620,399500,290500,17.16474,2031.2058097377294
E02002063,697308,397500,289500,13.32432,202745.93550922384
E02002063,697309,398500,289500,15.68677,803792.7043553904
E02002063,697310,399500,289500,18.68755,3523.127213375609
E02002063,697999,398500,288500,17.08884,274881.2983210689
E02002064,696616,395500,290500,14.59777,18956.528579078564
E02002064,696617,396500,290500,13.88088,364641.97323248186
E02002064,696618,397500,290500,14.73667,52977.78098556283
E02002064,697306,395500,289500,13.00685,7627.118898456717
E02002064,697307,396500,289500,12.65327,570683.5383626585
E02002064,697308,397500,289500,13.32432,797254.064490776
E02002064,697309,398500,289500,15.68677,33451.319717228915
E02002064,697997,396500,288500,12.2621,27781.937235751182
E02002064,697998,397500,288500,12.62463,408929.3663123713
E02002064,697999,398500,288500,17.08884,58109.94921552234
E02002065,696622,401500,290500,18.31801,130454.14719975322
E02002065,696623,402500,290500,16.44468,189950.3983163491
E02002065,697311,400500,289500,18.62504,652895.0847525776
E02002065,697312,401500,289500,18.22501,913833.07535288
E02002065,697313,402500,289500,15.89037,782131.8106766157
E02002065,698001,400500,288500,14.10128,251188.96090888698
E02002065,698002,401500,288500,14.44519,512888.6151659979
E02002065,698003,402500,288500,15.93817,69137.2614182837
E02002066,696619,398500,290500,16.28306,17710.53073487678
E02002066,696620,399500,290500,17.16474,65764.47886461395
E02002066,697309,398500,289500,15.68677,162755.9759273806
E02002066,697310,399500,289500,18.68755,943139.4193628324
E02002066,697311,400500,289500,18.62504,175860.04057072912
E02002066,697999,398500,288500,17.08884,58946.98917688833
E02002066,698000,399500,288500,16.02708,750025.7071959834
E02002066,698001,400500,288500,14.10128,598790.6612544119
E02002066,698691,400500,287500,13.27142,61314.064140206145
E02002067,697306,395500,289500,13.00685,113296.91701177515
E02002067,697307,396500,289500,12.65327,428144.0712103731
E02002067,697996,395500,288500,12.22342,570721.6852329503
E02002067,697997,396500,288500,12.2621,653952.8103817585
E02002067,698686,395500,287500,12.94843,296892.24917435914
E02002067,698687,396500,287500,12.18805,344406.3474211854
E02002067,699377,396500,286500,12.67214,15122.772337793733
E02002069,697998,397500,288500,12.62463,315651.7758933893
E02002069,697999,398500,288500,17.08884,465965.37614191533
E02002069,698688,397500,287500,12.74767,244825.2601839238
E02002069,698689,398500,287500,15.67496,478735.5788081068
E02002070,698002,401500,288500,14.44519,293257.12643254834
E02002070,698003,402500,288500,15.93817,148557.88788634774
E02002070,698692,401500,287500,13.38792,237915.73915102473
E02002070,698693,402500,287500,14.81094,376537.8784669019
E02002071,697307,396500,289500,12.65327,1172.39042696853
E02002071,697997,396500,288500,12.2621,318265.2523824902
E02002071,697998,397500,288500,12.62463,275418.85779423936
E02002071,698687,396500,287500,12.18805,633736.2431900676
E02002071,698688,397500,287500,12.74767,532364.1314232983
E02002071,699377,396500,286500,12.67214,26854.68474527099
E02002071,699378,397500,286500,13.03475,10114.331524020829
E02002072,697999,398500,288500,17.08884,142096.38714460508
E02002072,698000,399500,288500,16.02708,249964.65441565134
E02002072,698001,400500,288500,14.10128,1636.7540882821572
E02002072,698689,398500,287500,15.67496,414609.8465419759
E02002072,698690,399500,287500,13.73516,885707.5804459578
E02002072,699379,398500,286500,14.15289,16608.706929676096
E02002072,699380,399500,286500,12.81248,261361.7420816813
E02002073,698001,400500,288500,14.10128,115672.79816600983
E02002073,698002,401500,288500,14.44519,187889.6634749233
E02002073,698691,400500,287500,13.27142,348669.9451809703
E02002073,698692,401500,287500,13.38792,696615.4860108634
E02002073,698693,402500,287500,14.81094,58698.52286921722
E02002073,699381,400500,286500,12.70206,72103.73658153314
E02002073,699382,401500,286500,12.90711,62714.32493661368
E02002074,698000,399500,288500,16.02708,9.638388365362388
E02002074,698001,400500,288500,14.10128,32710.825582409172
E02002074,698690,399500,287500,13.73516,103601.7115083022
E02002074,698691,400500,287500,13.27142,590015.9906788234
E02002074,699380,399500,286500,12.81248,163800.13751659787
E02002074,699381,400500,286500,12.70206,478092.04466688156
E02002075,698687,396500,287500,12.18805,21817.19832745174
E02002075,698688,397500,287500,12.74767,222810.60839277788
E02002075,698689,398500,287500,15.67496,105825.17082600895
E02002075,699377,396500,286500,12.67214,597544.0629316482
E02002075,699378,397500,286500,13.03475,757431.0119017151
E02002075,699379,398500,286500,14.15289,165785.02842970667
E02002075,700068,397500,285500,12.16372,9554.120083004393
E02002076,698692,401500,287500,13.38792,65468.7748381119
E02002076,698693,402500,287500,14.81094,74697.59824631725
E02002076,699381,400500,286500,12.70206,59261.6090850254
E02002076,699382,401500,286500,12.90711,857763.7144337974
E02002076,699383,402500,286500,14.08459,337470.3102351007
E02002076,700071,400500,285500,13.29223,28448.17529377567
E02002076,700072,401500,285500,13.13942,443691.8473951387
E02002076,700073,402500,285500,12.65886,17205.544364643574
E02002077,698686,395500,287500,12.94843,199093.09663983693
E02002077,698687,396500,287500,12.18805,40.211061295257835
E02002077,699375,394500,286500,11.80991,218498.681599228
E02002077,699376,395500,286500,12.51581,844410.4753428223
E02002077,699377,396500,286500,12.67214,360478.4799852873
E02002077,699378,397500,286500,13.03475,9195.408150689565
E02002077,700065,394500,285500,12.72902,25135.056880939424
E02002077,700066,395500,285500,11.23034,170948.45500697015
E02002077,700067,396500,285500,12.96207,632652.5439521163
E02002077,700068,397500,285500,12.16372,6297.569491343071
E02002078,699380,399500,286500,12.81248,11941.351688716557
E02002078,699381,400500,286500,12.70206,387552.67811824824
E02002078,699382,401500,286500,12.90711,79521.96062958892
E02002078,700071,400500,285500,13.29223,604795.8665066252
E02002078,700072,401500,285500,13.13942,77423.03676159316
E02002079,698689,398500,287500,15.67496,829.4038239083624
E02002079,698690,399500,287500,13.73516,10690.708045739942
E02002079,699379,398500,286500,14.15289,236254.88150908943
E02002079,699380,399500,286500,12.81248,561462.1387704995
E02002079,699381,400500,286500,12.70206,2989.93154831175
E02002079,700070,399500,285500,13.8612,829287.047856061
E02002079,700071,400500,285500,13.29223,235243.87032343363
E02002079,700760,399500,284500,13.89568,52633.45050386259
E02002080,699374,393500,286500,11.00154,83059.39462605376
E02002080,699375,394500,286500,11.80991,211105.04824596999
E02002080,699376,395500,286500,12.51581,85075.08307774867
E02002080,700064,393500,285500,11.15326,185408.46787162096
E02002080,700065,394500,285500,12.72902,726983.9735597307
E02002080,700066,395500,285500,11.23034,825592.9989936618
E02002080,700067,396500,285500,12.96207,149015.29814214265
E02002080,700756,395500,284500,10.69406,146590.38217458577
E02002080,700757,396500,284500,11.5385,17873.603212341717
E02002081,696635,414500,290500,16.57705,204260.93291309034
E02002081,696636,415500,290500,16.37236,464951.2234687362
E02002081,696637,416500,290500,15.56591,167342.71167303735
E02002081,697324,413500,289500,15.29278,94614.45629278234
E02002081,697325,414500,289500,14.46614,593100.3738741326
E02002081,697326,415500,289500,14.07659,331584.28823449474
E02002082,696637,416500,290500,15.56591,245155.19730777296
E02002082,696638,417500,290500,14.75561,90555.10439724142
E02002082,697327,416500,289500,13.5494,220063.7790460444
E02002082,697328,417500,289500,14.65075,141553.93595712067
E02002083,696636,415500,290500,16.37236,133652.13567877738
E02002083,696637,416500,290500,15.56591,261173.23073538474
E02002083,697326,415500,289500,14.07659,374867.2227657648
E02002083,697327,416500,289500,13.5494,576444.1975094383
E02002084,696638,417500,290500,14.75561,43489.36273266778
E02002084,697327,416500,289500,13.5494,104936.59448452893
E02002084,697328,417500,289500,14.65075,554261.1849902046
E02002084,698017,416500,288500,13.0368,184199.56946221818
E02002084,698018,417500,288500,13.70815,521553.8129190802
E02002084,698019,418500,288500,13.74679,51325.24463597889
E02002085,698017,416500,288500,13.0368,390864.043803729
E02002085,698018,417500,288500,13.70815,442417.5177096944
E02002085,698019,418500,288500,13.74679,7968.400795563923
E02002085,698707,416500,287500,12.79425,478448.3599881059
E02002085,698708,417500,287500,12.74526,142278.0216340242
E02002086,698018,417500,288500,13.70815,23353.284222378425
E02002086,698019,418500,288500,13.74679,72298.44979333816
E02002086,698708,417500,287500,12.74526,554383.6165585828
E02002086,698709,418500,287500,13.74279,284515.14199287357
E02002086,699398,417500,286500,12.80814,400426.0495861714
E02002086,699399,418500,286500,12.98385,124910.0866731276
E02002087,698707,416500,287500,12.79425,191867.35781918268
E02002087,698708,417500,287500,12.74526,303338.361807393
E02002087,699397,416500,286500,12.99354,452504.2213275132
E02002087,699398,417500,286500,12.80814,254308.4173038064
E02002088,698709,418500,287500,13.74279,450174.25009461865
E02002088,698710,419500,287500,14.15947,14250.413162570858
E02002088,699398,417500,286500,12.80814,165641.4635192225
E02002088,699399,418500,286500,12.98385,793012.5299200875
E02002088,699400,419500,286500,17.20745,157323.78198868418
E02002088,700089,418500,285500,12.66326,99276.84700602204
E02002089,699397,416500,286500,12.99354,41171.891191581824
E02002089,699398,417500,286500,12.80814,179624.06959079974
E02002089,699399,418500,286500,12.98385,82077.38340678497
E02002089,699400,419500,286500,17.20745,420149.7321252466
E02002089,700087,416500,285500,13.39492,644583.9328228931
E02002089,700088,417500,285500,13.38315,1000000.0
E02002089,700089,418500,285500,12.66326,900723.152993978
E02002089,700090,419500,285500,15.56393,839357.4259700421
E02002089,700091,420500,285500,12.2862,812.5318909660741
E02002089,700777,416500,284500,16.36555,457863.68507975055
E02002089,700778,417500,284500,16.6931,1000000.0
E02002089,700779,418500,284500,14.65935,1000000.0
E02002089,700780,419500,284500,14.28483,1000000.0
E02002089,700781,420500,284500,11.52813,432923.94938994554
E02002089,701467,416500,283500,16.92818,451112.9442795997
E02002089,701468,417500,283500,15.95364,1000000.0
E02002089,701469,418500,283500,13.71164,1000000.0
E02002089,701470,419500,283500,16.33401,986930.8706496785
E02002089,701471,420500,283500,11.57219,847913.5549732023
E02002089,701472,421500,283500,10.71329,125238.81233533271
E02002089,702157,416500,282500,11.90639,4595.753240347809
E02002089,702158,417500,282500,11.28375,702716.9200800117
E02002089,702159,418500,282500,11.52183,997162.9540891612
E02002089,702160,419500,282500,12.74755,592939.2568816959
E02002089,702848,417500,281500,10.00571,17104.837841676555
E02002089,702849,418500,281500,9.801422,258293.77769024984
E02002089,702850,419500,281500,11.13266,22434.472538290996
E02002090,700774,413500,284500,14.11123,210781.58044385057
E02002090,700775,414500,284500,13.32823,16344.523705705089
E02002090,701464,413500,283500,13.02993,648264.627867983
E02002090,701465,414500,283500,14.22283,347497.4326211279
E02002090,702154,413500,282500,13.1047,408.60850050702027
E02002091,701465,414500,283500,14.22283,138045.20003083113
E02002091,701466,415500,283500,17.67491,669302.7987788145
E02002091,701467,416500,283500,16.92818,417324.27838349843
E02002091,702155,414500,282500,17.13031,195152.2428738619
E02002091,702156,415500,282500,14.13869,963767.382447771
E02002091,702157,416500,282500,11.90639,798551.7166353652
E02002091,702158,417500,282500,11.28375,15164.895511679764
E02002091,702845,414500,281500,12.00075,85065.11655466825
E02002091,702846,415500,281500,11.83553,24106.993679143874
E02002091,702847,416500,281500,11.22306,6213.141610045737
E02002092,701464,413500,283500,13.02993,71857.54925362351
E02002092,701465,414500,283500,14.22283,374785.5353748891
E02002092,702154,413500,282500,13.1047,366778.70183465513
E02002092,702155,414500,282500,17.13031,797472.0252703667
E02002092,702845,414500,281500,12.00075,67101.18012804196
E02002093,701464,413500,283500,13.02993,63661.32606432553
E02002093,702153,412500,282500,12.78794,196755.82594045321
E02002093,702154,413500,282500,13.1047,451376.4117070128
E02002093,702842,411500,281500,12.2455,31973.15081350541
E02002093,702843,412500,281500,11.88211,605352.3645772962
E02002093,702844,413500,281500,12.26769,238034.92228606922
E02002093,703532,411500,280500,12.00441,45052.91275767015
E02002093,703533,412500,280500,11.28658,24667.65595296303
E02002094,702154,413500,282500,13.1047,180176.9641622653
E02002094,702155,414500,282500,17.13031,7375.731855771379
E02002094,702843,412500,281500,11.88211,75035.36386158937
E02002094,702844,413500,281500,12.26769,693060.5101132223
E02002094,702845,414500,281500,12.00075,196171.61390725488
E02002094,703532,411500,280500,12.00441,78345.78079592527
E02002094,703533,412500,280500,11.28658,628370.497791285
E02002094,703534,413500,280500,11.67022,395237.8729535087
E02002095,702156,415500,282500,14.13869,36232.61755222894
E02002095,702157,416500,282500,11.90639,196852.53012428698
E02002095,702158,417500,282500,11.28375,282118.1844083085
E02002095,702159,418500,282500,11.52183,2837.045910838754
E02002095,702160,419500,282500,12.74755,158095.23562189064
E02002095,702845,414500,281500,12.00075,79052.13868895744
E02002095,702846,415500,281500,11.83553,884187.5237670412
E02002095,702847,416500,281500,11.22306,993786.8583899543
E02002095,702848,417500,281500,10.00571,982895.1621583235
E02002095,702849,418500,281500,9.801422,741706.2223097502
E02002095,702850,419500,281500,11.13266,770284.5854882807
E02002095,702851,420500,281500,9.58677,181590.3435420915
E02002095,703536,415500,280500,12.16684,67414.5807108708
E02002095,703537,416500,280500,11.15072,942327.7441387805
E02002095,703538,417500,280500,10.22695,1000000.0
E02002095,703539,418500,280500,10.32916,1000000.0
E02002095,703540,419500,280500,10.20339,712837.4096805002
E02002095,703541,420500,280500,8.893428,31054.017475507368
E02002095,704227,416500,279500,11.35311,486343.54256188334
E02002095,704228,417500,279500,10.02495,683448.2921472593
E02002095,704229,418500,279500,11.25362,1000000.0
E02002095,704230,419500,279500,9.083501,675269.2970231761
E02002095,704918,417500,278500,12.00926,120795.52572678836
E02002095,704919,418500,278500,9.268723,949386.7259322602
E02002095,704920,419500,278500,8.123775,998383.8095035122
E02002095,704921,420500,278500,7.654324,278085.6998110956
E02002095,705609,418500,277500,8.748879,221791.86084015432
E02002095,705610,419500,277500,7.76296,545300.8818674759
E02002095,705611,420500,277500,7.317373,114906.50641389558
E02002096,702844,413500,281500,12.26769,68904.56760070841
E02002096,702845,414500,281500,12.00075,572609.9507210774
E02002096,702846,415500,281500,11.83553,91705.48255381499
E02002096,703534,413500,280500,11.67022,265102.0692500297
E02002096,703535,414500,280500,11.84506,988206.0443788476
E02002096,703536,415500,280500,12.16684,932585.4192891293
E02002096,703537,416500,280500,11.15072,57672.25586121951
E02002096,704225,414500,279500,12.7278,32595.29461739529
E02002096,704226,415500,279500,12.88241,362131.32124388724
E02002096,704227,416500,279500,11.35311,274162.4234483159
E02002096,704917,416500,278500,11.49315,1473.805737238275
E02002097,700096,425500,285500,10.28261,64992.16712009771
E02002097,700097,426500,285500,10.14471,43089.67354824025
E02002097,700786,425500,284500,7.518932,537152.098386532
E02002097,700787,426500,284500,7.319351,758912.2361725889
E02002097,700788,427500,284500,7.17027,166830.11874751112
E02002097,701470,419500,283500,16.33401,13069.129350321547
E02002097,701471,420500,283500,11.57219,112813.37692598249
E02002097,701472,421500,283500,10.71329,55842.161130667424
E02002097,701475,424500,283500,7.662695,147473.24646715666
E02002097,701476,425500,283500,7.331202,981080.2091280209
E02002097,701477,426500,283500,7.029179,1000000.0
E02002097,701478,427500,283500,6.915612,687730.1775370137
E02002097,702160,419500,282500,12.74755,248965.50749641337
E02002097,702161,420500,282500,9.715227,1000000.0
E02002097,702162,421500,282500,8.97593,747508.7471151113
E02002097,702163,422500,282500,8.528612,212254.2366882745
E02002097,702164,423500,282500,8.308681,710941.2109020889
E02002097,702165,424500,282500,8.040833,890042.8988463783
E02002097,702166,425500,282500,7.598377,1000000.0
E02002097,702167,426500,282500,7.428222,843260.126741013
E02002097,702168,427500,282500,7.003613,355555.28176125616
E02002097,702850,419500,281500,11.13266,207280.9419734282
E02002097,702851,420500,281500,9.58677,818409.6564579085
E02002097,702852,421500,281500,8.359569,1000000.0
E02002097,702853,422500,281500,8.093368,768817.6413521526
E02002097,702854,423500,281500,8.384173,756229.7254318739
E02002097,702855,424500,281500,7.324744,994815.6853352084
E02002097,702856,425500,281500,6.995911,1000000.0
E02002097,702857,426500,281500,7.086714,548321.0081294647
E02002097,703540,419500,280500,10.20339,287162.5903194998
E02002097,703541,420500,280500,8.893428,968945.9825244927
E02002097,703542,421500,280500,8.098803,543269.0132647974
E02002097,703543,422500,280500,7.663857,2469.9473427175626
E02002097,703545,424500,280500,6.903902,412720.0339452086
E02002097,703546,425500,280500,6.79684,952923.6195502925
E02002097,703547,426500,280500,6.862333,760297.8211877348
E02002097,703548,427500,280500,7.557873,2406.2197320198065
E02002097,704230,419500,279500,9.083501,324730.7029768238
E02002097,704231,420500,279500,7.976952,1000000.0
E02002097,704232,421500,279500,7.604516,558107.1695343864
E02002097,704234,423500,279500,7.015141,407.4223911697952
E02002097,704235,424500,279500,6.8388,403044.10271461814
E02002097,704236,425500,279500,6.751394,847365.4458138816
E02002097,704237,426500,279500,6.900694,985894.0935265188
E02002097,704238,427500,279500,9.543058,32616.718204966004
E02002097,704920,419500,278500,8.123775,1616.1904964877617
E02002097,704921,420500,278500,7.654324,721914.3001889044
E02002097,704922,421500,278500,7.237259,948134.4023422408
E02002097,704923,422500,278500,7.124408,144667.80581837497
E02002097,704925,424500,278500,6.819304,25514.665245742664
E02002097,704926,425500,278500,6.729188,180090.68885720166
E02002097,704927,426500,278500,6.942556,70592.89424302058
E02002097,705610,419500,277500,7.76296,322070.34298952937
E02002097,705611,420500,277500,7.317373,885093.4935861045
E02002097,705612,421500,277500,7.012048,1000000.0
E02002097,705613,422500,277500,6.886545,683522.4450746721
E02002097,705614,423500,277500,7.229587,11802.88698315114
E02002097,706299,418500,276500,8.796371,12399.07627546366
E02002097,706300,419500,276500,7.541242,928385.4380892324
E02002097,706301,420500,276500,7.146204,1000000.0
E02002097,706302,421500,276500,6.800043,1000000.0
E02002097,706303,422500,276500,6.751221,467039.6073816251
E02002097,706304,423500,276500,6.960622,1036.0319390812278
E02002097,706989,418500,275500,7.689065,4335.686432908432
E02002097,706990,419500,275500,7.319488,954036.5363471154
E02002097,706991,420500,275500,6.854321,1000000.0
E02002097,706992,421500,275500,6.562674,1000000.0
E02002097,706993,422500,275500,6.449099,946804.8418828774
E02002097,706994,423500,275500,6.319327,801579.4424150797
E02002097,706995,424500,275500,6.475809,578125.4510529804
E02002097,706996,425500,275500,6.367038,4692.9276550383765
E02002097,707680,419500,274500,7.084627,746776.6725924392
E02002097,707681,420500,274500,6.667264,1000000.0
E02002097,707682,421500,274500,6.367182,997714.3194550137
E02002097,707683,422500,274500,6.278649,936699.621248225
E02002097,707684,423500,274500,6.18815,948675.2567116664
E02002097,707685,424500,274500,6.410595,961760.4458749449
E02002097,707686,425500,274500,6.221058,391495.6728004128
E02002097,708370,419500,273500,6.74501,674028.043344079
E02002097,708371,420500,273500,6.529357,981326.3772143347
E02002097,708372,421500,273500,6.172959,553721.7892590272
E02002097,708373,422500,273500,6.142568,4443.164543201954
E02002097,708374,423500,273500,6.146204,261307.56837617554
E02002097,708375,424500,273500,6.020015,185449.45085129593
E02002097,709061,420500,272500,6.408283,65586.68721144824
E02002097,709062,421500,272500,6.13052,59583.24580780204
E02002098,703532,411500,280500,12.00441,262264.45457601495
E02002098,703533,412500,280500,11.28658,275007.49927888764
E02002098,704222,411500,279500,11.74888,198253.11459359888
E02002098,704223,412500,279500,10.97305,959386.4166949863
E02002098,704224,413500,279500,10.86132,112479.15608617052
E02002098,704912,411500,278500,10.49641,1224.8781131726012
E02002098,704913,412500,278500,11.42198,367792.65231136745
E02002098,704914,413500,278500,11.06876,3211.473300096757
E02002099,703533,412500,280500,11.28658,71954.34697686425
E02002099,703534,413500,280500,11.67022,339660.0577964617
E02002099,703535,414500,280500,11.84506,11793.955621152447
E02002099,704223,412500,279500,10.97305,40613.58330501367
E02002099,704224,413500,279500,10.86132,844410.4847572993
E02002099,704225,414500,279500,12.7278,967404.7053826046
E02002099,704226,415500,279500,12.88241,637666.6974273855
E02002099,704227,416500,279500,11.35311,38600.75794348132
E02002099,704914,413500,278500,11.06876,38653.268915852284
E02002099,704915,414500,278500,10.75482,474378.1248493341
E02002099,704916,415500,278500,10.49261,363784.51505756075
E02002101,704220,409500,279500,11.25005,47116.87679268296
E02002101,704221,410500,279500,11.09273,70734.08731431112
E02002101,704909,408500,278500,10.26056,0.1849215321682135
E02002101,704910,409500,278500,10.26306,560400.480118723
E02002101,704911,410500,278500,10.45777,657469.8428558261
E02002101,704912,411500,278500,10.49641,5877.078316520763
E02002101,705601,410500,277500,9.439342,940.2265720500709
E02002102,704224,413500,279500,10.86132,43110.359156530176
E02002102,704913,412500,278500,11.42198,490416.2888059542
E02002102,704914,413500,278500,11.06876,944510.2820948233
E02002102,704915,414500,278500,10.75482,104938.85489218832
E02002102,705602,411500,277500,9.593987,3.1561217062795484
E02002102,705603,412500,277500,10.71179,718802.1910414892
E02002102,705604,413500,277500,11.45758,569201.1040599569
E02002102,706294,413500,276500,9.648343,31.658899693309557
E02002103,704911,410500,278500,10.45777,208819.084058739
E02002103,704912,411500,278500,10.49641,532095.8775548859
E02002103,704913,412500,278500,11.42198,125570.11367413634
E02002103,705601,410500,277500,9.439342,57975.22553972145
E02002103,705602,411500,277500,9.593987,518025.42257803056
E02002103,705603,412500,277500,10.71179,122943.51885632108
E02002104,704226,415500,279500,12.88241,201.98132872722465
E02002104,704227,416500,279500,11.35311,68544.1970568866
E02002104,704914,413500,278500,11.06876,13624.975689227624
E02002104,704915,414500,278500,10.75482,420683.0202584775
E02002104,704916,415500,278500,10.49261,636215.4849424392
E02002104,704917,416500,278500,11.49315,319157.8065502905
E02002104,705604,413500,277500,11.45758,73631.02491656596
E02002104,705605,414500,277500,10.2185,683206.2786698482
E02002104,705606,415500,277500,11.26806,440021.17909281363
E02002104,705607,416500,277500,10.49834,47051.2160881761
E02002104,706295,414500,276500,10.93363,24782.778680560183
E02002105,702853,422500,281500,8.093368,231166.97640086926
E02002105,702854,423500,281500,8.384173,243770.2745681259
E02002105,702855,424500,281500,7.324744,5184.3146647916055
E02002105,703542,421500,280500,8.098803,456730.9867352026
E02002105,703543,422500,280500,7.663857,997530.0526572824
E02002105,703544,423500,280500,7.194543,1000000.0
E02002105,703545,424500,280500,6.903902,587279.9660547915
E02002105,703546,425500,280500,6.79684,47076.38044970749
E02002105,704232,421500,279500,7.604516,441892.8304656136
E02002105,704233,422500,279500,7.707073,1000000.0
E02002105,704234,423500,279500,7.015141,999592.5776088302
E02002105,704235,424500,279500,6.8388,596955.8972853819
E02002105,704236,425500,279500,6.751394,152634.55418611848
E02002105,704237,426500,279500,6.900694,12904.25579155302
E02002105,704238,427500,279500,9.543058,1200.042740543143
E02002105,704922,421500,278500,7.237259,51865.59765775915
E02002105,704923,422500,278500,7.124408,855332.194181625
E02002105,704924,423500,278500,7.337846,1000000.0
E02002105,704925,424500,278500,6.819304,974485.3347542573
E02002105,704926,425500,278500,6.729188,819909.3111427984
E02002105,704927,426500,278500,6.942556,909989.2861641751
E02002105,704928,427500,278500,8.087228,40790.69906191089
E02002105,705613,422500,277500,6.886545,316477.554925328
E02002105,705614,423500,277500,7.229587,988197.1130168488
E02002105,705615,424500,277500,7.051185,1000000.0
E02002105,705616,425500,277500,6.868243,1000000.0
E02002105,705617,426500,277500,7.056661,1000000.0
E02002105,705618,427500,277500,8.150606,185628.25841297852
E02002105,706303,422500,276500,6.751221,532960.392618375
E02002105,706304,423500,276500,6.960622,998963.9680609187
E02002105,706305,424500,276500,7.053812,1000000.0
E02002105,706306,425500,276500,6.601124,1000000.0
E02002105,706307,426500,276500,6.617917,904489.7616340347
E02002105,706308,427500,276500,7.244844,76840.88237814941
E02002105,706993,422500,275500,6.449099,53195.15811712265
E02002105,706994,423500,275500,6.319327,198420.5575849204
E02002105,706995,424500,275500,6.475809,421874.5489470195
E02002105,706996,425500,275500,6.367038,995307.0723449616
E02002105,706997,426500,275500,6.352675,600571.6349362953
E02002105,707686,425500,274500,6.221058,192191.0123919058
E02002105,707687,426500,274500,6.318417,17523.625369721427
E02002106,704227,416500,279500,11.35311,132349.07898943283
E02002106,704228,417500,279500,10.02495,316551.7078527407
E02002106,704917,416500,278500,11.49315,679368.3877124712
E02002106,704918,417500,278500,12.00926,879204.4742732117
E02002106,704919,418500,278500,9.268723,50613.27406773983
E02002106,705607,416500,277500,10.49834,779535.8622217944
E02002106,705608,417500,277500,9.675841,1000000.0
E02002106,705609,418500,277500,8.748879,778208.1391598457
E02002106,705610,419500,277500,7.76296,132628.7751429948
E02002106,706297,416500,276500,9.350125,80752.78562264197
E02002106,706298,417500,276500,9.260005,951263.8509966335
E02002106,706299,418500,276500,8.796371,987600.9237245363
E02002106,706300,419500,276500,7.541242,71614.56191076747
E02002106,706987,416500,275500,9.202745,720.9175538295028
E02002106,706988,417500,275500,8.661753,596120.2224018504
E02002106,706989,418500,275500,7.689065,995664.3135670917
E02002106,706990,419500,275500,7.319488,45963.46365288451
E02002106,707678,417500,274500,7.776921,209425.5002555025
E02002106,707679,418500,274500,7.190064,273305.73045451316
E02002106,707680,419500,274500,7.084627,13572.311399639795
E02002107,705604,413500,277500,11.45758,348145.57297274185
E02002107,705605,414500,277500,10.2185,316793.72133015195
E02002107,705606,415500,277500,11.26806,362472.89026606095
E02002107,706294,413500,276500,9.648343,292592.9093365547
E02002107,706295,414500,276500,10.93363,889055.6871244241
E02002107,706296,415500,276500,10.59642,144361.89304505647
E02002107,706985,414500,275500,11.42752,57768.29425213456
E02002108,705606,415500,277500,11.26806,197505.93064112542
E02002108,705607,416500,277500,10.49834,173412.92169002938
E02002108,706295,414500,276500,10.93363,46329.13474489778
E02002108,706296,415500,276500,10.59642,855638.1069549436
E02002108,706297,416500,276500,9.350125,919247.214377358
E02002108,706298,417500,276500,9.260005,48736.14900336649
E02002108,706985,414500,275500,11.42752,278060.1993732018
E02002108,706986,415500,275500,8.733657,1000000.0
E02002108,706987,416500,275500,9.202745,999279.0824461705
E02002108,706988,417500,275500,8.661753,403879.7775981495
E02002108,707675,414500,274500,9.600991,176887.98260033398
E02002108,707676,415500,274500,7.917607,875877.6157198851
E02002108,707677,416500,274500,8.226715,978215.0260966029
E02002108,707678,417500,274500,7.776921,768100.1080344798
E02002108,708365,414500,273500,8.084715,83.64657728722973
E02002108,708366,415500,273500,7.785343,1582.4586969640764
E02002108,708367,416500,273500,7.301409,421703.8966908271
E02002108,708368,417500,273500,6.806709,739680.4646961844
E02002109,705601,410500,277500,9.439342,525773.5739145313
E02002109,705602,411500,277500,9.593987,481971.42130026314
E02002109,705603,412500,277500,10.71179,158254.29010218976
E02002109,705604,413500,277500,11.45758,9022.298050735462
E02002109,706290,409500,276500,8.298856,253937.97006296486
E02002109,706291,410500,276500,8.460605,995572.4773164169
E02002109,706292,411500,276500,9.350262,1000000.0
E02002109,706293,412500,276500,8.896119,1000000.0
E02002109,706294,413500,276500,9.648343,707375.4317637519
E02002109,706295,414500,276500,10.93363,39832.399450117955
E02002109,706980,409500,275500,8.001298,584889.2393564222
E02002109,706981,410500,275500,8.111815,1000000.0
E02002109,706982,411500,275500,8.464416,1000000.0
E02002109,706983,412500,275500,8.75787,1000000.0
E02002109,706984,413500,275500,8.841674,1000000.0
E02002109,706985,414500,275500,11.42752,664171.5063746637
E02002109,707669,408500,274500,7.915929,20909.74179267276
E02002109,707670,409500,274500,7.563089,632897.3569996537
E02002109,707671,410500,274500,7.57739,761666.0119261675
E02002109,707672,411500,274500,7.815784,704510.0178532153
E02002109,707673,412500,274500,8.376266,749317.5714536115
E02002109,707674,413500,274500,10.70034,921413.7800434624
E02002109,707675,414500,274500,9.600991,823112.017399666
E02002109,708364,413500,273500,10.79247,267973.90252539644
E02002109,708365,414500,273500,8.084715,890714.589858377
E02002109,708366,415500,273500,7.785343,190830.2322552525
E02002109,709055,414500,272500,7.897599,152541.38355645642
E02002109,709056,415500,272500,7.84544,358334.4057337373
E02002110,684893,402500,307500,9.733769,26498.05385628238
E02002110,684894,403500,307500,8.927857,64372.66075505524
E02002110,685583,402500,306500,9.415262,66994.31475989145
E02002110,685584,403500,306500,9.818269,776794.0758308383
E02002110,685585,404500,306500,9.980933,413533.4264723445
E02002110,686273,402500,305500,9.198103,231682.56631184748
E02002110,686274,403500,305500,9.868725,1000000.0
E02002110,686275,404500,305500,10.63599,677851.4818768401
E02002110,686963,402500,304500,10.37282,162571.51700709836
E02002110,686964,403500,304500,9.82414,850447.4935296731
E02002110,686965,404500,304500,10.80182,230657.68477954515
E02002110,687653,402500,303500,10.81573,304426.70008831174
E02002110,687654,403500,303500,10.18212,212068.47229362902
E02002110,688343,402500,302500,11.39275,10866.40441357521
E02002111,684895,404500,307500,10.39969,6617.627856216898
E02002111,685585,404500,306500,9.980933,376016.396478088
E02002111,685586,405500,306500,10.83417,546494.1341765854
E02002111,685587,406500,306500,10.39605,80678.1902565269
E02002111,686275,404500,305500,10.63599,322148.5181231599
E02002111,686276,405500,305500,10.38017,535410.7294318203
E02002111,686965,404500,304500,10.80182,282858.623561838
E02002111,686966,405500,304500,11.08224,58304.41006592719
E02002112,686961,400500,304500,9.694001,107960.522088669
E02002112,686962,401500,304500,9.739213,732220.1293113098
E02002112,686963,402500,304500,10.37282,743328.6019605803
E02002112,687651,400500,303500,10.94926,23761.08253495866
E02002112,687652,401500,303500,11.03413,617191.1972533207
E02002112,687653,402500,303500,10.81573,200156.29688223556
E02002113,686276,405500,305500,10.38017,340687.5662408464
E02002113,686277,406500,305500,9.556774,110511.8196467087
E02002113,686964,403500,304500,9.82414,149552.506470327
E02002113,686965,404500,304500,10.80182,486483.69165861694
E02002113,686966,405500,304500,11.08224,818847.0247905676
E02002113,686967,406500,304500,9.854902,171901.1097924203
E02002113,687653,402500,303500,10.81573,84590.85513970697
E02002113,687654,403500,303500,10.18212,773459.2696238499
E02002113,687655,404500,303500,11.44061,993678.8279510101
E02002113,687656,405500,303500,11.69515,285272.2316150133
E02002113,688343,402500,302500,11.39275,36689.31495282257
E02002113,688344,403500,302500,11.76187,51371.911155282185
E02002113,688345,404500,302500,15.50884,223099.25640619826
E02002113,688346,405500,302500,12.01036,34.28249752230121
E02002114,686963,402500,304500,10.37282,5236.368197099284
E02002114,687652,401500,303500,11.03413,338361.02234153973
E02002114,687653,402500,303500,10.81573,410826.1478897456
E02002114,688342,401500,302500,11.44994,228181.31428197713
E02002114,688343,402500,302500,11.39275,763489.0177921203
E02002114,688344,403500,302500,11.76187,7409.678432857036
E02002114,689033,402500,301500,12.02142,46681.22020958492
E02002115,686960,399500,304500,9.874762,138070.39374720628
E02002115,686961,400500,304500,9.694001,379878.1440075652
E02002115,687650,399500,303500,10.97109,276190.16053959454
E02002115,687651,400500,303500,10.94926,976238.9174650413
E02002115,687652,401500,303500,11.03413,44447.78040513964
E02002115,688340,399500,302500,12.6646,96173.6809344719
E02002115,688341,400500,302500,12.25093,715221.8355005688
E02002115,688342,401500,302500,11.44994,190849.00387760522
E02002116,686966,405500,304500,11.08224,85371.81585977046
E02002116,687655,404500,303500,11.44061,6321.172048989831
E02002116,687656,405500,303500,11.69515,713990.9189729596
E02002116,687657,406500,303500,10.27372,445320.19167190784
E02002116,687658,407500,303500,9.35128,560.041686708082
E02002116,688345,404500,302500,15.50884,211743.53860463647
E02002116,688346,405500,302500,12.01036,649500.5347562013
E02002116,688347,406500,302500,10.5191,938041.7924377476
E02002116,688348,407500,302500,9.850499,65267.98003397607
E02002116,689036,405500,301500,13.55847,43174.35358152099
E02002116,689037,406500,301500,10.67707,157045.79627651913
E02002117,686960,399500,304500,9.874762,9411.512620321057
E02002117,687649,398500,303500,10.74839,31882.071478027883
E02002117,687650,399500,303500,10.97109,642531.430025598
E02002117,688339,398500,302500,12.52753,35631.42221870797
E02002117,688340,399500,302500,12.6646,519322.6272680219
E02002117,689029,398500,301500,14.5045,194672.27493841684
E02002117,689030,399500,301500,14.17452,334016.58523796557
E02002118,687649,398500,303500,10.74839,188888.67449422833
E02002118,687650,399500,303500,10.97109,46108.19782259734
E02002118,688338,397500,302500,13.69009,92826.02776782084
E02002118,688339,398500,302500,12.52753,947003.5051888163
E02002118,688340,399500,302500,12.6646,304301.65601158794
E02002118,689029,398500,301500,14.5045,220454.2146347454
E02002118,689030,399500,301500,14.17452,568.497804557077
E02002119,687654,403500,303500,10.18212,14472.25808252106
E02002119,688343,402500,302500,11.39275,178816.90632429085
E02002119,688344,403500,302500,11.76187,773450.650042112
E02002119,689033,402500,301500,12.02142,390203.9270056206
E02002119,689034,403500,301500,12.16962,236312.30016568842
E02002120,688337,396500,302500,11.13093,203985.34439589424
E02002120,688338,397500,302500,13.69009,342541.66724814917
E02002120,689027,396500,301500,11.98264,252977.36996359157
E02002120,689028,397500,301500,12.59807,341069.9449870649
E02002120,689717,396500,300500,12.28221,22813.75674779506
E02002121,688340,399500,302500,12.6646,80202.03578591827
E02002121,688341,400500,302500,12.25093,284778.16449943115
E02002121,688342,401500,302500,11.44994,136474.22889775154
E02002121,689030,399500,301500,14.17452,54217.59237405806
E02002121,689031,400500,301500,12.97838,565998.7313795119
E02002121,689032,401500,301500,12.44031,88190.4508843846
E02002121,689721,400500,300500,14.43935,5243.645134237206
E02002122,688342,401500,302500,11.44994,441472.04792058526
E02002122,688343,402500,302500,11.39275,6328.60519263897
E02002122,689031,400500,301500,12.97838,229464.19421226982
E02002122,689032,401500,301500,12.44031,565686.694633092
E02002122,689033,402500,301500,12.02142,101.10972213908747
E02002122,689721,400500,300500,14.43935,175649.6828325198
E02002122,689722,401500,300500,13.25721,158711.68777990466
E02002123,688338,397500,302500,13.69009,24830.64201958474
E02002123,688339,398500,302500,12.52753,12917.498762189465
E02002123,689027,396500,301500,11.98264,35972.974814112284
E02002123,689028,397500,301500,12.59807,637462.0091741312
E02002123,689029,398500,301500,14.5045,272205.1154550923
E02002123,689717,396500,300500,12.28221,20372.88684658592
E02002123,689718,397500,300500,12.89886,184478.6290401362
E02002124,688345,404500,302500,15.50884,220363.71623222975
E02002124,688346,405500,302500,12.01036,350465.1827462764
E02002124,688347,406500,302500,10.5191,61958.20756225235
E02002124,688348,407500,302500,9.850499,371622.36938864435
E02002124,689035,404500,301500,14.12615,128095.59671929694
E02002124,689036,405500,301500,13.55847,949917.9469258233
E02002124,689037,406500,301500,10.67707,842954.2037234809
E02002124,689038,407500,301500,9.937716,829724.5982462785
E02002124,689725,404500,300500,13.38147,339672.11222234974
E02002124,689726,405500,300500,12.42298,546794.5640876445
E02002124,689727,406500,300500,10.91961,673747.9504112959
E02002124,689728,407500,300500,10.34293,439287.5982301961
E02002125,688344,403500,302500,11.76187,167767.76036974863
E02002125,688345,404500,302500,15.50884,344793.4887569355
E02002125,689033,402500,301500,12.02142,289843.8851350668
E02002125,689034,403500,301500,12.16962,763687.6998343116
E02002125,689035,404500,301500,14.12615,871904.403280703
E02002125,689036,405500,301500,13.55847,6907.6994926556035
E02002125,689723,402500,300500,12.71691,694515.1278795925
E02002125,689724,403500,300500,12.50912,761594.986056297
E02002125,689725,404500,300500,13.38147,297764.9316274891
E02002125,689726,405500,300500,12.42298,1329.3134077326583
E02002125,690414,403500,299500,12.18815,7677.8915560780815
E02002126,689029,398500,301500,14.5045,156331.1473943482
E02002126,689030,399500,301500,14.17452,611197.3245834191
E02002126,689031,400500,301500,12.97838,204537.07440821826
E02002126,689719,398500,300500,14.1064,104296.13333592104
E02002126,689720,399500,300500,13.7474,511722.2702284435
E02002126,689721,400500,300500,14.43935,518915.6627260416
E02002127,688342,401500,302500,11.44994,3023.4050220808367
E02002127,688343,402500,302500,11.39275,3809.7513245521686
E02002127,689032,401500,301500,12.44031,346122.8544825235
E02002127,689033,402500,301500,12.02142,273169.8579275886
E02002127,689721,400500,300500,14.43935,180622.3352978728
E02002127,689722,401500,300500,13.25721,831608.8905821351
E02002127,689723,402500,300500,12.71691,118467.65984726066
E02002127,690411,400500,299500,15.58171,275968.8904608435
E02002127,690412,401500,299500,15.10764,436566.9820014336
E02002128,689028,397500,301500,12.59807,21468.045838804188
E02002128,689029,398500,301500,14.5045,156337.24757739733
E02002128,689718,397500,300500,12.89886,452613.1346276399
E02002128,689719,398500,300500,14.1064,879118.4472236115
E02002128,689720,399500,300500,13.7474,1211.1098184462865
E02002128,690408,397500,299500,13.08405,244674.63383318196
E02002128,690409,398500,299500,13.12705,258338.61914480725
E02002128,690410,399500,299500,15.48188,6115.690011965495
E02002129,689716,395500,300500,12.69366,769.2471575439492
E02002129,689717,396500,300500,12.28221,524070.8854274296
E02002129,689718,397500,300500,12.89886,362908.23633222387
E02002129,690406,395500,299500,13.43723,28787.86902957773
E02002129,690407,396500,299500,13.17679,469091.0885702978
E02002129,690408,397500,299500,13.08405,391398.8730938791
E02002130,689719,398500,300500,14.1064,16585.419440467445
E02002130,689720,399500,300500,13.7474,487066.6199531102
E02002130,689721,400500,300500,14.43935,110435.42751763779
E02002130,690410,399500,299500,15.48188,649441.8551847256
E02002130,690411,400500,299500,15.58171,376946.9829721739
E02002131,689724,403500,300500,12.50912,231375.16741526025
E02002131,689725,404500,300500,13.38147,362562.95615016116
E02002131,689726,405500,300500,12.42298,451876.12250462285
E02002131,689727,406500,300500,10.91961,326252.0495887041
E02002131,689728,407500,300500,10.34293,88752.86593849152
E02002131,690414,403500,299500,12.18815,201574.02512354116
E02002131,690415,404500,299500,11.93961,978922.6093608994
E02002131,690416,405500,299500,11.50398,1000000.0
E02002131,690417,406500,299500,10.7014,1000000.0
E02002131,690418,407500,299500,10.68405,386407.7940411535
E02002131,691105,404500,298500,11.6595,637468.9867610197
E02002131,691106,405500,298500,11.30737,895643.8922584226
E02002131,691107,406500,298500,11.21124,922631.1001059929
E02002131,691108,407500,298500,11.65215,457373.391631004
E02002131,691796,405500,297500,11.3874,4802.184537184921
E02002131,691797,406500,297500,11.31539,407285.59187364945
E02002132,690408,397500,299500,13.08405,121393.98992422101
E02002132,690409,398500,299500,13.12705,741661.3808551928
E02002132,690410,399500,299500,15.48188,70673.10740002758
E02002132,691098,397500,298500,14.40459,24146.17205662514
E02002132,691099,398500,298500,14.45513,402643.1630698637
E02002132,691100,399500,298500,17.44329,54072.68368392263
E02002133,689722,401500,300500,13.25721,9679.421637960202
E02002133,689723,402500,300500,12.71691,187017.212273147
E02002133,689724,403500,300500,12.50912,7029.84652844272
E02002133,690412,401500,299500,15.10764,438182.0892337337
E02002133,690413,402500,299500,13.48615,1000000.0
E02002133,690414,403500,299500,12.18815,790748.0833203809
E02002133,690415,404500,299500,11.93961,21077.390639100497
E02002133,691102,401500,298500,16.53922,265032.36722743575
E02002133,691103,402500,298500,14.03765,246712.7311622097
E02002133,691104,403500,298500,12.12642,535167.461484028
E02002133,691105,404500,298500,11.6595,19106.61178574903
E02002134,690406,395500,299500,13.43723,588429.4721003373
E02002134,690407,396500,299500,13.17679,530908.9114297021
E02002134,690408,397500,299500,13.08405,40725.7690911577
E02002134,691095,394500,298500,13.36474,22360.96246432251
E02002134,691096,395500,298500,13.66864,686190.5067946367
E02002134,691097,396500,298500,14.6169,516321.5656269896
E02002134,691098,397500,298500,14.40459,148405.88790684764
E02002134,691786,395500,297500,13.0033,5459.924175111379
E02002134,691787,396500,297500,14.29198,7629.858739167683
E02002135,690410,399500,299500,15.48188,273769.34740328137
E02002135,690411,400500,299500,15.58171,92464.46513579154
E02002135,691100,399500,298500,17.44329,796910.6750539622
E02002135,691101,400500,298500,18.27647,767917.270011182
E02002135,691102,401500,298500,16.53922,31835.31278583556
E02002135,691790,399500,297500,17.70222,116591.96319332771
E02002135,691791,400500,297500,16.30844,81539.05971924916
E02002136,690408,397500,299500,13.08405,201806.73405756024
E02002136,691096,395500,298500,13.66864,14997.249092342614
E02002136,691097,396500,298500,14.6169,483678.4343730105
E02002136,691098,397500,298500,14.40459,779211.8750731066
E02002136,691099,398500,298500,14.45513,28717.619645684346
E02002136,691787,396500,297500,14.29198,596134.781859396
E02002136,691788,397500,297500,14.88653,170034.14784164412
E02002137,689728,407500,300500,10.34293,11400.61148626431
E02002137,690418,407500,299500,10.68405,521604.32456266356
E02002137,690419,408500,299500,10.33618,66944.58687640625
E02002137,691108,407500,298500,11.65215,494631.64952735655
E02002137,691109,408500,298500,11.31702,541106.4868473123
E02002137,691798,407500,297500,12.02211,417516.6139476889
E02002137,691799,408500,297500,11.54067,109338.72378934393
E02002138,691102,401500,298500,16.53922,21274.0888468165
E02002138,691103,402500,298500,14.03765,740372.520408746
E02002138,691104,403500,298500,12.12642,244853.20086910273
E02002138,691792,401500,297500,14.99848,8212.112273278955
E02002138,691793,402500,297500,14.19194,521349.28936671815
E02002138,691794,403500,297500,13.03618,264375.2230480282
E02002139,689721,400500,300500,14.43935,9133.24649169084
E02002139,690411,400500,299500,15.58171,254619.6614311911
E02002139,690412,401500,299500,15.10764,125250.92876483267
E02002139,691101,400500,298500,18.27647,176109.08112706163
E02002139,691102,401500,298500,16.53922,681858.2311399123
E02002139,691103,402500,298500,14.03765,12914.748429044324
E02002139,691791,400500,297500,16.30844,45420.57120441186
E02002139,691792,401500,297500,14.99848,634786.9196584797
E02002139,691793,402500,297500,14.19194,322490.6970579003
E02002139,692482,401500,296500,16.49411,20629.3041974714
E02002139,692483,402500,296500,13.69921,80025.9131366669
E02002140,691100,399500,298500,17.44329,74398.72787695326
E02002140,691101,400500,298500,18.27647,55973.64886175637
E02002140,691789,398500,297500,15.05462,42424.47376153133
E02002140,691790,399500,297500,17.70222,864621.6828482184
E02002140,691791,400500,297500,16.30844,449250.62944476213
E02002140,692480,399500,296500,17.54141,287261.80106506543
E02002140,692481,400500,296500,18.35759,146016.5568185039
E02002141,691107,406500,298500,11.21124,77368.89989400718
E02002141,691108,407500,298500,11.65215,47994.95884163946
E02002141,691797,406500,297500,11.31539,447519.959319751
E02002141,691798,407500,297500,12.02211,582483.3860523112
E02002141,691799,408500,297500,11.54067,301382.1082441536
E02002141,692487,406500,296500,11.96226,319162.688136234
E02002141,692488,407500,296500,12.6583,787695.8424854885
E02002141,692489,408500,296500,12.38843,89100.1400961284
E02002141,693178,407500,295500,13.94613,2383.7732966466892
E02002142,691098,397500,298500,14.40459,48236.06496342021
E02002142,691099,398500,298500,14.45513,568639.2172844519
E02002142,691100,399500,298500,17.44329,74617.91338516184
E02002142,691788,397500,297500,14.88653,312304.69002643006
E02002142,691789,398500,297500,15.05462,957575.5262384687
E02002142,691790,399500,297500,17.70222,18786.35395845387
E02002142,692478,397500,296500,14.86189,191788.2162941113
E02002142,692479,398500,296500,14.99566,434414.96701674245
E02002142,692480,399500,296500,17.54141,78877.05660621537
E02002143,691791,400500,297500,16.30844,423789.7396315769
E02002143,691792,401500,297500,14.99848,333182.0311918111
E02002143,692481,400500,296500,18.35759,613997.9332430689
E02002143,692482,401500,296500,16.49411,270440.358080776
E02002143,693171,400500,295500,14.41181,374.236389844102
E02002143,693172,401500,295500,17.46241,655.3936140118764
E02002144,691793,402500,297500,14.19194,156160.01357538163
E02002144,691794,403500,297500,13.03618,588234.0260359433
E02002144,691795,404500,297500,11.86031,255751.77096150495
E02002144,692483,402500,296500,13.69921,124101.21144790188
E02002144,692484,403500,296500,13.34966,876573.9913371488
E02002144,692485,404500,296500,12.37915,440254.93132018764
E02002144,693174,403500,295500,13.59829,278327.51509840495
E02002144,693175,404500,295500,14.94791,106643.43400167917
E02002145,691787,396500,297500,14.29198,62506.28636624696
E02002145,691788,397500,297500,14.88653,488320.70723235403
E02002145,692478,397500,296500,14.86189,474005.9504092911
E02002145,692479,398500,296500,14.99566,166578.8922469965
E02002145,693168,397500,295500,15.05083,53745.07437435347
E02002145,693169,398500,295500,15.70139,22127.13335437561
E02002146,691792,401500,297500,14.99848,23818.93687643009
E02002146,692482,401500,296500,16.49411,708930.3377217527
E02002146,692483,402500,296500,13.69921,756445.4310812204
E02002146,692484,403500,296500,13.34966,119534.02289306241
E02002146,693172,401500,295500,17.46241,328406.78722498304
E02002146,693173,402500,295500,14.5794,90930.55343046882
E02002146,693174,403500,295500,13.59829,1047.1083220616874
E02002147,691787,396500,297500,14.29198,39365.1389853211
E02002147,691788,397500,297500,14.88653,29340.454899571723
E02002147,692477,396500,296500,13.32826,618096.4195539196
E02002147,692478,397500,296500,14.86189,334205.8332965975
E02002147,693166,395500,295500,13.40077,9214.505211398586
E02002147,693167,396500,295500,13.41815,766073.9258756505
E02002147,693168,397500,295500,15.05083,543518.9076354356
E02002147,693857,396500,294500,13.38033,22949.28484333065
E02002147,693858,397500,294500,15.59908,221.15757160814027
E02002148,691104,403500,298500,12.12642,219979.33764686921
E02002148,691105,404500,298500,11.6595,343424.4014532315
E02002148,691106,405500,298500,11.30737,104356.10774157739
E02002148,691794,403500,297500,13.03618,147390.7509160284
E02002148,691795,404500,297500,11.86031,744248.229038495
E02002148,691796,405500,297500,11.3874,995197.8154628151
E02002148,691797,406500,297500,11.31539,145194.4488065995
E02002148,692485,404500,296500,12.37915,559745.0686798124
E02002148,692486,405500,296500,12.05001,1000000.0
E02002148,692487,406500,296500,11.96226,680837.3118637659
E02002148,692488,407500,296500,12.6583,34837.22569289453
E02002148,693175,404500,295500,14.94791,336638.8168784476
E02002148,693176,405500,295500,13.39912,999789.5179937279
E02002148,693177,406500,295500,14.06236,882260.5442047573
E02002148,693178,407500,295500,13.94613,85991.86709808337
E02002148,693866,405500,294500,17.60128,300193.74968301546
E02002148,693867,406500,294500,15.28342,20210.322296907365
E02002149,686952,391500,304500,12.02973,184889.69703611807
E02002149,686953,392500,304500,11.242,284736.67084526725
E02002149,686954,393500,304500,11.78489,41821.071040652576
E02002149,687642,391500,303500,12.59892,449782.0891937126
E02002149,687643,392500,303500,10.37529,999693.703064373
E02002149,687644,393500,303500,9.982689,285368.0820013087
E02002149,688332,391500,302500,12.02707,591306.5747410972
E02002149,688333,392500,302500,10.54488,738677.2229697508
E02002149,688334,393500,302500,10.73092,1279.7696290000406
E02002149,689022,391500,301500,12.19092,11869.490672920852
E02002149,689023,392500,301500,11.60682,9398.572110947884
E02002150,686952,391500,304500,12.02973,172256.82642598468
E02002150,687640,389500,303500,8.900047,44853.80236778017
E02002150,687641,390500,303500,10.85194,559012.1718245458
E02002150,687642,391500,303500,12.59892,548990.0518072295
E02002150,688331,390500,302500,10.62373,435478.2218383485
E02002150,688332,391500,302500,12.02707,265375.17589787947
E02002151,687640,389500,303500,8.900047,82116.23160566049
E02002151,687641,390500,303500,10.85194,56779.677389196484
E02002151,688330,389500,302500,9.427168,633201.1839223828
E02002151,688331,390500,302500,10.62373,277784.18256235716
E02002151,689020,389500,301500,9.918694,75309.9962509627
E02002152,687643,392500,303500,10.37529,306.29693562700913
E02002152,687644,393500,303500,9.982689,140798.0778536462
E02002152,688333,392500,302500,10.54488,165285.61586688695
E02002152,688334,393500,302500,10.73092,779955.2732957824
E02002152,688335,394500,302500,10.38157,91224.96365069516
E02002152,689023,392500,301500,11.60682,199448.7137206401
E02002152,689024,393500,301500,11.85894,237344.4963595237
E02002152,689025,394500,301500,11.43036,91875.26528657177
E02002153,688336,395500,302500,10.62277,244719.53525496574
E02002153,688337,396500,302500,11.13093,436156.7325193148
E02002153,689026,395500,301500,11.73755,412198.9519678759
E02002153,689027,396500,301500,11.98264,411484.9841439422
E02002154,688331,390500,302500,10.62373,262934.88335330127
E02002154,688332,391500,302500,12.02707,143318.24936102348
E02002154,689021,390500,301500,10.22404,739776.3865565031
E02002154,689022,391500,301500,12.19092,822371.5470907073
E02002154,689023,392500,301500,11.60682,4554.9221889757755
E02002154,689711,390500,300500,10.48923,118280.14627099482
E02002154,689712,391500,300500,13.25726,241066.4472109524
E02002155,688333,392500,302500,10.54488,96037.1611633623
E02002155,689022,391500,301500,12.19092,165758.96223637174
E02002155,689023,392500,301500,11.60682,621603.134819527
E02002155,689712,391500,300500,13.25726,107815.66033200952
E02002155,689713,392500,300500,12.82015,39309.62583139856
E02002156,688334,393500,302500,10.73092,3855.298989162727
E02002156,689024,393500,301500,11.85894,730746.1030362085
E02002156,689025,394500,301500,11.43036,425162.86842230696
E02002156,689714,393500,300500,12.62568,264106.9928504306
E02002156,689715,394500,300500,12.65336,138167.50869818253
E02002157,688329,388500,302500,7.208197,110576.4004327646
E02002157,688330,389500,302500,9.427168,183780.9581512884
E02002157,688331,390500,302500,10.62373,23802.712245993174
E02002157,689019,388500,301500,7.437208,455067.09103257913
E02002157,689020,389500,301500,9.918694,924690.0037490373
E02002157,689021,390500,301500,10.22404,240394.71318291087
E02002157,689709,388500,300500,8.756799,507794.61444873206
E02002157,689710,389500,300500,9.748906,721217.8384667776
E02002157,689711,390500,300500,10.48923,33383.58082307011
E02002157,690400,389500,299500,10.24423,5039.643279504337
E02002158,689025,394500,301500,11.43036,206830.23421189142
E02002158,689026,395500,301500,11.73755,401016.5854519721
E02002158,689027,396500,301500,11.98264,299564.67107835395
E02002158,689715,394500,300500,12.65336,59633.532291378506
E02002158,689716,395500,300500,12.69366,463864.8855429476
E02002158,689717,396500,300500,12.28221,203752.61733492906
E02002159,689023,392500,301500,11.60682,164994.6571599092
E02002159,689024,393500,301500,11.85894,8884.197115419018
E02002159,689712,391500,300500,13.25726,59996.775609037846
E02002159,689713,392500,300500,12.82015,856430.1908563505
E02002159,689714,393500,300500,12.62568,23879.218623441924
E02002159,690403,392500,299500,14.0199,61539.54372885831
E02002160,689025,394500,301500,11.43036,411.3010645312621
E02002160,689714,393500,300500,12.62568,3814.9561900465183
E02002160,689715,394500,300500,12.65336,671673.946316599
E02002160,689716,395500,300500,12.69366,535365.8672995084
E02002160,689717,396500,300500,12.28221,228989.8536432603
E02002160,690404,393500,299500,14.74786,372030.28039488476
E02002160,690405,394500,299500,14.52991,988371.4983490222
E02002160,690406,395500,299500,13.43723,382782.65887008497
E02002160,691095,394500,298500,13.36474,126416.12595105528
E02002160,691096,395500,298500,13.66864,6068.87007546379
E02002161,689021,390500,301500,10.22404,19828.90026058605
E02002161,689710,389500,300500,9.748906,270368.86239269096
E02002161,689711,390500,300500,10.48923,837823.3364931247
E02002161,689712,391500,300500,13.25726,454797.749311422
E02002161,690400,389500,299500,10.24423,170003.72954300643
E02002161,690401,390500,299500,11.00468,160271.3391660759
E02002161,690402,391500,299500,15.40964,83109.56261013556
E02002162,689017,386500,301500,6.065892,4344.566779220791
E02002162,689018,387500,301500,6.562757,69853.69137560626
E02002162,689019,388500,301500,7.437208,63085.519941974
E02002162,689707,386500,300500,6.35818,38500.58350764351
E02002162,689708,387500,300500,7.611886,825810.0103450224
E02002162,689709,388500,300500,8.756799,492083.0394273154
E02002162,689710,389500,300500,9.748906,8413.299140531442
E02002162,690398,387500,299500,7.63174,531951.6389560133
E02002162,690399,388500,299500,8.993237,817093.9867529803
E02002162,690400,389500,299500,10.24423,52574.081994347056
E02002162,691088,387500,298500,8.086797,22408.346570792935
E02002162,691089,388500,298500,9.245429,28141.744606235632
E02002163,689024,393500,301500,11.85894,23025.203488848543
E02002163,689025,394500,301500,11.43036,28862.361403360308
E02002163,689713,392500,300500,12.82015,101802.30299426895
E02002163,689714,393500,300500,12.62568,708198.832336081
E02002163,689715,394500,300500,12.65336,130525.01269383995
E02002163,690403,392500,299500,14.0199,828016.054673965
E02002163,690404,393500,299500,14.74786,324847.23625010264
E02002163,690405,394500,299500,14.52991,343.3653888533475
E02002163,691093,392500,298500,16.32104,172934.854040915
E02002164,689711,390500,300500,10.48923,10512.936412810417
E02002164,689712,391500,300500,13.25726,26332.48458592342
E02002164,690401,390500,299500,11.00468,363009.6661485785
E02002164,690402,391500,299500,15.40964,321182.5654767011
E02002165,690399,388500,299500,8.993237,9764.860093550917
E02002165,690400,389500,299500,10.24423,596917.1880767519
E02002165,690401,390500,299500,11.00468,476718.9946853456
E02002165,690402,391500,299500,15.40964,10960.171133836113
E02002165,691090,389500,298500,9.609577,116140.07640963771
E02002165,691091,390500,298500,12.06968,422823.9514593284
E02002165,691092,391500,298500,16.55256,12771.157740309422
E02002166,690403,392500,299500,14.0199,20191.793498886065
E02002166,690404,393500,299500,14.74786,303122.4833550126
E02002166,690405,394500,299500,14.52991,10404.694275223068
E02002166,691093,392500,298500,16.32104,459997.6174061811
E02002166,691094,393500,298500,13.28565,998069.4311003762
E02002166,691095,394500,298500,13.36474,118090.8209994293
E02002166,691783,392500,297500,13.33125,228462.95951099633
E02002166,691784,393500,297500,12.83548,620476.9677911117
E02002166,691785,394500,297500,12.60186,65748.21190908582
E02002167,690397,386500,299500,6.837155,4649.653366243331
E02002167,690398,387500,299500,7.63174,154045.24130055777
E02002167,690399,388500,299500,8.993237,21782.106411401022
E02002167,691087,386500,298500,6.928229,639092.4866352511
E02002167,691088,387500,298500,8.086797,976480.7563440109
E02002167,691089,388500,298500,9.245429,344181.2003761207
E02002167,691777,386500,297500,6.782551,79493.31896128817
E02002167,691778,387500,297500,7.237103,337632.016289169
E02002167,691779,388500,297500,8.384561,35588.84907681672
E02002168,689712,391500,300500,13.25726,109990.88295065479
E02002168,689713,392500,300500,12.82015,2457.8803179819424
E02002168,690402,391500,299500,15.40964,584747.7007793272
E02002168,690403,392500,299500,14.0199,90252.60809829077
E02002168,691090,389500,298500,9.609577,36257.392448610895
E02002168,691091,390500,298500,12.06968,560910.9739345991
E02002168,691092,391500,298500,16.55256,781546.7986829103
E02002168,691093,392500,298500,16.32104,164678.70153482293
E02002168,691780,389500,297500,9.481517,92205.69166546702
E02002168,691781,390500,297500,11.53937,631431.3357091113
E02002168,691782,391500,297500,13.50294,5210.738708012821
E02002169,690399,388500,299500,8.993237,151359.0467420677
E02002169,690400,389500,299500,10.24423,175465.3571063902
E02002169,691089,388500,298500,9.245429,627677.0550176437
E02002169,691090,389500,298500,9.609577,845456.711124723
E02002169,691091,390500,298500,12.06968,16265.074606072496
E02002169,691779,388500,297500,8.384561,576138.9612559053
E02002169,691780,389500,297500,9.481517,415329.1153350947
E02002169,692469,388500,296500,8.290361,93377.5976941267
E02002169,692470,389500,296500,8.969544,10227.85737205608
E02002170,691095,394500,298500,13.36474,35218.83989916139
E02002170,691096,395500,298500,13.66864,270135.31260898756
E02002170,691785,394500,297500,12.60186,54276.68820900127
E02002170,691786,395500,297500,13.0033,681057.0573958142
E02002170,691787,396500,297500,14.29198,106591.09354565488
E02002170,692476,395500,296500,14.27424,1450.1934131525236
E02002171,690405,394500,299500,14.52991,880.4419869013195
E02002171,691094,393500,298500,13.28565,1930.568899623826
E02002171,691095,394500,298500,13.36474,697913.2506860316
E02002171,691096,395500,298500,13.66864,22608.061428569337
E02002171,691784,393500,297500,12.83548,139088.39632977528
E02002171,691785,394500,297500,12.60186,797208.0042250981
E02002171,691786,395500,297500,13.0033,50131.31420685408
E02002171,692474,393500,296500,13.3845,1119.1037706896059
E02002171,692475,394500,296500,14.82702,97460.11994078786
E02002174,691090,389500,298500,9.609577,2145.820017028339
E02002174,691780,389500,297500,9.481517,492465.1929994382
E02002174,691781,390500,297500,11.53937,186954.50991787907
E02002174,692469,388500,296500,8.290361,0.8488162436066553
E02002174,692470,389500,296500,8.969544,800504.4306813296
E02002174,692471,390500,296500,10.43538,235726.29448622436
E02002174,693160,389500,295500,8.751315,2067.2420236664907
E02002174,693161,390500,295500,8.751345,16441.270327976104
E02002175,691785,394500,297500,12.60186,82767.0956568149
E02002175,691786,395500,297500,13.0033,263351.70422222046
E02002175,691787,396500,297500,14.29198,187772.84050421335
E02002175,692475,394500,296500,14.82702,293203.77082056174
E02002175,692476,395500,296500,14.27424,889528.5822954314
E02002175,692477,396500,296500,13.32826,381903.5804460804
E02002175,693166,395500,295500,13.40077,64230.97916111819
E02002175,693167,396500,295500,13.41815,47871.43723548251
E02002176,691778,387500,297500,7.237103,124077.30653525022
E02002176,691779,388500,297500,8.384561,388272.1896672779
E02002176,692468,387500,296500,6.601841,33966.927788134584
E02002176,692469,388500,296500,8.290361,686644.4132869329
E02002176,693159,388500,295500,8.0375,256963.7222286249
E02002177,691783,392500,297500,13.33125,141157.14305705787
E02002177,691784,393500,297500,12.83548,240434.63587911316
E02002177,692473,392500,296500,11.86964,564202.9000178872
E02002177,692474,393500,296500,13.3845,868076.4360292754
E02002177,692475,394500,296500,14.82702,564624.6346661298
E02002177,693164,393500,295500,13.3991,241387.1104396256
E02002177,693165,394500,295500,12.89968,695061.7802195486
E02002177,693855,394500,294500,12.99524,49338.99152532663
E02002178,692470,389500,296500,8.969544,217.42092196840815
E02002178,692471,390500,296500,10.43538,565617.465728724
E02002178,692472,391500,296500,11.00226,670055.3274371531
E02002178,692473,392500,296500,11.86964,4659.350382639159
E02002178,693160,389500,295500,8.751315,8081.642666379756
E02002178,693161,390500,295500,8.751345,487779.7765063686
E02002178,693162,391500,295500,9.482939,629405.1993826384
E02002178,693163,392500,295500,11.10619,4958.616371995104
E02002179,692469,388500,296500,8.290361,136956.425979302
E02002179,692470,389500,296500,8.969544,189050.29102464582
E02002179,692471,390500,296500,10.43538,3554.0102469158364
E02002179,693159,388500,295500,8.0375,379328.53663833166
E02002179,693160,389500,295500,8.751315,778634.6677591086
E02002179,693161,390500,295500,8.751345,104493.37756305952
E02002180,692473,392500,296500,11.86964,129582.03566932752
E02002180,692474,393500,296500,13.3845,130804.460200035
E02002180,693162,391500,295500,9.482939,35782.25976538293
E02002180,693163,392500,295500,11.10619,913585.3683228974
E02002180,693164,393500,295500,13.3991,333551.4541321186
E02002180,693853,392500,294500,10.8258,212016.7259435588
E02002181,692475,394500,296500,14.82702,44711.47457252051
E02002181,692476,395500,296500,14.27424,109021.22429141618
E02002181,693165,394500,295500,12.89968,166538.0920702632
E02002181,693166,395500,295500,13.40077,926554.5156274831
E02002181,693167,396500,295500,13.41815,186054.636888867
E02002181,693855,394500,294500,12.99524,276.65402530968095
E02002181,693856,395500,294500,12.8468,439659.0595157414
E02002181,693857,396500,294500,13.38033,280562.60074397956
E02002182,693163,392500,295500,11.10619,70334.41536044957
E02002182,693164,393500,295500,13.3991,425061.4354282557
E02002182,693165,394500,295500,12.89968,293.47111666988593
E02002182,693853,392500,294500,10.8258,348952.14488377556
E02002182,693854,393500,294500,14.15721,661056.0368488585
E02002182,693855,394500,294500,12.99524,14495.527374429701
E02002809,664920,439500,336500,11.91194,87385.10915669247
E02002809,664921,440500,336500,11.71464,114907.43005189169
E02002809,664922,441500,336500,9.901419,66838.25744460875
E02002809,665608,437500,335500,13.70065,19366.699462639303
E02002809,665609,438500,335500,15.47163,360144.1352141935
E02002809,665610,439500,335500,15.8714,938913.7304727172
E02002809,665611,440500,335500,12.41102,968904.5052004027
E02002809,665612,441500,335500,10.30288,242734.18281545755
E02002809,666298,437500,334500,15.6501,50697.29612454297
E02002809,666299,438500,334500,13.72988,710174.578944245
E02002809,666300,439500,334500,12.39646,913255.210646841
E02002809,666301,440500,334500,10.34495,1000000.0
E02002809,666302,441500,334500,9.977143,103261.36641124488
E02002809,666990,439500,333500,11.08875,63852.18745959804
E02002809,666991,440500,333500,9.679009,82598.00040643102
E02002809,666992,441500,333500,9.149235,6852.739654274737
E02002812,664913,432500,336500,10.67989,30559.90721992527
E02002812,664914,433500,336500,12.09993,69775.96639392963
E02002812,665603,432500,335500,10.94544,554498.0036186484
E02002812,665604,433500,335500,11.47677,726596.8718623082
E02002812,665605,434500,335500,12.58159,16063.782019383552
E02002812,666293,432500,334500,11.85012,72252.7266806721
E02002812,666294,433500,334500,11.30695,847455.2921756342
E02002812,666295,434500,334500,12.06025,129876.25417146053
E02002812,666984,433500,333500,10.34707,88975.34925947088
E02002813,664916,435500,336500,15.9626,85244.99481969749
E02002813,664917,436500,336500,15.10989,16991.081846714027
E02002813,665606,435500,335500,16.32265,547637.1930684955
E02002813,665607,436500,335500,15.72245,225203.0427431491
E02002813,666296,435500,334500,14.17201,782020.3740305193
E02002813,666297,436500,334500,15.60463,117078.20258785927
E02002813,666986,435500,333500,12.56696,65987.22651798595
E02002814,665602,431500,335500,9.211196,75780.2341239878
E02002814,666291,430500,334500,8.992565,712614.5615912944
E02002814,666292,431500,334500,10.67799,510308.69778035773
E02002814,666981,430500,333500,8.166216,235035.2638638149
E02002814,666982,431500,333500,9.831285,597677.610322193
E02002814,667672,431500,332500,8.878975,5396.188858049179
E02002815,666294,433500,334500,11.30695,2680.378099142363
E02002815,666295,434500,334500,12.06025,425611.9085911041
E02002815,666296,435500,334500,14.17201,108430.0097814526
E02002815,666985,434500,333500,11.51252,50363.00585584385
E02002815,666986,435500,333500,12.56696,244331.58976038656
E02002816,665602,431500,335500,9.211196,556.7980881588185
E02002816,665603,432500,335500,10.94544,153006.1704652836
E02002816,666292,431500,334500,10.67799,323912.6215774476
E02002816,666293,432500,334500,11.85012,927747.2733193279
E02002816,666294,433500,334500,11.30695,74736.12791836346
E02002816,666981,430500,333500,8.166216,44136.07263791787
E02002816,666982,431500,333500,9.831285,399846.02871521405
E02002816,666983,432500,333500,9.682779,583251.6613337162
E02002816,666984,433500,333500,10.34707,1649.2191665757641
E02002816,667671,430500,332500,8.846244,25935.425316442263
E02002816,667672,431500,332500,8.878975,486286.81148159265
E02002816,667673,432500,332500,8.896167,327757.2050486647
E02002817,666294,433500,334500,11.30695,75106.13225835226
E02002817,666295,434500,334500,12.06025,14928.09124840113
E02002817,666983,432500,333500,9.682779,416748.3386662837
E02002817,666984,433500,333500,10.34707,814337.8502878373
E02002817,666985,434500,333500,11.51252,244073.39696999
E02002817,667673,432500,332500,8.896167,70700.25490999784
E02002817,667674,433500,332500,10.01319,51287.199698513985
E02002817,667675,434500,332500,11.11063,2970.013006162779
E02002818,666295,434500,334500,12.06025,7185.753328983735
E02002818,666296,435500,334500,14.17201,13475.01161758582
E02002818,666985,434500,333500,11.51252,705563.5971741664
E02002818,666986,435500,333500,12.56696,268028.2186053632
E02002818,667675,434500,332500,11.11063,293534.51389697834
E02002818,667676,435500,332500,12.93813,5002.15658669435
E02002819,665607,436500,335500,15.72245,608880.2916697792
E02002819,665608,437500,335500,13.70065,474617.31669922726
E02002819,666297,436500,334500,15.60463,759244.9740524482
E02002819,666298,437500,334500,15.6501,902571.2830396603
E02002819,666299,438500,334500,13.72988,263748.88504729536
E02002819,666300,439500,334500,12.39646,86744.78935315905
E02002819,666987,436500,333500,14.0565,63665.84893253989
E02002819,666988,437500,333500,13.80478,178029.50065660797
E02002819,666989,438500,333500,13.05454,267960.9191599587
E02002819,666990,439500,333500,11.08875,936147.8125404019
E02002819,666991,440500,333500,9.679009,141239.23028733442
E02002819,667679,438500,332500,11.28886,19919.585036001445
E02002819,667680,439500,332500,10.60183,437305.0580505057
E02002819,667681,440500,332500,9.641915,2.8550344355584762
E02002820,666298,437500,334500,15.6501,46671.970251493745
E02002820,666299,438500,334500,13.72988,26076.536008459527
E02002820,666988,437500,333500,13.80478,408280.4708491269
E02002820,666989,438500,333500,13.05454,690733.6852412613
E02002820,667678,437500,332500,12.2194,351409.432058445
E02002820,667679,438500,332500,11.28886,199024.50151050568
E02002821,666296,435500,334500,14.17201,4404.659003440016
E02002821,666297,436500,334500,15.60463,123676.82335969245
E02002821,666986,435500,333500,12.56696,178962.6353752869
E02002821,666987,436500,333500,14.0565,878920.3549499513
E02002821,666988,437500,333500,13.80478,413690.02849426516
E02002821,667676,435500,332500,12.93813,8198.805808483443
E02002821,667677,436500,332500,11.79646,816211.867451482
E02002821,667678,437500,332500,12.2194,482977.37785194244
E02002821,668368,437500,331500,10.8382,163.20771955352174
E02002822,666984,433500,333500,10.34707,95037.58128611607
E02002822,667673,432500,332500,8.896167,348897.10408434167
E02002822,667674,433500,332500,10.01319,923495.2063955218
E02002822,667675,434500,332500,11.11063,237157.54339787996
E02002822,668364,433500,331500,9.830772,67959.36528187316
E02002823,666989,438500,333500,13.05454,41305.395598780175
E02002823,667678,437500,332500,12.2194,148724.2014840068
E02002823,667679,438500,332500,11.28886,781055.913453493
E02002823,667680,439500,332500,10.60183,385098.39159488503
E02002823,668368,437500,331500,10.8382,147489.2708238437
E02002823,668369,438500,331500,9.558747,411518.3866813715
E02002823,668370,439500,331500,9.457871,34390.55753950088
E02002824,666986,435500,333500,12.56696,242690.32974097735
E02002824,666987,436500,333500,14.0565,57413.796117508784
E02002824,667674,433500,332500,10.01319,424.53152142493957
E02002824,667675,434500,332500,11.11063,466337.92969897896
E02002824,667676,435500,332500,12.93813,986799.0376048221
E02002824,667677,436500,332500,11.79646,135180.27364151337
E02002824,668364,433500,331500,9.830772,176782.53878040562
E02002824,668365,434500,331500,10.02763,999446.2880331127
E02002824,668366,435500,331500,10.44862,1000000.0
E02002824,668367,436500,331500,11.60208,310027.0487087467
E02002824,669055,434500,330500,9.236654,526251.2021674719
E02002824,669056,435500,330500,9.098132,485469.3482281733
E02002824,669057,436500,330500,8.903826,14547.502481033382
E02002825,667677,436500,332500,11.79646,48607.85890700467
E02002825,667678,437500,332500,12.2194,16888.98860560569
E02002825,668367,436500,331500,11.60208,689972.9512912533
E02002825,668368,437500,331500,10.8382,683935.7631793496
E02002825,669056,435500,330500,9.098132,1215.4607503836892
E02002825,669057,436500,330500,8.903826,495321.09953051945
E02002825,669058,437500,330500,10.35335,780883.1606906122
E02002825,669748,437500,329500,11.26263,71669.60519922942
E02002826,668368,437500,331500,10.8382,168411.7582772531
E02002826,668369,438500,331500,9.558747,588481.6133186284
E02002826,668370,439500,331500,9.457871,133816.98840210965
E02002826,669058,437500,330500,10.35335,202105.53199884162
E02002826,669059,438500,330500,9.63594,751133.2906299626
E02002826,669060,439500,330500,8.897154,3950.729105308092
E02002826,669748,437500,329500,11.26263,232195.3153049402
E02002826,669749,438500,329500,10.35849,219777.4818291076
E02002905,705532,341500,277500,2.446172,381947.9820695961
E02002905,705533,342500,277500,2.465291,667654.3321520583
E02002905,705534,343500,277500,2.497108,400178.31590859883
E02002905,705535,344500,277500,2.550062,229608.88468138024
E02002905,705536,345500,277500,2.548457,5405.530362256361
E02002905,706218,337500,276500,2.557901,272077.35066540784
E02002905,706219,338500,276500,2.552295,640507.9965913958
E02002905,706220,339500,276500,2.514841,310376.8997112146
E02002905,706221,340500,276500,2.449844,892592.2126943487
E02002905,706222,341500,276500,2.440853,999943.285000782
E02002905,706223,342500,276500,2.477078,1000000.0
E02002905,706224,343500,276500,2.537255,1000000.0
E02002905,706225,344500,276500,2.599182,998398.9866083837
E02002905,706226,345500,276500,2.557139,112101.61809198066
E02002905,706908,337500,275500,2.493975,307372.12257333525
E02002905,706909,338500,275500,2.467521,918738.4150561066
E02002905,706910,339500,275500,2.452889,857107.9626144688
E02002905,706911,340500,275500,2.530933,1000000.0
E02002905,706912,341500,275500,2.520322,1000000.0
E02002905,706913,342500,275500,2.584972,1000000.0
E02002905,706914,343500,275500,2.526543,1000000.0
E02002905,706915,344500,275500,2.558843,1000000.0
E02002905,706916,345500,275500,2.490006,489456.61919994914
E02002905,706917,346500,275500,2.484522,46785.07380412896
E02002905,707597,336500,274500,2.414294,250082.42158755535
E02002905,707598,337500,274500,2.398795,830033.6035084209
E02002905,707599,338500,274500,2.392129,873244.6291668308
E02002905,707600,339500,274500,2.409198,1000000.0
E02002905,707601,340500,274500,2.605402,1000000.0
E02002905,707602,341500,274500,2.464919,1000000.0
E02002905,707603,342500,274500,2.462998,1000000.0
E02002905,707604,343500,274500,2.445821,1000000.0
E02002905,707605,344500,274500,2.436424,1000000.0
E02002905,707606,345500,274500,2.457659,997619.7139158262
E02002905,707607,346500,274500,2.477416,76244.87171627558
E02002905,708287,336500,273500,2.403469,514877.08052037517
E02002905,708288,337500,273500,2.417057,1000000.0
E02002905,708289,338500,273500,2.429421,1000000.0
E02002905,708290,339500,273500,2.46829,1000000.0
E02002905,708291,340500,273500,2.559528,1000000.0
E02002905,708292,341500,273500,2.443577,1000000.0
E02002905,708293,342500,273500,2.439597,1000000.0
E02002905,708294,343500,273500,2.435719,1000000.0
E02002905,708295,344500,273500,2.432013,1000000.0
E02002905,708296,345500,273500,2.454629,978602.8847445239
E02002905,708297,346500,273500,2.469147,608376.9106511497
E02002905,708298,347500,273500,2.493376,686601.6518798219
E02002905,708299,348500,273500,2.51741,733409.759708026
E02002905,708300,349500,273500,2.574407,567031.2474839374
E02002905,708301,350500,273500,2.716256,33625.32538498611
E02002905,708975,334500,272500,2.473316,37800.914484322566
E02002905,708976,335500,272500,2.435466,788076.1417353166
E02002905,708977,336500,272500,2.450138,930564.7580053126
E02002905,708978,337500,272500,2.452457,1000000.0
E02002905,708979,338500,272500,2.473741,1000000.0
E02002905,708980,339500,272500,2.551195,1000000.0
E02002905,708981,340500,272500,2.456916,1000000.0
E02002905,708982,341500,272500,2.430645,1000000.0
E02002905,708983,342500,272500,2.445322,1000000.0
E02002905,708984,343500,272500,2.440539,1000000.0
E02002905,708985,344500,272500,2.468438,1000000.0
E02002905,708986,345500,272500,2.445084,1000000.0
E02002905,708987,346500,272500,2.464751,1000000.0
E02002905,708988,347500,272500,2.480494,1000000.0
E02002905,708989,348500,272500,2.511636,1000000.0
E02002905,708990,349500,272500,2.590859,779168.0053887287
E02002905,709665,334500,271500,2.353703,404822.5822573182
E02002905,709666,335500,271500,2.348575,1000000.0
E02002905,709667,336500,271500,2.384331,1000000.0
E02002905,709668,337500,271500,2.408746,1000000.0
E02002905,709669,338500,271500,2.437653,1000000.0
E02002905,709670,339500,271500,2.516173,1000000.0
E02002905,709671,340500,271500,2.48051,1000000.0
E02002905,709672,341500,271500,2.455255,1000000.0
E02002905,709673,342500,271500,2.441127,1000000.0
E02002905,709674,343500,271500,2.511159,1000000.0
E02002905,709675,344500,271500,2.475569,1000000.0
E02002905,709676,345500,271500,2.486909,1000000.0
E02002905,709677,346500,271500,2.481095,1000000.0
E02002905,709678,347500,271500,2.501772,982443.4056461068
E02002905,709679,348500,271500,2.532593,914021.1047811586
E02002905,709680,349500,271500,2.630355,454482.84750714665
E02002905,709685,354500,271500,2.610532,514020.447122973
E02002905,709686,355500,271500,2.546001,161791.59968514863
E02002905,710353,332500,270500,2.409705,40450.5639270735
E02002905,710354,333500,270500,2.442558,394205.9429938064
E02002905,710355,334500,270500,2.336611,908938.519121046
E02002905,710356,335500,270500,2.351286,1000000.0
E02002905,710357,336500,270500,2.392447,1000000.0
E02002905,710358,337500,270500,2.41906,1000000.0
E02002905,710359,338500,270500,2.431815,1000000.0
E02002905,710360,339500,270500,2.434394,1000000.0
E02002905,710361,340500,270500,2.489005,1000000.0
E02002905,710362,341500,270500,2.449574,1000000.0
E02002905,710363,342500,270500,2.448491,1000000.0
E02002905,710364,343500,270500,2.484973,1000000.0
E02002905,710365,344500,270500,2.474414,1000000.0
E02002905,710366,345500,270500,2.507089,1000000.0
E02002905,710367,346500,270500,2.522841,1000000.0
E02002905,710368,347500,270500,2.506042,988718.8547340633
E02002905,710369,348500,270500,2.570098,398329.26316222583
E02002905,710370,349500,270500,2.646775,38771.97538228969
E02002905,710374,353500,270500,2.662408,136327.74010761906
E02002905,710375,354500,270500,2.616602,989643.2633019878
E02002905,710376,355500,270500,2.581114,778049.3536456779
E02002905,710377,356500,270500,2.553221,383910.6569833312
E02002905,711042,331500,269500,2.3392,155562.82336251228
E02002905,711043,332500,269500,2.345773,988201.9398559399
E02002905,711044,333500,269500,2.394693,1000000.0
E02002905,711045,334500,269500,2.295084,1000000.0
E02002905,711046,335500,269500,2.31241,1000000.0
E02002905,711047,336500,269500,2.342323,1000000.0
E02002905,711048,337500,269500,2.357001,1000000.0
E02002905,711049,338500,269500,2.353364,1000000.0
E02002905,711050,339500,269500,2.356519,1000000.0
E02002905,711051,340500,269500,2.389124,1000000.0
E02002905,711052,341500,269500,2.503817,1000000.0
E02002905,711053,342500,269500,2.432941,1000000.0
E02002905,711054,343500,269500,2.435006,1000000.0
E02002905,711055,344500,269500,2.447923,1000000.0
E02002905,711056,345500,269500,2.49879,1000000.0
E02002905,711057,346500,269500,2.482,1000000.0
E02002905,711058,347500,269500,2.513282,1000000.0
E02002905,711059,348500,269500,2.549124,1000000.0
E02002905,711060,349500,269500,2.637162,717893.4529699592
E02002905,711061,350500,269500,2.617954,287137.80063058366
E02002905,711064,353500,269500,2.654536,649343.7796647481
E02002905,711065,354500,269500,2.637121,1000000.0
E02002905,711066,355500,269500,2.602618,1000000.0
E02002905,711067,356500,269500,2.579593,929057.1268597305
E02002905,711068,357500,269500,2.596174,248197.94630546818
E02002905,711732,331500,268500,2.358146,282076.26510672265
E02002905,711733,332500,268500,2.3798,1000000.0
E02002905,711734,333500,268500,2.460518,1000000.0
E02002905,711735,334500,268500,2.301398,1000000.0
E02002905,711736,335500,268500,2.312209,1000000.0
E02002905,711737,336500,268500,2.353893,1000000.0
E02002905,711738,337500,268500,2.376158,1000000.0
E02002905,711739,338500,268500,2.367363,1000000.0
E02002905,711740,339500,268500,2.371006,1000000.0
E02002905,711741,340500,268500,2.384764,1000000.0
E02002905,711742,341500,268500,2.531779,1000000.0
E02002905,711743,342500,268500,2.468259,1000000.0
E02002905,711744,343500,268500,2.448244,1000000.0
E02002905,711745,344500,268500,2.5776,1000000.0
E02002905,711746,345500,268500,2.569302,1000000.0
E02002905,711747,346500,268500,2.492099,1000000.0
E02002905,711748,347500,268500,2.526949,1000000.0
E02002905,711749,348500,268500,2.559994,1000000.0
E02002905,711750,349500,268500,2.633689,1000000.0
E02002905,711751,350500,268500,2.63903,999999.7676817329
E02002905,711752,351500,268500,2.92425,259694.60845828798
E02002905,711753,352500,268500,2.9349,237735.62200934702
E02002905,711754,353500,268500,2.784464,638285.9537081292
E02002905,711755,354500,268500,2.785326,1000000.0
E02002905,711756,355500,268500,2.735038,1000000.0
E02002905,711757,356500,268500,2.738579,996777.5339906451
E02002905,711758,357500,268500,2.737036,456939.48797146016
E02002905,712422,331500,267500,2.402042,201139.70824088532
E02002905,712423,332500,267500,2.38912,1000000.0
E02002905,712424,333500,267500,2.425869,1000000.0
E02002905,712425,334500,267500,2.31028,1000000.0
E02002905,712426,335500,267500,2.328716,1000000.0
E02002905,712427,336500,267500,2.384357,1000000.0
E02002905,712428,337500,267500,2.378394,1000000.0
E02002905,712429,338500,267500,2.38148,1000000.0
E02002905,712430,339500,267500,2.382683,1000000.0
E02002905,712431,340500,267500,2.381971,1000000.0
E02002905,712432,341500,267500,2.41238,1000000.0
E02002905,712433,342500,267500,2.514652,1000000.0
E02002905,712434,343500,267500,2.521632,1000000.0
E02002905,712435,344500,267500,3.204746,1000000.0
E02002905,712436,345500,267500,2.551538,676392.164249624
E02002905,712437,346500,267500,2.513389,429676.3185052593
E02002905,712438,347500,267500,2.568669,841146.5388371071
E02002905,712439,348500,267500,2.667127,1000000.0
E02002905,712440,349500,267500,2.747617,1000000.0
E02002905,712441,350500,267500,2.721419,1000000.0
E02002905,712442,351500,267500,2.743076,1000000.0
E02002905,712443,352500,267500,2.939945,1000000.0
E02002905,712444,353500,267500,2.698276,1000000.0
E02002905,712445,354500,267500,2.638139,976193.2648962012
E02002905,712446,355500,267500,2.586276,355140.3908780596
E02002905,712447,356500,267500,2.586025,102058.56808075117
E02002905,712448,357500,267500,2.66494,204343.23717514693
E02002905,713112,331500,266500,2.429935,539496.6113182215
E02002905,713113,332500,266500,2.413768,1000000.0
E02002905,713114,333500,266500,2.451137,1000000.0
E02002905,713115,334500,266500,2.318885,1000000.0
E02002905,713116,335500,266500,2.328207,1000000.0
E02002905,713117,336500,266500,2.383639,1000000.0
E02002905,713118,337500,266500,2.387786,1000000.0
E02002905,713119,338500,266500,2.384805,1000000.0
E02002905,713120,339500,266500,2.411678,1000000.0
E02002905,713121,340500,266500,2.410598,1000000.0
E02002905,713122,341500,266500,2.430075,1000000.0
E02002905,713123,342500,266500,2.516039,1000000.0
E02002905,713124,343500,266500,2.511396,984905.8906048156
E02002905,713125,344500,266500,2.508733,374983.5652900724
E02002905,713126,345500,266500,2.493966,96.89033421263741
E02002905,713128,347500,266500,2.548023,400850.77575798094
E02002905,713129,348500,266500,2.629938,1000000.0
E02002905,713130,349500,266500,2.646694,1000000.0
E02002905,713131,350500,266500,2.677059,723177.9490541372
E02002905,713132,351500,266500,2.647962,487462.87485112017
E02002905,713133,352500,266500,2.879478,824525.1397676634
E02002905,713134,353500,266500,2.640591,1000000.0
E02002905,713135,354500,266500,2.612921,1000000.0
E02002905,713136,355500,266500,2.555284,724014.4301428203
E02002905,713137,356500,266500,2.547294,58200.122754665055
E02002905,713802,331500,265500,2.505648,835732.8245930865
E02002905,713803,332500,265500,2.502686,1000000.0
E02002905,713804,333500,265500,2.457795,1000000.0
E02002905,713805,334500,265500,2.463691,1000000.0
E02002905,713806,335500,265500,2.386506,1000000.0
E02002905,713807,336500,265500,2.44151,1000000.0
E02002905,713808,337500,265500,2.411053,1000000.0
E02002905,713809,338500,265500,2.419924,1000000.0
E02002905,713810,339500,265500,2.424996,1000000.0
E02002905,713811,340500,265500,2.425652,1000000.0
E02002905,713812,341500,265500,2.46486,1000000.0
E02002905,713813,342500,265500,2.555327,988309.3275704578
E02002905,713814,343500,265500,2.514989,382290.4124524893
E02002905,713816,345500,265500,2.561975,12993.29578174722
E02002905,713817,346500,265500,2.608555,279103.1800070198
E02002905,713818,347500,265500,2.624971,383423.63825594983
E02002905,713819,348500,265500,2.642816,977168.6461335699
E02002905,713820,349500,265500,2.693194,763351.7598780064
E02002905,713821,350500,265500,2.635777,392693.81617251306
E02002905,713823,352500,265500,2.664535,236428.14038227027
E02002905,713824,353500,265500,2.596185,996922.5228206993
E02002905,713825,354500,265500,2.619601,1000000.0
E02002905,713826,355500,265500,2.54394,1000000.0
E02002905,713827,356500,265500,2.533415,685800.1110611616
E02002905,713828,357500,265500,2.584565,471730.15640503116
E02002905,713829,358500,265500,2.603115,535131.2424897061
E02002905,713830,359500,265500,2.549792,78403.20390393032
E02002905,714492,331500,264500,2.762515,290652.2554163893
E02002905,714493,332500,264500,2.491556,590169.7524030195
E02002905,714494,333500,264500,2.437074,634104.9922510651
E02002905,714495,334500,264500,2.47187,723422.7312733195
E02002905,714496,335500,264500,2.530609,982737.4247035851
E02002905,714497,336500,264500,2.417637,1000000.0
E02002905,714498,337500,264500,2.364272,984116.2839705875
E02002905,714499,338500,264500,2.374413,619494.919806724
E02002905,714500,339500,264500,2.401227,378916.4405596225
E02002905,714501,340500,264500,2.531592,939845.9851433655
E02002905,714502,341500,264500,2.541587,1000000.0
E02002905,714503,342500,264500,2.599839,691392.7677961715
E02002905,714505,344500,264500,2.579086,466045.2203968287
E02002905,714506,345500,264500,2.536587,983546.0396002342
E02002905,714507,346500,264500,2.552011,924250.6035287011
E02002905,714508,347500,264500,2.564643,755898.1857200082
E02002905,714509,348500,264500,2.615184,624991.5239303065
E02002905,714510,349500,264500,2.688705,163804.96197235966
E02002905,714513,352500,264500,2.618665,694648.3242057613
E02002905,714514,353500,264500,2.573413,1000000.0
E02002905,714515,354500,264500,2.600348,1000000.0
E02002905,714516,355500,264500,2.641099,1000000.0
E02002905,714517,356500,264500,2.648396,1000000.0
E02002905,714518,357500,264500,2.661212,1000000.0
E02002905,714519,358500,264500,2.618997,874962.5959954351
E02002905,714520,359500,264500,2.630356,186222.26185821608
E02002905,715184,333500,263500,2.50114,6262.16617932848
E02002905,715185,334500,263500,2.5203,676977.9810403105
E02002905,715186,335500,263500,2.406326,983538.6486925948
E02002905,715187,336500,263500,2.438397,1000000.0
E02002905,715188,337500,263500,2.437504,810563.5717182575
E02002905,715191,340500,263500,2.589099,250825.3333061237
E02002905,715192,341500,263500,2.600641,548166.2978682936
E02002905,715193,342500,263500,2.691371,326848.60471796384
E02002905,715195,344500,263500,2.555949,6810.378576990162
E02002905,715196,345500,263500,2.554079,97830.76082618895
E02002905,715197,346500,263500,2.53505,262126.4653845983
E02002905,715198,347500,263500,2.580845,0.0783047648698137
E02002905,715203,352500,263500,2.659489,211410.57181663523
E02002905,715204,353500,263500,2.614084,998987.1689411196
E02002905,715205,354500,263500,2.590239,1000000.0
E02002905,715206,355500,263500,2.686142,1000000.0
E02002905,715207,356500,263500,2.631303,1000000.0
E02002905,715208,357500,263500,2.583253,990707.1024140811
E02002905,715209,358500,263500,2.590537,299794.4522060047
E02002905,715874,333500,262500,2.44244,185276.14644183422
E02002905,715875,334500,262500,2.454495,391428.9719291721
E02002905,715876,335500,262500,2.3836,370176.0398197017
E02002905,715877,336500,262500,2.426448,261989.33725010874
E02002905,715878,337500,262500,2.453467,655314.5445681133
E02002905,715893,352500,262500,2.691421,2756.463631790465
E02002905,715894,353500,262500,2.604289,191077.19887684897
E02002905,715895,354500,262500,2.61209,794286.1157993883
E02002905,715896,355500,262500,2.623238,1000000.0
E02002905,715897,356500,262500,2.601718,1000000.0
E02002905,715898,357500,262500,2.599172,219157.01672562532
E02002905,716585,354500,261500,2.575583,106360.55712826006
E02002905,716586,355500,261500,2.60926,635202.1041669506
E02002905,716587,356500,261500,2.602596,490028.3519156408
E02002905,716588,357500,261500,2.633099,2548.9524453913536
E02002908,712436,345500,267500,2.551538,323607.8357503761
E02002908,712437,346500,267500,2.513389,570323.6814947408
E02002908,712438,347500,267500,2.568669,158853.46116289284
E02002908,713124,343500,266500,2.511396,15094.109395184469
E02002908,713125,344500,266500,2.508733,625016.4347099276
E02002908,713126,345500,266500,2.493966,999903.1096657873
E02002908,713127,346500,266500,2.538507,1000000.0
E02002908,713128,347500,266500,2.548023,599149.2242420191
E02002908,713131,350500,266500,2.677059,276822.0509458628
E02002908,713132,351500,266500,2.647962,512537.1251488799
E02002908,713133,352500,266500,2.879478,175474.86023233665
E02002908,713813,342500,265500,2.555327,11690.672429542132
E02002908,713814,343500,265500,2.514989,617709.5875475107
E02002908,713815,344500,265500,2.52374,1000000.0
E02002908,713816,345500,265500,2.561975,987006.7042182528
E02002908,713817,346500,265500,2.608555,720896.8199929803
E02002908,713818,347500,265500,2.624971,616576.3617440502
E02002908,713819,348500,265500,2.642816,22831.353866430047
E02002908,713820,349500,265500,2.693194,236648.24012199353
E02002908,713821,350500,265500,2.635777,607306.1838274869
E02002908,713822,351500,265500,2.803756,1000000.0
E02002908,713823,352500,265500,2.664535,763571.8596177297
E02002908,713824,353500,265500,2.596185,3077.47717930079
E02002908,714498,337500,264500,2.364272,15883.716029412537
E02002908,714499,338500,264500,2.374413,380505.08019327605
E02002908,714500,339500,264500,2.401227,621083.5594403775
E02002908,714501,340500,264500,2.531592,60154.014856634516
E02002908,714503,342500,264500,2.599839,308607.2322038286
E02002908,714504,343500,264500,2.628258,1000000.0
E02002908,714505,344500,264500,2.579086,533954.7796031713
E02002908,714506,345500,264500,2.536587,16453.96039976572
E02002908,714507,346500,264500,2.552011,75749.39647129913
E02002908,714508,347500,264500,2.564643,244101.81427999184
E02002908,714509,348500,264500,2.615184,375008.4760696935
E02002908,714510,349500,264500,2.688705,836195.0380276404
E02002908,714511,350500,264500,2.646008,1000000.0
E02002908,714512,351500,264500,2.861591,1000000.0
E02002908,714513,352500,264500,2.618665,305351.6757942386
E02002908,715188,337500,263500,2.437504,189436.42828174253
E02002908,715189,338500,263500,2.441938,1000000.0
E02002908,715190,339500,263500,2.601195,1000000.0
E02002908,715191,340500,263500,2.589099,749174.6666938763
E02002908,715192,341500,263500,2.600641,451833.70213170646
E02002908,715193,342500,263500,2.691371,673151.3952820362
E02002908,715194,343500,263500,2.580855,1000000.0
E02002908,715195,344500,263500,2.555949,993189.6214230098
E02002908,715196,345500,263500,2.554079,902169.239173811
E02002908,715197,346500,263500,2.53505,737873.5346154019
E02002908,715198,347500,263500,2.580845,999999.9216952351
E02002908,715199,348500,263500,2.703385,1000000.0
E02002908,715200,349500,263500,2.717735,1000000.0
E02002908,715201,350500,263500,2.657361,1000000.0
E02002908,715202,351500,263500,2.851665,1000000.0
E02002908,715203,352500,263500,2.659489,788589.4281833648
E02002908,715204,353500,263500,2.614084,1012.8310588804234
E02002908,715878,337500,262500,2.453467,271427.20351376536
E02002908,715879,338500,262500,2.493999,1000000.0
E02002908,715880,339500,262500,2.574166,1000000.0
E02002908,715881,340500,262500,2.752339,1000000.0
E02002908,715882,341500,262500,2.689196,1000000.0
E02002908,715883,342500,262500,2.639563,1000000.0
E02002908,715884,343500,262500,2.643946,1000000.0
E02002908,715885,344500,262500,2.624658,1000000.0
E02002908,715886,345500,262500,2.622118,1000000.0
E02002908,715887,346500,262500,2.578871,1000000.0
E02002908,715888,347500,262500,2.613433,1000000.0
E02002908,715889,348500,262500,2.681598,1000000.0
E02002908,715890,349500,262500,2.735706,1000000.0
E02002908,715891,350500,262500,2.681708,1000000.0
E02002908,715892,351500,262500,2.861593,1000000.0
E02002908,715893,352500,262500,2.691421,997243.5363682095
E02002908,715894,353500,262500,2.604289,808922.801123151
E02002908,715895,354500,262500,2.61209,205713.8842006117
E02002908,716568,337500,261500,2.444054,549543.8652887671
E02002908,716569,338500,261500,2.498313,1000000.0
E02002908,716570,339500,261500,2.768343,1000000.0
E02002908,716571,340500,261500,2.958448,1000000.0
E02002908,716572,341500,261500,2.71178,1000000.0
E02002908,716573,342500,261500,2.710785,1000000.0
E02002908,716574,343500,261500,2.735945,1000000.0
E02002908,716575,344500,261500,2.787724,1000000.0
E02002908,716576,345500,261500,2.63312,1000000.0
E02002908,716577,346500,261500,2.583345,1000000.0
E02002908,716578,347500,261500,2.609167,1000000.0
E02002908,716579,348500,261500,2.651847,1000000.0
E02002908,716580,349500,261500,2.837415,983246.7413643764
E02002908,716581,350500,261500,2.773699,1000000.0
E02002908,716582,351500,261500,2.988246,1000000.0
E02002908,716583,352500,261500,2.785708,1000000.0
E02002908,716584,353500,261500,2.670964,1000000.0
E02002908,716585,354500,261500,2.575583,893639.4428717399
E02002908,716586,355500,261500,2.60926,364797.8958330495
E02002908,716587,356500,261500,2.602596,401317.3113901013
E02002908,716590,359500,261500,2.611793,16446.284382975322
E02002908,716591,360500,261500,2.595853,333580.03499236517
E02002908,716592,361500,261500,2.578379,279152.7059039252
E02002908,717256,335500,260500,2.395503,111871.17154725782
E02002908,717257,336500,260500,2.439321,69801.67891241222
E02002908,717258,337500,260500,2.461003,108261.75153312646
E02002908,717259,338500,260500,2.578218,970723.6114162136
E02002908,717260,339500,260500,3.880226,1000000.0
E02002908,717261,340500,260500,3.093944,1000000.0
E02002908,717262,341500,260500,2.662978,1000000.0
E02002908,717263,342500,260500,2.619213,1000000.0
E02002908,717264,343500,260500,2.676663,1000000.0
E02002908,717265,344500,260500,2.707235,1000000.0
E02002908,717266,345500,260500,2.678133,810069.1448247418
E02002908,717267,346500,260500,2.600665,986667.3171926609
E02002908,717268,347500,260500,2.623688,1000000.0
E02002908,717269,348500,260500,2.738229,737753.9037839916
E02002908,717270,349500,260500,3.105174,414814.9683965441
E02002908,717271,350500,260500,3.132204,872765.6025597113
E02002908,717272,351500,260500,3.066115,1000000.0
E02002908,717273,352500,260500,2.782779,1000000.0
E02002908,717274,353500,260500,2.651122,1000000.0
E02002908,717275,354500,260500,2.571182,1000000.0
E02002908,717276,355500,260500,2.629899,1000000.0
E02002908,717277,356500,260500,2.617988,987786.0703511873
E02002908,717278,357500,260500,2.589985,594228.451558874
E02002908,717279,358500,260500,2.564592,705054.04111543
E02002908,717280,359500,260500,2.575342,900119.6036378144
E02002908,717281,360500,260500,2.575048,787279.3024704859
E02002908,717282,361500,260500,2.561703,259868.14821839743
E02002908,717944,333500,259500,2.242193,404.1947164797018
E02002908,717945,334500,259500,2.239731,344882.17153379886
E02002908,717946,335500,259500,2.332118,803212.3416186766
E02002908,717947,336500,259500,2.413659,959891.2824349245
E02002908,717948,337500,259500,2.452919,832983.7666126374
E02002908,717949,338500,259500,2.649082,1000000.0
E02002908,717950,339500,259500,2.617462,1000000.0
E02002908,717951,340500,259500,2.589249,1000000.0
E02002908,717952,341500,259500,2.529919,1000000.0
E02002908,717953,342500,259500,2.520258,1000000.0
E02002908,717954,343500,259500,2.728687,1000000.0
E02002908,717955,344500,259500,2.658926,1000000.0
E02002908,717956,345500,259500,2.613448,352146.42421768245
E02002908,717957,346500,259500,2.645689,164362.91282913182
E02002908,717958,347500,259500,2.707056,431035.93118638085
E02002908,717959,348500,259500,3.004105,201490.4608543953
E02002908,717961,350500,259500,3.754956,347502.45869111666
E02002908,717962,351500,259500,2.987241,498295.8970306844
E02002908,717963,352500,259500,2.733633,756147.2726932201
E02002908,717964,353500,259500,2.632133,1000000.0
E02002908,717965,354500,259500,2.575307,1000000.0
E02002908,717966,355500,259500,2.644636,1000000.0
E02002908,717967,356500,259500,2.608714,1000000.0
E02002908,717968,357500,259500,2.56677,1000000.0
E02002908,717969,358500,259500,2.571273,1000000.0
E02002908,717970,359500,259500,2.553805,986230.1068826214
E02002908,717971,360500,259500,2.564715,197306.81503339944
E02002908,718634,333500,258500,2.275847,20327.09113643215
E02002908,718635,334500,258500,2.287988,464037.7281734363
E02002908,718636,335500,258500,2.383275,905084.5843168799
E02002908,718637,336500,258500,2.452199,1000000.0
E02002908,718638,337500,258500,2.457988,1000000.0
E02002908,718639,338500,258500,2.573055,1000000.0
E02002908,718640,339500,258500,2.618241,1000000.0
E02002908,718641,340500,258500,2.55966,1000000.0
E02002908,718642,341500,258500,2.565501,1000000.0
E02002908,718643,342500,258500,2.550359,1000000.0
E02002908,718644,343500,258500,2.606642,1000000.0
E02002908,718645,344500,258500,2.562214,1000000.0
E02002908,718646,345500,258500,2.56282,844322.7719983305
E02002908,718647,346500,258500,2.654961,13511.368056492238
E02002908,718651,350500,258500,4.210678,3163.8729256565507
E02002908,718653,352500,258500,2.749445,67310.80582609442
E02002908,718654,353500,258500,2.642279,354272.73030355206
E02002908,718655,354500,258500,2.57806,543068.0981312965
E02002908,718656,355500,258500,2.644229,989649.9348749426
E02002908,718657,356500,258500,2.611532,1000000.0
E02002908,718658,357500,258500,2.571245,1000000.0
E02002908,718659,358500,258500,2.571498,1000000.0
E02002908,718660,359500,258500,2.564661,1000000.0
E02002908,718661,360500,258500,2.56179,422546.2916137656
E02002908,719326,335500,257500,2.554397,512587.3421101887
E02002908,719327,336500,257500,2.548973,1000000.0
E02002908,719328,337500,257500,2.550107,1000000.0
E02002908,719329,338500,257500,2.547099,915589.1076217649
E02002908,719330,339500,257500,2.503747,1000000.0
E02002908,719331,340500,257500,2.554821,1000000.0
E02002908,719332,341500,257500,2.603172,1000000.0
E02002908,719333,342500,257500,2.59385,1000000.0
E02002908,719334,343500,257500,2.620622,1000000.0
E02002908,719335,344500,257500,2.690913,1000000.0
E02002908,719336,345500,257500,2.718403,1000000.0
E02002908,719337,346500,257500,2.700945,221206.87970541397
E02002908,719341,350500,257500,3.272681,217988.90170624226
E02002908,719342,351500,257500,2.866539,477185.9538335908
E02002908,719343,352500,257500,2.750482,442251.5375132636
E02002908,719344,353500,257500,2.739817,687167.2070453205
E02002908,719345,354500,257500,2.684831,977879.1265288545
E02002908,719346,355500,257500,2.728531,1000000.0
E02002908,719347,356500,257500,2.689636,1000000.0
E02002908,719348,357500,257500,2.676109,1000000.0
E02002908,719349,358500,257500,2.680908,1000000.0
E02002908,719350,359500,257500,2.662053,1000000.0
E02002908,719351,360500,257500,2.601928,664667.3379996099
E02002908,719352,361500,257500,2.610494,10014.1665612514
E02002908,720016,335500,256500,2.634254,168526.18440059543
E02002908,720017,336500,256500,2.585383,289030.0595678298
E02002908,720018,337500,256500,2.490326,463751.1919320962
E02002908,720019,338500,256500,2.497792,34049.270198331156
E02002908,720020,339500,256500,2.499439,727178.872217445
E02002908,720021,340500,256500,2.517755,1000000.0
E02002908,720022,341500,256500,2.539831,1000000.0
E02002908,720023,342500,256500,2.697116,1000000.0
E02002908,720024,343500,256500,2.750731,1000000.0
E02002908,720025,344500,256500,2.664335,963944.4231723611
E02002908,720026,345500,256500,2.575284,403965.26752563537
E02002908,720027,346500,256500,2.618973,94437.84362760208
E02002908,720031,350500,256500,3.112466,86011.92804603401
E02002908,720032,351500,256500,2.795396,865289.9521956507
E02002908,720033,352500,256500,2.763259,1000000.0
E02002908,720034,353500,256500,2.677736,1000000.0
E02002908,720035,354500,256500,2.627126,1000000.0
E02002908,720036,355500,256500,2.679685,1000000.0
E02002908,720037,356500,256500,2.664296,1000000.0
E02002908,720038,357500,256500,2.661979,1000000.0
E02002908,720039,358500,256500,2.649908,1000000.0
E02002908,720040,359500,256500,2.679681,1000000.0
E02002908,720041,360500,256500,2.780122,820617.6213059535
E02002908,720709,338500,255500,2.475066,337172.06727774156
E02002908,720710,339500,255500,2.505966,895114.7913095867
E02002908,720711,340500,255500,2.530782,857999.0892712548
E02002908,720712,341500,255500,2.63615,937777.9792763405
E02002908,720713,342500,255500,2.654019,976094.6749544349
E02002908,720714,343500,255500,2.70694,886604.9161710284
E02002908,720715,344500,255500,2.666445,571747.3914920768
E02002908,720720,349500,255500,2.655607,207227.1166116801
E02002908,720721,350500,255500,3.05657,9612.94593976437
E02002908,720722,351500,255500,2.788908,854933.2118752524
E02002908,720723,352500,255500,2.741031,1000000.0
E02002908,720724,353500,255500,2.679019,1000000.0
E02002908,720725,354500,255500,2.634725,1000000.0
E02002908,720726,355500,255500,2.72001,1000000.0
E02002908,720727,356500,255500,2.728681,992492.2622333633
E02002908,720728,357500,255500,2.694026,1000000.0
E02002908,720729,358500,255500,2.685102,549140.0423935128
E02002908,720730,359500,255500,2.672991,628265.86233223
E02002908,720731,360500,255500,2.703646,892567.7025949368
E02002908,720732,361500,255500,2.784331,98090.39557474287
E02002908,721399,338500,254500,2.455311,106967.86675669506
E02002908,721400,339500,254500,2.508748,989589.3963999549
E02002908,721401,340500,254500,2.644341,224581.08391883623
E02002908,721402,341500,254500,2.726462,403555.4502694713
E02002908,721403,342500,254500,2.592347,175104.57435625745
E02002908,721404,343500,254500,2.602615,154510.74061950913
E02002908,721405,344500,254500,2.646091,877915.2892911066
E02002908,721406,345500,254500,2.578149,693445.509352637
E02002908,721407,346500,254500,2.585374,459766.9492326222
E02002908,721408,347500,254500,2.604894,238726.35748995107
E02002908,721409,348500,254500,2.607543,459993.45877161634
E02002908,721410,349500,254500,2.655931,958396.4779728445
E02002908,721411,350500,254500,2.861655,520045.69131334394
E02002908,721412,351500,254500,3.175,959506.8882541101
E02002908,721413,352500,254500,2.925009,1000000.0
E02002908,721414,353500,254500,2.799478,1000000.0
E02002908,721415,354500,254500,2.782648,1000000.0
E02002908,721416,355500,254500,2.763508,907113.953060031
E02002908,721417,356500,254500,2.773458,234261.95157417958
E02002908,721418,357500,254500,2.779405,201991.9524036182
E02002908,721419,358500,254500,2.71749,100285.47909026587
E02002908,721421,360500,254500,2.730806,189256.74949237547
E02002908,721422,361500,254500,2.759541,21074.504957691388
E02002908,722090,339500,253500,2.751026,99763.0736641919
E02002908,722092,341500,253500,2.613449,200136.25367288006
E02002908,722093,342500,253500,2.566113,15311.123079494786
E02002908,722094,343500,253500,2.570796,230396.3485063308
E02002908,722095,344500,253500,2.620198,785628.3323654503
E02002908,722096,345500,253500,2.583826,1000000.0
E02002908,722097,346500,253500,2.570632,1000000.0
E02002908,722098,347500,253500,2.587618,1000000.0
E02002908,722099,348500,253500,2.594451,1000000.0
E02002908,722100,349500,253500,2.645299,1000000.0
E02002908,722101,350500,253500,2.890961,1000000.0
E02002908,722102,351500,253500,3.575755,1000000.0
E02002908,722103,352500,253500,2.932681,1000000.0
E02002908,722104,353500,253500,2.829182,1000000.0
E02002908,722105,354500,253500,2.823873,1000000.0
E02002908,722106,355500,253500,2.789635,599028.0142861502
E02002908,722785,344500,252500,2.629012,170311.40218091826
E02002908,722786,345500,252500,2.584939,991347.5747336794
E02002908,722787,346500,252500,2.582371,933626.2514622131
E02002908,722788,347500,252500,2.607583,1000000.0
E02002908,722789,348500,252500,2.629586,1000000.0
E02002908,722790,349500,252500,2.671032,1000000.0
E02002908,722791,350500,252500,3.19364,1000000.0
E02002908,722792,351500,252500,3.109997,1000000.0
E02002908,722793,352500,252500,2.96493,1000000.0
E02002908,722794,353500,252500,2.93071,1000000.0
E02002908,722795,354500,252500,2.903273,1000000.0
E02002908,722796,355500,252500,2.851397,768816.2847939064
E02002908,722797,356500,252500,2.821995,591556.4381905547
E02002908,722798,357500,252500,2.812455,2321.9828629131453
E02002908,723475,344500,251500,2.575234,7277.041207973637
E02002908,723476,345500,251500,2.658767,505848.2733377365
E02002908,723477,346500,251500,2.61537,3043.0633156262866
E02002908,723478,347500,251500,2.591511,257648.33940748044
E02002908,723479,348500,251500,2.605506,194554.94683804753
E02002908,723480,349500,251500,2.689731,397157.2121609009
E02002908,723481,350500,251500,3.215345,755611.2352597513
E02002908,723482,351500,251500,2.969575,999430.5896933702
E02002908,723483,352500,251500,2.890943,1000000.0
E02002908,723484,353500,251500,2.919469,1000000.0
E02002908,723485,354500,251500,3.0407,1000000.0
E02002908,723486,355500,251500,2.941003,1000000.0
E02002908,723487,356500,251500,2.930902,1000000.0
E02002908,723488,357500,251500,2.882444,359329.81284397107
E02002908,724166,345500,250500,2.648225,22219.78737127148
E02002908,724171,350500,250500,3.202489,12704.079021810026
E02002908,724172,351500,250500,3.043811,365069.37110248476
E02002908,724173,352500,250500,2.936363,667008.0265940165
E02002908,724174,353500,250500,2.931176,864415.2672893386
E02002908,724175,354500,250500,3.008312,998676.4693940271
E02002908,724176,355500,250500,3.083901,1000000.0
E02002908,724177,356500,250500,3.24322,1000000.0
E02002908,724178,357500,250500,2.984732,383503.3840055352
E02002908,724864,353500,249500,2.998561,8375.569532148176
E02002908,724865,354500,249500,2.963852,873630.9456357828
E02002908,724866,355500,249500,2.981251,1000000.0
E02002908,724867,356500,249500,3.037692,1000000.0
E02002908,724868,357500,249500,3.101511,557033.7114323961
E02002908,725554,353500,248500,3.080356,2747.4775544253152
E02002908,725555,354500,248500,3.010383,299910.5411118212
E02002908,725556,355500,248500,2.99936,523891.5843234346
E02002908,725557,356500,248500,3.010449,244837.71764308904
E02002908,725558,357500,248500,3.028565,85010.85984672175
E02002908,726246,355500,247500,3.03777,3777.9401613548353
E02002909,713837,366500,265500,2.776068,216.52207606690013
E02002909,713838,367500,265500,2.790593,310232.416955105
E02002909,713839,368500,265500,2.76603,264760.6069506203
E02002909,713840,369500,265500,2.802815,93013.11884488685
E02002909,714526,365500,264500,2.66725,138805.722691576
E02002909,714527,366500,264500,2.668703,673959.5165599261
E02002909,714528,367500,264500,2.683228,1000000.0
E02002909,714529,368500,264500,2.772725,1000000.0
E02002909,714530,369500,264500,2.811879,817000.5425598104
E02002909,714531,370500,264500,2.872668,186386.89383090503
E02002909,715216,365500,263500,2.668096,95016.5909895419
E02002909,715217,366500,263500,2.652895,887757.4019284188
E02002909,715218,367500,263500,2.670567,1000000.0
E02002909,715219,368500,263500,2.796963,1000000.0
E02002909,715220,369500,263500,2.805976,977376.8612132913
E02002909,715221,370500,263500,2.941767,408244.9448522595
E02002909,715905,364500,262500,2.658785,14776.471198449377
E02002909,715906,365500,262500,2.720379,179002.41909436084
E02002909,715907,366500,262500,2.676529,733779.9130352115
E02002909,715908,367500,262500,2.679569,1000000.0
E02002909,715909,368500,262500,2.774943,631027.4332709112
E02002909,715910,369500,262500,2.787085,70693.54867006617
E02002909,716592,361500,261500,2.578379,344868.9947153504
E02002909,716593,362500,261500,2.571411,588717.0722291289
E02002909,716594,363500,261500,2.627374,672133.6031391853
E02002909,716595,364500,261500,2.679313,646344.0116197886
E02002909,716596,365500,261500,2.6464,1000000.0
E02002909,716597,366500,261500,2.670352,1000000.0
E02002909,716598,367500,261500,2.728204,813384.4731475358
E02002909,716599,368500,261500,2.7783,2285.5609773667684
E02002909,717281,360500,260500,2.575048,212720.69752951415
E02002909,717282,361500,260500,2.561703,740131.8517816026
E02002909,717283,362500,260500,2.576703,1000000.0
E02002909,717284,363500,260500,2.588534,1000000.0
E02002909,717285,364500,260500,2.642898,1000000.0
E02002909,717286,365500,260500,2.65708,1000000.0
E02002909,717287,366500,260500,2.660581,1000000.0
E02002909,717288,367500,260500,2.750766,824258.0130727608
E02002909,717289,368500,260500,2.755235,36473.057719433644
E02002909,717291,370500,260500,2.880128,1405.52006558522
E02002909,717970,359500,259500,2.553805,13769.893117378693
E02002909,717971,360500,259500,2.564715,802693.1849666006
E02002909,717972,361500,259500,2.56455,1000000.0
E02002909,717973,362500,259500,2.579127,1000000.0
E02002909,717974,363500,259500,2.591728,1000000.0
E02002909,717975,364500,259500,2.660361,1000000.0
E02002909,717976,365500,259500,2.695215,1000000.0
E02002909,717977,366500,259500,2.707355,1000000.0
E02002909,717978,367500,259500,2.770144,1000000.0
E02002909,717979,368500,259500,2.751093,835041.9735271751
E02002909,717980,369500,259500,2.769439,873284.9569101948
E02002909,717981,370500,259500,2.864292,935223.5944376981
E02002909,717982,371500,259500,2.940156,668402.1260780491
E02002909,717983,372500,259500,3.011425,295998.4167807782
E02002909,717984,373500,259500,3.094009,125989.98646936197
E02002909,718661,360500,258500,2.56179,577453.7083862345
E02002909,718662,361500,258500,2.572438,1000000.0
E02002909,718663,362500,258500,2.594867,1000000.0
E02002909,718664,363500,258500,2.618197,1000000.0
E02002909,718665,364500,258500,2.701613,1000000.0
E02002909,718666,365500,258500,2.699179,1000000.0
E02002909,718667,366500,258500,2.752179,1000000.0
E02002909,718668,367500,258500,2.760618,1000000.0
E02002909,718669,368500,258500,2.740806,1000000.0
E02002909,718670,369500,258500,2.778561,1000000.0
E02002909,718671,370500,258500,2.859794,1000000.0
E02002909,718672,371500,258500,2.918954,1000000.0
E02002909,718673,372500,258500,2.99299,862345.4694162847
E02002909,718674,373500,258500,3.084862,420116.11818739586
E02002909,719351,360500,257500,2.601928,335332.6620003902
E02002909,719352,361500,257500,2.610494,989985.8334387486
E02002909,719353,362500,257500,2.615487,1000000.0
E02002909,719354,363500,257500,2.687912,1000000.0
E02002909,719355,364500,257500,2.757953,1000000.0
E02002909,719356,365500,257500,2.741929,1000000.0
E02002909,719357,366500,257500,2.756652,1000000.0
E02002909,719358,367500,257500,2.799853,1000000.0
E02002909,719359,368500,257500,2.735935,1000000.0
E02002909,719360,369500,257500,2.768068,1000000.0
E02002909,719361,370500,257500,2.857883,1000000.0
E02002909,719362,371500,257500,2.943115,1000000.0
E02002909,719363,372500,257500,3.011087,770816.1470253683
E02002909,719364,373500,257500,3.122339,19210.714594917517
E02002909,720041,360500,256500,2.780122,179382.3786940465
E02002909,720042,361500,256500,2.700212,1000000.0
E02002909,720043,362500,256500,2.698693,1000000.0
E02002909,720044,363500,256500,2.794862,1000000.0
E02002909,720045,364500,256500,2.818748,1000000.0
E02002909,720046,365500,256500,2.863577,1000000.0
E02002909,720047,366500,256500,2.864044,1000000.0
E02002909,720048,367500,256500,2.816687,1000000.0
E02002909,720049,368500,256500,2.779745,1000000.0
E02002909,720050,369500,256500,2.771214,1000000.0
E02002909,720051,370500,256500,2.899793,1000000.0
E02002909,720052,371500,256500,3.08758,1000000.0
E02002909,720053,372500,256500,3.032578,760710.5299731555
E02002909,720054,373500,256500,3.178051,103274.92661824606
E02002909,720727,356500,255500,2.728681,7507.737766636577
E02002909,720729,358500,255500,2.685102,450859.9576064873
E02002909,720730,359500,255500,2.672991,371734.13766777003
E02002909,720731,360500,255500,2.703646,107432.29740506315
E02002909,720732,361500,255500,2.784331,901909.6044252572
E02002909,720733,362500,255500,2.807345,1000000.0
E02002909,720734,363500,255500,2.782163,1000000.0
E02002909,720735,364500,255500,2.917322,1000000.0
E02002909,720736,365500,255500,3.25776,1000000.0
E02002909,720737,366500,255500,3.097303,1000000.0
E02002909,720738,367500,255500,2.860965,1000000.0
E02002909,720739,368500,255500,2.807031,1000000.0
E02002909,720740,369500,255500,2.852263,1000000.0
E02002909,720741,370500,255500,3.060346,1000000.0
E02002909,720742,371500,255500,3.039186,995210.2505002305
E02002909,720743,372500,255500,3.115111,112199.86630889609
E02002909,721416,355500,254500,2.763508,92886.04693996905
E02002909,721417,356500,254500,2.773458,765738.0484258204
E02002909,721418,357500,254500,2.779405,798008.0475963819
E02002909,721419,358500,254500,2.71749,899714.5209097341
E02002909,721420,359500,254500,2.727409,1000000.0
E02002909,721421,360500,254500,2.730806,810743.2505076245
E02002909,721422,361500,254500,2.759541,978925.4950423086
E02002909,721423,362500,254500,2.791155,1000000.0
E02002909,721424,363500,254500,2.900894,1000000.0
E02002909,721425,364500,254500,3.302884,1000000.0
E02002909,721426,365500,254500,4.258595,1000000.0
E02002909,721427,366500,254500,3.180779,1000000.0
E02002909,721428,367500,254500,3.039547,1000000.0
E02002909,721429,368500,254500,2.957098,1000000.0
E02002909,721430,369500,254500,2.941279,1000000.0
E02002909,721431,370500,254500,2.9187,1000000.0
E02002909,721432,371500,254500,2.935639,626666.7365796504
E02002909,722106,355500,253500,2.789635,400971.9857138499
E02002909,722107,356500,253500,2.82475,1000000.0
E02002909,722108,357500,253500,2.765221,1000000.0
E02002909,722109,358500,253500,2.772709,1000000.0
E02002909,722110,359500,253500,2.75788,1000000.0
E02002909,722111,360500,253500,2.763923,1000000.0
E02002909,722112,361500,253500,2.787272,1000000.0
E02002909,722113,362500,253500,2.793453,1000000.0
E02002909,722114,363500,253500,2.84903,1000000.0
E02002909,722115,364500,253500,3.037042,1000000.0
E02002909,722116,365500,253500,3.009219,1000000.0
E02002909,722117,366500,253500,2.884022,1000000.0
E02002909,722118,367500,253500,2.819062,1000000.0
E02002909,722119,368500,253500,2.821964,1000000.0
E02002909,722120,369500,253500,2.845686,1000000.0
E02002909,722121,370500,253500,2.870812,1000000.0
E02002909,722122,371500,253500,2.949167,253682.55329766276
E02002909,722796,355500,252500,2.851397,231183.7152060937
E02002909,722797,356500,252500,2.821995,408443.5618094453
E02002909,722798,357500,252500,2.812455,997678.0171370868
E02002909,722799,358500,252500,2.85416,1000000.0
E02002909,722800,359500,252500,2.858718,1000000.0
E02002909,722801,360500,252500,2.859659,1000000.0
E02002909,722802,361500,252500,2.827214,1000000.0
E02002909,722803,362500,252500,2.866754,1000000.0
E02002909,722804,363500,252500,2.940641,1000000.0
E02002909,722805,364500,252500,2.921884,1000000.0
E02002909,722806,365500,252500,2.892317,1000000.0
E02002909,722807,366500,252500,2.819066,1000000.0
E02002909,722808,367500,252500,2.812143,1000000.0
E02002909,722809,368500,252500,2.828705,1000000.0
E02002909,722810,369500,252500,2.830875,1000000.0
E02002909,722811,370500,252500,2.843116,563070.311630914
E02002909,722812,371500,252500,2.911601,46271.54585051311
E02002909,723488,357500,251500,2.882444,640670.1871560289
E02002909,723489,358500,251500,2.886684,1000000.0
E02002909,723490,359500,251500,2.873493,1000000.0
E02002909,723491,360500,251500,2.862385,1000000.0
E02002909,723492,361500,251500,2.834625,1000000.0
E02002909,723493,362500,251500,2.941232,1000000.0
E02002909,723494,363500,251500,2.960526,1000000.0
E02002909,723495,364500,251500,2.905138,1000000.0
E02002909,723496,365500,251500,2.839932,1000000.0
E02002909,723497,366500,251500,2.782001,1000000.0
E02002909,723498,367500,251500,2.770744,1000000.0
E02002909,723499,368500,251500,2.785538,1000000.0
E02002909,723500,369500,251500,2.83362,1000000.0
E02002909,723501,370500,251500,2.845564,847454.878281439
E02002909,723502,371500,251500,2.903078,3240.707340795694
E02002909,724178,357500,250500,2.984732,616496.6159944647
E02002909,724179,358500,250500,3.122844,1000000.0
E02002909,724180,359500,250500,2.9037,1000000.0
E02002909,724181,360500,250500,2.870009,1000000.0
E02002909,724182,361500,250500,2.926172,1000000.0
E02002909,724183,362500,250500,3.010828,1000000.0
E02002909,724184,363500,250500,2.905592,1000000.0
E02002909,724185,364500,250500,2.844212,1000000.0
E02002909,724186,365500,250500,2.907176,1000000.0
E02002909,724187,366500,250500,2.790938,1000000.0
E02002909,724188,367500,250500,2.772051,1000000.0
E02002909,724189,368500,250500,2.755604,1000000.0
E02002909,724190,369500,250500,2.845885,1000000.0
E02002909,724191,370500,250500,2.870869,957426.252296396
E02002909,724192,371500,250500,2.973236,63848.99857359364
E02002909,724868,357500,249500,3.101511,442966.2885676039
E02002909,724869,358500,249500,3.007755,1000000.0
E02002909,724870,359500,249500,2.930541,1000000.0
E02002909,724871,360500,249500,2.906733,1000000.0
E02002909,724872,361500,249500,2.981823,1000000.0
E02002909,724873,362500,249500,2.952813,1000000.0
E02002909,724874,363500,249500,2.868632,1000000.0
E02002909,724875,364500,249500,2.847474,1000000.0
E02002909,724876,365500,249500,2.900975,1000000.0
E02002909,724877,366500,249500,2.838147,1000000.0
E02002909,724878,367500,249500,2.816935,1000000.0
E02002909,724879,368500,249500,2.812,1000000.0
E02002909,724880,369500,249500,2.842479,857559.6167100448
E02002909,724881,370500,249500,2.919928,273228.3573617078
E02002909,725556,355500,248500,2.99936,431160.0107985604
E02002909,725557,356500,248500,3.010449,755162.2823569109
E02002909,725558,357500,248500,3.028565,914989.1401532781
E02002909,725559,358500,248500,3.10397,1000000.0
E02002909,725560,359500,248500,2.948324,1000000.0
E02002909,725561,360500,248500,2.984035,1000000.0
E02002909,725562,361500,248500,2.982717,1000000.0
E02002909,725563,362500,248500,2.893961,1000000.0
E02002909,725564,363500,248500,2.88347,1000000.0
E02002909,725565,364500,248500,2.877459,1000000.0
E02002909,725566,365500,248500,2.931717,1000000.0
E02002909,725567,366500,248500,2.96404,1000000.0
E02002909,725568,367500,248500,2.833725,1000000.0
E02002909,725569,368500,248500,2.822169,1000000.0
E02002909,725570,369500,248500,2.910643,944298.7726315953
E02002909,725571,370500,248500,2.975492,790872.3571910589
E02002909,725572,371500,248500,3.002504,7070.939650742382
E02002909,726246,355500,247500,3.03777,115432.11110943672
E02002909,726247,356500,247500,3.046367,767519.8354368401
E02002909,726248,357500,247500,3.036509,994456.0238406687
E02002909,726249,358500,247500,3.027673,1000000.0
E02002909,726250,359500,247500,3.133822,1000000.0
E02002909,726251,360500,247500,3.08,1000000.0
E02002909,726252,361500,247500,2.955891,1000000.0
E02002909,726253,362500,247500,2.91338,1000000.0
E02002909,726254,363500,247500,2.906617,1000000.0
E02002909,726255,364500,247500,2.901109,1000000.0
E02002909,726256,365500,247500,2.944598,999832.9241478313
E02002909,726257,366500,247500,2.9384,954567.6035728249
E02002909,726258,367500,247500,2.859941,1000000.0
E02002909,726259,368500,247500,2.833903,995690.0329992967
E02002909,726260,369500,247500,2.872305,476623.727859278
E02002909,726261,370500,247500,3.063782,143252.35085607992
E02002909,726937,356500,246500,3.109786,188579.616889664
E02002909,726938,357500,246500,3.128971,876032.446503235
E02002909,726939,358500,246500,3.131239,1000000.0
E02002909,726940,359500,246500,3.075808,1000000.0
E02002909,726941,360500,246500,3.102547,970414.3054012303
E02002909,726942,361500,246500,2.976548,1000000.0
E02002909,726943,362500,246500,2.95125,1000000.0
E02002909,726944,363500,246500,2.977446,997838.2556901454
E02002909,726945,364500,246500,3.096714,1000000.0
E02002909,726946,365500,246500,3.087908,536393.8994489721
E02002909,726947,366500,246500,3.048818,194495.38256739822
E02002909,726948,367500,246500,2.986531,437257.3855143652
E02002909,726949,368500,246500,3.032896,939020.4868508884
E02002909,726950,369500,246500,2.961353,345617.62255984364
E02002909,727627,356500,245500,3.26039,376257.81780145894
E02002909,727628,357500,245500,3.143674,985318.8026186886
E02002909,727629,358500,245500,3.033348,1000000.0
E02002909,727630,359500,245500,2.992306,978704.4310872814
E02002909,727631,360500,245500,2.98915,244567.00384322723
E02002909,727632,361500,245500,3.107141,433841.9169242014
E02002909,727633,362500,245500,3.103021,389847.3157126759
E02002909,727634,363500,245500,3.11663,108369.51768714355
E02002909,727635,364500,245500,3.081753,492895.66992240696
E02002909,727636,365500,245500,2.937717,332314.19164270686
E02002909,727639,368500,245500,2.846918,410779.3649966608
E02002909,727640,369500,245500,2.843917,156775.61204730105
E02002909,728318,357500,244500,3.224842,131980.12052719065
E02002909,728319,358500,244500,3.15579,99014.49183340697
E02002909,728320,359500,244500,3.086479,63495.890517245825
E02002909,728326,365500,244500,2.922445,34421.58799310949
E02002928,675895,374500,320500,5.004803,408445.9381301737
E02002928,675896,375500,320500,4.964916,259286.07192148484
E02002928,676584,373500,319500,4.589826,249348.40770298874
E02002928,676585,374500,319500,5.846867,718845.275868047
E02002928,676586,375500,319500,5.942157,555189.7265404239
E02002928,677274,373500,318500,4.421263,6677.060342892007
E02002929,672439,368500,325500,3.318589,52272.86639272379
E02002929,672440,369500,325500,3.651131,21414.923187669
E02002929,672441,370500,325500,3.438516,182499.684123996
E02002929,672442,371500,325500,3.462714,444059.2631156049
E02002929,672443,372500,325500,3.672361,290829.1476082411
E02002929,673129,368500,324500,3.373362,608194.7707924115
E02002929,673130,369500,324500,3.61201,1000000.0
E02002929,673131,370500,324500,3.686454,983667.5496201197
E02002929,673132,371500,324500,3.597613,1000000.0
E02002929,673133,372500,324500,3.609395,999404.0722208008
E02002929,673134,373500,324500,3.673736,631655.9896815452
E02002929,673135,374500,324500,3.691609,62619.813296596585
E02002929,673818,367500,323500,3.386552,28332.664417672968
E02002929,673819,368500,323500,3.442252,283413.68076271884
E02002929,673820,369500,323500,3.702541,999871.4363627803
E02002929,673821,370500,323500,3.861748,1000000.0
E02002929,673822,371500,323500,3.66927,1000000.0
E02002929,673823,372500,323500,3.657882,1000000.0
E02002929,673824,373500,323500,3.734237,1000000.0
E02002929,673825,374500,323500,3.743493,660020.7063929564
E02002929,674504,363500,322500,3.645753,42770.93495102577
E02002929,674505,364500,322500,3.545716,112751.7483530962
E02002929,674506,365500,322500,3.540344,288684.0445307317
E02002929,674507,366500,322500,3.466569,605609.9359515234
E02002929,674508,367500,322500,3.475731,581588.129966306
E02002929,674509,368500,322500,3.484229,4082.268687763629
E02002929,674510,369500,322500,3.549255,932995.3177246978
E02002929,674511,370500,322500,3.659988,1000000.0
E02002929,674512,371500,322500,3.995629,1000000.0
E02002929,674513,372500,322500,3.851041,1000000.0
E02002929,674514,373500,322500,3.880613,1000000.0
E02002929,674515,374500,322500,3.906637,942608.6710544948
E02002929,674516,375500,322500,4.056736,22306.27914886858
E02002929,675193,362500,321500,3.679248,29137.005661954496
E02002929,675194,363500,321500,3.744928,763108.9049164006
E02002929,675195,364500,321500,3.635617,553603.3055927041
E02002929,675196,365500,321500,3.668556,1000000.0
E02002929,675197,366500,321500,3.564911,1000000.0
E02002929,675198,367500,321500,3.555309,508375.8666790631
E02002929,675199,368500,321500,3.568131,43870.25466425993
E02002929,675200,369500,321500,3.629691,872079.8817028287
E02002929,675201,370500,321500,3.752769,1000000.0
E02002929,675202,371500,321500,3.897677,1000000.0
E02002929,675203,372500,321500,4.132796,1000000.0
E02002929,675204,373500,321500,4.267653,1000000.0
E02002929,675205,374500,321500,4.172451,407815.69790743233
E02002929,675206,375500,321500,4.369196,705.5851379489587
E02002929,675883,362500,320500,3.819555,240858.39378711663
E02002929,675884,363500,320500,3.682971,998881.9036941591
E02002929,675885,364500,320500,3.678758,1000000.0
E02002929,675886,365500,320500,3.702821,1000000.0
E02002929,675887,366500,320500,3.672676,1000000.0
E02002929,675888,367500,320500,3.696109,570948.0739700045
E02002929,675889,368500,320500,3.772956,743250.3704579388
E02002929,675890,369500,320500,3.741125,932027.7145646345
E02002929,675891,370500,320500,3.888701,1000000.0
E02002929,675892,371500,320500,4.447675,1000000.0
E02002929,675893,372500,320500,4.18522,1000000.0
E02002929,675894,373500,320500,4.208444,1000000.0
E02002929,675895,374500,320500,5.004803,489497.08092930395
E02002929,676573,362500,319500,3.825484,115236.1061201556
E02002929,676574,363500,319500,3.898881,987662.3821170871
E02002929,676575,364500,319500,3.732571,1000000.0
E02002929,676576,365500,319500,3.832319,1000000.0
E02002929,676577,366500,319500,3.847338,1000000.0
E02002929,676578,367500,319500,3.848822,1000000.0
E02002929,676579,368500,319500,3.922605,1000000.0
E02002929,676580,369500,319500,3.971716,1000000.0
E02002929,676581,370500,319500,4.006869,1000000.0
E02002929,676582,371500,319500,4.156463,1000000.0
E02002929,676583,372500,319500,4.395103,1000000.0
E02002929,676584,373500,319500,4.589826,738731.4604791553
E02002929,676585,374500,319500,5.846867,78300.91004660413
E02002929,676586,375500,319500,5.942157,50669.89928442654
E02002929,676587,376500,319500,4.876425,109072.40532494066
E02002929,677263,362500,318500,3.847234,301447.84754719684
E02002929,677264,363500,318500,4.063897,1000000.0
E02002929,677265,364500,318500,3.892773,1000000.0
E02002929,677266,365500,318500,3.785183,1000000.0
E02002929,677267,366500,318500,3.787715,1000000.0
E02002929,677268,367500,318500,3.81841,1000000.0
E02002929,677269,368500,318500,3.92228,1000000.0
E02002929,677270,369500,318500,4.020443,1000000.0
E02002929,677271,370500,318500,4.1199,1000000.0
E02002929,677272,371500,318500,4.201735,1000000.0
E02002929,677273,372500,318500,4.145298,1000000.0
E02002929,677274,373500,318500,4.421263,897810.8973947283
E02002929,677275,374500,318500,5.554804,112398.73311484054
E02002929,677276,375500,318500,5.784662,503593.8128160386
E02002929,677277,376500,318500,4.61913,835154.26881155
E02002929,677278,377500,318500,4.430677,73057.11654044349
E02002929,677953,362500,317500,3.856594,146641.71708963448
E02002929,677954,363500,317500,4.071837,999999.6985338116
E02002929,677955,364500,317500,3.886785,1000000.0
E02002929,677956,365500,317500,3.687789,1000000.0
E02002929,677957,366500,317500,3.713126,1000000.0
E02002929,677958,367500,317500,3.804608,1000000.0
E02002929,677959,368500,317500,3.92907,1000000.0
E02002929,677960,369500,317500,4.053966,906341.8792907441
E02002929,677961,370500,317500,4.142377,978173.0227838678
E02002929,677962,371500,317500,4.208641,987074.9879643891
E02002929,677963,372500,317500,4.299185,1000000.0
E02002929,677964,373500,317500,4.67128,998833.2507637205
E02002929,677965,374500,317500,5.214476,991828.9430405295
E02002929,677966,375500,317500,4.847826,1000000.0
E02002929,677967,376500,317500,4.635844,1000000.0
E02002929,677968,377500,317500,4.535496,824699.013929397
E02002929,677969,378500,317500,4.142645,33038.978062641654
E02002929,678643,362500,316500,3.718673,73266.26331723454
E02002929,678644,363500,316500,3.959909,947816.1299303988
E02002929,678645,364500,316500,3.780617,1000000.0
E02002929,678646,365500,316500,3.836744,1000000.0
E02002929,678647,366500,316500,3.878781,1000000.0
E02002929,678648,367500,316500,4.063684,923524.8700057713
E02002929,678649,368500,316500,4.233507,556718.7383345789
E02002929,678650,369500,316500,4.454988,76381.73133256193
E02002929,678651,370500,316500,4.521852,4907.668005466253
E02002929,678652,371500,316500,4.526026,97603.98703925012
E02002929,678653,372500,316500,4.65817,331072.02404370037
E02002929,678654,373500,316500,4.842874,137727.96410200998
E02002929,678655,374500,316500,4.536844,673988.5192265076
E02002929,678656,375500,316500,4.562224,1000000.0
E02002929,678657,376500,316500,4.764068,1000000.0
E02002929,678658,377500,316500,4.551486,1000000.0
E02002929,678659,378500,316500,4.421795,673384.6539544342
E02002929,679334,363500,315500,4.119495,294881.6531423987
E02002929,679335,364500,315500,3.925912,1000000.0
E02002929,679336,365500,315500,4.020134,1000000.0
E02002929,679337,366500,315500,4.075238,719028.9395082175
E02002929,679338,367500,315500,4.342276,54409.79899118087
E02002929,679345,374500,315500,4.491586,11490.958756845259
E02002929,679346,375500,315500,4.518123,774365.1263846742
E02002929,679347,376500,315500,4.587141,1000000.0
E02002929,679348,377500,315500,4.711821,988021.0258269657
E02002929,679349,378500,315500,4.481424,855495.4047576203
E02002929,679350,379500,315500,4.117082,848.2202122334963
E02002929,680024,363500,314500,4.22909,918.0161655470915
E02002929,680025,364500,314500,4.490691,724891.7370327769
E02002929,680026,365500,314500,4.443078,954429.9469887442
E02002929,680027,366500,314500,4.537762,367606.4386884275
E02002929,680036,375500,314500,4.569799,13906.235442723879
E02002929,680037,376500,314500,4.573203,119131.30121483574
E02002929,680038,377500,314500,4.816508,132047.54843976558
E02002929,680039,378500,314500,4.588933,87714.0276674003
E02002929,680715,364500,313500,5.47797,183000.99107478664
E02002929,680716,365500,313500,5.25504,168454.99055950515
E02002930,676584,373500,319500,4.589826,11920.131817855974
E02002930,676585,374500,319500,5.846867,202853.8140853488
E02002930,676586,375500,319500,5.942157,239483.73252180032
E02002930,677274,373500,318500,4.421263,95512.04226237968
E02002930,677275,374500,318500,5.554804,887601.2668851595
E02002930,677276,375500,318500,5.784662,496406.18718396133
E02002930,677965,374500,317500,5.214476,8171.05695947046
E02002931,677960,369500,317500,4.053966,93658.12070925592
E02002931,677961,370500,317500,4.142377,21826.977216132233
E02002931,677962,371500,317500,4.208641,12925.012035610842
E02002931,677964,373500,317500,4.67128,1166.7492362795613
E02002931,678648,367500,316500,4.063684,76475.12999422872
E02002931,678649,368500,316500,4.233507,443281.2616654211
E02002931,678650,369500,316500,4.454988,923618.2686674381
E02002931,678651,370500,316500,4.521852,995092.3319945338
E02002931,678652,371500,316500,4.526026,902396.0129607499
E02002931,678653,372500,316500,4.65817,668927.9759562997
E02002931,678654,373500,316500,4.842874,862272.0358979901
E02002931,678655,374500,316500,4.536844,326011.48077349237
E02002931,679337,366500,315500,4.075238,280971.06049178244
E02002931,679338,367500,315500,4.342276,945590.201008819
E02002931,679339,368500,315500,4.957769,1000000.0
E02002931,679340,369500,315500,5.174198,927423.8835648625
E02002931,679341,370500,315500,5.181207,1000000.0
E02002931,679342,371500,315500,5.261569,1000000.0
E02002931,679343,372500,315500,5.21098,1000000.0
E02002931,679344,373500,315500,4.728875,1000000.0
E02002931,679345,374500,315500,4.491586,572256.2419159176
E02002931,680027,366500,314500,4.537762,325993.2642282697
E02002931,680028,367500,314500,5.166481,817855.6774370483
E02002931,680029,368500,314500,7.540286,173406.02817085918
E02002931,680030,369500,314500,6.329885,45766.96243706834
E02002931,680031,370500,314500,6.997329,393059.9296400633
E02002931,680032,371500,314500,6.137903,1000000.0
E02002931,680033,372500,314500,5.22342,1000000.0
E02002931,680034,373500,314500,4.824167,1000000.0
E02002931,680035,374500,314500,4.644714,422921.800441365
E02002931,680717,366500,313500,5.588139,110467.33772389233
E02002931,680718,367500,313500,8.027575,32318.53238485175
E02002931,680721,370500,313500,8.384659,2959.265685097631
E02002931,680722,371500,313500,6.627517,706145.3749950975
E02002931,680723,372500,313500,5.506328,1000000.0
E02002931,680724,373500,313500,4.991522,889953.9835880896
E02002931,680725,374500,313500,4.755582,72764.84453147427
E02002931,681411,370500,312500,6.956073,17353.86068526429
E02002931,681412,371500,312500,7.119137,888351.9732088329
E02002931,681413,372500,312500,5.51848,1000000.0
E02002931,681414,373500,312500,5.183205,367396.02565615205
E02002931,682102,371500,311500,6.21944,761467.8369609733
E02002931,682103,372500,311500,6.823151,871583.9292751898
E02002931,682104,373500,311500,5.386093,569.0302859487106
E02002931,682792,371500,310500,7.227303,45017.50285561943
E02002931,682793,372500,310500,6.650961,113550.8341349536
E02002932,679340,369500,315500,5.174198,14572.061758287016
E02002932,680030,369500,314500,6.329885,592330.5461703532
E02002932,680031,370500,314500,6.997329,606940.0703599367
E02002932,680720,369500,313500,8.630628,500698.45175827306
E02002932,680721,370500,313500,8.384659,994839.1462335848
E02002932,680722,371500,313500,6.627517,293854.6250049025
E02002932,681411,370500,312500,6.956073,567663.0772334443
E02002932,681412,371500,312500,7.119137,111055.18000929277
E02002933,680024,363500,314500,4.22909,33302.522244451844
E02002933,680025,364500,314500,4.490691,67229.70676284125
E02002933,680714,363500,313500,5.040546,235177.86963362567
E02002933,680715,364500,313500,5.47797,709600.5361371271
E02002933,680716,365500,313500,5.25504,5807.008090735274
E02002933,681404,363500,312500,4.682297,121831.11822066027
E02002933,681405,364500,312500,5.516161,951669.3789659473
E02002933,681406,365500,312500,6.136789,289707.8371865592
E02002933,682094,363500,311500,4.565023,72.64502831622384
E02002933,682095,364500,311500,6.312272,65537.65678093521
E02002934,680026,365500,314500,4.443078,45570.05301125586
E02002934,680027,366500,314500,4.537762,306400.2970833028
E02002934,680715,364500,313500,5.47797,107398.47278808634
E02002934,680716,365500,313500,5.25504,825738.0013497595
E02002934,680717,366500,313500,5.588139,733071.2018143607
E02002934,681406,365500,312500,6.136789,438522.45482312265
E02002934,681407,366500,312500,6.149709,751827.3061892446
E02002934,682097,366500,311500,6.53972,81415.95300861177
E02002935,680719,368500,313500,8.594389,417968.145021356
E02002935,680720,369500,313500,8.630628,396582.71206277114
E02002935,680721,370500,313500,8.384659,2201.5880813175368
E02002935,681409,368500,312500,9.511997,469343.43580606964
E02002935,681410,369500,312500,7.097926,970885.4057861078
E02002935,681411,370500,312500,6.956073,146144.30662059036
E02002935,682100,369500,311500,7.160745,198314.78751615502
E02002936,679340,369500,315500,5.174198,58004.05467685039
E02002936,680028,367500,314500,5.166481,182144.3225629517
E02002936,680029,368500,314500,7.540286,826593.9718291408
E02002936,680030,369500,314500,6.329885,361902.4913925786
E02002936,680717,366500,313500,5.588139,156461.46046174687
E02002936,680718,367500,313500,8.027575,967681.4676151483
E02002936,680719,368500,313500,8.594389,582031.8549786439
E02002936,680720,369500,313500,8.630628,102718.8361789557
E02002936,681407,366500,312500,6.149709,244635.1096794345
E02002936,681408,367500,312500,7.851421,1000000.0
E02002936,681409,368500,312500,9.511997,399414.50722818536
E02002936,682097,366500,311500,6.53972,253080.1741756682
E02002936,682098,367500,311500,7.338223,531256.3875690951
E02002936,682099,368500,311500,6.524893,673381.5364741201
E02002936,682789,368500,310500,7.445053,57224.780444767246
E02002937,673811,360500,323500,3.39817,88403.21333924324
E02002937,673812,361500,323500,3.409894,196172.90986044693
E02002937,674500,359500,322500,3.46406,16696.839651906826
E02002937,674501,360500,322500,3.520431,800585.3343507181
E02002937,674502,361500,322500,3.52731,929655.7910474393
E02002937,674503,362500,322500,3.499356,704046.830335686
E02002937,674504,363500,322500,3.645753,198029.92001699295
E02002937,675191,360500,321500,3.505925,930757.3927929073
E02002937,675192,361500,321500,3.581715,1000000.0
E02002937,675193,362500,321500,3.679248,970862.9943380455
E02002937,675194,363500,321500,3.744928,120809.04084436366
E02002937,675879,358500,320500,3.522344,18388.469656959536
E02002937,675880,359500,320500,3.520296,183133.54523853
E02002937,675881,360500,320500,3.590235,859618.5101294074
E02002937,675882,361500,320500,3.628262,1000000.0
E02002937,675883,362500,320500,3.819555,759141.6062128834
E02002937,676567,356500,319500,3.696788,1315.038390192009
E02002937,676568,357500,319500,3.705123,114974.00470379407
E02002937,676569,358500,319500,3.628275,932912.4838477161
E02002937,676570,359500,319500,3.669157,1000000.0
E02002937,676571,360500,319500,3.626461,1000000.0
E02002937,676572,361500,319500,3.681712,1000000.0
E02002937,676573,362500,319500,3.825484,884763.8938798445
E02002937,676574,363500,319500,3.898881,12337.617882912882
E02002937,677256,355500,318500,3.772029,279351.48050843005
E02002937,677257,356500,318500,3.725273,815266.593816691
E02002937,677258,357500,318500,3.713905,599116.6236604434
E02002937,677259,358500,318500,3.761247,1000000.0
E02002937,677260,359500,318500,3.846983,1000000.0
E02002937,677261,360500,318500,3.763828,1000000.0
E02002937,677262,361500,318500,3.739465,1000000.0
E02002937,677263,362500,318500,3.847234,698552.1524528032
E02002937,677946,355500,317500,3.786965,671631.6146227549
E02002937,677947,356500,317500,3.737026,1000000.0
E02002937,677948,357500,317500,3.71361,1000000.0
E02002937,677949,358500,317500,3.747738,1000000.0
E02002937,677950,359500,317500,4.018668,1000000.0
E02002937,677951,360500,317500,3.898923,1000000.0
E02002937,677952,361500,317500,3.831371,1000000.0
E02002937,677953,362500,317500,3.856594,853358.2829103655
E02002937,677954,363500,317500,4.071837,0.3014661884085432
E02002937,678636,355500,316500,3.870262,694688.6071970499
E02002937,678637,356500,316500,3.871094,1000000.0
E02002937,678638,357500,316500,3.894039,1000000.0
E02002937,678639,358500,316500,3.925364,1000000.0
E02002937,678640,359500,316500,3.67996,1000000.0
E02002937,678641,360500,316500,3.691413,1000000.0
E02002937,678642,361500,316500,3.705878,1000000.0
E02002937,678643,362500,316500,3.718673,926733.7366827654
E02002937,678644,363500,316500,3.959909,52183.87006960124
E02002937,679326,355500,315500,3.730738,612560.0670309361
E02002937,679327,356500,315500,3.661543,1000000.0
E02002937,679328,357500,315500,3.651187,1000000.0
E02002937,679329,358500,315500,4.335647,1000000.0
E02002937,679330,359500,315500,3.670228,1000000.0
E02002937,679331,360500,315500,3.812071,1000000.0
E02002937,679332,361500,315500,3.841936,1000000.0
E02002937,679333,362500,315500,3.908243,1000000.0
E02002937,679334,363500,315500,4.119495,705118.3468576013
E02002937,680016,355500,314500,3.729877,6361.705985715776
E02002937,680017,356500,314500,3.671716,211108.09282692889
E02002937,680018,357500,314500,3.658824,651979.9431483017
E02002937,680019,358500,314500,3.742266,1000000.0
E02002937,680020,359500,314500,3.689867,1000000.0
E02002937,680021,360500,314500,3.740237,1000000.0
E02002937,680022,361500,314500,3.892632,1000000.0
E02002937,680023,362500,314500,4.045558,1000000.0
E02002937,680024,363500,314500,4.22909,965779.4615900011
E02002937,680025,364500,314500,4.490691,207878.5562043818
E02002937,680708,357500,313500,3.709177,54297.95563166237
E02002937,680709,358500,313500,3.678533,210728.77906681888
E02002937,680710,359500,313500,3.709395,515689.76407383784
E02002937,680711,360500,313500,3.809384,1000000.0
E02002937,680712,361500,313500,4.924954,1000000.0
E02002937,680713,362500,313500,4.204058,1000000.0
E02002937,680714,363500,313500,5.040546,764822.1303663743
E02002937,681399,358500,312500,3.776045,55594.738769180265
E02002937,681400,359500,312500,3.901659,788399.5258132127
E02002937,681401,360500,312500,4.008636,1000000.0
E02002937,681402,361500,312500,4.402526,1000000.0
E02002937,681403,362500,312500,4.567685,1000000.0
E02002937,681404,363500,312500,4.682297,877168.4682252096
E02002937,682088,357500,311500,4.62803,13214.362113764244
E02002937,682089,358500,311500,4.532199,756068.3416216883
E02002937,682090,359500,311500,4.141833,1000000.0
E02002937,682091,360500,311500,4.10534,1000000.0
E02002937,682092,361500,311500,6.21841,1000000.0
E02002937,682093,362500,311500,4.500715,1000000.0
E02002937,682094,363500,311500,4.565023,939309.6490252634
E02002937,682095,364500,311500,6.312272,74898.3858139814
E02002937,682779,358500,310500,3.859602,19637.730991608325
E02002937,682780,359500,310500,4.591733,615444.882611032
E02002937,682781,360500,310500,4.797003,996254.6852091382
E02002937,682782,361500,310500,4.927879,1000000.0
E02002937,682783,362500,310500,4.91962,1000000.0
E02002937,682784,363500,310500,5.053708,925361.0533973472
E02002937,682785,364500,310500,5.422416,367813.8273313181
E02002937,682786,365500,310500,5.625061,446756.870483496
E02002937,682787,366500,310500,6.649361,271740.44566686533
E02002937,682788,367500,310500,7.109294,3315.7788541727277
E02002937,683471,360500,309500,3.695798,310015.1371380347
E02002937,683472,361500,309500,3.778288,881439.2148707223
E02002937,683473,362500,309500,3.821217,1000000.0
E02002937,683474,363500,309500,4.008129,1000000.0
E02002937,683475,364500,309500,4.144639,1000000.0
E02002937,683476,365500,309500,4.38935,1000000.0
E02002937,683477,366500,309500,4.823282,1000000.0
E02002937,683478,367500,309500,5.884171,244169.03102760718
E02002937,684162,361500,308500,3.51825,55734.194033444524
E02002937,684163,362500,308500,3.562559,707716.1632443153
E02002937,684164,363500,308500,3.675662,1000000.0
E02002937,684165,364500,308500,3.864112,1000000.0
E02002937,684166,365500,308500,4.078267,1000000.0
E02002937,684167,366500,308500,4.741841,687704.4000189122
E02002937,684168,367500,308500,5.635701,34699.1478454947
E02002937,684853,362500,307500,3.436695,286240.25856695394
E02002937,684854,363500,307500,3.543866,1000000.0
E02002937,684855,364500,307500,3.752677,1000000.0
E02002937,684856,365500,307500,3.997133,1000000.0
E02002937,684857,366500,307500,5.44462,766130.3560277498
E02002937,685543,362500,306500,3.393931,12170.716009373902
E02002937,685544,363500,306500,3.457606,753820.940837363
E02002937,685545,364500,306500,3.632924,1000000.0
E02002937,685546,365500,306500,3.917066,1000000.0
E02002937,685547,366500,306500,4.606819,586791.6324279354
E02002937,686234,363500,305500,3.374908,1369.3760446354904
E02002937,686235,364500,305500,3.52885,384620.4112227316
E02002937,686236,365500,305500,3.897274,978804.4626844361
E02002937,686237,366500,305500,4.083227,898338.4787450397
E02002937,686238,367500,305500,4.720572,211492.2063946402
E02002937,686239,368500,305500,5.176036,1339.5737305308164
E02002937,686926,365500,304500,3.78087,429463.5764574589
E02002937,686927,366500,304500,4.07239,1000000.0
E02002937,686928,367500,304500,4.516875,546278.856030426
E02002937,687616,365500,303500,3.660997,11435.524618926345
E02002937,687617,366500,303500,3.978518,436939.5882592775
E02002937,687618,367500,303500,4.761651,899064.7917953953
E02002937,687619,368500,303500,5.309864,575726.4873913627
E02002937,687620,369500,303500,4.722309,88693.76583688622
E02002937,688308,367500,302500,4.4951,19015.554669591613
E02002937,688309,368500,302500,4.119802,92285.62004917886
E02002937,688310,369500,302500,4.06985,555191.9485561374
E02002937,688311,370500,302500,4.092793,254946.12313682446
E02002937,689001,370500,301500,4.06279,2292.42034242491
E02002938,681405,364500,312500,5.516161,537.2532061911317
E02002938,681406,365500,312500,6.136789,271769.70799031813
E02002938,681407,366500,312500,6.149709,3537.5841313210312
E02002938,682095,364500,311500,6.312272,3744.8550377958613
E02002938,682096,365500,311500,6.418247,745699.7136671813
E02002938,682097,366500,311500,6.53972,548647.1388174625
E02002938,682786,365500,310500,5.625061,184962.2828695305
E02002938,682787,366500,310500,6.649361,694641.8305300298
E02002938,682788,367500,310500,7.109294,8099.006490878661
E02002939,681404,363500,312500,4.682297,1000.4135541300955
E02002939,681405,364500,312500,5.516161,47793.36782786161
E02002939,682094,363500,311500,4.565023,60617.70594642035
E02002939,682095,364500,311500,6.312272,855819.1023672876
E02002939,682096,365500,311500,6.418247,254300.28633281862
E02002939,682784,363500,310500,5.053708,74638.94660265275
E02002939,682785,364500,310500,5.422416,632186.1726686818
E02002939,682786,365500,310500,5.625061,368280.8466469736
E02002940,681410,369500,312500,7.097926,26602.5413764011
E02002940,681411,370500,312500,6.956073,109965.80360574566
E02002940,682100,369500,311500,7.160745,311657.62892254576
E02002940,682101,370500,311500,6.522984,645793.8526122787
E02002940,682790,369500,310500,7.780485,44954.885694310986
E02002940,682791,370500,310500,7.374399,704109.4655418139
E02002941,681409,368500,312500,9.511997,131242.05696574508
E02002941,681410,369500,312500,7.097926,2512.0528374911382
E02002941,682097,366500,311500,6.53972,116856.7339982576
E02002941,682098,367500,311500,7.338223,468743.6124309049
E02002941,682099,368500,311500,6.524893,326618.46352588
E02002941,682100,369500,311500,7.160745,490027.58356129925
E02002941,682787,366500,310500,6.649361,32376.32864823636
E02002941,682788,367500,310500,7.109294,800386.3318964815
E02002941,682789,368500,310500,7.445053,869003.2929358457
E02002941,682790,369500,310500,7.780485,955045.1143056891
E02002941,682791,370500,310500,7.374399,28552.596731181136
E02002941,683479,368500,309500,6.709014,11141.159486870605
E02002941,683480,369500,309500,8.402651,270323.65320597216
E02002941,683481,370500,309500,9.072525,302770.3615083446
E02002942,681411,370500,312500,6.956073,158872.95185495546
E02002942,681412,371500,312500,7.119137,592.8467818743491
E02002942,682101,370500,311500,6.522984,354206.14738772117
E02002942,682102,371500,311500,6.21944,238532.1630390266
E02002942,682791,370500,310500,7.374399,267337.93772700505
E02002942,682792,371500,310500,7.227303,954982.4971443806
E02002942,682793,372500,310500,6.650961,731300.361028801
E02002942,683481,370500,309500,9.072525,246719.53495244443
E02002942,683482,371500,309500,9.399594,689857.5993264134
E02002942,683483,372500,309500,8.582091,648614.3910564466
E02002944,684168,367500,308500,5.635701,5969.29376651215
E02002944,684169,368500,308500,6.244815,464000.9030416676
E02002944,684170,369500,308500,6.963853,817878.9668352574
E02002944,684171,370500,308500,7.133155,122072.89337318449
E02002944,684858,367500,307500,5.121173,244357.9316056105
E02002944,684859,368500,307500,6.150474,644781.1504833804
E02002944,684860,369500,307500,5.575215,825269.6635556567
E02002944,684861,370500,307500,6.167179,15410.590351128214
E02002944,685550,369500,306500,5.725611,93711.9935110217
E02002945,683481,370500,309500,9.072525,192953.6199608136
E02002945,683482,371500,309500,9.399594,310142.4006735866
E02002945,683483,372500,309500,8.582091,110942.68947311476
E02002945,684170,369500,308500,6.963853,1279.3036634122197
E02002945,684171,370500,308500,7.133155,839801.3744554771
E02002945,684172,371500,308500,10.5092,1000000.0
E02002945,684173,372500,308500,8.195832,390208.03953361826
E02002945,684860,369500,307500,5.575215,165306.48639690675
E02002945,684861,370500,307500,6.167179,984589.4096488717
E02002945,684862,371500,307500,7.474772,877547.8421976443
E02002945,684863,372500,307500,5.901493,27775.675139991232
E02002945,685550,369500,306500,5.725611,187654.11542368872
E02002945,685551,370500,306500,6.200316,604207.3276899498
E02002945,685552,371500,306500,6.927606,612496.4515556919
E02002945,686242,371500,305500,7.867765,11711.27109719316
E02002946,684858,367500,307500,5.121173,104024.02315128583
E02002946,684859,368500,307500,6.150474,355218.8495166197
E02002946,684860,369500,307500,5.575215,9423.850047436541
E02002946,685548,367500,306500,4.997425,83365.420274056
E02002946,685549,368500,306500,5.333637,999664.5359391907
E02002946,685550,369500,306500,5.725611,438095.422456391
E02002946,686239,368500,305500,5.176036,593563.1757287494
E02002946,686240,369500,305500,5.883998,445589.43889565615
E02002947,685550,369500,306500,5.725611,280538.46860889863
E02002947,685551,370500,306500,6.200316,395792.67231005017
E02002947,685552,371500,306500,6.927606,71146.64259163807
E02002947,686240,369500,305500,5.883998,190140.45811850234
E02002947,686241,370500,305500,7.558946,559599.0421061963
E02002947,686242,371500,305500,7.867765,25524.669462817496
E02002948,686238,367500,305500,4.720572,15342.496350277053
E02002948,686239,368500,305500,5.176036,185791.14639883948
E02002948,686240,369500,305500,5.883998,6992.884634201974
E02002948,686928,367500,304500,4.516875,415489.42216652684
E02002948,686929,368500,304500,5.513098,733253.4143213774
E02002948,686930,369500,304500,5.6403,65963.55790466133
E02002949,686239,368500,305500,5.176036,15496.632722793314
E02002949,686240,369500,305500,5.883998,354058.23003627086
E02002949,686241,370500,305500,7.558946,34302.72820884249
E02002949,686928,367500,304500,4.516875,38231.72180304709
E02002949,686929,368500,304500,5.513098,266746.5856786224
E02002949,686930,369500,304500,5.6403,912130.8683346198
E02002949,686931,370500,304500,6.560576,209186.3925931262
E02002949,687618,367500,303500,4.761651,27520.10865130397
E02002949,687619,368500,303500,5.309864,422295.97101943276
E02002949,687620,369500,303500,4.722309,374804.47805238137
E02002950,685552,371500,306500,6.927606,125073.99556403831
E02002950,686240,369500,305500,5.883998,3218.9883153686246
E02002950,686241,370500,305500,7.558946,406098.2296849612
E02002950,686242,371500,305500,7.867765,770412.0779169803
E02002950,686930,369500,304500,5.6403,21905.57376071893
E02002950,686931,370500,304500,6.560576,790813.6074068738
E02002950,686932,371500,304500,7.317669,746936.7571702796
E02002950,687620,369500,303500,4.722309,536501.7561107324
E02002950,687621,370500,303500,5.110899,792925.4443356427
E02002950,687622,371500,303500,5.935019,111075.94054751562
E02002950,688310,369500,302500,4.06985,133798.66847707648
E02002950,688311,370500,302500,4.092793,324706.52851902606
E02004077,656625,424500,348500,4.181073,3188.342120158013
E02004077,657311,420500,347500,4.206156,47252.29744887282
E02004077,657312,421500,347500,4.175043,408793.5786171027
E02004077,657313,422500,347500,4.188,647454.5338287783
E02004077,657314,423500,347500,4.245417,491633.8884967548
E02004077,657315,424500,347500,4.342778,29141.43648397246
E02004077,657996,415500,346500,3.72826,1278.5977887585705
E02004077,657997,416500,346500,3.759565,2146.524955622936
E02004077,658000,419500,346500,4.302144,107297.5312413719
E02004077,658001,420500,346500,4.47403,357583.36923871964
E02004077,658002,421500,346500,4.343616,984986.5906505289
E02004077,658003,422500,346500,4.5902,1000000.0
E02004077,658004,423500,346500,4.357364,734076.0642536143
E02004077,658686,415500,345500,4.424783,148678.34765708743
E02004077,658687,416500,345500,4.187619,782787.452244556
E02004077,658688,417500,345500,4.307816,682914.0909464827
E02004077,658689,418500,345500,4.771779,141939.19947383812
E02004077,658690,419500,345500,5.969861,343636.70366250095
E02004077,658691,420500,345500,4.488594,1000000.0
E02004077,658692,421500,345500,4.337989,1000000.0
E02004077,658693,422500,345500,4.343648,1000000.0
E02004077,658694,423500,345500,4.32475,935581.6861686601
E02004077,658695,424500,345500,4.376382,245536.47560099507
E02004077,659375,414500,344500,3.556812,109577.52660398762
E02004077,659376,415500,344500,3.846607,503552.57504851377
E02004077,659377,416500,344500,3.879374,997514.5996357513
E02004077,659378,417500,344500,3.729704,1000000.0
E02004077,659379,418500,344500,3.846325,1000000.0
E02004077,659380,419500,344500,4.019215,986052.0528019797
E02004077,659381,420500,344500,4.161058,1000000.0
E02004077,659382,421500,344500,4.056027,1000000.0
E02004077,659383,422500,344500,4.032548,1000000.0
E02004077,659384,423500,344500,4.028726,1000000.0
E02004077,659385,424500,344500,4.093572,986651.6435605307
E02004077,659386,425500,344500,4.543331,343283.0387640664
E02004077,659387,426500,344500,4.724451,615.757422304767
E02004077,660064,413500,343500,3.495141,185688.58869819445
E02004077,660065,414500,343500,3.49198,848891.1563102598
E02004077,660066,415500,343500,3.568268,1000000.0
E02004077,660067,416500,343500,3.61093,1000000.0
E02004077,660068,417500,343500,3.760989,1000000.0
E02004077,660069,418500,343500,3.683292,1000000.0
E02004077,660070,419500,343500,3.772465,1000000.0
E02004077,660071,420500,343500,3.946286,1000000.0
E02004077,660072,421500,343500,4.162627,1000000.0
E02004077,660073,422500,343500,4.076553,1000000.0
E02004077,660074,423500,343500,4.100993,1000000.0
E02004077,660075,424500,343500,4.156654,1000000.0
E02004077,660076,425500,343500,4.553217,999498.722573766
E02004077,660077,426500,343500,4.618069,363126.32230244274
E02004077,660752,411500,342500,3.653101,98407.35512725337
E02004077,660753,412500,342500,3.61081,460157.3529304141
E02004077,660754,413500,342500,3.54191,861066.5802858219
E02004077,660755,414500,342500,3.496557,1000000.0
E02004077,660756,415500,342500,3.547915,1000000.0
E02004077,660757,416500,342500,3.698936,1000000.0
E02004077,660758,417500,342500,3.636641,1000000.0
E02004077,660759,418500,342500,3.67754,1000000.0
E02004077,660760,419500,342500,3.696163,1000000.0
E02004077,660761,420500,342500,3.832516,1000000.0
E02004077,660762,421500,342500,3.984616,1000000.0
E02004077,660763,422500,342500,4.20065,1000000.0
E02004077,660764,423500,342500,4.318927,1000000.0
E02004077,660765,424500,342500,4.258753,1000000.0
E02004077,660766,425500,342500,4.634389,1000000.0
E02004077,660767,426500,342500,4.675059,999645.9543424567
E02004077,660768,427500,342500,4.868754,826149.4852669723
E02004077,660769,428500,342500,5.086606,239037.3170404346
E02004077,661442,411500,341500,3.787122,432696.5784830936
E02004077,661443,412500,341500,3.680257,1000000.0
E02004077,661444,413500,341500,3.570649,1000000.0
E02004077,661445,414500,341500,3.55306,1000000.0
E02004077,661446,415500,341500,3.595324,1000000.0
E02004077,661447,416500,341500,3.799868,1000000.0
E02004077,661448,417500,341500,3.615049,1000000.0
E02004077,661449,418500,341500,3.653889,1000000.0
E02004077,661450,419500,341500,3.727345,1000000.0
E02004077,661451,420500,341500,3.846681,1000000.0
E02004077,661452,421500,341500,4.003829,1000000.0
E02004077,661453,422500,341500,4.076314,1000000.0
E02004077,661454,423500,341500,4.226853,1000000.0
E02004077,661455,424500,341500,4.444586,1000000.0
E02004077,661456,425500,341500,4.979694,1000000.0
E02004077,661457,426500,341500,4.824697,1000000.0
E02004077,661458,427500,341500,4.939848,1000000.0
E02004077,661459,428500,341500,5.162927,793678.6248611626
E02004077,662132,411500,340500,4.107395,342869.4106354254
E02004077,662133,412500,340500,3.780079,1000000.0
E02004077,662134,413500,340500,3.568336,1000000.0
E02004077,662135,414500,340500,3.53304,1000000.0
E02004077,662136,415500,340500,3.559887,1000000.0
E02004077,662137,416500,340500,3.712646,1000000.0
E02004077,662138,417500,340500,3.609814,1000000.0
E02004077,662139,418500,340500,3.738424,1000000.0
E02004077,662140,419500,340500,3.748927,1000000.0
E02004077,662141,420500,340500,3.901583,1000000.0
E02004077,662142,421500,340500,3.991292,1000000.0
E02004077,662143,422500,340500,4.108068,1000000.0
E02004077,662144,423500,340500,4.177301,1000000.0
E02004077,662145,424500,340500,4.299268,1000000.0
E02004077,662146,425500,340500,4.720394,1000000.0
E02004077,662147,426500,340500,4.98018,836372.2674019864
E02004077,662148,427500,340500,5.262716,412268.190559061
E02004077,662149,428500,340500,5.316773,161404.28503000256
E02004077,662822,411500,339500,4.184203,582342.6195344813
E02004077,662823,412500,339500,3.682822,1000000.0
E02004077,662824,413500,339500,3.535277,1000000.0
E02004077,662825,414500,339500,3.540366,1000000.0
E02004077,662826,415500,339500,3.583556,1000000.0
E02004077,662827,416500,339500,3.741305,1000000.0
E02004077,662828,417500,339500,3.607572,1000000.0
E02004077,662829,418500,339500,3.769092,1000000.0
E02004077,662830,419500,339500,3.795755,1000000.0
E02004077,662831,420500,339500,3.958359,1000000.0
E02004077,662832,421500,339500,4.03594,1000000.0
E02004077,662833,422500,339500,4.156854,1000000.0
E02004077,662834,423500,339500,4.213591,1000000.0
E02004077,662835,424500,339500,4.326882,997313.7341158096
E02004077,662836,425500,339500,4.73441,1000000.0
E02004077,662837,426500,339500,4.906553,640847.4144210664
E02004077,663511,410500,338500,3.908596,43728.623947920554
E02004077,663512,411500,338500,3.74798,728179.915565136
E02004077,663513,412500,338500,3.642997,1000000.0
E02004077,663514,413500,338500,3.611271,1000000.0
E02004077,663515,414500,338500,3.566773,1000000.0
E02004077,663516,415500,338500,3.618342,1000000.0
E02004077,663517,416500,338500,3.799705,1000000.0
E02004077,663518,417500,338500,3.687843,1000000.0
E02004077,663519,418500,338500,4.406469,1000000.0
E02004077,663520,419500,338500,3.857013,1000000.0
E02004077,663521,420500,338500,3.997357,1000000.0
E02004077,663522,421500,338500,4.138799,1000000.0
E02004077,663523,422500,338500,4.211415,1000000.0
E02004077,663524,423500,338500,4.274456,728483.4817242227
E02004077,663525,424500,338500,4.435247,52871.928226777745
E02004077,663526,425500,338500,4.861768,141861.34132107155
E02004077,663527,426500,338500,5.008675,124821.40010298594
E02004077,664200,409500,337500,3.806954,11336.541112780233
E02004077,664201,410500,337500,3.77245,711704.5049651589
E02004077,664202,411500,337500,3.699781,1000000.0
E02004077,664203,412500,337500,3.690902,1000000.0
E02004077,664204,413500,337500,3.714972,1000000.0
E02004077,664205,414500,337500,3.645315,1000000.0
E02004077,664206,415500,337500,3.672375,1000000.0
E02004077,664207,416500,337500,3.813892,1000000.0
E02004077,664208,417500,337500,3.70399,1000000.0
E02004077,664209,418500,337500,3.770605,1000000.0
E02004077,664210,419500,337500,3.881422,1000000.0
E02004077,664211,420500,337500,4.0347,1000000.0
E02004077,664212,421500,337500,4.208631,1000000.0
E02004077,664213,422500,337500,4.280102,1000000.0
E02004077,664214,423500,337500,4.4087,610573.579735742
E02004077,664890,409500,336500,3.933219,138999.47154604679
E02004077,664891,410500,336500,3.866661,999971.1122837367
E02004077,664892,411500,336500,3.781214,1000000.0
E02004077,664893,412500,336500,3.780636,1000000.0
E02004077,664894,413500,336500,3.834982,1000000.0
E02004077,664895,414500,336500,3.718173,1000000.0
E02004077,664896,415500,336500,3.752116,1000000.0
E02004077,664897,416500,336500,3.853843,1000000.0
E02004077,664898,417500,336500,3.748118,1000000.0
E02004077,664899,418500,336500,3.836281,1000000.0
E02004077,664900,419500,336500,3.918599,952986.2951440902
E02004077,664901,420500,336500,4.08056,931077.6886864948
E02004077,664902,421500,336500,4.261791,991489.7782832785
E02004077,664903,422500,336500,4.36961,1000000.0
E02004077,664904,423500,336500,4.495004,415572.7090239355
E02004077,665580,409500,335500,4.299735,26522.679231721246
E02004077,665581,410500,335500,4.169429,670503.7375131426
E02004077,665582,411500,335500,4.088176,1000000.0
E02004077,665583,412500,335500,4.029715,1000000.0
E02004077,665584,413500,335500,3.905869,1000000.0
E02004077,665585,414500,335500,3.824627,1000000.0
E02004077,665586,415500,335500,3.819244,1000000.0
E02004077,665587,416500,335500,3.998553,999734.0300824741
E02004077,665588,417500,335500,3.84416,916947.2239534031
E02004077,665589,418500,335500,3.912742,995689.5951257321
E02004077,665590,419500,335500,4.008232,520501.77735072747
E02004077,665591,420500,335500,4.165407,25935.166348839142
E02004077,665592,421500,335500,4.360908,136325.97854948303
E02004077,665593,422500,335500,4.464512,841382.46394881
E02004077,665594,423500,335500,4.65649,293789.0054977215
E02004077,666271,410500,334500,5.222686,338284.5448729397
E02004077,666272,411500,334500,5.283137,982566.4701154213
E02004077,666273,412500,334500,5.157573,1000000.0
E02004077,666274,413500,334500,4.13342,1000000.0
E02004077,666275,414500,334500,4.080276,1000000.0
E02004077,666276,415500,334500,4.120134,1000000.0
E02004077,666277,416500,334500,4.015618,1000000.0
E02004077,666278,417500,334500,3.953901,189005.99538022108
E02004077,666279,418500,334500,3.982507,118666.75072693538
E02004077,666280,419500,334500,4.124495,95744.57827737897
E02004077,666283,422500,334500,4.638319,494608.6966256436
E02004077,666284,423500,334500,4.871063,352109.2195456801
E02004077,666962,411500,333500,4.054663,667907.2172242195
E02004077,666963,412500,333500,4.186893,1000000.0
E02004077,666964,413500,333500,4.980644,1000000.0
E02004077,666965,414500,333500,5.213235,1000000.0
E02004077,666966,415500,333500,4.598317,1000000.0
E02004077,666967,416500,333500,4.281388,1000000.0
E02004077,666968,417500,333500,4.152911,631868.2937375739
E02004077,666973,422500,333500,4.942621,13623.921410980474
E02004077,666974,423500,333500,5.190336,2317.1792569022764
E02004077,667652,411500,332500,3.79522,615735.8475933004
E02004077,667653,412500,332500,3.840052,992521.0433390259
E02004077,667654,413500,332500,3.924457,983486.7836375965
E02004077,667655,414500,332500,4.16901,1000000.0
E02004077,667656,415500,332500,5.591011,1000000.0
E02004077,667657,416500,332500,5.051083,1000000.0
E02004077,667658,417500,332500,4.474504,765571.4100751028
E02004077,668342,411500,331500,3.779995,26450.1488257201
E02004077,668343,412500,331500,3.773805,351372.07086740935
E02004077,668344,413500,331500,3.859226,148327.71172499098
E02004077,668345,414500,331500,4.059951,364119.46388930344
E02004077,668346,415500,331500,4.227145,624880.5241423498
E02004077,668347,416500,331500,4.973623,936561.9085167318
E02004077,668348,417500,331500,5.306582,738932.978534295
E02004077,669037,416500,330500,4.228683,197637.6803550702
E02004077,669038,417500,330500,4.253002,306354.76540234283
E02004086,663543,442500,338500,8.843947,375402.91863544914
E02004086,663544,443500,338500,8.566573,294906.4664082942
E02004086,664232,441500,337500,9.464785,78470.17519803769
E02004086,664233,442500,337500,8.737784,981295.8377680399
E02004086,664234,443500,337500,8.46527,795880.5684991642
E02004086,664235,444500,337500,8.615397,25139.64455309675
E02004086,664922,441500,336500,9.901419,607343.775014591
E02004086,664923,442500,336500,9.225295,1000000.0
E02004086,664924,443500,336500,8.912124,355728.73358927184
E02004086,665612,441500,335500,10.30288,757265.8171845424
E02004086,665613,442500,335500,9.928531,1000000.0
E02004086,665614,443500,335500,9.759842,181572.5178889445
E02004086,666302,441500,334500,9.977143,896724.1494008455
E02004086,666303,442500,334500,9.631954,863510.8978781125
E02004086,666304,443500,334500,8.852058,36173.95371521671
E02004086,666992,441500,333500,9.149235,42802.7306702345
E02004086,666993,442500,333500,9.997492,287221.46738217457
E02004088,665617,446500,335500,10.47566,316848.4475357457
E02004088,665618,447500,335500,13.85149,59519.15709218389
E02004088,666307,446500,334500,9.584832,502847.48186296184
E02004088,666308,447500,334500,12.53721,460239.0847418691
E02004088,666309,448500,334500,11.83729,187998.63245201667
E02004088,666997,446500,333500,10.00847,384531.1503348474
E02004088,666998,447500,333500,12.44737,930705.7458022924
E02004088,666999,448500,333500,12.08381,233436.1448064026
E02004088,667687,446500,332500,11.27248,40012.51351499447
E02004088,667688,447500,332500,11.4018,311070.94493448065
E02004088,667689,448500,332500,11.6403,3615.024433864687
E02004090,665614,443500,335500,9.759842,39237.23956916608
E02004090,665615,444500,335500,9.665561,148822.22224548706
E02004090,665616,445500,335500,10.15445,72331.1481979145
E02004090,665617,446500,335500,10.47566,68741.22704764141
E02004090,666303,442500,334500,9.631954,136475.1653374062
E02004090,666304,443500,334500,8.852058,836778.1983650392
E02004090,666305,444500,334500,8.745251,876096.5222297334
E02004090,666306,445500,334500,10.04537,957373.9604226194
E02004090,666307,446500,334500,9.584832,497152.51813703816
E02004090,666993,442500,333500,9.997492,296691.72131505446
E02004090,666994,443500,333500,9.04481,927185.8636664164
E02004090,666995,444500,333500,9.434953,1000000.0
E02004090,666996,445500,333500,9.556831,1000000.0
E02004090,666997,446500,333500,10.00847,615468.8496651526
E02004090,666998,447500,333500,12.44737,56085.01033583734
E02004090,667683,442500,332500,8.580338,84.0815044451396
E02004090,667684,443500,332500,8.49723,249160.76022941363
E02004090,667685,444500,332500,8.447713,778347.8577304194
E02004090,667686,445500,332500,8.799934,1000000.0
E02004090,667687,446500,332500,11.27248,773870.275392216
E02004090,667688,447500,332500,11.4018,6112.940250347144
E02004090,668374,443500,331500,8.624156,24646.95777301905
E02004090,668375,444500,331500,8.536944,512915.99692540814
E02004090,668376,445500,331500,8.913518,869406.8108947952
E02004090,668377,446500,331500,11.32622,499519.6609052443
E02004090,669066,445500,330500,10.17385,54465.297763382194
E02004090,669067,446500,330500,12.3607,74911.01391930981
E02004091,666310,449500,334500,11.12372,81697.72950237557
E02004091,666311,450500,334500,11.28561,126252.82355994782
E02004091,666999,448500,333500,12.08381,36382.20225921663
E02004091,667000,449500,333500,13.50437,371984.6622704779
E02004091,667001,450500,333500,10.7986,891529.8611610538
E02004091,667002,451500,333500,10.09818,90829.12616213268
E02004091,667688,447500,332500,11.4018,14125.341513559611
E02004091,667689,448500,332500,11.6403,632550.7680145991
E02004091,667690,449500,332500,12.38315,779526.8570302933
E02004091,667691,450500,332500,10.17435,920427.267653319
E02004091,667692,451500,332500,9.62293,71744.00034822614
E02004091,668378,447500,331500,10.34763,38171.739263668365
E02004091,668379,448500,331500,10.28723,892480.959274578
E02004091,668380,449500,331500,10.61526,956961.7145020472
E02004091,668381,450500,331500,9.925078,483284.184017781
E02004091,668382,451500,331500,9.438583,117973.52736370856
E02004091,669068,447500,330500,10.5533,23667.69673612693
E02004091,669069,448500,330500,9.632526,52819.366907272604
E02004091,669070,449500,330500,9.929476,27846.583962227916
E02004092,666998,447500,333500,12.44737,13209.243861870353
E02004092,666999,448500,333500,12.08381,346538.5814672947
E02004092,667687,446500,332500,11.27248,186117.21109278948
E02004092,667688,447500,332500,11.4018,668690.7733016124
E02004092,667689,448500,332500,11.6403,355517.8910145786
E02004092,668377,446500,331500,11.32622,431189.78803417506
E02004092,668378,447500,331500,10.34763,911089.2163120765
E02004092,668379,448500,331500,10.28723,33876.921232720095
E02004092,669067,446500,330500,12.3607,10224.396480088932
E02004092,669068,447500,330500,10.5533,32854.168286559085
E02004118,662835,424500,339500,4.326882,2686.265884190459
E02004118,663524,423500,338500,4.274456,271516.5182757774
E02004118,663525,424500,338500,4.435247,947128.0717732222
E02004118,663526,425500,338500,4.861768,858138.6586789285
E02004118,663527,426500,338500,5.008675,324438.5298779316
E02004118,664214,423500,337500,4.4087,389426.42026425805
E02004118,664215,424500,337500,4.573746,1000000.0
E02004118,664216,425500,337500,4.956487,1000000.0
E02004118,664217,426500,337500,5.159183,947251.1947835975
E02004118,664218,427500,337500,5.284929,759001.5790640176
E02004118,664219,428500,337500,5.673849,691218.0174340163
E02004118,664220,429500,337500,6.087466,414177.5810369993
E02004118,664221,430500,337500,6.632673,11800.139224673174
E02004118,664900,419500,336500,3.918599,47013.70485590978
E02004118,664901,420500,336500,4.08056,68922.31131350517
E02004118,664902,421500,336500,4.261791,8510.221716721633
E02004118,664904,423500,336500,4.495004,584427.2909760645
E02004118,664905,424500,336500,4.693792,1000000.0
E02004118,664906,425500,336500,5.06834,1000000.0
E02004118,664907,426500,336500,5.226253,1000000.0
E02004118,664908,427500,336500,5.397795,1000000.0
E02004118,664909,428500,336500,5.892864,1000000.0
E02004118,664910,429500,336500,6.261574,1000000.0
E02004118,664911,430500,336500,7.550002,447213.1180905729
E02004118,665587,416500,335500,3.998553,265.9699175259682
E02004118,665588,417500,335500,3.84416,83052.776046597
E02004118,665589,418500,335500,3.912742,4310.404874267846
E02004118,665590,419500,335500,4.008232,479498.2226492725
E02004118,665591,420500,335500,4.165407,974064.8336511608
E02004118,665592,421500,335500,4.360908,863674.021450517
E02004118,665593,422500,335500,4.464512,158617.53605119005
E02004118,665594,423500,335500,4.65649,706210.9945022785
E02004118,665595,424500,335500,4.823899,1000000.0
E02004118,665596,425500,335500,5.230125,1000000.0
E02004118,665597,426500,335500,5.33113,1000000.0
E02004118,665598,427500,335500,5.517112,1000000.0
E02004118,665599,428500,335500,6.062396,1000000.0
E02004118,665600,429500,335500,6.62713,980533.250725561
E02004118,665601,430500,335500,8.562682,126835.27092553723
E02004118,666278,417500,334500,3.953901,810994.0046197788
E02004118,666279,418500,334500,3.982507,881333.2492730645
E02004118,666280,419500,334500,4.124495,904255.4217226211
E02004118,666281,420500,334500,4.320704,1000000.0
E02004118,666282,421500,334500,4.537541,1000000.0
E02004118,666283,422500,334500,4.638319,505391.3033743564
E02004118,666284,423500,334500,4.871063,647890.7804543199
E02004118,666285,424500,334500,5.017228,1000000.0
E02004118,666286,425500,334500,5.14657,1000000.0
E02004118,666287,426500,334500,5.271438,1000000.0
E02004118,666288,427500,334500,5.445065,1000000.0
E02004118,666289,428500,334500,6.052178,1000000.0
E02004118,666290,429500,334500,6.729775,999896.8489964823
E02004118,666291,430500,334500,8.992565,83709.43734645334
E02004118,666968,417500,333500,4.152911,368131.7062624261
E02004118,666969,418500,333500,4.17385,1000000.0
E02004118,666970,419500,333500,4.293717,1000000.0
E02004118,666971,420500,333500,4.641152,1000000.0
E02004118,666972,421500,333500,4.813058,1000000.0
E02004118,666973,422500,333500,4.942621,986376.0785890195
E02004118,666974,423500,333500,5.190336,997682.8207430978
E02004118,666975,424500,333500,5.282459,1000000.0
E02004118,666976,425500,333500,5.436475,1000000.0
E02004118,666977,426500,333500,5.517958,1000000.0
E02004118,666978,427500,333500,5.717691,1000000.0
E02004118,666979,428500,333500,6.570811,1000000.0
E02004118,666980,429500,333500,7.288164,1000000.0
E02004118,666981,430500,333500,8.166216,720828.6634982672
E02004118,666982,431500,333500,9.831285,2476.3609625929494
E02004118,667658,417500,332500,4.474504,234428.58992489713
E02004118,667659,418500,332500,4.546687,1000000.0
E02004118,667660,419500,332500,4.717692,1000000.0
E02004118,667661,420500,332500,5.145767,1000000.0
E02004118,667662,421500,332500,5.293962,1000000.0
E02004118,667663,422500,332500,5.485205,1000000.0
E02004118,667664,423500,332500,5.697783,891706.8964372905
E02004118,667665,424500,332500,5.76386,245838.7277780867
E02004118,667666,425500,332500,5.93218,643365.8776442447
E02004118,667667,426500,332500,6.124019,783972.627186119
E02004118,667668,427500,332500,6.343235,574318.4967729853
E02004118,667669,428500,332500,6.633639,679281.8403050231
E02004118,667670,429500,332500,6.946285,1000000.0
E02004118,667671,430500,332500,8.846244,941600.3109950885
E02004118,667672,431500,332500,8.878975,19800.396746380015
E02004118,668348,417500,331500,5.306582,261067.0214657051
E02004118,668349,418500,331500,5.608698,1000000.0
E02004118,668350,419500,331500,5.850217,1000000.0
E02004118,668351,420500,331500,6.054225,1000000.0
E02004118,668352,421500,331500,6.507686,1000000.0
E02004118,668353,422500,331500,7.049749,1000000.0
E02004118,668354,423500,331500,6.978597,529956.0044633559
E02004118,668357,426500,331500,6.700753,720.5044213991077
E02004118,668359,428500,331500,6.489769,357178.2242241278
E02004118,668360,429500,331500,7.457797,1000000.0
E02004118,668361,430500,331500,9.310996,405110.29638057994
E02004118,669037,416500,330500,4.228683,1665.0782788522702
E02004118,669038,417500,330500,4.253002,641369.2798665643
E02004118,669039,418500,330500,4.43295,1000000.0
E02004118,669040,419500,330500,4.890131,1000000.0
E02004118,669041,420500,330500,5.291448,1000000.0
E02004118,669042,421500,330500,6.791139,1000000.0
E02004118,669043,422500,330500,7.351422,871586.0317128677
E02004118,669044,423500,330500,6.876731,7279.50799114747
E02004118,669049,428500,330500,7.994187,505141.60666089924
E02004118,669050,429500,330500,10.79979,633753.5179887206
E02004118,669051,430500,330500,9.032495,559.1446375863854
E02004118,669727,416500,329500,4.071708,2242.9017258453546
E02004118,669728,417500,329500,4.094252,155220.00609328708
E02004118,669729,418500,329500,4.246405,577117.5256462268
E02004118,669730,419500,329500,4.509703,208140.44192373173
E02004118,669731,420500,329500,5.068856,419551.4817849332
E02004118,669732,421500,329500,6.854419,532706.427508179
E02004118,669733,422500,329500,7.515001,606388.7982047125
E02004118,669739,428500,329500,8.366746,4045.806005545841
E02004118,669740,429500,329500,10.37511,23755.465015259182
E02004119,667664,423500,332500,5.697783,108293.10356270948
E02004119,667665,424500,332500,5.76386,754161.2722219133
E02004119,667666,425500,332500,5.93218,356634.1223557553
E02004119,667667,426500,332500,6.124019,216027.37281388088
E02004119,667668,427500,332500,6.343235,425681.5032270146
E02004119,667669,428500,332500,6.633639,320718.1596949769
E02004119,668354,423500,331500,6.978597,470043.9955366441
E02004119,668355,424500,331500,6.998116,1000000.0
E02004119,668356,425500,331500,7.574596,1000000.0
E02004119,668357,426500,331500,6.700753,999279.4955786009
E02004119,668358,427500,331500,6.457679,1000000.0
E02004119,668359,428500,331500,6.489769,642821.7757758722
E02004119,669043,422500,330500,7.351422,128413.9682871323
E02004119,669044,423500,330500,6.876731,992720.4920088524
E02004119,669045,424500,330500,6.560598,1000000.0
E02004119,669046,425500,330500,6.617582,1000000.0
E02004119,669047,426500,330500,7.071545,1000000.0
E02004119,669048,427500,330500,7.329565,1000000.0
E02004119,669049,428500,330500,7.994187,494858.3933391007
E02004119,669733,422500,329500,7.515001,214747.63813788362
E02004119,669734,423500,329500,6.034958,1000000.0
E02004119,669735,424500,329500,5.903568,1000000.0
E02004119,669736,425500,329500,6.103614,1000000.0
E02004119,669737,426500,329500,6.335996,1000000.0
E02004119,669738,427500,329500,6.634782,1000000.0
E02004119,669739,428500,329500,8.366746,810843.7625151253
E02004119,669740,429500,329500,10.37511,9035.559429536821
E02004119,670423,422500,328500,5.701795,7200.676008091739
E02004119,670424,423500,328500,5.793876,154154.39824852557
E02004119,670425,424500,328500,5.764236,410372.59219466714
E02004119,670426,425500,328500,6.095423,843293.4885161815
E02004119,670427,426500,328500,6.528433,1000000.0
E02004119,670428,427500,328500,7.606843,999934.0393528319
E02004119,670429,428500,328500,8.889515,211290.02694165162
E02004119,671116,425500,327500,6.644208,147871.5466479442
E02004119,671117,426500,327500,7.835639,666655.4984687068
E02004119,671118,427500,327500,9.425879,1000000.0
E02004119,671119,428500,327500,7.4505,264014.00410470925
E02004119,671807,426500,326500,10.07839,32341.872567018458
E02004119,671808,427500,326500,7.714979,544194.0347447929
E02004119,671809,428500,326500,6.702135,51759.60811304754
E02004120,667671,430500,332500,8.846244,32464.263688469182
E02004120,667672,431500,332500,8.878975,488516.60291397804
E02004120,667673,432500,332500,8.896167,252645.4359569958
E02004120,667674,433500,332500,10.01319,24793.06238453916
E02004120,668361,430500,331500,9.310996,594889.7036194201
E02004120,668362,431500,331500,8.304383,1000000.0
E02004120,668363,432500,331500,8.552936,1000000.0
E02004120,668364,433500,331500,9.830772,755258.0959377213
E02004120,668365,434500,331500,10.02763,553.7119668873295
E02004120,669050,429500,330500,10.79979,366246.48201127956
E02004120,669051,430500,330500,9.032495,999440.8553624136
E02004120,669052,431500,330500,9.82058,1000000.0
E02004120,669053,432500,330500,9.957631,1000000.0
E02004120,669054,433500,330500,10.15532,603597.8037835922
E02004120,669055,434500,330500,9.236654,65127.55209580613
E02004120,669739,428500,329500,8.366746,92805.6585503492
E02004120,669740,429500,329500,10.37511,963616.8252845232
E02004120,669741,430500,329500,9.846649,1000000.0
E02004120,669742,431500,329500,8.406814,1000000.0
E02004120,669743,432500,329500,8.082765,1000000.0
E02004120,669744,433500,329500,8.44293,388139.3970135048
E02004120,670429,428500,328500,8.889515,108.73645866063902
E02004120,670430,429500,328500,9.053315,544563.9570335854
E02004120,670431,430500,328500,7.843001,725483.940554725
E02004120,670432,431500,328500,7.224598,601956.7972981661
E02004120,670433,432500,328500,7.100894,706454.2722781401
E02004120,670434,433500,328500,7.004622,977794.1076007872
E02004120,670435,434500,328500,7.127428,289792.74785964243
E02004120,671121,430500,327500,6.966486,5280.246439403071
E02004120,671123,432500,327500,6.503492,12325.87217787954
E02004120,671124,433500,327500,6.474998,90628.96131675178
E02004120,671125,434500,327500,6.481547,62443.18229437783
E02004121,666302,441500,334500,9.977143,14.48418790956224
E02004121,666991,440500,333500,9.679009,776162.7693062347
E02004121,666992,441500,333500,9.149235,950344.5296754907
E02004121,666993,442500,333500,9.997492,416086.811302771
E02004121,666994,443500,333500,9.04481,72814.13633358366
E02004121,667680,439500,332500,10.60183,177596.55035460897
E02004121,667681,440500,332500,9.641915,999997.1449655645
E02004121,667682,441500,332500,8.864195,1000000.0
E02004121,667683,442500,332500,8.580338,999915.9184955548
E02004121,667684,443500,332500,8.49723,750839.2397705864
E02004121,667685,444500,332500,8.447713,221652.14226958065
E02004121,668370,439500,331500,9.457871,831792.4540583895
E02004121,668371,440500,331500,9.545385,1000000.0
E02004121,668372,441500,331500,8.812352,1000000.0
E02004121,668373,442500,331500,8.644399,1000000.0
E02004121,668374,443500,331500,8.624156,975353.0422269809
E02004121,668375,444500,331500,8.536944,487084.0030745918
E02004121,668376,445500,331500,8.913518,130593.18910520477
E02004121,669054,433500,330500,10.15532,396402.1962164078
E02004121,669055,434500,330500,9.236654,408621.2457367221
E02004121,669056,435500,330500,9.098132,513315.19102144305
E02004121,669057,436500,330500,8.903826,490131.3979884472
E02004121,669058,437500,330500,10.35335,17011.307310546214
E02004121,669059,438500,330500,9.63594,248866.70937003742
E02004121,669060,439500,330500,8.897154,996049.2708946919
E02004121,669061,440500,330500,10.28646,1000000.0
E02004121,669062,441500,330500,9.833622,1000000.0
E02004121,669063,442500,330500,10.46218,1000000.0
E02004121,669064,443500,330500,9.422764,1000000.0
E02004121,669065,444500,330500,9.695676,922397.0804024539
E02004121,669066,445500,330500,10.17385,712575.844600805
E02004121,669744,433500,329500,8.44293,611860.6029864952
E02004121,669745,434500,329500,9.574819,1000000.0
E02004121,669746,435500,329500,9.839686,1000000.0
E02004121,669747,436500,329500,9.972511,1000000.0
E02004121,669748,437500,329500,11.26263,696135.0794958303
E02004121,669749,438500,329500,10.35849,780222.5181708925
E02004121,669750,439500,329500,9.30772,1000000.0
E02004121,669751,440500,329500,8.072544,1000000.0
E02004121,669752,441500,329500,8.39895,1000000.0
E02004121,669753,442500,329500,9.062485,1000000.0
E02004121,669754,443500,329500,10.01005,945856.9064556833
E02004121,669755,444500,329500,10.1961,115101.09144851491
E02004121,670434,433500,328500,7.004622,4048.3814877287605
E02004121,670435,434500,328500,7.127428,710207.2521403575
E02004121,670436,435500,328500,7.844707,912987.2409324385
E02004121,670437,436500,328500,7.957849,695576.7032390363
E02004121,670438,437500,328500,8.092182,751684.1641127227
E02004121,670439,438500,328500,8.288877,1000000.0
E02004121,670440,439500,328500,7.753261,1000000.0
E02004121,670441,440500,328500,7.795397,1000000.0
E02004121,670442,441500,328500,8.345931,1000000.0
E02004121,670443,442500,328500,8.221369,811602.9971824279
E02004121,670444,443500,328500,8.393046,141947.3174515673
E02004121,671125,434500,327500,6.481547,683567.3162731096
E02004121,671126,435500,327500,6.805931,462668.17554497917
E02004121,671128,437500,327500,7.065588,47157.627332575576
E02004121,671129,438500,327500,7.249946,557446.203799505
E02004121,671130,439500,327500,7.794069,711652.5254600467
E02004121,671131,440500,327500,7.985556,856006.6316679938
E02004121,671132,441500,327500,7.552817,610760.5067784102
E02004121,671133,442500,327500,7.688479,21051.090342905252
E02004122,669739,428500,329500,8.366746,92304.77292897952
E02004122,669740,429500,329500,10.37511,3592.1502706808437
E02004122,670428,427500,328500,7.606843,65.9606471681239
E02004122,670429,428500,328500,8.889515,788601.2365996876
E02004122,670430,429500,328500,9.053315,455436.0429664146
E02004122,670431,430500,328500,7.843001,274516.05944527494
E02004122,670432,431500,328500,7.224598,398043.20270183386
E02004122,670433,432500,328500,7.100894,293545.7277218599
E02004122,670434,433500,328500,7.004622,18157.510911483965
E02004122,670436,435500,328500,7.844707,87012.75906756142
E02004122,670437,436500,328500,7.957849,304423.2967609637
E02004122,670438,437500,328500,8.092182,248315.83588727732
E02004122,671119,428500,327500,7.4505,735985.9958952907
E02004122,671120,429500,327500,6.944957,1000000.0
E02004122,671121,430500,327500,6.966486,994719.753560597
E02004122,671122,431500,327500,6.584602,1000000.0
E02004122,671123,432500,327500,6.503492,987674.1278221204
E02004122,671124,433500,327500,6.474998,909371.0386832482
E02004122,671125,434500,327500,6.481547,253989.50143251265
E02004122,671126,435500,327500,6.805931,537331.8244550208
E02004122,671127,436500,327500,6.923427,1000000.0
E02004122,671128,437500,327500,7.065588,621080.9165449573
E02004122,671808,427500,326500,7.714979,42111.77834793975
E02004122,671809,428500,326500,6.702135,947319.5142183154
E02004122,671810,429500,326500,6.58202,1000000.0
E02004122,671811,430500,326500,6.691189,1000000.0
E02004122,671812,431500,326500,6.405826,1000000.0
E02004122,671813,432500,326500,6.251443,1000000.0
E02004122,671814,433500,326500,6.251565,1000000.0
E02004122,671815,434500,326500,6.229916,1000000.0
E02004122,671816,435500,326500,6.491618,1000000.0
E02004122,671817,436500,326500,6.532711,1000000.0
E02004122,671818,437500,326500,6.774775,525212.3862620235
E02004122,672497,426500,325500,9.506391,147911.77122021408
E02004122,672498,427500,325500,7.163859,763997.971640514
E02004122,672499,428500,325500,6.525114,1000000.0
E02004122,672500,429500,325500,6.118056,1000000.0
E02004122,672501,430500,325500,6.181235,1000000.0
E02004122,672502,431500,325500,6.129924,1000000.0
E02004122,672503,432500,325500,6.057342,1000000.0
E02004122,672504,433500,325500,6.033971,984255.719290602
E02004122,672505,434500,325500,6.020314,574025.0362319581
E02004122,672506,435500,325500,6.262276,708404.9472851144
E02004122,672507,436500,325500,6.406155,1000000.0
E02004122,672508,437500,325500,6.506053,213547.6833859018
E02004122,673187,426500,324500,7.939606,451843.348310794
E02004122,673188,427500,324500,6.835967,1000000.0
E02004122,673189,428500,324500,6.313004,1000000.0
E02004122,673190,429500,324500,6.041584,1000000.0
E02004122,673191,430500,324500,6.104,1000000.0
E02004122,673192,431500,324500,5.998393,1000000.0
E02004122,673193,432500,324500,5.95208,1000000.0
E02004122,673194,433500,324500,5.940234,859671.2531819826
E02004122,673195,434500,324500,5.932039,13581.770915605279
E02004122,673196,435500,324500,6.256169,34392.128676967695
E02004122,673197,436500,324500,6.300104,395171.85032994737
E02004122,673198,437500,324500,6.344492,16606.35771777329
E02004122,673877,426500,323500,7.725862,669.1794890663731
E02004122,673878,427500,323500,6.810605,490659.18224254536
E02004122,673879,428500,323500,6.444263,1000000.0
E02004122,673880,429500,323500,6.148958,1000000.0
E02004122,673881,430500,323500,6.108455,1000000.0
E02004122,673882,431500,323500,5.941642,1000000.0
E02004122,673883,432500,323500,5.889046,1000000.0
E02004122,673884,433500,323500,5.879426,719422.3412037754
E02004122,673885,434500,323500,6.027514,4000.696435972252
E02004122,674567,426500,322500,7.000311,19817.73997549906
E02004122,674568,427500,322500,6.784765,498043.3960166498
E02004122,674569,428500,322500,6.682403,1000000.0
E02004122,674570,429500,322500,6.292621,1000000.0
E02004122,674571,430500,322500,6.227194,795123.1411677015
E02004122,674572,431500,322500,6.027066,549313.8212661516
E02004122,674573,432500,322500,5.922235,417788.399429559
E02004122,674574,433500,322500,5.984319,24841.95023573409
E02004122,675257,426500,321500,6.314508,318682.9791635171
E02004122,675258,427500,321500,7.718248,503420.5334995009
E02004122,675259,428500,321500,7.097819,409328.4730299198
E02004122,675260,429500,321500,6.9854,314555.195697531
E02004122,675261,430500,321500,6.524057,120104.69234956008
E02004122,675947,426500,320500,6.283875,33354.93744602447
E02004123,671128,437500,327500,7.065588,331761.45612246724
E02004123,671129,438500,327500,7.249946,442553.796200495
E02004123,671130,439500,327500,7.794069,288347.4745399532
E02004123,671131,440500,327500,7.985556,143993.36833200618
E02004123,671132,441500,327500,7.552817,16877.5015353034
E02004123,671818,437500,326500,6.774775,474787.6137379765
E02004123,671819,438500,326500,6.869829,1000000.0
E02004123,671820,439500,326500,6.98494,1000000.0
E02004123,671821,440500,326500,7.057361,979085.5406420795
E02004123,671822,441500,326500,7.200316,124224.07964401567
E02004123,672504,433500,325500,6.033971,15744.28070939794
E02004123,672505,434500,325500,6.020314,425974.96376804175
E02004123,672506,435500,325500,6.262276,291595.05271488556
E02004123,672508,437500,325500,6.506053,786452.3166140983
E02004123,672509,438500,325500,7.15789,1000000.0
E02004123,672510,439500,325500,6.779552,1000000.0
E02004123,672511,440500,325500,6.884001,792791.3483443249
E02004123,672512,441500,325500,7.209603,6635.5182778124745
E02004123,673194,433500,324500,5.940234,140328.7468180174
E02004123,673195,434500,324500,5.932039,986418.2290843946
E02004123,673196,435500,324500,6.256169,965607.8713230322
E02004123,673197,436500,324500,6.300104,604828.1496700528
E02004123,673198,437500,324500,6.344492,983393.6422822267
E02004123,673199,438500,324500,6.470381,1000000.0
E02004123,673200,439500,324500,6.490908,997090.8999844096
E02004123,673201,440500,324500,6.881819,194571.88560566553
E02004123,673884,433500,323500,5.879426,280577.6587962247
E02004123,673885,434500,323500,6.027514,995999.3035640278
E02004123,673886,435500,323500,6.172026,1000000.0
E02004123,673887,436500,323500,6.069178,1000000.0
E02004123,673888,437500,323500,6.111531,1000000.0
E02004123,673889,438500,323500,6.258626,1000000.0
E02004123,673890,439500,323500,6.390565,659255.1209218766
E02004123,674571,430500,322500,6.227194,204876.85883229863
E02004123,674572,431500,322500,6.027066,450686.1787338485
E02004123,674573,432500,322500,5.922235,582211.600570441
E02004123,674574,433500,322500,5.984319,975158.0497642659
E02004123,674575,434500,322500,5.830254,1000000.0
E02004123,674576,435500,322500,5.983289,1000000.0
E02004123,674577,436500,322500,5.955235,1000000.0
E02004123,674578,437500,322500,6.013423,753988.9546981171
E02004123,674579,438500,322500,6.205894,155545.08891068475
E02004123,674580,439500,322500,6.447487,69779.41871293607
E02004123,675261,430500,321500,6.524057,275919.3706641396
E02004123,675262,431500,321500,6.277189,881715.3777912675
E02004123,675263,432500,321500,6.239401,968580.8115360084
E02004123,675264,433500,321500,5.943737,1000000.0
E02004123,675265,434500,321500,5.764747,1000000.0
E02004123,675266,435500,321500,5.898068,1000000.0
E02004123,675267,436500,321500,5.920727,786192.7280248067
E02004123,675268,437500,321500,6.009081,251834.6087153141
E02004123,675952,431500,320500,6.853604,41953.02030407326
E02004123,675953,432500,320500,6.285371,111774.35863544562
E02004123,675954,433500,320500,5.892671,464619.99025828665
E02004123,675955,434500,320500,5.751557,998761.813528232
E02004123,675956,435500,320500,5.969274,1000000.0
E02004123,675957,436500,320500,5.956752,592150.0428757105
E02004123,676644,433500,319500,5.95995,123336.86065599819
E02004123,676645,434500,319500,5.795489,887374.6012324165
E02004123,676646,435500,319500,5.922879,999816.3212148347
E02004123,676647,436500,319500,5.927139,336873.7713794202
E02004123,677334,433500,318500,6.326298,97403.6556672701
E02004123,677335,434500,318500,6.175833,687526.4953051304
E02004123,677336,435500,318500,6.601741,231882.04823818736
E02004124,675260,429500,321500,6.9854,473467.58029884205
E02004124,675261,430500,321500,6.524057,603975.9369863003
E02004124,675262,431500,321500,6.277189,118284.62220873253
E02004124,675950,429500,320500,7.582968,365424.6950186331
E02004124,675951,430500,320500,7.527664,788076.9805239884
E02004124,675952,431500,320500,6.853604,808538.6613800406
E02004124,675953,432500,320500,6.285371,11572.157503254031
E02004124,676641,430500,319500,7.589718,177.74674123389815
E02004124,676642,431500,319500,7.593171,28224.26889956082
E02004125,675257,426500,321500,6.314508,131006.71206912961
E02004125,675258,427500,321500,7.718248,496390.15007859917
E02004125,675259,428500,321500,7.097819,590671.5269700802
E02004125,675260,429500,321500,6.9854,211977.224003627
E02004125,675946,425500,320500,6.314384,6199.759356792246
E02004125,675947,426500,320500,6.283875,767674.1724120261
E02004125,675948,427500,320500,6.044029,1000000.0
E02004125,675949,428500,320500,7.193244,1000000.0
E02004125,675950,429500,320500,7.582968,292786.0898343711
E02004125,676636,425500,319500,5.476884,158678.99225545913
E02004125,676637,426500,319500,5.642946,789523.8287440154
E02004125,676638,427500,319500,6.242526,905682.9792095089
E02004125,676639,428500,319500,8.426436,543824.6090351916
E02004125,676640,429500,319500,8.359299,47789.4509086402
E02004125,677328,427500,318500,6.604619,12294.478198372573
E02004126,675950,429500,320500,7.582968,341789.2151469958
E02004126,675951,430500,320500,7.527664,124162.34549689238
E02004126,676639,428500,319500,8.426436,409830.4522895247
E02004126,676640,429500,319500,8.359299,932010.4591371279
E02004126,676641,430500,319500,7.589718,323509.30479304143
E02004126,677329,428500,318500,6.586442,159495.68490560947
E02004126,677330,429500,318500,6.726285,103701.03669424386
E02004128,675255,424500,321500,7.103587,6395.679041461268
E02004128,675943,422500,320500,6.980517,531224.5711412514
E02004128,675944,423500,320500,6.025799,423107.4792894017
E02004128,675945,424500,320500,6.147022,811727.4608666297
E02004128,675946,425500,320500,6.314384,599281.6941102445
E02004128,675947,426500,320500,6.283875,39879.8344783396
E02004128,676632,421500,319500,7.487412,183406.8037878874
E02004128,676633,422500,319500,5.989067,815475.0006568786
E02004128,676634,423500,319500,5.642057,1000000.0
E02004128,676635,424500,319500,5.478413,1000000.0
E02004128,676636,425500,319500,5.476884,841321.0077445408
E02004128,676637,426500,319500,5.642946,210476.1712559845
E02004128,676638,427500,319500,6.242526,86838.27693824413
E02004128,677322,421500,318500,6.280803,603453.729153928
E02004128,677323,422500,318500,5.481616,1000000.0
E02004128,677324,423500,318500,5.24425,1000000.0
E02004128,677325,424500,318500,5.153999,1000000.0
E02004128,677326,425500,318500,5.202903,1000000.0
E02004128,677327,426500,318500,5.372785,1000000.0
E02004128,677328,427500,318500,6.604619,847164.7965597204
E02004128,677329,428500,318500,6.586442,23633.05206925115
E02004128,678011,420500,317500,6.78,223099.48100668244
E02004128,678012,421500,317500,5.590279,951100.2753534248
E02004128,678013,422500,317500,5.180331,1000000.0
E02004128,678014,423500,317500,5.007182,1000000.0
E02004128,678015,424500,317500,4.977102,1000000.0
E02004128,678016,425500,317500,5.056889,1000000.0
E02004128,678017,426500,317500,5.151603,1000000.0
E02004128,678018,427500,317500,5.517941,1000000.0
E02004128,678019,428500,317500,6.034061,795827.2097883142
E02004128,678020,429500,317500,5.659597,148025.232169381
E02004128,678701,420500,316500,5.66788,348036.52654599794
E02004128,678702,421500,316500,5.165061,1000000.0
E02004128,678703,422500,316500,4.976916,1000000.0
E02004128,678704,423500,316500,4.91297,1000000.0
E02004128,678705,424500,316500,4.957882,1000000.0
E02004128,678706,425500,316500,4.927906,1000000.0
E02004128,678707,426500,316500,5.047269,1000000.0
E02004128,678708,427500,316500,5.297866,1000000.0
E02004128,678709,428500,316500,5.456738,1000000.0
E02004128,678710,429500,316500,6.068892,900941.7980697117
E02004128,678711,430500,316500,5.421935,4454.279701295807
E02004128,679391,420500,315500,5.33454,588278.3831835926
E02004128,679392,421500,315500,5.024455,1000000.0
E02004128,679393,422500,315500,4.836448,1000000.0
E02004128,679394,423500,315500,4.778328,1000000.0
E02004128,679395,424500,315500,4.828638,1000000.0
E02004128,679396,425500,315500,4.783681,1000000.0
E02004128,679397,426500,315500,4.795509,1000000.0
E02004128,679398,427500,315500,4.87804,1000000.0
E02004128,679399,428500,315500,5.009126,1000000.0
E02004128,679400,429500,315500,5.568556,1000000.0
E02004128,679401,430500,315500,5.255768,415832.3393606231
E02004128,680081,420500,314500,5.20727,465181.7220364115
E02004128,680082,421500,314500,4.929053,558116.461638587
E02004128,680083,422500,314500,4.79706,916887.1648824394
E02004128,680084,423500,314500,4.722011,1000000.0
E02004128,680085,424500,314500,4.713634,1000000.0
E02004128,680086,425500,314500,4.749742,1000000.0
E02004128,680087,426500,314500,4.763037,1000000.0
E02004128,680088,427500,314500,4.800659,1000000.0
E02004128,680089,428500,314500,4.905429,1000000.0
E02004128,680090,429500,314500,5.089643,1000000.0
E02004128,680091,430500,314500,5.062352,658576.1313051893
E02004128,680773,422500,313500,4.780053,4427.120789002024
E02004128,680774,423500,313500,4.756116,730277.8973296382
E02004128,680775,424500,313500,4.72583,1000000.0
E02004128,680776,425500,313500,4.77069,1000000.0
E02004128,680777,426500,313500,4.738874,1000000.0
E02004128,680778,427500,313500,4.800345,1000000.0
E02004128,680779,428500,313500,4.937572,1000000.0
E02004128,680780,429500,313500,5.109507,959207.608766458
E02004128,680781,430500,313500,5.049106,239389.06306229878
E02004128,681464,423500,312500,4.751189,685074.00813262
E02004128,681465,424500,312500,4.686147,1000000.0
E02004128,681466,425500,312500,4.72606,1000000.0
E02004128,681467,426500,312500,4.745228,1000000.0
E02004128,681468,427500,312500,4.770996,946771.4368505802
E02004128,681469,428500,312500,4.869826,452792.69599253044
E02004128,681470,429500,312500,4.895358,239240.85481952073
E02004128,682154,423500,311500,4.764912,375526.2457415314
E02004128,682155,424500,311500,4.720029,508915.0882636084
E02004128,682156,425500,311500,4.810602,644758.0790480714
E02004128,682157,426500,311500,4.81008,721738.2464218579
E02004128,682158,427500,311500,4.793676,296374.4263458923
E02005335,686322,451500,305500,8.914739,81451.10494355173
E02005335,686323,452500,305500,11.69159,327714.7088050392
E02005335,686324,453500,305500,10.49762,2984.087072160451
E02005335,687011,450500,304500,7.567412,268769.21750490705
E02005335,687012,451500,304500,8.386057,853083.2357640433
E02005335,687013,452500,304500,10.53947,997673.2557564962
E02005335,687014,453500,304500,12.82287,177732.1782075039
E02005335,687700,449500,303500,7.132955,18.550847196943376
E02005335,687701,450500,303500,7.309679,762975.4164012512
E02005335,687702,451500,303500,7.81066,1000000.0
E02005335,687703,452500,303500,9.522455,951869.1504902442
E02005335,687704,453500,303500,14.37498,254238.6481562457
E02005335,688390,449500,302500,7.285706,129516.52473996054
E02005335,688391,450500,302500,7.387056,743415.021741052
E02005335,688392,451500,302500,7.833995,947595.2769357597
E02005335,688393,452500,302500,9.123305,455197.4027744723
E02005335,688394,453500,302500,11.19001,22.210824182602444
E02005335,689079,448500,301500,8.56369,30240.660220953523
E02005335,689080,449500,301500,7.329256,900092.705178126
E02005335,689081,450500,301500,7.505641,1000000.0
E02005335,689082,451500,301500,7.57731,286451.9223847872
E02005335,689769,448500,300500,7.065736,88504.81397318379
E02005335,689770,449500,300500,7.212324,905520.6087063011
E02005335,689771,450500,300500,7.274857,1000000.0
E02005335,689772,451500,300500,7.709107,632339.3207831219
E02005335,689773,452500,300500,8.753604,603.8175455176323
E02005335,690458,447500,299500,7.081657,68381.36783383857
E02005335,690459,448500,299500,7.152476,867891.8826421442
E02005335,690460,449500,299500,7.07235,1000000.0
E02005335,690461,450500,299500,7.435162,1000000.0
E02005335,690462,451500,299500,8.256425,981024.4923147553
E02005335,690463,452500,299500,9.390957,278243.54837511526
E02005335,691148,447500,298500,7.530605,179130.12393994431
E02005335,691149,448500,298500,7.145028,957699.7808201609
E02005335,691150,449500,298500,7.232326,1000000.0
E02005335,691151,450500,298500,8.256978,1000000.0
E02005335,691152,451500,298500,8.745526,1000000.0
E02005335,691153,452500,298500,8.419288,436491.71822400944
E02005335,691839,448500,297500,7.303555,59322.11204818093
E02005335,691840,449500,297500,8.260957,379187.74497438036
E02005335,691841,450500,297500,8.307671,625224.2065393914
E02005335,691842,451500,297500,7.809643,665641.3861391331
E02005335,691843,452500,297500,8.888153,26816.600527687908
E02005335,692531,450500,296500,7.348534,108.36432695919284
E02005335,692532,451500,296500,7.930187,90741.73098386877
E02005342,691153,452500,298500,8.419288,69131.86735410942
E02005342,691840,449500,297500,8.260957,179504.44399376883
E02005342,691841,450500,297500,8.307671,374775.7934606085
E02005342,691842,451500,297500,7.809643,334358.6138608669
E02005342,691843,452500,297500,8.888153,619155.0659256497
E02005342,692526,445500,296500,7.863883,430081.3882569093
E02005342,692527,446500,296500,8.099219,524454.6107113825
E02005342,692528,447500,296500,7.846087,312885.990607021
E02005342,692529,448500,296500,8.514929,430992.44863124925
E02005342,692530,449500,296500,8.062542,839443.365333029
E02005342,692531,450500,296500,7.348534,999891.6356730409
E02005342,692532,451500,296500,7.930187,909258.2690161312
E02005342,692533,452500,296500,7.803295,745932.7120850516
E02005342,692534,453500,296500,7.735205,641260.3173628924
E02005342,692535,454500,296500,8.253247,219295.35709199804
E02005342,692536,455500,296500,11.15696,84623.2800437321
E02005342,693215,444500,295500,7.871057,30127.273567220054
E02005342,693216,445500,295500,7.56827,898569.9862378173
E02005342,693217,446500,295500,7.670696,1000000.0
E02005342,693218,447500,295500,9.085377,703446.6616810188
E02005342,693219,448500,295500,8.8256,208492.872805176
E02005342,693220,449500,295500,7.489527,255585.29594897205
E02005342,693221,450500,295500,7.134348,779817.0057863527
E02005342,693222,451500,295500,7.399515,967460.7039313285
E02005342,693223,452500,295500,8.703575,708327.0566179699
E02005342,693224,453500,295500,7.106245,1000000.0
E02005342,693225,454500,295500,7.63263,993716.3318096108
E02005342,693226,455500,295500,10.37063,94311.59682082779
E02005342,693906,445500,294500,7.614397,637365.9499591523
E02005342,693907,446500,294500,8.640456,417733.7549085393
E02005342,693908,447500,294500,7.643683,4154.216722807855
E02005342,693911,450500,294500,6.872231,234954.45200769522
E02005342,693912,451500,294500,6.88939,369599.4750881677
E02005342,693913,452500,294500,6.878638,4968.3989385942095
E02005342,693914,453500,294500,6.642346,687614.8140991256
E02005342,693915,454500,294500,7.088528,957184.9914988138
E02005342,693916,455500,294500,9.000827,307772.5113768953
E02005342,694604,453500,293500,6.642055,148045.41240380734
E02005342,694605,454500,293500,6.551907,991623.3401193966
E02005342,694606,455500,293500,8.672937,672791.930604144
E02005342,695295,454500,292500,6.458707,410881.55684251135
E02005342,695296,455500,292500,7.966829,383483.4682018112
E02005344,692529,448500,296500,8.514929,27743.163621423635
E02005344,693218,447500,295500,9.085377,296553.3383189813
E02005344,693219,448500,295500,8.8256,791507.1271948239
E02005344,693220,449500,295500,7.489527,744414.7040510279
E02005344,693221,450500,295500,7.134348,220182.99421364738
E02005344,693906,445500,294500,7.614397,231176.46539223508
E02005344,693907,446500,294500,8.640456,582266.2450914606
E02005344,693908,447500,294500,7.643683,995845.7832771922
E02005344,693909,448500,294500,7.390604,1000000.0
E02005344,693910,449500,294500,7.141122,1000000.0
E02005344,693911,450500,294500,6.872231,765045.5479923048
E02005344,693912,451500,294500,6.88939,61864.65361913343
E02005344,694596,445500,293500,8.000465,713132.5459239152
E02005344,694597,446500,293500,8.702786,1000000.0
E02005344,694598,447500,293500,7.29877,1000000.0
E02005344,694599,448500,293500,7.222659,1000000.0
E02005344,694600,449500,293500,6.97244,1000000.0
E02005344,694601,450500,293500,6.813432,736236.5930117284
E02005344,694602,451500,293500,6.798785,4620.149238576309
E02005344,695286,445500,292500,9.08305,514846.3234847556
E02005344,695287,446500,292500,7.386886,1000000.0
E02005344,695288,447500,292500,6.934471,1000000.0
E02005344,695289,448500,292500,6.839407,1000000.0
E02005344,695290,449500,292500,6.664919,934666.3993106323
E02005344,695291,450500,292500,6.484113,110480.7509197414
E02005344,695976,445500,291500,7.627041,87754.87805997414
E02005344,695977,446500,291500,7.043298,950785.9263582185
E02005344,695978,447500,291500,6.887598,1000000.0
E02005344,695979,448500,291500,6.68018,1000000.0
E02005344,695980,449500,291500,6.433565,356208.35035627556
E02005344,696667,446500,290500,6.92756,750579.7704257808
E02005344,696668,447500,290500,6.715741,1000000.0
E02005344,696669,448500,290500,6.474103,652910.4845536915
E02005344,696670,449500,290500,6.301585,180.80357580275202
E02005344,697356,445500,289500,7.260981,11555.249249369537
E02005344,697357,446500,289500,6.992102,845155.0928270287
E02005344,697358,447500,289500,6.620752,880961.7564831569
E02005344,697359,448500,289500,6.367607,57869.37900919487
E02005344,698047,446500,288500,6.659086,35470.27114865871
E02005344,698048,447500,288500,6.81095,146804.60292454532
E02005349,675277,446500,321500,7.200035,47420.41997098825
E02005349,675278,447500,321500,8.150023,84.77354272698378
E02005349,675966,445500,320500,6.900763,210917.42721616908
E02005349,675967,446500,320500,6.941854,999441.7308960215
E02005349,675968,447500,320500,7.652784,930277.2882666171
E02005349,675969,448500,320500,10.36662,324794.58165047603
E02005349,676656,445500,319500,6.725472,589671.5958244056
E02005349,676657,446500,319500,7.152584,1000000.0
E02005349,676658,447500,319500,8.610551,881085.4614011899
E02005349,676659,448500,319500,11.12033,7409.378244992873
E02005349,677345,444500,318500,6.778891,1877.23482015396
E02005349,677346,445500,318500,6.885316,907282.4318900858
E02005349,677347,446500,318500,7.39257,1000000.0
E02005349,677348,447500,318500,10.36426,547121.5684567835
E02005349,678036,445500,317500,6.766058,426068.65608668834
E02005349,678037,446500,317500,6.993652,918298.1200528141
E02005349,678038,447500,317500,7.671133,302062.54562715953
E02005349,678727,446500,316500,7.06055,15765.883498065376
E02005349,678728,447500,316500,7.26557,16335.433500592822
E02005350,675969,448500,320500,10.36662,577198.7831387228
E02005350,675970,449500,320500,8.621634,754619.6872501014
E02005350,675971,450500,320500,8.369596,3359.8268935688775
E02005350,676658,447500,319500,8.610551,118914.53859881008
E02005350,676659,448500,319500,11.12033,992590.6217550071
E02005350,676660,449500,319500,9.442743,677768.9557070859
E02005350,677348,447500,318500,10.36426,452878.43154321646
E02005350,677349,448500,318500,11.28209,1000000.0
E02005350,677350,449500,318500,10.916,177071.02056754762
E02005350,678038,447500,317500,7.671133,697937.4543728405
E02005350,678039,448500,317500,8.248462,1000000.0
E02005350,678040,449500,317500,9.322938,183925.50729412807
E02005350,678728,447500,316500,7.26557,588262.5893993736
E02005350,678729,448500,316500,9.22653,999999.7525855796
E02005350,678730,449500,316500,7.589156,340247.6984381668
E02005350,679418,447500,315500,7.311819,111285.30074933523
E02005350,679419,448500,315500,9.531368,319434.8949640152
E02005372,693919,458500,294500,6.600955,169028.5105779062
E02005372,693920,459500,294500,6.34358,407328.85629762395
E02005372,693921,460500,294500,6.164284,131140.4593924123
E02005372,693922,461500,294500,6.139472,105936.47430795591
E02005372,693923,462500,294500,5.996017,2510.2597086946985
E02005372,694607,456500,293500,7.068921,221240.0469164923
E02005372,694608,457500,293500,6.653231,324715.17627945286
E02005372,694609,458500,293500,6.478677,783889.5198746085
E02005372,694610,459500,293500,6.231072,1000000.0
E02005372,694611,460500,293500,6.081777,972066.7120226177
E02005372,694612,461500,293500,6.081854,983967.8759796652
E02005372,694613,462500,293500,5.924641,829537.725969034
E02005372,694614,463500,293500,5.907661,9037.330696401568
E02005372,695290,449500,292500,6.664919,65333.600689367704
E02005372,695291,450500,292500,6.484113,515943.2708246966
E02005372,695292,451500,292500,6.374123,20469.752612663473
E02005372,695295,454500,292500,6.458707,454113.0542437301
E02005372,695296,455500,292500,7.966829,576973.0964905403
E02005372,695297,456500,292500,8.018019,943148.5255506758
E02005372,695298,457500,292500,6.757578,1000000.0
E02005372,695299,458500,292500,6.291719,1000000.0
E02005372,695300,459500,292500,6.127269,1000000.0
E02005372,695301,460500,292500,5.945429,1000000.0
E02005372,695302,461500,292500,5.99338,1000000.0
E02005372,695303,462500,292500,5.831485,1000000.0
E02005372,695304,463500,292500,5.771416,248859.90723406256
E02005372,695980,449500,291500,6.433565,643791.6496437244
E02005372,695981,450500,291500,6.273356,1000000.0
E02005372,695982,451500,291500,6.195453,870244.4354682142
E02005372,695983,452500,291500,6.27674,517541.983831591
E02005372,695984,453500,291500,6.355194,422118.32998034987
E02005372,695985,454500,291500,6.336123,993122.9351672037
E02005372,695986,455500,291500,8.536723,1000000.0
E02005372,695987,456500,291500,7.559331,1000000.0
E02005372,695988,457500,291500,6.505539,1000000.0
E02005372,695989,458500,291500,6.150152,1000000.0
E02005372,695990,459500,291500,5.982331,1000000.0
E02005372,695991,460500,291500,5.81916,1000000.0
E02005372,695992,461500,291500,5.702717,1000000.0
E02005372,695993,462500,291500,5.791471,1000000.0
E02005372,695994,463500,291500,5.631859,802951.4933464542
E02005372,696669,448500,290500,6.474103,347089.5154463085
E02005372,696670,449500,290500,6.301585,999819.1964241973
E02005372,696671,450500,290500,6.245136,1000000.0
E02005372,696672,451500,290500,6.100237,1000000.0
E02005372,696673,452500,290500,6.132262,1000000.0
E02005372,696674,453500,290500,6.048053,1000000.0
E02005372,696675,454500,290500,6.381191,1000000.0
E02005372,696676,455500,290500,8.939009,1000000.0
E02005372,696677,456500,290500,6.972128,1000000.0
E02005372,696678,457500,290500,6.33418,1000000.0
E02005372,696679,458500,290500,6.082151,1000000.0
E02005372,696680,459500,290500,5.875798,1000000.0
E02005372,696681,460500,290500,5.786963,1000000.0
E02005372,696682,461500,290500,5.650857,1000000.0
E02005372,696683,462500,290500,5.688726,857731.6723211049
E02005372,696684,463500,290500,5.577097,698253.7922038924
E02005372,697358,447500,289500,6.620752,119038.24351684304
E02005372,697359,448500,289500,6.367607,942130.6209908052
E02005372,697360,449500,289500,6.227045,1000000.0
E02005372,697361,450500,289500,6.115213,1000000.0
E02005372,697362,451500,289500,5.987252,1000000.0
E02005372,697363,452500,289500,5.990517,1000000.0
E02005372,697364,453500,289500,5.997351,1000000.0
E02005372,697365,454500,289500,6.393363,1000000.0
E02005372,697366,455500,289500,8.610553,1000000.0
E02005372,697367,456500,289500,6.678709,1000000.0
E02005372,697368,457500,289500,6.206272,1000000.0
E02005372,697369,458500,289500,6.042305,1000000.0
E02005372,697370,459500,289500,5.825546,1000000.0
E02005372,697371,460500,289500,5.785311,1000000.0
E02005372,697372,461500,289500,5.634865,715575.2645843566
E02005372,697373,462500,289500,5.479569,6548.728723522638
E02005372,698048,447500,288500,6.81095,537448.3839406259
E02005372,698049,448500,288500,6.37197,1000000.0
E02005372,698050,449500,288500,6.293304,1000000.0
E02005372,698051,450500,288500,6.090606,1000000.0
E02005372,698052,451500,288500,5.929444,1000000.0
E02005372,698053,452500,288500,5.982204,1000000.0
E02005372,698054,453500,288500,6.016006,1000000.0
E02005372,698055,454500,288500,7.484454,1000000.0
E02005372,698056,455500,288500,7.530998,1000000.0
E02005372,698057,456500,288500,6.431649,1000000.0
E02005372,698058,457500,288500,6.157051,1000000.0
E02005372,698059,458500,288500,5.936759,1000000.0
E02005372,698060,459500,288500,5.706016,1000000.0
E02005372,698061,460500,288500,5.647328,1000000.0
E02005372,698062,461500,288500,5.525348,966851.1818396547
E02005372,698063,462500,288500,5.414705,30343.78737401971
E02005372,698738,447500,287500,6.397008,41337.48506007944
E02005372,698739,448500,287500,6.521901,821760.2567368445
E02005372,698740,449500,287500,6.150436,1000000.0
E02005372,698741,450500,287500,6.157556,1000000.0
E02005372,698742,451500,287500,5.951898,1000000.0
E02005372,698743,452500,287500,5.951777,1000000.0
E02005372,698744,453500,287500,6.155245,1000000.0
E02005372,698745,454500,287500,8.232602,730130.6950262885
E02005372,698746,455500,287500,6.84021,995848.7140642478
E02005372,698747,456500,287500,6.26449,1000000.0
E02005372,698748,457500,287500,6.173104,1000000.0
E02005372,698749,458500,287500,5.805028,1000000.0
E02005372,698750,459500,287500,5.673232,1000000.0
E02005372,698751,460500,287500,5.518186,1000000.0
E02005372,698752,461500,287500,5.396047,971723.7463866759
E02005372,698753,462500,287500,5.319053,87864.02321890628
E02005372,699429,448500,286500,6.35542,159432.583426731
E02005372,699430,449500,286500,6.275691,956881.7025287874
E02005372,699431,450500,286500,6.045869,1000000.0
E02005372,699432,451500,286500,6.068733,1000000.0
E02005372,699433,452500,286500,6.138115,1000000.0
E02005372,699434,453500,286500,6.380055,1000000.0
E02005372,699435,454500,286500,8.464976,140697.48365160832
E02005372,699436,455500,286500,6.92301,619578.1362003662
E02005372,699437,456500,286500,6.264645,1000000.0
E02005372,699438,457500,286500,6.009946,1000000.0
E02005372,699439,458500,286500,5.795721,1000000.0
E02005372,699440,459500,286500,5.640289,1000000.0
E02005372,699441,460500,286500,5.487839,1000000.0
E02005372,699442,461500,286500,5.358522,1000000.0
E02005372,699443,462500,286500,5.347212,389293.7058411554
E02005372,700120,449500,285500,6.400625,382487.7723038662
E02005372,700121,450500,285500,6.418287,1000000.0
E02005372,700122,451500,285500,6.73901,1000000.0
E02005372,700123,452500,285500,6.467892,997735.6378846338
E02005372,700124,453500,285500,6.741335,677593.9065718136
E02005372,700125,454500,285500,9.19193,10228.93264995495
E02005372,700126,455500,285500,7.151724,379796.29267777945
E02005372,700127,456500,285500,6.335011,1000000.0
E02005372,700128,457500,285500,5.971148,1000000.0
E02005372,700129,458500,285500,5.718042,1000000.0
E02005372,700130,459500,285500,5.582518,1000000.0
E02005372,700131,460500,285500,5.426388,1000000.0
E02005372,700132,461500,285500,5.338327,730318.5888498995
E02005372,700133,462500,285500,5.386863,37052.95177905167
E02005372,700810,449500,284500,6.176622,181.1732711794442
E02005372,700811,450500,284500,7.114329,551255.5941277199
E02005372,700812,451500,284500,9.522755,771242.6399895594
E02005372,700813,452500,284500,7.400823,461597.16545878316
E02005372,700816,455500,284500,7.962582,683541.8568316981
E02005372,700817,456500,284500,6.482562,1000000.0
E02005372,700818,457500,284500,5.994796,1000000.0
E02005372,700819,458500,284500,5.754248,1000000.0
E02005372,700820,459500,284500,5.565663,963967.3738505766
E02005372,700821,460500,284500,5.456333,194908.14183651665
E02005372,700822,461500,284500,5.388141,42.73174259835286
E02005372,701504,453500,283500,7.131299,91762.34900066172
E02005372,701505,454500,283500,8.570242,251051.88264242632
E02005372,701506,455500,283500,8.099966,983573.9362132277
E02005372,701507,456500,283500,6.642995,1000000.0
E02005372,701508,457500,283500,6.15573,1000000.0
E02005372,701509,458500,283500,5.880941,978969.6206707503
E02005372,701510,459500,283500,5.712599,439046.24826958886
E02005372,702193,452500,282500,6.824648,537566.5010584332
E02005372,702194,453500,282500,7.095999,924057.9519880725
E02005372,702195,454500,282500,8.782884,986982.3113668691
E02005372,702196,455500,282500,7.151736,1000000.0
E02005372,702197,456500,282500,6.420681,1000000.0
E02005372,702198,457500,282500,6.009099,1000000.0
E02005372,702199,458500,282500,5.73537,605451.5414172445
E02005372,702883,452500,281500,7.342841,552534.23642501
E02005372,702884,453500,281500,7.428874,1000000.0
E02005372,702885,454500,281500,9.08268,1000000.0
E02005372,702886,455500,281500,7.926666,1000000.0
E02005372,702887,456500,281500,6.567938,1000000.0
E02005372,702888,457500,281500,6.077205,1000000.0
E02005372,702889,458500,281500,5.766263,927706.3806206558
E02005372,702890,459500,281500,5.560126,25336.044790756765
E02005372,703573,452500,280500,8.223642,56781.181415895204
E02005372,703574,453500,280500,8.637528,919140.7665232891
E02005372,703575,454500,280500,8.294741,1000000.0
E02005372,703576,455500,280500,8.466511,1000000.0
E02005372,703577,456500,280500,6.674234,1000000.0
E02005372,703578,457500,280500,6.14689,1000000.0
E02005372,703579,458500,280500,5.820125,1000000.0
E02005372,703580,459500,280500,5.58252,376755.57336685876
E02005372,704264,453500,279500,8.007194,434968.6330277092
E02005372,704265,454500,279500,7.208914,1000000.0
E02005372,704266,455500,279500,8.260158,1000000.0
E02005372,704267,456500,279500,7.143827,1000000.0
E02005372,704268,457500,279500,6.445347,1000000.0
E02005372,704269,458500,279500,5.895511,927039.5323805857
E02005372,704270,459500,279500,5.603509,34254.77332738888
E02005372,704954,453500,278500,8.475781,24408.588556218718
E02005372,704955,454500,278500,8.293611,865014.4417058558
E02005372,704956,455500,278500,8.354407,1000000.0
E02005372,704957,456500,278500,9.469412,967122.5345323327
E02005372,704958,457500,278500,7.387985,759386.9582666034
E02005372,704959,458500,278500,6.144837,491373.4229943315
E02005372,705645,454500,277500,6.837759,78488.4014164414
E02005372,705646,455500,277500,6.634056,371325.0273981387
E02005372,705647,456500,277500,8.621768,165509.75812676386
E02005377,680799,448500,313500,9.886036,44278.05394429961
E02005377,681487,446500,312500,7.867072,135668.69148656502
E02005377,681488,447500,312500,11.07096,479838.19971707225
E02005377,681489,448500,312500,8.213663,338732.4415063002
E02005377,682175,444500,311500,9.856399,81906.63389279654
E02005377,682176,445500,311500,9.57414,483424.5145822304
E02005377,682177,446500,311500,8.230299,935131.4003703335
E02005377,682178,447500,311500,10.55167,1000000.0
E02005377,682179,448500,311500,8.145292,682295.8708885872
E02005377,682180,449500,311500,7.301787,4939.218071282795
E02005377,682864,443500,310500,9.968204,1010.7642825125253
E02005377,682865,444500,310500,7.889438,821886.9588430043
E02005377,682866,445500,310500,8.757515,1000000.0
E02005377,682867,446500,310500,7.463543,1000000.0
E02005377,682868,447500,310500,7.935132,1000000.0
E02005377,682869,448500,310500,9.265383,879042.548627446
E02005377,682870,449500,310500,8.157705,225014.85940461524
E02005377,683554,443500,309500,6.616946,501338.3742097577
E02005377,683555,444500,309500,7.621944,987103.4428617775
E02005377,683556,445500,309500,6.759041,1000000.0
E02005377,683557,446500,309500,6.800147,1000000.0
E02005377,683558,447500,309500,7.068596,1000000.0
E02005377,683559,448500,309500,9.224183,1000000.0
E02005377,683560,449500,309500,8.109922,966509.7294412976
E02005377,683561,450500,309500,7.88887,203038.25858921616
E02005377,684244,443500,308500,6.232576,626577.8020023907
E02005377,684245,444500,308500,6.501263,1000000.0
E02005377,684246,445500,308500,6.563354,1000000.0
E02005377,684247,446500,308500,6.702893,1000000.0
E02005377,684248,447500,308500,6.885376,1000000.0
E02005377,684249,448500,308500,9.08182,610569.0098935982
E02005377,684250,449500,308500,7.759648,485323.5342796402
E02005377,684251,450500,308500,8.127152,438736.05651804514
E02005377,684934,443500,307500,6.1442,522151.6885966435
E02005377,684935,444500,307500,6.25389,1000000.0
E02005377,684936,445500,307500,6.620873,1000000.0
E02005377,684937,446500,307500,6.884443,1000000.0
E02005377,684938,447500,307500,6.819954,1000000.0
E02005377,684939,448500,307500,7.069498,735524.7447684219
E02005377,684940,449500,307500,9.254865,18564.632570948066
E02005377,684941,450500,307500,8.972116,27666.104231332283
E02005377,685624,443500,306500,6.137351,7056.953241576182
E02005377,685625,444500,306500,6.39665,562136.1195059965
E02005377,685626,445500,306500,7.857769,999771.4895319602
E02005377,685627,446500,306500,6.828356,1000000.0
E02005377,685628,447500,306500,6.781537,992170.8825508204
E02005377,685629,448500,306500,6.897009,492365.44960084464
E02005377,686316,445500,305500,6.573984,109397.56283615131
E02005377,686317,446500,305500,6.722976,930307.9096227026
E02005377,686318,447500,305500,6.764347,257529.69075418243
E02005377,687006,445500,304500,6.5091,150.2231830222117
E02005377,687007,446500,304500,6.573023,128320.86516493437
E02005380,683546,435500,309500,5.358553,328.16163080498313
E02005380,683549,438500,309500,5.328656,277571.20125956036
E02005380,683550,439500,309500,5.491296,237663.0348220324
E02005380,683553,442500,309500,6.174411,93318.30939454441
E02005380,683554,443500,309500,6.616946,68688.24619321886
E02005380,684233,432500,308500,5.369625,158169.0793546124
E02005380,684234,433500,308500,5.311012,737124.4480637879
E02005380,684235,434500,308500,5.647403,315244.4344632165
E02005380,684236,435500,308500,5.348727,617130.5798378189
E02005380,684237,436500,308500,5.273985,18518.203146782147
E02005380,684238,437500,308500,5.33596,166.07777212764105
E02005380,684239,438500,308500,5.335807,901363.9190369949
E02005380,684240,439500,308500,5.448359,920820.6122727228
E02005380,684241,440500,308500,5.789954,538473.4192008117
E02005380,684242,441500,308500,5.927732,691791.0686615559
E02005380,684243,442500,308500,6.046618,970683.8175731777
E02005380,684244,443500,308500,6.232576,371936.17799728044
E02005380,684921,430500,307500,5.649232,351319.13380017516
E02005380,684922,431500,307500,5.476325,772223.0317272748
E02005380,684923,432500,307500,5.287805,986132.3173957984
E02005380,684924,433500,307500,5.303996,1000000.0
E02005380,684925,434500,307500,5.373799,1000000.0
E02005380,684926,435500,307500,5.556176,1000000.0
E02005380,684927,436500,307500,5.536051,883638.1456001111
E02005380,684928,437500,307500,5.525299,634834.9661808461
E02005380,684929,438500,307500,5.372958,999823.2579234212
E02005380,684930,439500,307500,5.445094,1000000.0
E02005380,684931,440500,307500,5.585476,1000000.0
E02005380,684932,441500,307500,6.031691,1000000.0
E02005380,684933,442500,307500,6.020327,1000000.0
E02005380,684934,443500,307500,6.1442,477848.3114033565
E02005380,685611,430500,306500,5.552487,147942.2030408786
E02005380,685612,431500,306500,5.512646,996940.4203579304
E02005380,685613,432500,306500,5.464974,1000000.0
E02005380,685614,433500,306500,5.39404,1000000.0
E02005380,685615,434500,306500,5.276456,1000000.0
E02005380,685616,435500,306500,5.280674,1000000.0
E02005380,685617,436500,306500,5.304809,1000000.0
E02005380,685618,437500,306500,5.707883,1000000.0
E02005380,685619,438500,306500,5.458841,1000000.0
E02005380,685620,439500,306500,5.552426,1000000.0
E02005380,685621,440500,306500,5.652547,1000000.0
E02005380,685622,441500,306500,5.956384,1000000.0
E02005380,685623,442500,306500,5.936574,1000000.0
E02005380,685624,443500,306500,6.137351,992943.0467584238
E02005380,685625,444500,306500,6.39665,256427.87588767183
E02005380,686301,430500,305500,5.493348,85730.01861898211
E02005380,686302,431500,305500,5.334765,997412.1117702873
E02005380,686303,432500,305500,5.246591,1000000.0
E02005380,686304,433500,305500,5.560739,1000000.0
E02005380,686305,434500,305500,5.369477,1000000.0
E02005380,686306,435500,305500,5.242567,1000000.0
E02005380,686307,436500,305500,5.396369,1000000.0
E02005380,686308,437500,305500,5.706343,1000000.0
E02005380,686309,438500,305500,5.49402,1000000.0
E02005380,686310,439500,305500,5.538476,1000000.0
E02005380,686311,440500,305500,5.674577,1000000.0
E02005380,686312,441500,305500,5.96158,1000000.0
E02005380,686313,442500,305500,6.211594,1000000.0
E02005380,686314,443500,305500,6.17941,876154.035182494
E02005380,686315,444500,305500,6.4203,285595.3405954903
E02005380,686990,429500,304500,5.726325,342809.55702592665
E02005380,686991,430500,304500,5.545095,860140.9253402144
E02005380,686992,431500,304500,5.359516,1000000.0
E02005380,686993,432500,304500,5.273844,1000000.0
E02005380,686994,433500,304500,5.533026,1000000.0
E02005380,686995,434500,304500,5.393071,1000000.0
E02005380,686996,435500,304500,5.254185,1000000.0
E02005380,686997,436500,304500,5.269557,763527.1485813315
E02005380,686998,437500,304500,5.634201,990693.2703529877
E02005380,686999,438500,304500,5.807065,1000000.0
E02005380,687000,439500,304500,5.672376,1000000.0
E02005380,687001,440500,304500,5.719444,1000000.0
E02005380,687002,441500,304500,5.772433,1000000.0
E02005380,687003,442500,304500,6.127509,1000000.0
E02005380,687004,443500,304500,6.216237,713537.7288149082
E02005380,687005,444500,304500,6.631948,1173.3254596553445
E02005380,687680,429500,303500,5.789605,539632.2338909671
E02005380,687681,430500,303500,5.586491,1000000.0
E02005380,687682,431500,303500,5.387665,1000000.0
E02005380,687683,432500,303500,5.281948,1000000.0
E02005380,687684,433500,303500,5.434095,1000000.0
E02005380,687685,434500,303500,5.42565,997271.5897256904
E02005380,687686,435500,303500,5.343111,576693.971715953
E02005380,687687,436500,303500,5.236395,2521.3483242905704
E02005380,687688,437500,303500,5.292859,121677.14360297644
E02005380,687689,438500,303500,5.501285,902409.8761607762
E02005380,687690,439500,303500,6.004791,1000000.0
E02005380,687691,440500,303500,5.963326,1000000.0
E02005380,687692,441500,303500,5.889297,1000000.0
E02005380,687693,442500,303500,6.178299,1000000.0
E02005380,687694,443500,303500,6.342228,350492.3296483705
E02005380,688370,429500,302500,5.87154,326704.31196163973
E02005380,688371,430500,302500,5.64198,989477.2496572412
E02005380,688372,431500,302500,5.475468,1000000.0
E02005380,688373,432500,302500,5.458173,1000000.0
E02005380,688374,433500,302500,5.520788,1000000.0
E02005380,688375,434500,302500,5.406834,399388.4436186452
E02005380,688378,437500,302500,5.258657,60661.066119868345
E02005380,688379,438500,302500,5.694714,978976.1440236967
E02005380,688380,439500,302500,5.774433,1000000.0
E02005380,688381,440500,302500,5.765574,1000000.0
E02005380,688382,441500,302500,5.720791,1000000.0
E02005380,688383,442500,302500,6.213768,1000000.0
E02005380,688384,443500,302500,7.532095,762146.5947050123
E02005380,689061,430500,301500,5.814918,837232.7779375974
E02005380,689062,431500,301500,5.665195,1000000.0
E02005380,689063,432500,301500,5.778831,1000000.0
E02005380,689064,433500,301500,5.664961,1000000.0
E02005380,689065,434500,301500,5.475119,348377.2066114159
E02005380,689068,437500,301500,5.380716,76334.25110651234
E02005380,689069,438500,301500,5.82334,797700.4521505665
E02005380,689070,439500,301500,5.68443,988329.7161692233
E02005380,689071,440500,301500,5.726364,641640.9462567635
E02005380,689072,441500,301500,5.776542,533178.6563415558
E02005380,689073,442500,301500,6.148382,428130.9858667735
E02005380,689074,443500,301500,6.227437,439963.92129034427
E02005380,689750,429500,300500,6.447141,14438.8669041851
E02005380,689751,430500,300500,6.16368,940745.5631031534
E02005380,689752,431500,300500,6.023028,1000000.0
E02005380,689753,432500,300500,5.937229,992054.1023052232
E02005380,689754,433500,300500,5.661325,387763.8913638271
E02005380,689755,434500,300500,5.596575,42945.853535739494
E02005380,689759,438500,300500,5.600811,38672.0127975316
E02005380,689760,439500,300500,6.101301,108753.89474108472
E02005380,690440,429500,299500,7.092872,11952.282961858142
E02005380,690441,430500,299500,6.670575,445133.5684510967
E02005380,690442,431500,299500,6.526471,765650.1817361611
E02005380,690443,432500,299500,6.267776,212595.8839453088
E02005380,690444,433500,299500,5.927186,89.27338773965548
E02005381,685625,444500,306500,6.39665,181436.00460633173
E02005381,685626,445500,306500,7.857769,228.51046803983454
E02005381,685628,447500,306500,6.781537,7829.11744917961
E02005381,685629,448500,306500,6.897009,152139.0554168018
E02005381,686314,443500,305500,6.17941,123845.964817506
E02005381,686315,444500,305500,6.4203,714404.6594045097
E02005381,686316,445500,305500,6.573984,890602.4371638487
E02005381,686317,446500,305500,6.722976,69692.09037729743
E02005381,686318,447500,305500,6.764347,742470.3092458177
E02005381,686319,448500,305500,6.888034,980941.1373959229
E02005381,686320,449500,305500,7.111352,645426.2482672397
E02005381,686321,450500,305500,8.328015,5215.6630634014
E02005381,687004,443500,304500,6.216237,286462.2711850918
E02005381,687005,444500,304500,6.631948,998826.6745403446
E02005381,687006,445500,304500,6.5091,999849.7768169778
E02005381,687007,446500,304500,6.573023,871679.1348350657
E02005381,687008,447500,304500,6.761606,1000000.0
E02005381,687009,448500,304500,6.981272,1000000.0
E02005381,687010,449500,304500,7.167864,1000000.0
E02005381,687011,450500,304500,7.567412,541312.4261283238
E02005381,687012,451500,304500,8.386057,140849.09550383256
E02005381,687694,443500,303500,6.342228,649507.6703516295
E02005381,687695,444500,303500,6.730627,1000000.0
E02005381,687696,445500,303500,6.618509,1000000.0
E02005381,687697,446500,303500,6.640447,1000000.0
E02005381,687698,447500,303500,7.139274,1000000.0
E02005381,687699,448500,303500,7.181641,1000000.0
E02005381,687700,449500,303500,7.132955,999981.4491528029
E02005381,687701,450500,303500,7.309679,237024.58359874872
E02005381,688384,443500,302500,7.532095,237853.40529498772
E02005381,688385,444500,302500,6.351059,1000000.0
E02005381,688386,445500,302500,6.402753,1000000.0
E02005381,688387,446500,302500,6.537455,1000000.0
E02005381,688388,447500,302500,7.110715,1000000.0
E02005381,688389,448500,302500,7.108263,1000000.0
E02005381,688390,449500,302500,7.285706,870483.4752600396
E02005381,688391,450500,302500,7.387056,256584.9782589479
E02005381,689073,442500,301500,6.148382,18299.7014241698
E02005381,689074,443500,301500,6.227437,560014.0684498072
E02005381,689075,444500,301500,6.261153,1000000.0
E02005381,689076,445500,301500,6.416172,1000000.0
E02005381,689077,446500,301500,6.570612,1000000.0
E02005381,689078,447500,301500,6.818554,1000000.0
E02005381,689079,448500,301500,8.56369,969759.3397790465
E02005381,689080,449500,301500,7.329256,99907.29482187393
E02005381,689763,442500,300500,6.077388,230375.80683207107
E02005381,689764,443500,300500,6.45025,1000000.0
E02005381,689765,444500,300500,6.354603,1000000.0
E02005381,689766,445500,300500,6.600284,1000000.0
E02005381,689767,446500,300500,6.646332,1000000.0
E02005381,689768,447500,300500,6.799871,1000000.0
E02005381,689769,448500,300500,7.065736,911495.1860268163
E02005381,689770,449500,300500,7.212324,94479.39129369879
E02005381,690453,442500,299500,6.203174,488194.9239025126
E02005381,690454,443500,299500,6.598429,1000000.0
E02005381,690455,444500,299500,6.506364,1000000.0
E02005381,690456,445500,299500,6.667161,760693.045024982
E02005381,690457,446500,299500,6.831275,841482.7267504641
E02005381,690458,447500,299500,7.081657,815374.2944221742
E02005381,690459,448500,299500,7.152476,129144.95359378199
E02005381,691142,441500,298500,6.559691,82799.42772397006
E02005381,691143,442500,298500,6.463397,982282.9177843202
E02005381,691144,443500,298500,6.938245,781711.9961988692
E02005381,691145,444500,298500,6.925241,187489.68179358932
E02005381,691146,445500,298500,7.07317,14017.902479909022
E02005381,691832,441500,297500,6.595928,5235.660481822208
E02005381,691833,442500,297500,6.691277,244982.36930838873
E02005381,691834,443500,297500,7.250793,96117.1489559978
E02005382,690457,446500,299500,6.831275,134480.27793842324
E02005382,690458,447500,299500,7.081657,116244.33774398721
E02005382,690459,448500,299500,7.152476,2963.163764073784
E02005382,691146,445500,298500,7.07317,70984.44981481976
E02005382,691147,446500,298500,7.295241,968880.3207152078
E02005382,691148,447500,298500,7.530605,820869.8760600558
E02005382,691149,448500,298500,7.145028,42300.21917983914
E02005382,691836,445500,297500,8.02649,682498.5403386091
E02005382,691837,446500,297500,8.220074,1000000.0
E02005382,691838,447500,297500,7.777191,1000000.0
E02005382,691839,448500,297500,7.303555,940677.8879518191
E02005382,691840,449500,297500,8.260957,441307.81103185087
E02005382,692526,445500,296500,7.863883,127046.68571502957
E02005382,692527,446500,296500,8.099219,475545.38928861753
E02005382,692528,447500,296500,7.846087,687114.009392979
E02005382,692529,448500,296500,8.514929,541264.3877473271
E02005382,692530,449500,296500,8.062542,160556.63466697105
E02005383,690456,445500,299500,6.667161,239306.95497501796
E02005383,690457,446500,299500,6.831275,24036.9953111126
E02005383,691144,443500,298500,6.938245,218288.00380113084
E02005383,691145,444500,298500,6.925241,812510.3182064106
E02005383,691146,445500,298500,7.07317,914997.6477052713
E02005383,691147,446500,298500,7.295241,31119.67928479223
E02005383,691832,441500,297500,6.595928,204015.49014766348
E02005383,691833,442500,297500,6.691277,755017.6306916112
E02005383,691834,443500,297500,7.250793,903882.8510440022
E02005383,691835,444500,297500,8.007717,1000000.0
E02005383,691836,445500,297500,8.02649,317501.45966139087
E02005383,692522,441500,296500,6.983411,110143.0509500388
E02005383,692523,442500,296500,7.362304,301647.96109480207
E02005383,692524,443500,296500,8.315255,795295.3260845065
E02005383,692525,444500,296500,8.289345,1000000.0
E02005383,692526,445500,296500,7.863883,442871.9260280611
E02005383,693214,443500,295500,8.989828,25736.80652695704
E02005383,693215,444500,295500,7.871057,322857.76296479476
E02005383,693216,445500,295500,7.56827,101392.24997898545
E02005384,686997,436500,304500,5.269557,236472.85141866835
E02005384,686998,437500,304500,5.634201,9306.729647012306
E02005384,687685,434500,303500,5.42565,2728.4102743096128
E02005384,687686,435500,303500,5.343111,423306.028284047
E02005384,687687,436500,303500,5.236395,997478.6516757095
E02005384,687688,437500,303500,5.292859,878322.8563970235
E02005384,687689,438500,303500,5.501285,97590.12383922373
E02005384,688375,434500,302500,5.406834,600611.5563813547
E02005384,688376,435500,302500,5.494078,1000000.0
E02005384,688377,436500,302500,5.274515,1000000.0
E02005384,688378,437500,302500,5.258657,939338.9338801316
E02005384,688379,438500,302500,5.694714,21023.855976303254
E02005384,689065,434500,301500,5.475119,651622.7933885842
E02005384,689066,435500,301500,5.553633,1000000.0
E02005384,689067,436500,301500,5.35942,1000000.0
E02005384,689068,437500,301500,5.380716,923665.7488934876
E02005384,689069,438500,301500,5.82334,202299.54784943355
E02005384,689070,439500,301500,5.68443,11670.283830776756
E02005384,689071,440500,301500,5.726364,358359.05374323647
E02005384,689072,441500,301500,5.776542,466821.34365844424
E02005384,689073,442500,301500,6.148382,553569.3127090568
E02005384,689074,443500,301500,6.227437,22.01025984843855
E02005384,689753,432500,300500,5.937229,7945.897694776828
E02005384,689754,433500,300500,5.661325,612236.1086361731
E02005384,689755,434500,300500,5.596575,957054.1464642604
E02005384,689756,435500,300500,5.71494,1000000.0
E02005384,689757,436500,300500,5.479222,1000000.0
E02005384,689758,437500,300500,5.470036,1000000.0
E02005384,689759,438500,300500,5.600811,961327.9872024683
E02005384,689760,439500,300500,6.101301,891246.1052589153
E02005384,689761,440500,300500,5.947799,1000000.0
E02005384,689762,441500,300500,6.008189,1000000.0
E02005384,689763,442500,300500,6.077388,769624.193167929
E02005384,690442,431500,299500,6.526471,147340.69133243524
E02005384,690443,432500,299500,6.267776,787404.1160546911
E02005384,690444,433500,299500,5.927186,999910.7266122604
E02005384,690445,434500,299500,5.777284,1000000.0
E02005384,690446,435500,299500,5.812274,1000000.0
E02005384,690447,436500,299500,5.633504,1000000.0
E02005384,690448,437500,299500,5.562448,1000000.0
E02005384,690449,438500,299500,5.669663,1000000.0
E02005384,690450,439500,299500,6.083542,1000000.0
E02005384,690451,440500,299500,6.376067,1000000.0
E02005384,690452,441500,299500,6.33096,1000000.0
E02005384,690453,442500,299500,6.203174,511805.0760974875
E02005384,691132,431500,298500,8.843088,120597.14657116431
E02005384,691133,432500,298500,6.699027,904504.886545282
E02005384,691134,433500,298500,6.167315,1000000.0
E02005384,691135,434500,298500,6.025723,1000000.0
E02005384,691136,435500,298500,6.068898,1000000.0
E02005384,691137,436500,298500,5.813876,1000000.0
E02005384,691138,437500,298500,5.768268,1000000.0
E02005384,691139,438500,298500,5.902826,1000000.0
E02005384,691140,439500,298500,6.30544,1000000.0
E02005384,691141,440500,298500,6.712798,1000000.0
E02005384,691142,441500,298500,6.559691,917200.57227603
E02005384,691143,442500,298500,6.463397,17717.082215679762
E02005384,691823,432500,297500,7.477525,672814.0897223412
E02005384,691824,433500,297500,6.503773,1000000.0
E02005384,691825,434500,297500,6.35463,1000000.0
E02005384,691826,435500,297500,6.360214,1000000.0
E02005384,691827,436500,297500,6.110277,1000000.0
E02005384,691828,437500,297500,6.09861,1000000.0
E02005384,691829,438500,297500,6.232307,1000000.0
E02005384,691830,439500,297500,7.051552,1000000.0
E02005384,691831,440500,297500,6.80885,1000000.0
E02005384,691832,441500,297500,6.595928,790748.8493705143
E02005384,692513,432500,296500,7.505433,41599.60217296627
E02005384,692514,433500,296500,7.265635,443711.28145061806
E02005384,692515,434500,296500,7.075616,894864.6336640024
E02005384,692516,435500,296500,6.770005,1000000.0
E02005384,692517,436500,296500,6.55028,1000000.0
E02005384,692518,437500,296500,6.655882,1000000.0
E02005384,692519,438500,296500,6.620493,1000000.0
E02005384,692520,439500,296500,7.041901,1000000.0
E02005384,692521,440500,296500,6.95437,1000000.0
E02005384,692522,441500,296500,6.983411,887775.8818035705
E02005384,692523,442500,296500,7.362304,100870.95704671343
E02005384,693205,434500,295500,7.343844,26931.353805425853
E02005384,693206,435500,295500,7.495433,393709.25352757826
E02005384,693207,436500,295500,7.34872,859379.2317782065
E02005384,693208,437500,295500,7.074181,1000000.0
E02005384,693209,438500,295500,7.004463,1000000.0
E02005384,693210,439500,295500,7.443563,1000000.0
E02005384,693211,440500,295500,7.33448,1000000.0
E02005384,693212,441500,295500,8.323553,998818.0726589457
E02005384,693213,442500,295500,9.108522,333473.1803841565
E02005384,693897,436500,294500,7.496444,7723.421389311224
E02005384,693898,437500,294500,7.655035,383853.817123575
E02005384,693899,438500,294500,7.596909,913044.1921163719
E02005384,693900,439500,294500,7.963504,844948.7386182763
E02005384,693901,440500,294500,8.597808,129367.09190049674
E02005384,693902,441500,294500,9.064196,69144.04304647543
E02005384,693903,442500,294500,10.24313,13314.740702059435
E02005384,694589,438500,293500,8.354126,60321.038179477175
E02005384,694590,439500,293500,9.241702,246767.0480552122
E02005385,692522,441500,296500,6.983411,2081.067246390704
E02005385,692523,442500,296500,7.362304,597481.0818584845
E02005385,692524,443500,296500,8.315255,204704.67391549353
E02005385,693213,442500,295500,9.108522,517379.7793600672
E02005385,693214,443500,295500,8.989828,971128.2666195425
E02005385,693215,444500,295500,7.871057,647014.9634679852
E02005385,693216,445500,295500,7.56827,37.763783197248905
E02005385,693904,443500,294500,9.504945,713391.4046076837
E02005385,693905,444500,294500,7.924928,674978.9232713877
E02005385,693906,445500,294500,7.614397,14235.937338366843
E02005385,694594,443500,293500,9.67062,78689.49291341484
E02005385,694595,444500,293500,8.429935,1322.6822366781828
E02005386,693213,442500,295500,9.108522,149147.04025577634
E02005386,693214,443500,295500,8.989828,3134.9268535003953
E02005386,693902,441500,294500,9.064196,1556.9465265302126
E02005386,693903,442500,294500,10.24313,722597.2116194316
E02005386,693904,443500,294500,9.504945,286608.59539231635
E02005386,694593,442500,293500,11.01761,300378.3375646864
E02005386,694594,443500,293500,9.67062,320875.4008166072
E02005387,693212,441500,295500,8.323553,1181.9273410543929
E02005387,693900,439500,294500,7.963504,155051.26138172369
E02005387,693901,440500,294500,8.597808,870632.9080995033
E02005387,693902,441500,294500,9.064196,877396.2360526116
E02005387,693903,442500,294500,10.24313,78599.90510477086
E02005387,694590,439500,293500,9.241702,370624.98549719166
E02005387,694591,440500,293500,11.18233,1000000.0
E02005387,694592,441500,293500,9.567625,328097.2053973304
E02005387,695280,439500,292500,8.514133,926.8666821198836
E02005387,695281,440500,292500,9.224239,326295.11367634404
E02005387,695282,441500,292500,10.66067,175825.26914633758
E02005388,693902,441500,294500,9.064196,51902.77437438256
E02005388,693903,442500,294500,10.24313,185488.1425737381
E02005388,694592,441500,293500,9.567625,655990.2249300147
E02005388,694593,442500,293500,11.01761,531683.303304259
E02005388,694594,443500,293500,9.67062,2048.0839905045377
E02005388,695282,441500,292500,10.66067,29179.816213468872
E02005389,693905,444500,294500,7.924928,325021.07672861224
E02005389,693906,445500,294500,7.614397,117221.64731024571
E02005389,694593,442500,293500,11.01761,110107.33610635901
E02005389,694594,443500,293500,9.67062,598387.0222794735
E02005389,694595,444500,293500,8.429935,998677.3177633218
E02005389,694596,445500,293500,8.000465,286867.4540760847
E02005389,695283,442500,292500,9.413565,110190.06207164767
E02005389,695284,443500,292500,9.147539,237212.46988526682
E02005389,695285,444500,292500,8.656056,514985.80169397563
E02005389,695286,445500,292500,9.08305,71609.91697749191
E02005390,694592,441500,293500,9.567625,15912.56967265508
E02005390,694593,442500,293500,11.01761,57831.02302469574
E02005390,695282,441500,292500,10.66067,673632.4694040057
E02005390,695283,442500,292500,9.413565,889809.9379283523
E02005390,695284,443500,292500,9.147539,762787.5301147331
E02005390,695285,444500,292500,8.656056,485014.1983060243
E02005390,695286,445500,292500,9.08305,413543.75953775254
E02005390,695972,441500,291500,8.670424,39035.46120695784
E02005390,695973,442500,291500,8.900414,519185.5142553043
E02005390,695974,443500,291500,9.268216,976817.6174498744
E02005390,695975,444500,291500,9.047962,1000000.0
E02005390,695976,445500,291500,7.627041,912245.1219400258
E02005390,695977,446500,291500,7.043298,49214.0736417815
E02005390,696664,443500,290500,8.904152,134740.4226253784
E02005390,696665,444500,290500,8.334041,701768.8885577348
E02005390,696666,445500,290500,7.226318,1000000.0
E02005390,696667,446500,290500,6.92756,249420.2295742192
E02005390,697355,444500,289500,7.309028,629.887047303475
E02005390,697356,445500,289500,7.260981,302440.20224703767
E02005390,697357,446500,289500,6.992102,23766.09508187619
E02005397,668377,446500,331500,11.32622,69290.55106058063
E02005397,668378,447500,331500,10.34763,50739.0444242552
E02005397,668379,448500,331500,10.28723,73642.11949270182
E02005397,668380,449500,331500,10.61526,18118.259292148203
E02005397,669065,444500,330500,9.695676,77602.91959754606
E02005397,669066,445500,330500,10.17385,232958.8576358128
E02005397,669067,446500,330500,12.3607,914864.5896006012
E02005397,669068,447500,330500,10.5533,943478.1349773139
E02005397,669069,448500,330500,9.632526,947180.6330927275
E02005397,669070,449500,330500,9.929476,227607.22836873666
E02005397,669754,443500,329500,10.01005,54143.09354431679
E02005397,669755,444500,329500,10.1961,884898.908551485
E02005397,669756,445500,329500,11.07203,1000000.0
E02005397,669757,446500,329500,11.10215,1000000.0
E02005397,669758,447500,329500,11.07041,1000000.0
E02005397,669759,448500,329500,9.4738,870367.7620600357
E02005397,669760,449500,329500,10.34765,49471.47721623501
E02005397,670443,442500,328500,8.221369,188397.00281757215
E02005397,670444,443500,328500,8.393046,858052.6825484327
E02005397,670445,444500,328500,9.88733,1000000.0
E02005397,670446,445500,328500,9.184065,1000000.0
E02005397,670447,446500,328500,9.749492,1000000.0
E02005397,670448,447500,328500,12.19757,964660.6561846435
E02005397,670449,448500,328500,10.34421,220004.0756104311
E02005397,671132,441500,327500,7.552817,372361.99168628646
E02005397,671133,442500,327500,7.688479,978948.9096570947
E02005397,671134,443500,327500,8.82983,1000000.0
E02005397,671135,444500,327500,9.616979,1000000.0
E02005397,671136,445500,327500,9.510318,1000000.0
E02005397,671137,446500,327500,9.940037,921813.1595299591
E02005397,671138,447500,327500,13.48611,44266.699878586645
E02005397,671821,440500,326500,7.057361,20914.4593579204
E02005397,671822,441500,326500,7.200316,875775.9203559844
E02005397,671823,442500,326500,7.656417,1000000.0
E02005397,671824,443500,326500,10.22342,1000000.0
E02005397,671825,444500,326500,11.12193,1000000.0
E02005397,671826,445500,326500,11.47425,999833.0734339156
E02005397,671827,446500,326500,13.20072,436062.37857105245
E02005397,672511,440500,325500,6.884001,207208.6516556753
E02005397,672512,441500,325500,7.209603,993364.4817221876
E02005397,672513,442500,325500,7.753167,1000000.0
E02005397,672514,443500,325500,10.44525,1000000.0
E02005397,672515,444500,325500,10.72847,996858.6099024134
E02005397,672516,445500,325500,11.80786,468778.0954160578
E02005397,673200,439500,324500,6.490908,2909.100015590448
E02005397,673201,440500,324500,6.881819,805428.1143943344
E02005397,673202,441500,324500,7.097692,1000000.0
E02005397,673203,442500,324500,7.459147,1000000.0
E02005397,673204,443500,324500,7.706572,1000000.0
E02005397,673205,444500,324500,8.065766,597531.6936808401
E02005397,673890,439500,323500,6.390565,340744.87907812337
E02005397,673891,440500,323500,8.013449,1000000.0
E02005397,673892,441500,323500,7.157963,1000000.0
E02005397,673893,442500,323500,7.293902,1000000.0
E02005397,673894,443500,323500,7.368777,988788.360379907
E02005397,673895,444500,323500,7.550688,83802.43119119458
E02005397,674579,438500,322500,6.205894,18585.341337136502
E02005397,674580,439500,322500,6.447487,819637.8382002087
E02005397,674581,440500,322500,7.339983,949069.714790921
E02005397,674582,441500,322500,7.875455,1000000.0
E02005397,674583,442500,322500,8.169806,1000000.0
E02005397,674584,443500,322500,8.071827,701681.1744990577
E02005397,675270,439500,321500,6.971728,11457.135155855556
E02005397,675271,440500,321500,7.495447,239280.30215360253
E02005397,675272,441500,321500,6.702015,947660.2982892828
E02005397,675273,442500,321500,6.687794,779637.2432331537
E02005397,675274,443500,321500,6.774847,92246.66592831667
E02005397,675962,441500,320500,6.436956,31002.086202932
E02005397,675963,442500,320500,6.459442,80605.88293267653
E02005398,669759,448500,329500,9.4738,116669.19165330798
E02005398,669760,449500,329500,10.34765,183306.14225872696
E02005398,670448,447500,328500,12.19757,35339.34381535663
E02005398,670449,448500,328500,10.34421,779995.9243895689
E02005398,670450,449500,328500,9.617798,197996.3892154003
E02005398,671137,446500,327500,9.940037,78186.84047004097
E02005398,671138,447500,327500,13.48611,955733.3001214134
E02005398,671139,448500,327500,9.937147,1000000.0
E02005398,671140,449500,327500,9.228517,383043.9750035525
E02005398,671826,445500,326500,11.47425,166.9265660844455
E02005398,671827,446500,326500,13.20072,563937.6214289477
E02005398,671828,447500,326500,12.98542,1000000.0
E02005398,671829,448500,326500,9.635405,999264.0619967494
E02005398,671830,449500,326500,8.619655,152657.01496869838
E02005398,672515,444500,325500,10.72847,3141.3900975865035
E02005398,672516,445500,325500,11.80786,531221.9045839421
E02005398,672517,446500,325500,10.84126,1000000.0
E02005398,672518,447500,325500,11.1657,1000000.0
E02005398,672519,448500,325500,8.622256,1000000.0
E02005398,672520,449500,325500,8.550496,319894.85306635237
E02005398,673205,444500,324500,8.065766,402468.3063191599
E02005398,673206,445500,324500,8.609842,1000000.0
E02005398,673207,446500,324500,11.60008,1000000.0
E02005398,673208,447500,324500,8.749544,1000000.0
E02005398,673209,448500,324500,8.017946,1000000.0
E02005398,673210,449500,324500,8.239616,835959.4871415794
E02005398,673894,443500,323500,7.368777,11211.639620092928
E02005398,673895,444500,323500,7.550688,916197.5688088054
E02005398,673896,445500,323500,8.58189,1000000.0
E02005398,673897,446500,323500,9.781577,1000000.0
E02005398,673898,447500,323500,9.063719,1000000.0
E02005398,673899,448500,323500,8.02812,1000000.0
E02005398,673900,449500,323500,7.917267,420468.2193137935
E02005398,674584,443500,322500,8.071827,298318.82550094236
E02005398,674585,444500,322500,8.152854,1000000.0
E02005398,674586,445500,322500,7.681366,1000000.0
E02005398,674587,446500,322500,7.526812,1000000.0
E02005398,674588,447500,322500,9.918809,1000000.0
E02005398,674589,448500,322500,8.194138,855264.3102146887
E02005398,674590,449500,322500,8.053894,5028.516269568049
E02005398,675273,442500,321500,6.687794,220362.7567668462
E02005398,675274,443500,321500,6.774847,907753.3340716833
E02005398,675275,444500,321500,6.894921,1000000.0
E02005398,675276,445500,321500,6.984382,1000000.0
E02005398,675277,446500,321500,7.200035,952579.5800290118
E02005398,675278,447500,321500,8.150023,999915.226457273
E02005398,675279,448500,321500,9.63629,779931.0406174597
E02005398,675280,449500,321500,8.118258,13.712775955971132
E02005398,675963,442500,320500,6.459442,86494.54852592327
E02005398,675964,443500,320500,6.643737,324004.4817534354
E02005398,675965,444500,320500,6.837293,819245.7542139909
E02005398,675966,445500,320500,6.900763,789082.5727838308
E02005398,675967,446500,320500,6.941854,558.2691039785556
E02005398,675968,447500,320500,7.652784,69722.71173338298
E02005398,675969,448500,320500,10.36662,56142.58299752784
E02005398,676654,443500,319500,6.517504,105790.41313957651
E02005398,676655,444500,319500,6.626597,998582.9762276703
E02005398,676656,445500,319500,6.725472,410328.4041755945
E02005398,677344,443500,318500,6.709975,661769.3079035761
E02005398,677345,444500,318500,6.778891,998122.765179846
E02005398,677346,445500,318500,6.885316,92717.56810991425
E02005398,678034,443500,317500,6.746478,472694.43228223635
E02005398,678035,444500,317500,6.690506,481934.1537676585
E02005398,678036,445500,317500,6.766058,69893.9486762746
E02005399,675267,436500,321500,5.920727,147210.30174609847
E02005399,675957,436500,320500,5.956752,391747.95190280396
E02005399,675958,437500,320500,6.08603,336750.0774232411
E02005399,676646,435500,319500,5.922879,183.67878516532193
E02005399,676647,436500,319500,5.927139,663126.2286205797
E02005399,676648,437500,319500,6.008457,744197.031646897
E02005399,677335,434500,318500,6.175833,266172.36574863427
E02005399,677336,435500,318500,6.601741,768117.9517618127
E02005399,677337,436500,318500,6.722231,1000000.0
E02005399,677338,437500,318500,6.526037,907108.4571713426
E02005399,677339,438500,318500,8.259071,27340.32362982935
E02005399,678025,434500,317500,6.179459,346564.396548317
E02005399,678026,435500,317500,7.364581,999389.085470379
E02005399,678027,436500,317500,7.42886,1000000.0
E02005399,678028,437500,317500,8.614423,959198.3677412025
E02005399,678029,438500,317500,6.693459,100519.66532710525
E02005399,678716,435500,316500,7.683887,398395.9740188898
E02005399,678717,436500,316500,7.794099,743567.8816397921
E02005399,678718,437500,316500,7.84075,604611.4460604618
E02005399,679407,436500,315500,7.125035,20559.392185448793
E02005400,677343,442500,318500,6.589552,129535.18225326917
E02005400,677344,443500,318500,6.709975,21576.070103671307
E02005400,678031,440500,317500,6.265208,102513.00169080723
E02005400,678032,441500,317500,6.493846,635425.2056755472
E02005400,678033,442500,317500,6.834254,959795.3583645015
E02005400,678034,443500,317500,6.746478,378898.2355706737
E02005400,678035,444500,317500,6.690506,13708.351090923798
E02005400,678721,440500,316500,6.088431,566381.017284003
E02005400,678722,441500,316500,6.354462,1000000.0
E02005400,678723,442500,316500,6.734585,954796.1444463397
E02005400,678724,443500,316500,7.595084,324787.53399523307
E02005400,678725,444500,316500,6.819519,72480.94080131217
E02005400,679411,440500,315500,6.39352,724868.6975359957
E02005400,679412,441500,315500,7.062449,923522.2013338252
E02005400,679413,442500,315500,7.330573,450162.2763338716
E02005400,680101,440500,314500,6.376397,91.60592088039373
E02005400,680102,441500,314500,7.463702,13831.68865310064
E02005401,674578,437500,322500,6.013423,246011.04530188284
E02005401,674579,438500,322500,6.205894,825869.5697521787
E02005401,674580,439500,322500,6.447487,110582.74308685507
E02005401,674581,440500,322500,7.339983,50930.28520907897
E02005401,675267,436500,321500,5.920727,66596.97022909483
E02005401,675268,437500,321500,6.009081,748165.3912846858
E02005401,675269,438500,321500,6.2714,1000000.0
E02005401,675270,439500,321500,6.971728,988542.8648441444
E02005401,675271,440500,321500,7.495447,760719.6978463975
E02005401,675272,441500,321500,6.702015,52339.701710717185
E02005401,675957,436500,320500,5.956752,16102.005221485659
E02005401,675958,437500,320500,6.08603,663249.922576759
E02005401,675959,438500,320500,6.426647,1000000.0
E02005401,675960,439500,320500,7.57952,1000000.0
E02005401,675961,440500,320500,6.703266,1000000.0
E02005401,675962,441500,320500,6.436956,968997.9137970681
E02005401,675963,442500,320500,6.459442,832899.5685414003
E02005401,675964,443500,320500,6.643737,675995.5182465645
E02005401,675965,444500,320500,6.837293,180754.24578600924
E02005401,676648,437500,319500,6.008457,255802.96835310303
E02005401,676649,438500,319500,6.965841,1000000.0
E02005401,676650,439500,319500,7.22453,1000000.0
E02005401,676651,440500,319500,6.485686,1000000.0
E02005401,676652,441500,319500,6.382838,1000000.0
E02005401,676653,442500,319500,6.493735,1000000.0
E02005401,676654,443500,319500,6.517504,894209.5868604236
E02005401,676655,444500,319500,6.626597,1417.0237723296302
E02005401,677338,437500,318500,6.526037,92891.54282865748
E02005401,677339,438500,318500,8.259071,972659.6763701707
E02005401,677340,439500,318500,6.198678,1000000.0
E02005401,677341,440500,318500,6.309091,1000000.0
E02005401,677342,441500,318500,6.279223,1000000.0
E02005401,677343,442500,318500,6.589552,870464.8177467309
E02005401,677344,443500,318500,6.709975,316654.6219927527
E02005401,678028,437500,317500,8.614423,40801.63225879754
E02005401,678029,438500,317500,6.693459,899480.3346728947
E02005401,678030,439500,317500,6.087543,1000000.0
E02005401,678031,440500,317500,6.265208,897486.9983091927
E02005401,678032,441500,317500,6.493846,364574.79432445264
E02005401,678033,442500,317500,6.834254,40204.64163549849
E02005401,678718,437500,316500,7.84075,260641.49218627549
E02005401,678719,438500,316500,6.063529,1000000.0
E02005401,678720,439500,316500,5.738653,1000000.0
E02005401,678721,440500,316500,6.088431,433618.9827159971
E02005401,679406,435500,315500,6.855212,251799.6866690623
E02005401,679407,436500,315500,7.125035,526789.5332841347
E02005401,679408,437500,315500,5.887829,873723.6643375442
E02005401,679409,438500,315500,6.006735,1000000.0
E02005401,679410,439500,315500,5.96597,1000000.0
E02005401,679411,440500,315500,6.39352,275131.3024640042
E02005401,680096,435500,314500,6.895343,564669.5441117943
E02005401,680097,436500,314500,6.019289,1000000.0
E02005401,680098,437500,314500,5.676864,1000000.0
E02005401,680099,438500,314500,5.602765,1000000.0
E02005401,680100,439500,314500,5.713983,1000000.0
E02005401,680101,440500,314500,6.376397,931934.0780036644
E02005401,680102,441500,314500,7.463702,25022.65291328504
E02005401,680785,434500,313500,6.301234,282375.9789450427
E02005401,680786,435500,313500,5.838286,945158.6924582708
E02005401,680787,436500,313500,5.607613,1000000.0
E02005401,680788,437500,313500,5.49491,1000000.0
E02005401,680789,438500,313500,5.494454,1000000.0
E02005401,680790,439500,313500,5.653195,1000000.0
E02005401,680791,440500,313500,6.411009,850981.0853362482
E02005401,680792,441500,313500,6.587664,47091.3302112925
E02005401,681475,434500,312500,5.712313,112074.06237226476
E02005401,681476,435500,312500,5.638746,761977.7001848202
E02005401,681477,436500,312500,5.411829,897414.9475539642
E02005401,681478,437500,312500,5.378827,1000000.0
E02005401,681479,438500,312500,5.424749,995306.6406415787
E02005401,681480,439500,312500,5.644694,917469.2534365199
E02005401,681481,440500,312500,6.136397,594409.2046395275
E02005401,682166,435500,311500,5.450818,8597.53427845028
E02005401,682167,436500,311500,5.32941,45138.792023189984
E02005401,682168,437500,311500,5.302198,187406.30663807204
E02005401,682169,438500,311500,5.409218,198306.60895873964
E02005401,682170,439500,311500,5.642599,135114.82383625547
E02005401,682171,440500,311500,6.500733,295012.10683318635
E02005402,677335,434500,318500,6.175833,21706.889138480703
E02005402,678024,433500,317500,5.822827,310621.36343777686
E02005402,678025,434500,317500,6.179459,653105.8063291642
E02005402,678026,435500,317500,7.364581,610.9145296209962
E02005402,678713,432500,316500,5.667105,39612.884258611855
E02005402,678714,433500,316500,5.595664,773074.6443245496
E02005402,678715,434500,316500,6.230274,1000000.0
E02005402,678716,435500,316500,7.683887,601604.0259811102
E02005402,678717,436500,316500,7.794099,256432.11836020794
E02005402,678718,437500,316500,7.84075,134747.06175326268
E02005402,679403,432500,315500,5.410187,42811.25552722888
E02005402,679404,433500,315500,5.487139,957498.148343309
E02005402,679405,434500,315500,5.970465,1000000.0
E02005402,679406,435500,315500,6.855212,748200.3133309378
E02005402,679407,436500,315500,7.125035,452651.07453041646
E02005402,679408,437500,315500,5.887829,126276.33566245573
E02005402,680093,432500,314500,5.449017,159588.2597458969
E02005402,680094,433500,314500,5.732327,824250.758417179
E02005402,680095,434500,314500,7.209247,999983.122827221
E02005402,680096,435500,314500,6.895343,435330.4558882057
E02005402,680785,434500,313500,6.301234,211482.6480535838
E02005402,680786,435500,313500,5.838286,54841.307541729206
E02005403,678035,444500,317500,6.690506,104489.84221556927
E02005403,678036,445500,317500,6.766058,53489.39363424269
E02005403,678723,442500,316500,6.734585,45203.85555366027
E02005403,678724,443500,316500,7.595084,675212.4660047668
E02005403,678725,444500,316500,6.819519,895947.3803555986
E02005403,678726,445500,316500,6.907491,37925.35920400417
E02005403,679413,442500,315500,7.330573,439887.0836428188
E02005403,679414,443500,315500,7.402335,1000000.0
E02005403,679415,444500,315500,7.295074,952111.399296049
E02005403,679416,445500,315500,7.209531,346592.78790554026
E02005403,680103,442500,314500,9.135867,5696.95715257943
E02005403,680104,443500,314500,7.907937,472579.15662717173
E02005403,680105,444500,314500,7.924302,231148.60707577007
E02005403,680106,445500,314500,8.049757,4162.260540546088
E02005404,676644,433500,319500,5.95995,261.9982373682792
E02005404,677331,430500,318500,6.293331,406871.69236396666
E02005404,677332,431500,318500,6.71996,285178.71475545544
E02005404,677333,432500,318500,6.558968,824809.3722077323
E02005404,677334,433500,318500,6.326298,892994.2363339929
E02005404,677335,434500,318500,6.175833,24594.24980775469
E02005404,678020,429500,317500,5.659597,156710.560272471
E02005404,678021,430500,317500,6.969052,986051.6161357114
E02005404,678022,431500,317500,5.79521,1000000.0
E02005404,678023,432500,317500,6.963274,1000000.0
E02005404,678024,433500,317500,5.822827,689378.6365622232
E02005404,678025,434500,317500,6.179459,329.79712251893903
E02005404,678710,429500,316500,6.068892,99058.20193028827
E02005404,678711,430500,316500,5.421935,995545.7202987042
E02005404,678712,431500,316500,5.510085,1000000.0
E02005404,678713,432500,316500,5.667105,960387.115741388
E02005404,678714,433500,316500,5.595664,226925.35567545038
E02005404,679401,430500,315500,5.255768,584167.6606393767
E02005404,679402,431500,315500,5.551533,1000000.0
E02005404,679403,432500,315500,5.410187,957188.7444727712
E02005404,679404,433500,315500,5.487139,42501.85165669108
E02005404,680091,430500,314500,5.062352,341423.8686948106
E02005404,680092,431500,314500,5.395556,1000000.0
E02005404,680093,432500,314500,5.449017,840411.7402541032
E02005404,680094,433500,314500,5.732327,175749.24158282118
E02005404,680095,434500,314500,7.209247,16.87717277891603
E02005404,680780,429500,313500,5.109507,40792.391233541945
E02005404,680781,430500,313500,5.049106,760610.9369377012
E02005404,680782,431500,313500,5.224579,1000000.0
E02005404,680783,432500,313500,5.744776,1000000.0
E02005404,680784,433500,313500,6.781644,662243.9962340305
E02005404,680785,434500,313500,6.301234,4768.979591158972
E02005404,681470,429500,312500,4.895358,285282.63196366845
E02005404,681471,430500,312500,5.297527,593150.158380942
E02005404,681472,431500,312500,5.980059,907621.2904720436
E02005404,681473,432500,312500,7.867963,548798.9005962841
E02005404,681474,433500,312500,6.678229,4601.679062756001
E02005404,682162,431500,311500,6.184896,41053.98964918888
E02005404,682163,432500,311500,5.831094,7717.03439010647
E02005405,678034,443500,317500,6.746478,148407.33214709006
E02005405,678035,444500,317500,6.690506,399867.6529258483
E02005405,678036,445500,317500,6.766058,450548.0016027944
E02005405,678037,446500,317500,6.993652,81701.87994718582
E02005405,678725,444500,316500,6.819519,31571.67884308906
E02005405,678726,445500,316500,6.907491,962074.6407959957
E02005405,678727,446500,316500,7.06055,984234.1165019347
E02005405,678728,447500,316500,7.26557,395401.97710003355
E02005405,678729,448500,316500,9.22653,0.24741442034977287
E02005405,678730,449500,316500,7.589156,496515.58397284936
E02005405,678731,450500,316500,7.219623,276194.57073454326
E02005405,679415,444500,315500,7.295074,47888.60070395089
E02005405,679416,445500,315500,7.209531,653407.2120944598
E02005405,679417,446500,315500,7.15581,1000000.0
E02005405,679418,447500,315500,7.311819,888714.6992506648
E02005405,679419,448500,315500,9.531368,680565.1050359848
E02005405,679420,449500,315500,7.682386,983760.8373291288
E02005405,679421,450500,315500,7.172596,458373.4434571142
E02005405,680104,443500,314500,7.907937,153056.33553654153
E02005405,680105,444500,314500,7.924302,718176.5104042735
E02005405,680106,445500,314500,8.049757,984527.9976288764
E02005405,680107,446500,314500,7.252784,996433.3320279421
E02005405,680108,447500,314500,7.435518,1000000.0
E02005405,680109,448500,314500,9.624512,1000000.0
E02005405,680110,449500,314500,7.613807,725651.7119998198
E02005405,680795,444500,313500,8.386019,268513.7585913343
E02005405,680796,445500,313500,7.88406,181975.2579334648
E02005405,680797,446500,313500,7.500412,81393.9316033296
E02005405,680798,447500,313500,7.892909,463758.9118876718
E02005405,680799,448500,313500,9.886036,752218.2906446083
E02005405,680800,449500,313500,7.456801,99204.87123614382
E02005405,681489,448500,312500,8.213663,1094.6149356858798
E02005406,679412,441500,315500,7.062449,27231.901499647287
E02005406,679413,442500,315500,7.330573,109950.64002330965
E02005406,680102,441500,314500,7.463702,317554.28594394174
E02005406,680103,442500,314500,9.135867,993977.5847352676
E02005406,680104,443500,314500,7.907937,357189.265255317
E02005406,680792,441500,313500,6.587664,15494.63062197396
E02005406,680793,442500,313500,7.875848,525107.7716725623
E02005406,680794,443500,313500,7.755176,302366.94382160687
E02005407,679412,441500,315500,7.062449,49245.897166527444
E02005407,680101,440500,314500,6.376397,67974.3160754552
E02005407,680102,441500,314500,7.463702,643591.3724896726
E02005407,680103,442500,314500,9.135867,325.4581121529726
E02005407,680104,443500,314500,7.907937,17175.242580969545
E02005407,680105,444500,314500,7.924302,50674.882519956554
E02005407,680106,445500,314500,8.049757,11309.741830577506
E02005407,680107,446500,314500,7.252784,3566.6679720579978
E02005407,680791,440500,313500,6.411009,149018.91466375187
E02005407,680792,441500,313500,6.587664,931696.915662227
E02005407,680793,442500,313500,7.875848,474892.2283274376
E02005407,680794,443500,313500,7.755176,697633.0561783932
E02005407,680795,444500,313500,8.386019,731486.2414086658
E02005407,680796,445500,313500,7.88406,818024.7420665352
E02005407,680797,446500,313500,7.500412,918606.0683966704
E02005407,680798,447500,313500,7.892909,536241.0881123282
E02005407,680799,448500,313500,9.886036,12167.898784388413
E02005407,681481,440500,312500,6.136397,222873.7467828443
E02005407,681482,441500,312500,6.824904,475639.85417995945
E02005407,681483,442500,312500,7.485919,678820.5373913496
E02005407,681484,443500,312500,7.544915,593162.6421669857
E02005407,681485,444500,312500,10.02536,412534.0690476271
E02005407,681486,445500,312500,8.438112,790997.637007915
E02005407,681487,446500,312500,7.867072,864331.308513435
E02005407,681488,447500,312500,11.07096,520161.8002829277
E02005407,681489,448500,312500,8.213663,15647.363982268698
E02005407,682176,445500,311500,9.57414,31884.412615010126
E02005407,682177,446500,311500,8.230299,51103.41494079407
E02005408,680784,433500,313500,6.781644,337756.0037659694
E02005408,680785,434500,313500,6.301234,501372.3934102144
E02005408,681468,427500,312500,4.770996,53228.56314941986
E02005408,681469,428500,312500,4.869826,547207.3040074696
E02005408,681470,429500,312500,4.895358,475476.5132168108
E02005408,681471,430500,312500,5.297527,406849.841619058
E02005408,681472,431500,312500,5.980059,92378.70952795637
E02005408,681473,432500,312500,7.867963,451201.09940371604
E02005408,681474,433500,312500,6.678229,995398.320937244
E02005408,681475,434500,312500,5.712313,887925.9376277353
E02005408,681476,435500,312500,5.638746,238022.29981517978
E02005408,681477,436500,312500,5.411829,102585.05244603584
E02005408,682158,427500,311500,4.793676,437265.9764191036
E02005408,682159,428500,311500,5.004174,1000000.0
E02005408,682160,429500,311500,4.974618,1000000.0
E02005408,682161,430500,311500,5.9452,1000000.0
E02005408,682162,431500,311500,6.184896,958946.0103508112
E02005408,682163,432500,311500,5.831094,992282.9656098934
E02005408,682164,433500,311500,5.911148,1000000.0
E02005408,682165,434500,311500,5.572446,1000000.0
E02005408,682166,435500,311500,5.450818,991402.4657215498
E02005408,682167,436500,311500,5.32941,954861.20797681
E02005408,682168,437500,311500,5.302198,788833.8414087603
E02005408,682169,438500,311500,5.409218,123006.02139611103
E02005408,682848,427500,310500,4.89256,88557.99823014304
E02005408,682849,428500,310500,4.955421,997578.601975543
E02005408,682850,429500,310500,5.094969,1000000.0
E02005408,682851,430500,310500,6.634744,1000000.0
E02005408,682852,431500,310500,5.570695,1000000.0
E02005408,682853,432500,310500,5.413292,1000000.0
E02005408,682854,433500,310500,6.958883,1000000.0
E02005408,682855,434500,310500,5.398047,1000000.0
E02005408,682856,435500,310500,5.420705,1000000.0
E02005408,682857,436500,310500,5.320265,1000000.0
E02005408,682858,437500,310500,5.311753,486218.0765897843
E02005408,683538,427500,309500,5.273603,4737.986131189692
E02005408,683539,428500,309500,5.366343,611509.2648298583
E02005408,683540,429500,309500,5.636236,946799.604712737
E02005408,683541,430500,309500,7.103401,1000000.0
E02005408,683542,431500,309500,5.740752,1000000.0
E02005408,683543,432500,309500,5.540606,1000000.0
E02005408,683544,433500,309500,5.468315,1000000.0
E02005408,683545,434500,309500,5.758994,1000000.0
E02005408,683546,435500,309500,5.358553,999671.838369195
E02005408,683547,436500,309500,5.283137,1000000.0
E02005408,683548,437500,309500,5.236783,916437.964539403
E02005408,683549,438500,309500,5.328656,302147.5596256134
E02005408,684230,429500,308500,6.765909,409843.8824648169
E02005408,684231,430500,308500,6.238277,975243.7594515209
E02005408,684232,431500,308500,5.550914,1000000.0
E02005408,684233,432500,308500,5.369625,841830.9206453876
E02005408,684234,433500,308500,5.311012,262875.55193621217
E02005408,684235,434500,308500,5.647403,684755.5655367834
E02005408,684236,435500,308500,5.348727,382869.42016218114
E02005408,684237,436500,308500,5.273985,981481.7968532179
E02005408,684238,437500,308500,5.33596,999833.9222278723
E02005408,684239,438500,308500,5.335807,98636.08096300511
E02005408,684921,430500,307500,5.649232,126995.39047276515
E02005408,684922,431500,307500,5.476325,227776.9682727253
E02005408,684923,432500,307500,5.287805,13867.682604201564
E02005408,684927,436500,307500,5.536051,116361.85439988892
E02005408,684928,437500,307500,5.525299,365165.0338191538
E02005408,684929,438500,307500,5.372958,176.74207657879106
E02005409,680792,441500,313500,6.587664,5717.123504506445
E02005409,681479,438500,312500,5.424749,4693.35935842128
E02005409,681480,439500,312500,5.644694,82530.7465634801
E02005409,681481,440500,312500,6.136397,182717.04857762836
E02005409,681482,441500,312500,6.824904,524360.1458200405
E02005409,681483,442500,312500,7.485919,321179.4626086503
E02005409,681484,443500,312500,7.544915,406837.35783301434
E02005409,681485,444500,312500,10.02536,587465.930952373
E02005409,681486,445500,312500,8.438112,209002.36299208505
E02005409,682168,437500,311500,5.302198,23759.851953167712
E02005409,682169,438500,311500,5.409218,678687.3696451492
E02005409,682170,439500,311500,5.642599,864885.1761637445
E02005409,682171,440500,311500,6.500733,704987.8931668137
E02005409,682172,441500,311500,9.745444,1000000.0
E02005409,682173,442500,311500,7.117122,1000000.0
E02005409,682174,443500,311500,9.269376,1000000.0
E02005409,682175,444500,311500,9.856399,918093.3661072035
E02005409,682176,445500,311500,9.57414,484691.0728027594
E02005409,682177,446500,311500,8.230299,13765.184688872494
E02005409,682858,437500,310500,5.311753,513781.92341021565
E02005409,682859,438500,310500,5.493183,1000000.0
E02005409,682860,439500,310500,5.797511,1000000.0
E02005409,682861,440500,310500,6.858383,1000000.0
E02005409,682862,441500,310500,6.498213,1000000.0
E02005409,682863,442500,310500,6.581662,1000000.0
E02005409,682864,443500,310500,9.968204,998989.2357174875
E02005409,682865,444500,310500,7.889438,178113.0411569957
E02005409,683548,437500,309500,5.236783,83562.035460597
E02005409,683549,438500,309500,5.328656,420281.2391148262
E02005409,683550,439500,309500,5.491296,762336.9651779677
E02005409,683551,440500,309500,6.100281,1000000.0
E02005409,683552,441500,309500,5.920497,1000000.0
E02005409,683553,442500,309500,6.174411,906681.6906054555
E02005409,683554,443500,309500,6.616946,429973.3795970234
E02005409,683555,444500,309500,7.621944,12896.557138222495
E02005409,684240,439500,308500,5.448359,79179.38772727728
E02005409,684241,440500,308500,5.789954,461526.58079918846
E02005409,684242,441500,308500,5.927732,308208.9313384441
E02005409,684243,442500,308500,6.046618,29316.182426822226
E02005409,684244,443500,308500,6.232576,1486.0200003287014
E02006008,679345,374500,315500,4.491586,416252.79932723707
E02006008,679346,375500,315500,4.518123,225634.87361532584
E02006008,679348,377500,315500,4.711821,11978.974173034338
E02006008,679349,378500,315500,4.481424,5774.836110946309
E02006008,680035,374500,314500,4.644714,577078.199558635
E02006008,680036,375500,314500,4.569799,986093.7645572762
E02006008,680037,376500,314500,4.573203,880868.6987851643
E02006008,680038,377500,314500,4.816508,867952.4515602344
E02006008,680039,378500,314500,4.588933,712974.6249865512
E02006008,680724,373500,313500,4.991522,110046.01641191046
E02006008,680725,374500,313500,4.755582,927235.1554685257
E02006008,680726,375500,313500,4.644947,1000000.0
E02006008,680727,376500,313500,4.654226,1000000.0
E02006008,680728,377500,313500,4.870243,1000000.0
E02006008,680729,378500,313500,4.629884,954758.3976780177
E02006008,680730,379500,313500,4.624421,79001.88291111463
E02006008,681414,373500,312500,5.183205,632603.974343848
E02006008,681415,374500,312500,4.796035,1000000.0
E02006008,681416,375500,312500,4.741277,1000000.0
E02006008,681417,376500,312500,4.711558,1000000.0
E02006008,681418,377500,312500,4.706908,1000000.0
E02006008,681419,378500,312500,4.828309,439646.68992237095
E02006008,682103,372500,311500,6.823151,128416.07072481018
E02006008,682104,373500,311500,5.386093,999430.9697140513
E02006008,682105,374500,311500,4.933796,1000000.0
E02006008,682106,375500,311500,4.837965,1000000.0
E02006008,682107,376500,311500,4.74879,1000000.0
E02006008,682108,377500,311500,4.702207,1000000.0
E02006008,682109,378500,311500,4.905827,303131.61089975596
E02006008,682793,372500,310500,6.650961,155148.80483624546
E02006008,682794,373500,310500,5.879029,1000000.0
E02006008,682795,374500,310500,5.253661,1000000.0
E02006008,682796,375500,310500,5.097046,1000000.0
E02006008,682797,376500,310500,4.924937,1000000.0
E02006008,682798,377500,310500,4.882716,1000000.0
E02006008,682799,378500,310500,5.07621,337963.48507753696
E02006008,683483,372500,309500,8.582091,240442.91947043868
E02006008,683484,373500,309500,6.464062,1000000.0
E02006008,683485,374500,309500,6.218376,1000000.0
E02006008,683486,375500,309500,5.394124,1000000.0
E02006008,683487,376500,309500,5.053616,1000000.0
E02006008,683488,377500,309500,4.891701,1000000.0
E02006008,683489,378500,309500,4.895594,683052.6980543629
E02006008,684173,372500,308500,8.195832,609791.9604663816
E02006008,684174,373500,308500,6.651028,1000000.0
E02006008,684175,374500,308500,5.805544,1000000.0
E02006008,684176,375500,308500,6.447407,1000000.0
E02006008,684177,376500,308500,6.232567,1000000.0
E02006008,684178,377500,308500,5.785444,1000000.0
E02006008,684179,378500,308500,4.978084,507453.53784025856
E02006008,684862,371500,307500,7.474772,122452.15780235581
E02006008,684863,372500,307500,5.901493,972224.3248600088
E02006008,684864,373500,307500,5.337881,1000000.0
E02006008,684865,374500,307500,5.58914,1000000.0
E02006008,684866,375500,307500,5.606741,1000000.0
E02006008,684867,376500,307500,4.984478,1000000.0
E02006008,684868,377500,307500,5.416553,795960.2967283044
E02006008,684869,378500,307500,6.048747,5741.447759381137
E02006008,685552,371500,306500,6.927606,191282.91028863168
E02006008,685553,372500,306500,5.637549,1000000.0
E02006008,685554,373500,306500,5.096522,1000000.0
E02006008,685555,374500,306500,4.671695,1000000.0
E02006008,685556,375500,306500,4.64198,1000000.0
E02006008,685557,376500,306500,4.610655,1000000.0
E02006008,685558,377500,306500,4.654273,769048.3189325335
E02006008,686242,371500,305500,7.867765,154089.24618165413
E02006008,686243,372500,305500,5.598656,775999.4358915433
E02006008,686244,373500,305500,4.65621,604267.1544915646
E02006008,686245,374500,305500,4.324919,910909.1924081368
E02006008,686246,375500,305500,4.316061,1000000.0
E02006008,686247,376500,305500,4.342079,1000000.0
E02006008,686248,377500,305500,4.471728,935702.0587343372
E02006008,686249,378500,305500,4.698644,36895.55992674577
E02006008,686935,374500,304500,4.059116,569571.5623898023
E02006008,686936,375500,304500,4.110173,1000000.0
E02006008,686937,376500,304500,4.127496,999674.0385643515
E02006008,686938,377500,304500,4.259515,703934.9580910454
E02006008,686939,378500,304500,4.484795,19690.30176046872
E02006008,687625,374500,303500,3.83753,86122.93992853028
E02006008,687626,375500,303500,3.927071,680535.0412070911
E02006008,687627,376500,303500,3.991144,310306.231491892
E02006008,687628,377500,303500,4.129874,7391.671862280438
E02006008,688316,375500,302500,3.821634,9695.419573975989
E02006008,688317,376500,302500,3.930793,477.7211480194268
E02006009,682799,378500,310500,5.07621,595402.0501657653
E02006009,682800,379500,310500,4.90209,233248.23972292102
E02006009,683489,378500,309500,4.895594,316947.30194563704
E02006009,683490,379500,309500,4.781332,782824.4288996162
E02006009,683491,380500,309500,4.347754,408674.1235005797
E02006009,683492,381500,309500,4.349216,261974.76591130477
E02006009,683493,382500,309500,4.439969,414448.83182277554
E02006009,683494,383500,309500,4.624402,237205.3034016091
E02006009,684179,378500,308500,4.978084,492546.46215974144
E02006009,684180,379500,308500,5.023375,1000000.0
E02006009,684181,380500,308500,4.445472,1000000.0
E02006009,684182,381500,308500,4.45023,1000000.0
E02006009,684183,382500,308500,4.490581,1000000.0
E02006009,684184,383500,308500,4.565752,707909.3771883558
E02006009,684868,377500,307500,5.416553,204039.70327169562
E02006009,684869,378500,307500,6.048747,994258.5522406187
E02006009,684870,379500,307500,5.336733,1000000.0
E02006009,684871,380500,307500,4.79397,1000000.0
E02006009,684872,381500,307500,4.76022,1000000.0
E02006009,684873,382500,307500,4.710129,1000000.0
E02006009,684874,383500,307500,4.678802,890590.0922416201
E02006009,685558,377500,306500,4.654273,230951.68106746656
E02006009,685559,378500,306500,4.900776,1000000.0
E02006009,685560,379500,306500,6.512186,1000000.0
E02006009,685561,380500,306500,6.337325,1000000.0
E02006009,685562,381500,306500,6.043981,1000000.0
E02006009,685563,382500,306500,5.375699,1000000.0
E02006009,685564,383500,306500,4.980059,779306.7449307083
E02006009,685565,384500,306500,5.051985,82442.14312958333
E02006009,686248,377500,305500,4.471728,64297.94126566277
E02006009,686249,378500,305500,4.698644,963104.4400732543
E02006009,686250,379500,305500,6.904603,1000000.0
E02006009,686251,380500,305500,5.39806,1000000.0
E02006009,686252,381500,305500,4.949757,1000000.0
E02006009,686253,382500,305500,5.519437,1000000.0
E02006009,686254,383500,305500,6.081273,1000000.0
E02006009,686255,384500,305500,6.348139,211839.69563031284
E02006009,686938,377500,304500,4.259515,6084.223243579294
E02006009,686939,378500,304500,4.484795,933484.8966373791
E02006009,686940,379500,304500,4.842945,1000000.0
E02006009,686941,380500,304500,5.035424,1000000.0
E02006009,686942,381500,304500,5.105465,1000000.0
E02006009,686943,382500,304500,5.040997,1000000.0
E02006009,686944,383500,304500,4.974804,989284.5712744623
E02006009,686945,384500,304500,5.052645,95766.93116543665
E02006009,687629,378500,303500,4.262529,654667.4861868435
E02006009,687630,379500,303500,4.476099,1000000.0
E02006009,687631,380500,303500,4.709085,1000000.0
E02006009,687632,381500,303500,4.495631,1000000.0
E02006009,687633,382500,303500,4.889268,1000000.0
E02006009,687634,383500,303500,5.090484,520086.99365529686
E02006009,688319,378500,302500,4.125842,542885.1237645958
E02006009,688320,379500,302500,4.275694,1000000.0
E02006009,688321,380500,302500,4.476068,1000000.0
E02006009,688322,381500,302500,4.344361,1000000.0
E02006009,688323,382500,302500,4.632945,999936.5178891659
E02006009,688324,383500,302500,5.417288,142400.80267564778
E02006009,689009,378500,301500,4.069314,78015.6477665195
E02006009,689010,379500,301500,4.245044,871807.4084587215
E02006009,689011,380500,301500,4.416954,923855.0278919999
E02006009,689012,381500,301500,4.245394,838797.9517617312
E02006009,689013,382500,301500,4.486577,517024.77726078173
E02006009,689701,380500,300500,4.361822,7906.155980128761
E02006009,689702,381500,300500,4.243843,16045.441139425195
E02006010,687614,363500,303500,3.432563,16948.956470779995
E02006010,687615,364500,303500,3.461492,246441.1821538341
E02006010,687616,365500,303500,3.660997,289668.73771314643
E02006010,687617,366500,303500,3.978518,530487.2550357168
E02006010,687618,367500,303500,4.761651,73415.09955330074
E02006010,687619,368500,303500,5.309864,1977.5415892046185
E02006010,688301,360500,302500,3.104325,16127.779580634693
E02006010,688302,361500,302500,3.114683,111908.07579212953
E02006010,688303,362500,302500,3.201363,59861.58387659686
E02006010,688304,363500,302500,3.433761,790788.5904104097
E02006010,688305,364500,302500,3.374146,1000000.0
E02006010,688306,365500,302500,3.446548,1000000.0
E02006010,688307,366500,302500,3.716174,1000000.0
E02006010,688308,367500,302500,4.4951,980984.4453304084
E02006010,688309,368500,302500,4.119802,907714.3799508212
E02006010,688310,369500,302500,4.06985,311009.38296678616
E02006010,688311,370500,302500,4.092793,14133.225174398263
E02006010,688991,360500,301500,3.102786,588125.5376617169
E02006010,688992,361500,301500,3.166436,995403.558368912
E02006010,688993,362500,301500,3.307763,834553.9031221827
E02006010,688994,363500,301500,3.358573,1000000.0
E02006010,688995,364500,301500,3.278095,1000000.0
E02006010,688996,365500,301500,3.377451,1000000.0
E02006010,688997,366500,301500,3.521273,1000000.0
E02006010,688998,367500,301500,3.978719,1000000.0
E02006010,688999,368500,301500,3.891571,1000000.0
E02006010,689000,369500,301500,3.663418,1000000.0
E02006010,689001,370500,301500,4.06279,811026.895700022
E02006010,689002,371500,301500,3.629332,52041.62163809233
E02006010,689681,360500,300500,3.184318,128707.38122728742
E02006010,689682,361500,300500,3.217108,960027.7145926266
E02006010,689683,362500,300500,3.514755,1000000.0
E02006010,689684,363500,300500,3.239079,1000000.0
E02006010,689685,364500,300500,3.194151,1000000.0
E02006010,689686,365500,300500,3.291613,1000000.0
E02006010,689687,366500,300500,3.324672,1000000.0
E02006010,689688,367500,300500,3.390683,1000000.0
E02006010,689689,368500,300500,3.4106,1000000.0
E02006010,689690,369500,300500,3.383381,1000000.0
E02006010,689691,370500,300500,3.38182,880406.0278601586
E02006010,689692,371500,300500,3.394691,60956.6815643914
E02006010,690370,359500,299500,2.955006,7811.337231019951
E02006010,690371,360500,299500,3.063496,734228.8018524376
E02006010,690372,361500,299500,3.317309,1000000.0
E02006010,690373,362500,299500,3.595416,1000000.0
E02006010,690374,363500,299500,3.25512,1000000.0
E02006010,690375,364500,299500,3.20285,1000000.0
E02006010,690376,365500,299500,3.14399,1000000.0
E02006010,690377,366500,299500,3.148598,1000000.0
E02006010,690378,367500,299500,3.175399,1000000.0
E02006010,690379,368500,299500,3.228488,1000000.0
E02006010,690380,369500,299500,3.190006,1000000.0
E02006010,690381,370500,299500,3.304413,566452.5731056212
E02006010,691059,358500,298500,2.860895,12380.866533876473
E02006010,691060,359500,298500,2.941174,645883.4877781902
E02006010,691061,360500,298500,2.985043,1000000.0
E02006010,691062,361500,298500,3.08211,1000000.0
E02006010,691063,362500,298500,3.199944,1000000.0
E02006010,691064,363500,298500,3.114269,1000000.0
E02006010,691065,364500,298500,3.07336,1000000.0
E02006010,691066,365500,298500,3.042774,1000000.0
E02006010,691067,366500,298500,3.030957,1000000.0
E02006010,691068,367500,298500,3.066473,1000000.0
E02006010,691069,368500,298500,3.123977,1000000.0
E02006010,691070,369500,298500,3.10328,1000000.0
E02006010,691071,370500,298500,3.220037,683901.427612719
E02006010,691748,357500,297500,2.78731,80957.3721166396
E02006010,691749,358500,297500,2.854647,715753.921147597
E02006010,691750,359500,297500,2.848601,1000000.0
E02006010,691751,360500,297500,2.926078,1000000.0
E02006010,691752,361500,297500,2.947244,1000000.0
E02006010,691753,362500,297500,2.953661,1000000.0
E02006010,691754,363500,297500,3.127874,1000000.0
E02006010,691755,364500,297500,2.985403,1000000.0
E02006010,691756,365500,297500,2.935236,1000000.0
E02006010,691757,366500,297500,2.948642,1000000.0
E02006010,691758,367500,297500,2.962929,1000000.0
E02006010,691759,368500,297500,3.007582,1000000.0
E02006010,691760,369500,297500,3.029176,1000000.0
E02006010,691761,370500,297500,3.145135,999443.0896066547
E02006010,691762,371500,297500,3.197821,717956.156185101
E02006010,691763,372500,297500,3.275032,212675.58084404908
E02006010,692436,355500,296500,2.617438,246909.24891003143
E02006010,692437,356500,296500,2.674376,508368.5412219948
E02006010,692438,357500,296500,2.713527,850511.5204425321
E02006010,692439,358500,296500,2.743888,1000000.0
E02006010,692440,359500,296500,2.834957,1000000.0
E02006010,692441,360500,296500,2.837144,1000000.0
E02006010,692442,361500,296500,2.840443,1000000.0
E02006010,692443,362500,296500,2.835106,1000000.0
E02006010,692444,363500,296500,2.927668,1000000.0
E02006010,692445,364500,296500,3.009159,1000000.0
E02006010,692446,365500,296500,2.868334,1000000.0
E02006010,692447,366500,296500,2.889086,1000000.0
E02006010,692448,367500,296500,2.883671,1000000.0
E02006010,692449,368500,296500,2.878991,1000000.0
E02006010,692450,369500,296500,2.963607,1000000.0
E02006010,692451,370500,296500,3.116008,1000000.0
E02006010,692452,371500,296500,3.142126,1000000.0
E02006010,692453,372500,296500,3.261007,499939.3817911422
E02006010,693126,355500,295500,2.575796,398005.5018700342
E02006010,693127,356500,295500,2.656932,1000000.0
E02006010,693128,357500,295500,2.633041,1000000.0
E02006010,693129,358500,295500,2.712753,1000000.0
E02006010,693130,359500,295500,2.737511,1000000.0
E02006010,693131,360500,295500,2.878206,1000000.0
E02006010,693132,361500,295500,2.755044,1000000.0
E02006010,693133,362500,295500,2.733732,1000000.0
E02006010,693134,363500,295500,2.79173,1000000.0
E02006010,693135,364500,295500,2.876232,1000000.0
E02006010,693136,365500,295500,2.979041,1000000.0
E02006010,693137,366500,295500,2.881474,1000000.0
E02006010,693138,367500,295500,2.860722,1000000.0
E02006010,693139,368500,295500,2.857584,1000000.0
E02006010,693140,369500,295500,2.894641,1000000.0
E02006010,693141,370500,295500,3.104159,1000000.0
E02006010,693142,371500,295500,3.160569,1000000.0
E02006010,693143,372500,295500,3.431706,490301.0368625868
E02006010,693816,355500,294500,2.605942,1490.6553799021217
E02006010,693817,356500,294500,2.607302,701313.7154926823
E02006010,693818,357500,294500,2.637653,1000000.0
E02006010,693819,358500,294500,2.657272,1000000.0
E02006010,693820,359500,294500,2.660705,1000000.0
E02006010,693821,360500,294500,2.679971,1000000.0
E02006010,693822,361500,294500,2.691431,1000000.0
E02006010,693823,362500,294500,2.704413,1000000.0
E02006010,693824,363500,294500,2.743568,1000000.0
E02006010,693825,364500,294500,2.759783,1000000.0
E02006010,693826,365500,294500,2.777909,1000000.0
E02006010,693827,366500,294500,2.988576,1000000.0
E02006010,693828,367500,294500,2.891196,1000000.0
E02006010,693829,368500,294500,2.869848,1000000.0
E02006010,693830,369500,294500,2.950528,1000000.0
E02006010,693831,370500,294500,3.216316,920471.4449772738
E02006010,693832,371500,294500,3.391885,977176.1631886812
E02006010,693833,372500,294500,3.683744,314222.5523355555
E02006010,694506,355500,293500,2.612565,235792.28197186455
E02006010,694507,356500,293500,2.712302,998727.8836022551
E02006010,694508,357500,293500,2.657211,1000000.0
E02006010,694509,358500,293500,2.573547,1000000.0
E02006010,694510,359500,293500,2.598297,1000000.0
E02006010,694511,360500,293500,2.620359,1000000.0
E02006010,694512,361500,293500,2.648522,1000000.0
E02006010,694513,362500,293500,2.666718,1000000.0
E02006010,694514,363500,293500,2.651779,1000000.0
E02006010,694515,364500,293500,2.672937,1000000.0
E02006010,694516,365500,293500,2.665482,1000000.0
E02006010,694517,366500,293500,2.69478,1000000.0
E02006010,694518,367500,293500,2.886211,1000000.0
E02006010,694519,368500,293500,2.966274,1000000.0
E02006010,694520,369500,293500,3.130953,1000000.0
E02006010,694521,370500,293500,3.84489,399133.9110382362
E02006010,694522,371500,293500,4.404983,10194.286114547067
E02006010,694523,372500,293500,4.302906,10733.281947157991
E02006010,695195,354500,292500,2.47558,26088.696478330836
E02006010,695196,355500,292500,2.470831,802867.924232863
E02006010,695197,356500,292500,2.546314,1000000.0
E02006010,695198,357500,292500,2.536286,1000000.0
E02006010,695199,358500,292500,2.545238,1000000.0
E02006010,695200,359500,292500,2.578996,999637.3287882975
E02006010,695201,360500,292500,2.554066,723201.1211575991
E02006010,695202,361500,292500,2.558157,838299.8330310135
E02006010,695203,362500,292500,2.557028,775797.9335372966
E02006010,695204,363500,292500,2.568622,821750.4703489695
E02006010,695205,364500,292500,2.605902,1000000.0
E02006010,695206,365500,292500,2.594169,1000000.0
E02006010,695207,366500,292500,2.635049,1000000.0
E02006010,695208,367500,292500,2.669374,1000000.0
E02006010,695209,368500,292500,2.736993,1000000.0
E02006010,695210,369500,292500,2.885786,934059.446959928
E02006010,695211,370500,292500,3.494687,200225.40794657244
E02006010,695885,354500,291500,2.477119,301929.89707294066
E02006010,695886,355500,291500,2.477664,994944.6491407084
E02006010,695887,356500,291500,2.547681,1000000.0
E02006010,695888,357500,291500,2.518666,1000000.0
E02006010,695889,358500,291500,2.55839,1000000.0
E02006010,695890,359500,291500,2.497849,902383.0578598566
E02006010,695891,360500,291500,2.492022,27290.32399927386
E02006010,695892,361500,291500,2.502827,10212.354741195617
E02006010,695893,362500,291500,2.527322,103072.41832020527
E02006010,695894,363500,291500,2.53081,228101.58974169393
E02006010,695895,364500,291500,2.560745,747564.2578191629
E02006010,695896,365500,291500,2.539935,929630.8845004931
E02006010,695897,366500,291500,2.58017,468058.47261336964
E02006010,695898,367500,291500,2.623061,832092.6733270908
E02006010,695899,368500,291500,2.712832,972295.6540127314
E02006010,695900,369500,291500,2.806354,267205.1393525412
E02006010,696575,354500,290500,2.511547,130674.5029934973
E02006010,696576,355500,290500,2.467254,283002.9461248408
E02006010,696577,356500,290500,2.457141,377249.40625536407
E02006010,696578,357500,290500,2.491858,900445.0156095487
E02006010,696579,358500,290500,2.474512,939461.8017227721
E02006010,696580,359500,290500,2.477703,254707.24756739443
E02006010,696585,364500,290500,2.534712,26944.920186859224
E02006010,696586,365500,290500,2.514962,190801.78101788906
E02006010,696588,367500,290500,2.6135,5131.822751371342
E02006010,696589,368500,290500,2.702825,82158.86531341847
E02006010,696590,369500,290500,2.730232,91990.96969963485
E02006010,697268,357500,289500,2.464268,17680.20468836643
E02006010,697269,358500,289500,2.479871,108106.9161420339
E02006011,693831,370500,294500,3.216316,79369.603489188
E02006011,694521,370500,293500,3.84489,590525.2293738265
E02006011,694522,371500,293500,4.404983,113698.21639913689
E02006011,695210,369500,292500,2.885786,65940.55304007193
E02006011,695211,370500,292500,3.494687,799774.5920534276
E02006011,695212,371500,292500,4.191489,825885.3387627471
E02006011,695900,369500,291500,2.806354,697985.2183384025
E02006011,695901,370500,291500,3.077933,965630.4700714442
E02006011,695902,371500,291500,3.291127,359288.2891426768
E02006011,696590,369500,290500,2.730232,48623.92225126484
E02006011,696591,370500,290500,2.925877,291887.00388635596
E02006012,693831,370500,294500,3.216316,158.95153353801692
E02006012,693832,371500,294500,3.391885,22823.83681131871
E02006012,693833,372500,294500,3.683744,57215.11051512517
E02006012,694521,370500,293500,3.84489,10340.859587937253
E02006012,694522,371500,293500,4.404983,876107.497486316
E02006012,694523,372500,293500,4.302906,747115.8695719423
E02006012,695212,371500,292500,4.191489,174114.66123725288
E02006012,695213,372500,292500,5.805505,950263.4701869554
E02006012,695214,373500,292500,3.906284,160400.63942929573
E02006012,695902,371500,291500,3.291127,25317.40508462439
E02006012,695903,372500,291500,3.521857,558196.5569565059
E02006012,695904,373500,291500,3.537747,696074.3725174412
E02006012,695905,374500,291500,3.39273,331694.5425507792
E02006012,696594,373500,290500,3.380235,428352.5107618578
E02006012,696595,374500,290500,3.322182,763213.8043642987
E02006012,696596,375500,290500,3.439126,1910.0650746130082
E02006012,697284,373500,289500,3.160793,5101.178053764997
E02006012,697285,374500,289500,3.466483,29334.38594261966
E02006013,686242,371500,305500,7.867765,38262.73534135494
E02006013,686243,372500,305500,5.598656,224000.56410845666
E02006013,686244,373500,305500,4.65621,395732.8455084354
E02006013,686245,374500,305500,4.324919,89090.80759186328
E02006013,686932,371500,304500,7.317669,253063.24282972043
E02006013,686933,372500,304500,5.023535,1000000.0
E02006013,686934,373500,304500,4.299716,1000000.0
E02006013,686935,374500,304500,4.059116,430428.43761019775
E02006013,686937,376500,304500,4.127496,325.9614356485612
E02006013,686938,377500,304500,4.259515,289980.81866537523
E02006013,686939,378500,304500,4.484795,46824.80160215223
E02006013,687621,370500,303500,5.110899,207074.55566435726
E02006013,687622,371500,303500,5.935019,888924.0594524844
E02006013,687623,372500,303500,4.329146,1000000.0
E02006013,687624,373500,303500,3.957064,1000000.0
E02006013,687625,374500,303500,3.83753,913877.0600714698
E02006013,687626,375500,303500,3.927071,319464.958792909
E02006013,687627,376500,303500,3.991144,689693.768508108
E02006013,687628,377500,303500,4.129874,992608.3281377197
E02006013,687629,378500,303500,4.262529,345332.51381315646
E02006013,688311,370500,302500,4.092793,406214.1231697512
E02006013,688312,371500,302500,4.163058,1000000.0
E02006013,688313,372500,302500,3.997578,1000000.0
E02006013,688314,373500,302500,3.755033,1000000.0
E02006013,688315,374500,302500,3.697144,1000000.0
E02006013,688316,375500,302500,3.821634,990304.5804260239
E02006013,688317,376500,302500,3.930793,999522.2788519806
E02006013,688318,377500,302500,4.065556,1000000.0
E02006013,688319,378500,302500,4.125842,457114.8762354041
E02006013,689001,370500,301500,4.06279,186680.683957553
E02006013,689002,371500,301500,3.629332,947958.3783619077
E02006013,689003,372500,301500,3.808966,1000000.0
E02006013,689004,373500,301500,3.672963,1000000.0
E02006013,689005,374500,301500,3.598102,1000000.0
E02006013,689006,375500,301500,3.779435,1000000.0
E02006013,689007,376500,301500,3.932937,1000000.0
E02006013,689008,377500,301500,4.009897,1000000.0
E02006013,689009,378500,301500,4.069314,204242.54450205853
E02006013,689691,370500,300500,3.38182,119593.97213984143
E02006013,689692,371500,300500,3.394691,939043.3184356085
E02006013,689693,372500,300500,3.684624,1000000.0
E02006013,689694,373500,300500,3.541608,1000000.0
E02006013,689695,374500,300500,3.566226,1000000.0
E02006013,689696,375500,300500,3.672253,1000000.0
E02006013,689697,376500,300500,3.81859,1000000.0
E02006013,689698,377500,300500,3.937978,1000000.0
E02006013,689699,378500,300500,4.05382,130915.8046427167
E02006013,690381,370500,299500,3.304413,433547.4268943789
E02006013,690382,371500,299500,3.36799,1000000.0
E02006013,690383,372500,299500,3.500556,1000000.0
E02006013,690384,373500,299500,3.655658,1000000.0
E02006013,690385,374500,299500,3.614353,1000000.0
E02006013,690386,375500,299500,3.662512,1000000.0
E02006013,690387,376500,299500,3.798842,1000000.0
E02006013,690388,377500,299500,3.920999,1000000.0
E02006013,690389,378500,299500,4.032327,638050.8388857833
E02006013,690390,379500,299500,4.184696,329116.6290622215
E02006013,691071,370500,298500,3.220037,316098.57238728105
E02006013,691072,371500,298500,3.263839,1000000.0
E02006013,691073,372500,298500,3.340487,1000000.0
E02006013,691074,373500,298500,3.621915,1000000.0
E02006013,691075,374500,298500,3.532159,1000000.0
E02006013,691076,375500,298500,3.66063,1000000.0
E02006013,691077,376500,298500,3.788516,1000000.0
E02006013,691078,377500,298500,3.920735,1000000.0
E02006013,691079,378500,298500,4.010228,1000000.0
E02006013,691080,379500,298500,4.168152,999937.9177615484
E02006013,691081,380500,298500,4.324155,671904.7149760278
E02006013,691082,381500,298500,4.581197,161756.41345498763
E02006013,691761,370500,297500,3.145135,556.9103933453297
E02006013,691762,371500,297500,3.197821,282043.843814899
E02006013,691763,372500,297500,3.275032,787324.4191559509
E02006013,691764,373500,297500,3.585662,1000000.0
E02006013,691765,374500,297500,3.504983,1000000.0
E02006013,691766,375500,297500,3.584195,1000000.0
E02006013,691767,376500,297500,3.68972,1000000.0
E02006013,691768,377500,297500,3.881748,1000000.0
E02006013,691769,378500,297500,3.976422,1000000.0
E02006013,691770,379500,297500,4.111199,1000000.0
E02006013,691771,380500,297500,4.276602,1000000.0
E02006013,691772,381500,297500,4.501597,830629.1615007893
E02006013,691773,382500,297500,4.497135,40545.14752087694
E02006013,692453,372500,296500,3.261007,500060.6182088578
E02006013,692454,373500,296500,3.574168,1000000.0
E02006013,692455,374500,296500,3.483704,1000000.0
E02006013,692456,375500,296500,3.591496,1000000.0
E02006013,692457,376500,296500,3.716552,1000000.0
E02006013,692458,377500,296500,3.867174,1000000.0
E02006013,692459,378500,296500,3.981404,1000000.0
E02006013,692460,379500,296500,4.114623,1000000.0
E02006013,692461,380500,296500,4.29644,1000000.0
E02006013,692462,381500,296500,4.506458,999978.6838615136
E02006013,692463,382500,296500,4.65168,302307.55806898035
E02006013,693143,372500,295500,3.431706,509698.9631374132
E02006013,693144,373500,295500,3.54215,1000000.0
E02006013,693145,374500,295500,3.467484,1000000.0
E02006013,693146,375500,295500,3.617434,1000000.0
E02006013,693147,376500,295500,3.858727,1000000.0
E02006013,693148,377500,295500,4.041887,1000000.0
E02006013,693149,378500,295500,4.097294,1000000.0
E02006013,693150,379500,295500,4.300282,1000000.0
E02006013,693151,380500,295500,4.50106,996641.3529514922
E02006013,693152,381500,295500,4.689507,485564.92292080703
E02006013,693833,372500,294500,3.683744,628562.3371493194
E02006013,693834,373500,294500,3.573922,1000000.0
E02006013,693835,374500,294500,3.694193,1000000.0
E02006013,693836,375500,294500,3.745091,1000000.0
E02006013,693837,376500,294500,3.757153,1000000.0
E02006013,693838,377500,294500,3.803531,1000000.0
E02006013,693839,378500,294500,3.929483,1000000.0
E02006013,693840,379500,294500,4.112913,1000000.0
E02006013,693841,380500,294500,4.333365,1000000.0
E02006013,693842,381500,294500,4.557558,877647.606652307
E02006013,693843,382500,294500,4.509685,191176.03301640903
E02006013,694523,372500,293500,4.302906,242150.8484808997
E02006013,694524,373500,293500,3.995244,1000000.0
E02006013,694525,374500,293500,3.641038,1000000.0
E02006013,694526,375500,293500,3.593849,1000000.0
E02006013,694527,376500,293500,3.615753,1000000.0
E02006013,694528,377500,293500,3.739623,1000000.0
E02006013,694529,378500,293500,3.86289,1000000.0
E02006013,694530,379500,293500,4.152444,1000000.0
E02006013,694531,380500,293500,4.243318,1000000.0
E02006013,694532,381500,293500,4.45206,1000000.0
E02006013,694533,382500,293500,4.462916,373205.026574321
E02006013,695213,372500,292500,5.805505,49736.52981304462
E02006013,695214,373500,292500,3.906284,839599.3605707043
E02006013,695215,374500,292500,3.885656,1000000.0
E02006013,695216,375500,292500,3.587046,1000000.0
E02006013,695217,376500,292500,3.562478,1000000.0
E02006013,695218,377500,292500,3.695272,1000000.0
E02006013,695219,378500,292500,3.807356,1000000.0
E02006013,695220,379500,292500,3.959604,1000000.0
E02006013,695221,380500,292500,4.128273,1000000.0
E02006013,695222,381500,292500,4.358696,959559.8506344262
E02006013,695223,382500,292500,4.662199,103261.46007223008
E02006013,695904,373500,291500,3.537747,186019.18669271003
E02006013,695905,374500,291500,3.39273,668305.4574492208
E02006013,695906,375500,291500,3.510761,1000000.0
E02006013,695907,376500,291500,3.623082,1000000.0
E02006013,695908,377500,291500,3.689595,1000000.0
E02006013,695909,378500,291500,3.769602,1000000.0
E02006013,695910,379500,291500,3.929354,1000000.0
E02006013,695911,380500,291500,4.106403,1000000.0
E02006013,695912,381500,291500,4.316418,757770.0359592866
E02006013,695913,382500,291500,4.635436,125768.93612158149
E02006013,696594,373500,290500,3.380235,66558.63105319298
E02006013,696595,374500,290500,3.322182,236786.19563570138
E02006013,696596,375500,290500,3.439126,998089.934925387
E02006013,696597,376500,290500,3.653067,1000000.0
E02006013,696598,377500,290500,3.680752,1000000.0
E02006013,696599,378500,290500,3.778863,1000000.0
E02006013,696600,379500,290500,3.913922,1000000.0
E02006013,696601,380500,290500,4.125993,464293.8680895199
E02006013,696602,381500,290500,4.331995,8192.009172738553
E02006013,697284,373500,289500,3.160793,589997.332569919
E02006013,697285,374500,289500,3.466483,970665.6140573804
E02006013,697286,375500,289500,3.466509,1000000.0
E02006013,697287,376500,289500,3.598067,1000000.0
E02006013,697288,377500,289500,3.777527,1000000.0
E02006013,697289,378500,289500,3.818056,1000000.0
E02006013,697290,379500,289500,3.90661,712498.8624229709
E02006013,697291,380500,289500,4.086833,2104.771914078103
E02006013,697974,373500,288500,3.086156,339367.90999981493
E02006013,697975,374500,288500,3.331062,955979.0994514998
E02006013,697976,375500,288500,3.762451,1000000.0
E02006013,697977,376500,288500,3.626866,1000000.0
E02006013,697978,377500,288500,3.665078,1000000.0
E02006013,697979,378500,288500,3.82447,983928.0236051679
E02006013,697980,379500,288500,3.994627,108911.9822459187
E02006013,698665,374500,287500,3.696831,484228.7131898465
E02006013,698666,375500,287500,3.951084,1000000.0
E02006013,698667,376500,287500,3.734138,1000000.0
E02006013,698668,377500,287500,3.658465,1000000.0
E02006013,698669,378500,287500,3.74832,965587.1401532077
E02006013,698670,379500,287500,3.891063,129989.75018460216
E02006013,699355,374500,286500,6.276454,374234.2643544687
E02006013,699356,375500,286500,3.923263,1000000.0
E02006013,699357,376500,286500,3.800652,1000000.0
E02006013,699358,377500,286500,3.644501,1000000.0
E02006013,699359,378500,286500,3.686949,1000000.0
E02006013,699360,379500,286500,3.826521,838439.2755724075
E02006013,699361,380500,286500,4.038548,10453.433578284385
E02006013,700045,374500,285500,3.464797,531715.4011961578
E02006013,700046,375500,285500,3.468373,1000000.0
E02006013,700047,376500,285500,3.717181,1000000.0
E02006013,700048,377500,285500,3.584875,1000000.0
E02006013,700049,378500,285500,3.640832,1000000.0
E02006013,700050,379500,285500,3.790009,1000000.0
E02006013,700051,380500,285500,4.012134,219041.92306632106
E02006013,700735,374500,284500,3.296818,421421.727711132
E02006013,700736,375500,284500,3.401055,1000000.0
E02006013,700737,376500,284500,3.839314,1000000.0
E02006013,700738,377500,284500,3.585478,1000000.0
E02006013,700739,378500,284500,3.65101,1000000.0
E02006013,700740,379500,284500,3.812889,1000000.0
E02006013,700741,380500,284500,4.041312,429013.08313286596
E02006013,701425,374500,283500,3.383896,19847.726569138988
E02006013,701426,375500,283500,3.331556,860807.195757994
E02006013,701427,376500,283500,3.490665,1000000.0
E02006013,701428,377500,283500,3.644364,1000000.0
E02006013,701429,378500,283500,3.688166,1000000.0
E02006013,701430,379500,283500,3.81298,709705.1237021162
E02006013,701431,380500,283500,4.022402,72501.03736690509
E02006013,702116,375500,282500,3.2521,461449.7971292418
E02006013,702117,376500,282500,3.344968,669539.4754449792
E02006013,702118,377500,282500,3.622014,875663.0741056725
E02006013,702119,378500,282500,3.751623,849950.6219858562
E02006013,702120,379500,282500,3.81666,59481.75128705236
E02006013,702808,377500,281500,3.456667,658.7995312445665
E02006014,695200,359500,292500,2.578996,362.6712117025543
E02006014,695201,360500,292500,2.554066,276798.87884240074
E02006014,695202,361500,292500,2.558157,161700.16696898657
E02006014,695203,362500,292500,2.557028,224202.0664627033
E02006014,695204,363500,292500,2.568622,178249.52965103058
E02006014,695890,359500,291500,2.497849,97616.94214014332
E02006014,695891,360500,291500,2.492022,972709.6760007262
E02006014,695892,361500,291500,2.502827,989787.6452588044
E02006014,695893,362500,291500,2.527322,896927.5816797948
E02006014,695894,363500,291500,2.53081,771898.4102583061
E02006014,695895,364500,291500,2.560745,252435.74218083703
E02006014,695896,365500,291500,2.539935,70369.11549950692
E02006014,695897,366500,291500,2.58017,531941.5273866303
E02006014,695898,367500,291500,2.623061,167907.3266729092
E02006014,695899,368500,291500,2.712832,27704.34598726859
E02006014,695900,369500,291500,2.806354,34809.642309056246
E02006014,695901,370500,291500,3.077933,34369.529928555945
E02006014,695902,371500,291500,3.291127,615394.3057726988
E02006014,695903,372500,291500,3.521857,441803.44304349425
E02006014,695904,373500,291500,3.537747,117906.44078984881
E02006014,696579,358500,290500,2.474512,60538.198277227966
E02006014,696580,359500,290500,2.477703,745292.7524326055
E02006014,696581,360500,290500,2.483269,1000000.0
E02006014,696582,361500,290500,2.509295,1000000.0
E02006014,696583,362500,290500,2.546835,1000000.0
E02006014,696584,363500,290500,2.545448,1000000.0
E02006014,696585,364500,290500,2.534712,973055.0798131408
E02006014,696586,365500,290500,2.514962,809198.218982111
E02006014,696587,366500,290500,2.569353,1000000.0
E02006014,696588,367500,290500,2.6135,994868.1772486287
E02006014,696589,368500,290500,2.702825,917841.1346865816
E02006014,696590,369500,290500,2.730232,859385.1080491003
E02006014,696591,370500,290500,2.925877,708112.9961136441
E02006014,696592,371500,290500,3.017075,1000000.0
E02006014,696593,372500,290500,3.171563,1000000.0
E02006014,696594,373500,290500,3.380235,505088.85818494915
E02006014,697268,357500,289500,2.464268,1220.6429931454923
E02006014,697269,358500,289500,2.479871,735719.1738074109
E02006014,697270,359500,289500,2.494861,1000000.0
E02006014,697271,360500,289500,2.524598,1000000.0
E02006014,697272,361500,289500,2.591957,1000000.0
E02006014,697273,362500,289500,2.51085,1000000.0
E02006014,697274,363500,289500,2.504956,1000000.0
E02006014,697275,364500,289500,2.498486,1000000.0
E02006014,697276,365500,289500,2.570411,1000000.0
E02006014,697277,366500,289500,2.662492,1000000.0
E02006014,697278,367500,289500,2.713163,1000000.0
E02006014,697279,368500,289500,2.734091,1000000.0
E02006014,697280,369500,289500,2.776911,1000000.0
E02006014,697281,370500,289500,2.888037,1000000.0
E02006014,697282,371500,289500,2.886073,1000000.0
E02006014,697283,372500,289500,3.036285,1000000.0
E02006014,697284,373500,289500,3.160793,404901.489376316
E02006014,697958,357500,288500,2.419805,1060.526229493348
E02006014,697959,358500,288500,2.424647,413326.9725487514
E02006014,697960,359500,288500,2.457966,1000000.0
E02006014,697961,360500,288500,2.471026,1000000.0
E02006014,697962,361500,288500,2.501473,1000000.0
E02006014,697963,362500,288500,2.451657,1000000.0
E02006014,697964,363500,288500,2.479426,1000000.0
E02006014,697965,364500,288500,2.501841,1000000.0
E02006014,697966,365500,288500,2.582944,1000000.0
E02006014,697967,366500,288500,2.595105,1000000.0
E02006014,697968,367500,288500,2.637455,1000000.0
E02006014,697969,368500,288500,2.669732,1000000.0
E02006014,697970,369500,288500,2.715417,1000000.0
E02006014,697971,370500,288500,2.811233,1000000.0
E02006014,697972,371500,288500,2.85031,1000000.0
E02006014,697973,372500,288500,2.989749,1000000.0
E02006014,697974,373500,288500,3.086156,660632.0900001851
E02006014,697975,374500,288500,3.331062,44020.90054850024
E02006014,698649,358500,287500,2.422292,50027.23326410529
E02006014,698650,359500,287500,2.417098,937050.6145630406
E02006014,698651,360500,287500,2.395793,1000000.0
E02006014,698652,361500,287500,2.414351,1000000.0
E02006014,698653,362500,287500,2.457842,1000000.0
E02006014,698654,363500,287500,2.479992,1000000.0
E02006014,698655,364500,287500,2.448564,1000000.0
E02006014,698656,365500,287500,2.52705,1000000.0
E02006014,698657,366500,287500,2.577855,1000000.0
E02006014,698658,367500,287500,2.620674,1000000.0
E02006014,698659,368500,287500,2.671638,1000000.0
E02006014,698660,369500,287500,2.723911,1000000.0
E02006014,698661,370500,287500,2.758082,1000000.0
E02006014,698662,371500,287500,2.81354,1000000.0
E02006014,698663,372500,287500,3.007357,1000000.0
E02006014,698664,373500,287500,3.105362,1000000.0
E02006014,698665,374500,287500,3.696831,515771.28681015346
E02006014,699340,359500,286500,2.379643,491791.0412611883
E02006014,699341,360500,286500,2.359988,1000000.0
E02006014,699342,361500,286500,2.416271,1000000.0
E02006014,699343,362500,286500,2.462991,1000000.0
E02006014,699344,363500,286500,2.443328,1000000.0
E02006014,699345,364500,286500,2.454153,1000000.0
E02006014,699346,365500,286500,2.536952,1000000.0
E02006014,699347,366500,286500,2.574763,1000000.0
E02006014,699348,367500,286500,2.596404,1000000.0
E02006014,699349,368500,286500,2.628089,1000000.0
E02006014,699350,369500,286500,2.695432,1000000.0
E02006014,699351,370500,286500,2.74226,1000000.0
E02006014,699352,371500,286500,2.805423,1000000.0
E02006014,699353,372500,286500,2.985759,1000000.0
E02006014,699354,373500,286500,3.309343,1000000.0
E02006014,699355,374500,286500,6.276454,625765.7356455313
E02006014,700030,359500,285500,2.363897,340761.0259116703
E02006014,700031,360500,285500,2.352448,1000000.0
E02006014,700032,361500,285500,2.436138,1000000.0
E02006014,700033,362500,285500,2.446227,1000000.0
E02006014,700034,363500,285500,2.429201,1000000.0
E02006014,700035,364500,285500,2.445841,1000000.0
E02006014,700036,365500,285500,2.519615,1000000.0
E02006014,700037,366500,285500,2.552491,1000000.0
E02006014,700038,367500,285500,2.595872,1000000.0
E02006014,700039,368500,285500,2.65097,1000000.0
E02006014,700040,369500,285500,2.6718,1000000.0
E02006014,700041,370500,285500,2.785371,1000000.0
E02006014,700042,371500,285500,2.810479,1000000.0
E02006014,700043,372500,285500,2.9395,1000000.0
E02006014,700044,373500,285500,3.248546,1000000.0
E02006014,700045,374500,285500,3.464797,468284.5988038422
E02006014,700720,359500,284500,2.370244,382255.0031616298
E02006014,700721,360500,284500,2.363371,983269.0987644874
E02006014,700722,361500,284500,2.436259,1000000.0
E02006014,700723,362500,284500,2.414941,1000000.0
E02006014,700724,363500,284500,2.451394,1000000.0
E02006014,700725,364500,284500,2.490184,1000000.0
E02006014,700726,365500,284500,2.525413,1000000.0
E02006014,700727,366500,284500,2.599513,1000000.0
E02006014,700728,367500,284500,2.627381,1000000.0
E02006014,700729,368500,284500,2.653698,1000000.0
E02006014,700730,369500,284500,2.691492,1000000.0
E02006014,700731,370500,284500,2.790484,1000000.0
E02006014,700732,371500,284500,2.875543,1000000.0
E02006014,700733,372500,284500,2.967731,1000000.0
E02006014,700734,373500,284500,3.332658,1000000.0
E02006014,700735,374500,284500,3.296818,578578.2722888679
E02006014,701411,360500,283500,2.423435,88560.84374770321
E02006014,701412,361500,283500,2.433826,157360.29288997257
E02006014,701413,362500,283500,2.428672,724010.0592802834
E02006014,701414,363500,283500,2.454134,1000000.0
E02006014,701415,364500,283500,2.441836,1000000.0
E02006014,701416,365500,283500,2.549406,1000000.0
E02006014,701417,366500,283500,2.607157,1000000.0
E02006014,701418,367500,283500,2.682431,1000000.0
E02006014,701419,368500,283500,2.692788,1000000.0
E02006014,701420,369500,283500,2.777089,1000000.0
E02006014,701421,370500,283500,2.803578,1000000.0
E02006014,701422,371500,283500,2.891193,1000000.0
E02006014,701423,372500,283500,2.974739,1000000.0
E02006014,701424,373500,283500,3.176832,1000000.0
E02006014,701425,374500,283500,3.383896,980152.273430861
E02006014,701426,375500,283500,3.331556,139192.80424200604
E02006014,702103,362500,282500,2.466585,402998.40812550404
E02006014,702104,363500,282500,2.498319,1000000.0
E02006014,702105,364500,282500,2.461453,1000000.0
E02006014,702106,365500,282500,2.571,1000000.0
E02006014,702107,366500,282500,2.662131,1000000.0
E02006014,702108,367500,282500,2.699623,1000000.0
E02006014,702109,368500,282500,2.727082,1000000.0
E02006014,702110,369500,282500,2.713406,1000000.0
E02006014,702111,370500,282500,2.770216,1000000.0
E02006014,702112,371500,282500,2.834181,1000000.0
E02006014,702113,372500,282500,3.013795,1000000.0
E02006014,702114,373500,282500,3.109049,1000000.0
E02006014,702115,374500,282500,3.25885,1000000.0
E02006014,702116,375500,282500,3.2521,252359.59160319826
E02006014,702792,361500,281500,2.438266,176315.70970909632
E02006014,702793,362500,281500,2.464091,598291.5431797322
E02006014,702794,363500,281500,2.499818,1000000.0
E02006014,702795,364500,281500,2.489269,1000000.0
E02006014,702796,365500,281500,2.58189,1000000.0
E02006014,702797,366500,281500,2.643234,1000000.0
E02006014,702798,367500,281500,2.675241,1000000.0
E02006014,702799,368500,281500,2.704055,1000000.0
E02006014,702800,369500,281500,2.717278,1000000.0
E02006014,702801,370500,281500,2.787776,1000000.0
E02006014,702802,371500,281500,2.844441,1000000.0
E02006014,702803,372500,281500,2.970643,1000000.0
E02006014,702804,373500,281500,3.044204,1000000.0
E02006014,702805,374500,281500,3.161271,1000000.0
E02006014,702806,375500,281500,3.210345,371010.1354842184
E02006014,703482,361500,280500,2.439568,199881.9028158755
E02006014,703483,362500,280500,2.454404,609903.9974138412
E02006014,703484,363500,280500,2.489288,1000000.0
E02006014,703485,364500,280500,2.530676,1000000.0
E02006014,703486,365500,280500,2.633531,1000000.0
E02006014,703487,366500,280500,2.63596,1000000.0
E02006014,703488,367500,280500,2.666766,1000000.0
E02006014,703489,368500,280500,2.705741,1000000.0
E02006014,703490,369500,280500,2.746311,1000000.0
E02006014,703491,370500,280500,2.802927,1000000.0
E02006014,703492,371500,280500,2.92665,1000000.0
E02006014,703493,372500,280500,2.97224,1000000.0
E02006014,703494,373500,280500,3.107443,1000000.0
E02006014,703495,374500,280500,3.168587,1000000.0
E02006014,703496,375500,280500,3.211474,268117.9898760239
E02006014,704173,362500,279500,2.542413,358789.9177196959
E02006014,704174,363500,279500,2.594534,998051.9202410453
E02006014,704175,364500,279500,2.592221,711933.2336179846
E02006014,704176,365500,279500,2.641555,636456.4441676426
E02006014,704177,366500,279500,2.679275,983660.31590427
E02006014,704178,367500,279500,2.7026,1000000.0
E02006014,704179,368500,279500,2.741073,1000000.0
E02006014,704180,369500,279500,2.767304,1000000.0
E02006014,704181,370500,279500,2.885332,1000000.0
E02006014,704182,371500,279500,2.967861,1000000.0
E02006014,704183,372500,279500,3.060589,1000000.0
E02006014,704184,373500,279500,3.736839,1000000.0
E02006014,704185,374500,279500,3.167433,1000000.0
E02006014,704186,375500,279500,3.243824,146729.56899339054
E02006014,704863,362500,278500,2.58966,206310.35085990815
E02006014,704864,363500,278500,2.601688,98057.03742386993
E02006014,704866,365500,278500,2.624285,56496.17534113291
E02006014,704867,366500,278500,2.6625,925472.6017253706
E02006014,704868,367500,278500,2.728367,1000000.0
E02006014,704869,368500,278500,2.77854,1000000.0
E02006014,704870,369500,278500,2.839422,1000000.0
E02006014,704871,370500,278500,2.857549,1000000.0
E02006014,704872,371500,278500,2.891732,1000000.0
E02006014,704873,372500,278500,2.973269,1000000.0
E02006014,704874,373500,278500,3.052986,1000000.0
E02006014,704875,374500,278500,3.137259,955704.6055951547
E02006014,704876,375500,278500,3.276222,79258.40609997843
E02006014,705556,365500,277500,2.646365,495300.521938005
E02006014,705557,366500,277500,2.693137,998387.8954290283
E02006014,705558,367500,277500,2.765755,1000000.0
E02006014,705559,368500,277500,2.886232,1000000.0
E02006014,705560,369500,277500,2.809851,1000000.0
E02006014,705561,370500,277500,2.827856,1000000.0
E02006014,705562,371500,277500,2.879349,1000000.0
E02006014,705563,372500,277500,2.952635,1000000.0
E02006014,705564,373500,277500,3.005744,1000000.0
E02006014,705565,374500,277500,3.096684,1000000.0
E02006014,705566,375500,277500,3.24568,912556.5322335681
E02006014,705567,376500,277500,3.44076,406125.85011638387
E02006014,705568,377500,277500,3.63087,9073.654677908398
E02006014,706246,365500,276500,2.664237,94547.89732332347
E02006014,706247,366500,276500,2.743184,330068.49034258496
E02006014,706248,367500,276500,2.974414,637440.3174617057
E02006014,706249,368500,276500,2.987991,363093.261784907
E02006014,706250,369500,276500,2.808564,631076.3307154962
E02006014,706251,370500,276500,2.828587,341034.0760493978
E02006014,706252,371500,276500,2.884228,521423.94478049554
E02006014,706253,372500,276500,2.961071,657721.4377071969
E02006014,706254,373500,276500,3.014731,753757.2637606795
E02006014,706255,374500,276500,3.128558,633605.9927344278
E02006014,706256,375500,276500,3.242502,297088.9492921443
E02006014,706257,376500,276500,3.421139,474270.19940601656
E02006014,706258,377500,276500,3.733047,180072.2560794327
E02006016,659333,372500,344500,4.469135,51843.18763613822
E02006016,659334,373500,344500,4.484555,320902.91062458704
E02006016,659335,374500,344500,4.279377,430324.52900004043
E02006016,660008,357500,343500,3.70423,22434.680655553613
E02006016,660009,358500,343500,3.643179,469892.5438041361
E02006016,660010,359500,343500,3.730196,259691.42293098915
E02006016,660021,370500,343500,4.009599,96593.69431532752
E02006016,660022,371500,343500,4.098092,341871.29529178573
E02006016,660023,372500,343500,4.383734,612917.6114627894
E02006016,660024,373500,343500,4.407882,1000000.0
E02006016,660025,374500,343500,4.226347,794071.4483821021
E02006016,660026,375500,343500,4.478557,268.6973720854028
E02006016,660698,357500,342500,3.707741,413630.0728199493
E02006016,660699,358500,342500,3.744141,1000000.0
E02006016,660700,359500,342500,3.7611,759262.3499408169
E02006016,660701,360500,342500,3.63767,63320.750257071326
E02006016,660706,365500,342500,4.749123,206.9067386872822
E02006016,660711,370500,342500,3.977546,124264.57705928099
E02006016,660712,371500,342500,4.051385,1000000.0
E02006016,660713,372500,342500,4.300363,1000000.0
E02006016,660714,373500,342500,4.508439,1000000.0
E02006016,660715,374500,342500,4.248171,975578.5133157053
E02006016,660716,375500,342500,4.365814,182404.3609895226
E02006016,661387,356500,341500,4.088423,519222.360558
E02006016,661388,357500,341500,3.828299,999497.7127801772
E02006016,661389,358500,341500,3.599998,1000000.0
E02006016,661390,359500,341500,3.458951,983422.7214035876
E02006016,661391,360500,341500,3.413589,27972.264510904814
E02006016,661395,364500,341500,3.694155,23709.61867831804
E02006016,661396,365500,341500,4.445302,621474.8812187646
E02006016,661397,366500,341500,4.183069,228900.42191776005
E02006016,661398,367500,341500,4.067039,31785.900476609466
E02006016,661400,369500,341500,3.881297,31535.893235994314
E02006016,661401,370500,341500,3.875818,501642.8869552131
E02006016,661402,371500,341500,3.932319,1000000.0
E02006016,661403,372500,341500,4.109403,1000000.0
E02006016,661404,373500,341500,4.39584,1000000.0
E02006016,661405,374500,341500,4.397862,560939.3079604579
E02006016,662074,353500,340500,4.665062,37478.4160997155
E02006016,662076,355500,340500,4.108632,318385.8424080199
E02006016,662077,356500,340500,3.72629,918590.3190286681
E02006016,662078,357500,340500,3.529288,1000000.0
E02006016,662079,358500,340500,3.406577,1000000.0
E02006016,662080,359500,340500,3.307263,996384.5370511124
E02006016,662081,360500,340500,3.304104,302561.37727800955
E02006016,662082,361500,340500,3.333399,310571.12180768175
E02006016,662083,362500,340500,3.372554,640113.4281369128
E02006016,662084,363500,340500,3.401623,35238.73560312518
E02006016,662085,364500,340500,3.479542,56108.12659742299
E02006016,662086,365500,340500,3.824674,1000000.0
E02006016,662087,366500,340500,4.58186,999126.8211703533
E02006016,662088,367500,340500,4.011732,647785.3165274382
E02006016,662089,368500,340500,3.821699,669506.290980946
E02006016,662090,369500,340500,3.811518,937614.1960387316
E02006016,662091,370500,340500,3.829687,1000000.0
E02006016,662092,371500,340500,3.874676,1000000.0
E02006016,662093,372500,340500,4.075338,721620.2746493571
E02006016,662094,373500,340500,4.299324,841512.8716611258
E02006016,662095,374500,340500,4.377421,427616.3799638199
E02006016,662762,351500,339500,5.742412,127443.52420576439
E02006016,662763,352500,339500,4.405876,793359.8431020917
E02006016,662764,353500,339500,3.927634,904216.0091604368
E02006016,662765,354500,339500,3.905969,550809.7397087252
E02006016,662766,355500,339500,4.102167,938710.6927257286
E02006016,662767,356500,339500,3.644027,1000000.0
E02006016,662768,357500,339500,3.571699,1000000.0
E02006016,662769,358500,339500,3.361404,1000000.0
E02006016,662770,359500,339500,3.275927,1000000.0
E02006016,662771,360500,339500,3.277614,991629.627732518
E02006016,662772,361500,339500,3.274926,997320.0303506049
E02006016,662773,362500,339500,3.276505,1000000.0
E02006016,662774,363500,339500,3.325703,819918.4950885024
E02006016,662775,364500,339500,3.415347,340060.33221234643
E02006016,662776,365500,339500,3.640275,1000000.0
E02006016,662777,366500,339500,4.121003,1000000.0
E02006016,662778,367500,339500,4.071803,1000000.0
E02006016,662779,368500,339500,3.833744,1000000.0
E02006016,662780,369500,339500,3.691382,1000000.0
E02006016,662781,370500,339500,3.830456,1000000.0
E02006016,662782,371500,339500,3.869615,873179.0957035978
E02006016,662783,372500,339500,4.051334,808097.3863832142
E02006016,662784,373500,339500,4.124356,276389.2081371212
E02006016,662785,374500,339500,4.238507,70893.6012916427
E02006016,663452,351500,338500,5.267815,706528.8884567134
E02006016,663453,352500,338500,4.225711,1000000.0
E02006016,663454,353500,338500,3.77521,1000000.0
E02006016,663455,354500,338500,3.645301,1000000.0
E02006016,663456,355500,338500,4.113602,1000000.0
E02006016,663457,356500,338500,3.600665,1000000.0
E02006016,663458,357500,338500,3.395342,1000000.0
E02006016,663459,358500,338500,3.323839,1000000.0
E02006016,663460,359500,338500,3.313272,1000000.0
E02006016,663461,360500,338500,3.205914,1000000.0
E02006016,663462,361500,338500,3.202465,1000000.0
E02006016,663463,362500,338500,3.249809,1000000.0
E02006016,663464,363500,338500,3.240359,1000000.0
E02006016,663465,364500,338500,3.300539,999898.8473540791
E02006016,663466,365500,338500,3.408315,1000000.0
E02006016,663467,366500,338500,3.687606,1000000.0
E02006016,663468,367500,338500,4.309913,1000000.0
E02006016,663469,368500,338500,3.805095,1000000.0
E02006016,663470,369500,338500,3.656582,1000000.0
E02006016,663471,370500,338500,3.873887,768583.65989585
E02006016,663472,371500,338500,3.871623,52393.4948181132
E02006016,663473,372500,338500,4.040466,47023.372924154486
E02006016,664142,351500,337500,5.303562,737032.3881026418
E02006016,664143,352500,337500,4.118657,1000000.0
E02006016,664144,353500,337500,3.66255,1000000.0
E02006016,664145,354500,337500,3.599634,1000000.0
E02006016,664146,355500,337500,3.90631,1000000.0
E02006016,664147,356500,337500,3.620836,1000000.0
E02006016,664148,357500,337500,3.330972,1000000.0
E02006016,664149,358500,337500,3.232909,1000000.0
E02006016,664150,359500,337500,3.179433,1000000.0
E02006016,664151,360500,337500,3.197228,1000000.0
E02006016,664152,361500,337500,3.163412,1000000.0
E02006016,664153,362500,337500,3.173085,1000000.0
E02006016,664154,363500,337500,3.219258,1000000.0
E02006016,664155,364500,337500,3.275286,1000000.0
E02006016,664156,365500,337500,3.39365,1000000.0
E02006016,664157,366500,337500,3.798591,1000000.0
E02006016,664158,367500,337500,4.188142,1000000.0
E02006016,664159,368500,337500,3.839931,1000000.0
E02006016,664160,369500,337500,3.681163,1000000.0
E02006016,664161,370500,337500,3.767144,294258.92586440325
E02006016,664832,351500,336500,4.912095,405491.647289029
E02006016,664833,352500,336500,3.830196,730497.0643649615
E02006016,664834,353500,336500,3.484232,559149.3725492931
E02006016,664835,354500,336500,3.49439,864140.2139467127
E02006016,664836,355500,336500,3.571568,1000000.0
E02006016,664837,356500,336500,3.72877,1000000.0
E02006016,664838,357500,336500,3.321965,1000000.0
E02006016,664839,358500,336500,3.202793,1000000.0
E02006016,664840,359500,336500,3.139744,1000000.0
E02006016,664841,360500,336500,3.155791,1000000.0
E02006016,664842,361500,336500,3.151525,1000000.0
E02006016,664843,362500,336500,3.226268,1000000.0
E02006016,664844,363500,336500,3.244246,1000000.0
E02006016,664845,364500,336500,3.313297,1000000.0
E02006016,664846,365500,336500,3.439439,1000000.0
E02006016,664847,366500,336500,3.788661,1000000.0
E02006016,664848,367500,336500,4.495769,1000000.0
E02006016,664849,368500,336500,4.036181,1000000.0
E02006016,664850,369500,336500,3.80125,611247.7691392002
E02006016,664851,370500,336500,3.870987,8521.759349466045
E02006016,665525,354500,335500,3.357737,578946.6414121833
E02006016,665526,355500,335500,3.517231,1000000.0
E02006016,665527,356500,335500,3.623154,1000000.0
E02006016,665528,357500,335500,3.282689,1000000.0
E02006016,665529,358500,335500,3.172054,1000000.0
E02006016,665530,359500,335500,3.132429,1000000.0
E02006016,665531,360500,335500,3.134013,1000000.0
E02006016,665532,361500,335500,3.181364,1000000.0
E02006016,665533,362500,335500,3.16795,1000000.0
E02006016,665534,363500,335500,3.273718,1000000.0
E02006016,665535,364500,335500,3.313357,1000000.0
E02006016,665536,365500,335500,3.539511,1000000.0
E02006016,665537,366500,335500,4.10899,968847.3699497859
E02006016,665538,367500,335500,5.293007,929041.258751557
E02006016,665539,368500,335500,4.533966,1000000.0
E02006016,665540,369500,335500,4.073416,352796.7521422162
E02006016,666215,354500,334500,3.257793,841714.422882606
E02006016,666216,355500,334500,3.415959,1000000.0
E02006016,666217,356500,334500,3.269877,1000000.0
E02006016,666218,357500,334500,3.508939,1000000.0
E02006016,666219,358500,334500,3.240769,1000000.0
E02006016,666220,359500,334500,3.149763,1000000.0
E02006016,666221,360500,334500,3.274713,1000000.0
E02006016,666222,361500,334500,3.313503,1000000.0
E02006016,666223,362500,334500,3.261919,1000000.0
E02006016,666224,363500,334500,3.358837,1000000.0
E02006016,666225,364500,334500,3.412411,1000000.0
E02006016,666226,365500,334500,3.885327,997656.9309959775
E02006016,666227,366500,334500,4.936926,208770.99573558534
E02006016,666228,367500,334500,6.842488,10.015646027712535
E02006016,666229,368500,334500,5.460553,109566.0976949708
E02006016,666230,369500,334500,4.255917,18667.00949268886
E02006016,666904,353500,333500,3.181478,3406.0036036355123
E02006016,666905,354500,333500,3.212208,931207.1369303754
E02006016,666906,355500,333500,3.436816,1000000.0
E02006016,666907,356500,333500,3.193652,1000000.0
E02006016,666908,357500,333500,3.173729,1000000.0
E02006016,666909,358500,333500,3.251979,1000000.0
E02006016,666910,359500,333500,3.290362,1000000.0
E02006016,666911,360500,333500,3.196147,1000000.0
E02006016,666912,361500,333500,3.213264,1000000.0
E02006016,666913,362500,333500,3.432716,1000000.0
E02006016,666914,363500,333500,3.328916,1000000.0
E02006016,666915,364500,333500,3.737727,1000000.0
E02006016,666916,365500,333500,6.147517,347264.5486897042
E02006016,667594,353500,332500,3.1273,14452.260580154274
E02006016,667595,354500,332500,3.068228,774228.307994705
E02006016,667596,355500,332500,3.268377,1000000.0
E02006016,667597,356500,332500,3.125442,1000000.0
E02006016,667598,357500,332500,3.082288,1000000.0
E02006016,667599,358500,332500,3.027396,1000000.0
E02006016,667600,359500,332500,3.029803,984750.8318827723
E02006016,667601,360500,332500,3.005482,973680.7479999536
E02006016,667602,361500,332500,3.0499,788015.2378928488
E02006016,667603,362500,332500,3.192506,230780.74015653913
E02006016,667604,363500,332500,3.760779,686516.1469549561
E02006016,667605,364500,332500,3.747419,677569.5325673628
E02006016,667606,365500,332500,3.667383,81615.63215239694
E02006016,668285,354500,331500,3.018749,526045.7592390637
E02006016,668286,355500,331500,3.179769,1000000.0
E02006016,668287,356500,331500,3.187117,999996.5950232462
E02006016,668288,357500,331500,3.058669,604707.8127760241
E02006016,668289,358500,331500,2.978608,146472.03370755105
E02006016,668290,359500,331500,2.963695,94957.57719367993
E02006016,668291,360500,331500,2.972287,97685.40262085303
E02006016,668292,361500,331500,3.034351,5780.558281001826
E02006016,668294,363500,331500,3.661714,9075.996507164857
E02006016,668975,354500,330500,3.03756,20443.674990096588
E02006016,668976,355500,330500,3.078813,345513.7443508136
E02006016,668977,356500,330500,3.166836,463118.9869553995
E02006018,665537,366500,335500,4.10899,31152.630050214113
E02006018,665538,367500,335500,5.293007,70958.74124844311
E02006018,666226,365500,334500,3.885327,2343.069004022544
E02006018,666227,366500,334500,4.936926,791229.0042644147
E02006018,666228,367500,334500,6.842488,999989.9843539722
E02006018,666229,368500,334500,5.460553,583858.1555464314
E02006018,666230,369500,334500,4.255917,16069.033048065408
E02006018,666916,365500,333500,6.147517,524809.1783801193
E02006018,666917,366500,333500,4.645975,952062.2144071023
E02006018,666918,367500,333500,4.32208,513991.50013329386
E02006018,666919,368500,333500,4.603605,85621.09492667588
E02006018,667607,366500,332500,3.575243,41496.236165407085
E02006020,666229,368500,334500,5.460553,38719.871892188836
E02006020,666916,365500,333500,6.147517,127926.2729301765
E02006020,666917,366500,333500,4.645975,47937.78559289773
E02006020,666918,367500,333500,4.32208,486008.49986670614
E02006020,666919,368500,333500,4.603605,516659.8377902734
E02006020,667603,362500,332500,3.192506,99871.94542955692
E02006020,667604,363500,332500,3.760779,313483.8530450438
E02006020,667605,364500,332500,3.747419,322430.4674326371
E02006020,667606,365500,332500,3.667383,918384.3678476032
E02006020,667607,366500,332500,3.575243,958503.7638345929
E02006020,667608,367500,332500,3.600021,1000000.0
E02006020,667609,368500,332500,4.021421,926044.4983561697
E02006020,667610,369500,332500,4.112317,117342.71197638448
E02006020,667612,371500,332500,3.458582,34886.86738919628
E02006020,667613,372500,332500,3.450791,264877.38141425845
E02006020,667614,373500,332500,3.505752,454146.33585979586
E02006020,667615,374500,332500,3.587117,463329.70843120746
E02006020,668293,362500,331500,3.214804,211974.70141801325
E02006020,668294,363500,331500,3.661714,990924.0034928352
E02006020,668295,364500,331500,3.711388,1000000.0
E02006020,668296,365500,331500,3.467929,1000000.0
E02006020,668297,366500,331500,3.362969,1000000.0
E02006020,668298,367500,331500,3.375323,1000000.0
E02006020,668299,368500,331500,3.577886,1000000.0
E02006020,668300,369500,331500,4.188053,470165.36767961626
E02006020,668301,370500,331500,3.591201,467320.1079440472
E02006020,668302,371500,331500,3.428273,834157.1089176403
E02006020,668303,372500,331500,3.446719,1000000.0
E02006020,668304,373500,331500,3.479909,1000000.0
E02006020,668305,374500,331500,3.500869,500861.8572001806
E02006020,668983,362500,330500,3.283071,367371.7637784345
E02006020,668984,363500,330500,3.229376,1000000.0
E02006020,668985,364500,330500,3.65912,1000000.0
E02006020,668986,365500,330500,3.572461,1000000.0
E02006020,668987,366500,330500,3.383591,1000000.0
E02006020,668988,367500,330500,3.295341,1000000.0
E02006020,668989,368500,330500,3.553818,1000000.0
E02006020,668990,369500,330500,4.061971,984627.987034391
E02006020,668991,370500,330500,3.7156,975671.0006108315
E02006020,668992,371500,330500,3.532029,1000000.0
E02006020,668993,372500,330500,3.491565,1000000.0
E02006020,668994,373500,330500,3.453541,1000000.0
E02006020,668995,374500,330500,3.473524,445467.8547330025
E02006020,669672,361500,329500,3.081658,118354.88455242013
E02006020,669673,362500,329500,3.346238,309989.64456821093
E02006020,669674,363500,329500,3.202916,1000000.0
E02006020,669675,364500,329500,3.266392,1000000.0
E02006020,669676,365500,329500,3.311121,1000000.0
E02006020,669677,366500,329500,3.400606,1000000.0
E02006020,669678,367500,329500,3.351269,1000000.0
E02006020,669679,368500,329500,3.374591,1000000.0
E02006020,669680,369500,329500,3.432203,1000000.0
E02006020,669681,370500,329500,4.25418,1000000.0
E02006020,669682,371500,329500,3.845061,1000000.0
E02006020,669683,372500,329500,3.617486,1000000.0
E02006020,669684,373500,329500,3.550517,986584.7918214158
E02006020,669685,374500,329500,3.586909,114856.8824175708
E02006020,670360,359500,328500,3.02063,152575.44609079623
E02006020,670361,360500,328500,3.128775,648748.0923135857
E02006020,670362,361500,328500,3.27239,877170.0519138868
E02006020,670363,362500,328500,3.43621,1000000.0
E02006020,670364,363500,328500,3.207485,1000000.0
E02006020,670365,364500,328500,3.25022,1000000.0
E02006020,670366,365500,328500,3.420427,1000000.0
E02006020,670367,366500,328500,3.275416,1000000.0
E02006020,670368,367500,328500,3.446719,1000000.0
E02006020,670369,368500,328500,3.372736,1000000.0
E02006020,670370,369500,328500,3.403641,1000000.0
E02006020,670371,370500,328500,3.528718,1000000.0
E02006020,670372,371500,328500,4.298693,1000000.0
E02006020,670373,372500,328500,3.826992,1000000.0
E02006020,670374,373500,328500,3.76828,844786.6035386102
E02006020,671050,359500,327500,3.081403,467528.78081027174
E02006020,671051,360500,327500,3.297546,1000000.0
E02006020,671052,361500,327500,3.489357,1000000.0
E02006020,671053,362500,327500,3.380951,1000000.0
E02006020,671054,363500,327500,3.252608,1000000.0
E02006020,671055,364500,327500,3.241099,1000000.0
E02006020,671056,365500,327500,3.260872,1000000.0
E02006020,671057,366500,327500,3.233649,1000000.0
E02006020,671058,367500,327500,3.336461,1000000.0
E02006020,671059,368500,327500,3.553544,1000000.0
E02006020,671060,369500,327500,3.466415,1000000.0
E02006020,671061,370500,327500,3.455644,1000000.0
E02006020,671062,371500,327500,3.677655,1000000.0
E02006020,671063,372500,327500,4.344012,1000000.0
E02006020,671064,373500,327500,4.46706,627429.2673611713
E02006020,671740,359500,326500,3.30336,494362.90821575513
E02006020,671741,360500,326500,3.34762,971181.2933764466
E02006020,671742,361500,326500,3.358146,872772.5516537146
E02006020,671743,362500,326500,3.395996,1000000.0
E02006020,671744,363500,326500,3.291936,1000000.0
E02006020,671745,364500,326500,3.313179,1000000.0
E02006020,671746,365500,326500,3.320564,1000000.0
E02006020,671747,366500,326500,3.311717,1000000.0
E02006020,671748,367500,326500,3.34808,1000000.0
E02006020,671749,368500,326500,3.371326,1000000.0
E02006020,671750,369500,326500,3.72585,1000000.0
E02006020,671751,370500,326500,3.490108,1000000.0
E02006020,671752,371500,326500,3.493034,1000000.0
E02006020,671753,372500,326500,3.622494,771957.0952908448
E02006020,671754,373500,326500,3.748469,351904.0528028153
E02006020,672430,359500,325500,3.392472,94074.59983359335
E02006020,672431,360500,325500,3.322328,75672.11933308163
E02006020,672432,361500,325500,3.302628,258232.09048977066
E02006020,672433,362500,325500,3.476481,995180.8477871857
E02006020,672434,363500,325500,3.324558,1000000.0
E02006020,672435,364500,325500,3.30584,1000000.0
E02006020,672436,365500,325500,3.350276,1000000.0
E02006020,672437,366500,325500,3.355329,1000000.0
E02006020,672438,367500,325500,3.312189,1000000.0
E02006020,672439,368500,325500,3.318589,947727.1336072761
E02006020,672440,369500,325500,3.651131,978585.076812331
E02006020,672441,370500,325500,3.438516,817500.3158760039
E02006020,672442,371500,325500,3.462714,555940.736884395
E02006020,672443,372500,325500,3.672361,65178.87690293109
E02006020,673123,362500,324500,3.502111,606822.1299766051
E02006020,673124,363500,324500,3.423004,1000000.0
E02006020,673125,364500,324500,3.388243,1000000.0
E02006020,673126,365500,324500,3.390894,1000000.0
E02006020,673127,366500,324500,3.382832,1000000.0
E02006020,673128,367500,324500,3.361825,1000000.0
E02006020,673129,368500,324500,3.373362,391805.2292075884
E02006020,673131,370500,324500,3.686454,16332.450379880298
E02006020,673813,362500,323500,3.425259,55010.24041366808
E02006020,673814,363500,323500,3.561877,939474.543460311
E02006020,673815,364500,323500,3.457397,1000000.0
E02006020,673816,365500,323500,3.492933,1000000.0
E02006020,673817,366500,323500,3.402681,1000000.0
E02006020,673818,367500,323500,3.386552,971667.3355823271
E02006020,673819,368500,323500,3.442252,716586.3192372811
E02006020,673820,369500,323500,3.702541,128.56363721961105
E02006020,674504,363500,322500,3.645753,718310.3900177764
E02006020,674505,364500,322500,3.545716,887248.2516469038
E02006020,674506,365500,322500,3.540344,711315.9554692684
E02006020,674507,366500,322500,3.466569,394390.06404847675
E02006020,674508,367500,322500,3.475731,418411.8700336939
E02006020,674509,368500,322500,3.484229,995917.7313122364
E02006020,674510,369500,322500,3.549255,67004.68227530214
E02006020,675194,363500,321500,3.744928,116082.05423923588
E02006020,675195,364500,321500,3.635617,446396.6944072958
E02006020,675198,367500,321500,3.555309,491624.1333209369
E02006020,675199,368500,321500,3.568131,956129.7453357402
E02006020,675200,369500,321500,3.629691,127920.11829717142
E02006020,675884,363500,320500,3.682971,1118.0963058408984
E02006020,675888,367500,320500,3.696109,429051.9260299955
E02006020,675889,368500,320500,3.772956,256749.62954206116
E02006020,675890,369500,320500,3.741125,67972.28543536544
E02006022,667600,359500,332500,3.029803,15249.16811722786
E02006022,667601,360500,332500,3.005482,26319.252000046574
E02006022,667602,361500,332500,3.0499,211984.7621071511
E02006022,667603,362500,332500,3.192506,669347.314413904
E02006022,668287,356500,331500,3.187117,3.4049767537841493
E02006022,668288,357500,331500,3.058669,395292.18722397595
E02006022,668289,358500,331500,2.978608,853527.9662924489
E02006022,668290,359500,331500,2.963695,905042.42280632
E02006022,668291,360500,331500,2.972287,902314.597379147
E02006022,668292,361500,331500,3.034351,994219.4417189982
E02006022,668293,362500,331500,3.214804,788025.2985819867
E02006022,668976,355500,330500,3.078813,8499.719858719463
E02006022,668977,356500,330500,3.166836,536881.0130446005
E02006022,668978,357500,330500,2.959198,1000000.0
E02006022,668979,358500,330500,2.929325,1000000.0
E02006022,668980,359500,330500,2.949578,1000000.0
E02006022,668981,360500,330500,2.960258,1000000.0
E02006022,668982,361500,330500,3.006119,1000000.0
E02006022,668983,362500,330500,3.283071,632628.2362215655
E02006022,669666,355500,329500,3.053729,579221.3600698141
E02006022,669667,356500,329500,3.090185,1000000.0
E02006022,669668,357500,329500,2.947979,1000000.0
E02006022,669669,358500,329500,2.913742,1000000.0
E02006022,669670,359500,329500,2.986588,1000000.0
E02006022,669671,360500,329500,3.033692,1000000.0
E02006022,669672,361500,329500,3.081658,881645.11544758
E02006022,669673,362500,329500,3.346238,690010.355431789
E02006022,670355,354500,328500,3.087102,157936.17984036024
E02006022,670356,355500,328500,3.223408,950101.5156061504
E02006022,670357,356500,328500,3.133569,1000000.0
E02006022,670358,357500,328500,3.0334,1000000.0
E02006022,670359,358500,328500,2.991597,1000000.0
E02006022,670360,359500,328500,3.02063,847424.5539092037
E02006022,670361,360500,328500,3.128775,351251.90768641443
E02006022,670362,361500,328500,3.27239,122829.94808611306
E02006022,671043,352500,327500,3.140616,19915.602883565545
E02006022,671044,353500,327500,3.110591,563375.3095059644
E02006022,671045,354500,327500,3.147894,923355.0026102082
E02006022,671046,355500,327500,3.267624,1000000.0
E02006022,671047,356500,327500,3.098664,1000000.0
E02006022,671048,357500,327500,3.043446,1000000.0
E02006022,671049,358500,327500,3.048211,1000000.0
E02006022,671050,359500,327500,3.081403,532471.2191897284
E02006022,671733,352500,326500,3.172874,446257.4926369269
E02006022,671734,353500,326500,3.184165,1000000.0
E02006022,671735,354500,326500,3.368178,1000000.0
E02006022,671736,355500,326500,3.279819,1000000.0
E02006022,671737,356500,326500,3.191326,1000000.0
E02006022,671738,357500,326500,3.151406,1000000.0
E02006022,671739,358500,326500,3.157188,1000000.0
E02006022,671740,359500,326500,3.30336,505637.0917842449
E02006022,671741,360500,326500,3.34762,28818.706623553364
E02006022,671742,361500,326500,3.358146,127227.44834628543
E02006022,672423,352500,325500,3.146181,476102.7047373717
E02006022,672424,353500,325500,3.275423,1000000.0
E02006022,672425,354500,325500,3.36602,1000000.0
E02006022,672426,355500,325500,3.236101,1000000.0
E02006022,672427,356500,325500,3.21757,1000000.0
E02006022,672428,357500,325500,3.21303,1000000.0
E02006022,672429,358500,325500,3.227692,1000000.0
E02006022,672430,359500,325500,3.392472,905925.4001664066
E02006022,672431,360500,325500,3.322328,924327.8806669182
E02006022,672432,361500,325500,3.302628,741767.9095102292
E02006022,672433,362500,325500,3.476481,4819.152212814417
E02006022,673112,351500,324500,3.292878,373401.15797315724
E02006022,673113,352500,324500,3.283468,832281.6114238288
E02006022,673114,353500,324500,3.459934,1000000.0
E02006022,673115,354500,324500,3.350907,1000000.0
E02006022,673116,355500,324500,3.349241,1000000.0
E02006022,673117,356500,324500,3.349835,1000000.0
E02006022,673118,357500,324500,3.347275,1000000.0
E02006022,673119,358500,324500,3.434902,1000000.0
E02006022,673120,359500,324500,3.3913,1000000.0
E02006022,673121,360500,324500,3.379958,1000000.0
E02006022,673122,361500,324500,3.380778,1000000.0
E02006022,673123,362500,324500,3.502111,393177.8700233949
E02006022,673801,350500,323500,3.277909,244875.71313716914
E02006022,673802,351500,323500,3.411572,958652.0804289381
E02006022,673803,352500,323500,3.411424,1000000.0
E02006022,673804,353500,323500,3.490092,1000000.0
E02006022,673805,354500,323500,3.373649,1000000.0
E02006022,673806,355500,323500,3.436699,1000000.0
E02006022,673807,356500,323500,3.472194,1000000.0
E02006022,673808,357500,323500,3.44294,1000000.0
E02006022,673809,358500,323500,3.570833,1000000.0
E02006022,673810,359500,323500,3.395825,1000000.0
E02006022,673811,360500,323500,3.39817,911596.7866607568
E02006022,673812,361500,323500,3.409894,803827.0901395531
E02006022,673813,362500,323500,3.425259,944989.7595863319
E02006022,673814,363500,323500,3.561877,60525.456539689054
E02006022,674491,350500,322500,3.308036,283211.9769201615
E02006022,674492,351500,322500,3.332537,989768.7239667047
E02006022,674493,352500,322500,3.520438,1000000.0
E02006022,674494,353500,322500,3.452065,1000000.0
E02006022,674495,354500,322500,3.501567,1000000.0
E02006022,674496,355500,322500,3.745838,1000000.0
E02006022,674497,356500,322500,3.750164,1000000.0
E02006022,674498,357500,322500,3.753325,1000000.0
E02006022,674499,358500,322500,3.552809,1000000.0
E02006022,674500,359500,322500,3.46406,983303.1603480931
E02006022,674501,360500,322500,3.520431,199414.665649282
E02006022,674502,361500,322500,3.52731,70344.2089525607
E02006022,674503,362500,322500,3.499356,295953.169664314
E02006022,674504,363500,322500,3.645753,40888.75501420496
E02006022,675180,349500,321500,3.397491,54793.84630826645
E02006022,675181,350500,321500,3.332442,973256.9345158917
E02006022,675182,351500,321500,3.452037,1000000.0
E02006022,675183,352500,321500,3.642828,1000000.0
E02006022,675184,353500,321500,3.569491,1000000.0
E02006022,675185,354500,321500,3.640096,1000000.0
E02006022,675186,355500,321500,4.925717,1000000.0
E02006022,675187,356500,321500,4.088282,1000000.0
E02006022,675188,357500,321500,3.925281,1000000.0
E02006022,675189,358500,321500,3.579274,1000000.0
E02006022,675190,359500,321500,3.48112,1000000.0
E02006022,675191,360500,321500,3.505925,69242.60720709272
E02006022,675870,349500,320500,3.468992,116110.3807808792
E02006022,675871,350500,320500,3.421593,999262.8011930529
E02006022,675872,351500,320500,3.582147,1000000.0
E02006022,675873,352500,320500,3.888669,1000000.0
E02006022,675874,353500,320500,3.652424,1000000.0
E02006022,675875,354500,320500,3.661603,1000000.0
E02006022,675876,355500,320500,3.996071,1000000.0
E02006022,675877,356500,320500,3.746748,1000000.0
E02006022,675878,357500,320500,3.606273,1000000.0
E02006022,675879,358500,320500,3.522344,981611.5303430405
E02006022,675880,359500,320500,3.520296,816866.4547614701
E02006022,675881,360500,320500,3.590235,140381.48987059254
E02006022,676561,350500,319500,3.61476,713688.0617005478
E02006022,676562,351500,319500,3.895967,984761.032048936
E02006022,676563,352500,319500,4.028678,520258.35670516966
E02006022,676564,353500,319500,3.836718,226767.20384949518
E02006022,676565,354500,319500,3.96538,907078.5847999869
E02006022,676566,355500,319500,3.801065,1000000.0
E02006022,676567,356500,319500,3.696788,998684.961609808
E02006022,676568,357500,319500,3.705123,885025.9952962059
E02006022,676569,358500,319500,3.628275,67087.51615228398
E02006022,677251,350500,318500,3.892757,12140.326600770984
E02006022,677252,351500,318500,4.347417,144084.4081851166
E02006022,677255,354500,318500,3.97683,270388.2728790063
E02006022,677256,355500,318500,3.772029,552675.2070762928
E02006022,677257,356500,318500,3.725273,184733.40618330898
E02006022,677258,357500,318500,3.713905,400883.3763395567
E02006038,676562,351500,319500,3.895967,15238.967951064118
E02006038,676563,352500,319500,4.028678,479741.6432948302
E02006038,676564,353500,319500,3.836718,773232.796150505
E02006038,676565,354500,319500,3.96538,92921.41520001314
E02006038,677252,351500,318500,4.347417,262657.2495639117
E02006038,677253,352500,318500,4.109192,1000000.0
E02006038,677254,353500,318500,4.134484,1000000.0
E02006038,677255,354500,318500,3.97683,729611.7271209937
E02006038,677256,355500,318500,3.772029,167973.31241527706
E02006038,677942,351500,317500,5.07346,340267.3743041085
E02006038,677943,352500,317500,4.549357,1000000.0
E02006038,677944,353500,317500,4.203492,1000000.0
E02006038,677945,354500,317500,3.953849,1000000.0
E02006038,677946,355500,317500,3.786965,328368.38537724514
E02006038,678632,351500,316500,6.199792,1755.9367530995505
E02006038,678633,352500,316500,4.826368,711684.0784261026
E02006038,678634,353500,316500,4.218256,1000000.0
E02006038,678635,354500,316500,3.993058,1000000.0
E02006038,678636,355500,316500,3.870262,305311.3928029501
E02006038,679323,352500,315500,5.106848,465135.0511196308
E02006038,679324,353500,315500,4.212946,1000000.0
E02006038,679325,354500,315500,3.904045,1000000.0
E02006038,679326,355500,315500,3.730738,387439.9329690638
E02006038,680012,351500,314500,5.221427,1222.699605464935
E02006038,680013,352500,314500,5.174312,767673.6911256484
E02006038,680014,353500,314500,5.139561,1000000.0
E02006038,680015,354500,314500,3.946905,1000000.0
E02006038,680016,355500,314500,3.729877,993638.2940142842
E02006038,680017,356500,314500,3.671716,788891.9071730712
E02006038,680018,357500,314500,3.658824,348020.0568516983
E02006038,680702,351500,313500,6.194854,10000.749256348145
E02006038,680703,352500,313500,5.203972,591090.9714475442
E02006038,680704,353500,313500,4.326065,1000000.0
E02006038,680705,354500,313500,3.966441,1000000.0
E02006038,680706,355500,313500,3.768756,1000000.0
E02006038,680707,356500,313500,3.708275,1000000.0
E02006038,680708,357500,313500,3.709177,945702.0443683376
E02006038,680709,358500,313500,3.678533,789271.220933181
E02006038,680710,359500,313500,3.709395,484310.2359261622
E02006038,681392,351500,312500,5.098372,43705.6495555851
E02006038,681393,352500,312500,5.423043,910571.0161972011
E02006038,681394,353500,312500,5.078986,1000000.0
E02006038,681395,354500,312500,4.415294,1000000.0
E02006038,681396,355500,312500,3.935303,1000000.0
E02006038,681397,356500,312500,3.856779,1000000.0
E02006038,681398,357500,312500,3.789784,1000000.0
E02006038,681399,358500,312500,3.776045,944405.2612308199
E02006038,681400,359500,312500,3.901659,211600.4741867873
E02006038,682082,351500,311500,4.925313,30376.961021276227
E02006038,682083,352500,311500,5.221729,979646.7827908293
E02006038,682084,353500,311500,4.139946,1000000.0
E02006038,682085,354500,311500,4.222397,1000000.0
E02006038,682086,355500,311500,4.565209,954782.1989861517
E02006038,682087,356500,311500,4.605652,659063.0333301031
E02006038,682088,357500,311500,4.62803,202975.01349850706
E02006038,682089,358500,311500,4.532199,2032.789687427573
E02006038,682768,347500,310500,4.004289,26846.29044665282
E02006038,682769,348500,310500,4.644887,10081.152333350474
E02006038,682771,350500,310500,5.29483,100527.34569269312
E02006038,682772,351500,310500,5.738607,513626.3415449188
E02006038,682773,352500,310500,4.58004,943321.4785623718
E02006038,682774,353500,310500,3.771772,1000000.0
E02006038,682775,354500,310500,3.61203,1000000.0
E02006038,682776,355500,310500,3.532107,129550.50258483608
E02006038,683457,346500,309500,3.737528,42726.75996680133
E02006038,683458,347500,309500,4.198917,888834.9927209198
E02006038,683459,348500,309500,4.765812,932363.9111992505
E02006038,683460,349500,309500,5.044575,696142.1605600417
E02006038,683461,350500,309500,3.964469,902808.2411092101
E02006038,683462,351500,309500,3.883786,1000000.0
E02006038,683463,352500,309500,3.715398,1000000.0
E02006038,683464,353500,309500,3.552109,1000000.0
E02006038,683465,354500,309500,3.474378,1000000.0
E02006038,683466,355500,309500,3.400096,290787.782289814
E02006038,684147,346500,308500,3.220237,47761.14603652306
E02006038,684148,347500,308500,3.547543,978657.3567803084
E02006038,684149,348500,308500,3.965089,1000000.0
E02006038,684150,349500,308500,3.636672,1000000.0
E02006038,684151,350500,308500,3.471897,1000000.0
E02006038,684152,351500,308500,3.460107,1000000.0
E02006038,684153,352500,308500,3.559355,1000000.0
E02006038,684154,353500,308500,3.367856,1000000.0
E02006038,684155,354500,308500,3.295831,1000000.0
E02006038,684156,355500,308500,3.251469,948824.8552766322
E02006038,684157,356500,308500,3.319535,84489.60968771728
E02006038,684837,346500,307500,3.097731,250306.15037667655
E02006038,684838,347500,307500,3.193828,998217.9407256516
E02006038,684839,348500,307500,3.5381,809784.0270048827
E02006038,684840,349500,307500,3.477072,372365.68011297996
E02006038,684841,350500,307500,3.306452,371196.7350433247
E02006038,684842,351500,307500,4.095165,751168.9294104879
E02006038,684843,352500,307500,3.271081,1000000.0
E02006038,684844,353500,307500,3.416115,1000000.0
E02006038,684845,354500,307500,3.330539,1000000.0
E02006038,684846,355500,307500,3.204507,981990.4529164708
E02006038,684847,356500,307500,3.208681,149337.3893969432
E02006038,685527,346500,306500,3.010717,8664.275890678464
E02006038,685528,347500,306500,3.212421,227506.2098073128
E02006038,685529,348500,306500,3.442747,94881.22663884774
E02006038,685532,351500,306500,3.154692,411879.42869154876
E02006038,685533,352500,306500,3.101739,1000000.0
E02006038,685534,353500,306500,3.07928,1000000.0
E02006038,685535,354500,306500,3.202002,859453.9117370814
E02006038,685536,355500,306500,3.192139,143041.48456115875
E02006038,685537,356500,306500,3.146809,195948.32837705073
E02006038,686221,350500,305500,3.023196,20504.694798365872
E02006038,686222,351500,305500,3.034024,888444.1395825348
E02006038,686223,352500,305500,2.990571,882735.9004600749
E02006038,686224,353500,305500,3.003003,410772.5131089328
E02006038,686225,354500,305500,3.026833,515722.47639495286
E02006038,686911,350500,304500,2.969876,244446.5196672481
E02006038,686912,351500,304500,2.931358,576639.7337188564
E02006038,686913,352500,304500,2.946288,155308.61403635124
E02006038,687601,350500,303500,2.910739,61689.253127146454
E02006038,687602,351500,303500,2.869168,10118.732686848905
E02006040,682086,355500,311500,4.565209,45217.8010138483
E02006040,682087,356500,311500,4.605652,340936.96666989673
E02006040,682088,357500,311500,4.62803,783810.6243877287
E02006040,682089,358500,311500,4.532199,241898.86869088412
E02006040,682776,355500,310500,3.532107,870449.4974151639
E02006040,682777,356500,310500,3.663705,1000000.0
E02006040,682778,357500,310500,3.642321,1000000.0
E02006040,682779,358500,310500,3.859602,980362.2690083917
E02006040,682780,359500,310500,4.591733,384555.117388968
E02006040,682781,360500,310500,4.797003,3745.3147908617525
E02006040,683466,355500,309500,3.400096,709212.217710186
E02006040,683467,356500,309500,3.480305,1000000.0
E02006040,683468,357500,309500,3.475163,1000000.0
E02006040,683469,358500,309500,3.509013,1000000.0
E02006040,683470,359500,309500,3.616109,1000000.0
E02006040,683471,360500,309500,3.695798,689984.8628619652
E02006040,683472,361500,309500,3.778288,118560.78512927775
E02006040,684156,355500,308500,3.251469,51175.144723367695
E02006040,684157,356500,308500,3.319535,915510.3903122827
E02006040,684158,357500,308500,3.343466,1000000.0
E02006040,684159,358500,308500,3.357183,1000000.0
E02006040,684160,359500,308500,3.416456,1000000.0
E02006040,684161,360500,308500,3.473835,1000000.0
E02006040,684162,361500,308500,3.51825,944265.8059665555
E02006040,684163,362500,308500,3.562559,292283.8367556847
E02006040,684839,348500,307500,3.5381,190215.97299511722
E02006040,684840,349500,307500,3.477072,627634.31988702
E02006040,684841,350500,307500,3.306452,628803.2649566754
E02006040,684842,351500,307500,4.095165,248831.07058951206
E02006040,684846,355500,307500,3.204507,18009.547083529174
E02006040,684847,356500,307500,3.208681,850662.6106030567
E02006040,684848,357500,307500,3.249559,1000000.0
E02006040,684849,358500,307500,3.292393,1000000.0
E02006040,684850,359500,307500,3.325649,1000000.0
E02006040,684851,360500,307500,3.36645,1000000.0
E02006040,684852,361500,307500,3.404145,1000000.0
E02006040,684853,362500,307500,3.436695,713759.7414330461
E02006040,685527,346500,306500,3.010717,131469.7953918431
E02006040,685528,347500,306500,3.212421,719433.5881129436
E02006040,685529,348500,306500,3.442747,905118.7733611523
E02006040,685530,349500,306500,3.251291,1000000.0
E02006040,685531,350500,306500,3.191165,1000000.0
E02006040,685532,351500,306500,3.154692,588120.5713084512
E02006040,685535,354500,306500,3.202002,140546.08826291875
E02006040,685536,355500,306500,3.192139,856958.5154388413
E02006040,685537,356500,306500,3.146809,804051.6716229493
E02006040,685538,357500,306500,3.17941,1000000.0
E02006040,685539,358500,306500,3.252499,1000000.0
E02006040,685540,359500,306500,3.295195,1000000.0
E02006040,685541,360500,306500,3.319183,1000000.0
E02006040,685542,361500,306500,3.331007,1000000.0
E02006040,685543,362500,306500,3.393931,987829.2839906261
E02006040,685544,363500,306500,3.457606,246179.05916263707
E02006040,686216,345500,305500,2.871206,519.3857117842629
E02006040,686217,346500,305500,2.945567,699395.1765161154
E02006040,686218,347500,305500,3.296048,1000000.0
E02006040,686219,348500,305500,3.16788,1000000.0
E02006040,686220,349500,305500,3.136229,1000000.0
E02006040,686221,350500,305500,3.023196,979495.3052016342
E02006040,686222,351500,305500,3.034024,111555.8604174653
E02006040,686223,352500,305500,2.990571,117264.09953992501
E02006040,686224,353500,305500,3.003003,589227.4868910672
E02006040,686225,354500,305500,3.026833,484277.52360504726
E02006040,686226,355500,305500,3.136906,1000000.0
E02006040,686227,356500,305500,3.249854,1000000.0
E02006040,686228,357500,305500,3.14438,1000000.0
E02006040,686229,358500,305500,3.164828,1000000.0
E02006040,686230,359500,305500,3.270406,1000000.0
E02006040,686231,360500,305500,3.269057,1000000.0
E02006040,686232,361500,305500,3.326389,1000000.0
E02006040,686233,362500,305500,3.295801,1000000.0
E02006040,686234,363500,305500,3.374908,998630.6239553645
E02006040,686235,364500,305500,3.52885,615379.5887772684
E02006040,686236,365500,305500,3.897274,21195.537315563906
E02006040,686902,341500,304500,2.740775,2355.7703732245263
E02006040,686903,342500,304500,2.805638,434911.47752320475
E02006040,686904,343500,304500,2.837886,305378.99434347736
E02006040,686905,344500,304500,2.849685,387380.93541315245
E02006040,686906,345500,304500,2.824649,718883.3676741242
E02006040,686907,346500,304500,2.927101,999868.3505415658
E02006040,686908,347500,304500,3.33879,1000000.0
E02006040,686909,348500,304500,3.088816,1000000.0
E02006040,686910,349500,304500,3.052411,1000000.0
E02006040,686911,350500,304500,2.969876,755553.4803327519
E02006040,686912,351500,304500,2.931358,423360.2662811437
E02006040,686913,352500,304500,2.946288,844691.3859636488
E02006040,686914,353500,304500,2.968975,1000000.0
E02006040,686915,354500,304500,2.992679,1000000.0
E02006040,686916,355500,304500,3.021586,1000000.0
E02006040,686917,356500,304500,3.06249,1000000.0
E02006040,686918,357500,304500,3.232613,1000000.0
E02006040,686919,358500,304500,3.302433,1000000.0
E02006040,686920,359500,304500,3.346041,1000000.0
E02006040,686921,360500,304500,3.215016,1000000.0
E02006040,686922,361500,304500,3.217293,1000000.0
E02006040,686923,362500,304500,3.27636,1000000.0
E02006040,686924,363500,304500,3.419403,1000000.0
E02006040,686925,364500,304500,3.689378,1000000.0
E02006040,686926,365500,304500,3.78087,570536.4235425412
E02006040,687591,340500,303500,2.758588,506360.6373824524
E02006040,687592,341500,303500,2.734288,771939.8107989841
E02006040,687593,342500,303500,2.832474,1000000.0
E02006040,687594,343500,303500,2.815208,1000000.0
E02006040,687595,344500,303500,2.809557,1000000.0
E02006040,687596,345500,303500,2.794539,1000000.0
E02006040,687597,346500,303500,2.869885,1000000.0
E02006040,687598,347500,303500,3.34081,1000000.0
E02006040,687599,348500,303500,3.085236,1000000.0
E02006040,687600,349500,303500,3.011022,1000000.0
E02006040,687601,350500,303500,2.910739,938310.7468728536
E02006040,687602,351500,303500,2.869168,989881.267313151
E02006040,687603,352500,303500,2.877708,1000000.0
E02006040,687604,353500,303500,2.925915,1000000.0
E02006040,687605,354500,303500,2.961526,1000000.0
E02006040,687606,355500,303500,2.956003,1000000.0
E02006040,687607,356500,303500,3.007811,1000000.0
E02006040,687608,357500,303500,3.048561,1000000.0
E02006040,687609,358500,303500,3.108757,1000000.0
E02006040,687610,359500,303500,3.349632,1000000.0
E02006040,687611,360500,303500,3.166401,1000000.0
E02006040,687612,361500,303500,3.165977,1000000.0
E02006040,687613,362500,303500,3.221479,1000000.0
E02006040,687614,363500,303500,3.432563,983051.0435292199
E02006040,687615,364500,303500,3.461492,753558.8178461659
E02006040,687616,365500,303500,3.660997,698895.7376679272
E02006040,687617,366500,303500,3.978518,32573.156705005746
E02006040,688280,339500,302500,2.683766,32930.3647673052
E02006040,688281,340500,302500,2.644664,841348.1140314282
E02006040,688282,341500,302500,2.696568,1000000.0
E02006040,688283,342500,302500,2.761922,1000000.0
E02006040,688284,343500,302500,2.745899,1000000.0
E02006040,688285,344500,302500,2.758594,1000000.0
E02006040,688286,345500,302500,2.759596,1000000.0
E02006040,688287,346500,302500,2.841823,1000000.0
E02006040,688288,347500,302500,3.180621,1000000.0
E02006040,688289,348500,302500,3.053749,1000000.0
E02006040,688290,349500,302500,2.926809,1000000.0
E02006040,688291,350500,302500,2.83823,1000000.0
E02006040,688292,351500,302500,2.82913,1000000.0
E02006040,688293,352500,302500,2.850034,1000000.0
E02006040,688294,353500,302500,2.983561,1000000.0
E02006040,688295,354500,302500,2.921619,1000000.0
E02006040,688296,355500,302500,2.907575,1000000.0
E02006040,688297,356500,302500,2.955372,1000000.0
E02006040,688298,357500,302500,3.00743,1000000.0
E02006040,688299,358500,302500,3.052819,1000000.0
E02006040,688300,359500,302500,3.239203,1000000.0
E02006040,688301,360500,302500,3.104325,983872.2204193653
E02006040,688302,361500,302500,3.114683,888091.9242078704
E02006040,688303,362500,302500,3.201363,940138.4161234031
E02006040,688304,363500,302500,3.433761,209211.4095895902
E02006040,688970,339500,301500,2.633407,21789.826434048988
E02006040,688971,340500,301500,2.605692,533616.2977203168
E02006040,688972,341500,301500,2.632395,1000000.0
E02006040,688973,342500,301500,2.662876,1000000.0
E02006040,688974,343500,301500,2.73543,1000000.0
E02006040,688975,344500,301500,2.729308,1000000.0
E02006040,688976,345500,301500,2.700928,1000000.0
E02006040,688977,346500,301500,2.790967,1000000.0
E02006040,688978,347500,301500,2.930501,1000000.0
E02006040,688979,348500,301500,3.172632,1000000.0
E02006040,688980,349500,301500,2.937101,1000000.0
E02006040,688981,350500,301500,2.815145,1000000.0
E02006040,688982,351500,301500,2.815605,1000000.0
E02006040,688983,352500,301500,2.798366,1000000.0
E02006040,688984,353500,301500,2.824321,1000000.0
E02006040,688985,354500,301500,2.842899,1000000.0
E02006040,688986,355500,301500,2.855878,1000000.0
E02006040,688987,356500,301500,2.890349,1000000.0
E02006040,688988,357500,301500,2.929077,1000000.0
E02006040,688989,358500,301500,2.990278,1000000.0
E02006040,688990,359500,301500,3.207679,1000000.0
E02006040,688991,360500,301500,3.102786,411874.462338283
E02006040,688992,361500,301500,3.166436,4596.441631087941
E02006040,688993,362500,301500,3.307763,165446.09687781736
E02006040,689660,339500,300500,2.580379,134807.45449327826
E02006040,689661,340500,300500,2.553313,551043.842028959
E02006040,689662,341500,300500,2.557426,1000000.0
E02006040,689663,342500,300500,2.59436,1000000.0
E02006040,689664,343500,300500,2.643305,1000000.0
E02006040,689665,344500,300500,2.665492,1000000.0
E02006040,689666,345500,300500,2.661792,1000000.0
E02006040,689667,346500,300500,2.746153,1000000.0
E02006040,689668,347500,300500,2.870032,1000000.0
E02006040,689669,348500,300500,3.170281,1000000.0
E02006040,689670,349500,300500,2.849999,1000000.0
E02006040,689671,350500,300500,2.737374,1000000.0
E02006040,689672,351500,300500,2.707664,1000000.0
E02006040,689673,352500,300500,2.714048,1000000.0
E02006040,689674,353500,300500,2.771987,1000000.0
E02006040,689675,354500,300500,2.793774,1000000.0
E02006040,689676,355500,300500,2.802903,1000000.0
E02006040,689677,356500,300500,2.845503,1000000.0
E02006040,689678,357500,300500,2.878643,1000000.0
E02006040,689679,358500,300500,2.921529,1000000.0
E02006040,689680,359500,300500,2.997956,1000000.0
E02006040,689681,360500,300500,3.184318,871292.6187727127
E02006040,689682,361500,300500,3.217108,39972.28540737357
E02006040,690351,340500,299500,2.556624,433810.12042865134
E02006040,690352,341500,299500,2.572198,999738.301139606
E02006040,690353,342500,299500,2.594173,1000000.0
E02006040,690354,343500,299500,2.653727,1000000.0
E02006040,690355,344500,299500,2.677016,1000000.0
E02006040,690356,345500,299500,2.664823,1000000.0
E02006040,690357,346500,299500,2.764803,1000000.0
E02006040,690358,347500,299500,3.130935,1000000.0
E02006040,690359,348500,299500,2.912869,1000000.0
E02006040,690360,349500,299500,2.825196,1000000.0
E02006040,690361,350500,299500,2.723981,1000000.0
E02006040,690362,351500,299500,2.684745,1000000.0
E02006040,690363,352500,299500,2.689838,1000000.0
E02006040,690364,353500,299500,2.720588,1000000.0
E02006040,690365,354500,299500,2.763479,1000000.0
E02006040,690366,355500,299500,2.786824,1000000.0
E02006040,690367,356500,299500,2.832887,1000000.0
E02006040,690368,357500,299500,2.877212,1000000.0
E02006040,690369,358500,299500,2.890767,1000000.0
E02006040,690370,359500,299500,2.955006,992188.66276898
E02006040,690371,360500,299500,3.063496,265771.19814756257
E02006040,691042,341500,298500,2.532929,408895.575921286
E02006040,691043,342500,298500,2.548828,993226.5816576799
E02006040,691044,343500,298500,2.587253,1000000.0
E02006040,691045,344500,298500,2.61974,1000000.0
E02006040,691046,345500,298500,2.623924,1000000.0
E02006040,691047,346500,298500,2.714656,1000000.0
E02006040,691048,347500,298500,3.142142,1000000.0
E02006040,691049,348500,298500,2.847827,1000000.0
E02006040,691050,349500,298500,2.729294,1000000.0
E02006040,691051,350500,298500,2.655474,1000000.0
E02006040,691052,351500,298500,2.621847,1000000.0
E02006040,691053,352500,298500,2.666304,1000000.0
E02006040,691054,353500,298500,2.708491,1000000.0
E02006040,691055,354500,298500,2.746655,1000000.0
E02006040,691056,355500,298500,2.759642,1000000.0
E02006040,691057,356500,298500,2.826985,1000000.0
E02006040,691058,357500,298500,2.824099,1000000.0
E02006040,691059,358500,298500,2.860895,987619.1334661236
E02006040,691060,359500,298500,2.941174,354116.5122218099
E02006040,691733,342500,297500,2.525146,228831.52624521684
E02006040,691734,343500,297500,2.541248,1000000.0
E02006040,691735,344500,297500,2.592655,1000000.0
E02006040,691736,345500,297500,2.604958,1000000.0
E02006040,691737,346500,297500,2.724919,1000000.0
E02006040,691738,347500,297500,3.088935,1000000.0
E02006040,691739,348500,297500,2.786902,1000000.0
E02006040,691740,349500,297500,2.680596,1000000.0
E02006040,691741,350500,297500,2.61242,1000000.0
E02006040,691742,351500,297500,2.615377,1000000.0
E02006040,691743,352500,297500,2.644786,1000000.0
E02006040,691744,353500,297500,2.647441,1000000.0
E02006040,691745,354500,297500,2.667513,1000000.0
E02006040,691746,355500,297500,2.697555,1000000.0
E02006040,691747,356500,297500,2.748324,1000000.0
E02006040,691748,357500,297500,2.78731,919042.6278833604
E02006040,691749,358500,297500,2.854647,284246.0788524029
E02006040,692423,342500,296500,2.498665,55595.06499483656
E02006040,692424,343500,296500,2.518999,704074.6269746987
E02006040,692425,344500,296500,2.550436,958845.150990659
E02006040,692426,345500,296500,2.599808,832176.1349133532
E02006040,692427,346500,296500,2.856367,539136.0269638154
E02006040,692428,347500,296500,3.013891,561960.3138574344
E02006040,692429,348500,296500,2.721071,996985.298463908
E02006040,692430,349500,296500,2.644205,1000000.0
E02006040,692431,350500,296500,2.611351,1000000.0
E02006040,692432,351500,296500,2.602506,1000000.0
E02006040,692433,352500,296500,2.626008,1000000.0
E02006040,692434,353500,296500,2.622834,1000000.0
E02006040,692435,354500,296500,2.626082,1000000.0
E02006040,692436,355500,296500,2.617438,753090.7510899685
E02006040,692437,356500,296500,2.674376,491631.45877800527
E02006040,692438,357500,296500,2.713527,149488.47955746794
E02006040,693115,344500,295500,2.541635,1881.98243591887
E02006040,693118,347500,295500,2.748866,37046.07679899565
E02006040,693119,348500,295500,2.598495,970468.8208521408
E02006040,693120,349500,295500,2.595318,1000000.0
E02006040,693121,350500,295500,2.55616,1000000.0
E02006040,693122,351500,295500,2.560402,1000000.0
E02006040,693123,352500,295500,2.534361,934689.2269258759
E02006040,693124,353500,295500,2.545247,657668.5990803665
E02006040,693125,354500,295500,2.543957,263679.3089252424
E02006040,693126,355500,295500,2.575796,187371.31581228567
E02006040,693808,347500,294500,2.68217,104949.66558863013
E02006040,693809,348500,294500,2.554498,889893.2570644369
E02006040,693810,349500,294500,2.548491,1000000.0
E02006040,693811,350500,294500,2.511866,862783.3817166951
E02006040,693812,351500,294500,2.502428,929146.09851464
E02006040,693813,352500,294500,2.510748,330529.514405698
E02006040,694499,348500,293500,2.526749,218003.04483208508
E02006040,694500,349500,293500,2.513641,818794.6817460213
E02006040,694501,350500,293500,2.49321,4962.609677523662
E02006040,694502,351500,293500,2.491503,1562.4089432920882
E02006040,695190,349500,292500,2.580143,30690.245860041738
E02006043,695884,353500,291500,2.459238,6756.871968815832
E02006043,695886,355500,291500,2.477664,5055.350859291714
E02006043,696571,350500,290500,2.432804,79790.53848085743
E02006043,696572,351500,290500,2.426883,444624.5959016541
E02006043,696573,352500,290500,2.447616,493568.8030724333
E02006043,696574,353500,290500,2.458574,867146.193054037
E02006043,696575,354500,290500,2.511547,642595.1432423093
E02006043,696576,355500,290500,2.467254,716997.053875159
E02006043,696577,356500,290500,2.457141,622750.5937446358
E02006043,696578,357500,290500,2.491858,99554.98439045131
E02006043,697260,349500,289500,2.482436,111203.48586050702
E02006043,697261,350500,289500,2.425499,860727.5166884236
E02006043,697262,351500,289500,2.418664,996605.2061315848
E02006043,697263,352500,289500,2.450427,1000000.0
E02006043,697264,353500,289500,2.473236,1000000.0
E02006043,697265,354500,289500,2.503881,1000000.0
E02006043,697266,355500,289500,2.453444,1000000.0
E02006043,697267,356500,289500,2.468603,1000000.0
E02006043,697268,357500,289500,2.464268,981099.152318488
E02006043,697269,358500,289500,2.479871,156173.91005055537
E02006043,697949,348500,288500,2.476295,201946.06871166115
E02006043,697950,349500,288500,2.459484,861103.7564163702
E02006043,697951,350500,288500,2.407242,1000000.0
E02006043,697952,351500,288500,2.404644,1000000.0
E02006043,697953,352500,288500,2.43228,1000000.0
E02006043,697954,353500,288500,2.465919,1000000.0
E02006043,697955,354500,288500,2.449986,1000000.0
E02006043,697956,355500,288500,2.429564,1000000.0
E02006043,697957,356500,288500,2.424633,1000000.0
E02006043,697958,357500,288500,2.419805,998939.4737705067
E02006043,697959,358500,288500,2.424647,586673.0274512486
E02006043,698637,346500,287500,2.562124,18980.514405771803
E02006043,698638,347500,287500,2.499018,489024.4651426048
E02006043,698639,348500,287500,2.476804,908586.6316349355
E02006043,698640,349500,287500,2.462806,1000000.0
E02006043,698641,350500,287500,2.440901,1000000.0
E02006043,698642,351500,287500,2.450147,1000000.0
E02006043,698643,352500,287500,2.497195,1000000.0
E02006043,698644,353500,287500,2.433003,1000000.0
E02006043,698645,354500,287500,2.456341,1000000.0
E02006043,698646,355500,287500,2.42601,1000000.0
E02006043,698647,356500,287500,2.414698,1000000.0
E02006043,698648,357500,287500,2.406974,1000000.0
E02006043,698649,358500,287500,2.422292,949972.7667358947
E02006043,698650,359500,287500,2.417098,62949.3854369595
E02006043,699326,345500,286500,2.642086,78344.33094123681
E02006043,699327,346500,286500,2.533778,760267.2504848723
E02006043,699328,347500,286500,2.516078,1000000.0
E02006043,699329,348500,286500,2.487546,1000000.0
E02006043,699330,349500,286500,2.474778,1000000.0
E02006043,699331,350500,286500,2.478703,1000000.0
E02006043,699332,351500,286500,2.500482,1000000.0
E02006043,699333,352500,286500,2.443165,1000000.0
E02006043,699334,353500,286500,2.431218,1000000.0
E02006043,699335,354500,286500,2.432338,1000000.0
E02006043,699336,355500,286500,2.39465,1000000.0
E02006043,699337,356500,286500,2.388508,1000000.0
E02006043,699338,357500,286500,2.421058,1000000.0
E02006043,699339,358500,286500,2.401458,1000000.0
E02006043,699340,359500,286500,2.379643,508208.9587388117
E02006043,700015,344500,285500,2.867829,53525.953971352115
E02006043,700016,345500,285500,2.606755,778087.8121655683
E02006043,700017,346500,285500,2.517475,1000000.0
E02006043,700018,347500,285500,2.513747,1000000.0
E02006043,700019,348500,285500,2.501715,1000000.0
E02006043,700020,349500,285500,2.540715,1000000.0
E02006043,700021,350500,285500,2.586971,1000000.0
E02006043,700022,351500,285500,2.470385,1000000.0
E02006043,700023,352500,285500,2.432452,1000000.0
E02006043,700024,353500,285500,2.427284,1000000.0
E02006043,700025,354500,285500,2.428708,1000000.0
E02006043,700026,355500,285500,2.410362,1000000.0
E02006043,700027,356500,285500,2.411259,1000000.0
E02006043,700028,357500,285500,2.401252,1000000.0
E02006043,700029,358500,285500,2.389966,1000000.0
E02006043,700030,359500,285500,2.363897,659238.9740883297
E02006043,700704,343500,284500,3.101317,98147.96042610654
E02006043,700705,344500,284500,2.74632,480575.69926099863
E02006043,700706,345500,284500,2.58965,1000000.0
E02006043,700707,346500,284500,2.522156,1000000.0
E02006043,700708,347500,284500,2.516741,1000000.0
E02006043,700709,348500,284500,2.578868,1000000.0
E02006043,700710,349500,284500,2.55116,1000000.0
E02006043,700711,350500,284500,2.439544,1000000.0
E02006043,700712,351500,284500,2.410514,1000000.0
E02006043,700713,352500,284500,2.442674,1000000.0
E02006043,700714,353500,284500,2.42787,1000000.0
E02006043,700715,354500,284500,2.402046,1000000.0
E02006043,700716,355500,284500,2.382168,1000000.0
E02006043,700717,356500,284500,2.41848,1000000.0
E02006043,700718,357500,284500,2.387047,1000000.0
E02006043,700719,358500,284500,2.375171,1000000.0
E02006043,700720,359500,284500,2.370244,617744.9968383702
E02006043,700721,360500,284500,2.363371,16730.901235512596
E02006043,701393,342500,283500,2.710559,198642.9261284935
E02006043,701394,343500,283500,3.138117,847287.95821507
E02006043,701395,344500,283500,2.790349,1000000.0
E02006043,701396,345500,283500,2.572294,1000000.0
E02006043,701397,346500,283500,2.549414,1000000.0
E02006043,701398,347500,283500,2.581023,1000000.0
E02006043,701399,348500,283500,2.583285,1000000.0
E02006043,701400,349500,283500,2.509612,1000000.0
E02006043,701401,350500,283500,2.435079,1000000.0
E02006043,701402,351500,283500,2.440342,1000000.0
E02006043,701403,352500,283500,2.440898,1000000.0
E02006043,701404,353500,283500,2.405642,1000000.0
E02006043,701405,354500,283500,2.432603,1000000.0
E02006043,701406,355500,283500,2.39785,1000000.0
E02006043,701407,356500,283500,2.403379,1000000.0
E02006043,701408,357500,283500,2.42806,1000000.0
E02006043,701409,358500,283500,2.39536,1000000.0
E02006043,701410,359500,283500,2.404682,1000000.0
E02006043,701411,360500,283500,2.423435,911439.1562522968
E02006043,701412,361500,283500,2.433826,842639.7071100274
E02006043,701413,362500,283500,2.428672,275989.94071971654
E02006043,702082,341500,282500,2.585875,68220.71385785392
E02006043,702083,342500,282500,2.73357,793438.4422530252
E02006043,702084,343500,282500,3.30682,1000000.0
E02006043,702085,344500,282500,2.786188,1000000.0
E02006043,702086,345500,282500,2.596632,1000000.0
E02006043,702087,346500,282500,2.555391,1000000.0
E02006043,702088,347500,282500,2.530653,1000000.0
E02006043,702089,348500,282500,2.539578,1000000.0
E02006043,702090,349500,282500,2.525944,1000000.0
E02006043,702091,350500,282500,2.46085,1000000.0
E02006043,702092,351500,282500,2.479789,1000000.0
E02006043,702093,352500,282500,2.446594,1000000.0
E02006043,702094,353500,282500,2.4379,1000000.0
E02006043,702095,354500,282500,2.438146,1000000.0
E02006043,702096,355500,282500,2.416972,1000000.0
E02006043,702097,356500,282500,2.449622,1000000.0
E02006043,702098,357500,282500,2.459843,1000000.0
E02006043,702099,358500,282500,2.454439,1000000.0
E02006043,702100,359500,282500,2.452878,1000000.0
E02006043,702101,360500,282500,2.46069,1000000.0
E02006043,702102,361500,282500,2.436707,1000000.0
E02006043,702103,362500,282500,2.466585,597001.591874496
E02006043,702771,340500,281500,2.571427,35710.87021841975
E02006043,702772,341500,281500,2.537088,635770.7693736961
E02006043,702773,342500,281500,2.586342,1000000.0
E02006043,702774,343500,281500,2.974947,1000000.0
E02006043,702775,344500,281500,2.700397,1000000.0
E02006043,702776,345500,281500,2.576762,1000000.0
E02006043,702777,346500,281500,2.537432,1000000.0
E02006043,702778,347500,281500,2.536942,1000000.0
E02006043,702779,348500,281500,2.549778,1000000.0
E02006043,702780,349500,281500,2.522989,1000000.0
E02006043,702781,350500,281500,2.48391,1000000.0
E02006043,702782,351500,281500,2.48252,1000000.0
E02006043,702783,352500,281500,2.452528,1000000.0
E02006043,702784,353500,281500,2.445545,1000000.0
E02006043,702785,354500,281500,2.434975,1000000.0
E02006043,702786,355500,281500,2.425272,1000000.0
E02006043,702787,356500,281500,2.458877,1000000.0
E02006043,702788,357500,281500,2.454925,1000000.0
E02006043,702789,358500,281500,2.469264,1000000.0
E02006043,702790,359500,281500,2.509379,1000000.0
E02006043,702791,360500,281500,2.442687,1000000.0
E02006043,702792,361500,281500,2.438266,823684.2902909035
E02006043,702793,362500,281500,2.464091,401708.45682026795
E02006043,703461,340500,280500,2.534243,169684.39561245946
E02006043,703462,341500,280500,2.518968,904369.9513408098
E02006043,703463,342500,280500,2.534606,1000000.0
E02006043,703464,343500,280500,2.616085,1000000.0
E02006043,703465,344500,280500,2.892405,1000000.0
E02006043,703466,345500,280500,2.616918,1000000.0
E02006043,703467,346500,280500,2.548229,1000000.0
E02006043,703468,347500,280500,2.539824,1000000.0
E02006043,703469,348500,280500,2.56883,1000000.0
E02006043,703470,349500,280500,2.547348,1000000.0
E02006043,703471,350500,280500,2.504229,1000000.0
E02006043,703472,351500,280500,2.517152,1000000.0
E02006043,703473,352500,280500,2.516605,1000000.0
E02006043,703474,353500,280500,2.472312,1000000.0
E02006043,703475,354500,280500,2.481796,1000000.0
E02006043,703476,355500,280500,2.462206,1000000.0
E02006043,703477,356500,280500,2.493337,1000000.0
E02006043,703478,357500,280500,2.525024,1000000.0
E02006043,703479,358500,280500,2.510896,1000000.0
E02006043,703480,359500,280500,2.472865,1000000.0
E02006043,703481,360500,280500,2.460708,1000000.0
E02006043,703482,361500,280500,2.439568,800118.0971841245
E02006043,703483,362500,280500,2.454404,390096.00258615875
E02006043,704152,341500,279500,2.473519,81786.2302149268
E02006043,704153,342500,279500,2.48515,1000000.0
E02006043,704154,343500,279500,2.53448,1000000.0
E02006043,704155,344500,279500,2.69872,1000000.0
E02006043,704156,345500,279500,2.788404,1000000.0
E02006043,704157,346500,279500,2.589573,1000000.0
E02006043,704158,347500,279500,2.542128,1000000.0
E02006043,704159,348500,279500,2.583719,1000000.0
E02006043,704160,349500,279500,2.587162,1000000.0
E02006043,704161,350500,279500,2.558269,1000000.0
E02006043,704162,351500,279500,2.519017,1000000.0
E02006043,704163,352500,279500,2.545124,1000000.0
E02006043,704164,353500,279500,2.509272,1000000.0
E02006043,704165,354500,279500,2.51379,1000000.0
E02006043,704166,355500,279500,2.499125,1000000.0
E02006043,704167,356500,279500,2.510085,1000000.0
E02006043,704168,357500,279500,2.500583,1000000.0
E02006043,704169,358500,279500,2.476804,1000000.0
E02006043,704170,359500,279500,2.451865,1000000.0
E02006043,704171,360500,279500,2.525447,1000000.0
E02006043,704172,361500,279500,2.5284,994349.9758574078
E02006043,704173,362500,279500,2.542413,603161.6621290704
E02006043,704842,341500,278500,2.438124,107415.34507471186
E02006043,704843,342500,278500,2.47562,999977.3362976267
E02006043,704844,343500,278500,2.498573,1000000.0
E02006043,704845,344500,278500,2.570979,1000000.0
E02006043,704846,345500,278500,2.816376,1000000.0
E02006043,704847,346500,278500,2.706583,1000000.0
E02006043,704848,347500,278500,2.641601,1000000.0
E02006043,704849,348500,278500,2.647367,1000000.0
E02006043,704850,349500,278500,2.683202,1000000.0
E02006043,704851,350500,278500,2.64068,1000000.0
E02006043,704852,351500,278500,2.601212,1000000.0
E02006043,704853,352500,278500,2.591312,1000000.0
E02006043,704854,353500,278500,2.574922,1000000.0
E02006043,704855,354500,278500,2.590532,1000000.0
E02006043,704856,355500,278500,2.564094,1000000.0
E02006043,704857,356500,278500,2.529773,1000000.0
E02006043,704858,357500,278500,2.508589,1000000.0
E02006043,704859,358500,278500,2.471807,1000000.0
E02006043,704860,359500,278500,2.459702,1000000.0
E02006043,704861,360500,278500,2.516647,947026.1044772929
E02006043,704862,361500,278500,2.567384,262669.2613967671
E02006043,705532,341500,277500,2.446172,20874.451013271784
E02006043,705533,342500,277500,2.465291,332345.66784794186
E02006043,705534,343500,277500,2.497108,599821.6840914012
E02006043,705535,344500,277500,2.550062,770391.1153186198
E02006043,705536,345500,277500,2.548457,994594.4696377437
E02006043,705537,346500,277500,2.743286,1000000.0
E02006043,705538,347500,277500,2.852528,1000000.0
E02006043,705539,348500,277500,2.887703,1000000.0
E02006043,705540,349500,277500,2.902628,1000000.0
E02006043,705541,350500,277500,2.711154,1000000.0
E02006043,705542,351500,277500,2.704905,1000000.0
E02006043,705543,352500,277500,2.690077,1000000.0
E02006043,705544,353500,277500,2.70102,1000000.0
E02006043,705545,354500,277500,2.707788,1000000.0
E02006043,705546,355500,277500,2.587883,1000000.0
E02006043,705547,356500,277500,2.591901,1000000.0
E02006043,705548,357500,277500,2.568235,1000000.0
E02006043,705549,358500,277500,2.524406,1000000.0
E02006043,705550,359500,277500,2.517586,811252.8591986137
E02006043,705551,360500,277500,2.562199,256091.05649186124
E02006043,706225,344500,276500,2.599182,1601.0133916163445
E02006043,706226,345500,276500,2.557139,887898.3819080193
E02006043,706227,346500,276500,2.565031,1000000.0
E02006043,706228,347500,276500,2.619974,1000000.0
E02006043,706229,348500,276500,2.863174,1000000.0
E02006043,706230,349500,276500,2.885884,1000000.0
E02006043,706231,350500,276500,3.146045,935789.1607571216
E02006043,706232,351500,276500,3.016521,923425.740415503
E02006043,706233,352500,276500,2.953713,610311.0060368418
E02006043,706234,353500,276500,2.951338,673446.6652929846
E02006043,706235,354500,276500,2.822602,988650.49846806
E02006043,706236,355500,276500,2.702783,1000000.0
E02006043,706237,356500,276500,2.664506,1000000.0
E02006043,706238,357500,276500,2.628614,1000000.0
E02006043,706239,358500,276500,2.576417,873328.0853758606
E02006043,706240,359500,276500,2.601309,136125.0397144356
E02006043,706916,345500,275500,2.490006,510543.3808000508
E02006043,706917,346500,275500,2.484522,953214.926195871
E02006043,706918,347500,275500,2.533752,1000000.0
E02006043,706919,348500,275500,2.591331,1000000.0
E02006043,706920,349500,275500,2.711772,990081.031143719
E02006043,706921,350500,275500,3.132958,152150.52407406268
E02006043,706922,351500,275500,3.948696,154.17056144038344
E02006043,706924,353500,275500,2.978594,151383.6349279119
E02006043,706925,354500,275500,2.766185,997120.7832824093
E02006043,706926,355500,275500,2.654747,1000000.0
E02006043,706927,356500,275500,2.603418,999681.9983181275
E02006043,706928,357500,275500,2.679383,649268.0723876801
E02006043,706929,358500,275500,2.727095,66380.97123130817
E02006043,707606,345500,274500,2.457659,2380.2860841737775
E02006043,707607,346500,274500,2.477416,923755.1282837243
E02006043,707608,347500,274500,2.498933,1000000.0
E02006043,707609,348500,274500,2.53741,1000000.0
E02006043,707610,349500,274500,2.638276,648632.3039566949
E02006043,707614,353500,274500,3.010915,471891.40995834605
E02006043,707615,354500,274500,2.712655,891491.1739167625
E02006043,707616,355500,274500,2.591927,667434.9485785097
E02006043,707617,356500,274500,2.54042,505584.1246491586
E02006043,707618,357500,274500,2.58452,27269.437333841342
E02006043,708296,345500,273500,2.454629,21397.115255476107
E02006043,708297,346500,273500,2.469147,391623.0893488503
E02006043,708298,347500,273500,2.493376,313398.3481201781
E02006043,708299,348500,273500,2.51741,163346.16553882454
E02006043,708300,349500,273500,2.574407,1638.9667583008104
E02006043,708304,353500,273500,2.81073,34549.79753983708
E02006043,708305,354500,273500,2.691242,7906.265967730106
E02006046,704172,361500,279500,2.5284,5650.024142592173
E02006046,704173,362500,279500,2.542413,38048.420151233804
E02006046,704174,363500,279500,2.594534,1948.0797589546573
E02006046,704175,364500,279500,2.592221,288066.7663820155
E02006046,704176,365500,279500,2.641555,363543.55583235744
E02006046,704177,366500,279500,2.679275,16339.68409572987
E02006046,704861,360500,278500,2.516647,52973.895522707135
E02006046,704862,361500,278500,2.567384,737330.7386032329
E02006046,704863,362500,278500,2.58966,793689.6491400918
E02006046,704864,363500,278500,2.601688,901942.96257613
E02006046,704865,364500,278500,2.590302,1000000.0
E02006046,704866,365500,278500,2.624285,943503.8246588672
E02006046,704867,366500,278500,2.6625,74527.3982746294
E02006046,705550,359500,277500,2.517586,188747.14080138635
E02006046,705551,360500,277500,2.562199,743908.9435081388
E02006046,705552,361500,277500,2.580377,1000000.0
E02006046,705553,362500,277500,2.623844,1000000.0
E02006046,705554,363500,277500,2.620487,1000000.0
E02006046,705555,364500,277500,2.604802,1000000.0
E02006046,705556,365500,277500,2.646365,504699.478061995
E02006046,705557,366500,277500,2.693137,1612.1045709717112
E02006046,706239,358500,276500,2.576417,126671.91462413935
E02006046,706240,359500,276500,2.601309,863874.9602855643
E02006046,706241,360500,276500,2.637833,1000000.0
E02006046,706242,361500,276500,2.734234,1000000.0
E02006046,706243,362500,276500,2.728134,1000000.0
E02006046,706244,363500,276500,2.731453,1000000.0
E02006046,706245,364500,276500,2.656202,1000000.0
E02006046,706246,365500,276500,2.664237,905452.1026766766
E02006046,706247,366500,276500,2.743184,669931.5096574151
E02006046,706248,367500,276500,2.974414,362559.68253829423
E02006046,706249,368500,276500,2.987991,636906.7382150928
E02006046,706250,369500,276500,2.808564,368923.6692845039
E02006046,706251,370500,276500,2.828587,658965.9239506023
E02006046,706252,371500,276500,2.884228,470081.8976093576
E02006046,706253,372500,276500,2.961071,29985.707195193434
E02006046,706927,356500,275500,2.603418,318.00168187255235
E02006046,706928,357500,275500,2.679383,350731.92761232
E02006046,706929,358500,275500,2.727095,933619.0287686918
E02006046,706930,359500,275500,3.067007,1000000.0
E02006046,706931,360500,275500,2.776568,1000000.0
E02006046,706932,361500,275500,2.681466,1000000.0
E02006046,706933,362500,275500,2.622737,1000000.0
E02006046,706934,363500,275500,2.600138,1000000.0
E02006046,706935,364500,275500,2.71253,1000000.0
E02006046,706936,365500,275500,2.758587,1000000.0
E02006046,706937,366500,275500,2.963543,1000000.0
E02006046,706938,367500,275500,3.078379,1000000.0
E02006046,706939,368500,275500,2.87353,1000000.0
E02006046,706940,369500,275500,2.932813,1000000.0
E02006046,706941,370500,275500,2.945311,1000000.0
E02006046,706942,371500,275500,2.987541,932029.4364746667
E02006046,706943,372500,275500,3.06916,54525.79304873063
E02006046,707615,354500,274500,2.712655,108508.8260832377
E02006046,707616,355500,274500,2.591927,332565.0514214902
E02006046,707617,356500,274500,2.54042,494415.8753508414
E02006046,707618,357500,274500,2.58452,972730.5626661585
E02006046,707619,358500,274500,2.594719,1000000.0
E02006046,707620,359500,274500,2.633826,1000000.0
E02006046,707621,360500,274500,2.643794,1000000.0
E02006046,707622,361500,274500,2.637587,1000000.0
E02006046,707623,362500,274500,2.5825,1000000.0
E02006046,707624,363500,274500,2.570064,1000000.0
E02006046,707625,364500,274500,2.601247,1000000.0
E02006046,707626,365500,274500,2.641858,1000000.0
E02006046,707627,366500,274500,2.69608,1000000.0
E02006046,707628,367500,274500,2.725766,903578.1396392753
E02006046,707629,368500,274500,2.749144,660000.5068438873
E02006046,707630,369500,274500,2.806898,528650.395119023
E02006046,707631,370500,274500,2.897201,615206.6525347987
E02006046,707632,371500,274500,2.931075,535607.3140067402
E02006046,707633,372500,274500,3.190613,49856.46159826686
E02006046,708300,349500,273500,2.574407,396.86971855625006
E02006046,708301,350500,273500,2.716256,198109.48101212253
E02006046,708302,351500,273500,2.954676,4799.256259183019
E02006046,708304,353500,273500,2.81073,372369.1375735033
E02006046,708305,354500,273500,2.691242,992093.7340322699
E02006046,708306,355500,273500,2.590634,1000000.0
E02006046,708307,356500,273500,2.547171,1000000.0
E02006046,708308,357500,273500,2.555159,1000000.0
E02006046,708309,358500,273500,2.554356,1000000.0
E02006046,708310,359500,273500,2.599771,1000000.0
E02006046,708311,360500,273500,2.628125,1000000.0
E02006046,708312,361500,273500,2.607057,1000000.0
E02006046,708313,362500,273500,2.578324,1000000.0
E02006046,708314,363500,273500,2.583597,1000000.0
E02006046,708315,364500,273500,2.587269,1000000.0
E02006046,708316,365500,273500,2.655938,1000000.0
E02006046,708317,366500,273500,2.651528,971343.3925598821
E02006046,708318,367500,273500,2.690401,279490.7609673296
E02006046,708990,349500,272500,2.590859,220831.9946112713
E02006046,708991,350500,272500,2.717893,1000000.0
E02006046,708992,351500,272500,3.085548,527515.4553141714
E02006046,708993,352500,272500,2.880468,551532.0148442083
E02006046,708994,353500,272500,2.701843,995535.4618970944
E02006046,708995,354500,272500,2.634211,1000000.0
E02006046,708996,355500,272500,2.565084,1000000.0
E02006046,708997,356500,272500,2.556252,1000000.0
E02006046,708998,357500,272500,2.551677,1000000.0
E02006046,708999,358500,272500,2.54938,1000000.0
E02006046,709000,359500,272500,2.573688,1000000.0
E02006046,709001,360500,272500,2.664681,1000000.0
E02006046,709002,361500,272500,2.631663,1000000.0
E02006046,709003,362500,272500,2.594431,1000000.0
E02006046,709004,363500,272500,2.594175,1000000.0
E02006046,709005,364500,272500,2.593124,1000000.0
E02006046,709006,365500,272500,2.620077,1000000.0
E02006046,709007,366500,272500,2.656538,998083.1285088926
E02006046,709008,367500,272500,2.659828,186620.0341589547
E02006046,709678,347500,271500,2.501772,17556.59435389322
E02006046,709679,348500,271500,2.532593,85978.89521884143
E02006046,709680,349500,271500,2.630355,545517.1524928535
E02006046,709681,350500,271500,2.708019,1000000.0
E02006046,709682,351500,271500,3.095855,978331.0313333751
E02006046,709683,352500,271500,2.782586,1000000.0
E02006046,709684,353500,271500,2.698473,1000000.0
E02006046,709685,354500,271500,2.610532,485979.552877027
E02006046,709686,355500,271500,2.546001,838208.4003148513
E02006046,709687,356500,271500,2.551319,1000000.0
E02006046,709688,357500,271500,2.54332,1000000.0
E02006046,709689,358500,271500,2.565418,1000000.0
E02006046,709690,359500,271500,2.639468,1000000.0
E02006046,709691,360500,271500,2.699225,1000000.0
E02006046,709692,361500,271500,2.655238,1000000.0
E02006046,709693,362500,271500,2.650266,839245.3656651651
E02006046,709694,363500,271500,2.6398,201982.77349226238
E02006046,709695,364500,271500,2.606758,441759.8649041267
E02006046,709696,365500,271500,2.616655,959972.7699774349
E02006046,709697,366500,271500,2.640055,1000000.0
E02006046,709698,367500,271500,2.686575,320088.2206031274
E02006046,710368,347500,270500,2.506042,11281.145265936639
E02006046,710369,348500,270500,2.570098,601670.736837774
E02006046,710370,349500,270500,2.646775,961228.0246177103
E02006046,710371,350500,270500,2.643111,1000000.0
E02006046,710372,351500,270500,3.023258,1000000.0
E02006046,710373,352500,270500,2.835624,1000000.0
E02006046,710374,353500,270500,2.662408,863672.2598923808
E02006046,710375,354500,270500,2.616602,10356.73669801224
E02006046,710376,355500,270500,2.581114,221950.64635432212
E02006046,710377,356500,270500,2.553221,616089.3430166688
E02006046,710378,357500,270500,2.576759,1000000.0
E02006046,710379,358500,270500,2.594909,1000000.0
E02006046,710380,359500,270500,2.732399,1000000.0
E02006046,710381,360500,270500,2.752668,1000000.0
E02006046,710382,361500,270500,2.688927,864923.5625001098
E02006046,710383,362500,270500,2.68581,45584.823730701195
E02006046,710386,365500,270500,2.641196,576098.3081394671
E02006046,710387,366500,270500,2.670958,712158.6918114263
E02006046,710388,367500,270500,2.774273,188887.9571028629
E02006046,711060,349500,269500,2.637162,282106.54703004076
E02006046,711061,350500,269500,2.617954,712862.1993694163
E02006046,711062,351500,269500,2.995146,1000000.0
E02006046,711063,352500,269500,2.737807,1000000.0
E02006046,711064,353500,269500,2.654536,350656.2203352519
E02006046,711067,356500,269500,2.579593,70942.87314026954
E02006046,711068,357500,269500,2.596174,751802.0536945318
E02006046,711069,358500,269500,2.67379,1000000.0
E02006046,711070,359500,269500,3.57701,1000000.0
E02006046,711071,360500,269500,2.917991,1000000.0
E02006046,711072,361500,269500,2.714839,714158.2932911578
E02006046,711751,350500,268500,2.63903,0.23231826709923006
E02006046,711752,351500,268500,2.92425,740305.3915417122
E02006046,711753,352500,268500,2.9349,762264.377990653
E02006046,711754,353500,268500,2.784464,361714.0462918708
E02006046,711758,357500,268500,2.737036,543060.5120285399
E02006046,711759,358500,268500,2.830532,997171.1378648251
E02006046,711760,359500,268500,3.270886,585505.685050482
E02006046,711761,360500,268500,2.961813,243582.16294354346
E02006046,711762,361500,268500,2.870246,297422.37243479706
E02006046,712448,357500,267500,2.66494,43323.894166981605
E02006046,712449,358500,267500,2.672441,134554.07612030653
E02006118,676613,402500,319500,5.475175,2425.759188557739
E02006118,676614,403500,319500,6.79634,308716.2020580606
E02006118,676615,404500,319500,7.870177,167722.97260070138
E02006118,677300,399500,318500,4.948565,84822.88247805765
E02006118,677301,400500,318500,4.982326,386891.4023067426
E02006118,677302,401500,318500,5.10765,298481.71602454846
E02006118,677303,402500,318500,5.688687,759517.1250004916
E02006118,677304,403500,318500,6.907308,424273.8449426166
E02006118,677305,404500,318500,10.72648,405341.94096380385
E02006118,677306,405500,318500,7.302902,28.12488674938551
E02006118,677989,398500,317500,5.067228,39171.2691101357
E02006118,677990,399500,317500,5.045406,966015.6191501978
E02006118,677991,400500,317500,5.103971,1000000.0
E02006118,677992,401500,317500,5.249048,1000000.0
E02006118,677993,402500,317500,5.490744,990131.4620556177
E02006118,677994,403500,317500,6.194448,376460.9590388471
E02006118,678679,398500,316500,5.256536,48702.72938154244
E02006118,678680,399500,316500,5.251472,966120.283965537
E02006118,678681,400500,316500,5.331487,1000000.0
E02006118,678682,401500,316500,5.384834,1000000.0
E02006118,678683,402500,316500,5.582958,983291.4164437145
E02006118,678684,403500,316500,6.268531,426730.1706495096
E02006118,679369,398500,315500,5.568427,175158.9314717612
E02006118,679370,399500,315500,5.557365,56837.258902294474
E02006118,679371,400500,315500,5.641948,502207.1620511667
E02006118,679372,401500,315500,5.679302,807309.2181196678
E02006118,679373,402500,315500,5.981496,970385.1391887637
E02006118,679374,403500,315500,5.822721,807108.2977188765
E02006118,680063,402500,314500,6.165561,361078.14225058554
E02006118,680064,403500,314500,5.993104,968709.724206209
E02006118,680065,404500,314500,5.92962,299352.99825560383
E02006118,680753,402500,313500,6.444956,139.71152303148673
E02006118,680754,403500,313500,6.254896,579117.1502993252
E02006118,680755,404500,313500,6.13973,186789.64299662857
E02006119,676614,403500,319500,6.79634,77334.40656025798
E02006119,676615,404500,319500,7.870177,1695.462213507587
E02006119,677304,403500,318500,6.907308,575726.1550573834
E02006119,677305,404500,318500,10.72648,538932.1937033219
E02006119,677306,405500,318500,7.302902,46904.734038671486
E02006119,677993,402500,317500,5.490744,9868.537944382195
E02006119,677994,403500,317500,6.194448,614673.8107654602
E02006119,677995,404500,317500,8.148989,560158.4588117559
E02006119,678683,402500,316500,5.582958,16708.583556285466
E02006119,678684,403500,316500,6.268531,95100.77143066765
E02006119,678685,404500,316500,6.609205,11354.483249164037
E02006120,677305,404500,318500,10.72648,8.75753712985912
E02006120,677306,405500,318500,7.302902,205756.246450794
E02006120,677307,406500,318500,6.060616,196.1537737342756
E02006120,677994,403500,317500,6.194448,8865.230195692582
E02006120,677995,404500,317500,8.148989,439841.5411882441
E02006120,677996,405500,317500,8.917882,916343.000750564
E02006120,677997,406500,317500,6.680455,24714.752957854616
E02006120,678684,403500,316500,6.268531,478169.05791982275
E02006120,678685,404500,316500,6.609205,988645.5167508359
E02006120,678686,405500,316500,8.471625,965887.442845458
E02006120,678687,406500,316500,7.45478,5578.559182628151
E02006120,679374,403500,315500,5.822721,192891.7022811235
E02006120,679375,404500,315500,5.881685,1000000.0
E02006120,679376,405500,315500,6.065688,419503.6542368365
E02006120,680064,403500,314500,5.993104,31290.275793791006
E02006120,680065,404500,314500,5.92962,404031.82468114863
E02006120,680066,405500,314500,5.936963,2394.7637943482478
E02006121,678680,399500,316500,5.251472,28384.19810574439
E02006121,679369,398500,315500,5.568427,326084.2473117554
E02006121,679370,399500,315500,5.557365,943162.7410977056
E02006121,679371,400500,315500,5.641948,497792.83794883336
E02006121,679372,401500,315500,5.679302,192690.78188033216
E02006121,679373,402500,315500,5.981496,29614.860811236245
E02006121,680059,398500,314500,6.11334,651609.9292781098
E02006121,680060,399500,314500,6.192945,1000000.0
E02006121,680061,400500,314500,6.26137,1000000.0
E02006121,680062,401500,314500,6.320012,1000000.0
E02006121,680063,402500,314500,6.165561,638921.8577494144
E02006121,680749,398500,313500,6.961967,685830.1710601483
E02006121,680750,399500,313500,7.186389,375910.3932311178
E02006121,680751,400500,313500,7.331503,788591.8450192667
E02006121,680752,401500,313500,6.71128,918972.8514306239
E02006121,680753,402500,313500,6.444956,713295.2859446838
E02006121,680754,403500,313500,6.254896,51328.68182970106
E02006121,681439,398500,312500,7.72256,47271.88236804979
E02006121,681440,399500,312500,7.869106,123.54763024285597
E02006121,681441,400500,312500,7.92437,6847.093352415424
E02006121,681442,401500,312500,7.208922,36612.29884294852
E02006121,681443,402500,312500,7.038666,975.8406584628023
E02006122,680749,398500,313500,6.961967,116562.46750572287
E02006122,680750,399500,313500,7.186389,624089.6067688818
E02006122,680751,400500,313500,7.331503,170117.76128358633
E02006122,680752,401500,313500,6.71128,32.3987265454183
E02006122,681439,398500,312500,7.72256,237294.88409908593
E02006122,681440,399500,312500,7.869106,710595.6032974528
E02006122,681441,400500,312500,7.92437,683916.7458757502
E02006122,681442,401500,312500,7.208922,137548.41933867757
E02006123,680753,402500,313500,6.444956,286565.00253228477
E02006123,680754,403500,313500,6.254896,369554.1678709737
E02006123,680755,404500,313500,6.13973,246346.60372806387
E02006123,681442,401500,312500,7.208922,275477.35660518846
E02006123,681443,402500,312500,7.038666,999024.1593415373
E02006123,681444,403500,312500,6.669096,1000000.0
E02006123,681445,404500,312500,6.561365,957585.6859758463
E02006123,681446,405500,312500,6.417277,374429.5715900865
E02006123,682132,401500,311500,8.271799,603816.3516365159
E02006123,682133,402500,311500,7.199245,1000000.0
E02006123,682134,403500,311500,7.005498,998448.8199417979
E02006123,682135,404500,311500,6.933994,718002.2117165806
E02006123,682822,401500,310500,8.314343,109077.70032768238
E02006123,682823,402500,310500,7.529966,987645.4561122999
E02006123,682824,403500,310500,7.565317,594103.9211864537
E02006123,682825,404500,310500,7.832032,41796.317316149616
E02006123,683512,401500,309500,8.349221,23293.47865966068
E02006123,683513,402500,309500,8.273387,230652.35230396502
E02006123,683514,403500,309500,9.689313,79481.7141416672
E02006124,681439,398500,312500,7.72256,592740.8537049098
E02006124,682128,397500,311500,7.792027,308824.74155838403
E02006124,682129,398500,311500,8.466488,573733.7876591663
E02006124,682818,397500,310500,8.865976,1276.334128437133
E02006125,681439,398500,312500,7.72256,92380.44263699137
E02006125,681440,399500,312500,7.869106,285968.8513143296
E02006125,681441,400500,312500,7.92437,1270.6005252239324
E02006125,682129,398500,311500,8.466488,312388.6136553375
E02006125,682130,399500,311500,9.123571,837863.4818586704
E02006125,682131,400500,311500,8.705481,131011.36453288721
E02006125,682819,398500,310500,9.998574,8186.646392411801
E02006125,682820,399500,310500,10.52394,12760.31179626115
E02006126,680751,400500,313500,7.331503,41290.393697146916
E02006126,680752,401500,313500,6.71128,80994.74984283069
E02006126,681440,399500,312500,7.869106,3311.9977579748097
E02006126,681441,400500,312500,7.92437,307965.56024661055
E02006126,681442,401500,312500,7.208922,550361.9252131854
E02006126,682130,399500,311500,9.123571,6027.355832166006
E02006126,682131,400500,311500,8.705481,734200.7625263823
E02006126,682132,401500,311500,8.271799,396183.64836348395
E02006126,682821,400500,310500,9.014834,274187.739638841
E02006126,682822,401500,310500,8.314343,890922.2996723177
E02006126,682823,402500,310500,7.529966,12354.543887700094
E02006126,683511,400500,309500,8.63555,58103.40202215764
E02006126,683512,401500,309500,8.349221,364193.21175831754
E02006127,682130,399500,311500,9.123571,95514.51454624545
E02006127,682131,400500,311500,8.705481,134787.87294073042
E02006127,682820,399500,310500,10.52394,625084.6301865955
E02006127,682821,400500,310500,9.014834,724433.0468230256
E02006127,683510,399500,309500,10.90806,122093.06536831027
E02006127,683511,400500,309500,8.63555,20607.008248447233
E02006128,682127,396500,311500,7.120902,200.96468137394857
E02006128,682128,397500,311500,7.792027,306527.68097781565
E02006128,682129,398500,311500,8.466488,113764.61115433385
E02006128,682130,399500,311500,9.123571,60594.647762918205
E02006128,682817,396500,310500,7.968174,314394.9001901754
E02006128,682818,397500,310500,8.865976,983651.6832705091
E02006128,682819,398500,310500,9.998574,853502.0227121812
E02006128,682820,399500,310500,10.52394,362155.05801714334
E02006128,683507,396500,309500,8.966373,83128.58037522082
E02006128,683508,397500,309500,10.16788,239200.7017552543
E02006128,683509,398500,309500,11.82152,27300.073301874476
E02006128,683510,399500,309500,10.90806,22009.432797777292
E02006129,682818,397500,310500,8.865976,15071.982601053835
E02006129,682819,398500,310500,9.998574,138311.33089540692
E02006129,683507,396500,309500,8.966373,240177.86811880232
E02006129,683508,397500,309500,10.16788,760799.2982447457
E02006129,683509,398500,309500,11.82152,911341.4049586386
E02006129,683510,399500,309500,10.90806,20614.76412061254
E02006129,684197,396500,308500,9.917182,61079.85991417119
E02006129,684198,397500,308500,11.43549,620238.968341324
E02006129,684199,398500,308500,12.23215,510914.46707796695
E02006130,682821,400500,310500,9.014834,1379.2135381334897
E02006130,683509,398500,309500,11.82152,61358.52173948703
E02006130,683510,399500,309500,10.90806,835282.7377132998
E02006130,683511,400500,309500,8.63555,921289.5897293951
E02006130,683512,401500,309500,8.349221,612513.3095820218
E02006130,683513,402500,309500,8.273387,705961.8044068898
E02006130,683514,403500,309500,9.689313,4378.020316917665
E02006130,684199,398500,308500,12.23215,239590.08030065073
E02006130,684200,399500,308500,10.25163,990896.2484156023
E02006130,684201,400500,308500,8.600946,1000000.0
E02006130,684202,401500,308500,9.329172,1000000.0
E02006130,684203,402500,308500,8.685744,735940.7294465157
E02006130,684890,399500,307500,9.668742,57942.45240475789
E02006130,684891,400500,307500,9.937659,978714.4056681461
E02006130,684892,401500,307500,10.19894,1000000.0
E02006130,684893,402500,307500,9.733769,878372.4922120587
E02006130,684894,403500,307500,8.927857,21496.89159649002
E02006130,685581,400500,306500,8.736828,684607.0769136901
E02006130,685582,401500,306500,9.546467,1000000.0
E02006130,685583,402500,306500,9.415262,933005.6852401086
E02006130,685584,403500,306500,9.818269,38787.73657690325
E02006130,686271,400500,305500,8.96287,369585.02936855546
E02006130,686272,401500,305500,9.123836,978923.4625791853
E02006130,686273,402500,305500,9.198103,768317.4336881526
E02006130,686962,401500,304500,9.739213,243894.39515238485
E02006130,686963,402500,304500,10.37282,88863.51283522183
E02006131,655924,413500,349500,3.273361,12216.465303294563
E02006131,655925,414500,349500,3.260902,600339.0101094346
E02006131,655926,415500,349500,3.304327,543613.2640357463
E02006131,655927,416500,349500,3.365398,30554.849476878004
E02006131,656610,409500,348500,3.39444,261234.93667020905
E02006131,656611,410500,348500,3.455077,224382.49662757406
E02006131,656612,411500,348500,3.49505,269178.4071692332
E02006131,656613,412500,348500,3.425372,11145.764912433599
E02006131,656614,413500,348500,3.389145,47755.629221802985
E02006131,656615,414500,348500,3.313695,962515.8693811585
E02006131,656616,415500,348500,3.388815,1000000.0
E02006131,656617,416500,348500,3.424198,276039.4339477523
E02006131,657299,408500,347500,3.378924,103667.9189781087
E02006131,657300,409500,347500,3.367532,915979.2951427776
E02006131,657301,410500,347500,3.403071,1000000.0
E02006131,657302,411500,347500,3.336958,1000000.0
E02006131,657303,412500,347500,3.330826,920671.0917069281
E02006131,657304,413500,347500,3.375386,120237.54420771371
E02006131,657305,414500,347500,3.441734,796893.0604931768
E02006131,657306,415500,347500,3.466264,988324.955258395
E02006131,657307,416500,347500,3.569836,105916.45220957603
E02006131,657988,407500,346500,3.434719,188583.25237048828
E02006131,657989,408500,346500,3.310779,995758.8631991679
E02006131,657990,409500,346500,3.301301,1000000.0
E02006131,657991,410500,346500,3.36183,1000000.0
E02006131,657992,411500,346500,3.327775,1000000.0
E02006131,657993,412500,346500,3.375434,1000000.0
E02006131,657994,413500,346500,3.323956,758670.2400813154
E02006131,657995,414500,346500,3.470099,1000000.0
E02006131,657996,415500,346500,3.72826,993211.8130095787
E02006131,657997,416500,346500,3.759565,164367.7876513455
E02006131,658678,407500,345500,3.456614,7917.005723117427
E02006131,658679,408500,345500,3.395808,798442.4892159621
E02006131,658680,409500,345500,3.371204,1000000.0
E02006131,658681,410500,345500,3.414289,1000000.0
E02006131,658682,411500,345500,3.339855,1000000.0
E02006131,658683,412500,345500,3.351322,1000000.0
E02006131,658684,413500,345500,3.369134,1000000.0
E02006131,658685,414500,345500,3.456522,1000000.0
E02006131,658686,415500,345500,4.424783,851321.6523429126
E02006131,659369,408500,344500,3.519902,801368.4026659828
E02006131,659370,409500,344500,3.42802,1000000.0
E02006131,659371,410500,344500,3.427427,1000000.0
E02006131,659372,411500,344500,3.401569,1000000.0
E02006131,659373,412500,344500,3.402241,1000000.0
E02006131,659374,413500,344500,3.452149,1000000.0
E02006131,659375,414500,344500,3.556812,890422.4733960124
E02006131,659376,415500,344500,3.846607,496447.4249514863
E02006131,659377,416500,344500,3.879374,2485.40036424876
E02006131,660059,408500,343500,3.60412,155880.16345069482
E02006131,660060,409500,343500,3.518143,999907.9447051114
E02006131,660061,410500,343500,3.449951,1000000.0
E02006131,660062,411500,343500,3.505462,1000000.0
E02006131,660063,412500,343500,3.520228,1000000.0
E02006131,660064,413500,343500,3.495141,814311.4113018055
E02006131,660065,414500,343500,3.49198,151108.84368974023
E02006131,660750,409500,342500,3.5187,707244.725237649
E02006131,660751,410500,342500,3.555981,1000000.0
E02006131,660752,411500,342500,3.653101,901592.6448727465
E02006131,660753,412500,342500,3.61081,539842.647069586
E02006131,660754,413500,342500,3.54191,138933.4197141781
E02006131,661437,406500,341500,3.601438,158090.2185084809
E02006131,661438,407500,341500,3.601624,480680.1680727884
E02006131,661439,408500,341500,3.529688,654241.507493113
E02006131,661440,409500,341500,3.603639,958412.8397760844
E02006131,661441,410500,341500,3.7689,1000000.0
E02006131,661442,411500,341500,3.787122,567303.4215169064
E02006131,662125,404500,340500,3.75425,6347.254984968348
E02006131,662126,405500,340500,3.68868,739163.7519095602
E02006131,662127,406500,340500,3.600762,843598.5895585452
E02006131,662128,407500,340500,3.521105,1000000.0
E02006131,662129,408500,340500,3.625768,1000000.0
E02006131,662130,409500,340500,3.760101,1000000.0
E02006131,662131,410500,340500,4.248056,1000000.0
E02006131,662132,411500,340500,4.107395,657130.5893645745
E02006131,662816,405500,339500,3.734744,243329.96720020403
E02006131,662817,406500,339500,3.603455,980847.9444258558
E02006131,662818,407500,339500,3.546672,1000000.0
E02006131,662819,408500,339500,3.609445,1000000.0
E02006131,662820,409500,339500,3.890923,1000000.0
E02006131,662821,410500,339500,6.605717,1000000.0
E02006131,662822,411500,339500,4.184203,417657.3804655186
E02006131,663502,401500,338500,4.745235,7596.656130217904
E02006131,663503,402500,338500,4.453834,29535.81440304764
E02006131,663505,404500,338500,3.947614,17477.22784046572
E02006131,663506,405500,338500,3.842796,189631.45073108186
E02006131,663507,406500,338500,3.686056,647011.2773898683
E02006131,663508,407500,338500,3.60617,1000000.0
E02006131,663509,408500,338500,3.644382,1000000.0
E02006131,663510,409500,338500,3.844303,1000000.0
E02006131,663511,410500,338500,3.908596,956271.3760520795
E02006131,663512,411500,338500,3.74798,271820.08443486405
E02006131,664190,399500,337500,4.511623,181.0832984122067
E02006131,664191,400500,337500,4.750189,336827.38934228866
E02006131,664192,401500,337500,5.198444,623848.615410942
E02006131,664193,402500,337500,5.125338,816907.1110841169
E02006131,664194,403500,337500,4.604064,366654.85983566794
E02006131,664195,404500,337500,4.245381,410216.53145625733
E02006131,664196,405500,337500,3.986128,1000000.0
E02006131,664197,406500,337500,3.802308,1000000.0
E02006131,664198,407500,337500,3.75445,1000000.0
E02006131,664199,408500,337500,3.767598,1000000.0
E02006131,664200,409500,337500,3.806954,988663.4588872198
E02006131,664201,410500,337500,3.77245,288295.49503484124
E02006131,664878,397500,336500,4.567221,18179.98466658313
E02006131,664879,398500,336500,4.450212,316018.62430107145
E02006131,664880,399500,336500,4.37518,611214.6844383524
E02006131,664881,400500,336500,4.364118,999016.3460346401
E02006131,664882,401500,336500,4.352927,1000000.0
E02006131,664883,402500,336500,4.271513,1000000.0
E02006131,664884,403500,336500,4.773768,1000000.0
E02006131,664885,404500,336500,4.89918,1000000.0
E02006131,664886,405500,336500,4.291796,1000000.0
E02006131,664887,406500,336500,4.149889,1000000.0
E02006131,664888,407500,336500,4.003614,1000000.0
E02006131,664889,408500,336500,3.937462,1000000.0
E02006131,664890,409500,336500,3.933219,861000.5284539532
E02006131,664891,410500,336500,3.866661,28.887716263343947
E02006131,665568,397500,335500,4.537543,265932.5950619294
E02006131,665569,398500,335500,4.425434,996264.2123503904
E02006131,665570,399500,335500,4.32241,1000000.0
E02006131,665571,400500,335500,4.263855,1000000.0
E02006131,665572,401500,335500,4.277155,1000000.0
E02006131,665573,402500,335500,4.147017,1000000.0
E02006131,665574,403500,335500,4.087112,1000000.0
E02006131,665575,404500,335500,4.096266,1000000.0
E02006131,665576,405500,335500,4.828775,1000000.0
E02006131,665577,406500,335500,5.440878,990102.4093124706
E02006131,665578,407500,335500,4.578244,814555.5661362314
E02006131,665579,408500,335500,4.492319,994348.3593568746
E02006131,665580,409500,335500,4.299735,613901.9679829285
E02006131,665581,410500,335500,4.169429,125234.28958712994
E02006131,666259,398500,334500,4.380235,262754.56019893097
E02006131,666260,399500,334500,4.24336,947050.5605572076
E02006131,666261,400500,334500,4.202374,1000000.0
E02006131,666262,401500,334500,4.169481,1000000.0
E02006131,666263,402500,334500,4.085231,1000000.0
E02006131,666264,403500,334500,4.002603,1000000.0
E02006131,666265,404500,334500,3.967475,1000000.0
E02006131,666266,405500,334500,4.056678,1000000.0
E02006131,666267,406500,334500,4.139391,990984.2092204982
E02006131,666268,407500,334500,5.284716,167268.5895660988
E02006131,666269,408500,334500,6.304712,145251.01744872206
E02006131,666949,398500,333500,4.400153,4619.78385336445
E02006131,666950,399500,333500,4.262216,452763.6832554745
E02006131,666951,400500,333500,4.223752,995523.6989183779
E02006131,666952,401500,333500,4.20931,992555.5693443291
E02006131,666953,402500,333500,4.138067,1000000.0
E02006131,666954,403500,333500,4.032082,1000000.0
E02006131,666955,404500,333500,4.008993,1000000.0
E02006131,666956,405500,333500,4.041912,1000000.0
E02006131,666957,406500,333500,4.118219,664462.8674901992
E02006131,666958,407500,333500,4.475602,23197.488890199133
E02006131,667641,400500,332500,4.286358,104370.85449505466
E02006131,667642,401500,332500,4.147917,292358.1562759154
E02006131,667643,402500,332500,4.085364,991813.8499060263
E02006131,667644,403500,332500,3.979074,993554.2409927252
E02006131,667645,404500,332500,3.94041,1000000.0
E02006131,667646,405500,332500,4.017472,1000000.0
E02006131,667647,406500,332500,4.07525,544216.2880197554
E02006131,667648,407500,332500,4.161779,6.355942272337858
E02006131,667651,410500,332500,3.968412,8412.353401466551
E02006131,667652,411500,332500,3.79522,145052.88270584407
E02006131,667653,412500,332500,3.840052,7478.956660974027
E02006131,668333,402500,331500,4.123143,86073.67711059036
E02006131,668334,403500,331500,4.034063,129298.07813595356
E02006131,668335,404500,331500,4.071397,752193.611795831
E02006131,668336,405500,331500,4.101238,916000.916492934
E02006131,668337,406500,331500,3.899003,1000000.0
E02006131,668338,407500,331500,3.879714,908274.0818691901
E02006131,668339,408500,331500,3.890781,755995.5628075937
E02006131,668340,409500,331500,3.863609,821039.1913034014
E02006131,668341,410500,331500,3.816256,754726.668867581
E02006131,668342,411500,331500,3.779995,293180.690079259
E02006131,668343,412500,331500,3.773805,9309.119722749216
E02006131,669026,405500,330500,3.966554,207897.6578355552
E02006131,669027,406500,330500,3.895767,557339.6393593455
E02006131,669028,407500,330500,3.8599,988415.8881068778
E02006131,669029,408500,330500,3.803583,895788.7677371319
E02006131,669030,409500,330500,3.73409,281791.4657324247
E02006131,669031,410500,330500,3.759107,67048.2819367714
E02006131,669718,407500,329500,3.824174,540748.5417239759
E02006131,669719,408500,329500,3.723227,835525.4030239211
E02006131,669720,409500,329500,3.679108,2122.7837663812684
E02006132,665577,406500,335500,5.440878,9897.590687529477
E02006132,665578,407500,335500,4.578244,185444.43386376847
E02006132,665579,408500,335500,4.492319,5651.640643125359
E02006132,665580,409500,335500,4.299735,359575.35278535023
E02006132,665581,410500,335500,4.169429,204261.97289972744
E02006132,666267,406500,334500,4.139391,9015.790779501833
E02006132,666268,407500,334500,5.284716,832731.4104339012
E02006132,666269,408500,334500,6.304712,694535.4093087597
E02006132,666270,409500,334500,5.704745,393260.7681485197
E02006132,666271,410500,334500,5.222686,302212.0650383392
E02006132,666957,406500,333500,4.118219,335537.1325098008
E02006132,666958,407500,333500,4.475602,836142.2589575733
E02006132,666959,408500,333500,5.035605,235813.40219273325
E02006132,667647,406500,332500,4.07525,62567.07566812537
E02006132,667648,407500,332500,4.161779,8574.126416293611
E02006133,666269,408500,334500,6.304712,160213.57324251847
E02006133,666270,409500,334500,5.704745,606739.2318514802
E02006133,666271,410500,334500,5.222686,359503.39008872106
E02006133,666272,411500,334500,5.283137,17433.529884578656
E02006133,666958,407500,333500,4.475602,140660.25215222765
E02006133,666959,408500,333500,5.035605,764186.5978072667
E02006133,666960,409500,333500,5.982018,1000000.0
E02006133,666961,410500,333500,4.316517,1000000.0
E02006133,666962,411500,333500,4.054663,332092.7827757806
E02006133,667647,406500,332500,4.07525,393216.6363121194
E02006133,667648,407500,332500,4.161779,991419.517641434
E02006133,667649,408500,332500,4.449923,1000000.0
E02006133,667650,409500,332500,4.451224,1000000.0
E02006133,667651,410500,332500,3.968412,991587.6465985335
E02006133,667652,411500,332500,3.79522,239211.26970085542
E02006133,668338,407500,331500,3.879714,91725.9181308099
E02006133,668339,408500,331500,3.890781,244004.4371924062
E02006133,668340,409500,331500,3.863609,178960.8086965987
E02006133,668341,410500,331500,3.816256,144402.96452721354
E02006134,669730,419500,329500,4.509703,588502.4732802637
E02006134,669731,420500,329500,5.068856,580448.5182150669
E02006134,669732,421500,329500,6.854419,467293.572491821
E02006134,669733,422500,329500,7.515001,178863.56365740392
E02006134,670419,418500,328500,4.401444,185283.22203658102
E02006134,670420,419500,328500,4.758304,952590.7535805517
E02006134,670421,420500,328500,4.998058,1000000.0
E02006134,670422,421500,328500,5.659045,1000000.0
E02006134,670423,422500,328500,5.701795,992799.3239919082
E02006134,670424,423500,328500,5.793876,845845.6017514744
E02006134,670425,424500,328500,5.764236,589627.4078053328
E02006134,670426,425500,328500,6.095423,156706.51148381853
E02006134,671109,418500,327500,4.339444,58262.44202836588
E02006134,671110,419500,327500,4.48966,837129.6607881584
E02006134,671111,420500,327500,4.730381,1000000.0
E02006134,671112,421500,327500,5.064789,1000000.0
E02006134,671113,422500,327500,5.483169,1000000.0
E02006134,671114,423500,327500,6.04176,1000000.0
E02006134,671115,424500,327500,6.32017,962593.6097317573
E02006134,671116,425500,327500,6.644208,487512.8282202319
E02006134,671798,417500,326500,4.234676,10574.928618745584
E02006134,671799,418500,326500,4.306509,261912.25129692262
E02006134,671800,419500,326500,4.493314,986589.409994694
E02006134,671801,420500,326500,4.673377,1000000.0
E02006134,671802,421500,326500,4.935147,1000000.0
E02006134,671803,422500,326500,5.451153,1000000.0
E02006134,671804,423500,326500,6.122046,943778.6245182453
E02006134,671805,424500,326500,7.001596,312313.21832484344
E02006134,672488,417500,325500,4.220935,835082.7618606603
E02006134,672489,418500,325500,4.279313,999043.3956658246
E02006134,672490,419500,325500,4.427414,1000000.0
E02006134,672491,420500,325500,4.665962,1000000.0
E02006134,672492,421500,325500,5.083942,1000000.0
E02006134,672493,422500,325500,5.593816,1000000.0
E02006134,672494,423500,325500,7.172317,645323.1375290853
E02006134,672495,424500,325500,9.245651,17434.492804921687
E02006134,673178,417500,324500,4.384537,459696.49281416315
E02006134,673179,418500,324500,4.410067,894646.7578978342
E02006134,673180,419500,324500,4.522511,1000000.0
E02006134,673181,420500,324500,4.85754,1000000.0
E02006134,673182,421500,324500,5.351944,620125.6412402061
E02006134,673183,422500,324500,6.307589,670396.9250668818
E02006134,673184,423500,324500,10.00295,52263.04249226515
E02006134,673869,418500,323500,4.382766,2043.0804138576993
E02006134,673870,419500,323500,4.615244,96262.0313407504
E02006134,673871,420500,323500,4.98479,100612.53599612978
E02006134,673872,421500,323500,5.620119,17243.726320650574
E02006135,671115,424500,327500,6.32017,37406.390268242554
E02006135,671116,425500,327500,6.644208,364615.6251318239
E02006135,671117,426500,327500,7.835639,333344.5015312931
E02006135,671804,423500,326500,6.122046,56221.37548175452
E02006135,671805,424500,326500,7.001596,687686.7816751566
E02006135,671806,425500,326500,9.201172,960703.8518250155
E02006135,671807,426500,326500,10.07839,749511.7932970161
E02006135,671808,427500,326500,7.714979,3525.933729869837
E02006135,672494,423500,325500,7.172317,69.94812701187342
E02006135,672495,424500,325500,9.245651,329947.4575558433
E02006135,672496,425500,325500,10.88625,147840.81810545968
E02006135,672497,426500,325500,9.506391,73916.64737241624
E02006136,667643,402500,332500,4.085364,1385.61830420335
E02006136,667644,403500,332500,3.979074,6445.759007274815
E02006136,667654,413500,332500,3.924457,16513.216362403447
E02006136,668333,402500,331500,4.123143,764463.533416219
E02006136,668334,403500,331500,4.034063,870701.9218640465
E02006136,668335,404500,331500,4.071397,247806.38820416902
E02006136,668336,405500,331500,4.101238,83999.08350706594
E02006136,668341,410500,331500,3.816256,100870.36660520542
E02006136,668342,411500,331500,3.779995,680369.161095021
E02006136,668343,412500,331500,3.773805,639318.8094098415
E02006136,668344,413500,331500,3.859226,851672.288275009
E02006136,668345,414500,331500,4.059951,635880.5361106965
E02006136,668346,415500,331500,4.227145,375119.47585765005
E02006136,668347,416500,331500,4.973623,63438.091483268145
E02006136,669023,402500,330500,4.1406,401006.93125857686
E02006136,669024,403500,330500,4.086803,770741.4563689285
E02006136,669025,404500,330500,4.115441,885361.5730123093
E02006136,669026,405500,330500,3.966554,792102.3421644449
E02006136,669027,406500,330500,3.895767,442660.3606406545
E02006136,669028,407500,330500,3.8599,11584.111893122186
E02006136,669029,408500,330500,3.803583,104211.23226286792
E02006136,669030,409500,330500,3.73409,718208.5342675752
E02006136,669031,410500,330500,3.759107,932951.7180632286
E02006136,669032,411500,330500,3.773755,1000000.0
E02006136,669033,412500,330500,3.825211,1000000.0
E02006136,669034,413500,330500,4.023853,1000000.0
E02006136,669035,414500,330500,4.650624,1000000.0
E02006136,669036,415500,330500,4.126527,1000000.0
E02006136,669037,416500,330500,4.228683,800697.2413660774
E02006136,669038,417500,330500,4.253002,52275.95473109286
E02006136,669715,404500,329500,3.982684,594253.9957083059
E02006136,669716,405500,329500,3.958817,1000000.0
E02006136,669717,406500,329500,3.883054,1000000.0
E02006136,669718,407500,329500,3.824174,459251.45827602415
E02006136,669719,408500,329500,3.723227,164474.59697607878
E02006136,669720,409500,329500,3.679108,997877.2162336188
E02006136,669721,410500,329500,3.656636,1000000.0
E02006136,669722,411500,329500,3.683001,1000000.0
E02006136,669723,412500,329500,3.728726,1000000.0
E02006136,669724,413500,329500,3.983418,1000000.0
E02006136,669725,414500,329500,3.96882,1000000.0
E02006136,669726,415500,329500,4.095438,1000000.0
E02006136,669727,416500,329500,4.071708,997757.0982741547
E02006136,669728,417500,329500,4.094252,844779.9939067129
E02006136,669729,418500,329500,4.246405,422882.47435377317
E02006136,669730,419500,329500,4.509703,203357.0847960045
E02006136,670405,404500,328500,4.001082,612664.1357942043
E02006136,670406,405500,328500,3.92788,1000000.0
E02006136,670407,406500,328500,3.843855,1000000.0
E02006136,670408,407500,328500,3.768885,1000000.0
E02006136,670409,408500,328500,3.697845,1000000.0
E02006136,670410,409500,328500,3.658151,1000000.0
E02006136,670411,410500,328500,3.651118,1000000.0
E02006136,670412,411500,328500,3.679147,1000000.0
E02006136,670413,412500,328500,3.707923,1000000.0
E02006136,670414,413500,328500,3.801017,1000000.0
E02006136,670415,414500,328500,3.894406,1000000.0
E02006136,670416,415500,328500,4.165829,1000000.0
E02006136,670417,416500,328500,4.081473,1000000.0
E02006136,670418,417500,328500,4.155979,1000000.0
E02006136,670419,418500,328500,4.401444,814716.7779634189
E02006136,670420,419500,328500,4.758304,47409.24641944833
E02006136,671094,403500,327500,4.072417,336420.64889680676
E02006136,671095,404500,327500,3.999416,937238.7358349485
E02006136,671096,405500,327500,3.937333,1000000.0
E02006136,671097,406500,327500,3.885715,1000000.0
E02006136,671098,407500,327500,3.769811,1000000.0
E02006136,671099,408500,327500,3.742296,1000000.0
E02006136,671100,409500,327500,3.719439,1000000.0
E02006136,671101,410500,327500,3.697376,1000000.0
E02006136,671102,411500,327500,3.704564,1000000.0
E02006136,671103,412500,327500,3.7415,1000000.0
E02006136,671104,413500,327500,3.818608,1000000.0
E02006136,671105,414500,327500,3.941796,1000000.0
E02006136,671106,415500,327500,4.106116,1000000.0
E02006136,671107,416500,327500,4.113624,1000000.0
E02006136,671108,417500,327500,4.240031,1000000.0
E02006136,671109,418500,327500,4.339444,941737.5579716341
E02006136,671110,419500,327500,4.48966,162870.33921184155
E02006136,671784,403500,326500,4.118836,653935.1829533062
E02006136,671785,404500,326500,4.077537,1000000.0
E02006136,671786,405500,326500,4.009176,1000000.0
E02006136,671787,406500,326500,3.964208,1000000.0
E02006136,671788,407500,326500,3.87342,1000000.0
E02006136,671789,408500,326500,3.833781,1000000.0
E02006136,671790,409500,326500,3.814135,1000000.0
E02006136,671791,410500,326500,3.739559,1000000.0
E02006136,671792,411500,326500,3.748379,1000000.0
E02006136,671793,412500,326500,3.851748,1000000.0
E02006136,671794,413500,326500,3.912622,1000000.0
E02006136,671795,414500,326500,3.998055,1000000.0
E02006136,671796,415500,326500,4.120984,1000000.0
E02006136,671797,416500,326500,4.151045,1000000.0
E02006136,671798,417500,326500,4.234676,989425.0713812545
E02006136,671799,418500,326500,4.306509,738087.7487030773
E02006136,671800,419500,326500,4.493314,13410.590005305869
E02006136,672473,402500,325500,4.317376,355388.9404577116
E02006136,672474,403500,325500,4.222501,991363.2678539943
E02006136,672475,404500,325500,4.078718,1000000.0
E02006136,672476,405500,325500,4.020313,1000000.0
E02006136,672477,406500,325500,3.998515,1000000.0
E02006136,672478,407500,325500,3.997968,1000000.0
E02006136,672479,408500,325500,3.931085,1000000.0
E02006136,672480,409500,325500,3.875062,1000000.0
E02006136,672481,410500,325500,3.82268,1000000.0
E02006136,672482,411500,325500,3.808437,1000000.0
E02006136,672483,412500,325500,3.899499,1000000.0
E02006136,672484,413500,325500,3.98792,1000000.0
E02006136,672485,414500,325500,4.062977,1000000.0
E02006136,672486,415500,325500,4.038711,1000000.0
E02006136,672487,416500,325500,4.184508,1000000.0
E02006136,672488,417500,325500,4.220935,164917.2381393396
E02006136,672489,418500,325500,4.279313,956.6043341753782
E02006136,673163,402500,324500,4.44109,321271.53311726503
E02006136,673164,403500,324500,4.348984,1000000.0
E02006136,673165,404500,324500,4.228021,1000000.0
E02006136,673166,405500,324500,4.184931,1000000.0
E02006136,673167,406500,324500,4.205482,1000000.0
E02006136,673168,407500,324500,4.259299,1000000.0
E02006136,673169,408500,324500,4.268733,1000000.0
E02006136,673170,409500,324500,4.071491,1000000.0
E02006136,673171,410500,324500,4.00806,1000000.0
E02006136,673172,411500,324500,3.952513,1000000.0
E02006136,673173,412500,324500,3.95296,1000000.0
E02006136,673174,413500,324500,4.026429,1000000.0
E02006136,673175,414500,324500,4.128866,946347.0494349193
E02006136,673176,415500,324500,4.15986,403415.59563167254
E02006136,673177,416500,324500,4.59904,554626.0482260259
E02006136,673178,417500,324500,4.384537,224186.60475869157
E02006136,673853,402500,323500,4.670739,498.25683071138997
E02006136,673854,403500,323500,4.571995,501362.00928481686
E02006136,673855,404500,323500,4.507169,851981.7047252998
E02006136,673856,405500,323500,4.554782,1000000.0
E02006136,673857,406500,323500,4.381019,1000000.0
E02006136,673858,407500,323500,4.326283,1000000.0
E02006136,673859,408500,323500,4.27285,1000000.0
E02006136,673860,409500,323500,4.12429,1000000.0
E02006136,673861,410500,323500,4.043717,1000000.0
E02006136,673862,411500,323500,4.037101,1000000.0
E02006136,673863,412500,323500,4.079606,1000000.0
E02006136,673864,413500,323500,4.064656,1000000.0
E02006136,673865,414500,323500,4.155231,932994.8610670121
E02006136,673866,415500,323500,4.175242,100506.33788787217
E02006136,674545,404500,322500,4.813918,28703.926698760853
E02006136,674546,405500,322500,4.720973,424259.61887908494
E02006136,674547,406500,322500,4.571553,781489.1989839493
E02006136,674548,407500,322500,4.472047,698520.7462624669
E02006136,674549,408500,322500,4.424816,968706.7635379514
E02006136,674550,409500,322500,4.268237,1000000.0
E02006136,674551,410500,322500,4.163343,983994.4876815631
E02006136,674552,411500,322500,4.11992,997715.9526387464
E02006136,674553,412500,322500,4.104046,1000000.0
E02006136,674554,413500,322500,4.101881,1000000.0
E02006136,674555,414500,322500,4.208642,1000000.0
E02006136,674556,415500,322500,4.333212,753003.1876344916
E02006136,674557,416500,322500,4.252412,96548.97554814274
E02006136,675237,406500,321500,4.863923,2253.406978963633
E02006136,675239,408500,321500,4.534924,128554.49204627237
E02006136,675240,409500,321500,4.369144,830664.0426042388
E02006136,675241,410500,321500,4.261368,564107.9190714447
E02006136,675242,411500,321500,4.228503,107171.97630962258
E02006136,675243,412500,321500,4.194967,503904.2081403546
E02006136,675244,413500,321500,4.21513,1000000.0
E02006136,675245,414500,321500,4.332016,999844.2514891545
E02006136,675246,415500,321500,4.319845,816323.1473982615
E02006136,675247,416500,321500,4.329994,578147.7536578509
E02006136,675930,409500,320500,4.523839,149850.85355571206
E02006136,675931,410500,320500,4.411232,96504.31509955353
E02006136,675933,412500,320500,4.33707,198162.6698083907
E02006136,675934,413500,320500,4.370295,1000000.0
E02006136,675935,414500,320500,4.541258,999244.3590952911
E02006136,675936,415500,320500,4.456729,126850.819026304
E02006136,675937,416500,320500,4.461466,625409.6703348681
E02006136,675938,417500,320500,4.574867,851.6272121587724
E02006136,676622,411500,319500,4.514332,115551.461991335
E02006136,676623,412500,319500,4.471833,942642.0665443869
E02006136,676624,413500,319500,4.511724,1000000.0
E02006136,676625,414500,319500,4.642712,1000000.0
E02006136,676626,415500,319500,4.597842,715425.9791252107
E02006136,676627,416500,319500,4.651132,279.9474432879798
E02006136,677313,412500,318500,4.67283,839497.281226784
E02006136,677314,413500,318500,4.740538,1000000.0
E02006136,677315,414500,318500,4.818602,1000000.0
E02006136,677316,415500,318500,4.755319,762131.1476633858
E02006136,678003,412500,317500,5.024211,253034.88467205554
E02006136,678004,413500,317500,4.955472,501465.45665372134
E02006136,678005,414500,317500,4.86292,876566.088548437
E02006136,678006,415500,317500,4.94177,620576.4367849785
E02006136,678695,414500,316500,5.252153,244634.9503320322
E02006136,678696,415500,316500,5.400349,82363.83833205933
E02006137,672494,423500,325500,7.172317,354606.91434390284
E02006137,672495,424500,325500,9.245651,520422.3086802865
E02006137,673183,422500,324500,6.307589,5321.17438312158
E02006137,673184,423500,324500,10.00295,735618.1154331305
E02006137,673185,424500,324500,11.38,185677.9613441897
E02006138,671806,425500,326500,9.201172,39296.14817498447
E02006138,672495,424500,325500,9.245651,132195.7409589486
E02006138,672496,425500,325500,10.88625,718006.5193361866
E02006138,672497,426500,325500,9.506391,1772.2900023755217
E02006138,673184,423500,324500,10.00295,19974.520606037935
E02006138,673185,424500,324500,11.38,759221.0006386216
E02006138,673186,425500,324500,12.53478,195877.1460059119
E02006138,673875,424500,323500,12.52064,56292.761289743125
E02006139,673183,422500,324500,6.307589,28860.356168638136
E02006139,673184,423500,324500,10.00295,192144.3214685665
E02006139,673185,424500,324500,11.38,26513.07083000087
E02006139,673873,422500,323500,7.596642,556892.7224626134
E02006139,673874,423500,323500,10.45832,1000000.0
E02006139,673875,424500,323500,12.52064,360672.14708314737
E02006139,674563,422500,322500,9.011051,310389.8913825453
E02006139,674564,423500,322500,11.79961,553210.8720859932
E02006139,674565,424500,322500,10.14943,1149.9760816293397
E02006140,673187,426500,324500,7.939606,140721.03644473475
E02006140,673876,425500,323500,9.096087,223962.43426424096
E02006140,673877,426500,323500,7.725862,971698.4779081345
E02006140,673878,427500,323500,6.810605,509340.81775745476
E02006140,674566,425500,322500,8.062789,25999.094433023874
E02006140,674567,426500,322500,7.000311,263486.3989565914
E02006140,674568,427500,322500,6.784765,224814.01995114933
E02006141,671807,426500,326500,10.07839,218146.3341359654
E02006141,671808,427500,326500,7.714979,410168.25317739765
E02006141,671809,428500,326500,6.702135,920.8776686370664
E02006141,672496,425500,325500,10.88625,134152.6625583537
E02006141,672497,426500,325500,9.506391,776399.2914049941
E02006141,672498,427500,325500,7.163859,236002.02835948596
E02006141,673185,424500,324500,11.38,28587.96718718771
E02006141,673186,425500,324500,12.53478,804122.853994088
E02006141,673187,426500,324500,7.939606,407435.61524447124
E02006141,673875,424500,323500,12.52064,583035.0916271094
E02006141,673876,425500,323500,9.096087,773902.222727355
E02006141,673877,426500,323500,7.725862,27632.342602799094
E02006141,674564,423500,322500,11.79961,315293.92435151077
E02006141,674565,424500,322500,10.14943,998850.0239183707
E02006141,674566,425500,322500,8.062789,434331.9532392839
E02006141,675254,423500,321500,7.925509,63761.756675124096
E02006141,675255,424500,321500,7.103587,649420.6441293034
E02006141,675256,425500,321500,7.195351,76180.52151438256
E02006142,673876,425500,323500,9.096087,2135.3430084039737
E02006142,674566,425500,322500,8.062789,455492.090529942
E02006142,674567,426500,322500,7.000311,716695.8610679095
E02006142,674568,427500,322500,6.784765,277142.5840322009
E02006142,675256,425500,321500,7.195351,105065.8907129622
E02006142,675257,426500,321500,6.314508,445012.77663073305
E02006142,675258,427500,321500,7.718248,189.3164218999254
E02006143,673182,421500,324500,5.351944,379874.3587597939
E02006143,673183,422500,324500,6.307589,295421.54438135837
E02006143,673871,420500,323500,4.98479,642819.2087867664
E02006143,673872,421500,323500,5.620119,982756.2736793495
E02006143,673873,422500,323500,7.596642,443107.27753738663
E02006143,674561,420500,322500,5.086079,471270.8198701565
E02006143,674562,421500,322500,5.984461,1000000.0
E02006143,674563,422500,322500,9.011051,689610.1086174548
E02006143,674564,423500,322500,11.79961,131495.20356249597
E02006143,675251,420500,321500,5.373418,3620.342209671405
E02006143,675252,421500,321500,7.390904,606413.7956457301
E02006143,675253,422500,321500,8.843445,1000000.0
E02006143,675254,423500,321500,7.925509,936238.243324876
E02006143,675255,424500,321500,7.103587,164862.01498921716
E02006143,675942,421500,320500,9.028036,628108.1674774473
E02006143,675943,422500,320500,6.980517,468775.4288587487
E02006143,675944,423500,320500,6.025799,576892.5207105982
E02006143,675945,424500,320500,6.147022,98465.14621174363
E02006143,676632,421500,319500,7.487412,54043.46768341411
E02006143,676633,422500,319500,5.989067,115653.65119175473
E02006144,674566,425500,322500,8.062789,84176.86179775037
E02006144,675255,424500,321500,7.103587,179321.6618400182
E02006144,675256,425500,321500,7.195351,818753.5877726552
E02006144,675257,426500,321500,6.314508,105297.5321366202
E02006144,675945,424500,320500,6.147022,89807.39292162667
E02006144,675946,425500,320500,6.314384,394518.54653296334
E02006144,675947,426500,320500,6.283875,159091.05566360988
E02006145,673175,414500,324500,4.128866,53652.95056508077
E02006145,673176,415500,324500,4.15986,596584.4043683275
E02006145,673177,416500,324500,4.59904,445373.9517739741
E02006145,673178,417500,324500,4.384537,316116.9024271453
E02006145,673179,418500,324500,4.410067,105353.24210216582
E02006145,673865,414500,323500,4.155231,67005.13893298797
E02006145,673866,415500,323500,4.175242,899493.6621121278
E02006145,673867,416500,323500,4.21746,1000000.0
E02006145,673868,417500,323500,4.282159,1000000.0
E02006145,673869,418500,323500,4.382766,997956.9195861423
E02006145,673870,419500,323500,4.615244,903737.9686592496
E02006145,673871,420500,323500,4.98479,256568.25521710387
E02006145,674556,415500,322500,4.333212,246996.8123655084
E02006145,674557,416500,322500,4.252412,903451.0244518573
E02006145,674558,417500,322500,4.375002,1000000.0
E02006145,674559,418500,322500,4.480734,1000000.0
E02006145,674560,419500,322500,4.688052,1000000.0
E02006145,674561,420500,322500,5.086079,528729.1801298434
E02006145,675245,414500,321500,4.332016,155.74851084540728
E02006145,675246,415500,321500,4.319845,183676.85260173865
E02006145,675247,416500,321500,4.329994,421852.246342149
E02006145,675248,417500,321500,4.440394,1000000.0
E02006145,675249,418500,321500,4.581763,1000000.0
E02006145,675250,419500,321500,4.80749,1000000.0
E02006145,675251,420500,321500,5.373418,996379.6577903286
E02006145,675252,421500,321500,7.390904,393586.20435426995
E02006145,675935,414500,320500,4.541258,755.6409047089287
E02006145,675936,415500,320500,4.456729,873149.1809736959
E02006145,675937,416500,320500,4.461466,374590.32966513187
E02006145,675938,417500,320500,4.574867,999148.3727878411
E02006145,675939,418500,320500,4.776877,1000000.0
E02006145,675940,419500,320500,5.038985,1000000.0
E02006145,675941,420500,320500,5.783466,1000000.0
E02006145,675942,421500,320500,9.028036,371891.8325225527
E02006145,676626,415500,319500,4.597842,284574.0208747893
E02006145,676627,416500,319500,4.651132,999720.0525567121
E02006145,676628,417500,319500,4.803672,1000000.0
E02006145,676629,418500,319500,4.986771,1000000.0
E02006145,676630,419500,319500,5.423079,1000000.0
E02006145,676631,420500,319500,7.255188,1000000.0
E02006145,676632,421500,319500,7.487412,762549.7285286984
E02006145,676633,422500,319500,5.989067,68871.34815136663
E02006145,677316,415500,318500,4.755319,237868.8523366141
E02006145,677317,416500,318500,4.785611,1000000.0
E02006145,677318,417500,318500,4.982934,1000000.0
E02006145,677319,418500,318500,5.649705,1000000.0
E02006145,677320,419500,318500,6.282992,1000000.0
E02006145,677321,420500,318500,9.223919,1000000.0
E02006145,677322,421500,318500,6.280803,396546.27084607206
E02006145,678006,415500,317500,4.94177,365037.6237549279
E02006145,678007,416500,317500,5.09053,1000000.0
E02006145,678008,417500,317500,5.283771,1000000.0
E02006145,678009,418500,317500,5.91638,1000000.0
E02006145,678010,419500,317500,9.137862,1000000.0
E02006145,678011,420500,317500,6.78,776900.5189933175
E02006145,678012,421500,317500,5.590279,48899.72464657516
E02006145,678696,415500,316500,5.400349,12288.705579128457
E02006145,678697,416500,316500,5.57301,679190.0986407698
E02006145,678698,417500,316500,5.896869,1000000.0
E02006145,678699,418500,316500,7.487527,1000000.0
E02006145,678700,419500,316500,7.026106,1000000.0
E02006145,678701,420500,316500,5.66788,651963.473454002
E02006145,679387,416500,315500,6.437291,55934.3273850714
E02006145,679388,417500,315500,7.678403,263456.05909836304
E02006145,679389,418500,315500,6.863235,345509.52983264887
E02006145,679390,419500,315500,6.072836,979330.4652072411
E02006145,679391,420500,315500,5.33454,411721.6168164074
E02006145,680080,419500,314500,5.783049,158168.37619523512
E02006145,680081,420500,314500,5.20727,4249.233788086227
E02006146,673854,403500,323500,4.571995,208621.34224960778
E02006146,673855,404500,323500,4.507169,148018.2952747002
E02006146,674543,402500,322500,4.986248,3525.0614022404943
E02006146,674544,403500,322500,4.832869,769186.8472348448
E02006146,674545,404500,322500,4.813918,971296.0733012392
E02006146,674546,405500,322500,4.720973,575740.3811209151
E02006146,674547,406500,322500,4.571553,218510.8010160506
E02006146,674548,407500,322500,4.472047,301479.2537375331
E02006146,674549,408500,322500,4.424816,31293.236462048626
E02006146,675234,403500,321500,5.33172,443035.55011076754
E02006146,675235,404500,321500,5.220394,1000000.0
E02006146,675236,405500,321500,5.085876,1000000.0
E02006146,675237,406500,321500,4.863923,997746.5930210364
E02006146,675238,407500,321500,4.674923,1000000.0
E02006146,675239,408500,321500,4.534924,871445.5079537276
E02006146,675240,409500,321500,4.369144,169335.95739576116
E02006146,675924,403500,320500,6.591152,455005.15554963675
E02006146,675925,404500,320500,5.92643,1000000.0
E02006146,675926,405500,320500,5.709136,1000000.0
E02006146,675927,406500,320500,5.201203,1000000.0
E02006146,675928,407500,320500,4.934784,1000000.0
E02006146,675929,408500,320500,4.748765,1000000.0
E02006146,675930,409500,320500,4.523839,451930.578565142
E02006146,676614,403500,319500,6.79634,96889.82862877699
E02006146,676615,404500,319500,7.870177,830581.565185791
E02006146,676616,405500,319500,6.477539,1000000.0
E02006146,676617,406500,319500,5.589144,1000000.0
E02006146,676618,407500,319500,5.245376,1000000.0
E02006146,676619,408500,319500,4.953617,1000000.0
E02006146,676620,409500,319500,4.740938,403685.1200226183
E02006146,677305,404500,318500,10.72648,55717.10779574438
E02006146,677306,405500,318500,7.302902,747310.8946237852
E02006146,677307,406500,318500,6.060616,999803.8462262657
E02006146,677308,407500,318500,5.520783,1000000.0
E02006146,677309,408500,318500,5.147879,1000000.0
E02006146,677310,409500,318500,4.965386,942710.2837186694
E02006146,677311,410500,318500,4.798793,20018.422606970056
E02006146,677996,405500,317500,8.917882,83656.99924943593
E02006146,677997,406500,317500,6.680455,975285.2470421453
E02006146,677998,407500,317500,6.046388,1000000.0
E02006146,677999,408500,317500,5.749196,1000000.0
E02006146,678000,409500,317500,5.430161,1000000.0
E02006146,678001,410500,317500,5.129343,356874.5405720556
E02006146,678686,405500,316500,8.471625,34112.557154541966
E02006146,678687,406500,316500,7.45478,994421.4408173718
E02006146,678688,407500,316500,7.145275,1000000.0
E02006146,678689,408500,316500,6.886458,1000000.0
E02006146,678690,409500,316500,6.437309,903389.2685306277
E02006146,678691,410500,316500,5.761516,136944.21170307088
E02006146,679376,405500,315500,6.065688,36536.53822930448
E02006146,679377,406500,315500,6.318346,748641.5913439186
E02006146,679378,407500,315500,5.921145,667364.4698245327
E02006146,679379,408500,315500,5.936216,876607.6511644304
E02006146,679380,409500,315500,6.695679,650964.3285047277
E02006146,680069,408500,314500,5.869871,14397.36300532421
E02006146,680070,409500,314500,5.83983,124141.37213203464
E02006147,674551,410500,322500,4.163343,16005.51231843692
E02006147,674552,411500,322500,4.11992,2284.0473612536166
E02006147,675241,410500,321500,4.261368,435892.08092855534
E02006147,675242,411500,321500,4.228503,892828.0236903774
E02006147,675243,412500,321500,4.194967,496095.79185964545
E02006147,675930,409500,320500,4.523839,398218.56787914596
E02006147,675931,410500,320500,4.411232,903495.6849004464
E02006147,675932,411500,320500,4.357031,1000000.0
E02006147,675933,412500,320500,4.33707,801837.3301916092
E02006147,676620,409500,319500,4.740938,596314.8799773817
E02006147,676621,410500,319500,4.605112,1000000.0
E02006147,676622,411500,319500,4.514332,884448.538008665
E02006147,676623,412500,319500,4.471833,57357.93345561316
E02006147,677310,409500,318500,4.965386,57289.71628133055
E02006147,677311,410500,318500,4.798793,979981.5773930299
E02006147,677312,411500,318500,4.693858,1000000.0
E02006147,677313,412500,318500,4.67283,160502.7187732159
E02006147,678001,410500,317500,5.129343,643125.4594279444
E02006147,678002,411500,317500,4.983655,1000000.0
E02006147,678003,412500,317500,5.024211,746965.1153279445
E02006147,678004,413500,317500,4.955472,498534.54334627866
E02006147,678005,414500,317500,4.86292,123433.91145156312
E02006147,678006,415500,317500,4.94177,14385.93946009357
E02006147,678690,409500,316500,6.437309,96610.73146937237
E02006147,678691,410500,316500,5.761516,863055.7882969292
E02006147,678692,411500,316500,5.652486,1000000.0
E02006147,678693,412500,316500,5.553761,1000000.0
E02006147,678694,413500,316500,5.319618,1000000.0
E02006147,678695,414500,316500,5.252153,755365.0496679678
E02006147,678696,415500,316500,5.400349,905347.4560888122
E02006147,678697,416500,316500,5.57301,320809.9013592301
E02006147,679380,409500,315500,6.695679,349035.67149527225
E02006147,679381,410500,315500,6.533771,1000000.0
E02006147,679382,411500,315500,6.198504,1000000.0
E02006147,679383,412500,315500,5.619662,1000000.0
E02006147,679384,413500,315500,5.478974,1000000.0
E02006147,679385,414500,315500,5.764119,1000000.0
E02006147,679386,415500,315500,7.317832,1000000.0
E02006147,679387,416500,315500,6.437291,944065.6726149287
E02006147,679388,417500,315500,7.678403,736543.9409016368
E02006147,679389,418500,315500,6.863235,654490.4701673513
E02006147,679390,419500,315500,6.072836,20669.534792758932
E02006147,680070,409500,314500,5.83983,285490.3639406555
E02006147,680071,410500,314500,5.977179,989498.5626462328
E02006147,680072,411500,314500,6.723052,1000000.0
E02006147,680073,412500,314500,6.03099,1000000.0
E02006147,680074,413500,314500,5.988632,1000000.0
E02006147,680075,414500,314500,6.735106,1000000.0
E02006147,680076,415500,314500,6.847923,1000000.0
E02006147,680077,416500,314500,7.022515,1000000.0
E02006147,680078,417500,314500,8.360433,1000000.0
E02006147,680079,418500,314500,6.375044,760568.3717556206
E02006147,680080,419500,314500,5.783049,26024.866664905934
E02006147,680761,410500,313500,6.061817,773692.2338524271
E02006147,680762,411500,313500,6.098629,1000000.0
E02006147,680763,412500,313500,6.895885,1000000.0
E02006147,680764,413500,313500,7.129047,1000000.0
E02006147,680765,414500,313500,7.003339,1000000.0
E02006147,680766,415500,313500,7.182137,1000000.0
E02006147,680767,416500,313500,7.578551,1000000.0
E02006147,680768,417500,313500,6.078165,1000000.0
E02006147,680769,418500,313500,5.561088,481442.73255750904
E02006147,681450,409500,312500,6.127803,384240.61231781106
E02006147,681451,410500,312500,6.096162,979180.4113769647
E02006147,681452,411500,312500,6.379528,1000000.0
E02006147,681453,412500,312500,6.37399,993458.7533836364
E02006147,681454,413500,312500,6.467965,933461.2503464266
E02006147,681455,414500,312500,7.746315,1000000.0
E02006147,681456,415500,312500,8.375023,1000000.0
E02006147,681457,416500,312500,6.737133,1000000.0
E02006147,681458,417500,312500,5.700268,1000000.0
E02006147,681459,418500,312500,5.383482,277733.626570754
E02006147,682140,409500,311500,6.47129,244652.32701199315
E02006147,682141,410500,311500,6.535625,717830.0730063294
E02006147,682142,411500,311500,6.801326,493929.5627661493
E02006147,682143,412500,311500,7.366683,267902.9222253713
E02006147,682144,413500,311500,6.770499,2036.9400109297808
E02006147,682145,414500,311500,7.661953,474871.85792852927
E02006147,682146,415500,311500,8.53124,831315.935530595
E02006147,682147,416500,311500,6.250083,344214.28075464617
E02006147,682148,417500,311500,5.567237,276365.527896015
E02006147,682149,418500,311500,5.363978,783.1856738538297
E02006147,682835,414500,310500,8.559608,776.7039205021882
E02006147,682836,415500,310500,6.808661,25395.592266878775
E02006148,679376,405500,315500,6.065688,543959.807533859
E02006148,679377,406500,315500,6.318346,251358.40865608145
E02006148,679378,407500,315500,5.921145,332635.5301754673
E02006148,679379,408500,315500,5.936216,123392.34883556963
E02006148,680065,404500,314500,5.92962,296615.1770632475
E02006148,680066,405500,314500,5.936963,997605.2362056517
E02006148,680067,406500,314500,5.967362,1000000.0
E02006148,680068,407500,314500,6.215059,1000000.0
E02006148,680069,408500,314500,5.869871,985602.6369946758
E02006148,680070,409500,314500,5.83983,590368.26392731
E02006148,680071,410500,314500,5.977179,10501.437353767185
E02006148,680755,404500,313500,6.13973,566863.7532753076
E02006148,680756,405500,313500,6.080389,1000000.0
E02006148,680757,406500,313500,6.01827,1000000.0
E02006148,680758,407500,313500,5.937851,1000000.0
E02006148,680759,408500,313500,6.156695,1000000.0
E02006148,680760,409500,313500,5.781301,1000000.0
E02006148,680761,410500,313500,6.061817,226307.7661475729
E02006148,681445,404500,312500,6.561365,42414.314024153784
E02006148,681446,405500,312500,6.417277,625570.4284099136
E02006148,681447,406500,312500,6.279549,1000000.0
E02006148,681448,407500,312500,6.126934,1000000.0
E02006148,681449,408500,312500,6.03487,1000000.0
E02006148,681450,409500,312500,6.127803,615759.3876821889
E02006148,681451,410500,312500,6.096162,20819.588623035444
E02006148,682135,404500,311500,6.933994,280135.02104741754
E02006148,682136,405500,311500,6.863307,1000000.0
E02006148,682137,406500,311500,6.678443,1000000.0
E02006148,682138,407500,311500,6.440118,1000000.0
E02006148,682139,408500,311500,6.226309,1000000.0
E02006148,682140,409500,311500,6.47129,751289.3499771308
E02006148,682141,410500,311500,6.535625,677.3672731400786
E02006148,682825,404500,310500,7.832032,82616.19737637186
E02006148,682826,405500,310500,7.667599,935082.190637563
E02006148,682827,406500,310500,7.249386,1000000.0
E02006148,682828,407500,310500,6.869591,1000000.0
E02006148,682829,408500,310500,6.528689,1000000.0
E02006148,682830,409500,310500,6.449119,1000000.0
E02006148,682831,410500,310500,7.502711,121313.18644103457
E02006148,683516,405500,309500,8.898957,326255.2331130462
E02006148,683517,406500,309500,8.002426,782109.8922025589
E02006148,683518,407500,309500,7.39311,1000000.0
E02006148,683519,408500,309500,6.885673,1000000.0
E02006148,683520,409500,309500,6.696549,722668.6313107441
E02006148,683521,410500,309500,7.084493,65584.63393471096
E02006148,684207,406500,308500,8.661825,138684.2462906308
E02006148,684208,407500,308500,7.855918,394380.8440132285
E02006148,684209,408500,308500,7.408902,322977.3519445586
E02006148,684210,409500,308500,7.077738,8896.159379061564
E02006149,682140,409500,311500,6.47129,4058.323010876201
E02006149,682141,410500,311500,6.535625,281492.55972053064
E02006149,682142,411500,311500,6.801326,150464.04067930335
E02006149,682143,412500,311500,7.366683,28433.426908235368
E02006149,682831,410500,310500,7.502711,260463.16013528002
E02006149,682832,411500,310500,7.588141,769216.9324076828
E02006149,682833,412500,310500,7.725417,208653.59272437208
E02006149,683521,410500,309500,7.084493,173948.99698232574
E02006149,683522,411500,309500,8.205903,891781.1437391492
E02006149,683523,412500,309500,7.93581,236900.24838722203
E02006149,684211,410500,308500,7.32725,145694.08914990287
E02006149,684212,411500,308500,7.964598,300790.8718935434
E02006150,682142,411500,311500,6.801326,355606.39655454736
E02006150,682143,412500,311500,7.366683,303871.94673773757
E02006150,682832,411500,310500,7.588141,25173.314277855578
E02006150,682833,412500,310500,7.725417,709759.9838051602
E02006150,682834,413500,310500,7.811081,162836.44229947389
E02006150,683523,412500,309500,7.93581,628586.6416698102
E02006150,683524,413500,309500,8.706763,886395.5559194655
E02006150,683525,414500,309500,7.839999,16788.157248826465
E02006150,684213,412500,308500,7.834791,530984.8851494574
E02006150,684214,413500,308500,8.726776,413360.7700134027
E02006150,684903,412500,307500,8.463147,122334.28257995473
E02006151,682134,403500,311500,7.005498,1551.180058202056
E02006151,682135,404500,311500,6.933994,1862.7672360018182
E02006151,682824,403500,310500,7.565317,405896.07881354634
E02006151,682825,404500,310500,7.832032,872422.9485410474
E02006151,682826,405500,310500,7.667599,64917.80936243705
E02006151,683513,402500,309500,8.273387,63385.84328914514
E02006151,683514,403500,309500,9.689313,916140.2655414151
E02006151,683515,404500,309500,8.804523,711649.1102158041
E02006151,683516,405500,309500,8.898957,15419.643209518272
E02006151,684203,402500,308500,8.685744,264059.2705534843
E02006151,684204,403500,308500,8.505123,1000000.0
E02006151,684205,404500,308500,9.923538,638292.3427088306
E02006151,684206,405500,308500,9.88029,0.26619803969524625
E02006151,684893,402500,307500,9.733769,95129.45393165876
E02006151,684894,403500,307500,8.927857,914130.4476484548
E02006151,684895,404500,307500,10.39969,974668.6490739936
E02006151,684896,405500,307500,9.978212,276325.78971356305
E02006151,685584,403500,306500,9.818269,184418.18759225847
E02006151,685585,404500,306500,9.980933,210450.17704956763
E02006151,685586,405500,306500,10.83417,193164.9730626062
E02006152,682831,410500,310500,7.502711,618223.6534236855
E02006152,682832,411500,310500,7.588141,205609.75331446162
E02006152,683520,409500,309500,6.696549,19704.22480516302
E02006152,683521,410500,309500,7.084493,751134.725097476
E02006152,683522,411500,309500,8.205903,108218.85626085056
E02006152,683523,412500,309500,7.93581,134513.1099429678
E02006152,684210,409500,308500,7.077738,544950.1468783375
E02006152,684211,410500,308500,7.32725,854305.9108500971
E02006152,684212,411500,308500,7.964598,699209.1281064565
E02006152,684213,412500,308500,7.834791,469013.52837308176
E02006152,684900,409500,307500,7.464498,24562.004454728576
E02006152,684901,410500,307500,7.119135,538143.045184467
E02006152,684902,411500,307500,7.298249,932041.2545679557
E02006152,684903,412500,307500,8.463147,426254.26281657186
E02006152,685591,410500,306500,8.628839,7322.208954929083
E02006152,685592,411500,306500,7.990492,86203.80090859401
E02006153,680079,418500,314500,6.375044,239431.6282443794
E02006153,680080,419500,314500,5.783049,815806.7571398589
E02006153,680081,420500,314500,5.20727,530569.0441755021
E02006153,680082,421500,314500,4.929053,441883.538361413
E02006153,680083,422500,314500,4.79706,83112.83511756048
E02006153,680769,418500,313500,5.561088,518557.2674424909
E02006153,680770,419500,313500,5.707839,1000000.0
E02006153,680771,420500,313500,5.162692,1000000.0
E02006153,680772,421500,313500,4.922966,1000000.0
E02006153,680773,422500,313500,4.780053,995572.879210998
E02006153,680774,423500,313500,4.756116,269722.10267036175
E02006153,681453,412500,312500,6.37399,6541.246616363723
E02006153,681454,413500,312500,6.467965,66538.74965357337
E02006153,681459,418500,312500,5.383482,722266.373429246
E02006153,681460,419500,312500,5.62281,1000000.0
E02006153,681461,420500,312500,5.170162,1000000.0
E02006153,681462,421500,312500,5.00392,1000000.0
E02006153,681463,422500,312500,4.79499,1000000.0
E02006153,681464,423500,312500,4.751189,314925.99186738
E02006153,682143,412500,311500,7.366683,399791.7041286557
E02006153,682144,413500,311500,6.770499,997963.0599890702
E02006153,682145,414500,311500,7.661953,525128.1420714707
E02006153,682146,415500,311500,8.53124,168684.06446940487
E02006153,682147,416500,311500,6.250083,655785.719245354
E02006153,682148,417500,311500,5.567237,723634.4721039851
E02006153,682149,418500,311500,5.363978,999216.8143261462
E02006153,682150,419500,311500,5.628893,1000000.0
E02006153,682151,420500,311500,5.229948,1000000.0
E02006153,682152,421500,311500,5.02958,1000000.0
E02006153,682153,422500,311500,4.866279,1000000.0
E02006153,682154,423500,311500,4.764912,624473.7542584685
E02006153,682155,424500,311500,4.720029,491084.9117363916
E02006153,682156,425500,311500,4.810602,355241.92095192865
E02006153,682157,426500,311500,4.81008,278261.7535781422
E02006153,682158,427500,311500,4.793676,266359.597235004
E02006153,682833,412500,310500,7.725417,81586.42347046785
E02006153,682834,413500,310500,7.811081,837163.5577005262
E02006153,682835,414500,310500,8.559608,999223.2960794978
E02006153,682836,415500,310500,6.808661,974604.4077331212
E02006153,682837,416500,310500,6.125106,1000000.0
E02006153,682838,417500,310500,5.621475,1000000.0
E02006153,682839,418500,310500,5.488787,1000000.0
E02006153,682840,419500,310500,5.529916,1000000.0
E02006153,682841,420500,310500,5.57378,1000000.0
E02006153,682842,421500,310500,5.211124,1000000.0
E02006153,682843,422500,310500,4.967807,1000000.0
E02006153,682844,423500,310500,4.90444,1000000.0
E02006153,682845,424500,310500,4.84645,1000000.0
E02006153,682846,425500,310500,4.942636,1000000.0
E02006153,682847,426500,310500,4.887202,1000000.0
E02006153,682848,427500,310500,4.89256,910251.2397353639
E02006153,682849,428500,310500,4.955421,2421.398024457071
E02006153,683524,413500,309500,8.706763,113604.44408053448
E02006153,683525,414500,309500,7.839999,983211.8427511735
E02006153,683526,415500,309500,7.233701,1000000.0
E02006153,683527,416500,309500,6.332998,1000000.0
E02006153,683528,417500,309500,5.879461,1000000.0
E02006153,683529,418500,309500,5.597157,1000000.0
E02006153,683530,419500,309500,5.545922,1000000.0
E02006153,683531,420500,309500,5.678756,1000000.0
E02006153,683532,421500,309500,5.323092,1000000.0
E02006153,683533,422500,309500,5.121245,1000000.0
E02006153,683534,423500,309500,5.020605,1000000.0
E02006153,683535,424500,309500,4.963473,1000000.0
E02006153,683536,425500,309500,5.257696,1000000.0
E02006153,683537,426500,309500,5.247613,980046.9098854047
E02006153,683538,427500,309500,5.273603,332613.8170843972
E02006153,684214,413500,308500,8.726776,404283.87091181555
E02006153,684215,414500,308500,6.729704,999750.353805894
E02006153,684216,415500,308500,6.409771,1000000.0
E02006153,684217,416500,308500,7.102952,1000000.0
E02006153,684218,417500,308500,6.447408,1000000.0
E02006153,684219,418500,308500,5.81992,1000000.0
E02006153,684220,419500,308500,5.693132,1000000.0
E02006153,684221,420500,308500,5.620752,1000000.0
E02006153,684222,421500,308500,5.719986,1000000.0
E02006153,684223,422500,308500,5.381681,1000000.0
E02006153,684224,423500,308500,5.233669,1000000.0
E02006153,684225,424500,308500,5.147262,1000000.0
E02006153,684226,425500,308500,5.424589,1000000.0
E02006153,684227,426500,308500,5.456134,528508.7850491748
E02006153,684905,414500,307500,6.716729,569878.1523245269
E02006153,684906,415500,307500,6.397086,1000000.0
E02006153,684907,416500,307500,6.187855,986304.509538203
E02006153,684908,417500,307500,6.462811,1000000.0
E02006153,684909,418500,307500,6.309601,1000000.0
E02006153,684910,419500,307500,6.058854,1000000.0
E02006153,684911,420500,307500,5.918363,1000000.0
E02006153,684912,421500,307500,6.145017,1000000.0
E02006153,684913,422500,307500,5.751617,1000000.0
E02006153,684914,423500,307500,5.589421,1000000.0
E02006153,684915,424500,307500,5.47483,957850.1183231482
E02006153,684916,425500,307500,5.768225,366823.60334878135
E02006153,684917,426500,307500,5.802724,4636.091622913083
E02006153,685595,414500,306500,6.712045,3433.9928864047
E02006153,685596,415500,306500,7.05438,403819.0524753858
E02006153,685597,416500,306500,6.327417,271953.2487933924
E02006153,685598,417500,306500,6.254647,1000000.0
E02006153,685599,418500,306500,6.917125,998721.651731834
E02006153,685600,419500,306500,6.651,998212.2073247507
E02006153,685601,420500,306500,6.674773,1000000.0
E02006153,685602,421500,306500,6.783779,1000000.0
E02006153,685603,422500,306500,6.338333,942117.9092818239
E02006153,685604,423500,306500,6.079028,573507.8855335847
E02006153,685605,424500,306500,5.949441,128155.29495572239
E02006153,686287,416500,305500,6.725999,441544.3071884654
E02006153,686288,417500,305500,6.984847,999929.4737950877
E02006153,686289,418500,305500,7.18531,590832.3578493416
E02006153,686290,419500,305500,8.600531,51659.04113133072
E02006153,686291,420500,305500,8.058249,46672.00004459332
E02006153,686292,421500,305500,7.841778,238186.15897203298
E02006153,686293,422500,305500,6.932628,24376.75595538561
E02006153,686977,416500,304500,6.825578,113381.70759462165
E02006153,686978,417500,304500,7.324323,996187.5705126375
E02006153,686979,418500,304500,7.336234,134227.50770488693
E02006153,687667,416500,303500,7.573632,116077.06913015552
E02006153,687668,417500,303500,7.369829,688403.4960383225
E02006153,687669,418500,303500,8.001951,56161.80431917032
E02006154,682825,404500,310500,7.832032,3164.53676643112
E02006154,683515,404500,309500,8.804523,273879.45515099546
E02006154,683516,405500,309500,8.898957,553863.2094419424
E02006154,683517,406500,309500,8.002426,217890.10779744107
E02006154,684205,404500,308500,9.923538,19257.734405566276
E02006154,684206,405500,308500,9.88029,377735.911030252
E02006154,684207,406500,308500,8.661825,861315.7537093692
E02006154,684208,407500,308500,7.855918,605619.1559867716
E02006154,684209,408500,308500,7.408902,575722.2110480668
E02006154,684210,409500,308500,7.077738,75947.83156523283
E02006154,684895,404500,307500,10.39969,18713.723069789485
E02006154,684896,405500,307500,9.978212,723674.210286437
E02006154,684897,406500,307500,8.640531,1000000.0
E02006154,684898,407500,307500,8.068712,1000000.0
E02006154,684899,408500,307500,7.736759,782026.7198769872
E02006154,684900,409500,307500,7.464498,34024.440330635225
E02006154,685586,405500,306500,10.83417,260340.89276080858
E02006154,685587,406500,306500,10.39605,919321.8097434731
E02006154,685588,407500,306500,9.30108,918210.1150917469
E02006154,685589,408500,306500,9.218112,145324.18110232605
E02006154,686276,405500,305500,10.38017,123901.7043273333
E02006154,686277,406500,305500,9.556774,771716.929305943
E02006154,686278,407500,305500,9.477843,170382.6254903772
E02006155,683515,404500,309500,8.804523,14471.434633200393
E02006155,683516,405500,309500,8.898957,104461.91423549311
E02006155,684205,404500,308500,9.923538,342449.92288560304
E02006155,684206,405500,308500,9.88029,622263.8227717084
E02006156,683520,409500,309500,6.696549,257627.14388409277
E02006156,683521,410500,309500,7.084493,9331.643985487379
E02006156,684209,408500,308500,7.408902,101300.43700737457
E02006156,684210,409500,308500,7.077738,370205.8621773681
E02006156,684899,408500,307500,7.736759,217973.2801230128
E02006156,684900,409500,307500,7.464498,941413.5552146363
E02006156,684901,410500,307500,7.119135,461856.9548155331
E02006156,685588,407500,306500,9.30108,81789.88490825304
E02006156,685589,408500,306500,9.218112,854675.818897674
E02006156,685590,409500,306500,9.114989,1000000.0
E02006156,685591,410500,306500,8.628839,992677.791045071
E02006156,685592,411500,306500,7.990492,597370.7344641357
E02006156,685593,412500,306500,8.564676,110.02344892487635
E02006156,686277,406500,305500,9.556774,117771.25104734827
E02006156,686278,407500,305500,9.477843,829617.3745096229
E02006156,686279,408500,305500,8.525231,1000000.0
E02006156,686280,409500,305500,7.854656,1000000.0
E02006156,686281,410500,305500,8.162361,1000000.0
E02006156,686282,411500,305500,9.513276,1000000.0
E02006156,686283,412500,305500,8.412813,629902.6768094101
E02006156,686966,405500,304500,11.08224,37476.74928373459
E02006156,686967,406500,304500,9.854902,828098.8902075797
E02006156,686968,407500,304500,8.979669,1000000.0
E02006156,686969,408500,304500,8.296892,1000000.0
E02006156,686970,409500,304500,7.931886,1000000.0
E02006156,686971,410500,304500,8.059159,1000000.0
E02006156,686972,411500,304500,8.198135,1000000.0
E02006156,686973,412500,304500,8.739014,451051.2068469478
E02006156,687656,405500,303500,11.69515,736.8494120272353
E02006156,687657,406500,303500,10.27372,554679.8083280921
E02006156,687658,407500,303500,9.35128,999439.9583132919
E02006156,687659,408500,303500,8.604234,1000000.0
E02006156,687660,409500,303500,8.203618,1000000.0
E02006156,687661,410500,303500,7.992155,1000000.0
E02006156,687662,411500,303500,8.095835,1000000.0
E02006156,687663,412500,303500,7.954744,418844.39333900966
E02006156,688348,407500,302500,9.850499,563109.6505773796
E02006156,688349,408500,302500,8.956946,1000000.0
E02006156,688350,409500,302500,8.524881,1000000.0
E02006156,688351,410500,302500,8.34327,1000000.0
E02006156,688352,411500,302500,8.464355,1000000.0
E02006156,688353,412500,302500,8.269742,357577.6415975486
E02006156,689038,407500,301500,9.937716,170275.4017537214
E02006156,689039,408500,301500,9.314053,1000000.0
E02006156,689040,409500,301500,9.008712,1000000.0
E02006156,689041,410500,301500,8.820199,999889.135130562
E02006156,689042,411500,301500,8.961114,869522.6303245354
E02006156,689043,412500,301500,8.622145,378226.27293582517
E02006156,689728,407500,300500,10.34293,460558.92434504814
E02006156,689729,408500,300500,10.02643,1000000.0
E02006156,689730,409500,300500,10.01877,932953.2238904637
E02006156,689731,410500,300500,10.23336,217881.6880430843
E02006156,689733,412500,300500,9.100857,3438.5827679771955
E02006156,690418,407500,299500,10.68405,91987.88139618287
E02006156,690419,408500,299500,10.33618,933055.4131235938
E02006156,690420,409500,299500,10.75903,439959.59843922796
E02006156,691109,408500,298500,11.31702,175497.99381369964
E02006156,691110,409500,298500,10.57347,3318.50662019069
E02006157,684213,412500,308500,7.834791,1.5864774607704777
E02006157,684214,413500,308500,8.726776,182355.35907478174
E02006157,684215,414500,308500,6.729704,249.64619410594347
E02006157,684902,411500,307500,7.298249,67958.74543204429
E02006157,684903,412500,307500,8.463147,451411.4546034733
E02006157,684904,413500,307500,7.119747,1000000.0
E02006157,684905,414500,307500,6.716729,430121.8476754731
E02006157,684907,416500,307500,6.187855,13695.49046179701
E02006157,685592,411500,306500,7.990492,316425.46462727024
E02006157,685593,412500,306500,8.564676,999889.9765510751
E02006157,685594,413500,306500,7.31804,1000000.0
E02006157,685595,414500,306500,6.712045,996566.0071135953
E02006157,685596,415500,306500,7.05438,596180.9475246142
E02006157,685597,416500,306500,6.327417,728046.7512066077
E02006157,686283,412500,305500,8.412813,370097.32319058996
E02006157,686284,413500,305500,8.052779,1000000.0
E02006157,686285,414500,305500,7.127801,1000000.0
E02006157,686286,415500,305500,6.903974,1000000.0
E02006157,686287,416500,305500,6.725999,558455.6928115346
E02006157,686288,417500,305500,6.984847,70.52620491234507
E02006157,686973,412500,304500,8.739014,548948.7931530522
E02006157,686974,413500,304500,9.330497,1000000.0
E02006157,686975,414500,304500,7.967484,1000000.0
E02006157,686976,415500,304500,7.071779,1000000.0
E02006157,686977,416500,304500,6.825578,886618.2924053784
E02006157,686978,417500,304500,7.324323,2485.297789662447
E02006157,687663,412500,303500,7.954744,581155.6066609903
E02006157,687664,413500,303500,9.183435,1000000.0
E02006157,687665,414500,303500,7.7591,1000000.0
E02006157,687666,415500,303500,7.721996,1000000.0
E02006157,687667,416500,303500,7.573632,883922.9308698445
E02006157,687668,417500,303500,7.369829,311596.5039616775
E02006157,687669,418500,303500,8.001951,775740.71989092
E02006157,687670,419500,303500,9.58296,173262.2157442873
E02006157,688353,412500,302500,8.269742,642422.3584024513
E02006157,688354,413500,302500,10.35126,1000000.0
E02006157,688355,414500,302500,7.984762,1000000.0
E02006157,688356,415500,302500,7.555199,1000000.0
E02006157,688357,416500,302500,7.345499,1000000.0
E02006157,688358,417500,302500,7.855169,1000000.0
E02006157,688359,418500,302500,8.981544,1000000.0
E02006157,688360,419500,302500,8.90027,857696.1205241035
E02006157,688361,420500,302500,9.778266,131613.25931508548
E02006157,688362,421500,302500,10.73865,2299.528615459508
E02006157,689043,412500,301500,8.622145,609299.6259804096
E02006157,689044,413500,301500,9.681843,1000000.0
E02006157,689045,414500,301500,8.261106,1000000.0
E02006157,689046,415500,301500,7.815112,1000000.0
E02006157,689047,416500,301500,7.649588,1000000.0
E02006157,689048,417500,301500,7.942791,1000000.0
E02006157,689049,418500,301500,7.532769,1000000.0
E02006157,689050,419500,301500,7.979424,1000000.0
E02006157,689051,420500,301500,9.641096,994513.0587982454
E02006157,689052,421500,301500,10.42702,29699.178727243634
E02006157,689733,412500,300500,9.100857,120976.36987008191
E02006157,689734,413500,300500,10.12501,638875.5272857535
E02006157,689735,414500,300500,8.777962,1000000.0
E02006157,689736,415500,300500,8.408613,1000000.0
E02006157,689737,416500,300500,8.254987,1000000.0
E02006157,689738,417500,300500,7.757761,1000000.0
E02006157,689739,418500,300500,7.689351,1000000.0
E02006157,689740,419500,300500,8.209845,1000000.0
E02006157,689741,420500,300500,8.327662,857471.564099573
E02006157,689742,421500,300500,9.524603,25169.584548956856
E02006157,690424,413500,299500,10.39886,3912.8516633666895
E02006157,690425,414500,299500,10.41653,746405.9898751718
E02006157,690426,415500,299500,9.365565,761331.0773325542
E02006157,690427,416500,299500,8.58111,673261.0663612346
E02006157,690428,417500,299500,8.270194,553943.8135283267
E02006157,690429,418500,299500,8.195486,989717.0974622747
E02006157,690430,419500,299500,8.584499,980173.2796097314
E02006157,690431,420500,299500,8.378585,268717.22488189494
E02006157,691115,414500,298500,10.55476,8007.592113098914
E02006157,691119,418500,298500,8.64425,20409.187624557777
E02006157,691120,419500,298500,8.52495,27181.256066899343
E02006157,691121,420500,298500,8.935781,13591.983674428942
E02006173,659340,379500,344500,7.779465,39245.08896045999
E02006173,659341,380500,344500,7.898377,50604.752727659645
E02006173,659342,381500,344500,6.70818,603.5619383918382
E02006173,660030,379500,343500,5.454521,279964.8503490187
E02006173,660031,380500,343500,5.862792,892420.8798572945
E02006173,660032,381500,343500,7.551884,902631.7480063778
E02006173,660033,382500,343500,8.328426,589189.7460846865
E02006173,660034,383500,343500,8.117699,142836.64675993708
E02006173,660715,374500,342500,4.248171,24421.486684294687
E02006173,660716,375500,342500,4.365814,327559.64318327705
E02006173,660717,376500,342500,4.502632,363440.48184600915
E02006173,660718,377500,342500,4.860691,208997.49742277528
E02006173,660719,378500,342500,5.103352,536318.7276222704
E02006173,660720,379500,342500,5.073545,875475.4487163239
E02006173,660721,380500,342500,5.288757,1000000.0
E02006173,660722,381500,342500,5.60774,1000000.0
E02006173,660723,382500,342500,6.182591,1000000.0
E02006173,660724,383500,342500,7.223013,964877.3317853613
E02006173,660725,384500,342500,9.90307,483783.4986989228
E02006173,661405,374500,341500,4.397862,439060.6920395421
E02006173,661406,375500,341500,4.269191,1000000.0
E02006173,661407,376500,341500,4.360491,1000000.0
E02006173,661408,377500,341500,4.558652,1000000.0
E02006173,661409,378500,341500,4.999799,1000000.0
E02006173,661410,379500,341500,4.999427,1000000.0
E02006173,661411,380500,341500,5.119857,1000000.0
E02006173,661412,381500,341500,5.527011,1000000.0
E02006173,661413,382500,341500,5.658924,1000000.0
E02006173,661414,383500,341500,6.054404,777174.6920605098
E02006173,661415,384500,341500,7.991862,143476.85544457624
E02006173,662093,372500,340500,4.075338,278379.72535064304
E02006173,662094,373500,340500,4.299324,158487.1283388742
E02006173,662095,374500,340500,4.377421,572383.6200361801
E02006173,662096,375500,340500,4.172923,1000000.0
E02006173,662097,376500,340500,4.306029,1000000.0
E02006173,662098,377500,340500,4.408875,1000000.0
E02006173,662099,378500,340500,4.616394,1000000.0
E02006173,662100,379500,340500,5.462589,1000000.0
E02006173,662101,380500,340500,5.373168,1000000.0
E02006173,662102,381500,340500,5.155688,907464.6502469531
E02006173,662103,382500,340500,5.214447,182159.96845460671
E02006173,662104,383500,340500,5.470253,33462.69603165115
E02006173,662782,371500,339500,3.869615,126820.90429640224
E02006173,662783,372500,339500,4.051334,191902.61361678585
E02006173,662784,373500,339500,4.124356,723610.7918628787
E02006173,662785,374500,339500,4.238507,929106.3987083574
E02006173,662786,375500,339500,4.162642,1000000.0
E02006173,662787,376500,339500,4.264078,1000000.0
E02006173,662788,377500,339500,4.390587,1000000.0
E02006173,662789,378500,339500,4.685895,1000000.0
E02006173,662790,379500,339500,4.77357,1000000.0
E02006173,662791,380500,339500,4.9626,1000000.0
E02006173,662792,381500,339500,5.204411,553711.8839017825
E02006173,663471,370500,338500,3.873887,231416.34010414997
E02006173,663472,371500,338500,3.871623,947606.5051818867
E02006173,663473,372500,338500,4.040466,952976.6270758455
E02006173,663474,373500,338500,4.049725,1000000.0
E02006173,663475,374500,338500,4.152236,1000000.0
E02006173,663476,375500,338500,4.047238,1000000.0
E02006173,663477,376500,338500,4.375847,1000000.0
E02006173,663478,377500,338500,4.450891,1000000.0
E02006173,663479,378500,338500,4.349781,1000000.0
E02006173,663480,379500,338500,4.417075,1000000.0
E02006173,663481,380500,338500,4.612468,1000000.0
E02006173,663482,381500,338500,5.10664,686226.4783635818
E02006173,664161,370500,337500,3.767144,705741.0741355967
E02006173,664162,371500,337500,3.870442,1000000.0
E02006173,664163,372500,337500,3.999277,1000000.0
E02006173,664164,373500,337500,4.021462,1000000.0
E02006173,664165,374500,337500,4.140284,1000000.0
E02006173,664166,375500,337500,4.124126,1000000.0
E02006173,664167,376500,337500,4.253352,1000000.0
E02006173,664168,377500,337500,4.192942,1000000.0
E02006173,664169,378500,337500,4.147008,885867.5213794757
E02006173,664170,379500,337500,4.246947,890949.2060768451
E02006173,664171,380500,337500,4.403094,949758.1038831637
E02006173,664172,381500,337500,4.676287,998917.4381848989
E02006173,664173,382500,337500,5.07864,246824.3803843311
E02006173,664850,369500,336500,3.80125,388752.2308607998
E02006173,664851,370500,336500,3.870987,991478.240650534
E02006173,664852,371500,336500,3.904822,1000000.0
E02006173,664853,372500,336500,3.973596,1000000.0
E02006173,664854,373500,336500,4.212498,1000000.0
E02006173,664855,374500,336500,4.506971,1000000.0
E02006173,664856,375500,336500,4.128368,1000000.0
E02006173,664857,376500,336500,4.107384,1000000.0
E02006173,664858,377500,336500,4.007262,545797.5960380828
E02006173,664859,378500,336500,4.042317,883.3328030186444
E02006173,664861,380500,336500,4.320098,132771.86150737136
E02006173,664862,381500,336500,4.458124,528719.9662490664
E02006173,664863,382500,336500,4.953833,293991.3377088108
E02006173,665540,369500,335500,4.073416,647203.2478577838
E02006173,665541,370500,335500,4.201196,1000000.0
E02006173,665542,371500,335500,4.116127,1000000.0
E02006173,665543,372500,335500,4.146965,1000000.0
E02006173,665544,373500,335500,4.310322,1000000.0
E02006173,665545,374500,335500,4.303385,917821.4044022348
E02006173,665546,375500,335500,4.180433,459819.96548088803
E02006173,665547,376500,335500,3.889136,432084.8597273716
E02006173,665548,377500,335500,3.904416,5964.02292680026
E02006173,666229,368500,334500,5.460553,267855.87486640894
E02006173,666230,369500,334500,4.255917,965263.9574592457
E02006173,666231,370500,334500,3.801704,1000000.0
E02006173,666232,371500,334500,3.682627,1000000.0
E02006173,666233,372500,334500,3.670784,1000000.0
E02006173,666234,373500,334500,3.73308,1000000.0
E02006173,666235,374500,334500,3.819444,473273.89373200655
E02006173,666919,368500,333500,4.603605,397719.0672830507
E02006173,666920,369500,333500,3.934662,1000000.0
E02006173,666921,370500,333500,3.627392,1000000.0
E02006173,666922,371500,333500,3.564185,1000000.0
E02006173,666923,372500,333500,3.524591,1000000.0
E02006173,666924,373500,333500,3.57007,1000000.0
E02006173,666925,374500,333500,3.646313,424059.5955022202
E02006173,667609,368500,332500,4.021421,73955.50164383033
E02006173,667610,369500,332500,4.112317,882657.2880236156
E02006173,667611,370500,332500,3.652342,1000000.0
E02006173,667612,371500,332500,3.458582,965113.1326108037
E02006173,667613,372500,332500,3.450791,735122.6185857415
E02006173,667614,373500,332500,3.505752,545853.6641402041
E02006173,667615,374500,332500,3.587117,240548.95810953795
E02006173,668300,369500,331500,4.188053,529834.6323203837
E02006173,668301,370500,331500,3.591201,532679.8920559527
E02006173,668302,371500,331500,3.428273,165842.89108235965
E02006173,668990,369500,330500,4.061971,15372.012965608945
E02006173,668991,370500,330500,3.7156,24328.999389168428
E02006174,675910,389500,320500,4.867458,12756.298904477022
E02006174,675911,390500,320500,5.474709,492033.8001179173
E02006174,675912,391500,320500,8.449425,628.5598392514701
E02006174,675914,393500,320500,6.59837,332437.8332548971
E02006174,675915,394500,320500,6.801156,278148.97334033187
E02006174,675916,395500,320500,6.086391,12113.494129961146
E02006174,676600,389500,319500,4.646725,260535.5497499457
E02006174,676601,390500,319500,5.005116,999995.652744015
E02006174,676602,391500,319500,5.671438,655546.7033915108
E02006174,676603,392500,319500,8.368636,209665.99606495665
E02006174,676604,393500,319500,7.217103,722024.7013903414
E02006174,676605,394500,319500,6.02034,1000000.0
E02006174,676606,395500,319500,5.715479,388469.14261582226
E02006174,677290,389500,318500,4.48598,481168.0302736739
E02006174,677291,390500,318500,4.783751,1000000.0
E02006174,677292,391500,318500,5.298601,1000000.0
E02006174,677293,392500,318500,8.606916,1000000.0
E02006174,677294,393500,318500,7.755288,1000000.0
E02006174,677295,394500,318500,6.1291,998419.5085660842
E02006174,677296,395500,318500,5.529401,720928.8114184412
E02006174,677297,396500,318500,5.426821,451599.3492234353
E02006174,677298,397500,318500,5.115765,57333.28745734403
E02006174,677980,389500,317500,4.466708,610052.1859123904
E02006174,677981,390500,317500,4.754617,1000000.0
E02006174,677982,391500,317500,5.155876,1000000.0
E02006174,677983,392500,317500,6.256808,1000000.0
E02006174,677984,393500,317500,9.127847,1000000.0
E02006174,677985,394500,317500,6.309034,1000000.0
E02006174,677986,395500,317500,5.649675,1000000.0
E02006174,677987,396500,317500,5.496686,1000000.0
E02006174,677988,397500,317500,5.1941,517415.31939059356
E02006174,678669,388500,316500,4.317744,242073.44275205868
E02006174,678670,389500,316500,4.523756,683970.4420322508
E02006174,678671,390500,316500,4.804866,1000000.0
E02006174,678672,391500,316500,5.145119,1000000.0
E02006174,678673,392500,316500,6.225456,1000000.0
E02006174,678674,393500,316500,9.206503,1000000.0
E02006174,678675,394500,316500,6.473525,1000000.0
E02006174,678676,395500,316500,5.745153,1000000.0
E02006174,678677,396500,316500,5.60599,1000000.0
E02006174,678678,397500,316500,5.359775,868577.9003441076
E02006174,678679,398500,316500,5.256536,482.73336391114714
E02006174,679357,386500,315500,4.424342,82361.3288443944
E02006174,679358,387500,315500,4.360485,225744.67345303713
E02006174,679359,388500,315500,4.413823,948160.8626841736
E02006174,679360,389500,315500,4.587719,998096.4821088393
E02006174,679361,390500,315500,4.866129,1000000.0
E02006174,679362,391500,315500,5.268094,1000000.0
E02006174,679363,392500,315500,6.441453,1000000.0
E02006174,679364,393500,315500,9.49143,1000000.0
E02006174,679365,394500,315500,6.626916,1000000.0
E02006174,679366,395500,315500,5.905488,1000000.0
E02006174,679367,396500,315500,5.782117,1000000.0
E02006174,679368,397500,315500,5.586084,980482.2320909831
E02006174,679369,398500,315500,5.568427,169815.01430739302
E02006174,680047,386500,314500,4.685244,146777.7459343516
E02006174,680048,387500,314500,4.548146,484284.8595811807
E02006174,680049,388500,314500,4.575253,948125.0122814665
E02006174,680050,389500,314500,4.787295,1000000.0
E02006174,680051,390500,314500,5.08623,1000000.0
E02006174,680052,391500,314500,5.591241,1000000.0
E02006174,680053,392500,314500,7.331544,1000000.0
E02006174,680054,393500,314500,9.680385,1000000.0
E02006174,680055,394500,314500,6.908296,1000000.0
E02006174,680056,395500,314500,6.243833,986140.4047465569
E02006174,680057,396500,314500,6.064026,770155.8594699309
E02006174,680058,397500,314500,6.318513,313706.22571880766
E02006174,680739,388500,313500,4.752756,705417.8530515481
E02006174,680740,389500,313500,4.941357,1000000.0
E02006174,680741,390500,313500,5.285147,1000000.0
E02006174,680742,391500,313500,6.125845,1000000.0
E02006174,680743,392500,313500,7.995222,1000000.0
E02006174,680744,393500,313500,9.607971,1000000.0
E02006174,680745,394500,313500,7.838995,1000000.0
E02006174,680746,395500,313500,6.49994,935299.7500289534
E02006174,681429,388500,312500,4.948722,258243.5878941061
E02006174,681430,389500,312500,5.145297,571036.3331095763
E02006174,681431,390500,312500,5.492766,725582.0389997383
E02006174,681432,391500,312500,6.624557,1000000.0
E02006174,681433,392500,312500,7.263453,1000000.0
E02006174,681434,393500,312500,9.924219,1000000.0
E02006174,681435,394500,312500,7.411601,1000000.0
E02006174,681436,395500,312500,6.784923,911159.2895806375
E02006174,681437,396500,312500,6.657511,107.05382468848796
E02006174,682121,390500,311500,5.777935,366885.1840254176
E02006174,682122,391500,311500,7.004068,1000000.0
E02006174,682123,392500,311500,7.975986,1000000.0
E02006174,682124,393500,311500,10.13749,1000000.0
E02006174,682125,394500,311500,7.651586,990534.8964438458
E02006174,682126,395500,311500,7.088648,245773.10063004377
E02006174,682811,390500,310500,6.278377,156336.533242466
E02006174,682812,391500,310500,8.028921,887201.8116871576
E02006174,682813,392500,310500,9.804993,1000000.0
E02006174,682814,393500,310500,10.15325,996776.2511251592
E02006174,682815,394500,310500,8.035629,493116.15019317047
E02006174,683502,391500,309500,8.518689,652918.1554959099
E02006174,683503,392500,309500,8.938053,916996.1984545992
E02006174,683504,393500,309500,11.55667,220850.2048362007
E02006174,683505,394500,309500,9.072589,16415.30061859652
E02006174,684192,391500,308500,9.805297,33731.22974269577
E02006174,684193,392500,308500,10.99065,127221.87011051815
E02006175,679368,397500,315500,5.586084,19517.767909016868
E02006175,679369,398500,315500,5.568427,77749.80217080578
E02006175,680056,395500,314500,6.243833,13859.595253443087
E02006175,680057,396500,314500,6.064026,229844.14053006913
E02006175,680058,397500,314500,6.318513,686293.7742811923
E02006175,680059,398500,314500,6.11334,348390.0707218902
E02006175,680746,395500,313500,6.49994,64700.24997104652
E02006175,680747,396500,313500,6.306034,1000000.0
E02006175,680748,397500,313500,6.842776,1000000.0
E02006175,680749,398500,313500,6.961967,197607.36143412878
E02006175,681436,395500,312500,6.784923,88840.71041936257
E02006175,681437,396500,312500,6.657511,999892.9461753115
E02006175,681438,397500,312500,7.216408,1000000.0
E02006175,681439,398500,312500,7.72256,30311.93719096314
E02006175,682125,394500,311500,7.651586,9465.103556154181
E02006175,682126,395500,311500,7.088648,754226.8993699562
E02006175,682127,396500,311500,7.120902,999799.0353186261
E02006175,682128,397500,311500,7.792027,384647.5774638003
E02006175,682129,398500,311500,8.466488,112.98753116241794
E02006175,682814,393500,310500,10.15325,3223.7488748407623
E02006175,682815,394500,310500,8.035629,506883.8498068295
E02006175,682816,395500,310500,7.576346,1000000.0
E02006175,682817,396500,310500,7.968174,685605.0998098245
E02006175,683503,392500,309500,8.938053,83003.80154540084
E02006175,683504,393500,309500,11.55667,779149.7951637993
E02006175,683505,394500,309500,9.072589,983584.6993814036
E02006175,683506,395500,309500,8.569791,1000000.0
E02006175,683507,396500,309500,8.966373,676693.5515059769
E02006175,684193,392500,308500,10.99065,385408.6666722459
E02006175,684194,393500,308500,9.950578,995288.9947609315
E02006175,684195,394500,308500,11.0883,1000000.0
E02006175,684196,395500,308500,9.171882,1000000.0
E02006175,684197,396500,308500,9.917182,938920.1400858287
E02006175,684198,397500,308500,11.43549,309129.20104338974
E02006175,684884,393500,307500,8.91844,442921.03470238915
E02006175,684885,394500,307500,8.579701,894418.0507561815
E02006175,684886,395500,307500,11.60376,1000000.0
E02006175,684887,396500,307500,10.07337,1000000.0
E02006175,684888,397500,307500,10.378,557772.5477810476
E02006175,685575,394500,306500,8.995136,36948.58634428257
E02006175,685576,395500,306500,11.41503,540168.4864529497
E02006175,685577,396500,306500,9.543516,959003.1968463514
E02006175,685578,397500,306500,9.358275,143850.3097674498
E02006175,686266,395500,305500,9.396737,630.6287048452368
E02006175,686267,396500,305500,11.04179,420267.8588033404
E02006175,686268,397500,305500,9.555178,595730.9801980268
E02006175,686958,397500,304500,10.29713,27977.197142378704
E02006176,678660,379500,316500,4.094971,5719.613830208579
E02006176,678661,380500,316500,4.11012,165851.64090721752
E02006176,678662,381500,316500,4.12871,24612.67713405215
E02006176,679349,378500,315500,4.481424,138706.65884949308
E02006176,679350,379500,315500,4.117082,911231.893649464
E02006176,679351,380500,315500,4.133306,996061.5382638552
E02006176,679352,381500,315500,4.211073,825839.0050740581
E02006176,679353,382500,315500,4.240005,98356.52586500222
E02006176,679356,385500,315500,4.620919,9211.825937419
E02006176,679357,386500,315500,4.424342,73.77061042439817
E02006176,680039,378500,314500,4.588933,199311.34734604848
E02006176,680040,379500,314500,4.300669,1000000.0
E02006176,680041,380500,314500,4.278461,1000000.0
E02006176,680042,381500,314500,4.239167,1000000.0
E02006176,680043,382500,314500,4.270199,648038.4755801097
E02006176,680045,384500,314500,5.24693,128795.12530096747
E02006176,680046,385500,314500,4.784472,744008.6959870395
E02006176,680047,386500,314500,4.685244,835278.5318600049
E02006176,680048,387500,314500,4.548146,515715.14041881927
E02006176,680049,388500,314500,4.575253,51874.987718533506
E02006176,680729,378500,313500,4.629884,45241.60232198226
E02006176,680730,379500,313500,4.624421,920998.1170888853
E02006176,680731,380500,313500,4.334209,1000000.0
E02006176,680732,381500,313500,4.28143,1000000.0
E02006176,680733,382500,313500,4.267015,771994.836168267
E02006176,680734,383500,313500,4.430109,257936.85756815318
E02006176,680735,384500,313500,4.606991,951938.8618247743
E02006176,680736,385500,313500,5.545073,1000000.0
E02006176,680737,386500,313500,4.990974,1000000.0
E02006176,680738,387500,313500,4.763411,1000000.0
E02006176,680739,388500,313500,4.752756,294582.14694845193
E02006176,681419,378500,312500,4.828309,560353.3100776289
E02006176,681420,379500,312500,4.315273,1000000.0
E02006176,681421,380500,312500,4.299359,1000000.0
E02006176,681422,381500,312500,4.249709,1000000.0
E02006176,681423,382500,312500,4.291809,1000000.0
E02006176,681424,383500,312500,4.356687,1000000.0
E02006176,681425,384500,312500,4.599804,1000000.0
E02006176,681426,385500,312500,5.423402,1000000.0
E02006176,681427,386500,312500,5.470474,1000000.0
E02006176,681428,387500,312500,5.052265,1000000.0
E02006176,681429,388500,312500,4.948722,741756.4121058938
E02006176,681430,389500,312500,5.145297,428963.6668904237
E02006176,681431,390500,312500,5.492766,274417.9610002617
E02006176,682109,378500,311500,4.905827,696868.389100244
E02006176,682110,379500,311500,4.375414,1000000.0
E02006176,682111,380500,311500,4.315543,1000000.0
E02006176,682112,381500,311500,4.307294,1000000.0
E02006176,682113,382500,311500,4.368612,1000000.0
E02006176,682114,383500,311500,4.461341,1000000.0
E02006176,682115,384500,311500,4.598957,1000000.0
E02006176,682116,385500,311500,4.820923,1000000.0
E02006176,682117,386500,311500,5.473641,1000000.0
E02006176,682118,387500,311500,5.500505,1000000.0
E02006176,682119,388500,311500,5.291079,1000000.0
E02006176,682120,389500,311500,5.39466,1000000.0
E02006176,682121,390500,311500,5.777935,633114.8159745823
E02006176,682799,378500,310500,5.07621,66634.46475669778
E02006176,682800,379500,310500,4.90209,766751.7602770791
E02006176,682801,380500,310500,4.548603,1000000.0
E02006176,682802,381500,310500,4.511297,1000000.0
E02006176,682803,382500,310500,4.614903,1000000.0
E02006176,682804,383500,310500,4.759232,1000000.0
E02006176,682805,384500,310500,4.837104,1000000.0
E02006176,682806,385500,310500,4.92455,1000000.0
E02006176,682807,386500,310500,5.153596,1000000.0
E02006176,682808,387500,310500,6.111145,1000000.0
E02006176,682809,388500,310500,5.71241,1000000.0
E02006176,682810,389500,310500,5.830711,1000000.0
E02006176,682811,390500,310500,6.278377,843663.4667575341
E02006176,682812,391500,310500,8.028921,112798.18831284237
E02006176,683490,379500,309500,4.781332,217175.57110038376
E02006176,683491,380500,309500,4.347754,591325.8764994204
E02006176,683492,381500,309500,4.349216,738025.2340886951
E02006176,683493,382500,309500,4.439969,585551.1681772246
E02006176,683494,383500,309500,4.624402,762794.6965983909
E02006176,683495,384500,309500,4.603273,1000000.0
E02006176,683496,385500,309500,4.71355,1000000.0
E02006176,683497,386500,309500,4.983648,1000000.0
E02006176,683498,387500,309500,5.96408,1000000.0
E02006176,683499,388500,309500,5.829314,1000000.0
E02006176,683500,389500,309500,5.946503,1000000.0
E02006176,683501,390500,309500,6.402393,1000000.0
E02006176,683502,391500,309500,8.518689,113145.03152424507
E02006176,684184,383500,308500,4.565752,292090.6228116442
E02006176,684185,384500,308500,4.629933,1000000.0
E02006176,684186,385500,308500,4.787678,1000000.0
E02006176,684187,386500,308500,5.004444,1000000.0
E02006176,684188,387500,308500,5.446686,1000000.0
E02006176,684189,388500,308500,6.677649,1000000.0
E02006176,684190,389500,308500,6.268473,1000000.0
E02006176,684191,390500,308500,6.724386,855021.7804109718
E02006176,684192,391500,308500,9.805297,156018.39967761116
E02006176,684874,383500,307500,4.678802,109409.90775838001
E02006176,684875,384500,307500,4.727792,1000000.0
E02006176,684876,385500,307500,4.906709,1000000.0
E02006176,684877,386500,307500,5.106916,1000000.0
E02006176,684878,387500,307500,5.396802,1000000.0
E02006176,684879,388500,307500,6.397928,1000000.0
E02006176,684880,389500,307500,6.599313,1000000.0
E02006176,684881,390500,307500,7.082897,643563.7173307805
E02006176,684882,391500,307500,8.533691,65444.31102501429
E02006176,685564,383500,306500,4.980059,220693.25506929166
E02006176,685565,384500,306500,5.051985,917557.8568704166
E02006176,685566,385500,306500,5.210665,1000000.0
E02006176,685567,386500,306500,5.465668,1000000.0
E02006176,685568,387500,306500,5.706696,1000000.0
E02006176,685569,388500,306500,6.146932,1000000.0
E02006176,685570,389500,306500,7.331635,1000000.0
E02006176,685571,390500,306500,7.471272,433585.6668708466
E02006176,686255,384500,305500,6.348139,567103.7080029412
E02006176,686256,385500,305500,6.468951,946980.1871321602
E02006176,686257,386500,305500,6.71612,997739.2414719914
E02006176,686258,387500,305500,7.037807,1000000.0
E02006176,686259,388500,305500,7.325999,1000000.0
E02006176,686260,389500,305500,7.854623,703565.4588896409
E02006176,686261,390500,305500,7.906827,91440.27366480147
E02006176,686945,384500,304500,5.052645,175.68185430632894
E02006176,686946,385500,304500,5.313314,5238.4191624658915
E02006176,686947,386500,304500,5.666995,180322.95045910342
E02006176,686948,387500,304500,6.290662,814935.1179230816
E02006176,686949,388500,304500,7.420211,1000000.0
E02006176,686950,389500,304500,8.852221,318792.94561999565
E02006176,687638,387500,303500,6.849698,46498.09249097488
E02006176,687639,388500,303500,7.85911,276670.6989545892
E02006176,687640,389500,303500,8.900047,41218.40857416074
E02006177,684198,397500,308500,11.43549,70631.83061528628
E02006177,684199,398500,308500,12.23215,249495.45262138228
E02006177,684200,399500,308500,10.25163,9103.751584397802
E02006177,684888,397500,307500,10.378,442227.4522189524
E02006177,684889,398500,307500,9.818061,858119.0906950069
E02006177,684890,399500,307500,9.668742,661132.6288058672
E02006177,684891,400500,307500,9.937659,4165.960850258043
E02006177,685577,396500,306500,9.543516,40996.80315364854
E02006177,685578,397500,306500,9.358275,648022.5231793614
E02006177,685579,398500,306500,9.339607,261133.36905106663
E02006177,685580,399500,306500,9.185036,28411.190882572027
E02006177,686268,397500,305500,9.555178,25043.091520041373
E02006178,684889,398500,307500,9.818061,141880.90930499297
E02006178,684890,399500,307500,9.668742,280924.91878937505
E02006178,684891,400500,307500,9.937659,17119.63348159597
E02006178,685578,397500,306500,9.358275,208127.16705318866
E02006178,685579,398500,306500,9.339607,738866.6309489333
E02006178,685580,399500,306500,9.185036,971588.8091174279
E02006178,685581,400500,306500,8.736828,283312.48535077507
E02006178,686268,397500,305500,9.555178,173557.80475367236
E02006178,686269,398500,305500,9.073747,666689.4257450702
E02006178,686270,399500,305500,9.208806,765845.0386701336
E02006178,686271,400500,305500,8.96287,71510.35196033205
E02006179,683502,391500,309500,8.518689,233936.81297984504
E02006179,684191,390500,308500,6.724386,144978.21958902825
E02006179,684192,391500,308500,9.805297,810250.3705796931
E02006179,684193,392500,308500,10.99065,487369.46321723587
E02006179,684194,393500,308500,9.950578,4711.005239068479
E02006179,684881,390500,307500,7.082897,356436.2826692195
E02006179,684882,391500,307500,8.533691,934555.6889749857
E02006179,684883,392500,307500,9.058184,1000000.0
E02006179,684884,393500,307500,8.91844,557078.965297611
E02006179,684885,394500,307500,8.579701,105581.9492438185
E02006179,685571,390500,306500,7.471272,566414.3331291535
E02006179,685572,391500,306500,9.036459,1000000.0
E02006179,685573,392500,306500,9.170883,1000000.0
E02006179,685574,393500,306500,8.539954,1000000.0
E02006179,685575,394500,306500,8.995136,963051.4136557175
E02006179,685576,395500,306500,11.41503,459831.51354705036
E02006179,686261,390500,305500,7.906827,780743.7411205379
E02006179,686262,391500,305500,9.626836,1000000.0
E02006179,686263,392500,305500,10.14687,1000000.0
E02006179,686264,393500,305500,9.351601,910857.7886206813
E02006179,686265,394500,305500,9.685704,508714.48408571497
E02006179,686266,395500,305500,9.396737,464647.9243300835
E02006179,686267,396500,305500,11.04179,140559.5695248
E02006179,686951,390500,304500,9.050753,132390.42083146525
E02006179,686952,391500,304500,12.02973,641596.195768349
E02006179,686953,392500,304500,11.242,715263.3291547328
E02006179,686954,393500,304500,11.78489,837759.0838072045
E02006179,686955,394500,304500,10.62481,11362.132037889482
E02006179,687642,391500,303500,12.59892,108.29366951709866
E02006179,687644,393500,303500,9.982689,25743.78906325393
E02006180,685581,400500,306500,8.736828,32080.437735534833
E02006180,686264,393500,305500,9.351601,89142.21137931883
E02006180,686265,394500,305500,9.685704,491285.51591428503
E02006180,686266,395500,305500,9.396737,534721.4469650713
E02006180,686267,396500,305500,11.04179,439172.5716718596
E02006180,686268,397500,305500,9.555178,205668.1235282596
E02006180,686269,398500,305500,9.073747,333310.57425492984
E02006180,686270,399500,305500,9.208806,234154.96132986643
E02006180,686271,400500,305500,8.96287,558904.6186711126
E02006180,686272,401500,305500,9.123836,21076.537420814726
E02006180,686954,393500,304500,11.78489,120419.84515214282
E02006180,686955,394500,304500,10.62481,988637.8679621106
E02006180,686956,395500,304500,10.27282,1000000.0
E02006180,686957,396500,304500,12.0096,1000000.0
E02006180,686958,397500,304500,10.29713,972022.8028576213
E02006180,686959,398500,304500,9.608192,1000000.0
E02006180,686960,399500,304500,9.874762,852518.0936324727
E02006180,686961,400500,304500,9.694001,512161.3339037657
E02006180,686962,401500,304500,9.739213,23885.475536305505
E02006180,687644,393500,303500,9.982689,548090.0510817913
E02006180,687645,394500,303500,9.591284,1000000.0
E02006180,687646,395500,303500,9.906011,1000000.0
E02006180,687647,396500,303500,12.03617,1000000.0
E02006180,687648,397500,303500,11.60004,1000000.0
E02006180,687649,398500,303500,10.74839,779229.2540277437
E02006180,687650,399500,303500,10.97109,35170.21161221004
E02006180,688334,393500,302500,10.73092,214909.65808605496
E02006180,688335,394500,302500,10.38157,908775.0363493047
E02006180,688336,395500,302500,10.62277,755280.4647450342
E02006180,688337,396500,302500,11.13093,359857.923084791
E02006180,688338,397500,302500,13.69009,539801.6629644453
E02006180,688339,398500,302500,12.52753,4447.5738302861055
E02006180,689025,394500,301500,11.43036,246857.9696113382
E02006180,689026,395500,301500,11.73755,186784.46258015206
E02006181,686260,389500,305500,7.854623,296434.54111035925
E02006181,686261,390500,305500,7.906827,127815.98521466067
E02006181,686947,386500,304500,5.666995,29855.642610828163
E02006181,686948,387500,304500,6.290662,31047.476381139208
E02006181,686950,389500,304500,8.852221,681207.0543800043
E02006181,686951,390500,304500,9.050753,867609.5791685347
E02006181,686952,391500,304500,12.02973,1257.280769548274
E02006181,687637,386500,303500,6.335069,283155.21352784795
E02006181,687638,387500,303500,6.849698,671064.340708961
E02006181,687639,388500,303500,7.85911,723329.3010454108
E02006181,687640,389500,303500,8.900047,831811.5574523986
E02006181,687641,390500,303500,10.85194,384208.1507862577
E02006181,687642,391500,303500,12.59892,1119.565329540653
E02006181,688328,387500,302500,6.619769,133343.86816661156
E02006181,688329,388500,302500,7.208197,558031.3665387036
E02006181,688330,389500,302500,9.427168,183017.85792632875
E02006182,686255,384500,305500,6.348139,221056.59636674603
E02006182,686256,385500,305500,6.468951,53019.81286783984
E02006182,686257,386500,305500,6.71612,2260.758528008583
E02006182,686944,383500,304500,4.974804,10715.428725537673
E02006182,686945,384500,304500,5.052645,904057.3869802571
E02006182,686946,385500,304500,5.313314,994761.580837534
E02006182,686947,386500,304500,5.666995,789821.4069300685
E02006182,686948,387500,304500,6.290662,154017.4056957791
E02006182,687634,383500,303500,5.090484,471435.128646894
E02006182,687635,384500,303500,5.035667,1000000.0
E02006182,687636,385500,303500,5.36867,1000000.0
E02006182,687637,386500,303500,6.335069,716844.786472152
E02006182,687638,387500,303500,6.849698,282437.5668000641
E02006182,688324,383500,302500,5.417288,103007.36051552877
E02006182,688325,384500,302500,5.26686,435518.5590738114
E02006182,688326,385500,302500,5.571285,738970.6640381812
E02006182,688327,386500,302500,6.031767,1000000.0
E02006182,688328,387500,302500,6.619769,866656.1318333884
E02006182,688329,388500,302500,7.208197,331392.2330285318
E02006182,689016,385500,301500,5.421184,15378.222880971345
E02006182,689017,386500,301500,6.065892,631444.6661173577
E02006182,689018,387500,301500,6.562757,930146.3086243938
E02006182,689019,388500,301500,7.437208,481847.38902544684
E02006182,689708,387500,300500,7.611886,45361.695180254246
E02006182,689709,388500,300500,8.756799,122.34612395263292
E02006185,693159,388500,295500,8.0375,145279.26439075
E02006185,693160,389500,295500,8.751315,211216.44755084516
E02006185,693161,390500,295500,8.751345,391285.5756025958
E02006185,693162,391500,295500,9.482939,4615.355714243302
E02006185,693848,387500,294500,6.719232,127288.0242564405
E02006185,693849,388500,294500,7.332851,976372.0793099462
E02006185,693850,389500,294500,7.543201,865143.7166964896
E02006185,693851,390500,294500,8.245207,499832.6073600804
E02006185,693852,391500,294500,9.603377,51.647216515798675
E02006185,694537,386500,293500,7.245141,95606.89573956901
E02006185,694538,387500,293500,7.235438,799602.745549337
E02006185,694539,388500,293500,7.392134,847047.1225135922
E02006185,695226,385500,292500,6.594368,189891.86584759285
E02006185,695227,386500,292500,7.647879,609077.4059014881
E02006185,695228,387500,292500,7.381073,398965.9728973932
E02006185,695229,388500,292500,7.313644,395634.03443509043
E02006185,695916,385500,291500,7.572586,233288.36580191198
E02006185,695917,386500,291500,6.908001,475044.5409954106
E02006185,695918,387500,291500,7.02809,16989.496256736278
E02006186,691776,385500,297500,5.92439,423943.2915359247
E02006186,691777,386500,297500,6.782551,845142.8971371645
E02006186,691778,387500,297500,7.237103,538290.6771755808
E02006186,692462,381500,296500,4.506458,21.316138486329578
E02006186,692463,382500,296500,4.65168,190394.13301889156
E02006186,692464,383500,296500,5.028138,405123.73651244503
E02006186,692465,384500,296500,5.112379,674674.2410565678
E02006186,692466,385500,296500,6.07411,989357.1315281935
E02006186,692467,386500,296500,6.169762,1000000.0
E02006186,692468,387500,296500,6.601841,966033.0722118655
E02006186,692469,388500,296500,8.290361,83020.7142233947
E02006186,693151,380500,295500,4.50106,3358.647048507826
E02006186,693152,381500,295500,4.689507,514435.0770791929
E02006186,693153,382500,295500,4.968474,1000000.0
E02006186,693154,383500,295500,4.877163,1000000.0
E02006186,693155,384500,295500,5.168017,1000000.0
E02006186,693156,385500,295500,6.124264,1000000.0
E02006186,693157,386500,295500,6.150844,1000000.0
E02006186,693158,387500,295500,6.646607,1000000.0
E02006186,693159,388500,295500,8.0375,218428.4767422934
E02006186,693842,381500,294500,4.557558,122352.39334769301
E02006186,693843,382500,294500,4.509685,808823.966983591
E02006186,693844,383500,294500,4.826868,1000000.0
E02006186,693845,384500,294500,5.207321,1000000.0
E02006186,693846,385500,294500,5.867624,1000000.0
E02006186,693847,386500,294500,6.593554,1000000.0
E02006186,693848,387500,294500,6.719232,872711.9757435595
E02006186,693849,388500,294500,7.332851,23627.920690053874
E02006186,693850,389500,294500,7.543201,134856.28330351037
E02006186,693851,390500,294500,8.245207,323467.033410118
E02006186,694533,382500,293500,4.462916,626794.973425679
E02006186,694534,383500,293500,4.767456,1000000.0
E02006186,694535,384500,293500,5.190728,1000000.0
E02006186,694536,385500,293500,5.878764,1000000.0
E02006186,694537,386500,293500,7.245141,904393.104260431
E02006186,694538,387500,293500,7.235438,200397.25445066288
E02006186,694539,388500,293500,7.392134,152952.87748640773
E02006186,694540,389500,293500,7.801394,1000000.0
E02006186,694541,390500,293500,8.636779,859163.2478575095
E02006186,695222,381500,292500,4.358696,40440.1493655738
E02006186,695223,382500,292500,4.662199,896738.5399277699
E02006186,695224,383500,292500,4.755621,1000000.0
E02006186,695225,384500,292500,5.203981,1000000.0
E02006186,695226,385500,292500,6.594368,810108.1341524071
E02006186,695227,386500,292500,7.647879,390922.59409851185
E02006186,695228,387500,292500,7.381073,601034.0271026068
E02006186,695229,388500,292500,7.313644,604365.9655649096
E02006186,695230,389500,292500,7.675728,976436.725734695
E02006186,695231,390500,292500,8.509028,367751.3106321315
E02006186,695912,381500,291500,4.316418,242229.96404071344
E02006186,695913,382500,291500,4.635436,874231.0638784185
E02006186,695914,383500,291500,4.641257,1000000.0
E02006186,695915,384500,291500,5.160487,1000000.0
E02006186,695916,385500,291500,7.572586,766711.634198088
E02006186,695917,386500,291500,6.908001,524955.4590045894
E02006186,695918,387500,291500,7.02809,983010.5037432637
E02006186,695919,388500,291500,7.655744,1000000.0
E02006186,695920,389500,291500,8.236866,980600.0599191022
E02006186,695921,390500,291500,9.188402,202488.4884855881
E02006186,696601,380500,290500,4.125993,535706.1319104801
E02006186,696602,381500,290500,4.331995,991807.9908272615
E02006186,696603,382500,290500,4.623586,1000000.0
E02006186,696604,383500,290500,4.631661,1000000.0
E02006186,696605,384500,290500,5.072833,1000000.0
E02006186,696606,385500,290500,5.680212,1000000.0
E02006186,696607,386500,290500,6.905243,1000000.0
E02006186,696608,387500,290500,7.081681,865392.0334024141
E02006186,696609,388500,290500,8.198848,415093.63388377824
E02006186,696610,389500,290500,11.19051,229312.66295764194
E02006186,696611,390500,290500,9.884667,31159.534359949976
E02006186,697290,379500,289500,3.90661,287501.13757702895
E02006186,697291,380500,289500,4.086833,997895.2280859218
E02006186,697292,381500,289500,4.302529,1000000.0
E02006186,697293,382500,289500,4.598706,1000000.0
E02006186,697294,383500,289500,4.642331,1000000.0
E02006186,697295,384500,289500,5.00851,1000000.0
E02006186,697296,385500,289500,5.558519,1000000.0
E02006186,697297,386500,289500,7.348646,889663.9570222946
E02006186,697298,387500,289500,7.667381,151559.95455001688
E02006186,697979,378500,288500,3.82447,16071.976394832114
E02006186,697980,379500,288500,3.994627,891088.0177540813
E02006186,697981,380500,288500,4.095037,1000000.0
E02006186,697982,381500,288500,4.300139,1000000.0
E02006186,697983,382500,288500,4.606973,1000000.0
E02006186,697984,383500,288500,4.626127,998719.5981372774
E02006186,697985,384500,288500,4.956669,801786.8336797811
E02006186,697986,385500,288500,5.493723,432397.0526910399
E02006186,697987,386500,288500,6.683003,164446.8578252163
E02006186,698669,378500,287500,3.74832,34412.85984679232
E02006186,698670,379500,287500,3.891063,870010.2498153978
E02006186,698671,380500,287500,4.175078,1000000.0
E02006186,698672,381500,287500,4.339086,1000000.0
E02006186,698673,382500,287500,4.602052,1000000.0
E02006186,698674,383500,287500,4.635464,739739.3361657835
E02006186,698675,384500,287500,4.944145,157136.25592074273
E02006186,699360,379500,286500,3.826521,161560.72442759247
E02006186,699361,380500,286500,4.038548,989546.5664217157
E02006186,699362,381500,286500,4.310349,1000000.0
E02006186,699363,382500,286500,4.677101,1000000.0
E02006186,699364,383500,286500,4.973906,651581.4621796187
E02006186,700051,380500,285500,4.012134,780958.0769336789
E02006186,700052,381500,285500,4.219305,956481.3110452167
E02006186,700053,382500,285500,4.532749,830689.7373159134
E02006186,700054,383500,285500,4.967704,587658.2627704518
E02006186,700741,380500,284500,4.041312,63529.121013653734
E02006186,700742,381500,284500,4.257086,642.5512988123451
E02006187,697297,386500,289500,7.348646,110336.04297770544
E02006187,697298,387500,289500,7.667381,196887.81827674044
E02006187,697984,383500,288500,4.626127,1280.401862722583
E02006187,697985,384500,288500,4.956669,198213.16632021885
E02006187,697986,385500,288500,5.493723,567602.9473089601
E02006187,697987,386500,288500,6.683003,835553.1421747837
E02006187,697988,387500,288500,7.561876,571175.7816420424
E02006187,698674,383500,287500,4.635464,260260.66383421654
E02006187,698675,384500,287500,4.944145,842863.7440792572
E02006187,698676,385500,287500,5.493935,1000000.0
E02006187,698677,386500,287500,6.816454,1000000.0
E02006187,698678,387500,287500,7.298312,967124.9402180399
E02006187,698679,388500,287500,8.35085,3996.3200225425267
E02006187,699364,383500,286500,4.973906,348418.53782038135
E02006187,699365,384500,286500,4.959998,1000000.0
E02006187,699366,385500,286500,5.556031,1000000.0
E02006187,699367,386500,286500,6.967648,1000000.0
E02006187,699368,387500,286500,7.132709,999797.5534204658
E02006187,699369,388500,286500,8.06364,209539.54378411866
E02006187,700052,381500,285500,4.219305,43518.68895478329
E02006187,700053,382500,285500,4.532749,169310.2626840867
E02006187,700054,383500,285500,4.967704,412341.73722954816
E02006187,700055,384500,285500,5.158346,1000000.0
E02006187,700056,385500,285500,5.827793,1000000.0
E02006187,700057,386500,285500,7.38242,1000000.0
E02006187,700058,387500,285500,7.140584,1000000.0
E02006187,700059,388500,285500,8.099311,492297.45180933014
E02006187,700741,380500,284500,4.041312,483795.8466875862
E02006187,700742,381500,284500,4.257086,999357.4487011876
E02006187,700743,382500,284500,4.607107,1000000.0
E02006187,700744,383500,284500,5.122709,1000000.0
E02006187,700745,384500,284500,5.408423,1000000.0
E02006187,700746,385500,284500,6.396868,1000000.0
E02006187,700747,386500,284500,7.130255,1000000.0
E02006187,700748,387500,284500,6.830096,1000000.0
E02006187,700749,388500,284500,8.063055,196996.34949600606
E02006187,701431,380500,283500,4.022402,611613.8811230271
E02006187,701432,381500,283500,4.260588,1000000.0
E02006187,701433,382500,283500,4.592406,1000000.0
E02006187,701434,383500,283500,5.062891,1000000.0
E02006187,701435,384500,283500,5.912316,1000000.0
E02006187,701436,385500,283500,6.384789,1000000.0
E02006187,701437,386500,283500,6.271685,1000000.0
E02006187,701438,387500,283500,7.456733,1000000.0
E02006187,701439,388500,283500,7.439051,248780.82353465157
E02006187,702121,380500,282500,4.010969,36139.77291909548
E02006187,702122,381500,282500,4.254978,461057.2733163185
E02006187,702123,382500,282500,4.595816,719807.4889345407
E02006187,702124,383500,282500,5.000765,848547.4032463554
E02006187,702125,384500,282500,5.277168,996225.382015607
E02006187,702126,385500,282500,6.384276,1000000.0
E02006187,702127,386500,282500,6.012057,1000000.0
E02006187,702128,387500,282500,6.107291,1000000.0
E02006187,702129,388500,282500,6.664421,483664.7986509016
E02006187,702815,384500,281500,5.476038,38746.4212325978
E02006187,702816,385500,281500,6.39408,353684.5867765125
E02006187,702817,386500,281500,5.854285,894953.8649195941
E02006187,702818,387500,281500,5.893782,1000000.0
E02006187,702819,388500,281500,6.374117,827170.5564611474
E02006187,703507,386500,280500,5.847174,84936.84906011907
E02006187,703508,387500,280500,5.982267,184982.92079489355
E02006187,703509,388500,280500,5.994285,249792.8573684058
E02006189,660725,384500,342500,9.90307,36329.24673597574
E02006189,660726,385500,342500,8.692967,459021.3062612391
E02006189,660727,386500,342500,9.826083,7382.874858087705
E02006189,660731,390500,342500,8.605956,10719.544860061542
E02006189,661414,383500,341500,6.054404,222825.30793949027
E02006189,661415,384500,341500,7.991862,856523.1445554238
E02006189,661416,385500,341500,8.460289,1000000.0
E02006189,661417,386500,341500,8.112883,361245.1862816238
E02006189,661420,389500,341500,8.442675,32864.09471924711
E02006189,661421,390500,341500,7.346643,882174.5479889055
E02006189,661422,391500,341500,6.853532,294758.27624823176
E02006189,662102,381500,340500,5.155688,92535.34975304679
E02006189,662103,382500,340500,5.214447,817840.0315453933
E02006189,662104,383500,340500,5.470253,966537.3039683489
E02006189,662105,384500,340500,6.08682,1000000.0
E02006189,662106,385500,340500,8.61638,1000000.0
E02006189,662107,386500,340500,7.057223,972694.3941398511
E02006189,662108,387500,340500,7.650759,25013.594937615617
E02006189,662110,389500,340500,7.228719,468203.38061166496
E02006189,662111,390500,340500,6.574926,998001.4477856006
E02006189,662112,391500,340500,6.230846,659042.0265996446
E02006189,662792,381500,339500,5.204411,446288.11609821755
E02006189,662793,382500,339500,5.113868,1000000.0
E02006189,662794,383500,339500,5.222247,1000000.0
E02006189,662795,384500,339500,5.698368,1000000.0
E02006189,662796,385500,339500,8.291013,1000000.0
E02006189,662797,386500,339500,6.474282,1000000.0
E02006189,662798,387500,339500,8.530445,313327.55181167106
E02006189,662799,388500,339500,9.200975,373507.6564494269
E02006189,662800,389500,339500,6.8362,909834.883137879
E02006189,662801,390500,339500,6.106343,1000000.0
E02006189,662802,391500,339500,5.842223,975757.1890025407
E02006189,662803,392500,339500,5.918998,59067.55063342693
E02006189,663482,381500,338500,5.10664,313773.52163641824
E02006189,663483,382500,338500,4.986292,1000000.0
E02006189,663484,383500,338500,5.04849,1000000.0
E02006189,663485,384500,338500,5.493292,1000000.0
E02006189,663486,385500,338500,8.02289,1000000.0
E02006189,663487,386500,338500,6.386814,1000000.0
E02006189,663488,387500,338500,6.85923,970747.086102301
E02006189,663489,388500,338500,7.185938,977009.2214233287
E02006189,663490,389500,338500,6.265075,1000000.0
E02006189,663491,390500,338500,5.778514,1000000.0
E02006189,663492,391500,338500,5.682632,1000000.0
E02006189,663493,392500,338500,5.519938,811723.4098667426
E02006189,663494,393500,338500,5.371287,434250.02795855765
E02006189,664172,381500,337500,4.676287,1082.5618151011115
E02006189,664173,382500,337500,5.07864,753175.619615669
E02006189,664174,383500,337500,4.974831,1000000.0
E02006189,664175,384500,337500,5.406878,1000000.0
E02006189,664176,385500,337500,7.697143,1000000.0
E02006189,664177,386500,337500,6.260846,1000000.0
E02006189,664178,387500,337500,6.483598,1000000.0
E02006189,664179,388500,337500,6.701599,1000000.0
E02006189,664180,389500,337500,6.009059,1000000.0
E02006189,664181,390500,337500,5.707918,1000000.0
E02006189,664182,391500,337500,5.625366,1000000.0
E02006189,664183,392500,337500,5.383892,1000000.0
E02006189,664184,393500,337500,5.203572,951995.2062813275
E02006189,664185,394500,337500,5.035334,99962.89537466172
E02006189,664863,382500,336500,4.953833,477918.2628809297
E02006189,664864,383500,336500,4.945134,669300.1954902967
E02006189,664865,384500,336500,5.200998,1000000.0
E02006189,664866,385500,336500,6.257728,1000000.0
E02006189,664867,386500,336500,7.497428,1000000.0
E02006189,664868,387500,336500,6.07084,1000000.0
E02006189,664869,388500,336500,6.263178,1000000.0
E02006189,664870,389500,336500,6.533495,1000000.0
E02006189,664871,390500,336500,5.854101,1000000.0
E02006189,664872,391500,336500,5.665013,1000000.0
E02006189,664873,392500,336500,5.370344,1000000.0
E02006189,664874,393500,336500,5.137047,1000000.0
E02006189,664875,394500,336500,4.933527,609985.8149745258
E02006189,665554,383500,335500,4.829225,15.03513110618635
E02006189,665555,384500,335500,4.921321,630716.5082306678
E02006189,665556,385500,335500,5.422145,1000000.0
E02006189,665557,386500,335500,7.798576,1000000.0
E02006189,665558,387500,335500,6.345042,1000000.0
E02006189,665559,388500,335500,6.525517,999692.8149148485
E02006189,665560,389500,335500,6.830553,722549.1907372233
E02006189,665561,390500,335500,6.217594,911822.2869479281
E02006189,665562,391500,335500,5.87582,984636.7134680544
E02006189,665563,392500,335500,5.369435,1000000.0
E02006189,665564,393500,335500,5.052652,933441.9112460584
E02006189,665565,394500,335500,4.880077,302575.02206281066
E02006189,666245,384500,334500,4.811254,95106.01186180467
E02006189,666246,385500,334500,6.083004,879749.0450367549
E02006189,666247,386500,334500,5.536018,706097.2657532322
E02006189,666248,387500,334500,7.767314,918578.2319978538
E02006189,666249,388500,334500,6.26397,997214.9587183889
E02006189,666250,389500,334500,8.561122,118162.00312959772
E02006189,666251,390500,334500,7.207616,10590.678982527419
E02006189,666252,391500,334500,6.050982,47934.09519710997
E02006189,666253,392500,334500,5.392251,486645.6158439748
E02006189,666254,393500,334500,5.063218,219384.38224287613
E02006189,666936,385500,333500,4.896705,36247.05906337216
E02006189,666938,387500,333500,7.891853,410569.55821332237
E02006189,666939,388500,333500,6.26218,783911.8016469523
E02006189,666940,389500,333500,7.134923,149579.29093170573
E02006189,667629,388500,332500,8.147361,5.210133075791248
E02006190,665559,388500,335500,6.525517,307.185085151558
E02006190,665560,389500,335500,6.830553,277450.80926277675
E02006190,665561,390500,335500,6.217594,88177.71305207195
E02006190,665562,391500,335500,5.87582,15363.286531945589
E02006190,666249,388500,334500,6.26397,2785.041281611054
E02006190,666250,389500,334500,8.561122,881837.9968704022
E02006190,666251,390500,334500,7.207616,989409.3210174725
E02006190,666252,391500,334500,6.050982,674554.1795772156
E02006190,666939,388500,333500,6.26218,7938.047122773783
E02006190,666940,389500,333500,7.134923,846457.5978221686
E02006190,666941,390500,333500,8.319128,886927.6288651705
E02006190,666942,391500,333500,6.630224,421580.63157222397
E02006190,667630,389500,332500,6.674762,327170.6016001375
E02006190,667631,390500,332500,8.782991,98759.00461942061
E02006190,667632,391500,332500,7.409271,5832.125659719972
E02006191,664875,394500,336500,4.933527,290113.04165515787
E02006191,664876,395500,336500,4.787508,346272.4845875893
E02006191,664877,396500,336500,4.660154,630.7807162340914
E02006191,665564,393500,335500,5.052652,66558.08875394151
E02006191,665565,394500,335500,4.880077,697424.9779371894
E02006191,665566,395500,335500,4.744206,1000000.0
E02006191,665567,396500,335500,4.647757,775502.1660584961
E02006191,665568,397500,335500,4.537543,375887.1787787579
E02006191,665569,398500,335500,4.425434,3735.7876496096073
E02006191,666252,391500,334500,6.050982,277511.72522567445
E02006191,666253,392500,334500,5.392251,513354.3841560252
E02006191,666254,393500,334500,5.063218,780615.6177571239
E02006191,666255,394500,334500,4.927556,1000000.0
E02006191,666256,395500,334500,4.705983,1000000.0
E02006191,666257,396500,334500,4.587186,1000000.0
E02006191,666258,397500,334500,4.495747,1000000.0
E02006191,666259,398500,334500,4.380235,737245.439801069
E02006191,666260,399500,334500,4.24336,52949.439442792354
E02006191,666939,388500,333500,6.26218,202944.71893953093
E02006191,666940,389500,333500,7.134923,3963.111246125606
E02006191,666941,390500,333500,8.319128,113072.3711348294
E02006191,666942,391500,333500,6.630224,578419.3684277761
E02006191,666943,392500,333500,5.502362,1000000.0
E02006191,666944,393500,333500,5.105548,1000000.0
E02006191,666945,394500,333500,4.881314,1000000.0
E02006191,666946,395500,333500,4.695028,1000000.0
E02006191,666947,396500,333500,4.525627,1000000.0
E02006191,666948,397500,333500,4.483245,1000000.0
E02006191,666949,398500,333500,4.400153,995380.2161466356
E02006191,666950,399500,333500,4.262216,547236.3167445256
E02006191,666951,400500,333500,4.223752,4476.301081622077
E02006191,666952,401500,333500,4.20931,2300.1677705909615
E02006191,667629,388500,332500,8.147361,574787.156639341
E02006191,667630,389500,332500,6.674762,672829.3983998626
E02006191,667631,390500,332500,8.782991,901240.9953805794
E02006191,667632,391500,332500,7.409271,994167.87434028
E02006191,667633,392500,332500,5.608469,1000000.0
E02006191,667634,393500,332500,5.065236,1000000.0
E02006191,667635,394500,332500,4.832383,1000000.0
E02006191,667636,395500,332500,4.681902,1000000.0
E02006191,667637,396500,332500,4.566376,1000000.0
E02006191,667638,397500,332500,4.534825,1000000.0
E02006191,667639,398500,332500,4.431445,1000000.0
E02006191,667640,399500,332500,4.318326,1000000.0
E02006191,667641,400500,332500,4.286358,724838.2442672509
E02006191,667642,401500,332500,4.147917,441.0911579644393
E02006191,668319,388500,331500,7.448489,136825.06739252867
E02006191,668320,389500,331500,5.988682,1000000.0
E02006191,668321,390500,331500,5.828463,1000000.0
E02006191,668322,391500,331500,6.304478,1000000.0
E02006191,668323,392500,331500,6.037526,1000000.0
E02006191,668324,393500,331500,5.177505,1000000.0
E02006191,668325,394500,331500,4.950842,1000000.0
E02006191,668326,395500,331500,4.680694,1000000.0
E02006191,668327,396500,331500,4.526759,1000000.0
E02006191,668328,397500,331500,4.463466,1000000.0
E02006191,668329,398500,331500,4.381823,1000000.0
E02006191,668330,399500,331500,4.305405,1000000.0
E02006191,668331,400500,331500,4.256317,717239.1454844734
E02006191,669009,388500,330500,6.610366,52142.385778947406
E02006191,669010,389500,330500,6.094576,745614.5525586306
E02006191,669011,390500,330500,5.546326,951749.0968353662
E02006191,669012,391500,330500,5.656594,1000000.0
E02006191,669013,392500,330500,5.505555,935353.7732870354
E02006191,669014,393500,330500,5.701155,999373.3270481651
E02006191,669015,394500,330500,5.123959,1000000.0
E02006191,669016,395500,330500,4.781783,1000000.0
E02006191,669017,396500,330500,4.580233,985110.9796252559
E02006191,669018,397500,330500,4.449585,375371.60944065795
E02006191,669019,398500,330500,4.380861,599225.8079656566
E02006191,669020,399500,330500,4.311762,974674.9605581972
E02006191,669021,400500,330500,4.267334,260268.75511273995
E02006191,669701,390500,329500,5.445721,181429.60074160082
E02006191,669702,391500,329500,5.548483,149454.11566446378
E02006191,669703,392500,329500,5.164169,1263.9869179981858
E02006191,669704,393500,329500,5.615922,406215.31878372503
E02006191,669705,394500,329500,5.68934,954487.6818660334
E02006191,669706,395500,329500,5.029617,1000000.0
E02006191,669707,396500,329500,4.762984,830030.5533783938
E02006191,669708,397500,329500,4.606114,6503.6470742926585
E02006191,669709,398500,329500,4.496003,108067.18181702284
E02006191,669710,399500,329500,4.412284,157818.4018471622
E02006191,670395,394500,328500,5.279879,56863.3948844575
E02006191,670396,395500,328500,5.90592,536348.9254066565
E02006191,670397,396500,328500,5.278212,902980.9936074158
E02006191,670398,397500,328500,4.887572,1725.974210969671
E02006191,671087,396500,327500,5.756598,13304.214806128603
E02006192,664169,378500,337500,4.147008,114132.47862052439
E02006192,664170,379500,337500,4.246947,109050.793923155
E02006192,664171,380500,337500,4.403094,50241.896116836375
E02006192,664858,377500,336500,4.007262,454202.40396191704
E02006192,664859,378500,336500,4.042317,999116.6671969813
E02006192,664860,379500,336500,4.190506,1000000.0
E02006192,664861,380500,336500,4.320098,867228.1384926286
E02006192,664862,381500,336500,4.458124,471280.03375093354
E02006192,664863,382500,336500,4.953833,228090.39941025944
E02006192,664864,383500,336500,4.945134,330699.80450970336
E02006192,665545,374500,335500,4.303385,82178.5955977651
E02006192,665546,375500,335500,4.180433,540180.034519112
E02006192,665547,376500,335500,3.889136,567915.1402726285
E02006192,665548,377500,335500,3.904416,994035.9770731996
E02006192,665549,378500,335500,3.97364,1000000.0
E02006192,665550,379500,335500,4.082448,1000000.0
E02006192,665551,380500,335500,4.22519,1000000.0
E02006192,665552,381500,335500,4.421606,1000000.0
E02006192,665553,382500,335500,4.848698,1000000.0
E02006192,665554,383500,335500,4.829225,999984.9648688938
E02006192,665555,384500,335500,4.921321,369283.4917693322
E02006192,666235,374500,334500,3.819444,526726.1062679936
E02006192,666236,375500,334500,4.066565,1000000.0
E02006192,666237,376500,334500,3.801401,1000000.0
E02006192,666238,377500,334500,3.882676,1000000.0
E02006192,666239,378500,334500,3.947904,1000000.0
E02006192,666240,379500,334500,4.051962,1000000.0
E02006192,666241,380500,334500,4.113597,1000000.0
E02006192,666242,381500,334500,4.269124,1000000.0
E02006192,666243,382500,334500,4.694835,1000000.0
E02006192,666244,383500,334500,4.716846,1000000.0
E02006192,666245,384500,334500,4.811254,904893.9881381954
E02006192,666246,385500,334500,6.083004,120250.95496324499
E02006192,666247,386500,334500,5.536018,293902.7342467679
E02006192,666248,387500,334500,7.767314,81421.76800214608
E02006192,666925,374500,333500,3.646313,575940.4044977798
E02006192,666926,375500,333500,3.848875,1000000.0
E02006192,666927,376500,333500,3.735725,1000000.0
E02006192,666928,377500,333500,3.825537,1000000.0
E02006192,666929,378500,333500,3.818571,1000000.0
E02006192,666930,379500,333500,3.890103,1000000.0
E02006192,666931,380500,333500,3.994585,1000000.0
E02006192,666932,381500,333500,4.102366,1000000.0
E02006192,666933,382500,333500,4.389205,1000000.0
E02006192,666934,383500,333500,4.757628,1000000.0
E02006192,666935,384500,333500,4.719099,1000000.0
E02006192,666936,385500,333500,4.896705,963752.9409366278
E02006192,666937,386500,333500,5.268747,1000000.0
E02006192,666938,387500,333500,7.891853,589430.4417866777
E02006192,666939,388500,333500,6.26218,5205.432290742996
E02006192,667615,374500,332500,3.587117,296121.33345925465
E02006192,667616,375500,332500,3.805644,1000000.0
E02006192,667617,376500,332500,3.639535,1000000.0
E02006192,667618,377500,332500,3.735325,1000000.0
E02006192,667619,378500,332500,3.847344,1000000.0
E02006192,667620,379500,332500,3.863007,1000000.0
E02006192,667621,380500,332500,3.933271,1000000.0
E02006192,667622,381500,332500,4.007772,1000000.0
E02006192,667623,382500,332500,4.239102,1000000.0
E02006192,667624,383500,332500,4.559603,1000000.0
E02006192,667625,384500,332500,4.79125,1000000.0
E02006192,667626,385500,332500,5.002521,1000000.0
E02006192,667627,386500,332500,5.060437,1000000.0
E02006192,667628,387500,332500,5.596167,1000000.0
E02006192,667629,388500,332500,8.147361,425207.6332275832
E02006192,668305,374500,331500,3.500869,499138.1427998194
E02006192,668306,375500,331500,3.663554,1000000.0
E02006192,668307,376500,331500,3.521016,1000000.0
E02006192,668308,377500,331500,3.633469,1000000.0
E02006192,668309,378500,331500,3.746436,1000000.0
E02006192,668310,379500,331500,3.805317,1000000.0
E02006192,668311,380500,331500,3.843271,1000000.0
E02006192,668312,381500,331500,3.923857,1000000.0
E02006192,668313,382500,331500,4.114851,1000000.0
E02006192,668314,383500,331500,4.467517,1000000.0
E02006192,668315,384500,331500,4.555924,1000000.0
E02006192,668316,385500,331500,4.729093,1000000.0
E02006192,668317,386500,331500,4.788029,1000000.0
E02006192,668318,387500,331500,5.205957,1000000.0
E02006192,668319,388500,331500,7.448489,863174.9326074714
E02006192,668995,374500,330500,3.473524,554532.1452669974
E02006192,668996,375500,330500,3.631332,1000000.0
E02006192,668997,376500,330500,3.488085,1000000.0
E02006192,668998,377500,330500,3.630507,1000000.0
E02006192,668999,378500,330500,3.666121,1000000.0
E02006192,669000,379500,330500,3.721311,1000000.0
E02006192,669001,380500,330500,3.855637,1000000.0
E02006192,669002,381500,330500,3.894032,1000000.0
E02006192,669003,382500,330500,4.059715,1000000.0
E02006192,669004,383500,330500,4.289964,1000000.0
E02006192,669005,384500,330500,4.239821,1000000.0
E02006192,669006,385500,330500,4.538399,1000000.0
E02006192,669007,386500,330500,4.984179,1000000.0
E02006192,669008,387500,330500,5.037739,1000000.0
E02006192,669009,388500,330500,6.610366,930677.7676721504
E02006192,669010,389500,330500,6.094576,9419.782675507096
E02006192,669684,373500,329500,3.550517,13415.208178584304
E02006192,669685,374500,329500,3.586909,885143.1175824292
E02006192,669686,375500,329500,3.69564,1000000.0
E02006192,669687,376500,329500,3.507285,1000000.0
E02006192,669688,377500,329500,3.61227,1000000.0
E02006192,669689,378500,329500,3.680095,1000000.0
E02006192,669690,379500,329500,3.715536,1000000.0
E02006192,669691,380500,329500,3.766415,1000000.0
E02006192,669692,381500,329500,3.885524,1000000.0
E02006192,669693,382500,329500,4.057695,1000000.0
E02006192,669694,383500,329500,4.334208,1000000.0
E02006192,669695,384500,329500,4.197663,1000000.0
E02006192,669696,385500,329500,4.255924,1000000.0
E02006192,669697,386500,329500,4.434667,1000000.0
E02006192,669698,387500,329500,5.114808,1000000.0
E02006192,669699,388500,329500,5.481867,878732.4366916514
E02006192,669700,389500,329500,6.958724,29478.66111086807
E02006192,670374,373500,328500,3.76828,155213.3964613898
E02006192,670375,374500,328500,3.761136,1000000.0
E02006192,670376,375500,328500,3.853259,1000000.0
E02006192,670377,376500,328500,3.900351,1000000.0
E02006192,670378,377500,328500,3.708545,1000000.0
E02006192,670379,378500,328500,3.699305,1000000.0
E02006192,670380,379500,328500,3.729866,1000000.0
E02006192,670381,380500,328500,3.765869,1000000.0
E02006192,670382,381500,328500,3.84393,1000000.0
E02006192,670383,382500,328500,4.048693,1000000.0
E02006192,670384,383500,328500,4.285457,1000000.0
E02006192,670385,384500,328500,4.143027,1000000.0
E02006192,670386,385500,328500,4.170858,1000000.0
E02006192,670387,386500,328500,4.325963,1000000.0
E02006192,670388,387500,328500,4.953967,651702.9858341774
E02006192,670389,388500,328500,5.041843,421572.66373035277
E02006192,671064,373500,327500,4.46706,372570.73263882863
E02006192,671065,374500,327500,4.218717,999373.4890865013
E02006192,671066,375500,327500,4.110727,792172.1087333581
E02006192,671067,376500,327500,4.149444,968319.4001373568
E02006192,671068,377500,327500,3.824895,834336.4862386526
E02006192,671069,378500,327500,3.73716,471615.53895391274
E02006192,671070,379500,327500,3.750315,946406.2905692569
E02006192,671071,380500,327500,3.773282,892371.436937087
E02006192,671072,381500,327500,3.794532,1000000.0
E02006192,671073,382500,327500,3.960349,970109.8558290957
E02006192,671074,383500,327500,3.869481,667645.0985862248
E02006192,671075,384500,327500,3.900245,738791.318658287
E02006192,671076,385500,327500,4.090463,1000000.0
E02006192,671077,386500,327500,4.276865,979059.2515996165
E02006192,671078,387500,327500,4.82585,64285.21605210286
E02006192,671079,388500,327500,5.211534,15921.421839295595
E02006192,671753,372500,326500,3.622494,228042.90470915518
E02006192,671754,373500,326500,3.748469,648095.9471971847
E02006192,671755,374500,326500,4.38186,817922.3713394143
E02006192,671757,376500,326500,4.834968,130342.43384686648
E02006192,671758,377500,326500,4.091784,76237.38890551192
E02006192,671760,379500,326500,3.888305,50.30978050934595
E02006192,671761,380500,326500,3.878201,19865.7763529669
E02006192,671762,381500,326500,3.884566,803448.8081325818
E02006192,671763,382500,326500,3.942478,71763.1704953868
E02006192,671765,384500,326500,3.892339,96123.81544233546
E02006192,671766,385500,326500,3.971637,398229.4994157385
E02006192,671767,386500,326500,4.175966,432648.56983898545
E02006192,671768,387500,326500,4.457014,31431.258247325102
E02006192,672443,372500,325500,3.672361,643991.9754888277
E02006192,672444,373500,325500,3.62588,1000000.0
E02006192,672445,374500,325500,3.763908,894653.8961671774
E02006192,672452,381500,325500,3.948053,10537.919665924717
E02006192,673133,372500,324500,3.609395,595.927779199172
E02006192,673134,373500,324500,3.673736,368344.0103184548
E02006192,673135,374500,324500,3.691609,911220.427716456
E02006192,673136,375500,324500,3.876555,302193.0877351818
E02006192,673825,374500,323500,3.743493,26828.748655930787
E02006193,669009,388500,330500,6.610366,17179.846548902242
E02006193,669010,389500,330500,6.094576,244965.66476586237
E02006193,669011,390500,330500,5.546326,48250.903164633746
E02006193,669013,392500,330500,5.505555,64646.22671296464
E02006193,669014,393500,330500,5.701155,626.67295183487
E02006193,669699,388500,329500,5.481867,121267.5633083486
E02006193,669700,389500,329500,6.958724,970521.338889132
E02006193,669701,390500,329500,5.445721,818570.3992583991
E02006193,669702,391500,329500,5.548483,850545.8843355363
E02006193,669703,392500,329500,5.164169,998736.0130820017
E02006193,669704,393500,329500,5.615922,593784.6812162751
E02006193,669705,394500,329500,5.68934,24788.817195663407
E02006193,670388,387500,328500,4.953967,348297.0141658226
E02006193,670389,388500,328500,5.041843,578427.3362696472
E02006193,670390,389500,328500,7.314547,1000000.0
E02006193,670391,390500,328500,5.731356,1000000.0
E02006193,670392,391500,328500,5.490125,1000000.0
E02006193,670393,392500,328500,5.089725,1000000.0
E02006193,670394,393500,328500,5.074221,525106.5731950456
E02006193,670395,394500,328500,5.279879,2540.241317934322
E02006193,671077,386500,327500,4.276865,20940.748400383574
E02006193,671078,387500,327500,4.82585,935714.7839478973
E02006193,671079,388500,327500,5.211534,984078.5781607043
E02006193,671080,389500,327500,7.431487,909121.384021936
E02006193,671081,390500,327500,6.289699,1000000.0
E02006193,671082,391500,327500,5.642578,1000000.0
E02006193,671083,392500,327500,5.326929,755779.7156179677
E02006193,671084,393500,327500,5.154395,42240.5947510188
E02006193,671767,386500,326500,4.175966,7341.607817575556
E02006193,671768,387500,326500,4.457014,674302.8077972856
E02006193,671769,388500,326500,5.451849,660118.041820862
E02006193,671770,389500,326500,6.51056,695840.2467445458
E02006193,671771,390500,326500,9.654781,1000000.0
E02006193,671772,391500,326500,7.114888,998965.064106149
E02006193,671773,392500,326500,5.832788,182226.61368802836
E02006193,672460,389500,325500,5.989652,509247.84298173944
E02006193,672461,390500,325500,9.311327,865613.4639043303
E02006193,672462,391500,325500,6.955776,451626.706955837
E02006193,672463,392500,325500,7.181885,912175.8000587089
E02006193,672464,393500,325500,7.041593,8629.544245204288
E02006193,673150,389500,324500,7.630509,25553.808126258948
E02006193,673151,390500,324500,6.440219,111953.7552087912
E02006193,673152,391500,324500,7.12379,42973.798417977945
E02006193,673153,392500,324500,7.488109,203539.329079338
E02006193,673154,393500,324500,8.797335,46699.09611601115
E02006194,672460,389500,325500,5.989652,74.1229868167433
E02006194,672461,390500,325500,9.311327,134386.5360956698
E02006194,672462,391500,325500,6.955776,548373.2930441628
E02006194,673150,389500,324500,7.630509,286280.7893488796
E02006194,673151,390500,324500,6.440219,888046.2447912089
E02006194,673152,391500,324500,7.12379,668323.0730616836
E02006194,673840,389500,323500,7.357954,244053.24184956553
E02006194,673841,390500,323500,6.31056,674528.0821924753
E02006194,673842,391500,323500,7.970936,361181.64393893647
E02006195,666952,401500,333500,4.20931,5144.262885079929
E02006195,667641,400500,332500,4.286358,170790.90123769437
E02006195,667642,401500,332500,4.147917,707200.7525661202
E02006195,667643,402500,332500,4.085364,6800.53178977044
E02006195,668331,400500,331500,4.256317,282760.8545155265
E02006195,668332,401500,331500,4.154848,1000000.0
E02006195,668333,402500,331500,4.123143,149462.7894731906
E02006195,669017,396500,330500,4.580233,14889.020374744137
E02006195,669018,397500,330500,4.449585,624628.390559342
E02006195,669019,398500,330500,4.380861,400774.1920343434
E02006195,669020,399500,330500,4.311762,25325.039441802764
E02006195,669021,400500,330500,4.267334,739731.24488726
E02006195,669022,401500,330500,4.191075,1000000.0
E02006195,669023,402500,330500,4.1406,598993.0687414232
E02006195,669024,403500,330500,4.086803,229258.54363107146
E02006195,669025,404500,330500,4.115441,114638.42698769065
E02006195,669705,394500,329500,5.68934,20723.500938303263
E02006195,669707,396500,329500,4.762984,169969.44662160624
E02006195,669708,397500,329500,4.606114,993496.3529257074
E02006195,669709,398500,329500,4.496003,891932.8181829771
E02006195,669710,399500,329500,4.412284,842181.5981528378
E02006195,669711,400500,329500,4.381598,1000000.0
E02006195,669712,401500,329500,4.294259,1000000.0
E02006195,669713,402500,329500,4.240092,1000000.0
E02006195,669714,403500,329500,4.268128,1000000.0
E02006195,669715,404500,329500,3.982684,405746.00429169415
E02006195,670394,393500,328500,5.074221,474893.4268049544
E02006195,670395,394500,328500,5.279879,940596.3637976081
E02006195,670396,395500,328500,5.90592,463651.0745933435
E02006195,670397,396500,328500,5.278212,97019.00639258412
E02006195,670398,397500,328500,4.887572,998274.0257890304
E02006195,670399,398500,328500,4.715891,1000000.0
E02006195,670400,399500,328500,4.553092,1000000.0
E02006195,670401,400500,328500,4.603515,1000000.0
E02006195,670402,401500,328500,4.487007,1000000.0
E02006195,670403,402500,328500,4.217731,1000000.0
E02006195,670404,403500,328500,4.060447,1000000.0
E02006195,670405,404500,328500,4.001082,387335.86420579563
E02006195,671083,392500,327500,5.326929,19026.940004456257
E02006195,671084,393500,327500,5.154395,659923.9250418863
E02006195,671085,394500,327500,5.141734,991868.5744290116
E02006195,671086,395500,327500,5.12222,1000000.0
E02006195,671087,396500,327500,5.756598,986695.7851938715
E02006195,671088,397500,327500,5.798669,1000000.0
E02006195,671089,398500,327500,5.046147,1000000.0
E02006195,671090,399500,327500,4.92866,1000000.0
E02006195,671091,400500,327500,4.738378,1000000.0
E02006195,671092,401500,327500,4.38212,1000000.0
E02006195,671093,402500,327500,4.186707,1000000.0
E02006195,671094,403500,327500,4.072417,663579.3511031932
E02006195,671095,404500,327500,3.999416,62761.26416505163
E02006195,671775,394500,326500,5.407383,167364.9738866579
E02006195,671776,395500,326500,5.197699,378114.2539229802
E02006195,671777,396500,326500,5.2836,550692.2920556708
E02006195,671778,397500,326500,5.886698,806006.1976447856
E02006195,671779,398500,326500,5.268737,1000000.0
E02006195,671780,399500,326500,6.202504,1000000.0
E02006195,671781,400500,326500,4.899058,1000000.0
E02006195,671782,401500,326500,4.466046,1000000.0
E02006195,671783,402500,326500,4.290034,1000000.0
E02006195,671784,403500,326500,4.118836,346064.81704669376
E02006195,672468,397500,325500,5.115277,52551.81243500866
E02006195,672469,398500,325500,5.89618,643032.7971815862
E02006195,672470,399500,325500,6.225349,999982.176059128
E02006195,672471,400500,325500,5.030077,1000000.0
E02006195,672472,401500,325500,4.526771,1000000.0
E02006195,672473,402500,325500,4.317376,644611.0595422884
E02006195,672474,403500,325500,4.222501,8636.732146005848
E02006195,673159,398500,324500,5.183499,1865.8302003676638
E02006195,673160,399500,324500,6.104337,676730.0936373412
E02006195,673161,400500,324500,5.135703,1000000.0
E02006195,673162,401500,324500,4.697751,1000000.0
E02006195,673163,402500,324500,4.44109,678728.466882735
E02006195,673849,398500,323500,5.554252,2934.924107574941
E02006195,673850,399500,323500,6.122195,718422.8899087963
E02006195,673851,400500,323500,5.514105,1000000.0
E02006195,673852,401500,323500,4.923422,1000000.0
E02006195,673853,402500,323500,4.670739,999501.7431692887
E02006195,673854,403500,323500,4.571995,290016.6484655754
E02006195,674539,398500,322500,6.132938,122303.19215528632
E02006195,674540,399500,322500,6.596346,941999.0999695533
E02006195,674541,400500,322500,5.909037,1000000.0
E02006195,674542,401500,322500,5.251812,1000000.0
E02006195,674543,402500,322500,4.986248,996474.9385977595
E02006195,674544,403500,322500,4.832869,230813.15276515525
E02006195,675228,397500,321500,6.552044,38563.44162694921
E02006195,675229,398500,321500,5.764938,945331.7821187926
E02006195,675230,399500,321500,6.033044,1000000.0
E02006195,675231,400500,321500,6.642868,1000000.0
E02006195,675232,401500,321500,6.130091,1000000.0
E02006195,675233,402500,321500,5.602764,1000000.0
E02006195,675234,403500,321500,5.33172,556964.4498892325
E02006195,675919,398500,320500,5.223482,503637.62261792546
E02006195,675920,399500,320500,5.167515,1000000.0
E02006195,675921,400500,320500,5.39252,1000000.0
E02006195,675922,401500,320500,6.288254,1000000.0
E02006195,675923,402500,320500,6.574975,1000000.0
E02006195,675924,403500,320500,6.591152,544994.8444503633
E02006195,676609,398500,319500,4.963245,197299.1524363067
E02006195,676610,399500,319500,4.924467,1000000.0
E02006195,676611,400500,319500,4.99763,1000000.0
E02006195,676612,401500,319500,5.16235,1000000.0
E02006195,676613,402500,319500,5.475175,997574.2408114423
E02006195,676614,403500,319500,6.79634,517059.5627529044
E02006195,677299,398500,318500,4.968169,289251.0998848023
E02006195,677300,399500,318500,4.948565,915177.1175219424
E02006195,677301,400500,318500,4.982326,613108.5976932574
E02006195,677302,401500,318500,5.10765,701518.2839754516
E02006195,677303,402500,318500,5.688687,240482.8749995084
E02006195,677989,398500,317500,5.067228,7615.496009374828
E02006195,677990,399500,317500,5.045406,113.9632017353376
E02006196,673153,392500,324500,7.488109,161377.10765711212
E02006196,673154,393500,324500,8.797335,238063.37986711558
E02006196,673843,392500,323500,9.360721,485318.51343047235
E02006196,673844,393500,323500,8.812818,545495.5642546157
E02006196,674533,392500,322500,8.707059,4927.1793188272095
E02006196,674534,393500,322500,7.696938,73649.1644349483
E02006197,672463,392500,325500,7.181885,21594.317368276068
E02006197,673152,391500,324500,7.12379,288703.1285203384
E02006197,673153,392500,324500,7.488109,635083.5632635499
E02006197,673154,393500,324500,8.797335,161731.55767156248
E02006197,673842,391500,323500,7.970936,457968.98205189145
E02006197,673843,392500,323500,9.360721,514681.48656952765
E02006197,674532,391500,322500,7.212438,36646.84390420836
E02006197,674533,392500,322500,8.707059,818922.47036541
E02006197,674534,393500,322500,7.696938,174248.60368727747
E02006197,675223,392500,321500,7.433141,4995.396976954395
E02006198,671083,392500,327500,5.326929,225193.34437757614
E02006198,671084,393500,327500,5.154395,297835.4802070948
E02006198,671085,394500,327500,5.141734,8131.425570988419
E02006198,671772,391500,326500,7.114888,1034.935893851045
E02006198,671773,392500,326500,5.832788,817773.3863119717
E02006198,671774,393500,326500,5.48674,1000000.0
E02006198,671775,394500,326500,5.407383,832635.026113342
E02006198,671776,395500,326500,5.197699,621885.7460770197
E02006198,671777,396500,326500,5.2836,449307.7079443293
E02006198,671778,397500,326500,5.886698,193993.80235521437
E02006198,672463,392500,325500,7.181885,66229.88257301501
E02006198,672464,393500,325500,7.041593,991370.4557547957
E02006198,672465,394500,325500,5.936384,1000000.0
E02006198,672466,395500,325500,5.637217,1000000.0
E02006198,672467,396500,325500,5.138223,1000000.0
E02006198,672468,397500,325500,5.115277,947448.1875649913
E02006198,672469,398500,325500,5.89618,356967.20281841385
E02006198,672470,399500,325500,6.225349,17.82394087201219
E02006198,673154,393500,324500,8.797335,553505.9663453108
E02006198,673155,394500,324500,7.065264,1000000.0
E02006198,673156,395500,324500,5.936221,1000000.0
E02006198,673157,396500,324500,5.319147,1000000.0
E02006198,673158,397500,324500,5.089536,1000000.0
E02006198,673159,398500,324500,5.183499,998134.1697996324
E02006198,673160,399500,324500,6.104337,323269.9063626587
E02006198,673844,393500,323500,8.812818,454504.43574538437
E02006198,673845,394500,323500,7.240108,1000000.0
E02006198,673846,395500,323500,6.154607,1000000.0
E02006198,673847,396500,323500,5.594413,1000000.0
E02006198,673848,397500,323500,5.372026,1000000.0
E02006198,673849,398500,323500,5.554252,997065.0758924251
E02006198,673850,399500,323500,6.122195,281577.11009120377
E02006198,674533,392500,322500,8.707059,9731.772961343859
E02006198,674534,393500,322500,7.696938,713863.2818568506
E02006198,674535,394500,322500,7.736258,609115.6595536466
E02006198,674536,395500,322500,6.944316,740882.6518732948
E02006198,674537,396500,322500,6.183036,1000000.0
E02006198,674538,397500,322500,5.876679,1000000.0
E02006198,674539,398500,322500,6.132938,877696.8078447137
E02006198,674540,399500,322500,6.596346,58000.9000304468
E02006198,675223,392500,321500,7.433141,48.93362303417433
E02006198,675224,393500,321500,7.485199,212405.62042760797
E02006198,675225,394500,321500,7.343195,10.686685816987048
E02006198,675226,395500,321500,6.819178,13335.815764151412
E02006198,675227,396500,321500,6.823413,606176.7148550311
E02006198,675228,397500,321500,6.552044,961436.5583730509
E02006198,675229,398500,321500,5.764938,54668.21788120728
E02006198,675917,396500,320500,5.564783,180167.18940431
E02006198,675918,397500,320500,5.390559,862275.6525024739
E02006198,675919,398500,320500,5.223482,378726.8918018743
E02006198,676608,397500,319500,5.172024,19308.979271070883
E02006199,671073,382500,327500,3.960349,29890.144170904296
E02006199,671074,383500,327500,3.869481,332354.9014137753
E02006199,671075,384500,327500,3.900245,261208.6813417129
E02006199,671080,389500,327500,7.431487,90878.61597806406
E02006199,671762,381500,326500,3.884566,5409.96002262442
E02006199,671763,382500,326500,3.942478,928236.8295046133
E02006199,671764,383500,326500,3.832445,1000000.0
E02006199,671765,384500,326500,3.892339,903876.1845576646
E02006199,671766,385500,326500,3.971637,601770.5005842616
E02006199,671767,386500,326500,4.175966,560009.822343439
E02006199,671768,387500,326500,4.457014,294265.9339553893
E02006199,671769,388500,326500,5.451849,339881.958179138
E02006199,671770,389500,326500,6.51056,304159.7532554541
E02006199,672452,381500,325500,3.948053,36990.96145271331
E02006199,672453,382500,325500,3.809513,935881.2846472387
E02006199,672454,383500,325500,3.829469,1000000.0
E02006199,672455,384500,325500,3.871087,1000000.0
E02006199,672456,385500,325500,3.990118,1000000.0
E02006199,672457,386500,325500,4.200494,1000000.0
E02006199,672458,387500,325500,4.291425,1000000.0
E02006199,672459,388500,325500,4.744174,1000000.0
E02006199,672460,389500,325500,5.989652,490678.03403144376
E02006199,673143,382500,324500,3.94151,506711.91351860075
E02006199,673144,383500,324500,4.208331,1000000.0
E02006199,673145,384500,324500,3.939116,1000000.0
E02006199,673146,385500,324500,4.006947,1000000.0
E02006199,673147,386500,324500,4.034708,1000000.0
E02006199,673148,387500,324500,4.225509,1000000.0
E02006199,673149,388500,324500,4.696725,1000000.0
E02006199,673150,389500,324500,7.630509,688165.4025248614
E02006199,673833,382500,323500,3.975974,13586.629680191894
E02006199,673834,383500,323500,3.954565,905041.1535247394
E02006199,673835,384500,323500,3.95135,1000000.0
E02006199,673836,385500,323500,4.035933,1000000.0
E02006199,673837,386500,323500,4.077864,1000000.0
E02006199,673838,387500,323500,4.251812,1000000.0
E02006199,673839,388500,323500,4.710647,1000000.0
E02006199,673840,389500,323500,7.357954,755946.7581504345
E02006199,673841,390500,323500,6.31056,325471.91780752485
E02006199,673842,391500,323500,7.970936,180849.37400917214
E02006199,674524,383500,322500,4.115413,224789.45325899907
E02006199,674525,384500,322500,4.019484,654066.1058887716
E02006199,674526,385500,322500,4.063495,699138.7234260367
E02006199,674527,386500,322500,4.127156,721765.5725068883
E02006199,674528,387500,322500,4.268589,741883.791965794
E02006199,674529,388500,322500,4.828568,1000000.0
E02006199,674530,389500,322500,7.258805,1000000.0
E02006199,674531,390500,322500,6.332919,997938.5164284722
E02006199,674532,391500,322500,7.212438,946533.5252089296
E02006199,674533,392500,322500,8.707059,143155.62188898475
E02006199,675218,387500,321500,4.310428,228568.69224210852
E02006199,675219,388500,321500,5.142983,632822.3478933844
E02006199,675220,389500,321500,5.796629,968935.9450371001
E02006199,675221,390500,321500,7.914184,624210.3826674775
E02006199,675222,391500,321500,6.810642,349420.55763436167
E02006199,675223,392500,321500,7.433141,229359.95211749763
E02006199,675910,389500,320500,4.867458,632119.1562297405
E02006199,675911,390500,320500,5.474709,507267.2006532051
E02006199,675912,391500,320500,8.449425,665566.0460028545
E02006199,675913,392500,320500,7.663859,11177.737658996117
E02006199,676600,389500,319500,4.646725,65567.32713458332
E02006199,676601,390500,319500,5.005116,4.347255984970419
E02006199,676602,391500,319500,5.671438,344453.29660848924
E02006199,676603,392500,319500,8.368636,233296.4847180527
E02006200,674531,390500,322500,6.332919,2061.483571527749
E02006200,674532,391500,322500,7.212438,16819.630886861985
E02006200,675221,390500,321500,7.914184,375789.6173325226
E02006200,675222,391500,321500,6.810642,650579.4423656384
E02006200,675223,392500,321500,7.433141,292119.09425641573
E02006200,675911,390500,320500,5.474709,160.4322948477266
E02006200,675912,391500,320500,8.449425,320211.67839734856
E02006200,675913,392500,320500,7.663859,81652.19315093655
E02006201,674534,393500,322500,7.696938,11621.156304102758
E02006201,674535,394500,322500,7.736258,390884.34044635337
E02006201,674536,395500,322500,6.944316,259117.3481267051
E02006201,675224,393500,321500,7.485199,234749.24800859892
E02006201,675225,394500,321500,7.343195,999989.3133141831
E02006201,675226,395500,321500,6.819178,986664.1842358486
E02006201,675227,396500,321500,6.823413,393823.2851449688
E02006201,675914,393500,320500,6.59837,202306.66273355467
E02006201,675915,394500,320500,6.801156,721851.0266596681
E02006201,675916,395500,320500,6.086391,987886.5058700389
E02006201,675917,396500,320500,5.564783,819832.81059569
E02006201,675918,397500,320500,5.390559,137724.3474975263
E02006201,675919,398500,320500,5.223482,117635.48558020024
E02006201,676606,395500,319500,5.715479,611530.8573841777
E02006201,676607,396500,319500,5.462351,1000000.0
E02006201,676608,397500,319500,5.172024,980691.0207289291
E02006201,676609,398500,319500,4.963245,802700.8475636933
E02006201,677295,394500,318500,6.1291,1580.4914339158274
E02006201,677296,395500,318500,5.529401,279071.18858155876
E02006201,677297,396500,318500,5.426821,548400.6507765647
E02006201,677298,397500,318500,5.115765,942666.712542656
E02006201,677299,398500,318500,4.968169,710748.9001151978
E02006201,677988,397500,317500,5.1941,482584.68060940644
E02006201,677989,398500,317500,5.067228,953213.2348804895
E02006201,677990,399500,317500,5.045406,33870.417648066825
E02006201,678678,397500,316500,5.359775,131422.09965589235
E02006201,678679,398500,316500,5.256536,950814.5372545464
E02006201,678680,399500,316500,5.251472,5495.517928718602
E02006201,679369,398500,315500,5.568427,251192.0047382846
E02006202,671065,374500,327500,4.218717,626.5109134987681
E02006202,671066,375500,327500,4.110727,207827.8912666419
E02006202,671067,376500,327500,4.149444,31680.599862643263
E02006202,671068,377500,327500,3.824895,165663.51376134736
E02006202,671069,378500,327500,3.73716,528384.4610460873
E02006202,671070,379500,327500,3.750315,53593.70943074304
E02006202,671071,380500,327500,3.773282,107628.56306291309
E02006202,671755,374500,326500,4.38186,182077.62866058564
E02006202,671756,375500,326500,4.795424,1000000.0
E02006202,671757,376500,326500,4.834968,869657.5661531335
E02006202,671758,377500,326500,4.091784,923762.6110944881
E02006202,671759,378500,326500,4.011414,1000000.0
E02006202,671760,379500,326500,3.888305,999949.6902194907
E02006202,671761,380500,326500,3.878201,980134.2236470331
E02006202,671762,381500,326500,3.884566,191141.2318447938
E02006202,672445,374500,325500,3.763908,105346.1038328227
E02006202,672446,375500,325500,3.942881,1000000.0
E02006202,672447,376500,325500,4.084904,1000000.0
E02006202,672448,377500,325500,4.494877,1000000.0
E02006202,672449,378500,325500,4.475708,1000000.0
E02006202,672450,379500,325500,4.203492,1000000.0
E02006202,672451,380500,325500,4.106874,1000000.0
E02006202,672452,381500,325500,3.948053,952471.118881362
E02006202,672453,382500,325500,3.809513,64118.71535276131
E02006202,673135,374500,324500,3.691609,26159.758986947403
E02006202,673136,375500,324500,3.876555,697806.9122648182
E02006202,673137,376500,324500,3.984735,1000000.0
E02006202,673138,377500,324500,3.908131,1000000.0
E02006202,673139,378500,324500,4.433549,1000000.0
E02006202,673140,379500,324500,4.381318,1000000.0
E02006202,673141,380500,324500,4.035393,1000000.0
E02006202,673142,381500,324500,3.935438,1000000.0
E02006202,673143,382500,324500,3.94151,493288.08648139937
E02006202,673825,374500,323500,3.743493,313150.54495111294
E02006202,673826,375500,323500,3.916264,1000000.0
E02006202,673827,376500,323500,4.012121,1000000.0
E02006202,673828,377500,323500,3.970961,1000000.0
E02006202,673829,378500,323500,4.096029,1000000.0
E02006202,673830,379500,323500,4.490069,1000000.0
E02006202,673831,380500,323500,4.050251,1000000.0
E02006202,673832,381500,323500,3.976357,1000000.0
E02006202,673833,382500,323500,3.975974,986413.3703198081
E02006202,673834,383500,323500,3.954565,94958.84647526057
E02006202,674515,374500,322500,3.906637,57391.32894550535
E02006202,674516,375500,322500,4.056736,977693.7208511315
E02006202,674517,376500,322500,4.234141,1000000.0
E02006202,674518,377500,322500,4.25336,1000000.0
E02006202,674519,378500,322500,4.009352,1000000.0
E02006202,674520,379500,322500,4.159942,1000000.0
E02006202,674521,380500,322500,4.173377,1000000.0
E02006202,674522,381500,322500,4.149572,1000000.0
E02006202,674523,382500,322500,4.109015,1000000.0
E02006202,674524,383500,322500,4.115413,775210.5467410008
E02006202,674525,384500,322500,4.019484,345933.89411122835
E02006202,674526,385500,322500,4.063495,300861.2765739634
E02006202,674527,386500,322500,4.127156,278234.42749311175
E02006202,674528,387500,322500,4.268589,258116.20803420586
E02006202,675205,374500,321500,4.172451,592184.3020925677
E02006202,675206,375500,321500,4.369196,999294.414862051
E02006202,675207,376500,321500,4.328697,1000000.0
E02006202,675208,377500,321500,4.284124,1000000.0
E02006202,675209,378500,321500,3.97847,1000000.0
E02006202,675210,379500,321500,4.368656,1000000.0
E02006202,675211,380500,321500,5.015463,1000000.0
E02006202,675212,381500,321500,4.507828,1000000.0
E02006202,675213,382500,321500,4.506392,1000000.0
E02006202,675214,383500,321500,4.373234,1000000.0
E02006202,675215,384500,321500,4.232285,1000000.0
E02006202,675216,385500,321500,4.220623,1000000.0
E02006202,675217,386500,321500,4.204357,1000000.0
E02006202,675218,387500,321500,4.310428,771431.3077578915
E02006202,675219,388500,321500,5.142983,367177.6521066156
E02006202,675220,389500,321500,5.796629,31064.054962899856
E02006202,675895,374500,320500,5.004803,102056.98094052234
E02006202,675896,375500,320500,4.964916,740713.9280785152
E02006202,675897,376500,320500,4.485005,1000000.0
E02006202,675898,377500,320500,4.389872,1000000.0
E02006202,675899,378500,320500,4.033347,1000000.0
E02006202,675900,379500,320500,4.138802,1000000.0
E02006202,675901,380500,320500,4.420877,1000000.0
E02006202,675902,381500,320500,5.337718,1000000.0
E02006202,675903,382500,320500,5.214139,1000000.0
E02006202,675904,383500,320500,4.654773,1000000.0
E02006202,675905,384500,320500,4.280732,1000000.0
E02006202,675906,385500,320500,4.236509,1000000.0
E02006202,675907,386500,320500,4.450037,1000000.0
E02006202,675908,387500,320500,4.396028,1000000.0
E02006202,675909,388500,320500,4.764025,1000000.0
E02006202,675910,389500,320500,4.867458,355124.5448657826
E02006202,675911,390500,320500,5.474709,538.5669340299352
E02006202,676586,375500,319500,5.942157,154656.64165334913
E02006202,676587,376500,319500,4.876425,890927.5946750593
E02006202,676588,377500,319500,4.648187,1000000.0
E02006202,676589,378500,319500,4.176697,1000000.0
E02006202,676590,379500,319500,4.122582,1000000.0
E02006202,676591,380500,319500,4.150666,1000000.0
E02006202,676592,381500,319500,4.376186,1000000.0
E02006202,676593,382500,319500,5.242307,1000000.0
E02006202,676594,383500,319500,4.569963,1000000.0
E02006202,676595,384500,319500,4.591172,1000000.0
E02006202,676596,385500,319500,4.257499,1000000.0
E02006202,676597,386500,319500,4.206831,1000000.0
E02006202,676598,387500,319500,4.264192,1000000.0
E02006202,676599,388500,319500,4.743911,1000000.0
E02006202,676600,389500,319500,4.646725,673897.123115471
E02006202,677277,376500,318500,4.61913,164845.73118845007
E02006202,677278,377500,318500,4.430677,926942.8834595565
E02006202,677279,378500,318500,4.104232,1000000.0
E02006202,677280,379500,318500,4.068497,1000000.0
E02006202,677281,380500,318500,4.10681,1000000.0
E02006202,677282,381500,318500,4.172778,1000000.0
E02006202,677283,382500,318500,4.421441,1000000.0
E02006202,677284,383500,318500,5.14379,1000000.0
E02006202,677285,384500,318500,4.495166,1000000.0
E02006202,677286,385500,318500,4.290308,1000000.0
E02006202,677287,386500,318500,4.229411,1000000.0
E02006202,677288,387500,318500,4.211269,1000000.0
E02006202,677289,388500,318500,4.36516,1000000.0
E02006202,677290,389500,318500,4.48598,518831.9697263261
E02006202,677968,377500,317500,4.535496,175300.98607060307
E02006202,677969,378500,317500,4.142645,966961.0219373584
E02006202,677970,379500,317500,4.097159,1000000.0
E02006202,677971,380500,317500,4.111028,1000000.0
E02006202,677972,381500,317500,4.124347,1000000.0
E02006202,677973,382500,317500,4.300191,1000000.0
E02006202,677974,383500,317500,5.216134,1000000.0
E02006202,677975,384500,317500,4.641645,1000000.0
E02006202,677976,385500,317500,4.371268,1000000.0
E02006202,677977,386500,317500,4.281798,1000000.0
E02006202,677978,387500,317500,4.242552,1000000.0
E02006202,677979,388500,317500,4.343578,1000000.0
E02006202,677980,389500,317500,4.466708,389947.81408760964
E02006202,678659,378500,316500,4.421795,326615.3460455658
E02006202,678660,379500,316500,4.094971,994280.3861697913
E02006202,678661,380500,316500,4.11012,834148.3590927825
E02006202,678662,381500,316500,4.12871,975387.3228659478
E02006202,678663,382500,316500,4.292626,1000000.0
E02006202,678664,383500,316500,5.009967,1000000.0
E02006202,678665,384500,316500,4.943754,1000000.0
E02006202,678666,385500,316500,4.508898,1000000.0
E02006202,678667,386500,316500,4.296359,1000000.0
E02006202,678668,387500,316500,4.25895,1000000.0
E02006202,678669,388500,316500,4.317744,757926.5572479414
E02006202,678670,389500,316500,4.523756,316029.5579677492
E02006202,679349,378500,315500,4.481424,23.10028194033014
E02006202,679350,379500,315500,4.117082,87919.88613830242
E02006202,679351,380500,315500,4.133306,3938.461736144869
E02006202,679352,381500,315500,4.211073,174160.9949259419
E02006202,679353,382500,315500,4.240005,901643.4741349978
E02006202,679354,383500,315500,4.44354,1000000.0
E02006202,679355,384500,315500,5.350907,1000000.0
E02006202,679356,385500,315500,4.620919,990788.174062581
E02006202,679357,386500,315500,4.424342,917564.9005451812
E02006202,679358,387500,315500,4.360485,774255.326546963
E02006202,679359,388500,315500,4.413823,51839.137315826374
E02006202,679360,389500,315500,4.587719,1903.5178911606995
E02006202,680043,382500,314500,4.270199,351961.52441989037
E02006202,680044,383500,314500,4.462239,1000000.0
E02006202,680045,384500,314500,5.24693,871204.8746990324
E02006202,680046,385500,314500,4.784472,255991.3040129606
E02006202,680047,386500,314500,4.685244,17943.722205643513
E02006202,680733,382500,313500,4.267015,228005.16383173305
E02006202,680734,383500,313500,4.430109,742063.1424318468
E02006202,680735,384500,313500,4.606991,48061.138175225686
E02006203,674533,392500,322500,8.707059,23262.955465434192
E02006203,674534,393500,322500,7.696938,26617.793716820994
E02006203,675223,392500,321500,7.433141,473476.6230260981
E02006203,675224,393500,321500,7.485199,552845.131563793
E02006203,675912,391500,320500,8.449425,13593.71576054558
E02006203,675913,392500,320500,7.663859,907170.0691900674
E02006203,675914,393500,320500,6.59837,465255.50401154824
E02006203,676603,392500,319500,8.368636,557037.5192169907
E02006203,676604,393500,319500,7.217103,277975.2986096586
E02006217,685599,418500,306500,6.917125,1278.3482681659682
E02006217,685600,419500,306500,6.651,1787.7926752491824
E02006217,685603,422500,306500,6.338333,57882.09071817616
E02006217,685604,423500,306500,6.079028,426492.11446641537
E02006217,685605,424500,306500,5.949441,165050.32382647376
E02006217,686289,418500,305500,7.18531,349738.03209936694
E02006217,686290,419500,305500,8.600531,902400.9471187425
E02006217,686291,420500,305500,8.058249,677648.9117021122
E02006217,686292,421500,305500,7.841778,697494.8477910348
E02006217,686293,422500,305500,6.932628,506391.2883952335
E02006217,686294,423500,305500,6.71684,858553.0238178072
E02006217,686295,424500,305500,6.535615,476843.4627786036
E02006217,686979,418500,304500,7.336234,87390.31433075911
E02006217,686980,419500,304500,9.473136,330751.0269258372
E02006217,686981,420500,304500,9.565398,83925.64903925372
E02006217,686982,421500,304500,8.885882,163612.4499965594
E02006217,686984,423500,304500,8.662836,107497.06590086901
E02006217,686985,424500,304500,8.292389,9242.624658759054
E02006218,686289,418500,305500,7.18531,59429.61005129145
E02006218,686290,419500,305500,8.600531,45940.011749926714
E02006218,686291,420500,305500,8.058249,275679.08825329464
E02006218,686292,421500,305500,7.841778,41.0016970936281
E02006218,686978,417500,304500,7.324323,1327.1316976999797
E02006218,686979,418500,304500,7.336234,778382.1779643539
E02006218,686980,419500,304500,9.473136,669248.9730741627
E02006218,686981,420500,304500,9.565398,912297.314879756
E02006218,686982,421500,304500,8.885882,331721.98593390506
E02006218,687669,418500,303500,8.001951,168097.4757899097
E02006218,687670,419500,303500,9.58296,445935.82560316037
E02006218,687671,420500,303500,10.04514,531128.5244489714
E02006219,686292,421500,305500,7.841778,64277.99153983855
E02006219,686293,422500,305500,6.932628,469231.955649381
E02006219,686294,423500,305500,6.71684,141446.9761821928
E02006219,686295,424500,305500,6.535615,111176.52366808568
E02006219,686982,421500,304500,8.885882,200511.67057228254
E02006219,686983,422500,304500,8.711353,691659.3127674665
E02006219,686984,423500,304500,8.662836,892346.0346906338
E02006219,686985,424500,304500,8.292389,457057.6853928477
E02006219,687673,422500,303500,9.318773,3720.8009748959385
E02006219,687674,423500,303500,8.847546,807120.9233902125
E02006219,687675,424500,303500,8.194414,418694.2836063158
E02006219,688363,422500,302500,10.00109,26471.06256929179
E02006219,688364,423500,302500,10.07378,297024.45304287935
E02006219,688365,424500,302500,9.734829,113570.6898333125
E02006220,686982,421500,304500,8.885882,258750.2829514519
E02006220,686983,422500,304500,8.711353,308340.6872325334
E02006220,686984,423500,304500,8.662836,156.89940849729447
E02006220,687672,421500,303500,10.17672,245767.80014095508
E02006220,687673,422500,303500,9.318773,666593.0786282159
E02006220,687674,423500,303500,8.847546,174622.27485313898
E02006221,686981,420500,304500,9.565398,3777.036080990356
E02006221,686982,421500,304500,8.885882,45403.61054580109
E02006221,687670,419500,303500,9.58296,380801.95865255233
E02006221,687671,420500,303500,10.04514,468871.4755510287
E02006221,687672,421500,303500,10.17672,685211.7187254095
E02006221,687673,422500,303500,9.318773,607.558737260301
E02006221,688360,419500,302500,8.90027,142303.87947589642
E02006221,688361,420500,302500,9.778266,867886.0792118981
E02006221,688362,421500,302500,10.73865,194548.56855520376
E02006222,687672,421500,303500,10.17672,69020.48113363548
E02006222,687673,422500,303500,9.318773,201098.61189773958
E02006222,688362,421500,302500,10.73865,682656.911358243
E02006222,688363,422500,302500,10.00109,272129.94178274216
E02006222,689052,421500,301500,10.42702,55896.723792222096
E02006222,689053,422500,301500,9.668227,38816.0208546391
E02006223,687673,422500,303500,9.318773,127979.94976188816
E02006223,687674,423500,303500,8.847546,18256.801756648452
E02006223,688363,422500,302500,10.00109,431938.01513007586
E02006223,688364,423500,302500,10.07378,553337.0326388606
E02006223,688365,424500,302500,9.734829,28723.55806599583
E02006223,689053,422500,301500,9.668227,7773.742406747822
E02006223,689054,423500,301500,9.708819,40305.02578838668
E02006223,689055,424500,301500,9.907724,26334.897595166756
E02006224,688363,422500,302500,10.00109,153.8721506202554
E02006224,688364,423500,302500,10.07378,149638.51431826013
E02006224,688365,424500,302500,9.734829,341025.53193135274
E02006224,689053,422500,301500,9.668227,153072.50538747138
E02006224,689054,423500,301500,9.708819,886555.3382221679
E02006224,689055,424500,301500,9.907724,460903.1225093449
E02006224,689744,423500,300500,9.575441,373860.53519032116
E02006224,689745,424500,300500,10.2264,94862.57025958318
E02006225,688361,420500,302500,9.778266,500.66147301633157
E02006225,688362,421500,302500,10.73865,112511.06012977187
E02006225,689051,420500,301500,9.641096,5486.941201754635
E02006225,689052,421500,301500,10.42702,746811.889558888
E02006225,689741,420500,300500,8.327662,142528.43590042685
E02006225,689742,421500,300500,9.524603,832339.2760786391
E02006225,690431,420500,299500,8.378585,548798.1213690208
E02006225,690432,421500,299500,11.99288,559509.1615385783
E02006226,688362,421500,302500,10.73865,7983.931341322071
E02006226,688363,422500,302500,10.00109,269307.1083672699
E02006226,689052,421500,301500,10.42702,167592.2079216463
E02006226,689053,422500,301500,9.668227,800337.7313511415
E02006226,689054,423500,301500,9.708819,73139.63598944539
E02006226,689742,421500,300500,9.524603,142491.139372404
E02006226,689743,422500,300500,9.609646,1000000.0
E02006226,689744,423500,300500,9.575441,536361.1899042656
E02006226,690432,421500,299500,11.99288,76496.44270586685
E02006226,690433,422500,299500,10.18512,458534.88503681205
E02006226,690434,423500,299500,10.17562,103139.20907307451
E02006468,682848,427500,310500,4.89256,1190.7620344930212
E02006468,683537,426500,309500,5.247613,19953.090114595256
E02006468,683538,427500,309500,5.273603,662648.1967844132
E02006468,683539,428500,309500,5.366343,388490.7351701417
E02006468,683540,429500,309500,5.636236,53200.39528726294
E02006468,684227,426500,308500,5.456134,471491.2149508253
E02006468,684228,427500,308500,5.532699,1000000.0
E02006468,684229,428500,308500,5.677442,1000000.0
E02006468,684230,429500,308500,6.765909,590156.1175351831
E02006468,684231,430500,308500,6.238277,24756.240548479116
E02006468,684915,424500,307500,5.47483,42149.88167685184
E02006468,684916,425500,307500,5.768225,633176.3966512186
E02006468,684917,426500,307500,5.802724,995363.908377087
E02006468,684918,427500,307500,5.854545,1000000.0
E02006468,684919,428500,307500,6.644225,1000000.0
E02006468,684920,429500,307500,6.791636,1000000.0
E02006468,684921,430500,307500,5.649232,521685.4757270597
E02006468,685605,424500,306500,5.949441,706794.3812178039
E02006468,685606,425500,306500,6.128256,1000000.0
E02006468,685607,426500,306500,6.102766,1000000.0
E02006468,685608,427500,306500,6.547785,1000000.0
E02006468,685609,428500,306500,7.275607,1000000.0
E02006468,685610,429500,306500,6.049391,1000000.0
E02006468,685611,430500,306500,5.552487,852057.7969591214
E02006468,685612,431500,306500,5.512646,3059.5796420696715
E02006468,686295,424500,305500,6.535615,411980.01355331077
E02006468,686296,425500,305500,6.809917,1000000.0
E02006468,686297,426500,305500,6.685885,1000000.0
E02006468,686298,427500,305500,7.852201,1000000.0
E02006468,686299,428500,305500,6.234365,1000000.0
E02006468,686300,429500,305500,5.732664,1000000.0
E02006468,686301,430500,305500,5.493348,914269.9813810178
E02006468,686302,431500,305500,5.334765,2587.8882297126243
E02006468,686985,424500,304500,8.292389,533699.6899483933
E02006468,686986,425500,304500,7.856611,1000000.0
E02006468,686987,426500,304500,8.307852,1000000.0
E02006468,686988,427500,304500,7.201122,1000000.0
E02006468,686989,428500,304500,6.166212,1000000.0
E02006468,686990,429500,304500,5.726325,657190.4429740733
E02006468,686991,430500,304500,5.545095,139859.0746597856
E02006468,687675,424500,303500,8.194414,581305.7163936843
E02006468,687676,425500,303500,9.464715,1000000.0
E02006468,687677,426500,303500,8.040121,1000000.0
E02006468,687678,427500,303500,6.86252,1000000.0
E02006468,687679,428500,303500,6.342593,1000000.0
E02006468,687680,429500,303500,5.789605,460367.76610903296
E02006468,688365,424500,302500,9.734829,516680.22016933904
E02006468,688366,425500,302500,9.449947,1000000.0
E02006468,688367,426500,302500,8.242804,1000000.0
E02006468,688368,427500,302500,7.151994,1000000.0
E02006468,688369,428500,302500,6.372273,697979.8092541678
E02006468,688370,429500,302500,5.87154,95286.33930233563
E02006468,689055,424500,301500,9.907724,345853.5268105266
E02006468,689056,425500,301500,8.129478,800619.1703392124
E02006468,689057,426500,301500,7.424456,651256.4988733926
E02006468,689058,427500,301500,7.492428,735158.9300683066
E02006468,689059,428500,301500,6.714319,351826.41789351957
E02006468,689746,425500,300500,8.514571,6428.815722354496
E02006468,689749,428500,300500,7.290726,28533.221723423638
E02006469,689055,424500,301500,9.907724,166908.4530849617
E02006469,689056,425500,301500,8.129478,199380.8296607876
E02006469,689057,426500,301500,7.424456,348743.50112660753
E02006469,689058,427500,301500,7.492428,264841.06993169343
E02006469,689059,428500,301500,6.714319,988.6843108367223
E02006469,689744,423500,300500,9.575441,89778.27490541329
E02006469,689745,424500,300500,10.2264,905137.4297404168
E02006469,689746,425500,300500,8.514571,993571.1842776455
E02006469,689747,426500,300500,7.408729,1000000.0
E02006469,689748,427500,300500,6.817855,1000000.0
E02006469,689749,428500,300500,7.290726,499175.18006159476
E02006469,690432,421500,299500,11.99288,299255.53569467727
E02006469,690433,422500,299500,10.18512,541465.114963188
E02006469,690434,423500,299500,10.17562,896860.7909269255
E02006469,690435,424500,299500,8.073365,1000000.0
E02006469,690436,425500,299500,8.805633,1000000.0
E02006469,690437,426500,299500,7.299994,1000000.0
E02006469,690438,427500,299500,7.111993,518803.1064046277
E02006469,690439,428500,299500,7.128711,975.6199267845847
E02006469,691122,421500,298500,9.748817,228515.25855477114
E02006469,691123,422500,298500,10.41113,1000000.0
E02006469,691124,423500,298500,9.096821,1000000.0
E02006469,691125,424500,298500,7.778604,1000000.0
E02006469,691126,425500,298500,7.045356,1000000.0
E02006469,691127,426500,298500,6.707142,1000000.0
E02006469,691128,427500,298500,6.739376,230724.09345598446
E02006469,691812,421500,297500,11.16615,190307.42748045374
E02006469,691813,422500,297500,8.926682,1000000.0
E02006469,691814,423500,297500,7.883473,1000000.0
E02006469,691815,424500,297500,7.339807,1000000.0
E02006469,691816,425500,297500,6.914968,518917.52829548635
E02006469,691817,426500,297500,6.636893,354695.30171405844
E02006469,691818,427500,297500,6.49573,83300.54642838542
E02006469,692502,421500,296500,9.852057,86638.53087251488
E02006469,692503,422500,296500,8.476467,1000000.0
E02006469,692504,423500,296500,7.742912,1000000.0
E02006469,692505,424500,296500,7.328537,1000000.0
E02006469,692506,425500,296500,6.929003,788887.598936901
E02006469,692507,426500,296500,6.602975,16134.033234002003
E02006469,693192,421500,295500,9.686074,34025.08408408963
E02006469,693193,422500,295500,8.485091,961795.9924527354
E02006469,693194,423500,295500,7.7891,1000000.0
E02006469,693195,424500,295500,7.523461,1000000.0
E02006469,693196,425500,295500,6.963994,1000000.0
E02006469,693197,426500,295500,6.657971,578537.0664316145
E02006469,693883,422500,294500,8.586218,709455.7490043883
E02006469,693884,423500,294500,7.839774,985606.0373244928
E02006469,693885,424500,294500,7.376711,914106.2029182685
E02006469,693886,425500,294500,7.006659,1000000.0
E02006469,693887,426500,294500,6.787624,594035.8849229747
E02006469,694573,422500,293500,8.719388,23386.789801068746
E02006469,694574,423500,293500,7.95282,68679.29761796781
E02006469,694575,424500,293500,7.47071,7311.552368005882
E02006469,694576,425500,293500,7.168033,407611.85362485325
E02006469,694577,426500,293500,6.904467,40411.670617049844
E02006470,690441,430500,299500,6.670575,174694.70722828287
E02006470,690442,431500,299500,6.526471,87009.12693140366
E02006470,691130,429500,298500,7.664091,68752.00077705346
E02006470,691131,430500,298500,8.484765,907094.1095144142
E02006470,691132,431500,298500,8.843088,879402.8534288357
E02006470,691133,432500,298500,6.699027,95495.11345471811
E02006470,691821,430500,297500,8.359717,670648.9993322754
E02006470,691822,431500,297500,8.678813,1000000.0
E02006470,691823,432500,297500,7.477525,327185.9102776588
E02006470,692510,429500,296500,6.326056,16308.707633752501
E02006470,692511,430500,296500,6.615098,829450.6845204708
E02006470,692512,431500,296500,7.963627,1000000.0
E02006470,692513,432500,296500,7.505433,958400.3978270338
E02006470,692514,433500,296500,7.265635,420784.5633349346
E02006470,693200,429500,295500,6.287894,497269.31940498436
E02006470,693201,430500,295500,6.448488,1000000.0
E02006470,693202,431500,295500,7.282235,999553.4063369336
E02006470,693203,432500,295500,7.73628,904046.5875429501
E02006470,693204,433500,295500,9.179422,137511.12303112185
E02006470,693890,429500,294500,6.367474,556633.7494481779
E02006470,693891,430500,294500,6.444894,708019.9564161393
E02006470,693892,431500,294500,6.499075,167931.67057380965
E02006470,693893,432500,294500,7.068993,1732.2033293416016
E02006470,694580,429500,293500,6.437938,1437.916402487003
E02006471,690425,414500,299500,10.41653,58619.29921977269
E02006471,690426,415500,299500,9.365565,238668.92266744596
E02006471,690427,416500,299500,8.58111,326738.93363876536
E02006471,690428,417500,299500,8.270194,446056.18647167337
E02006471,690429,418500,299500,8.195486,10282.902537725266
E02006471,690430,419500,299500,8.584499,19826.720390268543
E02006471,690431,420500,299500,8.378585,182484.65374908442
E02006471,690432,421500,299500,11.99288,64738.8600608775
E02006471,691115,414500,298500,10.55476,420525.8763739818
E02006471,691116,415500,298500,10.01893,1000000.0
E02006471,691117,416500,298500,9.022695,1000000.0
E02006471,691118,417500,298500,8.678703,1000000.0
E02006471,691119,418500,298500,8.64425,979590.8123754422
E02006471,691120,419500,298500,8.52495,972818.7439331006
E02006471,691121,420500,298500,8.935781,986408.016325571
E02006471,691122,421500,298500,9.748817,771484.7414452289
E02006471,691805,414500,297500,10.02498,2775.7965806798575
E02006471,691806,415500,297500,10.83798,568163.5162556486
E02006471,691807,416500,297500,9.57547,994963.352413147
E02006471,691808,417500,297500,9.110845,1000000.0
E02006471,691809,418500,297500,9.023212,1000000.0
E02006471,691810,419500,297500,8.903533,1000000.0
E02006471,691811,420500,297500,9.711193,1000000.0
E02006471,691812,421500,297500,11.16615,809692.5725195464
E02006471,692496,415500,296500,10.87841,299052.9310948165
E02006471,692497,416500,296500,10.52778,986038.1755168156
E02006471,692498,417500,296500,9.706107,1000000.0
E02006471,692499,418500,296500,9.515893,1000000.0
E02006471,692500,419500,296500,9.621982,1000000.0
E02006471,692501,420500,296500,11.12722,1000000.0
E02006471,692502,421500,296500,9.852057,913361.4691274852
E02006471,693186,415500,295500,10.75241,49413.33907278266
E02006471,693187,416500,295500,10.33984,746138.6566764454
E02006471,693188,417500,295500,10.62852,1000000.0
E02006471,693189,418500,295500,10.39645,1000000.0
E02006471,693190,419500,295500,11.45284,1000000.0
E02006471,693191,420500,295500,10.26192,1000000.0
E02006471,693192,421500,295500,9.686074,965974.9159159104
E02006471,693193,422500,295500,8.485091,38204.0075472646
E02006471,693877,416500,294500,10.54892,227437.04936121075
E02006471,693878,417500,294500,10.7177,1000000.0
E02006471,693879,418500,294500,12.21508,1000000.0
E02006471,693880,419500,294500,12.3308,1000000.0
E02006471,693881,420500,294500,10.30343,1000000.0
E02006471,693882,421500,294500,9.609464,1000000.0
E02006471,693883,422500,294500,8.586218,290544.2509956116
E02006471,693884,423500,294500,7.839774,14393.962675507111
E02006471,693885,424500,294500,7.376711,85893.79708173146
E02006471,694567,416500,293500,11.33181,810.571523151264
E02006471,694568,417500,293500,11.5454,883238.1369783729
E02006471,694569,418500,293500,14.64821,1000000.0
E02006471,694570,419500,293500,11.23805,1000000.0
E02006471,694571,420500,293500,10.5896,1000000.0
E02006471,694572,421500,293500,9.790811,1000000.0
E02006471,694573,422500,293500,8.719388,976613.2101989313
E02006471,694574,423500,293500,7.95282,931320.7023820322
E02006471,694575,424500,293500,7.47071,992688.4476319941
E02006471,694576,425500,293500,7.168033,106733.99178369925
E02006471,695258,417500,292500,12.47354,360302.3301742784
E02006471,695259,418500,292500,14.49959,897669.139788843
E02006471,695260,419500,292500,11.93747,1000000.0
E02006471,695261,420500,292500,13.35519,1000000.0
E02006471,695262,421500,292500,9.881589,1000000.0
E02006471,695263,422500,292500,8.781379,1000000.0
E02006471,695264,423500,292500,8.169532,1000000.0
E02006471,695265,424500,292500,7.633151,497407.66067785036
E02006471,695266,425500,292500,7.341893,20025.84945511904
E02006471,695949,418500,291500,15.0697,122872.32106799683
E02006471,695950,419500,291500,13.69231,589457.0142287008
E02006471,695951,420500,291500,11.75356,757826.2777791959
E02006471,695952,421500,291500,9.825254,450064.934174979
E02006471,695953,422500,291500,8.820478,476906.61334242247
E02006471,695954,423500,291500,8.245289,411020.65359051735
E02006471,695955,424500,291500,7.945533,13060.924483393726
E02006472,688369,428500,302500,6.372273,302020.190745832
E02006472,688370,429500,302500,5.87154,578009.3487360247
E02006472,688371,430500,302500,5.64198,10522.750342758804
E02006472,689059,428500,301500,6.714319,647184.8977956437
E02006472,689060,429500,301500,6.124536,1000000.0
E02006472,689061,430500,301500,5.814918,162767.22206240267
E02006472,689749,428500,300500,7.290726,472291.59821498167
E02006472,689750,429500,300500,6.447141,985561.1330958148
E02006472,689751,430500,300500,6.16368,59254.436896846666
E02006472,690438,427500,299500,7.111993,481196.8935953724
E02006472,690439,428500,299500,7.128711,999024.3800732155
E02006472,690440,429500,299500,7.092872,988047.7170381418
E02006472,690441,430500,299500,6.670575,380171.72432062036
E02006472,691128,427500,298500,6.739376,769275.9065440154
E02006472,691129,428500,298500,6.854032,1000000.0
E02006472,691130,429500,298500,7.664091,931247.9992229465
E02006472,691131,430500,298500,8.484765,92905.89048558578
E02006472,691816,425500,297500,6.914968,481082.4717045136
E02006472,691817,426500,297500,6.636893,645304.6982859415
E02006472,691818,427500,297500,6.49573,916699.4535716146
E02006472,691819,428500,297500,6.413756,1000000.0
E02006472,691820,429500,297500,6.572432,1000000.0
E02006472,691821,430500,297500,8.359717,329351.00066772464
E02006472,692506,425500,296500,6.929003,211112.4010630991
E02006472,692507,426500,296500,6.602975,983865.9667659979
E02006472,692508,427500,296500,6.44164,1000000.0
E02006472,692509,428500,296500,6.380181,1000000.0
E02006472,692510,429500,296500,6.326056,983691.2923662476
E02006472,692511,430500,296500,6.615098,170549.31547952915
E02006472,692514,433500,296500,7.265635,135504.1552144473
E02006472,692515,434500,296500,7.075616,105135.36633599753
E02006472,693197,426500,295500,6.657971,421462.93356838543
E02006472,693198,427500,295500,6.495612,1000000.0
E02006472,693199,428500,295500,6.370369,1000000.0
E02006472,693200,429500,295500,6.287894,502730.6805950157
E02006472,693202,431500,295500,7.282235,446.59366306633683
E02006472,693203,432500,295500,7.73628,95953.41245704991
E02006472,693204,433500,295500,9.179422,862488.8769688781
E02006472,693205,434500,295500,7.343844,973068.6461945742
E02006472,693206,435500,295500,7.495433,606290.7464724218
E02006472,693207,436500,295500,7.34872,138148.14369771542
E02006472,693887,426500,294500,6.787624,405964.1150770252
E02006472,693888,427500,294500,6.634249,1000000.0
E02006472,693889,428500,294500,6.404695,1000000.0
E02006472,693890,429500,294500,6.367474,443366.25055182213
E02006472,693891,430500,294500,6.444894,291980.0435838607
E02006472,693892,431500,294500,6.499075,832068.3294261904
E02006472,693893,432500,294500,7.068993,998267.7966706585
E02006472,693894,433500,294500,7.99151,1000000.0
E02006472,693895,434500,294500,7.602543,1000000.0
E02006472,693896,435500,294500,7.571532,729255.7143309335
E02006472,693897,436500,294500,7.496444,140582.36199515263
E02006472,694577,426500,293500,6.904467,751875.9502941915
E02006472,694578,427500,293500,6.644643,1000000.0
E02006472,694579,428500,293500,6.526004,1000000.0
E02006472,694580,429500,293500,6.437938,998562.083597513
E02006472,694581,430500,293500,6.882556,992017.9342642318
E02006472,694582,431500,293500,6.894928,898778.0450767752
E02006472,694583,432500,293500,7.718828,712173.5943448154
E02006472,694584,433500,293500,7.898319,523548.1890078261
E02006472,694585,434500,293500,8.561524,205675.87508693364
E02006472,694586,435500,293500,8.500002,17146.20910941893
E02006472,695267,426500,292500,6.968721,88937.14127529721
E02006472,695268,427500,292500,6.8267,897561.3066638152
E02006472,695269,428500,292500,6.681312,1000000.0
E02006472,695270,429500,292500,6.727551,1000000.0
E02006472,695271,430500,292500,6.610165,329665.7765051115
E02006472,695958,427500,291500,6.834721,397209.4836277163
E02006472,695959,428500,291500,6.742465,642291.3815391508
E02006472,695960,429500,291500,6.813339,1000000.0
E02006472,695961,430500,291500,6.909817,296634.3113437513
E02006472,696649,428500,290500,7.027523,121695.92012699478
E02006472,696650,429500,290500,6.864366,786984.3044148504
E02006472,696651,430500,290500,6.78945,92832.59876859047
E02006472,697340,429500,289500,6.976759,290592.05178633565
E02006473,695947,416500,291500,14.24207,135324.06438025925
E02006473,695948,417500,291500,13.11534,481880.7562168124
E02006473,695949,418500,291500,15.0697,758906.477032429
E02006473,695950,419500,291500,13.69231,369600.72557084716
E02006473,696637,416500,290500,15.56591,95144.0434778687
E02006473,696638,417500,290500,14.75561,865955.5328700908
E02006473,696639,418500,290500,15.18359,1000000.0
E02006473,696640,419500,290500,13.89316,999946.1865686284
E02006473,696641,420500,290500,10.79501,561925.3191051269
E02006473,696642,421500,290500,9.582412,377.65443128496236
E02006473,697328,417500,289500,14.65075,304184.87905267463
E02006473,697329,418500,289500,14.55808,1000000.0
E02006473,697330,419500,289500,13.30314,1000000.0
E02006473,697331,420500,289500,11.37685,905000.1730274063
E02006473,697332,421500,289500,9.514402,17444.727850121508
E02006473,698018,417500,288500,13.70815,12675.385148846928
E02006473,698019,418500,288500,13.74679,868407.904775119
E02006473,698020,419500,288500,13.796,1000000.0
E02006473,698021,420500,288500,11.15885,918884.1535876711
E02006473,698022,421500,288500,9.690531,457075.54695279634
E02006473,698709,418500,287500,13.74279,265310.60791250796
E02006473,698710,419500,287500,14.15947,985749.5868374292
E02006473,698711,420500,287500,11.69113,1000000.0
E02006473,698712,421500,287500,10.16661,582641.4558341786
E02006473,698713,422500,287500,9.367068,48014.723397573995
E02006473,699400,419500,286500,17.20745,422526.48588606925
E02006473,699401,420500,286500,13.73675,1000000.0
E02006473,699402,421500,286500,12.4702,691849.2768933261
E02006473,699403,422500,286500,11.77649,64213.836683915106
E02006473,700090,419500,285500,15.56393,135796.64891490003
E02006473,700091,420500,285500,12.2862,331919.5595100195
E02006473,700092,421500,285500,10.15112,22556.02140416804
E02006474,694576,425500,293500,7.168033,485654.1545914475
E02006474,694577,426500,293500,6.904467,207712.3790887587
E02006474,695265,424500,292500,7.633151,502592.33932214964
E02006474,695266,425500,292500,7.341893,979974.150544881
E02006474,695267,426500,292500,6.968721,911062.8587247028
E02006474,695268,427500,292500,6.8267,102438.69333618485
E02006474,695950,419500,291500,13.69231,40942.26020045197
E02006474,695951,420500,291500,11.75356,242173.72222080408
E02006474,695952,421500,291500,9.825254,549935.0658250211
E02006474,695953,422500,291500,8.820478,523093.3866575776
E02006474,695954,423500,291500,8.245289,588979.3464094825
E02006474,695955,424500,291500,7.945533,986939.0755166062
E02006474,695956,425500,291500,7.451188,1000000.0
E02006474,695957,426500,291500,7.111217,1000000.0
E02006474,695958,427500,291500,6.834721,602790.5163722837
E02006474,695959,428500,291500,6.742465,357708.61846084916
E02006474,695961,430500,291500,6.909817,9007.73478068299
E02006474,696640,419500,290500,13.89316,53.81343137157839
E02006474,696641,420500,290500,10.79501,438074.68089487305
E02006474,696642,421500,290500,9.582412,999622.345568715
E02006474,696643,422500,290500,8.855501,1000000.0
E02006474,696644,423500,290500,8.216693,1000000.0
E02006474,696645,424500,290500,7.76654,1000000.0
E02006474,696646,425500,290500,7.498845,1000000.0
E02006474,696647,426500,290500,7.169183,1000000.0
E02006474,696648,427500,290500,6.941616,1000000.0
E02006474,696649,428500,290500,7.027523,878304.0798730052
E02006474,696650,429500,290500,6.864366,213015.69558514954
E02006474,696651,430500,290500,6.78945,555785.435495025
E02006474,696652,431500,290500,6.730749,30319.35942835638
E02006474,697331,420500,289500,11.37685,94999.82697259373
E02006474,697332,421500,289500,9.514402,982555.2721498784
E02006474,697333,422500,289500,8.729885,1000000.0
E02006474,697334,423500,289500,8.139833,1000000.0
E02006474,697335,424500,289500,7.706078,1000000.0
E02006474,697336,425500,289500,7.449147,1000000.0
E02006474,697337,426500,289500,7.295143,1000000.0
E02006474,697338,427500,289500,7.129849,1000000.0
E02006474,697339,428500,289500,7.039084,1000000.0
E02006474,697340,429500,289500,6.976759,709407.9482136643
E02006474,697341,430500,289500,6.80689,1000000.0
E02006474,697342,431500,289500,6.869069,629452.3774575517
E02006474,698021,420500,288500,11.15885,81115.84641232895
E02006474,698022,421500,288500,9.690531,542924.4530472036
E02006474,698023,422500,288500,8.899162,1000000.0
E02006474,698024,423500,288500,8.307142,1000000.0
E02006474,698025,424500,288500,7.777586,1000000.0
E02006474,698026,425500,288500,7.444514,1000000.0
E02006474,698027,426500,288500,7.236411,1000000.0
E02006474,698028,427500,288500,7.198665,1000000.0
E02006474,698029,428500,288500,6.984821,1000000.0
E02006474,698030,429500,288500,6.955345,1000000.0
E02006474,698031,430500,288500,6.986043,1000000.0
E02006474,698032,431500,288500,6.950086,993071.9613981921
E02006474,698033,432500,288500,6.926406,341601.59228786017
E02006474,698712,421500,287500,10.16661,417358.54416582145
E02006474,698713,422500,287500,9.367068,951985.2766024261
E02006474,698714,423500,287500,8.53513,1000000.0
E02006474,698715,424500,287500,7.910871,1000000.0
E02006474,698716,425500,287500,7.589841,1000000.0
E02006474,698717,426500,287500,7.356771,1000000.0
E02006474,698718,427500,287500,7.313838,1000000.0
E02006474,698719,428500,287500,7.292227,1000000.0
E02006474,698720,429500,287500,7.178623,1000000.0
E02006474,698721,430500,287500,7.355095,1000000.0
E02006474,698722,431500,287500,7.313463,1000000.0
E02006474,698723,432500,287500,7.410385,878828.6840278461
E02006474,698724,433500,287500,7.53806,35068.02573690632
E02006474,699402,421500,286500,12.4702,308150.7231066739
E02006474,699403,422500,286500,11.77649,935786.1633160849
E02006474,699404,423500,286500,8.947698,1000000.0
E02006474,699405,424500,286500,8.361055,1000000.0
E02006474,699406,425500,286500,8.081464,1000000.0
E02006474,699407,426500,286500,7.891316,1000000.0
E02006474,699408,427500,286500,7.781234,1000000.0
E02006474,699409,428500,286500,7.694629,1000000.0
E02006474,699410,429500,286500,7.77479,1000000.0
E02006474,699411,430500,286500,9.867072,999956.4643914948
E02006474,699412,431500,286500,8.42227,733502.775733741
E02006474,699413,432500,286500,7.940148,466549.23573493736
E02006474,699414,433500,286500,8.875305,41254.604154206034
E02006474,700090,419500,285500,15.56393,24845.925115057802
E02006474,700091,420500,285500,12.2862,667267.9085990144
E02006474,700092,421500,285500,10.15112,977443.978595832
E02006474,700093,422500,285500,9.337588,1000000.0
E02006474,700094,423500,285500,10.76206,1000000.0
E02006474,700095,424500,285500,10.51141,1000000.0
E02006474,700096,425500,285500,10.28261,935007.8328799023
E02006474,700097,426500,285500,10.14471,956910.3264517598
E02006474,700098,427500,285500,10.01131,1000000.0
E02006474,700099,428500,285500,9.91538,1000000.0
E02006474,700100,429500,285500,9.993024,1000000.0
E02006474,700101,430500,285500,7.970815,1000000.0
E02006474,700102,431500,285500,9.708342,575563.0363378983
E02006474,700103,432500,285500,10.36771,4.174175115048149
E02006474,700781,420500,284500,11.52813,567076.0506100544
E02006474,700782,421500,284500,9.780721,1000000.0
E02006474,700783,422500,284500,8.854698,1000000.0
E02006474,700784,423500,284500,8.426414,1000000.0
E02006474,700785,424500,284500,7.936852,1000000.0
E02006474,700786,425500,284500,7.518932,462847.90161346796
E02006474,700787,426500,284500,7.319351,241087.76382741108
E02006474,700788,427500,284500,7.17027,476161.45628996915
E02006474,700789,428500,284500,7.131861,317595.94659450056
E02006474,700790,429500,284500,7.336004,636472.4924722009
E02006474,700791,430500,284500,7.468411,476456.3418060831
E02006474,700792,431500,284500,8.03159,3477.8591173392365
E02006474,701471,420500,283500,11.57219,39273.068100815224
E02006474,701472,421500,283500,10.71329,818919.0265339998
E02006474,701473,422500,283500,8.958024,1000000.0
E02006474,701474,423500,283500,8.043453,1000000.0
E02006474,701475,424500,283500,7.662695,852526.7535328433
E02006474,701476,425500,283500,7.331202,18919.790871979123
E02006474,702162,421500,282500,8.97593,252491.25288488876
E02006474,702163,422500,282500,8.528612,787745.7633117256
E02006474,702164,423500,282500,8.308681,289058.78909791127
E02006474,702165,424500,282500,8.040833,109957.10115362164
E02006474,702853,422500,281500,8.093368,15.382246978280374
E02006475,693207,436500,295500,7.34872,2472.6245240780418
E02006475,693896,435500,294500,7.571532,270744.2856690664
E02006475,693897,436500,294500,7.496444,851694.2166155361
E02006475,693898,437500,294500,7.655035,616146.1828764249
E02006475,693899,438500,294500,7.596909,86955.80788362809
E02006475,694585,434500,293500,8.561524,186606.119754784
E02006475,694586,435500,293500,8.500002,913603.0725778252
E02006475,694587,436500,293500,8.709174,1000000.0
E02006475,694588,437500,293500,8.447965,846843.6235923936
E02006475,694589,438500,293500,8.354126,652145.9968769507
E02006475,694590,439500,293500,9.241702,50542.81891490311
E02006475,695276,435500,292500,11.35935,58760.83530620127
E02006475,695277,436500,292500,10.51892,521783.59035353124
E02006475,695278,437500,292500,9.751338,62426.01337326235
E02006475,695279,438500,292500,9.297149,10539.277146522678
E02006476,694583,432500,293500,7.718828,54200.83972333485
E02006476,694584,433500,293500,7.898319,476451.81099217397
E02006476,694585,434500,293500,8.561524,607718.0051582824
E02006476,694586,435500,293500,8.500002,59016.49868158746
E02006476,695273,432500,292500,7.64146,511.7360083299062
E02006476,695274,433500,292500,8.172909,734595.6661460851
E02006476,695275,434500,292500,8.782516,703738.4425674054
E02006476,695276,435500,292500,11.35935,209116.89184477314
E02006477,694588,437500,293500,8.447965,153156.3764076065
E02006477,694589,438500,293500,8.354126,287532.9649435721
E02006477,694590,439500,293500,9.241702,300194.0978975373
E02006477,695277,436500,292500,10.51892,249761.77952772853
E02006477,695278,437500,292500,9.751338,937573.9866267376
E02006477,695279,438500,292500,9.297149,989460.7228534773
E02006477,695280,439500,292500,8.514133,296988.972891094
E02006477,695967,436500,291500,11.3104,69409.01840777101
E02006477,695968,437500,291500,10.6359,437343.5714607914
E02006477,695969,438500,291500,8.792233,734269.3890219837
E02006477,695970,439500,291500,8.117991,75054.55959498449
E02006478,694581,430500,293500,6.882556,7982.065735768102
E02006478,694582,431500,293500,6.894928,101221.9549232248
E02006478,694583,432500,293500,7.718828,233625.56593184976
E02006478,695271,430500,292500,6.610165,670334.2234948885
E02006478,695272,431500,292500,6.880276,1000000.0
E02006478,695273,432500,292500,7.64146,999488.2639916701
E02006478,695274,433500,292500,8.172909,183615.7441811341
E02006478,695961,430500,291500,6.909817,481621.6787571889
E02006478,695962,431500,291500,7.655459,399056.42111348314
E02006478,695963,432500,291500,8.692628,354915.87651452195
E02006478,695964,433500,291500,8.595724,138425.38585247722
E02006479,694586,435500,293500,8.500002,10234.219631168422
E02006479,695275,434500,292500,8.782516,20482.201149334287
E02006479,695276,435500,292500,11.35935,732122.2728490256
E02006479,695277,436500,292500,10.51892,228310.96336675654
E02006479,695965,434500,291500,8.911482,12180.450405965079
E02006479,695966,435500,291500,10.65443,565676.4721762593
E02006479,695967,436500,291500,11.3104,416569.364982702
E02006480,695274,433500,292500,8.172909,81788.58967278074
E02006480,695275,434500,292500,8.782516,275779.3562832605
E02006480,695964,433500,291500,8.595724,162042.4127920094
E02006480,695965,434500,291500,8.911482,880330.5197608959
E02006480,695966,435500,291500,10.65443,298852.0530810556
E02006480,696654,433500,290500,7.518877,1814.5196041697445
E02006480,696655,434500,290500,8.178185,13969.615751878362
E02006480,696656,435500,290500,11.1356,70379.36717563952
E02006481,695961,430500,291500,6.909817,171960.69220708904
E02006481,695962,431500,291500,7.655459,576691.4569704718
E02006481,695963,432500,291500,8.692628,561453.5273084372
E02006481,695964,433500,291500,8.595724,696594.0172475153
E02006481,696652,431500,290500,6.730749,2676.634893460574
E02006481,696654,433500,290500,7.518877,24381.25550813072
E02006482,695961,430500,291500,6.909817,40775.582911287696
E02006482,695962,431500,291500,7.655459,24252.121916045115
E02006482,695963,432500,291500,8.692628,83630.59617704082
E02006482,695964,433500,291500,8.595724,2938.1841079980477
E02006482,695965,434500,291500,8.911482,107489.02983313905
E02006482,695966,435500,291500,10.65443,21594.869897750723
E02006482,696651,430500,290500,6.78945,351381.96573638456
E02006482,696652,431500,290500,6.730749,967004.005678183
E02006482,696653,432500,290500,6.929898,1000000.0
E02006482,696654,433500,290500,7.518877,973804.2248876996
E02006482,696655,434500,290500,8.178185,986030.3842481216
E02006482,696656,435500,290500,11.1356,736477.021996232
E02006482,697342,431500,289500,6.869069,370547.6225424482
E02006482,697343,432500,289500,6.798371,1000000.0
E02006482,697344,433500,289500,7.027987,1000000.0
E02006482,697345,434500,289500,7.484953,1000000.0
E02006482,697346,435500,289500,10.12459,715591.9027064965
E02006482,698032,431500,288500,6.950086,6928.038601807927
E02006482,698033,432500,288500,6.926406,447400.5706406734
E02006482,698034,433500,288500,7.135407,787877.4161944495
E02006482,698035,434500,288500,7.613149,904277.486683658
E02006482,698036,435500,288500,9.445232,412032.2058681643
E02006482,698725,434500,287500,8.435877,14015.910181794046
E02006482,698726,435500,287500,9.845514,990.1285779209298
E02006483,695966,435500,291500,10.65443,113876.6048449345
E02006483,695967,436500,291500,11.3104,287934.65472062794
E02006483,696656,435500,290500,11.1356,193143.6108281285
E02006483,696657,436500,290500,11.48226,878334.8040916882
E02006483,696658,437500,290500,10.30642,149862.5587179557
E02006483,697346,435500,289500,10.12459,275574.1565387042
E02006483,697347,436500,289500,9.804195,993048.7546358301
E02006483,697348,437500,289500,9.262849,296175.2762070154
E02006483,698036,435500,288500,9.445232,1046.1131543877946
E02006483,698037,436500,288500,9.688622,510444.58326864865
E02006484,695277,436500,292500,10.51892,143.66675198364499
E02006484,695967,436500,291500,11.3104,226086.961888899
E02006484,695968,437500,291500,10.6359,107303.19486174983
E02006484,696657,436500,290500,11.48226,121665.19590831167
E02006484,696658,437500,290500,10.30642,491837.9916933916
E02006484,696659,438500,290500,8.93641,12525.623523485994
E02006484,697348,437500,289500,9.262849,560647.7049913497
E02006484,697349,438500,289500,9.213565,375037.86035664665
E02006484,698038,437500,288500,9.38301,15143.34235495112
E02006484,698039,438500,288500,9.075749,35573.431703177615
E02006485,695968,437500,291500,10.6359,455353.23367745883
E02006485,695969,438500,291500,8.792233,242267.21664331426
E02006485,695970,439500,291500,8.117991,74492.24008034356
E02006485,695971,440500,291500,8.126672,13321.055185138957
E02006485,696658,437500,290500,10.30642,358299.4495886526
E02006485,696659,438500,290500,8.93641,983914.7905227591
E02006485,696660,439500,290500,8.071585,973384.7768542818
E02006485,696661,440500,290500,8.18502,378395.01708920795
E02006485,697349,438500,289500,9.213565,624962.1396433534
E02006485,697350,439500,289500,8.454881,1000000.0
E02006485,697351,440500,289500,8.676577,275813.0644950341
E02006485,698039,438500,288500,9.075749,20104.588535363706
E02006485,698040,439500,288500,8.549001,116828.42619992563
E02006485,698041,440500,288500,8.550364,1312.3998133837179
E02006486,697346,435500,289500,10.12459,8833.940754799221
E02006486,698033,432500,288500,6.926406,210997.83707146652
E02006486,698034,433500,288500,7.135407,212122.58380555047
E02006486,698035,434500,288500,7.613149,95722.51331634216
E02006486,698036,435500,288500,9.445232,552574.2870576833
E02006486,698037,436500,288500,9.688622,24069.367270187875
E02006486,698723,432500,287500,7.410385,121171.31597215391
E02006486,698724,433500,287500,7.53806,964931.9742630937
E02006486,698725,434500,287500,8.435877,985984.0898182059
E02006486,698726,435500,287500,9.845514,804484.6712917391
E02006486,699414,433500,286500,8.875305,139287.75110889974
E02006486,699415,434500,286500,9.939217,349756.2355184899
E02006486,699416,435500,286500,10.4531,11660.005920931548
E02006487,698036,435500,288500,9.445232,34347.39391976463
E02006487,698037,436500,288500,9.688622,196481.62393135816
E02006487,698726,435500,287500,9.845514,194525.20013033997
E02006487,698727,436500,287500,10.15986,536663.9758597407
E02006487,699415,434500,286500,9.939217,97248.8150224993
E02006487,699416,435500,286500,10.4531,499559.1847604438
E02006487,699417,436500,286500,10.63242,20115.089173934994
E02006488,697347,436500,289500,9.804195,6951.245364170037
E02006488,697348,437500,289500,9.262849,143177.01880163487
E02006488,697351,440500,289500,8.676577,211266.41153824682
E02006488,698037,436500,288500,9.688622,269004.4255298053
E02006488,698038,437500,288500,9.38301,984856.6576450489
E02006488,698039,438500,288500,9.075749,944321.9797614588
E02006488,698040,439500,288500,8.549001,883171.5738000744
E02006488,698041,440500,288500,8.550364,288601.78635867755
E02006488,698727,436500,287500,10.15986,109416.00415272723
E02006488,698728,437500,287500,9.150462,968642.349069169
E02006488,698729,438500,287500,8.729751,1000000.0
E02006488,698730,439500,287500,8.41298,1000000.0
E02006488,698731,440500,287500,8.627778,341035.9281639534
E02006488,699417,436500,286500,10.63242,209828.14813454624
E02006488,699418,437500,286500,9.204732,949491.491208744
E02006488,699419,438500,286500,9.187396,1000000.0
E02006488,699420,439500,286500,9.074346,1000000.0
E02006488,699421,440500,286500,9.758126,353923.16150615807
E02006488,700107,436500,285500,10.61148,549396.205408606
E02006488,700108,437500,285500,8.914446,918888.4580236892
E02006488,700109,438500,285500,8.799477,367470.0936146633
E02006488,700110,439500,285500,8.571424,625289.1862219191
E02006488,700111,440500,285500,9.558922,83752.51479952999
E02006488,700797,436500,284500,10.7405,346621.26128311164
E02006488,700798,437500,284500,9.583402,159656.81579759388
E02006489,698727,436500,287500,10.15986,353920.0199875321
E02006489,698728,437500,287500,9.150462,31357.650930830954
E02006489,699416,435500,286500,10.4531,245017.8301646308
E02006489,699417,436500,286500,10.63242,770056.7626915188
E02006489,699418,437500,286500,9.204732,50508.508791256
E02006489,700106,435500,285500,13.54085,706986.9731348044
E02006489,700107,436500,285500,10.61148,450603.794591394
E02006489,700796,435500,284500,14.32267,435578.8995381387
E02006489,700797,436500,284500,10.7405,162220.6030355973
E02006490,699411,430500,286500,9.867072,43.53560850517498
E02006490,699412,431500,286500,8.42227,266497.22426625894
E02006490,699413,432500,286500,7.940148,533450.7642650626
E02006490,699414,433500,286500,8.875305,819457.6447368942
E02006490,699415,434500,286500,9.939217,481156.79153142043
E02006490,700102,431500,285500,9.708342,7116.211228456006
E02006490,700103,432500,285500,10.36771,263626.87372734776
E02006490,700104,433500,285500,11.18094,490884.1707184679
E02006490,700105,434500,285500,12.14084,531558.4978935932
E02006494,705638,447500,277500,6.481886,9621.276542259548
E02006494,705639,448500,277500,6.866683,620610.656265913
E02006494,705640,449500,277500,9.818916,481269.237547617
E02006494,706329,448500,276500,7.144782,351848.0043511504
E02006494,706330,449500,276500,9.530962,907600.5069264487
E02006494,706331,450500,276500,11.02454,273125.40762975276
E02006494,706332,451500,276500,9.438485,32.252514672460244
E02006494,707020,449500,275500,9.664709,235135.32081792885
E02006494,707021,450500,275500,12.19626,671702.3664822582
E02006494,707022,451500,275500,9.04256,29765.744889728943
E02006495,704939,438500,278500,10.60094,183255.8194742019
E02006495,704940,439500,278500,8.425827,304407.4392091813
E02006495,704941,440500,278500,7.36039,211141.12653990916
E02006495,705629,438500,277500,11.24251,410134.7666341136
E02006495,705630,439500,277500,8.22853,1000000.0
E02006495,705631,440500,277500,7.211354,912366.4879728474
E02006495,705632,441500,277500,6.664331,722779.7686455305
E02006495,705633,442500,277500,6.472276,867985.6369625251
E02006495,705634,443500,277500,6.278299,519441.4071100978
E02006495,706317,436500,276500,9.860291,13859.153085821454
E02006495,706318,437500,276500,9.592357,389023.84848520224
E02006495,706319,438500,276500,8.381455,977777.418027985
E02006495,706320,439500,276500,7.195821,1000000.0
E02006495,706321,440500,276500,6.932536,1000000.0
E02006495,706322,441500,276500,6.672038,1000000.0
E02006495,706323,442500,276500,6.485352,1000000.0
E02006495,706324,443500,276500,6.208608,583118.8018336621
E02006495,707007,436500,275500,10.67624,295978.42201562127
E02006495,707008,437500,275500,8.477627,1000000.0
E02006495,707009,438500,275500,7.308151,1000000.0
E02006495,707010,439500,275500,6.706491,1000000.0
E02006495,707011,440500,275500,6.450778,1000000.0
E02006495,707012,441500,275500,6.457813,1000000.0
E02006495,707013,442500,275500,6.161067,1000000.0
E02006495,707014,443500,275500,5.971003,623710.889036088
E02006495,707697,436500,274500,7.971881,304370.6611121419
E02006495,707698,437500,274500,8.824347,1000000.0
E02006495,707699,438500,274500,7.602643,1000000.0
E02006495,707700,439500,274500,6.951304,1000000.0
E02006495,707701,440500,274500,6.256155,1000000.0
E02006495,707702,441500,274500,6.175083,1000000.0
E02006495,707703,442500,274500,5.973734,1000000.0
E02006495,707704,443500,274500,5.858194,673278.8893756232
E02006495,708387,436500,273500,6.79176,169183.66045889267
E02006495,708388,437500,273500,6.717357,788769.9024098294
E02006495,708389,438500,273500,6.785195,1000000.0
E02006495,708390,439500,273500,6.206524,1000000.0
E02006495,708391,440500,273500,6.58569,523665.62323459086
E02006495,708392,441500,273500,6.611048,615671.2527309011
E02006495,708393,442500,273500,6.050929,800744.7104947496
E02006495,708394,443500,273500,5.893764,898652.6580748096
E02006495,708395,444500,273500,7.765188,201501.9247787453
E02006495,709078,437500,272500,6.590886,657148.865302651
E02006495,709079,438500,272500,6.114193,931754.158134268
E02006495,709080,439500,272500,5.980447,295751.0968927661
E02006495,709081,440500,272500,5.97085,29.262234740377053
E02006495,709083,442500,272500,6.043651,4211.685408705344
E02006495,709084,443500,272500,6.219609,24615.943613613403
E02006495,709085,444500,272500,6.384414,302472.7079958607
E02006495,709769,438500,271500,5.766665,9337.21123514934
E02006497,705639,448500,277500,6.866683,295.48142447557746
E02006497,706328,447500,276500,6.412566,2259.052990090212
E02006497,706329,448500,276500,7.144782,559247.8817072255
E02006497,706330,449500,276500,9.530962,78272.22074032325
E02006497,707018,447500,275500,6.756936,16233.500746825624
E02006497,707019,448500,275500,8.291184,885933.0720022353
E02006497,707020,449500,275500,9.664709,764864.6791820711
E02006497,707021,450500,275500,12.19626,1590.367811698019
E02006497,707709,448500,274500,7.554317,217238.23931983896
E02006497,707710,449500,274500,8.01848,514268.53807559103
E02006497,707711,450500,274500,8.515759,14326.85769340909
E02006498,704944,443500,278500,6.444196,345264.5600352246
E02006498,704945,444500,278500,6.232726,665104.767221711
E02006498,704946,445500,278500,6.201575,510785.04191086337
E02006498,704947,446500,278500,6.425163,215778.5392549401
E02006498,705634,443500,277500,6.278299,449405.70831224194
E02006498,705635,444500,277500,6.100343,1000000.0
E02006498,705636,445500,277500,6.06209,1000000.0
E02006498,705637,446500,277500,6.103283,958691.3739394443
E02006498,705638,447500,277500,6.481886,296329.85206383956
E02006498,706324,443500,276500,6.208608,416881.19816633797
E02006498,706325,444500,276500,6.158877,1000000.0
E02006498,706326,445500,276500,6.03757,1000000.0
E02006498,706327,446500,276500,6.056963,1000000.0
E02006498,706328,447500,276500,6.412566,997354.6741917804
E02006498,706329,448500,276500,7.144782,88508.9493580104
E02006498,707014,443500,275500,5.971003,376289.11096391187
E02006498,707015,444500,275500,5.967545,1000000.0
E02006498,707016,445500,275500,6.130461,1000000.0
E02006498,707017,446500,275500,6.212955,1000000.0
E02006498,707018,447500,275500,6.756936,983766.4992531743
E02006498,707019,448500,275500,8.291184,114066.92799776464
E02006498,707704,443500,274500,5.858194,326721.1106243769
E02006498,707705,444500,274500,6.01952,1000000.0
E02006498,707706,445500,274500,6.065692,1000000.0
E02006498,707707,446500,274500,6.187023,1000000.0
E02006498,707708,447500,274500,7.0667,1000000.0
E02006498,707709,448500,274500,7.554317,521549.4828264152
E02006498,708394,443500,273500,5.893764,10371.62940051211
E02006498,708395,444500,273500,7.765188,798498.0752212546
E02006498,708396,445500,273500,6.153012,979600.3276819166
E02006498,708397,446500,273500,6.469893,443241.0286396411
E02006498,708398,447500,273500,6.796393,712882.3686304374
E02006498,708399,448500,273500,6.973292,145026.22545563892
E02006498,709085,444500,272500,6.384414,134080.1817568643
E02006498,709086,445500,272500,6.245093,271324.19123601116
E02006503,708391,440500,273500,6.58569,476334.37676540914
E02006503,708392,441500,273500,6.611048,384328.7472690989
E02006503,708393,442500,273500,6.050929,199255.28950525046
E02006503,708394,443500,273500,5.893764,90975.71252467828
E02006503,708396,445500,273500,6.153012,20399.67231808325
E02006503,708397,446500,273500,6.469893,556758.9713603589
E02006503,708398,447500,273500,6.796393,287117.6313695626
E02006503,708399,448500,273500,6.973292,67159.810045896
E02006503,709078,437500,272500,6.590886,2868.4840230249865
E02006503,709079,438500,272500,6.114193,68245.84186573203
E02006503,709080,439500,272500,5.980447,704248.9031072338
E02006503,709081,440500,272500,5.97085,999970.7377652596
E02006503,709082,441500,272500,5.861379,1000000.0
E02006503,709083,442500,272500,6.043651,995788.3145912946
E02006503,709084,443500,272500,6.219609,975384.0563863865
E02006503,709085,444500,272500,6.384414,563447.1102472749
E02006503,709086,445500,272500,6.245093,728675.8087639888
E02006503,709087,446500,272500,6.080978,1000000.0
E02006503,709088,447500,272500,5.867833,1000000.0
E02006503,709089,448500,272500,6.233942,539829.2600991571
E02006503,709090,449500,272500,6.371046,416688.6419699068
E02006503,709091,450500,272500,6.185359,100700.26656897174
E02006503,709768,437500,271500,5.891858,91054.77200766644
E02006503,709769,438500,271500,5.766665,971523.9865187831
E02006503,709770,439500,271500,5.851946,1000000.0
E02006503,709771,440500,271500,5.73448,1000000.0
E02006503,709772,441500,271500,5.65038,1000000.0
E02006503,709773,442500,271500,5.565158,1000000.0
E02006503,709774,443500,271500,5.580808,1000000.0
E02006503,709775,444500,271500,5.631313,1000000.0
E02006503,709776,445500,271500,5.980186,1000000.0
E02006503,709777,446500,271500,6.029825,1000000.0
E02006503,709778,447500,271500,5.838816,1000000.0
E02006503,709779,448500,271500,6.069496,1000000.0
E02006503,709780,449500,271500,5.464271,1000000.0
E02006503,709781,450500,271500,5.749353,596056.7664396242
E02006503,710459,438500,270500,5.564073,645821.7895067856
E02006503,710460,439500,270500,5.595576,998761.5676942861
E02006503,710461,440500,270500,5.735894,1000000.0
E02006503,710462,441500,270500,5.458372,1000000.0
E02006503,710463,442500,270500,5.412738,1000000.0
E02006503,710464,443500,270500,5.35206,1000000.0
E02006503,710465,444500,270500,5.272931,1000000.0
E02006503,710466,445500,270500,5.274609,1000000.0
E02006503,710467,446500,270500,5.254246,1000000.0
E02006503,710468,447500,270500,5.409544,1000000.0
E02006503,710469,448500,270500,5.548284,1000000.0
E02006503,710470,449500,270500,5.495471,1000000.0
E02006503,710471,450500,270500,5.679152,358135.6379964345
E02006503,711150,439500,269500,5.42554,105140.27241717538
E02006503,711151,440500,269500,5.497657,830161.9801348958
E02006503,711152,441500,269500,5.295623,1000000.0
E02006503,711153,442500,269500,5.241294,1000000.0
E02006503,711154,443500,269500,5.177207,1000000.0
E02006503,711155,444500,269500,5.085336,1000000.0
E02006503,711156,445500,269500,5.536403,1000000.0
E02006503,711157,446500,269500,5.566956,1000000.0
E02006503,711158,447500,269500,5.565185,1000000.0
E02006503,711159,448500,269500,5.411105,1000000.0
E02006503,711160,449500,269500,5.342709,1000000.0
E02006503,711161,450500,269500,5.478106,970343.0510115228
E02006503,711162,451500,269500,5.311583,617919.787845689
E02006503,711163,452500,269500,5.102694,352821.7496198825
E02006503,711164,453500,269500,5.06777,83593.80654424366
E02006503,711840,439500,268500,5.261799,176563.2951719745
E02006503,711841,440500,268500,5.297554,762425.6722306642
E02006503,711842,441500,268500,5.289232,1000000.0
E02006503,711843,442500,268500,5.177863,1000000.0
E02006503,711844,443500,268500,5.101572,1000000.0
E02006503,711845,444500,268500,4.956681,1000000.0
E02006503,711846,445500,268500,5.418222,1000000.0
E02006503,711847,446500,268500,5.428009,1000000.0
E02006503,711848,447500,268500,5.29728,1000000.0
E02006503,711849,448500,268500,5.197034,1000000.0
E02006503,711850,449500,268500,5.141021,1000000.0
E02006503,711851,450500,268500,5.117376,1000000.0
E02006503,711852,451500,268500,5.243883,1000000.0
E02006503,711853,452500,268500,5.03997,1000000.0
E02006503,711854,453500,268500,4.991745,791295.1168127519
E02006503,711855,454500,268500,5.052368,107.63872810595961
E02006503,712530,439500,267500,5.097338,190214.48727415805
E02006503,712531,440500,267500,5.085498,581910.873450671
E02006503,712532,441500,267500,5.211768,799722.2421787294
E02006503,712533,442500,267500,5.056358,1000000.0
E02006503,712534,443500,267500,4.958007,1000000.0
E02006503,712535,444500,267500,4.912951,1000000.0
E02006503,712536,445500,267500,5.360618,1000000.0
E02006503,712537,446500,267500,5.318689,1000000.0
E02006503,712538,447500,267500,5.152539,1000000.0
E02006503,712539,448500,267500,5.043345,1000000.0
E02006503,712540,449500,267500,5.016896,1000000.0
E02006503,712541,450500,267500,4.966617,1000000.0
E02006503,712542,451500,267500,5.019016,1000000.0
E02006503,712543,452500,267500,5.143274,954117.0001157474
E02006503,712544,453500,267500,4.94775,153455.2549690792
E02006503,713222,441500,266500,5.196049,12737.7658943145
E02006503,713223,442500,266500,4.978319,533392.8888620231
E02006503,713224,443500,266500,4.930788,993822.8431641607
E02006503,713225,444500,266500,4.911871,1000000.0
E02006503,713226,445500,266500,5.32621,1000000.0
E02006503,713227,446500,266500,5.128084,1000000.0
E02006503,713228,447500,266500,5.016728,1000000.0
E02006503,713229,448500,266500,4.974997,1000000.0
E02006503,713230,449500,266500,4.9433,1000000.0
E02006503,713231,450500,266500,4.870403,1000000.0
E02006503,713232,451500,266500,4.829906,1000000.0
E02006503,713233,452500,266500,4.936667,550901.9451161654
E02006503,713914,443500,265500,4.889486,499951.22480730497
E02006503,713915,444500,265500,4.804442,1000000.0
E02006503,713916,445500,265500,5.147715,1000000.0
E02006503,713917,446500,265500,4.977314,1000000.0
E02006503,713918,447500,265500,4.916121,1000000.0
E02006503,713919,448500,265500,4.855995,1000000.0
E02006503,713920,449500,265500,4.795571,1000000.0
E02006503,713921,450500,265500,4.77596,1000000.0
E02006503,713922,451500,265500,4.74445,1000000.0
E02006503,713923,452500,265500,4.795008,950219.2123090192
E02006503,713924,453500,265500,4.933637,66780.85089564366
E02006503,714604,443500,264500,5.127689,22016.744751158312
E02006503,714605,444500,264500,4.901655,406213.54923871026
E02006503,714606,445500,264500,5.029038,938767.8065037564
E02006503,714607,446500,264500,4.912292,1000000.0
E02006503,714608,447500,264500,4.819104,1000000.0
E02006503,714609,448500,264500,4.788194,981492.524628233
E02006503,714610,449500,264500,4.786691,1000000.0
E02006503,714611,450500,264500,4.717103,1000000.0
E02006503,714612,451500,264500,4.802259,1000000.0
E02006503,714613,452500,264500,4.748162,1000000.0
E02006503,714614,453500,264500,4.793567,261823.3157728046
E02006503,715296,445500,263500,4.95147,120236.81824686642
E02006503,715297,446500,263500,4.871392,596136.0427328632
E02006503,715298,447500,263500,4.780277,978465.5030717957
E02006503,715299,448500,263500,4.694525,396454.63062188786
E02006503,715300,449500,263500,4.693269,598524.7687540426
E02006503,715301,450500,263500,4.653862,1000000.0
E02006503,715302,451500,263500,4.717132,1000000.0
E02006503,715303,452500,263500,4.690687,1000000.0
E02006503,715304,453500,263500,4.750364,519457.56822298217
E02006503,715987,446500,262500,4.818297,1820.8967865983932
E02006503,715988,447500,262500,4.789202,248186.31652897684
E02006503,715990,449500,262500,4.684824,43937.186580079004
E02006503,715991,450500,262500,4.610817,537975.5601950088
E02006503,715992,451500,262500,4.605223,949054.6890677377
E02006503,715993,452500,262500,4.62915,862798.400359353
E02006503,715994,453500,262500,4.713614,111910.03900507675
E02006503,716682,451500,261500,4.612228,48173.18079985744
E02006503,716683,452500,261500,4.659449,37533.421432473086
E02006504,707669,408500,274500,7.915929,125360.11136583913
E02006504,707670,409500,274500,7.563089,340154.63851844677
E02006504,707671,410500,274500,7.57739,238333.98807383256
E02006504,707672,411500,274500,7.815784,295489.98214678455
E02006504,707673,412500,274500,8.376266,250682.4285463885
E02006504,707674,413500,274500,10.70034,78586.2199565376
E02006504,708358,407500,273500,8.911002,167847.86028538266
E02006504,708359,408500,273500,8.125199,925431.3428693597
E02006504,708360,409500,273500,7.888285,1000000.0
E02006504,708361,410500,273500,7.909666,1000000.0
E02006504,708362,411500,273500,7.987072,1000000.0
E02006504,708363,412500,273500,8.134324,1000000.0
E02006504,708364,413500,273500,10.79247,732026.0974746036
E02006504,708365,414500,273500,8.084715,109201.76356433576
E02006504,709048,407500,272500,9.53424,9580.15529548294
E02006504,709049,408500,272500,10.73455,817390.2015873912
E02006504,709050,409500,272500,9.953868,1000000.0
E02006504,709051,410500,272500,9.844893,1000000.0
E02006504,709052,411500,272500,9.680478,1000000.0
E02006504,709053,412500,272500,9.4901,1000000.0
E02006504,709054,413500,272500,10.26817,1000000.0
E02006504,709055,414500,272500,7.897599,847458.6164435436
E02006504,709056,415500,272500,7.84544,99627.93875565348
E02006504,709739,408500,271500,8.090056,378774.71834434866
E02006504,709740,409500,271500,7.259653,1000000.0
E02006504,709741,410500,271500,7.127335,1000000.0
E02006504,709742,411500,271500,6.881884,1000000.0
E02006504,709743,412500,271500,6.787328,1000000.0
E02006504,709744,413500,271500,7.086607,1000000.0
E02006504,709745,414500,271500,8.860979,1000000.0
E02006504,709746,415500,271500,7.280555,528423.0420974203
E02006504,710429,408500,270500,7.195868,36473.08350938103
E02006504,710430,409500,270500,7.254995,904114.2299249261
E02006504,710431,410500,270500,6.474844,1000000.0
E02006504,710432,411500,270500,6.268646,1000000.0
E02006504,710433,412500,270500,6.036418,1000000.0
E02006504,710434,413500,270500,6.008573,1000000.0
E02006504,710435,414500,270500,6.16901,1000000.0
E02006504,710436,415500,270500,8.16116,817119.5706803001
E02006504,711120,409500,269500,7.154615,838116.0728728864
E02006504,711121,410500,269500,6.164698,1000000.0
E02006504,711122,411500,269500,5.803727,1000000.0
E02006504,711123,412500,269500,5.703351,1000000.0
E02006504,711124,413500,269500,5.552036,1000000.0
E02006504,711125,414500,269500,5.601767,887468.3577284734
E02006504,711126,415500,269500,5.913431,408615.1454750504
E02006504,711809,408500,268500,8.009021,181071.71394930955
E02006504,711810,409500,268500,6.902712,938209.3964148194
E02006504,711811,410500,268500,5.817991,1000000.0
E02006504,711812,411500,268500,5.471738,1000000.0
E02006504,711813,412500,268500,5.326527,1000000.0
E02006504,711814,413500,268500,5.262279,1000000.0
E02006504,711815,414500,268500,5.247055,864106.6252898411
E02006504,711816,415500,268500,5.513287,25063.207673287518
E02006504,712499,408500,267500,7.279091,542218.3045959577
E02006504,712500,409500,267500,5.906177,1000000.0
E02006504,712501,410500,267500,5.393124,1000000.0
E02006504,712502,411500,267500,5.195371,1000000.0
E02006504,712503,412500,267500,5.107955,1000000.0
E02006504,712504,413500,267500,4.961404,1000000.0
E02006504,712505,414500,267500,4.960555,711696.4459001283
E02006504,712506,415500,267500,5.249702,216056.14865971185
E02006504,713188,407500,266500,7.263631,205.25958726260694
E02006504,713189,408500,266500,6.441579,818581.5944924859
E02006504,713190,409500,266500,5.551964,1000000.0
E02006504,713191,410500,266500,5.272825,1000000.0
E02006504,713192,411500,266500,5.037837,1000000.0
E02006504,713193,412500,266500,4.80463,1000000.0
E02006504,713194,413500,266500,4.710076,885135.5786582322
E02006504,713195,414500,266500,4.800128,186.33340807003722
E02006504,713878,407500,265500,7.865047,291569.538766008
E02006504,713879,408500,265500,5.701881,541905.9986703966
E02006504,713880,409500,265500,5.057059,299833.6429664625
E02006504,713881,410500,265500,4.805852,840033.7162248789
E02006504,713882,411500,265500,4.654539,1000000.0
E02006504,713883,412500,265500,4.653955,1000000.0
E02006504,713884,413500,265500,4.645624,552485.78115586
E02006504,713885,414500,265500,4.828478,14148.710578781207
E02006504,714565,404500,264500,6.419167,155723.10815216065
E02006504,714566,405500,264500,5.789248,191114.0234115408
E02006504,714567,406500,264500,6.352108,334.45927503425673
E02006504,714568,407500,264500,6.393605,168367.24069576204
E02006504,714570,409500,264500,4.782996,19320.788186791367
E02006504,714571,410500,264500,4.556917,851596.2947255136
E02006504,714572,411500,264500,4.466278,848814.6473186744
E02006504,714573,412500,264500,4.43111,323149.2427733696
E02006504,714574,413500,264500,4.396863,14751.128308119265
E02006504,715255,404500,263500,5.329792,644879.2864910878
E02006504,715256,405500,263500,5.426837,997264.7487057156
E02006504,715257,406500,263500,5.665798,348266.4282550297
E02006504,715259,408500,263500,4.89946,117555.96354583683
E02006504,715260,409500,263500,4.597469,423620.4077849852
E02006504,715261,410500,263500,4.429302,1000000.0
E02006504,715262,411500,263500,4.310641,343154.33246806695
E02006504,715945,404500,262500,5.091013,479749.97583694005
E02006504,715946,405500,262500,4.811573,1000000.0
E02006504,715947,406500,262500,4.713255,995084.5145717426
E02006504,715948,407500,262500,5.140934,585769.0246946081
E02006504,715949,408500,262500,5.519188,772763.7849270978
E02006504,715950,409500,262500,4.403622,1000000.0
E02006504,715951,410500,262500,4.274255,972528.8164599782
E02006504,715952,411500,262500,4.204783,3804.927340574708
E02006504,716635,404500,261500,4.670259,337491.6593671087
E02006504,716636,405500,261500,4.44566,736663.484261293
E02006504,716637,406500,261500,4.375654,1000000.0
E02006504,716638,407500,261500,4.638141,1000000.0
E02006504,716639,408500,261500,4.301891,1000000.0
E02006504,716640,409500,261500,4.187736,1000000.0
E02006504,716641,410500,261500,4.16473,380894.27415730775
E02006504,716642,411500,261500,4.120944,283.6034330913655
E02006504,717326,405500,260500,4.301001,176578.2545197886
E02006504,717327,406500,260500,4.175668,823620.7794557189
E02006504,717328,407500,260500,4.33949,1000000.0
E02006504,717329,408500,260500,4.329607,1000000.0
E02006504,717330,409500,260500,4.136242,1000000.0
E02006504,717331,410500,260500,4.16157,516438.1081635515
E02006504,718017,406500,259500,4.106443,134294.1276306768
E02006504,718018,407500,259500,4.151687,458533.36305121245
E02006504,718019,408500,259500,4.547193,555622.8987190053
E02006504,718020,409500,259500,4.354219,918790.4337826885
E02006504,718021,410500,259500,4.278797,239300.5129899737
E02006504,718709,408500,258500,4.899465,131206.00786022673
E02006504,718710,409500,258500,5.52467,142695.25701961052
E02006505,711125,414500,269500,5.601767,112531.64227152662
E02006505,711126,415500,269500,5.913431,488971.4819147742
E02006505,711815,414500,268500,5.247055,135893.37471015897
E02006505,711816,415500,268500,5.513287,953322.9722390488
E02006505,711817,416500,268500,5.410162,147655.77684932709
E02006505,712505,414500,267500,4.960555,288303.5540998717
E02006505,712506,415500,267500,5.249702,783943.8513402882
E02006505,712507,416500,267500,5.148599,735766.0519824824
E02006505,712508,417500,267500,5.28275,251795.7268416438
E02006505,713194,413500,266500,4.710076,114864.4213417677
E02006505,713195,414500,266500,4.800128,999813.66659193
E02006505,713196,415500,266500,5.212103,1000000.0
E02006505,713197,416500,266500,5.021458,1000000.0
E02006505,713198,417500,266500,5.166302,976727.4234960341
E02006505,713199,418500,266500,5.720847,483414.08994457463
E02006505,713200,419500,266500,5.408983,188349.44947501362
E02006505,713884,413500,265500,4.645624,447514.21884413995
E02006505,713885,414500,265500,4.828478,985851.2894212188
E02006505,713886,415500,265500,5.243741,1000000.0
E02006505,713887,416500,265500,5.014129,1000000.0
E02006505,713888,417500,265500,5.53685,1000000.0
E02006505,713889,418500,265500,5.358082,1000000.0
E02006505,713890,419500,265500,5.184036,921208.5449854579
E02006505,713891,420500,265500,5.2047,798422.6417345928
E02006505,713892,421500,265500,5.421072,194013.44492878797
E02006505,713893,422500,265500,7.284416,317381.17273344466
E02006505,714572,411500,264500,4.466278,151185.3526813256
E02006505,714573,412500,264500,4.43111,676850.7572266305
E02006505,714574,413500,264500,4.396863,985248.8716918807
E02006505,714575,414500,264500,4.648731,1000000.0
E02006505,714576,415500,264500,4.705524,1000000.0
E02006505,714577,416500,264500,4.980037,1000000.0
E02006505,714578,417500,264500,5.23782,1000000.0
E02006505,714579,418500,264500,4.903471,1000000.0
E02006505,714580,419500,264500,5.017702,1000000.0
E02006505,714581,420500,264500,5.062094,1000000.0
E02006505,714582,421500,264500,5.128987,1000000.0
E02006505,714583,422500,264500,5.409893,498614.89752829634
E02006505,715262,411500,263500,4.310641,154854.86368192045
E02006505,715263,412500,263500,4.29417,765848.722648488
E02006505,715264,413500,263500,4.302072,1000000.0
E02006505,715265,414500,263500,4.459329,1000000.0
E02006505,715266,415500,263500,4.987896,1000000.0
E02006505,715267,416500,263500,5.141193,1000000.0
E02006505,715268,417500,263500,4.706366,1000000.0
E02006505,715269,418500,263500,4.651997,1000000.0
E02006505,715270,419500,263500,4.651423,975830.959033167
E02006505,715271,420500,263500,4.727822,616562.536043362
E02006505,715272,421500,263500,4.837194,665664.0361669423
E02006505,715273,422500,263500,5.118791,158171.68427232365
E02006505,715953,412500,262500,4.196222,28651.629488853738
E02006505,715954,413500,262500,4.141477,499114.65435556864
E02006505,715955,414500,262500,4.361953,991996.1172068471
E02006505,715956,415500,262500,4.908835,1000000.0
E02006505,715957,416500,262500,4.724637,1000000.0
E02006505,715958,417500,262500,4.547632,1000000.0
E02006505,715959,418500,262500,4.458889,1000000.0
E02006505,715960,419500,262500,4.498636,980860.2290366585
E02006505,715961,420500,262500,4.589335,71246.96087661575
E02006505,716645,414500,261500,4.22319,429454.71660834824
E02006505,716646,415500,261500,4.365573,824674.5344531321
E02006505,716647,416500,261500,4.948273,1000000.0
E02006505,716648,417500,261500,4.569494,1000000.0
E02006505,716649,418500,261500,4.424186,1000000.0
E02006505,716650,419500,261500,4.339397,869303.3937218285
E02006505,716651,420500,261500,4.431212,29993.03214362961
E02006505,717336,415500,260500,4.239046,13627.091363941141
E02006505,717337,416500,260500,4.887095,407902.3784072232
E02006505,717338,417500,260500,4.707785,1000000.0
E02006505,717339,418500,260500,4.427289,990897.4480402046
E02006505,717340,419500,260500,4.328053,189300.47196265621
E02006505,718027,416500,259500,4.760972,92253.31961600127
E02006505,718028,417500,259500,4.611914,418849.91345053125
E02006505,718029,418500,259500,4.372188,729721.4521846481
E02006505,718719,418500,258500,4.592861,19333.161406141815
E02006506,713877,406500,265500,8.948093,8100.584095171014
E02006506,713878,407500,265500,7.865047,7112.4865572733615
E02006506,713879,408500,265500,5.701881,458094.0013296035
E02006506,713880,409500,265500,5.057059,700166.3570335376
E02006506,713881,410500,265500,4.805852,159966.28377512115
E02006506,714566,405500,264500,5.789248,620.6779621103924
E02006506,714567,406500,264500,6.352108,573538.0107428893
E02006506,714568,407500,264500,6.393605,829318.2699474293
E02006506,714569,408500,264500,5.259413,1000000.0
E02006506,714570,409500,264500,4.782996,980679.2118132086
E02006506,714571,410500,264500,4.556917,148403.70527448654
E02006506,715256,405500,263500,5.426837,2735.251294284291
E02006506,715257,406500,263500,5.665798,651733.5717449702
E02006506,715258,407500,263500,5.641377,1000000.0
E02006506,715259,408500,263500,4.89946,882444.0364541633
E02006506,715260,409500,263500,4.597469,576379.592215015
E02006506,715947,406500,262500,4.713255,4915.485428257435
E02006506,715948,407500,262500,5.140934,414230.97530539194
E02006506,715949,408500,262500,5.519188,227236.21507290218
E02006507,713914,443500,265500,4.889486,64763.85261654318
E02006507,714603,442500,264500,5.167021,447268.3677711321
E02006507,714604,443500,264500,5.127689,958211.3340398706
E02006507,714605,444500,264500,4.901655,593786.4507612897
E02006507,714606,445500,264500,5.029038,61232.19349624352
E02006507,714609,448500,264500,4.788194,18507.47537176692
E02006507,715291,440500,263500,5.111446,14700.208961325416
E02006507,715292,441500,263500,5.265782,508751.52913032385
E02006507,715293,442500,263500,5.191093,907922.9776050112
E02006507,715294,443500,263500,5.105527,1000000.0
E02006507,715295,444500,263500,4.803877,1000000.0
E02006507,715296,445500,263500,4.95147,879763.1817531335
E02006507,715297,446500,263500,4.871392,403863.9572671368
E02006507,715298,447500,263500,4.780277,21534.496928204353
E02006507,715299,448500,263500,4.694525,603545.3693781121
E02006507,715300,449500,263500,4.693269,401475.2312459575
E02006507,715981,440500,262500,5.09747,426361.06095362606
E02006507,715982,441500,262500,5.62032,1000000.0
E02006507,715983,442500,262500,5.284355,1000000.0
E02006507,715984,443500,262500,4.866666,1000000.0
E02006507,715985,444500,262500,4.654787,1000000.0
E02006507,715986,445500,262500,4.864851,1000000.0
E02006507,715987,446500,262500,4.818297,998179.1032134016
E02006507,715988,447500,262500,4.789202,751813.6834710231
E02006507,715989,448500,262500,4.726829,1000000.0
E02006507,715990,449500,262500,4.684824,956062.813419921
E02006507,715991,450500,262500,4.610817,462024.43980499124
E02006507,715992,451500,262500,4.605223,50945.31093226234
E02006507,716671,440500,261500,5.311929,737884.4227535848
E02006507,716672,441500,261500,6.154707,1000000.0
E02006507,716673,442500,261500,5.462766,1000000.0
E02006507,716674,443500,261500,4.792048,1000000.0
E02006507,716675,444500,261500,4.6054,1000000.0
E02006507,716676,445500,261500,4.847664,1000000.0
E02006507,716677,446500,261500,4.894638,1000000.0
E02006507,716678,447500,261500,4.609903,1000000.0
E02006507,716679,448500,261500,4.518981,1000000.0
E02006507,716680,449500,261500,4.488983,1000000.0
E02006507,716681,450500,261500,4.562194,966626.978788838
E02006507,716682,451500,261500,4.612228,540015.3800611636
E02006507,716683,452500,261500,4.659449,200568.37576564326
E02006507,717361,440500,260500,4.938874,706290.5661681553
E02006507,717362,441500,260500,5.137369,998780.6502112577
E02006507,717363,442500,260500,4.740604,971383.7809434031
E02006507,717364,443500,260500,4.509289,1000000.0
E02006507,717365,444500,260500,4.377254,1000000.0
E02006507,717366,445500,260500,4.630882,1000000.0
E02006507,717367,446500,260500,4.653931,1000000.0
E02006507,717368,447500,260500,4.541912,1000000.0
E02006507,717369,448500,260500,4.468784,860286.0239347343
E02006507,717370,449500,260500,4.398375,790721.5032361
E02006507,717371,450500,260500,4.427676,306051.02164344734
E02006507,718051,440500,259500,4.84687,157469.8137437958
E02006507,718052,441500,259500,4.779887,147326.67398139482
E02006507,718053,442500,259500,4.538327,16990.957473976334
E02006507,718054,443500,259500,4.375998,422068.90504538047
E02006507,718055,444500,259500,4.279721,858061.5449967005
E02006507,718056,445500,259500,4.57464,996433.1712605148
E02006507,718057,446500,259500,4.470712,1000000.0
E02006507,718058,447500,259500,4.427173,568902.9004636238
E02006507,718059,448500,259500,4.393916,11058.528436305369
E02006507,718061,450500,259500,4.352509,5959.138068446485
E02006507,718745,444500,258500,4.237969,74026.4334268676
E02006507,718746,445500,258500,4.494714,102033.69176387759
E02006507,718747,446500,258500,4.445382,214624.91783256258
E02006507,718748,447500,258500,4.388983,8569.76769139121
E02006508,712530,439500,267500,5.097338,267370.3932828739
E02006508,712531,440500,267500,5.085498,418089.12654932897
E02006508,712532,441500,267500,5.211768,200277.75782127067
E02006508,713218,437500,266500,5.212004,115333.77168574647
E02006508,713219,438500,266500,5.035998,393864.7924276498
E02006508,713220,439500,266500,5.027316,779601.9875247314
E02006508,713221,440500,266500,5.058242,1000000.0
E02006508,713222,441500,266500,5.196049,987262.2341056855
E02006508,713223,442500,266500,4.978319,466607.1111379768
E02006508,713224,443500,266500,4.930788,6177.156835839232
E02006508,713908,437500,265500,5.151222,66892.49141633767
E02006508,713909,438500,265500,4.942698,949021.3587181863
E02006508,713910,439500,265500,4.915308,1000000.0
E02006508,713911,440500,265500,5.004051,1000000.0
E02006508,713912,441500,265500,5.250756,1000000.0
E02006508,713913,442500,265500,4.950702,1000000.0
E02006508,713914,443500,265500,4.889486,435284.92257615185
E02006508,714599,438500,264500,4.826066,511258.4671160383
E02006508,714600,439500,264500,4.763146,1000000.0
E02006508,714601,440500,264500,5.102088,1000000.0
E02006508,714602,441500,264500,5.322484,1000000.0
E02006508,714603,442500,264500,5.167021,552731.632228868
E02006508,714604,443500,264500,5.127689,19771.921208970987
E02006508,715287,436500,263500,5.221829,126132.43554883832
E02006508,715288,437500,263500,4.882349,827416.5659940885
E02006508,715289,438500,263500,4.827116,936982.6797336612
E02006508,715290,439500,263500,4.794171,1000000.0
E02006508,715291,440500,263500,5.111446,985299.7910386747
E02006508,715292,441500,263500,5.265782,491248.4708696762
E02006508,715293,442500,263500,5.191093,92077.02239498877
E02006508,715976,435500,262500,5.129155,346505.7549268359
E02006508,715977,436500,262500,4.927044,992083.9155813555
E02006508,715978,437500,262500,5.018797,1000000.0
E02006508,715979,438500,262500,4.916635,1000000.0
E02006508,715980,439500,262500,4.846589,1000000.0
E02006508,715981,440500,262500,5.09747,573638.939046374
E02006508,716665,434500,261500,5.222132,40774.18764362172
E02006508,716666,435500,261500,5.172421,916321.4126129476
E02006508,716667,436500,261500,4.859066,1000000.0
E02006508,716668,437500,261500,4.794776,1000000.0
E02006508,716669,438500,261500,5.692432,1000000.0
E02006508,716670,439500,261500,4.821938,1000000.0
E02006508,716671,440500,261500,5.311929,262115.57724641523
E02006508,717353,432500,260500,5.144328,14254.836003682343
E02006508,717354,433500,260500,4.89591,454731.4197181537
E02006508,717355,434500,260500,4.834616,578751.3375849759
E02006508,717356,435500,260500,4.764557,1000000.0
E02006508,717357,436500,260500,4.928101,1000000.0
E02006508,717358,437500,260500,5.09723,1000000.0
E02006508,717359,438500,260500,4.822016,1000000.0
E02006508,717360,439500,260500,4.605105,1000000.0
E02006508,717361,440500,260500,4.938874,293709.43383184465
E02006508,717362,441500,260500,5.137369,1219.3497887422789
E02006508,717363,442500,260500,4.740604,28616.21905659698
E02006508,717369,448500,260500,4.468784,134716.34426212314
E02006508,717370,449500,260500,4.398375,6277.305586719889
E02006508,718043,432500,259500,5.923064,218677.15721936576
E02006508,718044,433500,259500,4.991954,1000000.0
E02006508,718045,434500,259500,4.730724,1000000.0
E02006508,718046,435500,259500,4.859613,1000000.0
E02006508,718047,436500,259500,4.89634,1000000.0
E02006508,718048,437500,259500,4.977121,1000000.0
E02006508,718049,438500,259500,5.006183,1000000.0
E02006508,718050,439500,259500,5.065522,1000000.0
E02006508,718051,440500,259500,4.84687,842530.1862562043
E02006508,718052,441500,259500,4.779887,852673.3260186051
E02006508,718053,442500,259500,4.538327,983009.0425260237
E02006508,718054,443500,259500,4.375998,577931.0949546195
E02006508,718055,444500,259500,4.279721,141938.45500329943
E02006508,718056,445500,259500,4.57464,3566.8287394853674
E02006508,718058,447500,259500,4.427173,431097.09953637625
E02006508,718059,448500,259500,4.393916,988941.4715636946
E02006508,718060,449500,259500,4.350273,345229.3931951754
E02006508,718733,432500,258500,5.376215,272446.3273398059
E02006508,718734,433500,258500,6.40952,967121.4381519143
E02006508,718735,434500,258500,4.951747,1000000.0
E02006508,718736,435500,258500,4.981859,1000000.0
E02006508,718737,436500,258500,4.816856,1000000.0
E02006508,718738,437500,258500,4.773709,1000000.0
E02006508,718739,438500,258500,4.801666,1000000.0
E02006508,718740,439500,258500,5.071991,1000000.0
E02006508,718741,440500,258500,4.704989,1000000.0
E02006508,718742,441500,258500,4.732876,1000000.0
E02006508,718743,442500,258500,4.473915,1000000.0
E02006508,718744,443500,258500,4.313318,1000000.0
E02006508,718745,444500,258500,4.237969,925973.5665731324
E02006508,718746,445500,258500,4.494714,897966.3082361225
E02006508,718747,446500,258500,4.445382,785375.0821674375
E02006508,718748,447500,258500,4.388983,991430.2323086088
E02006508,718749,448500,258500,4.387712,1000000.0
E02006508,718750,449500,258500,4.342023,675831.1504199409
E02006508,718751,450500,258500,4.349762,4074.89928965091
E02006508,719424,433500,257500,5.071046,524460.8817728733
E02006508,719425,434500,257500,6.421112,1000000.0
E02006508,719426,435500,257500,5.563677,1000000.0
E02006508,719427,436500,257500,5.074963,1000000.0
E02006508,719428,437500,257500,4.793783,1000000.0
E02006508,719429,438500,257500,4.867118,1000000.0
E02006508,719430,439500,257500,4.821599,1000000.0
E02006508,719431,440500,257500,4.873461,1000000.0
E02006508,719432,441500,257500,4.702985,1000000.0
E02006508,719433,442500,257500,4.385231,1000000.0
E02006508,719434,443500,257500,4.279268,1000000.0
E02006508,719435,444500,257500,4.181634,1000000.0
E02006508,719436,445500,257500,4.431524,1000000.0
E02006508,719437,446500,257500,4.387255,1000000.0
E02006508,719438,447500,257500,4.406743,1000000.0
E02006508,719439,448500,257500,4.453132,1000000.0
E02006508,719440,449500,257500,4.40788,1000000.0
E02006508,719441,450500,257500,4.40493,598277.9426482749
E02006508,720114,433500,256500,4.386391,1057.1823516603765
E02006508,720115,434500,256500,4.770767,275427.2691001189
E02006508,720116,435500,256500,6.997991,956782.609663888
E02006508,720117,436500,256500,5.84983,1000000.0
E02006508,720118,437500,256500,5.045677,1000000.0
E02006508,720119,438500,256500,4.760825,1000000.0
E02006508,720120,439500,256500,4.599201,1000000.0
E02006508,720121,440500,256500,4.852175,1000000.0
E02006508,720122,441500,256500,4.572604,1000000.0
E02006508,720123,442500,256500,4.438833,1000000.0
E02006508,720124,443500,256500,4.295884,1000000.0
E02006508,720125,444500,256500,4.219341,1000000.0
E02006508,720126,445500,256500,4.458898,1000000.0
E02006508,720127,446500,256500,4.435725,1000000.0
E02006508,720128,447500,256500,4.463414,1000000.0
E02006508,720129,448500,256500,4.445115,1000000.0
E02006508,720130,449500,256500,4.454001,1000000.0
E02006508,720131,450500,256500,4.44468,894051.9225511705
E02006508,720132,451500,256500,4.450197,22.785683735760756
E02006508,720806,435500,255500,7.978354,229513.48020011437
E02006508,720807,436500,255500,6.963718,498666.83652952855
E02006508,720808,437500,255500,5.6429,771713.2308571059
E02006508,720809,438500,255500,4.796381,999092.344540853
E02006508,720810,439500,255500,4.56403,905846.6377387902
E02006508,720811,440500,255500,4.755978,833422.2886718092
E02006508,720812,441500,255500,4.517508,985464.0957374378
E02006508,720813,442500,255500,4.500057,1000000.0
E02006508,720814,443500,255500,4.343173,1000000.0
E02006508,720815,444500,255500,4.246347,1000000.0
E02006508,720816,445500,255500,4.49709,1000000.0
E02006508,720817,446500,255500,4.481007,1000000.0
E02006508,720818,447500,255500,4.477438,989277.4792011952
E02006508,720819,448500,255500,4.438462,918337.1478105788
E02006508,720820,449500,255500,4.407762,571091.4869089442
E02006508,720821,450500,255500,4.464769,376135.28230598
E02006508,720822,451500,255500,4.47718,4799.707682669378
E02006508,721499,438500,254500,4.633878,60178.818236055755
E02006508,721502,441500,254500,4.795581,553471.8774384487
E02006508,721503,442500,254500,4.552973,1000000.0
E02006508,721504,443500,254500,4.402017,1000000.0
E02006508,721505,444500,254500,4.292458,1000000.0
E02006508,721506,445500,254500,4.587304,1000000.0
E02006508,721507,446500,254500,4.548893,867675.705001547
E02006508,721508,447500,254500,4.512689,78164.79542433613
E02006508,722191,440500,253500,4.487411,148937.4697115663
E02006508,722192,441500,253500,4.612076,911696.8309239082
E02006508,722193,442500,253500,4.767051,1000000.0
E02006508,722194,443500,253500,4.578713,1000000.0
E02006508,722195,444500,253500,4.404827,1000000.0
E02006508,722196,445500,253500,4.635593,953966.0898917343
E02006508,722197,446500,253500,4.607148,163898.77757493034
E02006508,722881,440500,252500,4.555152,423389.95451603906
E02006508,722882,441500,252500,4.553338,1000000.0
E02006508,722883,442500,252500,4.710446,1000000.0
E02006508,722884,443500,252500,4.851619,1000000.0
E02006508,722885,444500,252500,4.514675,1000000.0
E02006508,722886,445500,252500,4.690847,747811.1722657006
E02006508,723571,440500,251500,4.682924,457572.92390422634
E02006508,723572,441500,251500,4.470895,1000000.0
E02006508,723573,442500,251500,4.495494,1000000.0
E02006508,723574,443500,251500,4.558479,1000000.0
E02006508,723575,444500,251500,4.791203,1000000.0
E02006508,723576,445500,251500,4.783459,491596.5957662818
E02006508,724260,439500,250500,5.986678,444843.4968982846
E02006508,724261,440500,250500,4.836107,961547.4766785771
E02006508,724262,441500,250500,4.619641,1000000.0
E02006508,724263,442500,250500,4.489111,1000000.0
E02006508,724264,443500,250500,4.57718,1000000.0
E02006508,724265,444500,250500,4.515225,1000000.0
E02006508,724266,445500,250500,5.125311,87693.1366867911
E02006508,724950,439500,249500,4.232137,544108.5097400817
E02006508,724951,440500,249500,6.645759,999388.2899056781
E02006508,724952,441500,249500,5.116239,995770.7809484026
E02006508,724953,442500,249500,4.905279,1000000.0
E02006508,724954,443500,249500,4.895175,1000000.0
E02006508,724955,444500,249500,4.781081,780381.5559556285
E02006508,724956,445500,249500,5.173763,37359.5211957276
E02006508,725641,440500,248500,5.265851,121441.04359682059
E02006508,725642,441500,248500,6.642486,125558.7671916406
E02006508,725643,442500,248500,5.175231,813416.5679528195
E02006508,725644,443500,248500,4.982565,300715.9288725025
E02006508,725645,444500,248500,4.944152,161590.39030377043
E02006508,726333,442500,247500,6.761863,23905.765992088396
E02006509,716635,404500,261500,4.670259,53953.23381233071
E02006509,716636,405500,261500,4.44566,263336.515738707
E02006509,717325,404500,260500,4.304183,27102.04613541173
E02006509,717326,405500,260500,4.301001,697330.5223804928
E02006509,717327,406500,260500,4.175668,176379.2205442811
E02006509,718016,405500,259500,4.128101,666241.0358593588
E02006509,718017,406500,259500,4.106443,865705.8723693232
E02006509,718018,407500,259500,4.151687,541466.6369487876
E02006509,718019,408500,259500,4.547193,444377.1012809947
E02006509,718706,405500,258500,4.064023,330204.6923235266
E02006509,718707,406500,258500,3.963951,1000000.0
E02006509,718708,407500,258500,4.083788,1000000.0
E02006509,718709,408500,258500,4.899465,868793.9921397732
E02006509,718710,409500,258500,5.52467,287370.57194128365
E02006509,719396,405500,257500,4.032251,357333.4817564599
E02006509,719397,406500,257500,3.911279,1000000.0
E02006509,719398,407500,257500,4.039453,1000000.0
E02006509,719399,408500,257500,4.857599,1000000.0
E02006509,719400,409500,257500,4.573986,534770.8872920662
E02006509,719401,410500,257500,4.205705,18594.192812045407
E02006509,720085,404500,256500,3.789835,262170.82935315947
E02006509,720086,405500,256500,3.876375,878506.5455513813
E02006509,720087,406500,256500,3.919583,1000000.0
E02006509,720088,407500,256500,4.020662,1000000.0
E02006509,720089,408500,256500,4.695613,552275.6389560947
E02006509,720090,409500,256500,4.431289,55414.08971922298
E02006509,720775,404500,255500,3.713222,530864.4656601016
E02006509,720776,405500,255500,3.820303,1000000.0
E02006509,720777,406500,255500,3.791681,1000000.0
E02006509,720778,407500,255500,3.868069,996106.6730068239
E02006509,720779,408500,255500,4.310632,149174.46077504443
E02006509,721465,404500,254500,3.735068,234440.19871136436
E02006509,721466,405500,254500,3.823914,610955.3576674908
E02006509,721467,406500,254500,3.809236,623550.4417866942
E02006509,721468,407500,254500,3.854997,630394.0504166094
E02006509,721469,408500,254500,4.30547,269292.92088434333
E02006510,715262,411500,263500,4.310641,501990.8038500126
E02006510,715263,412500,263500,4.29417,234151.27735151205
E02006510,715951,410500,262500,4.274255,27471.183540021782
E02006510,715952,411500,262500,4.204783,996195.0726594253
E02006510,715953,412500,262500,4.196222,971348.3705111463
E02006510,715954,413500,262500,4.141477,500885.34564443136
E02006510,715955,414500,262500,4.361953,8003.882793152976
E02006510,716641,410500,261500,4.16473,619105.7258426923
E02006510,716642,411500,261500,4.120944,999716.3965669087
E02006510,716643,412500,261500,4.08586,1000000.0
E02006510,716644,413500,261500,4.12349,1000000.0
E02006510,716645,414500,261500,4.22319,570545.2833916517
E02006510,716646,415500,261500,4.365573,175325.46554686793
E02006510,717331,410500,260500,4.16157,483561.8918364485
E02006510,717332,411500,260500,4.100768,1000000.0
E02006510,717333,412500,260500,4.067788,1000000.0
E02006510,717334,413500,260500,4.122593,1000000.0
E02006510,717335,414500,260500,4.078974,1000000.0
E02006510,717336,415500,260500,4.239046,986372.9086360589
E02006510,717337,416500,260500,4.887095,592097.6215927767
E02006510,718020,409500,259500,4.354219,81209.56621731159
E02006510,718021,410500,259500,4.278797,760699.4870100262
E02006510,718022,411500,259500,4.242292,1000000.0
E02006510,718023,412500,259500,4.159339,1000000.0
E02006510,718024,413500,259500,4.08148,1000000.0
E02006510,718025,414500,259500,4.038486,1000000.0
E02006510,718026,415500,259500,4.194387,1000000.0
E02006510,718027,416500,259500,4.760972,907746.6803839988
E02006510,718028,417500,259500,4.611914,581150.0865494688
E02006510,718029,418500,259500,4.372188,51388.12251184142
E02006510,718710,409500,258500,5.52467,569934.1710391057
E02006510,718711,410500,258500,4.34978,1000000.0
E02006510,718712,411500,258500,4.075042,1000000.0
E02006510,718713,412500,258500,4.02203,1000000.0
E02006510,718714,413500,258500,3.98674,1000000.0
E02006510,718715,414500,258500,4.04281,1000000.0
E02006510,718716,415500,258500,4.248003,1000000.0
E02006510,718717,416500,258500,4.801154,1000000.0
E02006510,718718,417500,258500,4.568008,1000000.0
E02006510,718719,418500,258500,4.592861,828026.7531213345
E02006510,718720,419500,258500,4.585139,187006.85757099942
E02006510,719400,409500,257500,4.573986,465229.11270793376
E02006510,719401,410500,257500,4.205705,981405.8071879547
E02006510,719402,411500,257500,4.086703,1000000.0
E02006510,719403,412500,257500,4.045306,1000000.0
E02006510,719404,413500,257500,3.999527,1000000.0
E02006510,719405,414500,257500,4.04524,1000000.0
E02006510,719406,415500,257500,4.146031,1000000.0
E02006510,719407,416500,257500,4.489227,1000000.0
E02006510,719408,417500,257500,4.795825,1000000.0
E02006510,719409,418500,257500,4.980198,998824.8091174567
E02006510,719410,419500,257500,5.406556,595411.0830384314
E02006510,720089,408500,256500,4.695613,447724.3610439054
E02006510,720090,409500,256500,4.431289,944585.9102807769
E02006510,720091,410500,256500,4.30601,1000000.0
E02006510,720092,411500,256500,4.300076,1000000.0
E02006510,720093,412500,256500,4.328137,1000000.0
E02006510,720094,413500,256500,4.315427,1000000.0
E02006510,720095,414500,256500,4.204908,1000000.0
E02006510,720096,415500,256500,4.166293,1000000.0
E02006510,720097,416500,256500,4.325975,1000000.0
E02006510,720098,417500,256500,5.061116,1000000.0
E02006510,720099,418500,256500,6.381529,555505.0943411369
E02006510,720778,407500,255500,3.868069,3893.3269931760433
E02006510,720779,408500,255500,4.310632,715382.9560124691
E02006510,720780,409500,255500,4.00188,952021.7621983868
E02006510,720781,410500,255500,3.960409,1000000.0
E02006510,720782,411500,255500,3.926656,1000000.0
E02006510,720783,412500,255500,3.946699,1000000.0
E02006510,720784,413500,255500,3.943423,1000000.0
E02006510,720785,414500,255500,4.146828,1000000.0
E02006510,720786,415500,255500,4.407982,1000000.0
E02006510,720787,416500,255500,4.591742,1000000.0
E02006510,720788,417500,255500,5.292593,829281.0841515786
E02006510,720789,418500,255500,6.012116,16475.841060231473
E02006510,721469,408500,254500,4.30547,10529.21559287441
E02006510,721470,409500,254500,4.023298,252695.29982163844
E02006510,721471,410500,254500,3.983741,815625.4867024928
E02006510,721472,411500,254500,3.973052,1000000.0
E02006510,721473,412500,254500,3.965672,1000000.0
E02006510,721474,413500,254500,3.920122,1000000.0
E02006510,721475,414500,254500,3.989909,1000000.0
E02006510,721476,415500,254500,4.071008,1000000.0
E02006510,721477,416500,254500,4.23466,1000000.0
E02006510,721478,417500,254500,4.604683,998777.7312509377
E02006510,721479,418500,254500,5.181002,127787.68826846771
E02006510,722161,410500,253500,4.066072,200.78920589875696
E02006510,722162,411500,253500,3.984692,498429.72080606443
E02006510,722163,412500,253500,3.946918,1000000.0
E02006510,722164,413500,253500,3.930166,1000000.0
E02006510,722165,414500,253500,4.083018,973269.9979173398
E02006510,722166,415500,253500,4.163859,997258.0548220488
E02006510,722167,416500,253500,4.384003,1000000.0
E02006510,722168,417500,253500,4.414598,995601.4067374631
E02006510,722169,418500,253500,4.586677,299188.60767661233
E02006510,722852,411500,252500,4.017221,67982.338089186
E02006510,722853,412500,252500,3.888649,990412.7144452403
E02006510,722854,413500,252500,3.874645,951784.8220832396
E02006510,722855,414500,252500,4.095811,161406.4782958942
E02006510,722856,415500,252500,4.18738,634170.495663055
E02006510,722857,416500,252500,4.944344,767943.3089241374
E02006510,722858,417500,252500,4.298924,244503.29847408627
E02006510,723542,411500,251500,3.94849,27793.33949504707
E02006510,723543,412500,251500,3.851491,285555.0972971531
E02006510,723544,413500,251500,3.84309,494744.5158205378
E02006510,723545,414500,251500,3.960961,139052.98423409756
E02006511,715270,419500,263500,4.651423,24169.040966832872
E02006511,715271,420500,263500,4.727822,383437.46395663806
E02006511,715272,421500,263500,4.837194,334335.9638330577
E02006511,715273,422500,263500,5.118791,77495.05199600395
E02006511,715960,419500,262500,4.498636,19139.770963341456
E02006511,715961,420500,262500,4.589335,928753.0391233843
E02006511,715962,421500,262500,4.613887,1000000.0
E02006511,715963,422500,262500,4.766977,611612.7927010331
E02006511,715964,423500,262500,4.955098,104373.57342362413
E02006511,715965,424500,262500,5.294837,100730.38172005709
E02006511,716650,419500,261500,4.339397,130696.60627817153
E02006511,716651,420500,261500,4.431212,970006.9678563703
E02006511,716652,421500,261500,4.484382,1000000.0
E02006511,716653,422500,261500,4.612732,1000000.0
E02006511,716654,423500,261500,4.76863,1000000.0
E02006511,716655,424500,261500,5.416669,692245.2556962295
E02006511,716656,425500,261500,5.692811,27505.109872448007
E02006511,717339,418500,260500,4.427289,9102.551959795388
E02006511,717340,419500,260500,4.328053,810699.5280373438
E02006511,717341,420500,260500,4.41437,1000000.0
E02006511,717342,421500,260500,4.590734,1000000.0
E02006511,717343,422500,260500,4.671675,1000000.0
E02006511,717344,423500,260500,5.328486,1000000.0
E02006511,717345,424500,260500,5.064759,1000000.0
E02006511,717346,425500,260500,4.780875,755855.7428277206
E02006511,717347,426500,260500,5.108624,31411.418975731525
E02006511,718029,418500,259500,4.372188,218890.42530351042
E02006511,718030,419500,259500,4.369568,1000000.0
E02006511,718031,420500,259500,4.63319,1000000.0
E02006511,718032,421500,259500,5.074078,1000000.0
E02006511,718033,422500,259500,5.073419,1000000.0
E02006511,718034,423500,259500,4.959277,1000000.0
E02006511,718035,424500,259500,4.549277,1000000.0
E02006511,718036,425500,259500,4.4993,999693.5898434825
E02006511,718037,426500,259500,4.491849,780187.2399039352
E02006511,718038,427500,259500,4.798578,3442.6474336505325
E02006511,718040,429500,259500,4.69504,1803.5981571084837
E02006511,718041,430500,259500,5.004945,153781.49520596128
E02006511,718042,431500,259500,6.442373,15.525351786304755
E02006511,718719,418500,258500,4.592861,152640.0854725237
E02006511,718720,419500,258500,4.585139,812993.1424290006
E02006511,718721,420500,258500,5.075973,1000000.0
E02006511,718722,421500,258500,4.667955,1000000.0
E02006511,718723,422500,258500,4.818199,1000000.0
E02006511,718724,423500,258500,4.655833,1000000.0
E02006511,718725,424500,258500,4.391329,1000000.0
E02006511,718726,425500,258500,4.327436,773360.299068369
E02006511,718727,426500,258500,4.332421,62972.44222351067
E02006511,718728,427500,258500,4.615358,527934.8471717533
E02006511,718729,428500,258500,4.387821,278422.61354374915
E02006511,718730,429500,258500,4.463232,205130.24497693242
E02006511,718731,430500,258500,4.491549,974543.7937817932
E02006511,718732,431500,258500,4.631582,906860.5437201117
E02006511,718733,432500,258500,5.376215,573489.8922621368
E02006511,718734,433500,258500,6.40952,28700.226082870802
E02006511,719410,419500,257500,5.406556,55866.90152877438
E02006511,719411,420500,257500,4.877527,813179.1330942848
E02006511,719412,421500,257500,4.809058,931414.2472360515
E02006511,719413,422500,257500,5.062992,868760.9977674986
E02006511,719414,423500,257500,4.58199,838628.0297802009
E02006511,719415,424500,257500,4.30777,1000000.0
E02006511,719416,425500,257500,4.289842,998309.5343143027
E02006511,719417,426500,257500,4.222975,806552.6150786652
E02006511,719418,427500,257500,4.557856,1000000.0
E02006511,719419,428500,257500,4.297384,966209.0432939557
E02006511,719420,429500,257500,4.314579,862979.3254660349
E02006511,719421,430500,257500,4.285015,1000000.0
E02006511,719422,431500,257500,4.303989,1000000.0
E02006511,719423,432500,257500,4.48311,830801.7116010116
E02006511,719424,433500,257500,5.071046,8106.3240940253645
E02006511,720101,420500,256500,5.375218,68719.51565943944
E02006511,720102,421500,256500,5.326566,29009.5927995781
E02006511,720103,422500,256500,4.847428,38045.36195148997
E02006511,720104,423500,256500,4.572358,254013.9289752149
E02006511,720105,424500,256500,4.226645,959879.7948156378
E02006511,720106,425500,256500,4.153146,1000000.0
E02006511,720107,426500,256500,4.221119,1000000.0
E02006511,720108,427500,256500,4.606208,1000000.0
E02006511,720109,428500,256500,4.332239,1000000.0
E02006511,720110,429500,256500,4.198458,1000000.0
E02006511,720111,430500,256500,4.19328,1000000.0
E02006511,720112,431500,256500,4.218443,1000000.0
E02006511,720113,432500,256500,4.301546,334141.53772531427
E02006511,720794,423500,255500,4.344855,5002.702612018453
E02006511,720795,424500,255500,4.133809,815173.1714454351
E02006511,720796,425500,255500,4.126227,1000000.0
E02006511,720797,426500,255500,4.266274,1000000.0
E02006511,720798,427500,255500,4.909326,1000000.0
E02006511,720799,428500,255500,4.466964,1000000.0
E02006511,720800,429500,255500,4.074382,1000000.0
E02006511,720801,430500,255500,4.141857,1000000.0
E02006511,720802,431500,255500,4.190706,808837.6966993121
E02006511,720803,432500,255500,4.162915,6348.69926051498
E02006511,721485,424500,254500,4.01775,535566.0169305964
E02006511,721486,425500,254500,4.03615,1000000.0
E02006511,721487,426500,254500,4.384196,1000000.0
E02006511,721488,427500,254500,4.906866,1000000.0
E02006511,721489,428500,254500,4.234814,1000000.0
E02006511,721490,429500,254500,4.012947,1000000.0
E02006511,721491,430500,254500,4.044755,1000000.0
E02006511,721492,431500,254500,4.11569,304697.6178697041
E02006511,722175,424500,253500,3.935234,27986.57159650948
E02006511,722176,425500,253500,3.931343,339747.027763173
E02006511,722177,426500,253500,3.975551,800804.9192431114
E02006511,722178,427500,253500,4.223417,818896.25827744
E02006511,722179,428500,253500,3.99477,1000000.0
E02006511,722180,429500,253500,3.977678,1000000.0
E02006511,722181,430500,253500,4.034276,767385.0833221879
E02006511,722182,431500,253500,3.941688,2737.9751088140506
E02006511,722868,427500,252500,4.089828,757972.8059564529
E02006511,722869,428500,252500,3.871359,1000000.0
E02006511,722870,429500,252500,3.83795,977893.6004217098
E02006511,722871,430500,252500,3.959787,167010.21756313104
E02006511,723558,427500,251500,3.984407,616110.2471333436
E02006511,723559,428500,251500,3.779389,795868.1509294367
E02006511,723560,429500,251500,3.825571,525164.0513204038
E02006511,724249,428500,250500,3.748343,193021.5863012906
E02006511,724250,429500,250500,3.728384,27594.835391121942
E02006512,719409,418500,257500,4.980198,1175.1908825433
E02006512,719410,419500,257500,5.406556,348722.0154327943
E02006512,719411,420500,257500,4.877527,186820.86690571526
E02006512,719412,421500,257500,4.809058,68585.75276394852
E02006512,719413,422500,257500,5.062992,12828.263983464642
E02006512,720099,418500,256500,6.381529,444494.9056588631
E02006512,720100,419500,256500,5.926047,1000000.0
E02006512,720101,420500,256500,5.375218,931280.4843405605
E02006512,720102,421500,256500,5.326566,897068.5128274738
E02006512,720103,422500,256500,4.847428,461980.0568225333
E02006512,720789,418500,255500,6.012116,455545.7082546664
E02006512,720790,419500,255500,7.124817,905921.8777990353
E02006512,720791,420500,255500,6.801068,980499.1683394158
E02006512,720792,421500,255500,5.448467,95368.87411192754
E02006512,721481,420500,254500,6.380684,47141.16648223878
E02006513,719413,422500,257500,5.062992,118410.73824903676
E02006513,719414,423500,257500,4.58199,161371.97021979908
E02006513,720102,421500,256500,5.326566,73921.89437294815
E02006513,720103,422500,256500,4.847428,499974.58122597676
E02006513,720104,423500,256500,4.572358,745986.071024785
E02006513,720105,424500,256500,4.226645,40120.20518436224
E02006513,720791,420500,255500,6.801068,18849.452349377396
E02006513,720792,421500,255500,5.448467,904631.1258880723
E02006513,720793,422500,255500,5.006396,1000000.0
E02006513,720794,423500,255500,4.344855,994997.2973879816
E02006513,720795,424500,255500,4.133809,184826.82855456488
E02006513,721481,420500,254500,6.380684,682847.7572484707
E02006513,721482,421500,254500,5.195677,1000000.0
E02006513,721483,422500,254500,4.58905,1000000.0
E02006513,721484,423500,254500,4.181688,1000000.0
E02006513,721485,424500,254500,4.01775,464433.98306940356
E02006513,722170,419500,253500,4.564131,145287.13207301497
E02006513,722171,420500,253500,5.017464,996999.1321071701
E02006513,722172,421500,253500,4.862041,1000000.0
E02006513,722173,422500,253500,4.313059,1000000.0
E02006513,722174,423500,253500,4.007475,993563.4220814122
E02006513,722175,424500,253500,3.935234,203623.0960586044
E02006513,722860,419500,252500,4.271035,178674.3624959465
E02006513,722861,420500,252500,4.233139,872698.3713489335
E02006513,722862,421500,252500,4.117516,873279.0290137202
E02006513,722863,422500,252500,4.086529,703844.9592450378
E02006513,722864,423500,252500,3.947217,762678.0759859992
E02006513,722865,424500,252500,3.825591,21493.36165561501
E02006513,723553,422500,251500,3.87975,43061.48922169078
E02006513,723554,423500,251500,3.827738,159826.58446099024
E02006514,720788,417500,255500,5.292593,170718.9158484214
E02006514,720789,418500,255500,6.012116,527978.450685102
E02006514,720790,419500,255500,7.124817,94078.12220096463
E02006514,720791,420500,255500,6.801068,651.3793112067902
E02006514,721478,417500,254500,4.604683,1222.2687490622711
E02006514,721479,418500,254500,5.181002,872212.3117315323
E02006514,721480,419500,254500,6.356923,1000000.0
E02006514,721481,420500,254500,6.380684,270011.0762692905
E02006514,722169,418500,253500,4.586677,401782.18662467785
E02006514,722170,419500,253500,4.564131,543705.9573196667
E02006514,722171,420500,253500,5.017464,3000.867892829946
E02006516,718734,433500,258500,6.40952,4178.335765214962
E02006516,719423,432500,257500,4.48311,169198.28839898837
E02006516,719424,433500,257500,5.071046,467432.79413310124
E02006516,720113,432500,256500,4.301546,665858.4622746857
E02006516,720114,433500,256500,4.386391,998942.8176483396
E02006516,720115,434500,256500,4.770767,724572.7308998811
E02006516,720116,435500,256500,6.997991,43217.390336111916
E02006516,720802,431500,255500,4.190706,191162.30330068799
E02006516,720803,432500,255500,4.162915,993651.3007394851
E02006516,720804,433500,255500,4.280163,1000000.0
E02006516,720805,434500,255500,4.651098,1000000.0
E02006516,720806,435500,255500,7.978354,770486.5197998856
E02006516,720807,436500,255500,6.963718,501333.16347047145
E02006516,720808,437500,255500,5.6429,228286.76914289402
E02006516,720809,438500,255500,4.796381,907.6554591469627
E02006516,720810,439500,255500,4.56403,94153.36226120975
E02006516,720811,440500,255500,4.755978,166577.71132819078
E02006516,720812,441500,255500,4.517508,14535.904262562079
E02006516,721492,431500,254500,4.11569,695302.3821302959
E02006516,721493,432500,254500,4.086452,1000000.0
E02006516,721494,433500,254500,4.124298,1000000.0
E02006516,721495,434500,254500,4.484473,1000000.0
E02006516,721496,435500,254500,4.650352,1000000.0
E02006516,721497,436500,254500,4.779973,1000000.0
E02006516,721498,437500,254500,6.397053,1000000.0
E02006516,721499,438500,254500,4.633878,939821.1817639442
E02006516,721500,439500,254500,4.312009,1000000.0
E02006516,721501,440500,254500,4.521993,1000000.0
E02006516,721502,441500,254500,4.795581,446528.12256155134
E02006516,722181,430500,253500,4.034276,232614.91667781217
E02006516,722182,431500,253500,3.941688,997262.0248911859
E02006516,722183,432500,253500,3.97416,1000000.0
E02006516,722184,433500,253500,4.099238,1000000.0
E02006516,722185,434500,253500,4.200644,1000000.0
E02006516,722186,435500,253500,4.176786,1000000.0
E02006516,722187,436500,253500,4.335797,1000000.0
E02006516,722188,437500,253500,5.299794,1000000.0
E02006516,722189,438500,253500,5.222058,1000000.0
E02006516,722190,439500,253500,4.4252,1000000.0
E02006516,722191,440500,253500,4.487411,851062.5302884337
E02006516,722192,441500,253500,4.612076,88303.16907609184
E02006516,722870,429500,252500,3.83795,22106.39957829022
E02006516,722871,430500,252500,3.959787,832989.782436869
E02006516,722872,431500,252500,3.970791,1000000.0
E02006516,722873,432500,252500,3.980713,1000000.0
E02006516,722874,433500,252500,4.01762,1000000.0
E02006516,722875,434500,252500,4.013032,1000000.0
E02006516,722876,435500,252500,4.023062,1000000.0
E02006516,722877,436500,252500,4.073864,1000000.0
E02006516,722878,437500,252500,4.349487,1000000.0
E02006516,722879,438500,252500,6.0982,1000000.0
E02006516,722880,439500,252500,4.631081,1000000.0
E02006516,722881,440500,252500,4.555152,576610.045483961
E02006516,723560,429500,251500,3.825571,474835.9486795962
E02006516,723561,430500,251500,3.838018,1000000.0
E02006516,723562,431500,251500,3.844568,1000000.0
E02006516,723563,432500,251500,3.94471,1000000.0
E02006516,723564,433500,251500,4.157345,1000000.0
E02006516,723565,434500,251500,3.987171,1000000.0
E02006516,723566,435500,251500,3.95774,1000000.0
E02006516,723567,436500,251500,4.00527,1000000.0
E02006516,723568,437500,251500,4.189832,1000000.0
E02006516,723569,438500,251500,5.273923,1000000.0
E02006516,723570,439500,251500,5.520023,1000000.0
E02006516,723571,440500,251500,4.682924,542427.0760957737
E02006516,724248,427500,250500,3.770615,43149.080005523276
E02006516,724249,428500,250500,3.748343,627647.1254894173
E02006516,724250,429500,250500,3.728384,972405.1646088781
E02006516,724251,430500,250500,3.729032,1000000.0
E02006516,724252,431500,250500,3.790462,1000000.0
E02006516,724253,432500,250500,3.83394,1000000.0
E02006516,724254,433500,250500,3.947621,1000000.0
E02006516,724255,434500,250500,3.903852,1000000.0
E02006516,724256,435500,250500,3.944935,1000000.0
E02006516,724257,436500,250500,4.002399,1000000.0
E02006516,724258,437500,250500,4.077953,1000000.0
E02006516,724259,438500,250500,4.220532,1000000.0
E02006516,724260,439500,250500,5.986678,555156.5031017155
E02006516,724261,440500,250500,4.836107,38452.52332142296
E02006516,724938,427500,249500,3.747103,257206.3657660866
E02006516,724939,428500,249500,3.76838,1000000.0
E02006516,724940,429500,249500,3.672522,1000000.0
E02006516,724941,430500,249500,3.7147,1000000.0
E02006516,724942,431500,249500,3.735953,1000000.0
E02006516,724943,432500,249500,3.729573,1000000.0
E02006516,724944,433500,249500,3.778385,1000000.0
E02006516,724945,434500,249500,3.772123,1000000.0
E02006516,724946,435500,249500,3.845928,1000000.0
E02006516,724947,436500,249500,3.879749,1000000.0
E02006516,724948,437500,249500,3.971434,1000000.0
E02006516,724949,438500,249500,3.999057,1000000.0
E02006516,724950,439500,249500,4.232137,455891.4902599183
E02006516,724951,440500,249500,6.645759,611.7100943218517
E02006516,724952,441500,249500,5.116239,4229.219051597488
E02006516,725628,427500,248500,3.90521,26429.999395140527
E02006516,725629,428500,248500,3.656046,930050.5824045723
E02006516,725630,429500,248500,3.633743,1000000.0
E02006516,725631,430500,248500,3.681191,1000000.0
E02006516,725632,431500,248500,3.642842,1000000.0
E02006516,725633,432500,248500,3.707767,1000000.0
E02006516,725634,433500,248500,3.696697,1000000.0
E02006516,725635,434500,248500,3.673189,1000000.0
E02006516,725636,435500,248500,3.787621,1000000.0
E02006516,725637,436500,248500,3.781281,1000000.0
E02006516,725638,437500,248500,3.857514,1000000.0
E02006516,725639,438500,248500,3.954946,1000000.0
E02006516,725640,439500,248500,4.034078,1000000.0
E02006516,725641,440500,248500,5.265851,878558.9564031793
E02006516,725642,441500,248500,6.642486,874441.2328083594
E02006516,725643,442500,248500,5.175231,101367.87721229036
E02006516,726319,428500,247500,3.63378,619119.5411211967
E02006516,726320,429500,247500,3.661025,1000000.0
E02006516,726321,430500,247500,3.626899,1000000.0
E02006516,726322,431500,247500,3.649365,1000000.0
E02006516,726323,432500,247500,3.740191,1000000.0
E02006516,726324,433500,247500,3.667382,1000000.0
E02006516,726325,434500,247500,3.63191,1000000.0
E02006516,726326,435500,247500,3.669832,1000000.0
E02006516,726327,436500,247500,3.695091,1000000.0
E02006516,726328,437500,247500,3.752264,1000000.0
E02006516,726329,438500,247500,3.802491,1000000.0
E02006516,726330,439500,247500,3.888915,1000000.0
E02006516,726331,440500,247500,4.672767,1000000.0
E02006516,726332,441500,247500,4.855244,904971.2012581576
E02006516,726333,442500,247500,6.761863,37644.78458476938
E02006516,727009,428500,246500,3.535068,43468.690778196535
E02006516,727010,429500,246500,3.483945,937997.5128395723
E02006516,727011,430500,246500,3.511804,1000000.0
E02006516,727012,431500,246500,3.573798,1000000.0
E02006516,727013,432500,246500,3.55298,1000000.0
E02006516,727014,433500,246500,3.531097,1000000.0
E02006516,727015,434500,246500,3.633438,1000000.0
E02006516,727016,435500,246500,3.696673,1000000.0
E02006516,727017,436500,246500,3.70186,1000000.0
E02006516,727018,437500,246500,3.713197,801323.0937073044
E02006516,727019,438500,246500,3.702035,423943.64529019495
E02006516,727020,439500,246500,3.766206,239380.92443211388
E02006516,727021,440500,246500,4.389245,765501.3317950607
E02006516,727022,441500,246500,4.611111,900254.0545041768
E02006516,727023,442500,246500,5.241242,764822.7173760666
E02006516,727024,443500,246500,6.549384,209565.62427127582
E02006516,727699,428500,245500,3.437436,102310.04900301612
E02006516,727700,429500,245500,3.456262,985723.687035824
E02006516,727701,430500,245500,3.503053,1000000.0
E02006516,727702,431500,245500,3.582669,1000000.0
E02006516,727703,432500,245500,3.502298,1000000.0
E02006516,727704,433500,245500,3.512169,1000000.0
E02006516,727705,434500,245500,3.564119,1000000.0
E02006516,727706,435500,245500,3.582574,1000000.0
E02006516,727707,436500,245500,3.672584,1000000.0
E02006516,727708,437500,245500,3.715742,832724.5147479147
E02006516,727711,440500,245500,4.326022,17154.238894510585
E02006516,727712,441500,245500,4.47961,889020.8602070988
E02006516,727713,442500,245500,4.769582,1000000.0
E02006516,727714,443500,245500,5.958032,854556.6462749585
E02006516,727715,444500,245500,6.117728,9133.760479630959
E02006516,728389,428500,244500,3.474149,4620.534220951708
E02006516,728390,429500,244500,3.473027,675672.8220165353
E02006516,728391,430500,244500,3.500014,1000000.0
E02006516,728392,431500,244500,3.496681,1000000.0
E02006516,728393,432500,244500,3.503717,1000000.0
E02006516,728394,433500,244500,3.562604,1000000.0
E02006516,728395,434500,244500,3.566507,1000000.0
E02006516,728396,435500,244500,4.070364,775892.991495484
E02006516,728397,436500,244500,4.071905,410019.1663328932
E02006516,728398,437500,244500,4.152029,444369.9605959093
E02006516,728402,441500,244500,4.457907,121037.08173360064
E02006516,728403,442500,244500,4.662937,597088.8280577252
E02006516,728404,443500,244500,4.999633,163799.65774451976
E02006516,728405,444500,244500,6.940694,2047.5792380450462
E02006516,729080,429500,243500,3.392059,75664.88498817619
E02006516,729081,430500,243500,3.454803,888328.298207144
E02006516,729082,431500,243500,3.450824,896306.9830234325
E02006516,729083,432500,243500,3.485509,1000000.0
E02006516,729084,433500,243500,3.61918,1000000.0
E02006516,729085,434500,243500,3.537548,999792.9519359237
E02006516,729086,435500,243500,4.05894,225212.45275179535
E02006516,729771,430500,242500,3.460163,58018.35328145597
E02006516,729772,431500,242500,3.474353,50272.5078735964
E02006516,729773,432500,242500,3.48802,715066.4873378661
E02006516,729774,433500,242500,3.505476,1000000.0
E02006516,729775,434500,242500,3.491739,885846.8365324556
E02006516,729776,435500,242500,4.046133,180.0144537181062
E02006516,730463,432500,241500,3.474684,63358.877605008674
E02006516,730464,433500,241500,3.49951,788783.4039786321
E02006516,730465,434500,241500,3.496868,336878.4030861879
E02006516,731154,433500,240500,3.483465,3377.458797681068
E02006516,731155,434500,240500,3.512007,52338.950289939814
E02006519,706307,426500,276500,6.617917,95510.23836596534
E02006519,706308,427500,276500,7.244844,709141.7536156839
E02006519,706309,428500,276500,8.756249,444429.8932962492
E02006519,706310,429500,276500,9.765697,16945.468150697838
E02006519,706997,426500,275500,6.352675,399428.3650637046
E02006519,706998,427500,275500,6.673515,1000000.0
E02006519,706999,428500,275500,7.069317,929887.5124741155
E02006519,707000,429500,275500,8.609027,1082.109344852509
E02006519,707685,424500,274500,6.410595,38239.55412505497
E02006519,707686,425500,274500,6.221058,416313.31480768154
E02006519,707687,426500,274500,6.318417,982476.3746302786
E02006519,707688,427500,274500,6.388387,1000000.0
E02006519,707689,428500,274500,6.657362,983466.7540461571
E02006519,707690,429500,274500,6.95414,80699.68061056435
E02006519,708375,424500,273500,6.020015,581352.2570595894
E02006519,708376,425500,273500,5.955335,1000000.0
E02006519,708377,426500,273500,6.048907,1000000.0
E02006519,708378,427500,273500,6.467129,1000000.0
E02006519,708379,428500,273500,6.676627,585330.0200441797
E02006519,708380,429500,273500,7.328688,82530.75157987689
E02006519,709065,424500,272500,5.84748,174800.13532253023
E02006519,709066,425500,272500,5.845094,691201.8392270916
E02006519,709067,426500,272500,5.927464,958493.2534222446
E02006519,709068,427500,272500,6.388465,1000000.0
E02006519,709069,428500,272500,7.336858,920916.9599617113
E02006519,709070,429500,272500,7.916035,224221.6011628017
E02006519,709757,426500,271500,5.851297,906380.9170661372
E02006519,709758,427500,271500,6.116299,976592.6528736665
E02006519,709759,428500,271500,7.607196,628596.0481946834
E02006519,709760,429500,271500,8.170831,98541.61949351513
E02006519,710447,426500,270500,5.869534,41846.27360888673
E02006519,710448,427500,270500,6.036241,35131.85004309914
E02006519,710449,428500,270500,6.778525,11963.185624957454
E02006520,708379,428500,273500,6.676627,414669.9799558203
E02006520,708380,429500,273500,7.328688,609868.6780048178
E02006520,708381,430500,273500,7.326884,184586.52553692236
E02006520,708382,431500,273500,8.016314,464006.0927736655
E02006520,708383,432500,273500,8.417253,265.48726757939266
E02006520,709069,428500,272500,7.336858,79083.04003828864
E02006520,709070,429500,272500,7.916035,772006.1930587476
E02006520,709071,430500,272500,7.665836,994396.9748911298
E02006520,709072,431500,272500,8.386008,475663.63766811497
E02006520,709760,429500,271500,8.170831,235922.2563474834
E02006520,709761,430500,271500,8.633618,727588.1447379015
E02006520,709762,431500,271500,7.269388,6960.76431035118
E02006520,710450,429500,270500,8.520088,24370.690443648724
E02006520,710451,430500,270500,8.24653,70652.08785790444
E02006521,709070,429500,272500,7.916035,3772.2057784508106
E02006521,709757,426500,271500,5.851297,7777.648195050299
E02006521,709758,427500,271500,6.116299,23407.347126333614
E02006521,709759,428500,271500,7.607196,371403.9518053166
E02006521,709760,429500,271500,8.170831,665536.1241590016
E02006521,710447,426500,270500,5.869534,690229.8408815833
E02006521,710448,427500,270500,6.036241,964868.1499569009
E02006521,710449,428500,270500,6.778525,933521.3996344245
E02006521,710450,429500,270500,8.520088,558706.9216395466
E02006521,710451,430500,270500,8.24653,24068.294016761116
E02006521,711137,426500,269500,5.793349,68316.28105759175
E02006521,711138,427500,269500,5.99892,434964.0235497031
E02006521,711139,428500,269500,6.44378,219269.90842018803
E02006522,707676,415500,274500,7.917607,124122.38428011481
E02006522,707677,416500,274500,8.226715,21784.973903397182
E02006522,707678,417500,274500,7.776921,22474.391710017717
E02006522,707679,418500,274500,7.190064,726694.2695454869
E02006522,707680,419500,274500,7.084627,239651.01600792093
E02006522,707682,421500,274500,6.367182,2285.680544986305
E02006522,707683,422500,274500,6.278649,63300.378751774966
E02006522,707684,423500,274500,6.18815,51324.74328833365
E02006522,708366,415500,273500,7.785343,807587.3090477834
E02006522,708367,416500,273500,7.301409,578296.1033091729
E02006522,708368,417500,273500,6.806709,260319.5353038156
E02006522,708369,418500,273500,6.956844,1000000.0
E02006522,708370,419500,273500,6.74501,325971.95665592095
E02006522,708371,420500,273500,6.529357,18673.622785665342
E02006522,708372,421500,273500,6.172959,446278.2107409728
E02006522,708373,422500,273500,6.142568,995556.835456798
E02006522,708374,423500,273500,6.146204,738692.4316238245
E02006522,708375,424500,273500,6.020015,233198.29208911466
E02006522,709056,415500,272500,7.84544,542037.6555106093
E02006522,709057,416500,272500,6.888777,1000000.0
E02006522,709058,417500,272500,6.688719,1000000.0
E02006522,709059,418500,272500,6.864058,1000000.0
E02006522,709060,419500,272500,6.73626,1000000.0
E02006522,709061,420500,272500,6.408283,934413.3127885518
E02006522,709062,421500,272500,6.13052,940416.7541921979
E02006522,709063,422500,272500,5.99411,1000000.0
E02006522,709064,423500,272500,6.109746,1000000.0
E02006522,709065,424500,272500,5.84748,825199.8646774697
E02006522,709066,425500,272500,5.845094,308798.16077290836
E02006522,709067,426500,272500,5.927464,41506.74657775542
E02006522,709746,415500,271500,7.280555,471576.9579025797
E02006522,709747,416500,271500,7.253529,1000000.0
E02006522,709748,417500,271500,7.207778,1000000.0
E02006522,709749,418500,271500,7.297374,1000000.0
E02006522,709750,419500,271500,6.692485,1000000.0
E02006522,709751,420500,271500,6.274344,1000000.0
E02006522,709752,421500,271500,6.059793,1000000.0
E02006522,709753,422500,271500,6.020974,1000000.0
E02006522,709754,423500,271500,6.044602,1000000.0
E02006522,709755,424500,271500,5.803673,1000000.0
E02006522,709756,425500,271500,5.786891,1000000.0
E02006522,709757,426500,271500,5.851297,85841.43473881253
E02006522,710436,415500,270500,8.16116,182880.4293196998
E02006522,710437,416500,270500,8.092754,1000000.0
E02006522,710438,417500,270500,8.000422,1000000.0
E02006522,710439,418500,270500,7.520656,1000000.0
E02006522,710440,419500,270500,6.882022,1000000.0
E02006522,710441,420500,270500,6.364263,1000000.0
E02006522,710442,421500,270500,5.991076,1000000.0
E02006522,710443,422500,270500,6.04784,1000000.0
E02006522,710444,423500,270500,5.945394,1000000.0
E02006522,710445,424500,270500,5.774337,1000000.0
E02006522,710446,425500,270500,5.756997,1000000.0
E02006522,710447,426500,270500,5.869534,267923.88550953
E02006522,710449,428500,270500,6.778525,54515.41474061799
E02006522,710450,429500,270500,8.520088,395592.93026092276
E02006522,710451,430500,270500,8.24653,37190.31649651727
E02006522,711126,415500,269500,5.913431,102413.37261017544
E02006522,711127,416500,269500,5.920889,1000000.0
E02006522,711128,417500,269500,6.29881,1000000.0
E02006522,711129,418500,269500,8.530056,1000000.0
E02006522,711130,419500,269500,7.850314,1000000.0
E02006522,711131,420500,269500,6.601015,1000000.0
E02006522,711132,421500,269500,6.01026,1000000.0
E02006522,711133,422500,269500,6.00364,1000000.0
E02006522,711134,423500,269500,5.728768,1000000.0
E02006522,711135,424500,269500,5.659378,1000000.0
E02006522,711136,425500,269500,5.710312,1000000.0
E02006522,711137,426500,269500,5.793349,931683.7189424082
E02006522,711138,427500,269500,5.99892,565035.9764502968
E02006522,711139,428500,269500,6.44378,780730.091579812
E02006522,711140,429500,269500,8.084891,1000000.0
E02006522,711141,430500,269500,7.401977,499892.57084198296
E02006522,711142,431500,269500,6.84958,8766.40842380285
E02006522,711816,415500,268500,5.513287,21613.82008766374
E02006522,711817,416500,268500,5.410162,852344.223150673
E02006522,711818,417500,268500,5.579041,1000000.0
E02006522,711819,418500,268500,6.373435,1000000.0
E02006522,711820,419500,268500,8.260612,1000000.0
E02006522,711821,420500,268500,6.811497,1000000.0
E02006522,711822,421500,268500,6.187547,1000000.0
E02006522,711823,422500,268500,6.015618,920484.9646075899
E02006522,711824,423500,268500,5.759927,1000000.0
E02006522,711825,424500,268500,5.651966,1000000.0
E02006522,711826,425500,268500,5.766875,894300.9245512212
E02006522,711827,426500,268500,5.847862,764919.5394498113
E02006522,711828,427500,268500,6.075006,1000000.0
E02006522,711829,428500,268500,6.671768,1000000.0
E02006522,711830,429500,268500,8.26855,1000000.0
E02006522,711831,430500,268500,7.027347,987122.7156307631
E02006522,711832,431500,268500,7.299284,198014.1637483151
E02006522,712507,416500,267500,5.148599,264233.94801751757
E02006522,712508,417500,267500,5.28275,748204.2731583562
E02006522,712509,418500,267500,5.917649,1000000.0
E02006522,712510,419500,267500,5.962187,1000000.0
E02006522,712511,420500,267500,8.363186,1000000.0
E02006522,712512,421500,267500,6.707528,1000000.0
E02006522,712513,422500,267500,6.123012,750895.2020530095
E02006522,712514,423500,267500,6.112976,203292.34687330664
E02006522,712515,424500,267500,5.864516,220880.5543341774
E02006522,712516,425500,267500,5.918422,390211.5279219291
E02006522,712517,426500,267500,6.072004,155534.97237174178
E02006522,712518,427500,267500,6.64471,759063.6651441441
E02006522,712519,428500,267500,7.814061,820204.1710250356
E02006522,712520,429500,267500,8.377868,372791.72598048084
E02006522,712521,430500,267500,7.381108,61488.43482260143
E02006522,713198,417500,266500,5.166302,23272.576503965895
E02006522,713199,418500,266500,5.720847,516585.9100554254
E02006522,713200,419500,266500,5.408983,811650.5505249865
E02006522,713201,420500,266500,5.711061,1000000.0
E02006522,713202,421500,266500,8.045422,1000000.0
E02006522,713203,422500,266500,6.82217,616347.1434371014
E02006522,713210,429500,266500,7.786949,43645.377654173986
E02006522,713890,419500,265500,5.184036,78791.4550145421
E02006522,713891,420500,265500,5.2047,201577.35826540703
E02006522,713892,421500,265500,5.421072,805986.5550712121
E02006522,713893,422500,265500,7.284416,433746.02063033625
E02006523,706310,429500,276500,9.765697,152801.51774257963
E02006523,706999,428500,275500,7.069317,70112.48752588447
E02006523,707000,429500,275500,8.609027,909635.9037464225
E02006523,707001,430500,275500,7.746398,121034.57814328698
E02006523,707002,431500,275500,8.024777,279101.7706419205
E02006523,707003,432500,275500,8.884829,512532.5159358322
E02006523,707004,433500,275500,10.58891,270620.5767784763
E02006523,707005,434500,275500,11.17503,592125.0461952962
E02006523,707006,435500,275500,11.05631,421544.31045719626
E02006523,707007,436500,275500,10.67624,291959.0137255869
E02006523,707689,428500,274500,6.657362,16533.245953842856
E02006523,707690,429500,274500,6.95414,919300.3193894357
E02006523,707691,430500,274500,7.33977,437703.55057358503
E02006523,707692,431500,274500,7.489853,886828.0039672629
E02006523,707693,432500,274500,8.370804,995149.3315992398
E02006523,707694,433500,274500,9.110884,926476.1314141788
E02006523,707695,434500,274500,8.191172,1000000.0
E02006523,707696,435500,274500,7.971535,1000000.0
E02006523,707697,436500,274500,7.971881,695629.3388878581
E02006523,708380,429500,273500,7.328688,307600.5704153052
E02006523,708381,430500,273500,7.326884,815413.4744630777
E02006523,708382,431500,273500,8.016314,535993.9072263344
E02006523,708383,432500,273500,8.417253,999734.5127324207
E02006523,708384,433500,273500,8.608523,1000000.0
E02006523,708385,434500,273500,7.02437,1000000.0
E02006523,708386,435500,273500,6.88988,1000000.0
E02006523,708387,436500,273500,6.79176,830816.3395411073
E02006523,708388,437500,273500,6.717357,211230.09759017057
E02006523,709071,430500,272500,7.665836,5603.02510887025
E02006523,709072,431500,272500,8.386008,524336.362331885
E02006523,709073,432500,272500,7.153949,1000000.0
E02006523,709074,433500,272500,6.837345,1000000.0
E02006523,709075,434500,272500,6.544718,1000000.0
E02006523,709076,435500,272500,6.56639,1000000.0
E02006523,709077,436500,272500,6.64694,1000000.0
E02006523,709078,437500,272500,6.590886,339982.6506743242
E02006523,709761,430500,271500,8.633618,272411.8552620986
E02006523,709762,431500,271500,7.269388,993039.2356896489
E02006523,709763,432500,271500,6.964941,1000000.0
E02006523,709764,433500,271500,6.574743,1000000.0
E02006523,709765,434500,271500,6.397558,1000000.0
E02006523,709766,435500,271500,7.527501,1000000.0
E02006523,709767,436500,271500,6.765512,1000000.0
E02006523,709768,437500,271500,5.891858,908945.2279923336
E02006523,709769,438500,271500,5.766665,19138.802246067597
E02006523,710450,429500,270500,8.520088,21329.45765588179
E02006523,710451,430500,270500,8.24653,868089.3016288172
E02006523,710452,431500,270500,6.824987,1000000.0
E02006523,710453,432500,270500,6.561427,1000000.0
E02006523,710454,433500,270500,6.399085,1000000.0
E02006523,710455,434500,270500,6.422193,1000000.0
E02006523,710456,435500,270500,6.18658,1000000.0
E02006523,710457,436500,270500,5.922992,1000000.0
E02006523,710458,437500,270500,5.633185,1000000.0
E02006523,710459,438500,270500,5.564073,354178.2104932143
E02006523,710460,439500,270500,5.595576,1238.4323057139372
E02006523,711141,430500,269500,7.401977,500107.4291580171
E02006523,711142,431500,269500,6.84958,991233.5915761972
E02006523,711143,432500,269500,6.64211,1000000.0
E02006523,711144,433500,269500,6.589683,1000000.0
E02006523,711145,434500,269500,6.364266,1000000.0
E02006523,711146,435500,269500,6.163197,1000000.0
E02006523,711147,436500,269500,5.84761,1000000.0
E02006523,711148,437500,269500,5.573594,1000000.0
E02006523,711149,438500,269500,5.364092,1000000.0
E02006523,711150,439500,269500,5.42554,894859.7275828246
E02006523,711151,440500,269500,5.497657,169838.01986510432
E02006523,711831,430500,268500,7.027347,12877.284369236953
E02006523,711832,431500,268500,7.299284,801985.8362516849
E02006523,711833,432500,268500,7.345901,730102.9660943546
E02006523,711834,433500,268500,7.017431,942961.2704790012
E02006523,711835,434500,268500,7.298378,1000000.0
E02006523,711836,435500,268500,6.041692,1000000.0
E02006523,711837,436500,268500,5.589016,1000000.0
E02006523,711838,437500,268500,5.392905,1000000.0
E02006523,711839,438500,268500,5.264812,1000000.0
E02006523,711840,439500,268500,5.261799,823436.7048280255
E02006523,711841,440500,268500,5.297554,237574.32776933582
E02006523,712520,429500,267500,8.377868,615967.7171652057
E02006523,712521,430500,267500,7.381108,778772.7415767623
E02006523,712522,431500,267500,8.10254,566927.1644322743
E02006523,712523,432500,267500,8.107959,16314.02301200625
E02006523,712524,433500,267500,7.092483,528163.9842577458
E02006523,712525,434500,267500,7.241438,1000000.0
E02006523,712526,435500,267500,5.833156,1000000.0
E02006523,712527,436500,267500,5.424788,1000000.0
E02006523,712528,437500,267500,5.267891,1000000.0
E02006523,712529,438500,267500,5.190817,1000000.0
E02006523,712530,439500,267500,5.097338,542415.1194429682
E02006523,713210,429500,266500,7.786949,212942.6400606927
E02006523,713211,430500,266500,8.202194,161893.27263824403
E02006523,713214,433500,266500,6.782632,12965.648120388914
E02006523,713215,434500,266500,6.10641,778906.836988908
E02006523,713216,435500,266500,5.632383,1000000.0
E02006523,713217,436500,266500,5.371755,1000000.0
E02006523,713218,437500,266500,5.212004,884666.2283142535
E02006523,713219,438500,266500,5.035998,606135.2075723503
E02006523,713220,439500,266500,5.027316,220398.0124752686
E02006523,713904,433500,265500,6.854888,17617.335420033705
E02006523,713905,434500,265500,5.838627,322767.1252531179
E02006523,713906,435500,265500,5.53865,1000000.0
E02006523,713907,436500,265500,5.283073,1000000.0
E02006523,713908,437500,265500,5.151222,933107.5085836623
E02006523,713909,438500,265500,4.942698,50978.6412818138
E02006523,714594,433500,264500,6.994965,362650.6331349923
E02006523,714595,434500,264500,6.187903,977814.2762453897
E02006523,714596,435500,264500,5.503649,1000000.0
E02006523,714597,436500,264500,5.199803,1000000.0
E02006523,714598,437500,264500,4.9757,1000000.0
E02006523,714599,438500,264500,4.826066,488741.5328839617
E02006523,715284,433500,263500,6.083897,515496.4065686959
E02006523,715285,434500,263500,5.538451,1000000.0
E02006523,715286,435500,263500,5.30836,1000000.0
E02006523,715287,436500,263500,5.221829,873867.5644511618
E02006523,715288,437500,263500,4.882349,172583.43400591143
E02006523,715289,438500,263500,4.827116,63017.320266338735
E02006523,715974,433500,262500,5.594776,496622.6062683158
E02006523,715975,434500,262500,5.208828,999946.3375378267
E02006523,715976,435500,262500,5.129155,653494.245073164
E02006523,715977,436500,262500,4.927044,7916.084418644545
E02006523,716665,434500,261500,5.222132,539844.5955700199
E02006523,716666,435500,261500,5.172421,83678.58738705242
E02006524,711834,433500,268500,7.017431,282.62573977104046
E02006524,712523,432500,267500,8.107959,217060.72276639784
E02006524,712524,433500,267500,7.092483,427190.8462738532
E02006524,713213,432500,266500,8.392471,187174.2629916133
E02006524,713214,433500,266500,6.782632,125244.1186293897
E02006525,711833,432500,268500,7.345901,269897.0339056453
E02006525,711834,433500,268500,7.017431,56756.10378122772
E02006525,712522,431500,267500,8.10254,282646.228229944
E02006525,712523,432500,267500,8.107959,766625.2542215959
E02006525,712524,433500,267500,7.092483,37013.92078614713
E02006525,713212,431500,266500,9.560188,601661.2986621653
E02006525,713213,432500,266500,8.392471,443413.4714095932
E02006525,713902,431500,265500,9.805659,200027.60304736788
E02006525,713903,432500,265500,8.685912,17183.45692936984
E02006526,712517,426500,267500,6.072004,87175.66233107478
E02006526,712518,427500,267500,6.64471,239403.53444524872
E02006526,712519,428500,267500,7.814061,179795.82897496448
E02006526,712520,429500,267500,8.377868,11240.556854313543
E02006526,713207,426500,266500,6.995215,247708.84670349158
E02006526,713208,427500,266500,9.044509,951797.0982242664
E02006526,713209,428500,266500,8.588399,953950.9054256162
E02006526,713210,429500,266500,7.786949,743411.9822851332
E02006526,713211,430500,266500,8.202194,26803.06923703798
E02006526,713897,426500,265500,8.843424,73741.34917608704
E02006526,713898,427500,265500,8.207303,100426.50535678063
E02006526,713899,428500,265500,9.551541,5845.847371775933
E02006526,713900,429500,265500,8.750194,284559.869823942
E02006526,713901,430500,265500,9.055891,29057.230229945973
E02006527,712521,430500,267500,7.381108,159738.8236006363
E02006527,712522,431500,267500,8.10254,150426.6073377816
E02006527,713211,430500,266500,8.202194,811303.658124718
E02006527,713212,431500,266500,9.560188,398338.7013378347
E02006527,713901,430500,265500,9.055891,515230.06415426935
E02006527,713902,431500,265500,9.805659,481135.5690366585
E02006527,713903,432500,265500,8.685912,239.7199713836426
E02006528,712524,433500,267500,7.092483,7631.248682253874
E02006528,713213,432500,266500,8.392471,369412.2655987936
E02006528,713214,433500,266500,6.782632,861790.2332502215
E02006528,713215,434500,266500,6.10641,221093.16301109214
E02006528,713902,431500,265500,9.805659,47806.31485845835
E02006528,713903,432500,265500,8.685912,935890.6330024832
E02006528,713904,433500,265500,6.854888,982382.6645799663
E02006528,713905,434500,265500,5.838627,677232.8747468821
E02006528,714593,432500,264500,9.519807,252796.1594136213
E02006528,714594,433500,264500,6.994965,478876.99946508877
E02006528,714595,434500,264500,6.187903,22185.7237546102
E02006529,713208,427500,266500,9.044509,48202.9017757336
E02006529,713209,428500,266500,8.588399,46049.094574383824
E02006529,713897,426500,265500,8.843424,323509.9788808179
E02006529,713898,427500,265500,8.207303,899573.4946432194
E02006529,713899,428500,265500,9.551541,751771.203604044
E02006529,714586,425500,264500,6.288452,17567.73402166131
E02006529,714587,426500,264500,7.475486,809459.5664502071
E02006529,714588,427500,264500,7.417899,871828.4397970922
E02006529,714589,428500,264500,7.514619,66829.56138748316
E02006529,715276,425500,263500,7.043744,278328.1020539265
E02006529,715277,426500,263500,8.465006,1000000.0
E02006529,715278,427500,263500,7.359115,620327.1607973474
E02006529,715966,425500,262500,7.054763,149777.21177635537
E02006529,715967,426500,262500,9.569813,872763.1935350588
E02006529,715968,427500,262500,8.057252,501470.3707600579
E02006529,716657,426500,261500,5.732358,217868.5791508493
E02006529,716658,427500,261500,5.460727,492000.0418411875
E02006529,717347,426500,260500,5.108624,3058.1398730338287
E02006530,713899,428500,265500,9.551541,242382.94902418004
E02006530,713900,429500,265500,8.750194,715440.1301760579
E02006530,713901,430500,265500,9.055891,413238.66675789544
E02006530,714588,427500,264500,7.417899,128171.56020290786
E02006530,714589,428500,264500,7.514619,933170.4386125167
E02006530,714590,429500,264500,8.548636,1000000.0
E02006530,714591,430500,264500,8.741044,999969.7032674714
E02006530,714592,431500,264500,8.319348,233043.19294616007
E02006530,715278,427500,263500,7.359115,374300.2778665475
E02006530,715279,428500,263500,6.252594,711959.6870291808
E02006530,715280,429500,263500,6.364155,575375.4669570951
E02006530,715281,430500,263500,8.61709,983406.9444535945
E02006530,715282,431500,263500,7.865908,687052.5663279165
E02006530,715968,427500,262500,8.057252,2190.686842952901
E02006530,715971,430500,262500,6.398803,464021.6655917809
E02006530,715972,431500,262500,6.421052,81910.7911209999
E02006531,713901,430500,265500,9.055891,42474.03885788928
E02006531,713902,431500,265500,9.805659,271030.51305751526
E02006531,713903,432500,265500,8.685912,46686.19009676329
E02006531,714591,430500,264500,8.741044,30.296732528611546
E02006531,714592,431500,264500,8.319348,766551.5113279509
E02006531,714593,432500,264500,9.519807,689907.9831382909
E02006531,715282,431500,263500,7.865908,48153.22106792455
E02006531,715283,432500,263500,7.07244,28864.195055487544
E02006532,711823,422500,268500,6.015618,79515.03539241006
E02006532,711826,425500,268500,5.766875,105699.07544877882
E02006532,711827,426500,268500,5.847862,235080.46055018867
E02006532,712513,422500,267500,6.123012,249104.79794699038
E02006532,712514,423500,267500,6.112976,796707.6531266933
E02006532,712515,424500,267500,5.864516,779119.4456658226
E02006532,712516,425500,267500,5.918422,609788.472078071
E02006532,712517,426500,267500,6.072004,757289.3652971835
E02006532,712518,427500,267500,6.64471,1532.800410607317
E02006532,713203,422500,266500,6.82217,383652.85656289867
E02006532,713204,423500,266500,6.125782,1000000.0
E02006532,713205,424500,266500,6.193132,1000000.0
E02006532,713206,425500,266500,6.327824,1000000.0
E02006532,713207,426500,266500,6.995215,752291.1532965085
E02006532,713893,422500,265500,7.284416,248872.8066362191
E02006532,713894,423500,265500,6.390881,1000000.0
E02006532,713895,424500,265500,5.746416,1000000.0
E02006532,713896,425500,265500,6.149098,1000000.0
E02006532,713897,426500,265500,8.843424,602748.671943095
E02006532,714583,422500,264500,5.409893,501385.1024717036
E02006532,714584,423500,264500,7.39097,1000000.0
E02006532,714585,424500,264500,5.937047,1000000.0
E02006532,714586,425500,264500,6.288452,982432.2659783387
E02006532,714587,426500,264500,7.475486,190540.4335497929
E02006532,715273,422500,263500,5.118791,764333.2637316724
E02006532,715274,423500,263500,5.7226,1000000.0
E02006532,715275,424500,263500,7.377718,1000000.0
E02006532,715276,425500,263500,7.043744,721671.8979460734
E02006532,715278,427500,263500,7.359115,5372.561336104987
E02006532,715279,428500,263500,6.252594,288040.3129708192
E02006532,715280,429500,263500,6.364155,424624.53304290486
E02006532,715281,430500,263500,8.61709,16593.05554640551
E02006532,715282,431500,263500,7.865908,6358.1404890120275
E02006532,715963,422500,262500,4.766977,388387.20729896706
E02006532,715964,423500,262500,4.955098,895626.4265763758
E02006532,715965,424500,262500,5.294837,899269.6182799429
E02006532,715966,425500,262500,7.054763,850222.7882236447
E02006532,715967,426500,262500,9.569813,127236.80646494121
E02006532,715968,427500,262500,8.057252,496338.94239698927
E02006532,715969,428500,262500,7.137935,1000000.0
E02006532,715970,429500,262500,6.551407,1000000.0
E02006532,715971,430500,262500,6.398803,535978.3344082192
E02006532,715972,431500,262500,6.421052,881335.8651330953
E02006532,715973,432500,262500,5.922727,338237.6828181307
E02006532,716655,424500,261500,5.416669,307754.74430377054
E02006532,716656,425500,261500,5.692811,972494.890127552
E02006532,716657,426500,261500,5.732358,782131.4208491506
E02006532,716658,427500,261500,5.460727,507999.9581588125
E02006532,716659,428500,261500,6.035771,1000000.0
E02006532,716660,429500,261500,6.881807,1000000.0
E02006532,716661,430500,261500,6.042309,1000000.0
E02006532,716662,431500,261500,5.693933,1000000.0
E02006532,716663,432500,261500,5.242802,931562.261070144
E02006532,716664,433500,261500,5.048834,153654.178440592
E02006532,717346,425500,260500,4.780875,244144.25717227935
E02006532,717347,426500,260500,5.108624,965530.4411512347
E02006532,717348,427500,260500,4.965788,1000000.0
E02006532,717349,428500,260500,4.963666,1000000.0
E02006532,717350,429500,260500,5.574883,1000000.0
E02006532,717351,430500,260500,7.128807,1000000.0
E02006532,717352,431500,260500,5.72598,1000000.0
E02006532,717353,432500,260500,5.144328,985745.1639963177
E02006532,717354,433500,260500,4.89591,489055.1494236879
E02006532,717355,434500,260500,4.834616,92988.42744246444
E02006532,718036,425500,259500,4.4993,306.41015651751053
E02006532,718037,426500,259500,4.491849,219812.76009606489
E02006532,718038,427500,259500,4.798578,996557.3525663494
E02006532,718039,428500,259500,4.604525,1000000.0
E02006532,718040,429500,259500,4.69504,998196.4018428915
E02006532,718041,430500,259500,5.004945,846218.5047940387
E02006532,718042,431500,259500,6.442373,999984.4746482138
E02006532,718043,432500,259500,5.923064,781322.8427806343
E02006532,718726,425500,258500,4.327436,226639.7009316311
E02006532,718727,426500,258500,4.332421,937027.5577764892
E02006532,718728,427500,258500,4.615358,472065.1528282467
E02006532,718729,428500,258500,4.387821,721577.3864562509
E02006532,718730,429500,258500,4.463232,794869.7550230676
E02006532,718731,430500,258500,4.491549,25456.20621820688
E02006532,718732,431500,258500,4.631582,93139.45627988823
E02006532,718733,432500,258500,5.376215,154063.78039805716
E02006532,719416,425500,257500,4.289842,1690.4656856973013
E02006532,719417,426500,257500,4.222975,193447.38492133486
E02006532,719419,428500,257500,4.297384,33790.95670604426
E02006532,719420,429500,257500,4.314579,137020.67453396507
E02006533,714592,431500,264500,8.319348,405.2957258889388
E02006533,714593,432500,264500,9.519807,57295.85744808786
E02006533,714594,433500,264500,6.994965,158472.3673999189
E02006533,715282,431500,263500,7.865908,258436.072115147
E02006533,715283,432500,263500,7.07244,971135.8049445124
E02006533,715284,433500,263500,6.083897,484503.59343130415
E02006533,715972,431500,262500,6.421052,36753.34374590485
E02006533,715973,432500,262500,5.922727,661762.3171818693
E02006533,715974,433500,262500,5.594776,503377.39373168413
E02006533,715975,434500,262500,5.208828,53.662462173272054
E02006533,716663,432500,261500,5.242802,68437.738929856
E02006533,716664,433500,261500,5.048834,846345.821559408
E02006533,716665,434500,261500,5.222132,419381.21678635833
E02006533,717354,433500,260500,4.89591,56213.43085815834
E02006533,717355,434500,260500,4.834616,328260.2349725597
E02006696,701444,393500,283500,8.522468,9868.808085155433
E02006696,702133,392500,282500,8.084842,322500.8969849724
E02006696,702134,393500,282500,7.966235,905354.1169083972
E02006696,702135,394500,282500,8.556192,61518.63205749671
E02006696,702819,388500,281500,6.374117,26834.539551145775
E02006696,702820,389500,281500,6.426096,164946.95960310884
E02006696,702821,390500,281500,7.694428,14148.330878954397
E02006696,702822,391500,281500,8.128789,579692.4942459627
E02006696,702823,392500,281500,7.866993,957785.9688943786
E02006696,702824,393500,281500,7.802186,937482.7641592703
E02006696,702825,394500,281500,7.940376,252197.62799746194
E02006696,703509,388500,280500,5.994285,93869.48686111056
E02006696,703510,389500,280500,6.511043,999818.3586832979
E02006696,703511,390500,280500,7.805309,938109.1877296708
E02006696,703512,391500,280500,7.964858,699565.7281078423
E02006696,703513,392500,280500,6.99753,544645.4005598868
E02006696,703514,393500,280500,6.954415,84154.61966660661
E02006696,704199,388500,279500,6.036251,7683.550221103333
E02006696,704200,389500,279500,6.604062,725860.7800116426
E02006696,704201,390500,279500,6.663157,758228.8430005166
E02006696,704202,391500,279500,6.939673,376449.45844280854
E02006697,702137,396500,282500,9.373571,480996.6485097485
E02006697,702138,397500,282500,9.183773,268259.32136856415
E02006697,702824,393500,281500,7.802186,62517.2358407297
E02006697,702825,394500,281500,7.940376,465430.5754871525
E02006697,702826,395500,281500,7.878968,524912.377784917
E02006697,702827,396500,281500,8.173215,931782.597886166
E02006697,702828,397500,281500,8.50233,548241.0192356041
E02006697,702829,398500,281500,10.86095,544900.6805651878
E02006697,702830,399500,281500,11.05308,117858.95442644016
E02006697,703512,391500,280500,7.964858,300434.2718921578
E02006697,703513,392500,280500,6.99753,455354.5994401132
E02006697,703514,393500,280500,6.954415,915845.3803333933
E02006697,703515,394500,280500,7.106555,1000000.0
E02006697,703516,395500,280500,7.36492,1000000.0
E02006697,703517,396500,280500,7.77154,1000000.0
E02006697,703518,397500,280500,8.186094,1000000.0
E02006697,703519,398500,280500,10.55328,1000000.0
E02006697,703520,399500,280500,9.246093,939942.6558513752
E02006697,703521,400500,280500,9.174288,40274.17337495136
E02006697,704201,390500,279500,6.663157,69295.63501718159
E02006697,704202,391500,279500,6.939673,617313.0464449379
E02006697,704203,392500,279500,7.138825,1000000.0
E02006697,704204,393500,279500,6.718873,1000000.0
E02006697,704205,394500,279500,6.838895,1000000.0
E02006697,704206,395500,279500,7.218154,1000000.0
E02006697,704207,396500,279500,7.769332,1000000.0
E02006697,704208,397500,279500,8.297098,1000000.0
E02006697,704209,398500,279500,10.50534,1000000.0
E02006697,704210,399500,279500,9.104384,932605.4384433294
E02006697,704211,400500,279500,9.891635,486262.5998289746
E02006697,704212,401500,279500,10.75335,1904.0146346919614
E02006697,704892,391500,278500,6.169667,649226.2223733715
E02006697,704893,392500,278500,6.832891,1000000.0
E02006697,704894,393500,278500,6.541462,1000000.0
E02006697,704895,394500,278500,6.697246,1000000.0
E02006697,704896,395500,278500,7.144812,1000000.0
E02006697,704897,396500,278500,8.834877,1000000.0
E02006697,704898,397500,278500,10.27101,780023.7669264104
E02006697,704899,398500,278500,9.14634,285187.25414088834
E02006697,704900,399500,278500,9.511806,66129.84316174405
E02006697,705581,390500,277500,5.781806,137625.64464375738
E02006697,705582,391500,277500,6.030798,967103.1371778077
E02006697,705583,392500,277500,6.240007,1000000.0
E02006697,705584,393500,277500,6.858796,1000000.0
E02006697,705585,394500,277500,6.779766,1000000.0
E02006697,705586,395500,277500,7.36292,1000000.0
E02006697,705587,396500,277500,9.738013,1000000.0
E02006697,705588,397500,277500,8.3404,386732.7323096017
E02006697,706272,391500,276500,5.714673,811450.1436731886
E02006697,706273,392500,276500,5.91153,1000000.0
E02006697,706274,393500,276500,6.139789,1000000.0
E02006697,706275,394500,276500,7.105734,1000000.0
E02006697,706276,395500,276500,9.148041,1000000.0
E02006697,706277,396500,276500,10.05211,920123.5612873991
E02006697,706278,397500,276500,8.372279,47411.364530651146
E02006697,706962,391500,275500,5.525165,480189.7389928439
E02006697,706963,392500,275500,5.687155,1000000.0
E02006697,706964,393500,275500,5.929056,1000000.0
E02006697,706965,394500,275500,6.568574,1000000.0
E02006697,706966,395500,275500,7.429092,1000000.0
E02006697,706967,396500,275500,10.41305,789691.2277414221
E02006697,707652,391500,274500,5.361943,222170.24795843379
E02006697,707653,392500,274500,5.591676,1000000.0
E02006697,707654,393500,274500,5.861873,1000000.0
E02006697,707655,394500,274500,6.534191,1000000.0
E02006697,707656,395500,274500,9.142506,786517.7302442353
E02006697,707657,396500,274500,9.985104,167422.4272315685
E02006697,708342,391500,273500,5.247464,405383.47221148416
E02006697,708343,392500,273500,5.471045,1000000.0
E02006697,708344,393500,273500,5.8241,1000000.0
E02006697,708345,394500,273500,6.534774,1000000.0
E02006697,708346,395500,273500,9.28577,371674.19203116826
E02006697,709031,390500,272500,5.314956,82045.67988760801
E02006697,709032,391500,272500,5.337661,876410.3739047738
E02006697,709033,392500,272500,5.589526,1000000.0
E02006697,709034,393500,272500,5.894079,1000000.0
E02006697,709035,394500,272500,7.330423,982598.1129633017
E02006697,709036,395500,272500,9.806457,137678.25300501197
E02006697,709722,391500,271500,5.318678,258070.81423561898
E02006697,709723,392500,271500,5.533902,884806.4164710512
E02006697,709724,393500,271500,6.21,1000000.0
E02006697,709725,394500,271500,8.757634,491886.44906259864
E02006697,710413,392500,270500,5.54904,875380.102386997
E02006697,710414,393500,270500,6.146512,1000000.0
E02006697,710415,394500,270500,8.571821,379727.5809410401
E02006697,711103,392500,269500,5.627454,906427.3354017226
E02006697,711104,393500,269500,7.856529,1000000.0
E02006697,711105,394500,269500,7.938507,508788.50114273914
E02006697,711792,391500,268500,5.324013,120199.32923323181
E02006697,711793,392500,268500,5.932971,566226.7022101784
E02006697,711794,393500,268500,8.48276,497270.0204691597
E02006697,711795,394500,268500,7.249856,61538.154232440356
E02006698,704898,397500,278500,10.27101,173596.87926497616
E02006698,704899,398500,278500,9.14634,34026.31629424718
E02006698,705588,397500,277500,8.3404,613267.2676903983
E02006698,705589,398500,277500,9.059762,853635.7699876203
E02006698,705590,399500,277500,9.625141,64468.1211514909
E02006698,706277,396500,276500,10.05211,79876.4387126009
E02006698,706278,397500,276500,8.372279,952588.635469349
E02006698,706279,398500,276500,8.522349,992549.4139256515
E02006698,706280,399500,276500,8.398268,243005.5791419136
E02006698,706967,396500,275500,10.41305,83387.19043938469
E02006698,706968,397500,275500,8.624819,789996.9470638039
E02006698,706969,398500,275500,7.590137,178001.39058592828
E02006699,704908,407500,278500,10.45911,148056.77288494876
E02006699,704909,408500,278500,10.26056,102206.9480562867
E02006699,705598,407500,277500,9.429931,406618.66241265275
E02006699,705599,408500,277500,9.268263,836330.7998888138
E02006699,705600,409500,277500,8.798428,104.33623044360289
E02006699,706288,407500,276500,9.242018,38304.70280907357
E02006699,706289,408500,276500,8.939384,663327.6539769301
E02006700,704906,405500,278500,11.1958,133267.44019877288
E02006700,704907,406500,278500,10.16655,497056.90787618567
E02006700,704908,407500,278500,10.45911,294320.9688134404
E02006700,704909,408500,278500,10.26056,120842.58701408705
E02006700,704910,409500,278500,10.26306,408082.43127458263
E02006700,704911,410500,278500,10.45777,84979.54649847708
E02006700,705595,404500,277500,10.53863,25112.49377030009
E02006700,705596,405500,277500,9.599264,740876.0720054645
E02006700,705597,406500,277500,9.103385,1000000.0
E02006700,705598,407500,277500,9.429931,593381.3375873473
E02006700,705599,408500,277500,9.268263,160479.42835436884
E02006700,705600,409500,277500,8.798428,999895.6637695564
E02006700,705601,410500,277500,9.439342,415310.9739736972
E02006700,706285,404500,276500,8.958571,204638.2432313198
E02006700,706286,405500,276500,8.55322,944386.2384160851
E02006700,706287,406500,276500,8.476958,1000000.0
E02006700,706288,407500,276500,9.242018,961695.2971909264
E02006700,706289,408500,276500,8.939384,336672.34602306975
E02006700,706290,409500,276500,8.298856,746062.0299370352
E02006700,706291,410500,276500,8.460605,4427.522683583085
E02006700,706976,405500,275500,8.111176,395601.41426119796
E02006700,706977,406500,275500,8.060771,1000000.0
E02006700,706978,407500,275500,8.809338,1000000.0
E02006700,706979,408500,275500,8.184684,1000000.0
E02006700,706980,409500,275500,8.001298,415110.7606435777
E02006700,707666,405500,274500,8.045753,10723.418707830988
E02006700,707667,406500,274500,7.937646,930275.1905442297
E02006700,707668,407500,274500,8.607575,1000000.0
E02006700,707669,408500,274500,7.915929,853730.1468414882
E02006700,707670,409500,274500,7.563089,26948.00448189948
E02006700,708357,406500,273500,8.614212,323644.9150248033
E02006700,708358,407500,273500,8.911002,414958.99744835094
E02006700,708359,408500,273500,8.125199,74568.65713064033
E02006701,705593,402500,277500,10.24988,10483.47293626765
E02006701,706279,398500,276500,8.522349,7450.586074348505
E02006701,706280,399500,276500,8.398268,287078.904256419
E02006701,706281,400500,276500,8.863003,52455.61830219725
E02006701,706282,401500,276500,9.558683,587004.8354728499
E02006701,706283,402500,276500,9.29201,619946.9267297083
E02006701,706968,397500,275500,8.624819,34105.44817717283
E02006701,706969,398500,275500,7.590137,821998.6094140718
E02006701,706970,399500,275500,7.801265,1000000.0
E02006701,706971,400500,275500,8.330359,959268.2693156055
E02006701,706972,401500,275500,8.446496,884267.651984053
E02006701,706973,402500,275500,8.635382,194284.94002034114
E02006701,707658,397500,274500,8.37507,944.9091573329414
E02006701,707659,398500,274500,7.847388,204199.10526472112
E02006701,707660,399500,274500,7.665483,987332.0904562639
E02006701,707661,400500,274500,8.113537,1000000.0
E02006701,707662,401500,274500,8.278833,821730.1832425334
E02006701,707663,402500,274500,8.890605,5829.848668720249
E02006701,708349,398500,273500,9.175809,17561.249668003835
E02006701,708350,399500,273500,7.652447,696306.5207766879
E02006701,708351,400500,273500,8.285122,999440.1076337255
E02006701,708352,401500,273500,10.03207,882031.3783148014
E02006701,708353,402500,273500,10.62157,85330.2578022182
E02006701,709040,399500,272500,8.993587,315678.64188493293
E02006701,709041,400500,272500,9.45895,139730.62597729164
E02006702,706967,396500,275500,10.41305,126921.58181919312
E02006702,706968,397500,275500,8.624819,23509.21594033178
E02006702,707656,395500,274500,9.142506,213482.2697557648
E02006702,707657,396500,274500,9.985104,790395.0315717995
E02006702,707658,397500,274500,8.37507,2606.5414516565284
E02006702,708346,395500,273500,9.28577,615939.0488482867
E02006702,708347,396500,273500,10.06244,630264.0293090986
E02006702,709036,395500,272500,9.806457,72624.55066760733
E02006703,706968,397500,275500,8.624819,152388.38881869143
E02006703,707657,396500,274500,9.985104,42182.541196631944
E02006703,707658,397500,274500,8.37507,996448.5493910105
E02006703,707659,398500,274500,7.847388,795800.8947352789
E02006703,707660,399500,274500,7.665483,12667.909543736168
E02006703,708346,395500,273500,9.28577,12386.759120544964
E02006703,708347,396500,273500,10.06244,369735.97069090133
E02006703,708348,397500,273500,9.669343,1000000.0
E02006703,708349,398500,273500,9.175809,982438.7503319961
E02006703,708350,399500,273500,7.652447,303693.4792233121
E02006703,709036,395500,272500,9.806457,99516.86593414439
E02006703,709037,396500,272500,8.491737,795042.6468892209
E02006703,709038,397500,272500,7.567455,1000000.0
E02006703,709039,398500,272500,7.09495,1000000.0
E02006703,709040,399500,272500,8.993587,470230.38019673305
E02006703,709727,396500,271500,8.599276,305085.24884854496
E02006703,709728,397500,271500,7.029531,464418.8605614173
E02006703,709729,398500,271500,6.994666,770842.7444627606
E02006703,709730,399500,271500,6.968985,24711.136358192918
E02006703,710418,397500,270500,7.577822,253654.64365164973
E02006703,710419,398500,270500,7.215203,79594.1961673292
E02006704,705594,403500,277500,10.67509,89331.32348995957
E02006704,706283,402500,276500,9.29201,235666.74841464573
E02006704,706284,403500,276500,9.212924,977542.726241537
E02006704,706285,404500,276500,8.958571,637805.0405909261
E02006704,706286,405500,276500,8.55322,55613.76158391484
E02006704,706972,401500,275500,8.446496,115732.34801594696
E02006704,706973,402500,275500,8.635382,805715.0599796589
E02006704,706974,403500,275500,8.844552,1000000.0
E02006704,706975,404500,275500,8.294749,1000000.0
E02006704,706976,405500,275500,8.111176,604398.585738802
E02006704,707662,401500,274500,8.278833,178269.81675746656
E02006704,707663,402500,274500,8.890605,994170.1513312798
E02006704,707664,403500,274500,8.985538,1000000.0
E02006704,707665,404500,274500,8.311712,1000000.0
E02006704,707666,405500,274500,8.045753,989276.581292169
E02006704,707667,406500,274500,7.937646,69724.80945577039
E02006704,708351,400500,273500,8.285122,559.8923662745206
E02006704,708352,401500,273500,10.03207,117968.62168519857
E02006704,708353,402500,273500,10.62157,914669.7421977819
E02006704,708354,403500,273500,10.63747,1000000.0
E02006704,708355,404500,273500,10.08922,1000000.0
E02006704,708356,405500,273500,8.891903,1000000.0
E02006704,708357,406500,273500,8.614212,676355.0849751966
E02006704,708358,407500,273500,8.911002,417193.1422662664
E02006704,709041,400500,272500,9.45895,67880.72970932611
E02006704,709042,401500,272500,7.614546,945864.6160708945
E02006704,709043,402500,272500,8.072655,1000000.0
E02006704,709044,403500,272500,7.668486,1000000.0
E02006704,709045,404500,272500,7.347448,1000000.0
E02006704,709046,405500,272500,8.362373,1000000.0
E02006704,709047,406500,272500,8.569297,1000000.0
E02006704,709048,407500,272500,9.53424,990419.844704517
E02006704,709049,408500,272500,10.73455,182609.79841260877
E02006704,709732,401500,271500,6.997897,58716.859156886625
E02006704,709733,402500,271500,6.887811,245081.56755650713
E02006704,709734,403500,271500,7.047965,930192.6311237043
E02006704,709735,404500,271500,6.953505,1000000.0
E02006704,709736,405500,271500,6.854377,1000000.0
E02006704,709737,406500,271500,6.873331,1000000.0
E02006704,709738,407500,271500,7.06606,1000000.0
E02006704,709739,408500,271500,8.090056,621225.2816556513
E02006704,710424,403500,270500,6.7832,800944.3372483983
E02006704,710425,404500,270500,6.818483,1000000.0
E02006704,710426,405500,270500,6.662587,1000000.0
E02006704,710427,406500,270500,6.663761,1000000.0
E02006704,710428,407500,270500,6.775938,1000000.0
E02006704,710429,408500,270500,7.195868,963526.9164906191
E02006704,710430,409500,270500,7.254995,95885.77007507389
E02006704,711114,403500,269500,7.093737,196773.14449131372
E02006704,711115,404500,269500,7.193186,482616.22563086444
E02006704,711116,405500,269500,6.974641,568986.8570033754
E02006704,711117,406500,269500,7.270075,697904.723466947
E02006704,711118,407500,269500,7.40267,850722.8181002307
E02006704,711119,408500,269500,7.036778,1000000.0
E02006704,711120,409500,269500,7.154615,161883.92712711357
E02006704,711808,407500,268500,9.992723,151655.62651613815
E02006704,711809,408500,268500,8.009021,766521.0685716345
E02006704,711810,409500,268500,6.902712,61790.60358518059
E02006705,709035,394500,272500,7.330423,17401.887036698332
E02006705,709036,395500,272500,9.806457,690180.3303932361
E02006705,709037,396500,272500,8.491737,204957.35311077916
E02006705,709725,394500,271500,8.757634,110965.78971570794
E02006705,709726,395500,271500,7.969841,733942.2308733109
E02006705,709727,396500,271500,8.599276,260612.26392881954
E02006705,710416,395500,270500,8.042238,1108.0655667115507
E02006706,709725,394500,271500,8.757634,397147.7612216934
E02006706,709726,395500,271500,7.969841,266057.769126689
E02006706,709727,396500,271500,8.599276,324336.4090871338
E02006706,710415,394500,270500,8.571821,481896.6360702971
E02006706,710416,395500,270500,8.042238,968562.0473074885
E02006706,710417,396500,270500,8.272413,313114.56731966475
E02006706,711106,395500,269500,7.802582,44048.643149446536
E02006707,709727,396500,271500,8.599276,109966.07813550177
E02006707,709728,397500,271500,7.029531,535581.1394385827
E02006707,710416,395500,270500,8.042238,13107.391041815958
E02006707,710417,396500,270500,8.272413,686885.4326803351
E02006707,710418,397500,270500,7.577822,595949.0521372491
E02006707,711106,395500,269500,7.802582,195574.76507783518
E02006707,711107,396500,269500,7.953,495045.9067635176
E02006707,711108,397500,269500,7.11377,122008.9499447578
E02006708,710415,394500,270500,8.571821,138375.78298866272
E02006708,710416,395500,270500,8.042238,17222.496083983966
E02006708,711105,394500,269500,7.938507,424955.323885321
E02006708,711106,395500,269500,7.802582,749073.5447912073
E02006708,711107,396500,269500,7.953,403903.6506421777
E02006708,711796,395500,268500,7.476687,156168.21065753253
E02006708,711797,396500,268500,6.814162,214470.67154799978
E02006709,709040,399500,272500,8.993587,214090.9779183341
E02006709,709041,400500,272500,9.45895,792388.6443133822
E02006709,709042,401500,272500,7.614546,54135.38392910554
E02006709,709729,398500,271500,6.994666,229157.25553723937
E02006709,709730,399500,271500,6.968985,975288.863641807
E02006709,709731,400500,271500,7.014034,1000000.0
E02006709,709732,401500,271500,6.997897,941283.1408431134
E02006709,709733,402500,271500,6.887811,754918.4324434929
E02006709,709734,403500,271500,7.047965,69807.3688762957
E02006709,710418,397500,270500,7.577822,150396.30421110117
E02006709,710419,398500,270500,7.215203,920405.8038326708
E02006709,710420,399500,270500,6.713243,1000000.0
E02006709,710421,400500,270500,6.974501,1000000.0
E02006709,710422,401500,270500,6.763917,1000000.0
E02006709,710423,402500,270500,6.356387,1000000.0
E02006709,710424,403500,270500,6.7832,199055.6627516017
E02006709,711105,394500,269500,7.938507,66256.17497193991
E02006709,711106,395500,269500,7.802582,11303.046981510837
E02006709,711107,396500,269500,7.953,101050.44259430477
E02006709,711108,397500,269500,7.11377,877991.0500552423
E02006709,711109,398500,269500,6.544121,1000000.0
E02006709,711110,399500,269500,7.495782,1000000.0
E02006709,711111,400500,269500,6.476784,1000000.0
E02006709,711112,401500,269500,6.487051,1000000.0
E02006709,711113,402500,269500,6.242856,1000000.0
E02006709,711114,403500,269500,7.093737,597696.2339927941
E02006709,711115,404500,269500,7.193186,230.9465602135806
E02006709,711794,393500,268500,8.48276,86004.13327340706
E02006709,711795,394500,268500,7.249856,822154.5647185558
E02006709,711796,395500,268500,7.476687,843831.7893424676
E02006709,711797,396500,268500,6.814162,785529.3284520003
E02006709,711798,397500,268500,6.486231,1000000.0
E02006709,711799,398500,268500,6.236594,1000000.0
E02006709,711800,399500,268500,5.912766,1000000.0
E02006709,711801,400500,268500,6.553543,1000000.0
E02006709,711802,401500,268500,6.060375,1000000.0
E02006709,711803,402500,268500,6.697721,497576.1595731434
E02006709,711804,403500,268500,9.231238,11110.335149173317
E02006709,712484,393500,267500,6.937884,12251.255308604825
E02006709,712485,394500,267500,6.371542,910906.3122613195
E02006709,712486,395500,267500,6.868709,1000000.0
E02006709,712487,396500,267500,6.389443,1000000.0
E02006709,712488,397500,267500,5.743822,1000000.0
E02006709,712489,398500,267500,5.4792,1000000.0
E02006709,712490,399500,267500,5.455217,1000000.0
E02006709,712491,400500,267500,5.530849,1000000.0
E02006709,712492,401500,267500,6.382696,563347.9189288554
E02006709,712493,402500,267500,6.708019,121.66734104275496
E02006709,713175,394500,266500,7.065035,800780.5870649518
E02006709,713176,395500,266500,6.277523,1000000.0
E02006709,713177,396500,266500,5.594875,1000000.0
E02006709,713178,397500,266500,5.300522,1000000.0
E02006709,713179,398500,266500,5.154267,1000000.0
E02006709,713180,399500,266500,5.139516,1000000.0
E02006709,713181,400500,266500,5.209912,1000000.0
E02006709,713182,401500,266500,5.65547,220157.95835122952
E02006709,713864,393500,265500,6.168849,18992.149289865025
E02006709,713865,394500,265500,5.744834,348293.18707322964
E02006709,713866,395500,265500,5.535655,640238.1296201947
E02006709,713867,396500,265500,5.188778,675191.8832741749
E02006709,713868,397500,265500,5.031581,767991.6256460549
E02006709,713869,398500,265500,4.931085,1000000.0
E02006709,713870,399500,265500,4.897139,998363.6331816807
E02006709,713871,400500,265500,4.966768,288086.9540485359
E02006709,713872,401500,265500,4.989403,15922.27569898891
E02006709,714558,397500,264500,4.908168,11653.91626533274
E02006709,714559,398500,264500,4.819745,356227.1702490508
E02006709,714560,399500,264500,4.764648,484369.3399879209
E02006709,714561,400500,264500,4.832282,29531.49912125991
E02006710,707628,367500,274500,2.725766,96421.86036072468
E02006710,707629,368500,274500,2.749144,339999.49315611273
E02006710,707630,369500,274500,2.806898,471349.6048809771
E02006710,707631,370500,274500,2.897201,384793.34746520134
E02006710,707632,371500,274500,2.931075,352644.9637928997
E02006710,708317,366500,273500,2.651528,28656.60744011778
E02006710,708318,367500,273500,2.690401,720509.2390326705
E02006710,708319,368500,273500,2.753996,1000000.0
E02006710,708320,369500,273500,2.846128,1000000.0
E02006710,708321,370500,273500,2.909249,1000000.0
E02006710,708322,371500,273500,2.964658,947117.7129275592
E02006710,708323,372500,273500,3.091018,15463.838804556513
E02006710,709007,366500,272500,2.656538,1916.8714911073585
E02006710,709008,367500,272500,2.659828,813379.9658410454
E02006710,709009,368500,272500,2.724033,1000000.0
E02006710,709010,369500,272500,2.771201,1000000.0
E02006710,709011,370500,272500,2.925116,1000000.0
E02006710,709012,371500,272500,3.052436,497227.6434150107
E02006710,709693,362500,271500,2.650266,160754.63433483482
E02006710,709694,363500,271500,2.6398,798017.2265077377
E02006710,709695,364500,271500,2.606758,558240.1350958733
E02006710,709696,365500,271500,2.616655,40027.230022565025
E02006710,709698,367500,271500,2.686575,679911.7793968727
E02006710,709699,368500,271500,2.830805,1000000.0
E02006710,709700,369500,271500,2.886283,1000000.0
E02006710,709701,370500,271500,2.978494,1000000.0
E02006710,709702,371500,271500,3.098254,349428.8961479675
E02006710,710382,361500,270500,2.688927,135076.43749989016
E02006710,710383,362500,270500,2.68581,954415.1762692989
E02006710,710384,363500,270500,2.679741,1000000.0
E02006710,710385,364500,270500,2.649107,1000000.0
E02006710,710386,365500,270500,2.641196,423901.6918605328
E02006710,710387,366500,270500,2.670958,287841.30818857363
E02006710,710388,367500,270500,2.774273,811112.0428971371
E02006710,710389,368500,270500,2.734725,1000000.0
E02006710,710390,369500,270500,2.827339,1000000.0
E02006710,710391,370500,270500,2.975133,847010.7570351168
E02006710,710392,371500,270500,3.022235,132576.94020907427
E02006710,711072,361500,269500,2.714839,285841.70670884213
E02006710,711073,362500,269500,2.683894,1000000.0
E02006710,711074,363500,269500,2.761733,1000000.0
E02006710,711075,364500,269500,2.816306,1000000.0
E02006710,711076,365500,269500,2.80732,1000000.0
E02006710,711077,366500,269500,2.787064,1000000.0
E02006710,711078,367500,269500,2.751569,1000000.0
E02006710,711079,368500,269500,2.803481,1000000.0
E02006710,711080,369500,269500,2.938425,1000000.0
E02006710,711081,370500,269500,3.021185,639852.1711791728
E02006710,711757,356500,268500,2.738579,3222.4660093548855
E02006710,711759,358500,268500,2.830532,2828.8621351749157
E02006710,711760,359500,268500,3.270886,414494.31494951795
E02006710,711761,360500,268500,2.961813,756417.8370564565
E02006710,711762,361500,268500,2.870246,702577.627565203
E02006710,711763,362500,268500,2.833353,1000000.0
E02006710,711764,363500,268500,2.769112,1000000.0
E02006710,711765,364500,268500,2.682768,1000000.0
E02006710,711766,365500,268500,2.70401,1000000.0
E02006710,711767,366500,268500,2.764229,1000000.0
E02006710,711768,367500,268500,2.80132,1000000.0
E02006710,711769,368500,268500,2.891215,1000000.0
E02006710,711770,369500,268500,3.984987,1000000.0
E02006710,711771,370500,268500,3.05846,866458.8878486648
E02006710,711772,371500,268500,2.990615,463313.1522684628
E02006710,711773,372500,268500,3.088435,10837.897966755856
E02006710,712445,354500,267500,2.638139,23806.73510379881
E02006710,712446,355500,267500,2.586276,644859.6091219403
E02006710,712447,356500,267500,2.586025,897941.4319192488
E02006710,712448,357500,267500,2.66494,752332.8686578714
E02006710,712449,358500,267500,2.672441,865445.9238796935
E02006710,712450,359500,267500,3.012971,1000000.0
E02006710,712451,360500,267500,2.882989,1000000.0
E02006710,712452,361500,267500,2.74998,1000000.0
E02006710,712453,362500,267500,2.759973,1000000.0
E02006710,712454,363500,267500,2.777395,1000000.0
E02006710,712455,364500,267500,2.684198,1000000.0
E02006710,712456,365500,267500,2.68427,1000000.0
E02006710,712457,366500,267500,2.67462,1000000.0
E02006710,712458,367500,267500,2.744019,1000000.0
E02006710,712459,368500,267500,2.802961,1000000.0
E02006710,712460,369500,267500,2.875898,1000000.0
E02006710,712461,370500,267500,2.964978,1000000.0
E02006710,712462,371500,267500,3.065985,1000000.0
E02006710,712463,372500,267500,3.138752,201746.25564681448
E02006710,713136,355500,266500,2.555284,275985.56985717965
E02006710,713137,356500,266500,2.547294,941799.8772453349
E02006710,713138,357500,266500,2.57945,1000000.0
E02006710,713139,358500,266500,2.629601,1000000.0
E02006710,713140,359500,266500,2.654662,1000000.0
E02006710,713141,360500,266500,2.673504,1000000.0
E02006710,713142,361500,266500,2.675505,1000000.0
E02006710,713143,362500,266500,2.653546,1000000.0
E02006710,713144,363500,266500,2.663379,1000000.0
E02006710,713145,364500,266500,2.686993,1000000.0
E02006710,713146,365500,266500,2.717779,1000000.0
E02006710,713147,366500,266500,2.674301,1000000.0
E02006710,713148,367500,266500,2.749664,1000000.0
E02006710,713149,368500,266500,2.759122,1000000.0
E02006710,713150,369500,266500,2.82028,1000000.0
E02006710,713151,370500,266500,2.924589,1000000.0
E02006710,713152,371500,266500,3.001246,992938.6274671417
E02006710,713153,372500,266500,3.066615,109780.99770041238
E02006710,713154,373500,266500,3.176861,166030.09920912003
E02006710,713155,374500,266500,3.406152,48068.7086545485
E02006710,713827,356500,265500,2.533415,314199.8889388383
E02006710,713828,357500,265500,2.584565,528269.8435949689
E02006710,713829,358500,265500,2.603115,464868.75751029374
E02006710,713830,359500,265500,2.549792,921596.7960960697
E02006710,713831,360500,265500,2.581373,1000000.0
E02006710,713832,361500,265500,2.657129,1000000.0
E02006710,713833,362500,265500,2.663781,1000000.0
E02006710,713834,363500,265500,2.627513,1000000.0
E02006710,713835,364500,265500,2.617846,1000000.0
E02006710,713836,365500,265500,2.679327,1000000.0
E02006710,713837,366500,265500,2.776068,999783.4779239331
E02006710,713838,367500,265500,2.790593,689767.5830448949
E02006710,713839,368500,265500,2.76603,735239.3930493797
E02006710,713840,369500,265500,2.802815,906986.8811551132
E02006710,713841,370500,265500,2.908933,1000000.0
E02006710,713842,371500,265500,3.036837,1000000.0
E02006710,713843,372500,265500,3.123561,956380.3777459391
E02006710,713844,373500,265500,3.155825,1000000.0
E02006710,713845,374500,265500,3.223379,243732.0279252682
E02006710,714519,358500,264500,2.618997,125037.40400456487
E02006710,714520,359500,264500,2.630356,813777.7381417839
E02006710,714521,360500,264500,2.593074,1000000.0
E02006710,714522,361500,264500,2.600614,1000000.0
E02006710,714523,362500,264500,2.647949,1000000.0
E02006710,714524,363500,264500,2.587763,1000000.0
E02006710,714525,364500,264500,2.594613,1000000.0
E02006710,714526,365500,264500,2.66725,861194.277308424
E02006710,714527,366500,264500,2.668703,326040.48344007396
E02006710,714530,369500,264500,2.811879,182999.4574401896
E02006710,714531,370500,264500,2.872668,813613.106169095
E02006710,714532,371500,264500,2.951738,1000000.0
E02006710,714533,372500,264500,3.058524,1000000.0
E02006710,714534,373500,264500,3.084806,1000000.0
E02006710,714535,374500,264500,3.200818,250093.74882226018
E02006710,715208,357500,263500,2.583253,9292.897585918876
E02006710,715209,358500,263500,2.590537,700205.5477939952
E02006710,715210,359500,263500,2.636513,1000000.0
E02006710,715211,360500,263500,2.578817,1000000.0
E02006710,715212,361500,263500,2.553339,1000000.0
E02006710,715213,362500,263500,2.632253,1000000.0
E02006710,715214,363500,263500,2.636805,1000000.0
E02006710,715215,364500,263500,2.605586,1000000.0
E02006710,715216,365500,263500,2.668096,904983.409010458
E02006710,715217,366500,263500,2.652895,112242.59807158115
E02006710,715220,369500,263500,2.805976,22623.13878670874
E02006710,715221,370500,263500,2.941767,591755.0551477406
E02006710,715222,371500,263500,2.939931,1000000.0
E02006710,715223,372500,263500,3.033894,1000000.0
E02006710,715224,373500,263500,3.108742,1000000.0
E02006710,715225,374500,263500,3.197928,729032.8341048709
E02006710,715226,375500,263500,3.357857,187238.2755784905
E02006710,715898,357500,262500,2.599172,780842.9832743746
E02006710,715899,358500,262500,2.595243,1000000.0
E02006710,715900,359500,262500,2.666226,1000000.0
E02006710,715901,360500,262500,2.587445,1000000.0
E02006710,715902,361500,262500,2.573314,1000000.0
E02006710,715903,362500,262500,2.593953,1000000.0
E02006710,715904,363500,262500,2.692979,1000000.0
E02006710,715905,364500,262500,2.658785,985223.5288015506
E02006710,715906,365500,262500,2.720379,820997.5809056392
E02006710,715907,366500,262500,2.676529,266220.0869647885
E02006710,715909,368500,262500,2.774943,368972.5667290888
E02006710,715910,369500,262500,2.787085,929306.4513299338
E02006710,715911,370500,262500,2.935658,1000000.0
E02006710,715912,371500,262500,2.991964,1000000.0
E02006710,715913,372500,262500,3.0371,1000000.0
E02006710,715914,373500,262500,3.129447,1000000.0
E02006710,715915,374500,262500,3.206124,575661.6687536504
E02006710,716587,356500,261500,2.602596,108654.33669425792
E02006710,716588,357500,261500,2.633099,997451.0475546086
E02006710,716589,358500,261500,2.585371,1000000.0
E02006710,716590,359500,261500,2.611793,983553.7156170247
E02006710,716591,360500,261500,2.595853,666419.965007635
E02006710,716592,361500,261500,2.578379,375978.2993807243
E02006710,716593,362500,261500,2.571411,411282.92777087115
E02006710,716594,363500,261500,2.627374,327866.39686081454
E02006710,716595,364500,261500,2.679313,353655.9883802115
E02006710,716598,367500,261500,2.728204,186615.52685246425
E02006710,716599,368500,261500,2.7783,997714.4390226332
E02006710,716600,369500,261500,2.796034,1000000.0
E02006710,716601,370500,261500,2.907205,1000000.0
E02006710,716602,371500,261500,3.163878,1000000.0
E02006710,716603,372500,261500,3.068126,1000000.0
E02006710,716604,373500,261500,3.171116,842930.8897389217
E02006710,716605,374500,261500,3.250068,46915.890026857836
E02006710,717277,356500,260500,2.617988,12213.92964881274
E02006710,717278,357500,260500,2.589985,405771.54844112607
E02006710,717279,358500,260500,2.564592,294945.95888456993
E02006710,717280,359500,260500,2.575342,99880.39636218562
E02006710,717288,367500,260500,2.750766,175741.9869272392
E02006710,717289,368500,260500,2.755235,963526.9422805663
E02006710,717290,369500,260500,2.770149,1000000.0
E02006710,717291,370500,260500,2.880128,998594.4799344148
E02006710,717292,371500,260500,2.97945,1000000.0
E02006710,717293,372500,260500,3.123138,1000000.0
E02006710,717294,373500,260500,3.146506,950343.1328336928
E02006710,717295,374500,260500,3.317567,237242.01003435813
E02006710,717979,368500,259500,2.751093,164958.02647282486
E02006710,717980,369500,259500,2.769439,126715.04308980521
E02006710,717981,370500,259500,2.864292,64776.405562301945
E02006710,717982,371500,259500,2.940156,331597.87392195093
E02006710,717983,372500,259500,3.011425,704001.5832192217
E02006710,717984,373500,259500,3.094009,709234.1342216921
E02006710,717985,374500,259500,3.243833,75282.03607321522
E02006710,718674,373500,258500,3.084862,49667.272048886516
E02006711,709709,378500,271500,3.891695,188542.81358828716
E02006711,709710,379500,271500,4.58958,86304.61762936188
E02006711,710398,377500,270500,3.617389,315.68009186925127
E02006711,710399,378500,270500,3.912668,882032.8158629487
E02006711,710400,379500,270500,4.582176,312294.0413548703
E02006711,710402,381500,270500,6.444123,19159.386934818504
E02006711,711081,370500,269500,3.021185,58588.39242711395
E02006711,711082,371500,269500,2.995313,527020.9664110506
E02006711,711083,372500,269500,3.098926,731846.5133383877
E02006711,711084,373500,269500,3.206231,431362.15771709365
E02006711,711085,374500,269500,3.259268,564270.8924456135
E02006711,711087,376500,269500,3.46546,147600.28559544912
E02006711,711088,377500,269500,3.639439,177527.98030365602
E02006711,711089,378500,269500,3.945279,995441.2583361984
E02006711,711090,379500,269500,4.500112,757231.4200843745
E02006711,711091,380500,269500,5.119038,693725.6348915944
E02006711,711092,381500,269500,5.427348,845951.7822190315
E02006711,711093,382500,269500,5.540009,4343.025260048772
E02006711,711771,370500,268500,3.05846,133541.1121513352
E02006711,711772,371500,268500,2.990615,536686.8477315373
E02006711,711773,372500,268500,3.088435,989162.1020332442
E02006711,711774,373500,268500,3.254865,1000000.0
E02006711,711775,374500,268500,3.389417,969058.3647563611
E02006711,711776,375500,268500,3.410066,773973.8664384914
E02006711,711777,376500,268500,3.469656,998941.3050704744
E02006711,711778,377500,268500,3.637231,1000000.0
E02006711,711779,378500,268500,3.897699,1000000.0
E02006711,711780,379500,268500,4.075035,1000000.0
E02006711,711781,380500,268500,4.472707,1000000.0
E02006711,711782,381500,268500,5.271847,646954.0762724986
E02006711,712463,372500,267500,3.138752,798253.7443531854
E02006711,712464,373500,267500,3.720154,1000000.0
E02006711,712465,374500,267500,3.478955,1000000.0
E02006711,712466,375500,267500,3.445115,1000000.0
E02006711,712467,376500,267500,3.471808,1000000.0
E02006711,712468,377500,267500,3.667933,1000000.0
E02006711,712469,378500,267500,3.740479,1000000.0
E02006711,712470,379500,267500,3.982511,1000000.0
E02006711,712471,380500,267500,4.26256,1000000.0
E02006711,712472,381500,267500,5.030168,331337.5986765897
E02006711,713152,371500,266500,3.001246,7061.372532858186
E02006711,713153,372500,266500,3.066615,890219.0022995877
E02006711,713154,373500,266500,3.176861,833969.9007908801
E02006711,713155,374500,266500,3.406152,951931.2913454516
E02006711,713156,375500,266500,3.522535,1000000.0
E02006711,713157,376500,266500,3.561778,1000000.0
E02006711,713158,377500,266500,3.555032,1000000.0
E02006711,713159,378500,266500,3.674139,1000000.0
E02006711,713160,379500,266500,4.103247,1000000.0
E02006711,713161,380500,266500,4.089743,1000000.0
E02006711,713162,381500,266500,4.913906,327909.36917458184
E02006711,713843,372500,265500,3.123561,43619.62225406088
E02006711,713845,374500,265500,3.223379,756267.9720747318
E02006711,713846,375500,265500,3.502214,1000000.0
E02006711,713847,376500,265500,3.62933,1000000.0
E02006711,713848,377500,265500,3.667042,1000000.0
E02006711,713849,378500,265500,3.658805,1000000.0
E02006711,713850,379500,265500,3.835917,1000000.0
E02006711,713851,380500,265500,4.141711,1000000.0
E02006711,713852,381500,265500,4.917449,542706.3455518633
E02006711,714535,374500,264500,3.200818,749906.2511777398
E02006711,714536,375500,264500,3.347283,1000000.0
E02006711,714537,376500,264500,3.418509,1000000.0
E02006711,714538,377500,264500,3.624947,1000000.0
E02006711,714539,378500,264500,3.788313,1000000.0
E02006711,714540,379500,264500,3.84139,1000000.0
E02006711,714541,380500,264500,4.139623,1000000.0
E02006711,714542,381500,264500,5.063167,504936.69295014476
E02006711,715225,374500,263500,3.197928,270967.1658951291
E02006711,715226,375500,263500,3.357857,812761.7244215095
E02006711,715227,376500,263500,3.416357,1000000.0
E02006711,715228,377500,263500,3.511494,1000000.0
E02006711,715229,378500,263500,3.752468,1000000.0
E02006711,715230,379500,263500,3.905336,1000000.0
E02006711,715231,380500,263500,4.191485,1000000.0
E02006711,715232,381500,263500,5.23832,671419.1403371019
E02006711,715233,382500,263500,5.676131,319235.9944277365
E02006711,715234,383500,263500,5.225036,3193.0154455738193
E02006711,715915,374500,262500,3.206124,424338.33124634955
E02006711,715916,375500,262500,3.430923,1000000.0
E02006711,715917,376500,262500,3.473313,1000000.0
E02006711,715918,377500,262500,3.526719,1000000.0
E02006711,715919,378500,262500,3.635403,1000000.0
E02006711,715920,379500,262500,3.725332,1000000.0
E02006711,715921,380500,262500,3.966698,1000000.0
E02006711,715922,381500,262500,4.33303,1000000.0
E02006711,715923,382500,262500,4.588832,1000000.0
E02006711,715924,383500,262500,5.340841,471907.14813128114
E02006711,716604,373500,261500,3.171116,157069.11026107837
E02006711,716605,374500,261500,3.250068,953084.109973142
E02006711,716606,375500,261500,3.671044,1000000.0
E02006711,716607,376500,261500,3.482699,1000000.0
E02006711,716608,377500,261500,3.528448,1000000.0
E02006711,716609,378500,261500,3.605592,1000000.0
E02006711,716610,379500,261500,3.708906,1000000.0
E02006711,716611,380500,261500,3.895405,1000000.0
E02006711,716612,381500,261500,4.107024,1000000.0
E02006711,716613,382500,261500,4.516894,1000000.0
E02006711,716614,383500,261500,4.864212,980374.241671601
E02006711,716615,384500,261500,5.962951,138292.81658794393
E02006711,717294,373500,260500,3.146506,49656.86716630706
E02006711,717295,374500,260500,3.317567,762757.9899656419
E02006711,717296,375500,260500,3.483903,1000000.0
E02006711,717297,376500,260500,3.441877,1000000.0
E02006711,717298,377500,260500,3.48248,1000000.0
E02006711,717299,378500,260500,3.598146,1000000.0
E02006711,717300,379500,260500,3.710441,1000000.0
E02006711,717301,380500,260500,3.881519,1000000.0
E02006711,717302,381500,260500,4.144678,1000000.0
E02006711,717303,382500,260500,4.529067,1000000.0
E02006711,717304,383500,260500,4.834404,999998.2975733844
E02006711,717305,384500,260500,6.137747,90606.7102858235
E02006711,717984,373500,259500,3.094009,164775.87930894602
E02006711,717985,374500,259500,3.243833,924717.9639267848
E02006711,717986,375500,259500,3.582844,1000000.0
E02006711,717987,376500,259500,3.51124,1000000.0
E02006711,717988,377500,259500,3.539868,1000000.0
E02006711,717989,378500,259500,3.585658,1000000.0
E02006711,717990,379500,259500,3.707079,1000000.0
E02006711,717991,380500,259500,3.874938,1000000.0
E02006711,717992,381500,259500,4.137899,1000000.0
E02006711,717993,382500,259500,4.717054,1000000.0
E02006711,717994,383500,259500,5.398828,749925.8149386473
E02006711,717995,384500,259500,6.110292,43017.14117803737
E02006711,718673,372500,258500,2.99299,137654.53058371533
E02006711,718674,373500,258500,3.084862,530216.6097637175
E02006711,718675,374500,258500,3.243745,1000000.0
E02006711,718676,375500,258500,3.329956,1000000.0
E02006711,718677,376500,258500,3.388197,1000000.0
E02006711,718678,377500,258500,3.521113,1000000.0
E02006711,718679,378500,258500,3.618436,1000000.0
E02006711,718680,379500,258500,3.734266,1000000.0
E02006711,718681,380500,258500,3.898936,714313.5290814315
E02006711,718682,381500,258500,4.174974,633438.6688610017
E02006711,718683,382500,258500,4.845489,868282.3568468185
E02006711,718684,383500,258500,5.653357,555774.8541094965
E02006711,719363,372500,257500,3.011087,229183.85297463162
E02006711,719364,373500,257500,3.122339,969031.2909028163
E02006711,719365,374500,257500,3.227401,797911.4060388947
E02006711,719366,375500,257500,3.280371,472167.5974470988
E02006711,719367,376500,257500,3.346057,897727.0263181874
E02006711,719368,377500,257500,3.42134,1000000.0
E02006711,719369,378500,257500,3.509633,1000000.0
E02006711,719370,379500,257500,3.688921,735050.8556920667
E02006711,719371,380500,257500,4.010979,61.17372035787638
E02006711,719373,382500,257500,4.85101,403247.96421212115
E02006711,719374,383500,257500,6.009067,699399.5092526983
E02006711,719375,384500,257500,6.776737,2422.523723930217
E02006711,720054,373500,256500,3.178051,48554.240149286896
E02006711,720055,374500,256500,3.279727,18321.770089374553
E02006711,720057,376500,256500,3.324165,32503.483549568846
E02006711,720058,377500,256500,3.418314,334640.4801606282
E02006711,720059,378500,256500,3.52985,510655.72387682955
E02006711,720060,379500,256500,3.662324,162586.53499485957
E02006711,720063,382500,256500,5.258671,25724.18933576467
E02006711,720064,383500,256500,6.546443,83995.93813135807
E02006712,718681,380500,258500,3.898936,285686.4709185685
E02006712,718682,381500,258500,4.174974,366561.3311389984
E02006712,718683,382500,258500,4.845489,131717.6431531815
E02006712,719364,373500,257500,3.122339,11757.99450226612
E02006712,719365,374500,257500,3.227401,202088.59396110545
E02006712,719366,375500,257500,3.280371,527832.4025529011
E02006712,719367,376500,257500,3.346057,102272.97368181265
E02006712,719370,379500,257500,3.688921,264949.1443079332
E02006712,719371,380500,257500,4.010979,999938.8262796422
E02006712,719372,381500,257500,4.347697,1000000.0
E02006712,719373,382500,257500,4.85101,596752.0357878789
E02006712,720053,372500,256500,3.032578,239289.4700268445
E02006712,720054,373500,256500,3.178051,848170.8332324671
E02006712,720055,374500,256500,3.279727,981678.2299106254
E02006712,720056,375500,256500,3.314539,1000000.0
E02006712,720057,376500,256500,3.324165,967496.5164504312
E02006712,720058,377500,256500,3.418314,665359.5198393719
E02006712,720059,378500,256500,3.52985,489344.27612317045
E02006712,720060,379500,256500,3.662324,837413.4650051404
E02006712,720061,380500,256500,3.953221,1000000.0
E02006712,720062,381500,256500,4.328856,1000000.0
E02006712,720063,382500,256500,5.258671,974275.8106642354
E02006712,720064,383500,256500,6.546443,111117.53698527617
E02006712,720742,371500,255500,3.039186,4789.749499769516
E02006712,720743,372500,255500,3.115111,887800.133691104
E02006712,720744,373500,255500,3.186789,1000000.0
E02006712,720745,374500,255500,3.192901,1000000.0
E02006712,720746,375500,255500,3.388121,1000000.0
E02006712,720747,376500,255500,3.445358,1000000.0
E02006712,720748,377500,255500,3.497829,1000000.0
E02006712,720749,378500,255500,3.579609,1000000.0
E02006712,720750,379500,255500,3.721713,1000000.0
E02006712,720751,380500,255500,3.957806,1000000.0
E02006712,720752,381500,255500,4.316121,1000000.0
E02006712,720753,382500,255500,5.191625,713905.1810338962
E02006712,720754,383500,255500,6.668231,21503.598140593836
E02006712,721432,371500,254500,2.935639,373333.26342034957
E02006712,721433,372500,254500,3.018589,1000000.0
E02006712,721434,373500,254500,3.048529,1000000.0
E02006712,721435,374500,254500,3.132534,1000000.0
E02006712,721436,375500,254500,3.211907,1000000.0
E02006712,721437,376500,254500,3.300726,1000000.0
E02006712,721438,377500,254500,3.418095,1000000.0
E02006712,721439,378500,254500,3.580326,1000000.0
E02006712,721440,379500,254500,3.765409,1000000.0
E02006712,721441,380500,254500,4.062844,1000000.0
E02006712,721442,381500,254500,4.701115,1000000.0
E02006712,721443,382500,254500,5.517779,224603.3035019527
E02006712,722122,371500,253500,2.949167,746317.4467023371
E02006712,722123,372500,253500,2.944515,1000000.0
E02006712,722124,373500,253500,3.01169,1000000.0
E02006712,722125,374500,253500,3.141322,1000000.0
E02006712,722126,375500,253500,3.211137,1000000.0
E02006712,722127,376500,253500,3.323549,1000000.0
E02006712,722128,377500,253500,3.45449,1000000.0
E02006712,722129,378500,253500,3.567245,1000000.0
E02006712,722130,379500,253500,3.738105,1000000.0
E02006712,722131,380500,253500,4.202818,1000000.0
E02006712,722132,381500,253500,4.613681,999320.445588222
E02006712,722133,382500,253500,5.535727,856120.4400108529
E02006712,722134,383500,253500,5.811367,89762.53610200027
E02006712,722811,370500,252500,2.843116,436929.68836908607
E02006712,722812,371500,252500,2.911601,953728.454149487
E02006712,722813,372500,252500,2.997351,1000000.0
E02006712,722814,373500,252500,3.040169,1000000.0
E02006712,722815,374500,252500,3.17683,1000000.0
E02006712,722816,375500,252500,3.253418,1000000.0
E02006712,722817,376500,252500,3.337121,1000000.0
E02006712,722818,377500,252500,3.494929,1000000.0
E02006712,722819,378500,252500,3.672072,1000000.0
E02006712,722820,379500,252500,4.110973,1000000.0
E02006712,722821,380500,252500,4.235864,321843.79142491217
E02006712,722822,381500,252500,4.336351,255162.29486058577
E02006712,722823,382500,252500,4.683887,555020.3342449926
E02006712,722824,383500,252500,6.162214,148961.98696718703
E02006712,723501,370500,251500,2.845564,152545.1217185611
E02006712,723502,371500,251500,2.903078,996759.2926592043
E02006712,723503,372500,251500,3.020699,1000000.0
E02006712,723504,373500,251500,3.074343,1000000.0
E02006712,723505,374500,251500,3.131204,1000000.0
E02006712,723506,375500,251500,3.26587,1000000.0
E02006712,723507,376500,251500,3.409973,1000000.0
E02006712,723508,377500,251500,3.644772,1000000.0
E02006712,723509,378500,251500,3.961807,1000000.0
E02006712,723510,379500,251500,4.001566,1000000.0
E02006712,723511,380500,251500,4.153783,159814.50592202457
E02006712,724192,371500,250500,2.973236,809106.6014786939
E02006712,724193,372500,250500,3.037435,980986.5534046356
E02006712,724194,373500,250500,3.081809,629664.5684146663
E02006712,724195,374500,250500,3.157576,400829.846548971
E02006712,724196,375500,250500,3.308599,734172.5349256006
E02006712,724197,376500,250500,3.566373,996583.9210795324
E02006712,724198,377500,250500,3.955856,828667.4776583782
E02006712,724199,378500,250500,4.088458,699604.9909376664
E02006712,724200,379500,250500,4.091537,771077.7171117472
E02006712,724201,380500,250500,4.482626,115923.73353045872
E02006712,724882,371500,249500,2.9538,92027.96355815786
E02006712,724883,372500,249500,3.033309,72561.39411696936
E02006712,724884,373500,249500,3.115053,14645.650577960898
E02006712,724886,375500,249500,3.486337,32819.63864107961
E02006712,724887,376500,249500,3.677516,400460.2234819032
E02006712,724890,379500,249500,4.664199,7804.353338089721
E02006721,711114,403500,269500,7.093737,72600.44127470542
E02006721,711115,404500,269500,7.193186,517152.8278089219
E02006721,711116,405500,269500,6.974641,431013.1429966246
E02006721,711117,406500,269500,7.270075,302095.27653305297
E02006721,711118,407500,269500,7.40267,149277.1818997693
E02006721,711804,403500,268500,9.231238,222294.82789468902
E02006721,711805,404500,268500,7.911558,857140.7867670759
E02006721,711806,405500,268500,7.578376,620726.7045989436
E02006721,711807,406500,268500,7.88799,287598.90423956164
E02006721,711808,407500,268500,9.992723,373832.87307302124
E02006721,712495,404500,267500,8.660306,10578.040453775066
E02006722,711806,405500,268500,7.578376,138088.18128651485
E02006722,711807,406500,268500,7.88799,711186.7970254255
E02006722,711808,407500,268500,9.992723,357686.2244165256
E02006722,711809,408500,268500,8.009021,24057.801769658672
E02006722,712496,405500,267500,8.599358,495.03094295572043
E02006722,712497,406500,267500,7.967132,42592.50852952793
E02006723,711114,403500,269500,7.093737,132930.1802411867
E02006723,711803,402500,268500,6.697721,502423.84042685665
E02006723,711804,403500,268500,9.231238,602320.3834494416
E02006723,712492,401500,267500,6.382696,306394.96767501533
E02006723,712493,402500,267500,6.708019,756209.3588398626
E02006723,712494,403500,267500,7.224868,204379.26048886357
E02006724,711804,403500,268500,9.231238,164274.45350669595
E02006724,711805,404500,268500,7.911558,142859.2132329241
E02006724,711806,405500,268500,7.578376,240812.65172576354
E02006724,712494,403500,267500,7.224868,128841.15321695119
E02006724,712495,404500,267500,8.660306,892064.8134400153
E02006724,712496,405500,267500,8.599358,575627.5661960042
E02006724,712497,406500,267500,7.967132,1554.783999538446
E02006724,713185,404500,266500,7.440926,2707.35338914532
E02006725,711807,406500,268500,7.88799,435.89141467861
E02006725,711808,407500,268500,9.992723,116825.27599431506
E02006725,711809,408500,268500,8.009021,28349.41570939729
E02006725,712497,406500,267500,7.967132,53876.38403033744
E02006725,712498,407500,267500,7.915331,887552.9942169661
E02006725,712499,408500,267500,7.279091,309022.77954554185
E02006725,713188,407500,266500,7.263631,142659.99726048953
E02006725,713189,408500,266500,6.441579,3032.0683422378024
E02006726,712493,402500,267500,6.708019,197248.04524184554
E02006726,712494,403500,267500,7.224868,666779.5862941854
E02006726,712495,404500,267500,8.660306,46204.90312193679
E02006726,713183,402500,266500,6.351155,98278.13567178085
E02006726,713184,403500,266500,7.052989,546461.5296237945
E02006726,713185,404500,266500,7.440926,902449.4284904848
E02006726,713186,405500,266500,7.927467,101685.90872887381
E02006726,713875,404500,265500,7.330767,76435.35119543952
E02006727,711806,405500,268500,7.578376,372.4623887780856
E02006727,711807,406500,268500,7.88799,778.4073203339767
E02006727,712495,404500,267500,8.660306,51152.24298427282
E02006727,712496,405500,267500,8.599358,423877.4028610401
E02006727,712497,406500,267500,7.967132,901976.3234405963
E02006727,712498,407500,267500,7.915331,4754.0685308552065
E02006727,713185,404500,266500,7.440926,76641.76904008772
E02006727,713186,405500,266500,7.927467,777217.4516166035
E02006727,713187,406500,266500,7.34629,898596.9102499263
E02006727,713188,407500,266500,7.263631,177714.35901143984
E02006727,713876,405500,265500,6.76487,22810.346926995862
E02006727,713877,406500,265500,8.948093,87873.3556055281
E02006728,712492,401500,267500,6.382696,130257.11339612924
E02006728,712493,402500,267500,6.708019,46420.92857724916
E02006728,713182,401500,266500,5.65547,779842.0416487703
E02006728,713183,402500,266500,6.351155,901721.8643282192
E02006728,713184,403500,266500,7.052989,302721.9818992833
E02006728,713872,401500,265500,4.989403,619865.2686400822
E02006728,713873,402500,265500,5.436131,899574.7539837305
E02006728,713874,403500,265500,6.413666,114232.79508881734
E02006728,714563,402500,264500,5.571109,6131.017147802084
E02006729,712498,407500,267500,7.915331,107692.93725217869
E02006729,712499,408500,267500,7.279091,148758.9158585004
E02006729,713187,406500,266500,7.34629,69025.33037201637
E02006729,713188,407500,266500,7.263631,679420.3841408079
E02006729,713189,408500,266500,6.441579,178386.33716527632
E02006729,713876,405500,265500,6.76487,89485.694400307
E02006729,713877,406500,265500,8.948093,749636.5419231483
E02006729,713878,407500,265500,7.865047,701317.9746767187
E02006729,714566,405500,264500,5.789248,295071.48661581584
E02006729,714567,406500,264500,6.352108,417124.01669324783
E02006729,714568,407500,264500,6.393605,2314.4893568086486
E02006730,713185,404500,266500,7.440926,8315.527091671242
E02006730,713186,405500,266500,7.927467,121096.63965452272
E02006730,713187,406500,266500,7.34629,32377.759378057377
E02006730,713875,404500,265500,7.330767,328419.4486144665
E02006730,713876,405500,265500,6.76487,887703.958672697
E02006730,713877,406500,265500,8.948093,154389.51837615247
E02006730,714565,404500,264500,6.419167,4508.792586048734
E02006730,714566,405500,264500,5.789248,20640.504148295586
E02006730,714567,406500,264500,6.352108,9003.513288828599
E02006731,713184,403500,266500,7.052989,150816.48847692218
E02006731,713185,404500,266500,7.440926,9885.921988610786
E02006731,713874,403500,265500,6.413666,285831.0514871878
E02006731,713875,404500,265500,7.330767,593565.6188821292
E02006731,714565,404500,264500,6.419167,546214.1284525248
E02006731,714566,405500,264500,5.789248,492553.30786223745
E02006732,713873,402500,265500,5.436131,82814.25418189466
E02006732,713874,403500,265500,6.413666,599936.1534239949
E02006732,713875,404500,265500,7.330767,1579.5813079647996
E02006732,714562,401500,264500,4.904578,35224.99902819186
E02006732,714563,402500,264500,5.571109,383575.70748145995
E02006732,714564,403500,264500,5.967091,651530.0443197383
E02006732,714565,404500,264500,6.419167,144075.40207133588
E02006733,713870,399500,265500,4.897139,1636.3668183193836
E02006733,713871,400500,265500,4.966768,711913.0459514642
E02006733,713872,401500,265500,4.989403,364212.4556609289
E02006733,713873,402500,265500,5.436131,17610.991834374945
E02006733,714560,399500,264500,4.764648,114746.74018686985
E02006733,714561,400500,264500,4.832282,970468.5008787401
E02006733,714562,401500,264500,4.904578,964775.0009718081
E02006733,714563,402500,264500,5.571109,610293.275370738
E02006733,714564,403500,264500,5.967091,348469.9556802618
E02006733,714565,404500,264500,6.419167,149478.56873793004
E02006733,715250,399500,263500,4.62763,626998.773376006
E02006733,715251,400500,263500,4.665396,1000000.0
E02006733,715252,401500,263500,4.632715,1000000.0
E02006733,715253,402500,263500,4.750189,1000000.0
E02006733,715254,403500,263500,4.957268,1000000.0
E02006733,715255,404500,263500,5.329792,355120.7135089123
E02006733,715940,399500,262500,4.48244,740151.4951484251
E02006733,715941,400500,262500,4.495918,1000000.0
E02006733,715942,401500,262500,4.451931,1000000.0
E02006733,715943,402500,262500,4.467648,1000000.0
E02006733,715944,403500,262500,4.580777,1000000.0
E02006733,715945,404500,262500,5.091013,520250.02416306
E02006733,716629,398500,261500,4.438344,14811.852729085462
E02006733,716630,399500,261500,4.40615,926027.2782481364
E02006733,716631,400500,261500,4.451217,1000000.0
E02006733,716632,401500,261500,4.359049,1000000.0
E02006733,716633,402500,261500,4.322263,1000000.0
E02006733,716634,403500,261500,4.321163,843321.6220267521
E02006733,716635,404500,261500,4.670259,266249.9577611731
E02006733,717319,398500,260500,4.314396,135584.3828869278
E02006733,717320,399500,260500,4.243351,1000000.0
E02006733,717321,400500,260500,4.223892,965067.1721774049
E02006733,717322,401500,260500,4.135072,997553.8843386481
E02006733,717323,402500,260500,4.163023,845558.6428690659
E02006733,717324,403500,260500,4.228274,152526.9527022253
E02006733,718009,398500,259500,4.274929,7266.756619173599
E02006733,718010,399500,259500,4.308993,205738.78182388857
E02006733,718011,400500,259500,4.200916,149503.7636822623
E02006733,718012,401500,259500,4.108024,64528.94714190456
E02006733,718013,402500,259500,4.189543,35274.09371986746
E02006734,717995,384500,259500,6.110292,52503.85803341231
E02006734,717996,385500,259500,5.853784,26383.52663790082
E02006734,718684,383500,258500,5.653357,128436.57749503467
E02006734,718685,384500,258500,6.027611,774830.8126469707
E02006734,718686,385500,258500,6.552938,770644.8389694684
E02006734,718687,386500,258500,7.808363,285439.6363124514
E02006734,719374,383500,257500,6.009067,296986.6680548357
E02006734,719375,384500,257500,6.776737,953940.2462588447
E02006734,719376,385500,257500,8.356739,724749.0886782763
E02006734,719377,386500,257500,9.007631,235623.02369935115
E02006734,720065,384500,256500,7.697847,291153.69860095176
E02006735,719377,386500,257500,9.007631,61379.43783871967
E02006735,719378,387500,257500,10.00108,284688.831299995
E02006735,720067,386500,256500,7.924106,8452.934305083769
E02006735,720068,387500,256500,7.738599,503496.60134609457
E02006736,718687,386500,258500,7.808363,136288.4327804053
E02006736,718688,387500,258500,7.335503,60784.89269089929
E02006736,719377,386500,257500,9.007631,493191.5416853711
E02006736,719378,387500,257500,10.00108,686653.0074392647
E02006736,719379,388500,257500,7.993821,647288.8403382234
E02006736,719380,389500,257500,9.866475,81380.177940409
E02006736,720067,386500,256500,7.924106,90370.49417442943
E02006736,720068,387500,256500,7.738599,289125.6031385299
E02006736,720069,388500,256500,7.716954,944274.1370610346
E02006736,720070,389500,256500,8.349233,95253.63926068641
E02006736,720759,388500,255500,9.129604,78593.12365521587
E02006737,719375,384500,257500,6.776737,41683.849936739025
E02006737,719376,385500,257500,8.356739,275250.9113217239
E02006737,719377,386500,257500,9.007631,185259.2592285053
E02006737,720065,384500,256500,7.697847,239630.68175555504
E02006737,720066,385500,256500,7.707495,894738.2776709164
E02006737,720067,386500,256500,7.924106,107011.04731171283
E02006737,720756,385500,255500,8.782043,179967.87862494402
E02006738,719377,386500,257500,9.007631,24546.737548052857
E02006738,719378,387500,257500,10.00108,272.14186010554175
E02006738,720066,385500,256500,7.707495,67373.51007202321
E02006738,720067,386500,256500,7.924106,794165.5242087739
E02006738,720068,387500,256500,7.738599,121682.38544515436
E02006738,720756,385500,255500,8.782043,153195.10685795997
E02006738,720757,386500,255500,7.680465,562727.7159778207
E02006738,720758,387500,255500,7.555849,58669.97713862972
E02006739,719374,383500,257500,6.009067,3613.822692466105
E02006739,719375,384500,257500,6.776737,1953.3800804859684
E02006739,720064,383500,256500,6.546443,726911.8414712215
E02006739,720065,384500,256500,7.697847,9950.359133019301
E02006739,720753,382500,255500,5.191625,9190.067284756786
E02006739,720754,383500,255500,6.668231,701362.6302213467
E02006739,720755,384500,255500,8.601154,107189.53948577796
E02006739,721444,383500,254500,6.722932,29114.30580745804
E02006739,721445,384500,254500,8.360241,46620.91975017398
E02006740,720064,383500,256500,6.546443,77974.68341214431
E02006740,720065,384500,256500,7.697847,459265.2605104738
E02006740,720066,385500,256500,7.707495,37888.2122570603
E02006740,720754,383500,255500,6.668231,47395.69363292429
E02006740,720755,384500,255500,8.601154,889921.2581859976
E02006740,720756,385500,255500,8.782043,279170.96046132006
E02006740,721445,384500,254500,8.360241,109434.67738034409
E02006740,721446,385500,254500,8.80197,1611.7829414600546
E02006741,720068,387500,256500,7.738599,85695.4100702211
E02006741,720069,388500,256500,7.716954,48247.676239565226
E02006741,720757,386500,255500,7.680465,79700.00579695907
E02006741,720758,387500,255500,7.555849,875658.7673183888
E02006741,720759,388500,255500,9.129604,647393.6708778645
E02006741,721448,387500,254500,8.605294,94780.82175671073
E02006741,721449,388500,254500,9.597407,472756.34795114724
E02006741,722138,387500,253500,8.040965,193.1882101265552
E02006748,708334,383500,273500,7.785947,476243.36646271177
E02006748,708335,384500,273500,6.282428,648382.7984265309
E02006748,708336,385500,273500,5.93024,238132.73939482108
E02006748,709023,382500,272500,6.153454,3279.0488298783657
E02006748,709024,383500,272500,5.737006,822175.1007697905
E02006748,709025,384500,272500,6.022434,1000000.0
E02006748,709026,385500,272500,5.980577,958554.9761096722
E02006748,709027,386500,272500,5.494015,78659.19635325484
E02006748,709030,389500,272500,5.195385,1691.260421206247
E02006748,709031,390500,272500,5.314956,198352.8450778483
E02006748,709032,391500,272500,5.337661,116985.97536670728
E02006748,709713,382500,271500,6.018692,425312.22762582876
E02006748,709714,383500,271500,5.495418,995134.2627808733
E02006748,709715,384500,271500,5.738069,1000000.0
E02006748,709716,385500,271500,6.001568,1000000.0
E02006748,709717,386500,271500,5.923531,684119.7681515511
E02006748,709718,387500,271500,5.322366,754.118819540438
E02006748,709720,389500,271500,5.049206,223745.5646463465
E02006748,709721,390500,271500,5.063131,991590.7496314384
E02006748,709722,391500,271500,5.318678,741929.185764381
E02006748,709723,392500,271500,5.533902,115193.5835289488
E02006748,710402,381500,270500,6.444123,153386.66051430383
E02006748,710403,382500,270500,5.738586,921755.3481914882
E02006748,710404,383500,270500,5.3354,1000000.0
E02006748,710405,384500,270500,5.968188,1000000.0
E02006748,710406,385500,270500,9.741508,1000000.0
E02006748,710407,386500,270500,6.11058,983552.7112322272
E02006748,710408,387500,270500,5.494409,283932.7642926085
E02006748,710409,388500,270500,5.059999,161017.79789139246
E02006748,710410,389500,270500,4.970018,593418.1461955942
E02006748,710411,390500,270500,5.01877,1000000.0
E02006748,710412,391500,270500,5.185564,1000000.0
E02006748,710413,392500,270500,5.54904,124619.89761300308
E02006748,711092,381500,269500,5.427348,6561.923404443027
E02006748,711093,382500,269500,5.540009,909258.8547325764
E02006748,711094,383500,269500,5.322931,1000000.0
E02006748,711095,384500,269500,5.984582,1000000.0
E02006748,711096,385500,269500,8.847896,1000000.0
E02006748,711097,386500,269500,5.561017,1000000.0
E02006748,711098,387500,269500,5.004077,1000000.0
E02006748,711099,388500,269500,4.955826,445575.1636775781
E02006748,711100,389500,269500,4.902102,999957.0747091896
E02006748,711101,390500,269500,5.009658,1000000.0
E02006748,711102,391500,269500,5.193533,1000000.0
E02006748,711103,392500,269500,5.627454,93572.66459827744
E02006748,711782,381500,268500,5.271847,353045.9237275014
E02006748,711783,382500,268500,4.880035,1000000.0
E02006748,711784,383500,268500,5.085222,987505.9166456008
E02006748,711785,384500,268500,5.797339,838435.2099798222
E02006748,711786,385500,268500,5.399498,998933.1542021575
E02006748,711787,386500,268500,4.821267,1000000.0
E02006748,711788,387500,268500,4.78641,1000000.0
E02006748,711789,388500,268500,4.862983,902986.6836498593
E02006748,711790,389500,268500,4.894694,1000000.0
E02006748,711791,390500,268500,5.045499,1000000.0
E02006748,711792,391500,268500,5.324013,879800.6707667682
E02006748,711793,392500,268500,5.932971,433773.2977898217
E02006748,711794,393500,268500,8.48276,416725.8462574333
E02006748,711795,394500,268500,7.249856,116307.28104900377
E02006748,712472,381500,267500,5.030168,64259.12908350395
E02006748,712473,382500,267500,4.620167,230824.0927741547
E02006748,712474,383500,267500,4.677644,57530.291765163085
E02006748,712476,385500,267500,4.839972,584516.8459510627
E02006748,712477,386500,267500,4.72114,696961.8290215711
E02006748,712478,387500,267500,4.742228,1000000.0
E02006748,712479,388500,267500,4.928765,1000000.0
E02006748,712480,389500,267500,5.030062,1000000.0
E02006748,712481,390500,267500,5.217824,1000000.0
E02006748,712482,391500,267500,5.624173,1000000.0
E02006748,712483,392500,267500,8.125962,1000000.0
E02006748,712484,393500,267500,6.937884,987748.7446913951
E02006748,712485,394500,267500,6.371542,89093.68773868051
E02006748,713167,386500,266500,4.676973,251001.26516221542
E02006748,713168,387500,266500,4.690799,1000000.0
E02006748,713169,388500,266500,5.304158,1000000.0
E02006748,713170,389500,266500,5.421302,1000000.0
E02006748,713171,390500,266500,5.5219,1000000.0
E02006748,713172,391500,266500,6.872686,1000000.0
E02006748,713173,392500,266500,8.052946,1000000.0
E02006748,713174,393500,266500,6.142842,1000000.0
E02006748,713175,394500,266500,7.065035,199219.41293504823
E02006748,713857,386500,265500,4.719069,220302.40839338297
E02006748,713858,387500,265500,4.898216,1000000.0
E02006748,713859,388500,265500,7.059493,995551.8259560806
E02006748,713860,389500,265500,6.123476,959714.2804936407
E02006748,713861,390500,265500,6.017712,1000000.0
E02006748,713862,391500,265500,8.856705,1000000.0
E02006748,713863,392500,265500,6.724275,1000000.0
E02006748,713864,393500,265500,6.168849,942823.409299748
E02006748,713865,394500,265500,5.744834,651706.8129267703
E02006748,713866,395500,265500,5.535655,359761.8703798052
E02006748,713867,396500,265500,5.188778,31542.176228454067
E02006748,714547,386500,264500,4.817933,235428.9747148603
E02006748,714548,387500,264500,5.157151,1000000.0
E02006748,714549,388500,264500,8.819835,643077.8865221196
E02006748,714550,389500,264500,8.052587,383404.7804921848
E02006748,714551,390500,264500,6.741738,871936.7872743757
E02006748,714552,391500,264500,8.591619,1000000.0
E02006748,714553,392500,264500,6.271414,518244.82912737195
E02006748,714554,393500,264500,6.06374,50543.13154470548
E02006748,714555,394500,264500,5.316092,138737.32041938737
E02006748,714556,395500,264500,5.242295,262271.450133383
E02006748,714557,396500,264500,5.082856,13573.532471427108
E02006748,715237,386500,263500,5.149181,201019.75995884003
E02006748,715238,387500,263500,5.274376,996184.1523009087
E02006748,715239,388500,263500,6.449579,348696.41222700523
E02006748,715241,390500,263500,8.01702,83220.59132143106
E02006748,715242,391500,263500,8.500494,477155.68579380814
E02006748,715243,392500,263500,6.392799,101280.36727040622
E02006748,715927,386500,262500,5.020412,117360.07962427702
E02006748,715928,387500,262500,5.41758,935260.5514115995
E02006748,715929,388500,262500,6.462164,107317.42554427803
E02006748,716617,386500,261500,5.159835,605737.154393343
E02006748,716618,387500,261500,5.497892,1000000.0
E02006748,716619,388500,261500,6.20328,884993.0713954674
E02006748,716620,389500,261500,6.707948,151478.5032659595
E02006748,716621,390500,261500,8.596453,27533.01734328251
E02006748,717307,386500,260500,5.396233,33590.7536557753
E02006748,717308,387500,260500,5.670827,118649.78399350686
E02006748,717309,388500,260500,5.999564,280608.61965951655
E02006748,717310,389500,260500,5.918445,908230.9868084225
E02006748,717311,390500,260500,8.043028,881850.0964608843
E02006748,718000,389500,259500,6.145444,172876.92031427834
E02006748,718001,390500,259500,8.222791,548795.0982639807
E02006748,718691,390500,258500,8.194315,5937.421355644781
E02006749,713859,388500,265500,7.059493,4448.174043919416
E02006749,713860,389500,265500,6.123476,40285.71950635927
E02006749,714549,388500,264500,8.819835,356922.11347788037
E02006749,714550,389500,264500,8.052587,569678.0151909057
E02006749,715238,387500,263500,5.274376,219.5719166910647
E02006749,715239,388500,263500,6.449579,598222.022100124
E02006749,715240,389500,263500,7.403774,205141.97734927785
E02006749,715928,387500,262500,5.41758,64739.448588400475
E02006749,715929,388500,262500,6.462164,531545.5774850941
E02006750,714550,389500,264500,8.052587,46917.20431690959
E02006750,714551,390500,264500,6.741738,128063.2127256243
E02006750,715240,389500,263500,7.403774,379361.91460866726
E02006750,715241,390500,263500,8.01702,885042.8145796413
E02006750,715242,391500,263500,8.500494,14735.527034302824
E02006750,715930,389500,262500,7.050794,32614.783388086336
E02006750,715931,390500,262500,8.755878,723158.9762852987
E02006750,716620,389500,261500,6.707948,4313.172788643551
E02006750,716621,390500,261500,8.596453,40674.987626808244
E02006751,715239,388500,263500,6.449579,53081.565672870645
E02006751,715240,389500,263500,7.403774,415496.1080420549
E02006751,715241,390500,263500,8.01702,5356.72576302088
E02006751,715929,388500,262500,6.462164,258608.0667663597
E02006751,715930,389500,262500,7.050794,718105.9984218817
E02006751,715931,390500,262500,8.755878,49167.321630072685
E02006752,715929,388500,262500,6.462164,102528.93020426822
E02006752,715930,389500,262500,7.050794,249279.218190032
E02006752,715931,390500,262500,8.755878,800.3253319526898
E02006752,716619,388500,261500,6.20328,115006.92860453269
E02006752,716620,389500,261500,6.707948,844208.3239453969
E02006752,716621,390500,261500,8.596453,878257.2371938474
E02006752,717310,389500,260500,5.918445,1115.3469773522793
E02006752,717311,390500,260500,8.043028,45562.550643408824
E02006753,711784,383500,268500,5.085222,12494.08335439916
E02006753,711785,384500,268500,5.797339,161564.79002017775
E02006753,711786,385500,268500,5.399498,1066.8457978424765
E02006753,712472,381500,267500,5.030168,604403.2722399062
E02006753,712473,382500,267500,4.620167,769175.9072258453
E02006753,712474,383500,267500,4.677644,942469.7082348369
E02006753,712475,384500,267500,5.319015,1000000.0
E02006753,712476,385500,267500,4.839972,415483.1540489373
E02006753,712477,386500,267500,4.72114,303038.17097842885
E02006753,713162,381500,266500,4.913906,672090.630825418
E02006753,713163,382500,266500,4.580245,1000000.0
E02006753,713164,383500,266500,4.560084,1000000.0
E02006753,713165,384500,266500,5.164665,1000000.0
E02006753,713166,385500,266500,4.740391,1000000.0
E02006753,713167,386500,266500,4.676973,748998.7348377845
E02006753,713852,381500,265500,4.917449,457293.6544481367
E02006753,713853,382500,265500,4.566768,1000000.0
E02006753,713854,383500,265500,4.554523,1000000.0
E02006753,713855,384500,265500,5.144615,1000000.0
E02006753,713856,385500,265500,4.727202,1000000.0
E02006753,713857,386500,265500,4.719069,779697.5916066171
E02006753,714542,381500,264500,5.063167,495063.30704985524
E02006753,714543,382500,264500,4.729839,1000000.0
E02006753,714544,383500,264500,4.716561,1000000.0
E02006753,714545,384500,264500,5.468069,1000000.0
E02006753,714546,385500,264500,4.854841,1000000.0
E02006753,714547,386500,264500,4.817933,764571.0252851398
E02006753,715232,381500,263500,5.23832,328580.8596628981
E02006753,715233,382500,263500,5.676131,680764.0055722635
E02006753,715234,383500,263500,5.225036,996806.9845544262
E02006753,715235,384500,263500,5.729863,1000000.0
E02006753,715236,385500,263500,5.117671,1000000.0
E02006753,715237,386500,263500,5.149181,798980.24004116
E02006753,715238,387500,263500,5.274376,3596.275782400324
E02006753,715924,383500,262500,5.340841,528092.8518687189
E02006753,715925,384500,262500,5.482432,1000000.0
E02006753,715926,385500,262500,5.01318,1000000.0
E02006753,715927,386500,262500,5.020412,882639.9203757229
E02006753,716614,383500,261500,4.864212,19625.758328399083
E02006753,716615,384500,261500,5.962951,861707.1834120561
E02006753,716616,385500,261500,5.230234,1000000.0
E02006753,716617,386500,261500,5.159835,394262.845606657
E02006753,717304,383500,260500,4.834404,1.7024266157103525
E02006753,717305,384500,260500,6.137747,909393.2897141764
E02006753,717306,385500,260500,5.374581,1000000.0
E02006753,717307,386500,260500,5.396233,966409.2463442247
E02006753,717308,387500,260500,5.670827,881350.2160064932
E02006753,717309,388500,260500,5.999564,719391.3803404834
E02006753,717310,389500,260500,5.918445,90653.66621422517
E02006753,717994,383500,259500,5.398828,250074.1850613527
E02006753,717995,384500,259500,6.110292,904479.0007885504
E02006753,717996,385500,259500,5.853784,973616.4733620991
E02006753,717997,386500,259500,6.163419,1000000.0
E02006753,717998,387500,259500,6.470846,1000000.0
E02006753,717999,388500,259500,6.140471,1000000.0
E02006753,718000,389500,259500,6.145444,827123.0796857218
E02006753,718001,390500,259500,8.222791,80484.209890664
E02006753,718684,383500,258500,5.653357,315788.56839546893
E02006753,718685,384500,258500,6.027611,225169.18735302924
E02006753,718686,385500,258500,6.552938,229355.1610305316
E02006753,718687,386500,258500,7.808363,578271.9309071434
E02006753,718688,387500,258500,7.335503,939215.1073091007
E02006753,718689,388500,258500,7.157681,1000000.0
E02006753,718690,389500,258500,7.436037,975965.6931430118
E02006753,718691,390500,258500,8.194315,173981.18447321083
E02006753,719378,387500,257500,10.00108,28386.019400634785
E02006753,719379,388500,257500,7.993821,352711.1596617766
E02006753,719380,389500,257500,9.866475,391671.5168063728
E02006754,713864,393500,265500,6.168849,38184.44141038706
E02006754,713867,396500,265500,5.188778,293265.940497371
E02006754,713868,397500,265500,5.031581,232008.3743539452
E02006754,714553,392500,264500,6.271414,481755.17087262805
E02006754,714554,393500,264500,6.06374,949456.8684552946
E02006754,714555,394500,264500,5.316092,861262.6795806127
E02006754,714556,395500,264500,5.242295,737728.549866617
E02006754,714557,396500,264500,5.082856,986426.4675285729
E02006754,714558,397500,264500,4.908168,988346.0837346673
E02006754,714559,398500,264500,4.819745,643772.8297509492
E02006754,714560,399500,264500,4.764648,400883.91982520925
E02006754,715241,390500,263500,8.01702,26379.86833590672
E02006754,715242,391500,263500,8.500494,508108.7871718891
E02006754,715243,392500,263500,6.392799,898719.6327295938
E02006754,715244,393500,263500,5.634344,1000000.0
E02006754,715245,394500,263500,5.119294,1000000.0
E02006754,715246,395500,263500,5.075021,1000000.0
E02006754,715247,396500,263500,4.954385,1000000.0
E02006754,715248,397500,263500,4.791016,1000000.0
E02006754,715249,398500,263500,4.727817,1000000.0
E02006754,715250,399500,263500,4.62763,373001.226623994
E02006754,715931,390500,262500,8.755878,226873.37675267583
E02006754,715932,391500,262500,6.542165,1000000.0
E02006754,715933,392500,262500,5.961568,1000000.0
E02006754,715934,393500,262500,5.315872,1000000.0
E02006754,715935,394500,262500,4.925052,1000000.0
E02006754,715936,395500,262500,4.967455,1000000.0
E02006754,715937,396500,262500,4.779372,1000000.0
E02006754,715938,397500,262500,4.669395,1000000.0
E02006754,715939,398500,262500,4.573173,1000000.0
E02006754,715940,399500,262500,4.48244,259848.5048515749
E02006754,716621,390500,261500,8.596453,53534.757836062054
E02006754,716622,391500,261500,6.426924,1000000.0
E02006754,716623,392500,261500,5.673903,1000000.0
E02006754,716624,393500,261500,5.093653,1000000.0
E02006754,716625,394500,261500,4.739848,1000000.0
E02006754,716626,395500,261500,4.745211,1000000.0
E02006754,716627,396500,261500,4.552873,1000000.0
E02006754,716628,397500,261500,4.488114,1000000.0
E02006754,716629,398500,261500,4.438344,985188.1472709145
E02006754,716630,399500,261500,4.40615,73972.72175186359
E02006754,717311,390500,260500,8.043028,72587.35289570692
E02006754,717312,391500,260500,6.270229,1000000.0
E02006754,717313,392500,260500,5.554829,1000000.0
E02006754,717314,393500,260500,4.904784,1000000.0
E02006754,717315,394500,260500,4.572176,1000000.0
E02006754,717316,395500,260500,4.599152,1000000.0
E02006754,717317,396500,260500,4.452862,1000000.0
E02006754,717318,397500,260500,4.375395,1000000.0
E02006754,717319,398500,260500,4.314396,864415.6171130722
E02006754,718001,390500,259500,8.222791,370720.6918453554
E02006754,718002,391500,259500,6.365994,1000000.0
E02006754,718003,392500,259500,5.269764,1000000.0
E02006754,718004,393500,259500,4.78342,1000000.0
E02006754,718005,394500,259500,4.539208,1000000.0
E02006754,718006,395500,259500,4.57612,1000000.0
E02006754,718007,396500,259500,4.403384,1000000.0
E02006754,718008,397500,259500,4.324301,1000000.0
E02006754,718009,398500,259500,4.274929,960284.1124234783
E02006754,718010,399500,259500,4.308993,471623.34353798704
E02006754,718690,389500,258500,7.436037,24034.306856988234
E02006754,718691,390500,258500,8.194315,820081.3941711443
E02006754,718692,391500,258500,6.123313,1000000.0
E02006754,718693,392500,258500,5.051784,1000000.0
E02006754,718694,393500,258500,4.68967,1000000.0
E02006754,718695,394500,258500,4.484437,1000000.0
E02006754,718696,395500,258500,4.476063,1000000.0
E02006754,718697,396500,258500,4.330292,872726.7879324419
E02006754,718698,397500,258500,4.29026,740919.3954495472
E02006754,718699,398500,258500,4.203397,174419.89334920672
E02006754,719380,389500,257500,9.866475,526948.3052532183
E02006754,719381,390500,257500,6.529499,1000000.0
E02006754,719382,391500,257500,5.390906,1000000.0
E02006754,719383,392500,257500,4.840851,1000000.0
E02006754,719384,393500,257500,4.568732,1000000.0
E02006754,719385,394500,257500,4.334753,1000000.0
E02006754,719386,395500,257500,4.386873,662985.696164373
E02006754,719387,396500,257500,4.288933,192618.19034874035
E02006754,719388,397500,257500,4.21235,8917.5915585522
E02006754,720069,388500,256500,7.716954,7478.1866994001575
E02006754,720070,389500,256500,8.349233,904746.3607393135
E02006754,720071,390500,256500,5.948299,1000000.0
E02006754,720072,391500,256500,5.043936,1000000.0
E02006754,720073,392500,256500,4.741617,1000000.0
E02006754,720074,393500,256500,4.420386,1000000.0
E02006754,720075,394500,256500,4.199368,984922.9113383262
E02006754,720076,395500,256500,4.299929,279676.4445777501
E02006754,720759,388500,255500,9.129604,274013.20546691964
E02006754,720760,389500,255500,6.435186,1000000.0
E02006754,720761,390500,255500,5.468571,1000000.0
E02006754,720762,391500,255500,4.837451,1000000.0
E02006754,720763,392500,255500,4.545607,1000000.0
E02006754,720764,393500,255500,4.28878,1000000.0
E02006754,720765,394500,255500,4.116417,601146.3940691225
E02006754,721449,388500,254500,9.597407,504878.6466920075
E02006754,721450,389500,254500,6.013429,1000000.0
E02006754,721451,390500,254500,5.394199,1000000.0
E02006754,721452,391500,254500,4.771863,1000000.0
E02006754,721453,392500,254500,4.512304,1000000.0
E02006754,721454,393500,254500,4.310942,1000000.0
E02006754,721455,394500,254500,4.257314,760980.196680122
E02006754,721456,395500,254500,4.298672,222159.20739081563
E02006754,722139,388500,253500,8.377015,170787.69370582438
E02006754,722140,389500,253500,5.552032,987498.6039210901
E02006754,722141,390500,253500,5.322816,1000000.0
E02006754,722142,391500,253500,4.550237,1000000.0
E02006754,722143,392500,253500,4.291791,1000000.0
E02006754,722144,393500,253500,4.126752,1000000.0
E02006754,722145,394500,253500,4.033298,1000000.0
E02006754,722146,395500,253500,4.221505,960862.5538915191
E02006754,722147,396500,253500,4.117602,370769.98673900677
E02006754,722830,389500,252500,5.017417,116227.05388735048
E02006754,722831,390500,252500,4.635916,217344.0254009476
E02006754,722832,391500,252500,4.534447,848125.2156997181
E02006754,722833,392500,252500,4.215227,1000000.0
E02006754,722834,393500,252500,4.063148,1000000.0
E02006754,722835,394500,252500,3.946798,908881.3746018364
E02006754,722836,395500,252500,4.166041,236795.66125369706
E02006754,723522,391500,251500,4.431643,339218.15665229736
E02006754,723523,392500,251500,4.19257,978309.2191742919
E02006754,723524,393500,251500,4.066536,1000000.0
E02006754,723525,394500,251500,3.969105,1000000.0
E02006754,723526,395500,251500,4.204435,851593.0811237157
E02006754,723527,396500,251500,4.226876,20541.11393846494
E02006754,724213,392500,250500,4.380553,166544.13073672264
E02006754,724214,393500,250500,4.142559,629779.8213437158
E02006754,724215,394500,250500,4.037723,1000000.0
E02006754,724216,395500,250500,4.364619,999562.0729996319
E02006754,724217,396500,250500,4.697264,234648.4622682969
E02006754,724904,393500,249500,4.532248,266225.87323034485
E02006754,724905,394500,249500,4.410945,53211.62486918044
E02006754,724906,395500,249500,4.770817,13461.779252453363
E02006755,716634,403500,261500,4.321163,156678.3779732479
E02006755,716635,404500,261500,4.670259,342305.14905938745
E02006755,717321,400500,260500,4.223892,34932.827822595114
E02006755,717322,401500,260500,4.135072,2446.115661351929
E02006755,717323,402500,260500,4.163023,154441.35713093416
E02006755,717324,403500,260500,4.228274,847473.0472977748
E02006755,717325,404500,260500,4.304183,972897.9538645883
E02006755,717326,405500,260500,4.301001,126091.22309971873
E02006755,718009,398500,259500,4.274929,32449.13095734809
E02006755,718010,399500,259500,4.308993,322637.8746381244
E02006755,718011,400500,259500,4.200916,850496.2363177377
E02006755,718012,401500,259500,4.108024,935471.0528580955
E02006755,718013,402500,259500,4.189543,964725.9062801326
E02006755,718014,403500,259500,4.158665,1000000.0
E02006755,718015,404500,259500,4.072865,1000000.0
E02006755,718016,405500,259500,4.128101,333758.96414064115
E02006755,718697,396500,258500,4.330292,127273.2120675581
E02006755,718698,397500,258500,4.29026,259080.60455045276
E02006755,718699,398500,258500,4.203397,825580.1066507933
E02006755,718700,399500,258500,4.172233,1000000.0
E02006755,718701,400500,258500,4.184239,1000000.0
E02006755,718702,401500,258500,4.135585,1000000.0
E02006755,718703,402500,258500,4.194639,1000000.0
E02006755,718704,403500,258500,4.115504,1000000.0
E02006755,718705,404500,258500,3.994791,1000000.0
E02006755,718706,405500,258500,4.064023,669795.3076764735
E02006755,719386,395500,257500,4.386873,337014.30383562704
E02006755,719387,396500,257500,4.288933,807381.8096512596
E02006755,719388,397500,257500,4.21235,991082.4084414479
E02006755,719389,398500,257500,4.191148,1000000.0
E02006755,719390,399500,257500,4.151594,1000000.0
E02006755,719391,400500,257500,4.190731,1000000.0
E02006755,719392,401500,257500,4.319398,1000000.0
E02006755,719393,402500,257500,4.078474,1000000.0
E02006755,719394,403500,257500,3.946806,1000000.0
E02006755,719395,404500,257500,3.985287,1000000.0
E02006755,719396,405500,257500,4.032251,642666.5182435401
E02006755,720075,394500,256500,4.199368,15077.088661673924
E02006755,720076,395500,256500,4.299929,720323.55542225
E02006755,720077,396500,256500,4.23277,1000000.0
E02006755,720078,397500,256500,4.165586,1000000.0
E02006755,720079,398500,256500,4.233576,1000000.0
E02006755,720080,399500,256500,4.188963,1000000.0
E02006755,720081,400500,256500,4.191988,1000000.0
E02006755,720082,401500,256500,4.162412,1000000.0
E02006755,720083,402500,256500,3.951647,1000000.0
E02006755,720084,403500,256500,3.868818,1000000.0
E02006755,720085,404500,256500,3.789835,737829.1706468405
E02006755,720086,405500,256500,3.876375,121493.45444861866
E02006755,720765,394500,255500,4.116417,398853.6059308775
E02006755,720766,395500,255500,4.293127,1000000.0
E02006755,720767,396500,255500,4.28626,1000000.0
E02006755,720768,397500,255500,4.245151,1000000.0
E02006755,720769,398500,255500,4.135732,1000000.0
E02006755,720770,399500,255500,4.05726,1000000.0
E02006755,720771,400500,255500,4.06026,1000000.0
E02006755,720772,401500,255500,3.918666,1000000.0
E02006755,720773,402500,255500,3.852733,1000000.0
E02006755,720774,403500,255500,3.775297,1000000.0
E02006755,720775,404500,255500,3.713222,469135.5343398985
E02006755,721455,394500,254500,4.257314,239019.80331987794
E02006755,721456,395500,254500,4.298672,777840.7926091844
E02006755,721457,396500,254500,4.182189,1000000.0
E02006755,721458,397500,254500,4.118083,1000000.0
E02006755,721459,398500,254500,4.088349,1000000.0
E02006755,721460,399500,254500,4.04393,1000000.0
E02006755,721461,400500,254500,4.06228,1000000.0
E02006755,721462,401500,254500,3.920578,1000000.0
E02006755,721463,402500,254500,3.850099,1000000.0
E02006755,721464,403500,254500,3.78229,1000000.0
E02006755,721465,404500,254500,3.735068,396393.1719959883
E02006755,722146,395500,253500,4.221505,39137.446108480915
E02006755,722147,396500,253500,4.117602,629230.0132609933
E02006755,722148,397500,253500,4.075466,1000000.0
E02006755,722149,398500,253500,4.067698,1000000.0
E02006755,722150,399500,253500,4.088512,1000000.0
E02006755,722151,400500,253500,3.995483,1000000.0
E02006755,722152,401500,253500,3.926167,1000000.0
E02006755,722153,402500,253500,3.801064,1000000.0
E02006755,722154,403500,253500,3.769589,995259.0001312752
E02006755,722155,404500,253500,3.728458,143291.82083061602
E02006755,722835,394500,252500,3.946798,91118.6253981636
E02006755,722836,395500,252500,4.166041,763204.3387463031
E02006755,722837,396500,252500,4.1499,1000000.0
E02006755,722838,397500,252500,4.120316,771530.4719051832
E02006755,722839,398500,252500,4.096222,560003.7802189806
E02006755,722840,399500,252500,4.051416,963689.4100333039
E02006755,722841,400500,252500,3.981669,996745.6351749852
E02006755,722842,401500,252500,3.86762,1000000.0
E02006755,722843,402500,252500,3.823328,848928.9994483797
E02006755,722844,403500,252500,3.755188,477278.61235071893
E02006755,722845,404500,252500,3.701862,235195.75468976493
E02006755,723526,395500,251500,4.204435,148406.91887628433
E02006755,723527,396500,251500,4.226876,671970.7631433087
E02006755,723528,397500,251500,4.25942,1854.4683254232887
E02006755,723530,399500,251500,4.105115,104474.63839904193
E02006755,723531,400500,251500,3.987283,780334.9770217307
E02006755,723532,401500,251500,3.892428,1000000.0
E02006755,723533,402500,251500,3.849482,1000000.0
E02006755,723534,403500,251500,3.753097,1000000.0
E02006755,723535,404500,251500,3.701644,349561.06878767925
E02006755,724221,400500,250500,3.966265,117105.36932611903
E02006755,724222,401500,250500,3.848611,899525.7650480682
E02006755,724223,402500,250500,3.817121,1000000.0
E02006755,724224,403500,250500,3.751404,685338.3401665607
E02006755,724225,404500,250500,3.718438,2911.9273259518827
E02006755,724911,400500,249500,4.041363,138057.3946727475
E02006755,724912,401500,249500,3.924216,971642.8381399626
E02006755,724913,402500,249500,3.870438,1000000.0
E02006755,724914,403500,249500,3.776903,381203.6431128265
E02006755,725601,400500,248500,4.156061,210698.63450774498
E02006755,725602,401500,248500,4.011696,957740.3657723718
E02006755,725603,402500,248500,3.899632,809435.8233335786
E02006755,725604,403500,248500,3.870425,49883.4933296409
E02006755,726292,401500,247500,4.312747,239807.9431495226
E02006755,726293,402500,247500,3.998523,50503.2032723931
E02006767,701431,380500,283500,4.022402,11233.168451914811
E02006767,702121,380500,282500,4.010969,469859.84098142944
E02006767,702122,381500,282500,4.254978,538942.7266836814
E02006767,702123,382500,282500,4.595816,280192.5110654594
E02006767,702124,383500,282500,5.000765,151452.59675364458
E02006767,702125,384500,282500,5.277168,3774.6179843930267
E02006767,702810,379500,281500,3.913903,19469.913645876823
E02006767,702811,380500,281500,4.065648,815045.3959612015
E02006767,702812,381500,281500,4.335849,1000000.0
E02006767,702813,382500,281500,4.669205,1000000.0
E02006767,702814,383500,281500,5.126014,1000000.0
E02006767,702815,384500,281500,5.476038,961253.5787674022
E02006767,702816,385500,281500,6.39408,646315.4132234876
E02006767,702817,386500,281500,5.854285,105046.13508040595
E02006767,703500,379500,280500,4.040605,49703.56777603958
E02006767,703501,380500,280500,4.245018,930698.4322713126
E02006767,703502,381500,280500,4.530241,1000000.0
E02006767,703503,382500,280500,4.911687,1000000.0
E02006767,703504,383500,280500,5.669131,1000000.0
E02006767,703505,384500,280500,6.786222,1000000.0
E02006767,703506,385500,280500,6.393625,1000000.0
E02006767,703507,386500,280500,5.847174,915063.1509398809
E02006767,703508,387500,280500,5.982267,815017.0792051065
E02006767,703509,388500,280500,5.994285,656337.6557704837
E02006767,704191,380500,279500,4.381305,174725.95062630696
E02006767,704192,381500,279500,4.882116,949683.8742637989
E02006767,704193,382500,279500,5.602208,1000000.0
E02006767,704194,383500,279500,6.39153,1000000.0
E02006767,704195,384500,279500,6.494915,1000000.0
E02006767,704196,385500,279500,6.011267,1000000.0
E02006767,704197,386500,279500,5.932688,1000000.0
E02006767,704198,387500,279500,5.78809,1000000.0
E02006767,704199,388500,279500,6.036251,992316.4497788966
E02006767,704200,389500,279500,6.604062,274139.2199883573
E02006767,704201,390500,279500,6.663157,172475.52198230184
E02006767,704202,391500,279500,6.939673,6237.495112253444
E02006767,704882,381500,278500,5.414236,432924.3321213644
E02006767,704883,382500,278500,6.435554,613285.3745639089
E02006767,704884,383500,278500,6.672185,703040.0074157907
E02006767,704885,384500,278500,7.113322,606091.2268715616
E02006767,704886,385500,278500,6.245965,940881.4401815349
E02006767,704887,386500,278500,5.770214,1000000.0
E02006767,704888,387500,278500,6.024819,1000000.0
E02006767,704889,388500,278500,6.198486,1000000.0
E02006767,704890,389500,278500,6.131808,1000000.0
E02006767,704891,390500,278500,6.046989,1000000.0
E02006767,704892,391500,278500,6.169667,350773.77762662864
E02006767,705576,385500,277500,6.568215,810512.8755663524
E02006767,705577,386500,277500,6.013858,1000000.0
E02006767,705578,387500,277500,5.708864,1000000.0
E02006767,705579,388500,277500,5.595595,1000000.0
E02006767,705580,389500,277500,5.877151,1000000.0
E02006767,705581,390500,277500,5.781806,862374.3553562426
E02006767,705582,391500,277500,6.030798,32896.86282219227
E02006767,706266,385500,276500,6.202749,548267.8815986593
E02006767,706267,386500,276500,5.542192,1000000.0
E02006767,706268,387500,276500,5.41329,1000000.0
E02006767,706269,388500,276500,5.6119,1000000.0
E02006767,706270,389500,276500,5.538926,1000000.0
E02006767,706271,390500,276500,5.541487,1000000.0
E02006767,706272,391500,276500,5.714673,188549.85632681134
E02006767,706955,384500,275500,7.16922,37905.57823902308
E02006767,706956,385500,275500,5.978363,788184.4077029082
E02006767,706957,386500,275500,5.462586,1000000.0
E02006767,706958,387500,275500,5.484851,1000000.0
E02006767,706959,388500,275500,5.411086,1000000.0
E02006767,706960,389500,275500,5.344885,1000000.0
E02006767,706961,390500,275500,5.417152,1000000.0
E02006767,706962,391500,275500,5.525165,519810.2610071561
E02006767,707645,384500,274500,6.774497,295588.2641616386
E02006767,707646,385500,274500,5.632988,1000000.0
E02006767,707647,386500,274500,5.732541,1000000.0
E02006767,707648,387500,274500,5.550261,1000000.0
E02006767,707649,388500,274500,5.271548,1000000.0
E02006767,707650,389500,274500,5.31331,1000000.0
E02006767,707651,390500,274500,5.270792,1000000.0
E02006767,707652,391500,274500,5.361943,777829.7520415662
E02006767,708335,384500,273500,6.282428,266362.9803344564
E02006767,708336,385500,273500,5.93024,761867.260605179
E02006767,708337,386500,273500,5.483703,1000000.0
E02006767,708338,387500,273500,5.426053,1000000.0
E02006767,708339,388500,273500,5.362801,1000000.0
E02006767,708340,389500,273500,5.301519,1000000.0
E02006767,708341,390500,273500,5.139596,1000000.0
E02006767,708342,391500,273500,5.247464,594616.5277885157
E02006767,709026,385500,272500,5.980577,41445.023890327735
E02006767,709027,386500,272500,5.494015,921340.8036467452
E02006767,709028,387500,272500,5.237268,1000000.0
E02006767,709029,388500,272500,5.078753,1000000.0
E02006767,709030,389500,272500,5.195385,998308.7395787938
E02006767,709031,390500,272500,5.314956,719601.4750345438
E02006767,709032,391500,272500,5.337661,6603.650728518811
E02006767,709717,386500,271500,5.923531,315880.2318484489
E02006767,709718,387500,271500,5.322366,999245.8811804595
E02006767,709719,388500,271500,5.07044,1000000.0
E02006767,709720,389500,271500,5.049206,776254.4353536535
E02006767,709721,390500,271500,5.063131,8409.250368561525
E02006767,710407,386500,270500,6.11058,16447.28876777285
E02006767,710408,387500,270500,5.494409,716067.2357073915
E02006767,710409,388500,270500,5.059999,838982.2021086076
E02006767,710410,389500,270500,4.970018,406581.85380440584
E02006767,711099,388500,269500,4.955826,554424.8363224219
E02006767,711100,389500,269500,4.902102,42.925290810447635
E02006767,711789,388500,268500,4.862983,97013.31635014071
E02006768,704882,381500,278500,5.414236,192882.35058670878
E02006768,704883,382500,278500,6.435554,386714.6254360911
E02006768,704884,383500,278500,6.672185,20234.39634771405
E02006768,705572,381500,277500,5.970864,422969.2200548921
E02006768,705573,382500,277500,7.371039,741026.6634611964
E02006768,705574,383500,277500,8.203786,10811.302038525482
E02006768,706263,382500,276500,8.972835,67793.41748206122
E02006769,704884,383500,278500,6.672185,23273.79138525016
E02006769,704885,384500,278500,7.113322,385957.3841469318
E02006769,704886,385500,278500,6.245965,59118.55981846513
E02006769,705574,383500,277500,8.203786,124961.29111705857
E02006769,705575,384500,277500,8.547936,981985.9260615386
E02006769,705576,385500,277500,6.568215,161973.97404360562
E02006769,706264,383500,276500,9.508261,104346.23713062824
E02006769,706265,384500,276500,8.064492,70921.6574038395
E02006770,704884,383500,278500,6.672185,253451.80485124502
E02006770,704885,384500,278500,7.113322,7951.388981506549
E02006770,705573,382500,277500,7.371039,132206.6122544268
E02006770,705574,383500,277500,8.203786,864227.4068444158
E02006770,705575,384500,277500,8.547936,3338.4034585653367
E02006770,706263,382500,276500,8.972835,21017.478643042676
E02006770,706264,383500,276500,9.508261,723302.6397644787
E02006770,706265,384500,276500,8.064492,2693.1744869625136
E02006770,706953,382500,275500,8.983471,26832.671055997205
E02006770,706954,383500,275500,8.319278,310678.02534449677
E02006771,700741,380500,284500,4.041312,23661.949165894053
E02006771,701430,379500,283500,3.81298,290294.8762978839
E02006771,701431,380500,283500,4.022402,304651.913058153
E02006771,702116,375500,282500,3.2521,286190.6112675599
E02006771,702117,376500,282500,3.344968,330460.52455502085
E02006771,702118,377500,282500,3.622014,124336.92589432737
E02006771,702119,378500,282500,3.751623,150049.37801414382
E02006771,702120,379500,282500,3.81666,940518.2487129478
E02006771,702121,380500,282500,4.010969,494000.38609947514
E02006771,702806,375500,281500,3.210345,628989.8645157816
E02006771,702807,376500,281500,3.326862,1000000.0
E02006771,702808,377500,281500,3.456667,999341.2004687554
E02006771,702809,378500,281500,3.749245,1000000.0
E02006771,702810,379500,281500,3.913903,980530.0863541232
E02006771,702811,380500,281500,4.065648,184954.6040387986
E02006771,703496,375500,280500,3.211474,731882.010123976
E02006771,703497,376500,280500,3.333873,1000000.0
E02006771,703498,377500,280500,3.458237,1000000.0
E02006771,703499,378500,280500,3.626547,1000000.0
E02006771,703500,379500,280500,4.040605,950296.4322239604
E02006771,703501,380500,280500,4.245018,69301.56772868744
E02006771,704186,375500,279500,3.243824,853270.4310066095
E02006771,704187,376500,279500,3.339481,1000000.0
E02006771,704188,377500,279500,3.439604,1000000.0
E02006771,704189,378500,279500,3.628445,1000000.0
E02006771,704190,379500,279500,3.933166,1000000.0
E02006771,704191,380500,279500,4.381305,825274.0493736931
E02006771,704192,381500,279500,4.882116,50316.12573620103
E02006771,704875,374500,278500,3.137259,44295.39440484529
E02006771,704876,375500,278500,3.276222,920741.5939000216
E02006771,704877,376500,278500,3.333274,1000000.0
E02006771,704878,377500,278500,3.512892,1000000.0
E02006771,704879,378500,278500,3.715151,1000000.0
E02006771,704880,379500,278500,3.985892,1000000.0
E02006771,704881,380500,278500,4.393909,1000000.0
E02006771,704882,381500,278500,5.414236,374193.31729192677
E02006771,705566,375500,277500,3.24568,87443.46776643192
E02006771,705567,376500,277500,3.44076,593874.1498836163
E02006771,705568,377500,277500,3.63087,990926.3453220916
E02006771,705569,378500,277500,3.807769,1000000.0
E02006771,705570,379500,277500,4.122505,1000000.0
E02006771,705571,380500,277500,4.736589,975393.3468197878
E02006771,705572,381500,277500,5.970864,156651.81954619824
E02006771,706258,377500,276500,3.733047,533888.0074026093
E02006771,706259,378500,276500,3.994614,1000000.0
E02006771,706260,379500,276500,4.477245,1000000.0
E02006771,706261,380500,276500,5.029999,908850.0946844657
E02006771,706262,381500,276500,6.263424,6651.274471571632
E02006771,706948,377500,275500,4.073711,51478.98679102199
E02006771,706949,378500,275500,4.700116,674558.8322663165
E02006771,706950,379500,275500,5.123684,992959.2754657047
E02006771,706951,380500,275500,5.350386,919332.2688815551
E02006771,706952,381500,275500,6.28858,6677.594837000907
E02006771,707640,379500,274500,4.831179,725735.7837614787
E02006771,707641,380500,274500,5.080799,954333.4081509548
E02006771,707642,381500,274500,7.213718,71680.65111237
E02006771,708329,378500,273500,4.052216,198611.28032555024
E02006771,708330,379500,273500,4.488736,596048.2388056768
E02006771,708331,380500,273500,5.465452,171041.20874223395
E02006771,708332,381500,273500,8.894515,17490.90081217083
E02006771,709019,378500,272500,3.964258,38124.5699189867
E02006771,709020,379500,272500,4.529334,14863.882438632516
E02006772,705571,380500,277500,4.736589,24606.653180212168
E02006772,705572,381500,277500,5.970864,420378.9603989096
E02006772,705573,382500,277500,7.371039,126766.72428437677
E02006772,706261,380500,276500,5.029999,91149.90531553434
E02006772,706262,381500,276500,6.263424,843045.2752238145
E02006772,706263,382500,276500,8.972835,376106.7684581744
E02006772,706264,383500,276500,9.508261,9004.382868769871
E02006772,706952,381500,275500,6.28858,638.0952902668676
E02006773,705575,384500,277500,8.547936,14675.67047989606
E02006773,705576,385500,277500,6.568215,27513.150390041956
E02006773,706264,383500,276500,9.508261,162826.6150172833
E02006773,706265,384500,276500,8.064492,926385.1681091981
E02006773,706266,385500,276500,6.202749,451732.11840134073
E02006773,706954,383500,275500,8.319278,366981.9284422883
E02006773,706955,384500,275500,7.16922,769413.508909421
E02006773,706956,385500,275500,5.978363,211559.119386353
E02006773,707644,383500,274500,8.482236,14760.582122188296
E02006773,707645,384500,274500,6.774497,29.510047927890504
E02006774,706262,381500,276500,6.263424,150303.4503046138
E02006774,706263,382500,276500,8.972835,535082.3354167218
E02006774,706264,383500,276500,9.508261,520.1252188398538
E02006774,706951,380500,275500,5.350386,49605.64132949207
E02006774,706952,381500,275500,6.28858,750026.8579232015
E02006774,706953,382500,275500,8.983471,515878.8817825881
E02006775,706951,380500,275500,5.350386,31062.089788952944
E02006775,706952,381500,275500,6.28858,242657.45194953078
E02006775,706953,382500,275500,8.983471,292274.4992294044
E02006775,707641,380500,274500,5.080799,45666.59184904521
E02006775,707642,381500,274500,7.213718,928319.34888763
E02006775,707643,382500,274500,7.88182,791248.5479282587
E02006775,708332,381500,273500,8.894515,289939.1500412139
E02006775,708333,382500,273500,7.133232,374843.0266440155
E02006776,706953,382500,275500,8.983471,165013.94793201025
E02006776,706954,383500,275500,8.319278,322340.04621321487
E02006776,706955,384500,275500,7.16922,192680.9128515559
E02006776,706956,385500,275500,5.978363,256.4729107388981
E02006776,707643,382500,274500,7.88182,208751.4520717413
E02006776,707644,383500,274500,8.482236,985239.4178778117
E02006776,707645,384500,274500,6.774497,704382.2257904336
E02006776,708333,382500,273500,7.133232,86970.03497107486
E02006776,708334,383500,273500,7.785947,312631.953808109
E02006776,708335,384500,273500,6.282428,85254.22123901262
E02006777,706252,371500,276500,2.884228,8494.157610146813
E02006777,706253,372500,276500,2.961071,312292.85509760963
E02006777,706254,373500,276500,3.014731,246242.7362393204
E02006777,706255,374500,276500,3.128558,366394.0072655722
E02006777,706256,375500,276500,3.242502,702911.0507078557
E02006777,706257,376500,276500,3.421139,525729.8005939834
E02006777,706258,377500,276500,3.733047,286039.73651795794
E02006777,706942,371500,275500,2.987541,67970.56352533329
E02006777,706943,372500,275500,3.06916,945474.2069512693
E02006777,706944,373500,275500,3.113594,1000000.0
E02006777,706945,374500,275500,3.166943,1000000.0
E02006777,706946,375500,275500,3.29813,1000000.0
E02006777,706947,376500,275500,3.498839,1000000.0
E02006777,706948,377500,275500,4.073711,948521.013208978
E02006777,706949,378500,275500,4.700116,325441.1677336835
E02006777,706950,379500,275500,5.123684,7040.724534295233
E02006777,707632,371500,274500,2.931075,111747.72220036015
E02006777,707633,372500,274500,3.190613,950143.5384017332
E02006777,707634,373500,274500,3.229427,1000000.0
E02006777,707635,374500,274500,3.257059,1000000.0
E02006777,707636,375500,274500,3.573984,1000000.0
E02006777,707637,376500,274500,3.782961,1000000.0
E02006777,707638,377500,274500,4.155045,1000000.0
E02006777,707639,378500,274500,4.439205,1000000.0
E02006777,707640,379500,274500,4.831179,274264.21623852133
E02006777,708322,371500,273500,2.964658,52882.287072440886
E02006777,708323,372500,273500,3.091018,984536.1611954435
E02006777,708324,373500,273500,3.275052,1000000.0
E02006777,708325,374500,273500,3.523621,1000000.0
E02006777,708326,375500,273500,3.513576,1000000.0
E02006777,708327,376500,273500,3.542731,1000000.0
E02006777,708328,377500,273500,3.715503,1000000.0
E02006777,708329,378500,273500,4.052216,801388.7196744498
E02006777,708330,379500,273500,4.488736,847.36615917488
E02006777,709012,371500,272500,3.052436,502772.3565849893
E02006777,709013,372500,272500,3.116474,1000000.0
E02006777,709014,373500,272500,3.139487,1000000.0
E02006777,709015,374500,272500,3.286738,1000000.0
E02006777,709016,375500,272500,3.372899,1000000.0
E02006777,709017,376500,272500,3.512923,1000000.0
E02006777,709018,377500,272500,3.659316,1000000.0
E02006777,709019,378500,272500,3.964258,943952.7729976374
E02006777,709020,379500,272500,4.529334,161352.06347954035
E02006777,709702,371500,271500,3.098254,650571.1038520326
E02006777,709703,372500,271500,3.057127,1000000.0
E02006777,709704,373500,271500,3.179674,1000000.0
E02006777,709705,374500,271500,3.205539,1000000.0
E02006777,709706,375500,271500,3.329356,1000000.0
E02006777,709707,376500,271500,3.456267,1000000.0
E02006777,709708,377500,271500,3.631548,1000000.0
E02006777,709709,378500,271500,3.891695,811457.1864117128
E02006777,709710,379500,271500,4.58958,535463.8834658872
E02006777,710391,370500,270500,2.975133,152989.24296488313
E02006777,710392,371500,270500,3.022235,867423.0597909257
E02006777,710393,372500,270500,3.079962,1000000.0
E02006777,710394,373500,270500,3.11727,1000000.0
E02006777,710395,374500,270500,3.227514,1000000.0
E02006777,710396,375500,270500,3.313199,1000000.0
E02006777,710397,376500,270500,3.41367,1000000.0
E02006777,710398,377500,270500,3.617389,999684.3199081308
E02006777,710399,378500,270500,3.912668,117967.18413705133
E02006777,711081,370500,269500,3.021185,301559.4363937132
E02006777,711082,371500,269500,2.995313,472979.0335889494
E02006777,711083,372500,269500,3.098926,268153.4866616123
E02006777,711084,373500,269500,3.206231,568637.8422829064
E02006777,711085,374500,269500,3.259268,435729.10755438654
E02006777,711086,375500,269500,3.344396,1000000.0
E02006777,711087,376500,269500,3.46546,852399.714404551
E02006777,711088,377500,269500,3.639439,822472.019696344
E02006777,711089,378500,269500,3.945279,4558.74166380162
E02006777,711775,374500,268500,3.389417,30941.63524363893
E02006777,711776,375500,268500,3.410066,226026.13356150856
E02006777,711777,376500,268500,3.469656,1058.6949295255067
E02006778,708330,379500,273500,4.488736,403104.39503514837
E02006778,708331,380500,273500,5.465452,828958.791257766
E02006778,708332,381500,273500,8.894515,683077.887327855
E02006778,708333,382500,273500,7.133232,6041.689630220422
E02006778,709019,378500,272500,3.964258,17922.657083375972
E02006778,709020,379500,272500,4.529334,819396.7200686929
E02006778,709021,380500,272500,7.827264,958619.0822365928
E02006778,709022,381500,272500,7.1462,769334.0686851619
E02006778,709710,379500,271500,4.58958,175242.99053146012
E02006778,709711,380500,271500,5.77509,124937.197170396
E02006778,709712,381500,271500,7.737258,63182.376656130546
E02006779,708332,381500,273500,8.894515,9492.061818760198
E02006779,708333,382500,273500,7.133232,532145.248754689
E02006779,708334,383500,273500,7.785947,211124.6797291793
E02006779,709020,379500,272500,4.529334,4387.33401313422
E02006779,709021,380500,272500,7.827264,41380.91776340717
E02006779,709022,381500,272500,7.1462,230665.9313148381
E02006779,709023,382500,272500,6.153454,996720.9511701217
E02006779,709024,383500,272500,5.737006,177824.89923020962
E02006779,709710,379500,271500,4.58958,68552.25625669814
E02006779,709711,380500,271500,5.77509,697287.9651792642
E02006779,709712,381500,271500,7.737258,936817.6233438695
E02006779,709713,382500,271500,6.018692,574687.7723741711
E02006779,709714,383500,271500,5.495418,4865.737219126599
E02006779,710401,380500,270500,5.650265,4255.453144503131
E02006779,710402,381500,270500,6.444123,545788.571979828
E02006779,710403,382500,270500,5.738586,78244.65180851177
E02006779,711092,381500,269500,5.427348,135897.7174520039
E02006779,711093,382500,269500,5.540009,86398.1200073748
E02006780,709710,379500,271500,4.58958,134436.25211659272
E02006780,709711,380500,271500,5.77509,177774.83765033985
E02006780,710400,379500,270500,4.582176,687705.9586451297
E02006780,710401,380500,270500,5.650265,995744.5468554969
E02006780,710402,381500,270500,6.444123,281665.3805710497
E02006780,711090,379500,269500,4.500112,242768.5799156255
E02006780,711091,380500,269500,5.119038,306274.36510840565
E02006780,711092,381500,269500,5.427348,11588.576924521589
E02006805,701483,432500,283500,9.301267,26596.572616945105
E02006805,701484,433500,283500,10.27159,545691.288892531
E02006805,701485,434500,283500,13.47791,124457.13303064201
E02006805,702173,432500,282500,9.864618,97433.45984155414
E02006805,702174,433500,282500,12.32494,450290.8398918183
E02006805,702175,434500,282500,12.85846,71040.44343511398
E02006806,699415,434500,286500,9.939217,71838.15792759034
E02006806,699416,435500,286500,10.4531,243762.97915399386
E02006806,700102,431500,285500,9.708342,340412.8939155085
E02006806,700103,432500,285500,10.36771,736368.9520975372
E02006806,700104,433500,285500,11.18094,509115.8292815321
E02006806,700105,434500,285500,12.14084,468441.5021064068
E02006806,700106,435500,285500,13.54085,293013.02686519554
E02006806,700792,431500,284500,8.03159,139678.26313212543
E02006806,700793,432500,284500,10.24244,685915.3663100757
E02006806,700794,433500,284500,9.531082,1000000.0
E02006806,700795,434500,284500,11.73804,747132.4680541853
E02006806,700796,435500,284500,14.32267,85661.27267298679
E02006806,701483,432500,283500,9.301267,3111.3613507627797
E02006806,701484,433500,283500,10.27159,200149.63794048998
E02006806,701485,434500,283500,13.47791,69768.42930484786
E02006807,703530,409500,280500,11.39863,1573.337808113206
E02006807,703531,410500,280500,11.62973,441903.6146105009
E02006807,703532,411500,280500,12.00441,276879.18403932237
E02006807,704220,409500,279500,11.25005,831.1479949226003
E02006807,704221,410500,279500,11.09273,641432.7569002484
E02006807,704222,411500,279500,11.74888,80710.11480727575
E02006808,703532,411500,280500,12.00441,19749.206648880558
E02006808,704221,410500,279500,11.09273,140743.2295289215
E02006808,704222,411500,279500,11.74888,720806.0277719141
E02006808,704911,410500,278500,10.45777,46825.30421464908
E02006808,704912,411500,278500,10.49641,460802.16601542063
E02006808,704913,412500,278500,11.42198,16220.945208542069
E02006809,695243,402500,292500,15.45004,155788.56807942234
E02006809,695244,403500,292500,13.36789,625216.2178323016
E02006809,695245,404500,292500,14.66721,725271.8537037736
E02006809,695246,405500,292500,15.39942,100902.97171196844
E02006809,695933,402500,291500,15.64595,97451.91226741852
E02006809,695934,403500,291500,13.59691,606927.9103213506
E02006809,695935,404500,291500,14.50107,847220.0142764394
E02006809,695936,405500,291500,14.63728,567259.6311493082
E02006810,693862,401500,294500,14.69274,555747.1278846127
E02006810,693863,402500,294500,17.07921,813211.2984890597
E02006810,693864,403500,294500,17.11776,242679.3698345154
E02006810,694551,400500,293500,14.39752,12556.087204413314
E02006810,694552,401500,293500,14.57974,940870.5709071469
E02006810,694553,402500,293500,16.65428,808882.669618926
E02006810,694554,403500,293500,14.84574,39730.59364060083
E02006810,695241,400500,292500,16.44484,77519.1128753175
E02006810,695242,401500,292500,14.41858,52877.0596999745
E02006810,695243,402500,292500,15.45004,473026.33195607085
E02006894,691092,391500,298500,16.55256,205682.04357678044
E02006894,691093,392500,298500,16.32104,202388.82701808098
E02006894,691781,390500,297500,11.53937,181614.1543730095
E02006894,691782,391500,297500,13.50294,994789.2612919871
E02006894,691783,392500,297500,13.33125,630379.8974319458
E02006894,692471,390500,296500,10.43538,195102.22953813578
E02006894,692472,391500,296500,11.00226,329944.6725628469
E02006894,692473,392500,296500,11.86964,301555.71393014607
E02006894,693163,392500,295500,11.10619,1837.8403533428116
E02006895,699387,406500,286500,22.31396,188375.20943153574
E02006895,699388,407500,286500,20.05936,14911.754606543185
E02006895,700077,406500,285500,17.18277,534563.9181124829
E02006895,700078,407500,285500,17.28938,121114.76546955346
E02006895,700767,406500,284500,15.22254,4875.564880568892
E02006896,699387,406500,286500,22.31396,241148.7719396776
E02006896,699388,407500,286500,20.05936,480896.36816509906
E02006896,699389,408500,286500,18.57859,61591.06129631574
E02006896,700077,406500,285500,17.18277,22417.802928915735
E02006896,700078,407500,285500,17.28938,362223.18043017446
E02006896,700079,408500,285500,16.75053,85741.8267592492
E02006897,698696,405500,287500,17.59524,1196.0497452614366
E02006897,699385,404500,286500,15.20986,77159.52988325694
E02006897,699386,405500,286500,18.19999,629705.2266994438
E02006897,699387,406500,286500,22.31396,118035.16242746696
E02006897,700076,405500,285500,16.69525,1499.6693084073283
E02006897,700077,406500,285500,17.18277,8783.02741127377
E02006898,698696,405500,287500,17.59524,487438.56762290385
E02006898,698697,406500,287500,21.27829,153854.69791266025
E02006898,699386,405500,286500,18.19999,288716.7863985556
E02006898,699387,406500,286500,22.31396,107464.0907907875
E02006899,698696,405500,287500,17.59524,3401.117367353953
E02006899,698697,406500,287500,21.27829,550375.9132805612
E02006899,698698,407500,287500,23.78764,87562.1517674506
E02006899,699387,406500,286500,22.31396,344976.76541053224
E02006899,699388,407500,286500,20.05936,136885.24218920254
E02006900,699388,407500,286500,20.05936,104320.92336565307
E02006900,699389,408500,286500,18.57859,604922.6783151967
E02006900,699390,409500,286500,16.9843,438553.5009714629
E02006900,699391,410500,286500,16.30035,475049.82213967066
E02006900,700080,409500,285500,16.3956,76567.51423333421
E02006900,700081,410500,285500,15.45886,297870.2974702743
E02006900,700082,411500,285500,15.31269,10713.66748922766
E02006900,700771,410500,284500,16.92561,2134.4686135673182
E02006919,675951,430500,320500,7.527664,67633.53545868397
E02006919,676638,427500,319500,6.242526,7478.7438522469865
E02006919,676639,428500,319500,8.426436,46344.93867528369
E02006919,676640,429500,319500,8.359299,20200.089954231902
E02006919,676641,430500,319500,7.589718,645025.8561292364
E02006919,676642,431500,319500,7.593171,153987.46951217874
E02006919,677328,427500,318500,6.604619,140540.7252419071
E02006919,677329,428500,318500,6.586442,816871.2630251393
E02006919,677330,429500,318500,6.726285,896298.9633057561
E02006919,677331,430500,318500,6.293331,453699.31571187824
E02006919,677332,431500,318500,6.71996,1.1781971345739706
E02006919,678019,428500,317500,6.034061,204172.79021168576
E02006919,678020,429500,317500,5.659597,695264.2075581481
E02006919,678021,430500,317500,6.969052,13948.38386428863
E02006920,675263,432500,321500,6.239401,31419.18846399161
E02006920,675951,430500,320500,7.527664,20127.13852043529
E02006920,675952,431500,320500,6.853604,149508.3183158861
E02006920,675953,432500,320500,6.285371,876653.4838613005
E02006920,675954,433500,320500,5.892671,535380.0097417134
E02006920,675955,434500,320500,5.751557,1238.1864717679523
E02006920,676641,430500,319500,7.589718,31287.092336488167
E02006920,676642,431500,319500,7.593171,817788.2615882605
E02006920,676643,432500,319500,6.401389,1000000.0
E02006920,676644,433500,319500,5.95995,876401.1411066336
E02006920,676645,434500,319500,5.795489,112625.39876758364
E02006920,677331,430500,318500,6.293331,139428.9919241551
E02006920,677332,431500,318500,6.71996,714820.1070474101
E02006920,677333,432500,318500,6.558968,175190.62779226774
E02006920,677334,433500,318500,6.326298,9602.107998737027
E02006943,697313,402500,289500,15.89037,78542.0305700282
E02006943,697314,403500,289500,17.43812,236122.80458979582
E02006943,697315,404500,289500,16.1737,5102.603396062484
E02006943,698002,401500,288500,14.44519,5964.594926530513
E02006943,698003,402500,288500,15.93817,782304.8506953686
E02006943,698004,403500,288500,16.15914,899768.4469299602
E02006943,698005,404500,288500,15.58944,31079.576496374666
E02006943,698693,402500,287500,14.81094,95294.18262305632
E02006943,698694,403500,287500,14.72542,70072.64420012309
E02006944,698004,403500,288500,16.15914,14439.751063581525
E02006944,698693,402500,287500,14.81094,303509.5838235561
E02006944,698694,403500,287500,14.72542,377185.3824745603
E02006982,687634,383500,303500,5.090484,8477.877697809194
E02006982,688323,382500,302500,4.632945,63.48211083405915
E02006982,688324,383500,302500,5.417288,754591.8368088234
E02006982,688325,384500,302500,5.26686,564481.4409261886
E02006982,688326,385500,302500,5.571285,261029.33596181878
E02006982,689009,378500,301500,4.069314,717741.8077314219
E02006982,689010,379500,301500,4.245044,128192.59154127854
E02006982,689011,380500,301500,4.416954,76144.97210800007
E02006982,689012,381500,301500,4.245394,161202.04823826882
E02006982,689013,382500,301500,4.486577,482975.22273921827
E02006982,689014,383500,301500,4.719037,1000000.0
E02006982,689015,384500,301500,4.980629,1000000.0
E02006982,689016,385500,301500,5.421184,984621.7771190286
E02006982,689017,386500,301500,6.065892,364210.76710342173
E02006982,689699,378500,300500,4.05382,869084.1953572832
E02006982,689700,379500,300500,4.187058,1000000.0
E02006982,689701,380500,300500,4.361822,992093.8440198713
E02006982,689702,381500,300500,4.243843,983954.5588605747
E02006982,689703,382500,300500,4.488059,1000000.0
E02006982,689704,383500,300500,4.71501,1000000.0
E02006982,689705,384500,300500,4.989234,1000000.0
E02006982,689706,385500,300500,5.552247,1000000.0
E02006982,689707,386500,300500,6.35818,961499.4164923565
E02006982,689708,387500,300500,7.611886,128828.2944747233
E02006982,690389,378500,299500,4.032327,361949.1611142166
E02006982,690390,379500,299500,4.184696,670883.3709377785
E02006982,690391,380500,299500,4.340747,1000000.0
E02006982,690392,381500,299500,4.245162,1000000.0
E02006982,690393,382500,299500,4.561084,1000000.0
E02006982,690394,383500,299500,4.827067,1000000.0
E02006982,690395,384500,299500,5.067579,1000000.0
E02006982,690396,385500,299500,5.773487,1000000.0
E02006982,690397,386500,299500,6.837155,995350.3466337568
E02006982,690398,387500,299500,7.63174,314003.11974342895
E02006982,691080,379500,298500,4.168152,62.082238451546836
E02006982,691081,380500,298500,4.324155,328095.28502397204
E02006982,691082,381500,298500,4.581197,838243.5865450123
E02006982,691083,382500,298500,4.6004,1000000.0
E02006982,691084,383500,298500,4.817221,1000000.0
E02006982,691085,384500,298500,5.064433,1000000.0
E02006982,691086,385500,298500,5.682075,1000000.0
E02006982,691087,386500,298500,6.928229,360907.5133647489
E02006982,691088,387500,298500,8.086797,1110.8970851961344
E02006982,691772,381500,297500,4.501597,169370.83849921063
E02006982,691773,382500,297500,4.497135,959454.852479123
E02006982,691774,383500,297500,4.806825,1000000.0
E02006982,691775,384500,297500,5.178787,1000000.0
E02006982,691776,385500,297500,5.92439,576056.7084640751
E02006982,691777,386500,297500,6.782551,75363.78390154729
E02006982,692463,382500,296500,4.65168,507298.30891212804
E02006982,692464,383500,296500,5.028138,594876.263487555
E02006982,692465,384500,296500,5.112379,325325.75894343224
E02006982,692466,385500,296500,6.07411,10642.868471806518
E02007038,695252,411500,292500,15.41621,144009.90499597535
E02007038,695253,412500,292500,14.55493,29003.796249443785
E02007038,695942,411500,291500,15.80434,636048.8169526827
E02007038,695943,412500,291500,15.87539,458535.0821558619
E02007038,695944,413500,291500,16.73512,111972.60530783604
E02007038,696632,411500,290500,17.97213,686174.1585451404
E02007038,696633,412500,290500,20.62659,953209.4098607232
E02007038,696634,413500,290500,19.73813,338037.3553340968
E02007038,696635,414500,290500,16.57705,13829.312194354643
E02007038,697322,411500,289500,19.22192,104062.99176892545
E02007038,697323,412500,289500,16.85463,270403.0326123669
E02007038,697324,413500,289500,15.29278,546603.2740127973
E02007038,697325,414500,289500,14.46614,10007.753232548419
E02007039,700080,409500,285500,16.3956,23829.621649862693
E02007039,700770,409500,284500,17.18003,426598.6640162811
E02007039,700771,410500,284500,16.92561,473107.5887851198
E02007039,700772,411500,284500,16.73449,3040.9291994427685
E02007039,701459,408500,283500,13.89719,54286.17413874782
E02007039,701460,409500,283500,14.71948,464790.8938386313
E02007039,701461,410500,283500,14.78638,87194.83106787586
E02007039,701462,411500,283500,14.58709,7249.59835517237
E02007039,702150,409500,282500,12.95294,19942.77929076857
E02007040,701460,409500,283500,14.71948,350738.52095664793
E02007040,701461,410500,283500,14.78638,372807.91688660544
E02007040,702150,409500,282500,12.95294,76266.7412343546
E02007040,702151,410500,282500,13.92564,19902.29508244396
E02007048,694590,439500,293500,9.241702,31871.049635155756
E02007048,695280,439500,292500,8.514133,702084.1604267858
E02007048,695281,440500,292500,9.224239,673704.886323656
E02007048,695282,441500,292500,10.66067,121362.4452361878
E02007048,695969,438500,291500,8.792233,23463.394334702072
E02007048,695970,439500,291500,8.117991,850453.2003246719
E02007048,695971,440500,291500,8.126672,986678.944814861
E02007048,695972,441500,291500,8.670424,960964.5387930422
E02007048,695973,442500,291500,8.900414,480814.48574469564
E02007048,695974,443500,291500,9.268216,23182.3825501256
E02007048,696659,438500,290500,8.93641,3559.5859537549895
E02007048,696660,439500,290500,8.071585,26615.22314571812
E02007048,696661,440500,290500,8.18502,621604.9829107921
E02007048,696662,441500,290500,8.564542,1000000.0
E02007048,696663,442500,290500,9.311099,1000000.0
E02007048,696664,443500,290500,8.904152,865259.5773746215
E02007048,696665,444500,290500,8.334041,298231.1114422652
E02007048,697351,440500,289500,8.676577,512920.52396671905
E02007048,697352,441500,289500,8.479259,1000000.0
E02007048,697353,442500,289500,8.638469,1000000.0
E02007048,697354,443500,289500,8.000649,1000000.0
E02007048,697355,444500,289500,7.309028,999370.1129526965
E02007048,697356,445500,289500,7.260981,686004.5485035928
E02007048,697357,446500,289500,6.992102,131078.81209109502
E02007048,698041,440500,288500,8.550364,710085.8138279387
E02007048,698042,441500,288500,9.283026,1000000.0
E02007048,698043,442500,288500,7.783028,1000000.0
E02007048,698044,443500,288500,7.505141,1000000.0
E02007048,698045,444500,288500,6.970631,1000000.0
E02007048,698046,445500,288500,6.757473,1000000.0
E02007048,698047,446500,288500,6.659086,964529.7288513413
E02007048,698048,447500,288500,6.81095,315747.0131348287
E02007048,698731,440500,287500,8.627778,658964.0718360466
E02007048,698732,441500,287500,9.021213,1000000.0
E02007048,698733,442500,287500,7.712472,1000000.0
E02007048,698734,443500,287500,7.115519,1000000.0
E02007048,698735,444500,287500,6.762689,1000000.0
E02007048,698736,445500,287500,6.564996,1000000.0
E02007048,698737,446500,287500,6.463675,1000000.0
E02007048,698738,447500,287500,6.397008,958662.5149399205
E02007048,698739,448500,287500,6.521901,178239.74326315548
E02007048,699421,440500,286500,9.758126,646076.8384938419
E02007048,699422,441500,286500,7.99889,1000000.0
E02007048,699423,442500,286500,7.447807,1000000.0
E02007048,699424,443500,286500,6.953938,1000000.0
E02007048,699425,444500,286500,6.647595,1000000.0
E02007048,699426,445500,286500,6.495886,1000000.0
E02007048,699427,446500,286500,6.408741,1000000.0
E02007048,699428,447500,286500,6.244958,1000000.0
E02007048,699429,448500,286500,6.35542,840567.416573269
E02007048,699430,449500,286500,6.275691,43118.29747121256
E02007048,700108,437500,285500,8.914446,81111.54197631073
E02007048,700109,438500,285500,8.799477,632529.9063853368
E02007048,700110,439500,285500,8.571424,374710.8137780809
E02007048,700111,440500,285500,9.558922,916247.48520047
E02007048,700112,441500,285500,7.916129,1000000.0
E02007048,700113,442500,285500,7.306275,1000000.0
E02007048,700114,443500,285500,6.909409,1000000.0
E02007048,700115,444500,285500,6.621718,1000000.0
E02007048,700116,445500,285500,6.468533,1000000.0
E02007048,700117,446500,285500,6.34319,1000000.0
E02007048,700118,447500,285500,6.195783,1000000.0
E02007048,700119,448500,285500,6.199171,1000000.0
E02007048,700120,449500,285500,6.400625,617512.2276961338
E02007048,700797,436500,284500,10.7405,56736.982407047486
E02007048,700798,437500,284500,9.583402,840343.184202406
E02007048,700799,438500,284500,8.993782,1000000.0
E02007048,700800,439500,284500,10.04866,1000000.0
E02007048,700801,440500,284500,8.700109,1000000.0
E02007048,700802,441500,284500,7.762233,1000000.0
E02007048,700803,442500,284500,7.288102,1000000.0
E02007048,700804,443500,284500,7.072076,1000000.0
E02007048,700805,444500,284500,6.702361,1000000.0
E02007048,700806,445500,284500,6.56178,1000000.0
E02007048,700807,446500,284500,6.321606,1000000.0
E02007048,700808,447500,284500,6.191521,1000000.0
E02007048,700809,448500,284500,6.145086,1000000.0
E02007048,700810,449500,284500,6.176622,999818.8267288206
E02007048,700811,450500,284500,7.114329,348173.7242077483
E02007048,701487,436500,283500,12.66127,4252.336059228685
E02007048,701488,437500,283500,11.57357,477967.5929930176
E02007048,701489,438500,283500,9.788557,1000000.0
E02007048,701490,439500,283500,10.37284,1000000.0
E02007048,701491,440500,283500,8.818638,1000000.0
E02007048,701492,441500,283500,8.179678,1000000.0
E02007048,701493,442500,283500,7.630189,1000000.0
E02007048,701494,443500,283500,7.365407,1000000.0
E02007048,701495,444500,283500,6.96695,1000000.0
E02007048,701496,445500,283500,6.71347,1000000.0
E02007048,701497,446500,283500,6.458062,1000000.0
E02007048,701498,447500,283500,6.278183,1000000.0
E02007048,701499,448500,283500,6.196833,1000000.0
E02007048,701500,449500,283500,6.143346,1000000.0
E02007048,701501,450500,283500,6.888635,932990.0143740753
E02007048,701502,451500,283500,7.584877,97276.32071979863
E02007048,702178,437500,282500,11.69729,56202.89143281082
E02007048,702179,438500,282500,13.52396,592273.2796797545
E02007048,702180,439500,282500,12.08485,989200.7194847753
E02007048,702181,440500,282500,10.32632,1000000.0
E02007048,702182,441500,282500,9.792154,1000000.0
E02007048,702183,442500,282500,9.32219,1000000.0
E02007048,702184,443500,282500,8.858344,1000000.0
E02007048,702185,444500,282500,7.967547,1000000.0
E02007048,702186,445500,282500,7.095031,1000000.0
E02007048,702187,446500,282500,6.784099,1000000.0
E02007048,702188,447500,282500,6.458239,1000000.0
E02007048,702189,448500,282500,6.373537,1000000.0
E02007048,702190,449500,282500,6.290598,1000000.0
E02007048,702191,450500,282500,6.748423,1000000.0
E02007048,702192,451500,282500,6.894122,775298.0098661482
E02007048,702193,452500,282500,6.824648,19524.738132022987
E02007048,702870,439500,281500,10.21652,811606.2006554132
E02007048,702871,440500,281500,9.585024,1000000.0
E02007048,702872,441500,281500,7.883254,1000000.0
E02007048,702873,442500,281500,7.520869,1000000.0
E02007048,702874,443500,281500,7.185404,1000000.0
E02007048,702875,444500,281500,7.935552,1000000.0
E02007048,702876,445500,281500,8.63891,1000000.0
E02007048,702877,446500,281500,8.232196,1000000.0
E02007048,702878,447500,281500,6.975407,1000000.0
E02007048,702879,448500,281500,6.594852,1000000.0
E02007048,702880,449500,281500,6.392515,1000000.0
E02007048,702881,450500,281500,6.798357,1000000.0
E02007048,702882,451500,281500,6.868014,1000000.0
E02007048,702883,452500,281500,7.342841,447465.76357499
E02007048,703559,438500,280500,10.77956,112188.86878944878
E02007048,703560,439500,280500,8.977684,994386.2017491817
E02007048,703561,440500,280500,8.314721,1000000.0
E02007048,703562,441500,280500,7.334117,1000000.0
E02007048,703563,442500,280500,7.061487,1000000.0
E02007048,703564,443500,280500,6.969507,1000000.0
E02007048,703565,444500,280500,6.937273,1000000.0
E02007048,703566,445500,280500,6.806896,1000000.0
E02007048,703567,446500,280500,6.980021,1000000.0
E02007048,703568,447500,280500,8.491222,1000000.0
E02007048,703569,448500,280500,7.786398,1000000.0
E02007048,703570,449500,280500,6.873055,1000000.0
E02007048,703571,450500,280500,7.412012,1000000.0
E02007048,703572,451500,280500,7.760763,1000000.0
E02007048,703573,452500,280500,8.223642,943218.8185841048
E02007048,703574,453500,280500,8.637528,80859.23347671086
E02007048,704249,438500,279500,9.887666,494947.9534041179
E02007048,704250,439500,279500,8.353759,1000000.0
E02007048,704251,440500,279500,7.642851,1000000.0
E02007048,704252,441500,279500,7.084753,1000000.0
E02007048,704253,442500,279500,6.81691,1000000.0
E02007048,704254,443500,279500,6.777381,1000000.0
E02007048,704255,444500,279500,6.461209,1000000.0
E02007048,704256,445500,279500,6.565916,1000000.0
E02007048,704257,446500,279500,6.465511,1000000.0
E02007048,704258,447500,279500,6.619458,1000000.0
E02007048,704259,448500,279500,7.387342,1000000.0
E02007048,704260,449500,279500,9.215855,623209.7587538217
E02007048,704261,450500,279500,9.557617,752927.0723166858
E02007048,704262,451500,279500,11.69142,1000000.0
E02007048,704263,452500,279500,9.641126,669561.1638492278
E02007048,704264,453500,279500,8.007194,237979.2702779191
E02007048,704939,438500,278500,10.60094,169309.50997333365
E02007048,704940,439500,278500,8.425827,695592.5607908188
E02007048,704941,440500,278500,7.36039,788858.8734600907
E02007048,704942,441500,278500,6.848626,1000000.0
E02007048,704943,442500,278500,6.579127,1000000.0
E02007048,704944,443500,278500,6.444196,654735.4399647755
E02007048,704945,444500,278500,6.232726,334895.23277828906
E02007048,704946,445500,278500,6.201575,489214.95808913663
E02007048,704947,446500,278500,6.425163,784221.4607450599
E02007048,704948,447500,278500,6.361536,1000000.0
E02007048,704949,448500,278500,6.556772,994339.7532241307
E02007048,704950,449500,278500,7.261109,51208.64637001342
E02007048,704951,450500,278500,8.548408,216112.84659501698
E02007048,704952,451500,278500,10.65614,498673.69366982963
E02007048,704953,452500,278500,8.389174,181508.25326216093
E02007048,705631,440500,277500,7.211354,87633.51202715258
E02007048,705632,441500,277500,6.664331,277220.2313544694
E02007048,705633,442500,277500,6.472276,132014.36303747495
E02007048,705634,443500,277500,6.278299,31152.884577660294
E02007048,705637,446500,277500,6.103283,41308.62606055566
E02007048,705638,447500,277500,6.481886,694048.8713939008
E02007048,705639,448500,277500,6.866683,353088.0288003817
E02007048,706328,447500,276500,6.412566,386.2728181293647
E02007048,706329,448500,276500,7.144782,395.16458361367154
E02007050,682787,366500,310500,6.649361,1241.3951548684827
E02007050,682788,367500,310500,7.109294,188198.88275846725
E02007050,682789,368500,310500,7.445053,73771.92661938719
E02007050,683478,367500,309500,5.884171,755830.9689723928
E02007050,683479,368500,309500,6.709014,988858.8405131294
E02007050,683480,369500,309500,8.402651,729676.346794028
E02007050,683481,370500,309500,9.072525,257556.48357839737
E02007050,684168,367500,308500,5.635701,140977.70905650713
E02007050,684169,368500,308500,6.244815,435669.60505174805
E02007050,684170,369500,308500,6.963853,180841.72950133026
E02007050,684171,370500,308500,7.133155,38125.73217133843
E02007051,684167,366500,308500,4.741841,312295.5999810879
E02007051,684168,367500,308500,5.635701,818353.849331486
E02007051,684169,368500,308500,6.244815,100329.49190658442
E02007051,684857,366500,307500,5.44462,233869.6439722502
E02007051,684858,367500,307500,5.121173,651618.0452431036
E02007051,685547,366500,306500,4.606819,413208.3675720647
E02007051,685548,367500,306500,4.997425,916634.579725944
E02007051,685549,368500,306500,5.333637,335.46406080933303
E02007051,686237,366500,305500,4.083227,101661.52125496024
E02007051,686238,367500,305500,4.720572,773165.2972550826
E02007051,686239,368500,305500,5.176036,203809.47141908703
