MSOA21CD,gridcode,x,y,pm252024g,overlap_m2
E02001827,689041,410500,301500,7.042538,110.86486943794672
E02001827,689042,411500,301500,7.038956,88076.17228516404
E02001827,689730,409500,300500,7.295321,47434.05783447855
E02001827,689731,410500,300500,7.289942,782118.3119569158
E02001827,689732,411500,300500,7.159149,621779.8568734229
E02001827,690420,409500,299500,7.392168,36628.03431854296
E02001827,690421,410500,299500,7.415641,683657.454462137
E02001827,690422,411500,299500,7.361582,41468.89863639725
E02001827,691111,410500,298500,7.33172,19083.187533160377
E02001828,689042,411500,301500,7.038956,42401.197390300666
E02001828,689043,412500,301500,6.973628,12474.101083765237
E02001828,689732,411500,300500,7.159149,378220.1431265772
E02001828,689733,412500,300500,7.092629,278491.761734153
E02001828,690421,410500,299500,7.415641,246596.7903970312
E02001828,690422,411500,299500,7.361582,958531.1013636028
E02001828,690423,412500,299500,7.310823,248687.51490220986
E02001828,691111,410500,298500,7.33172,389628.0964665852
E02001828,691112,411500,298500,7.420634,604525.4201202272
E02001828,691113,412500,298500,7.402399,53303.94179509329
E02001828,691802,411500,297500,7.447125,2873.846970977903
E02001829,689733,412500,300500,7.092629,597093.2856277878
E02001829,689734,413500,300500,7.266994,361124.4727142466
E02001829,690423,412500,299500,7.310823,751312.4850977901
E02001829,690424,413500,299500,7.282862,996087.1483366333
E02001829,690425,414500,299500,7.372093,194974.71090505566
E02001829,691112,411500,298500,7.420634,154669.76340942364
E02001829,691113,412500,298500,7.402399,946696.0582049066
E02001829,691114,413500,298500,7.231209,920845.5645654477
E02001829,691115,414500,298500,7.345214,172047.19723102258
E02001829,691802,411500,297500,7.447125,82329.54276741395
E02001829,691803,412500,297500,7.438938,213376.38817162963
E02001829,691804,413500,297500,7.40388,48211.141033854285
E02001830,689730,409500,300500,7.295321,19612.718275057712
E02001830,690420,409500,299500,7.392168,523412.3672422291
E02001830,690421,410500,299500,7.415641,69745.75514083177
E02001830,691109,408500,298500,7.510983,283395.5193389881
E02001830,691110,409500,298500,7.311056,996681.4933798093
E02001830,691111,410500,298500,7.33172,591288.7160002545
E02001830,691112,411500,298500,7.420634,240804.81647034912
E02001830,691799,408500,297500,7.556925,589279.1679665026
E02001830,691800,409500,297500,7.365482,1000000.0
E02001830,691801,410500,297500,7.344776,1000000.0
E02001830,691802,411500,297500,7.447125,914796.610261608
E02001830,691803,412500,297500,7.438938,767163.186859521
E02001830,691804,413500,297500,7.40388,107273.03663290715
E02001830,692489,408500,296500,7.687863,646024.316155261
E02001830,692490,409500,296500,7.476351,1000000.0
E02001830,692491,410500,296500,7.423811,1000000.0
E02001830,692492,411500,296500,7.50036,747140.680865408
E02001830,692493,412500,296500,7.55288,420025.699546936
E02001830,693179,408500,295500,7.904726,122875.83566596186
E02001830,693180,409500,295500,7.729008,565424.5407536156
E02001830,693181,410500,295500,7.606995,917294.3774371439
E02001830,693182,411500,295500,7.689617,460224.25578740507
E02001830,693871,410500,294500,7.888311,59404.6303788587
E02001830,693872,411500,294500,7.839736,80542.9850750014
E02001831,691804,413500,297500,7.40388,210153.40168718676
E02001831,691805,414500,297500,7.26017,76350.6255224048
E02001831,691806,415500,297500,7.469629,2458.3090676497477
E02001831,692494,413500,296500,7.481881,637377.9560814282
E02001831,692495,414500,296500,7.425754,903388.4810531024
E02001831,692496,415500,296500,7.455868,191898.7558132314
E02001831,693184,413500,295500,7.581251,303185.8444087088
E02001831,693185,414500,295500,7.45238,179589.88261935805
E02001832,691803,412500,297500,7.438938,19460.424968849537
E02001832,691804,413500,297500,7.40388,302541.15793472104
E02001832,692493,412500,296500,7.55288,464129.75477971917
E02001832,692494,413500,296500,7.481881,362622.0439185717
E02001832,693183,412500,295500,7.648301,252690.56956330815
E02001832,693184,413500,295500,7.581251,655515.9819954487
E02001832,693873,412500,294500,7.676858,309734.2411928728
E02001832,693874,413500,294500,7.595844,819184.3707101103
E02001832,694564,413500,293500,7.752217,238691.54979868268
E02001833,692488,407500,296500,7.790428,170005.51378278498
E02001833,692489,408500,296500,7.687863,264875.5437486106
E02001833,693178,407500,295500,8.059727,143154.26106595396
E02001833,693179,408500,295500,7.904726,758271.0570521486
E02001833,693180,409500,295500,7.729008,86072.6064837492
E02001833,693868,407500,294500,8.191547,86751.29448489702
E02001833,693869,408500,294500,8.127336,4451.792287976183
E02001833,693870,409500,294500,8.009059,17016.57380375394
E02001834,692488,407500,296500,7.790428,7461.418038831982
E02001834,693177,406500,295500,8.089628,60218.2906749146
E02001834,693178,407500,295500,8.059727,765955.5600850623
E02001834,693179,408500,295500,7.904726,379.8970000399579
E02001834,693867,406500,294500,8.332928,32351.20665981443
E02001834,693868,407500,294500,8.191547,201313.1731065331
E02001835,692492,411500,296500,7.50036,252859.31913459185
E02001835,692493,412500,296500,7.55288,115844.54567334485
E02001835,693182,411500,295500,7.689617,539775.7442125949
E02001835,693183,412500,295500,7.648301,747309.4304366919
E02001835,693184,413500,295500,7.581251,386.3039499342701
E02001835,693872,411500,294500,7.839736,524277.10420074954
E02001835,693873,412500,294500,7.676858,160370.53384845555
E02001836,693180,409500,295500,7.729008,348502.8527626353
E02001836,693181,410500,295500,7.606995,82705.622562856
E02001836,693870,409500,294500,8.009059,660135.7409143978
E02001836,693871,410500,294500,7.888311,857657.6756042588
E02001836,693872,411500,294500,7.839736,2430.018585497979
E02001836,694560,409500,293500,8.083842,240665.54242287608
E02001836,694561,410500,293500,8.017968,115266.25365956787
E02001837,693178,407500,295500,8.059727,2514.538454253557
E02001837,693179,408500,295500,7.904726,118473.21028184965
E02001837,693868,407500,294500,8.191547,85356.12899652435
E02001837,693869,408500,294500,8.127336,847074.6462537027
E02001837,693870,409500,294500,8.009059,6650.283460929925
E02001837,694558,407500,293500,8.359968,39774.49776622442
E02001837,694559,408500,293500,8.255095,383213.46496806334
E02001838,691114,413500,298500,7.231209,79154.43543455226
E02001838,691115,414500,298500,7.345214,399419.3342818967
E02001838,691804,413500,297500,7.40388,331821.2627113308
E02001838,691805,414500,297500,7.26017,920873.5778969151
E02001838,691806,415500,297500,7.469629,429378.1746767016
E02001838,691807,416500,297500,7.135489,5036.647586852986
E02001838,692495,414500,296500,7.425754,96611.51894689772
E02001838,692496,415500,296500,7.455868,509048.31309195206
E02001838,692497,416500,296500,7.412602,13961.824483184426
E02001838,693184,413500,295500,7.581251,40911.86964590834
E02001838,693185,414500,295500,7.45238,820410.1173806419
E02001838,693186,415500,295500,7.423877,950586.6609272172
E02001838,693187,416500,295500,7.344296,253861.34332355455
E02001838,693874,413500,294500,7.595844,178699.34482549908
E02001838,693875,414500,294500,7.476961,1000000.0
E02001838,693876,415500,294500,7.490209,1000000.0
E02001838,693877,416500,294500,7.431919,772562.9506387893
E02001838,694564,413500,293500,7.752217,269325.3273821859
E02001838,694565,414500,293500,7.661934,955267.6863729844
E02001838,694566,415500,293500,7.701953,844769.8127928739
E02001838,694567,416500,293500,7.583654,928249.3917348355
E02001838,694568,417500,293500,7.604768,116761.86302162707
E02001838,695254,413500,292500,7.882595,18179.081538258564
E02001838,695255,414500,292500,7.891281,64216.493161622486
E02001838,695256,415500,292500,8.704903,75088.18697987408
E02001838,695257,416500,292500,7.872777,317708.700161522
E02001838,695258,417500,292500,7.757143,14343.391926797234
E02001839,693177,406500,295500,8.089628,57521.16512032805
E02001839,693866,405500,294500,8.495646,113878.00694311314
E02001839,693867,406500,294500,8.332928,921350.2850986654
E02001839,693868,407500,294500,8.191547,295857.72895840753
E02001839,694557,406500,293500,8.543336,126249.9481482145
E02001839,694558,407500,293500,8.359968,285731.6702869327
E02001839,695248,407500,292500,8.605423,45019.55628206707
E02001840,693869,408500,294500,8.127336,148473.56145832114
E02001840,693870,409500,294500,8.009059,316197.4018209185
E02001840,694559,408500,293500,8.255095,382358.94133559125
E02001840,694560,409500,293500,8.083842,567950.614871236
E02001840,695249,408500,292500,8.367877,13431.600278767619
E02001840,695250,409500,292500,8.191566,122378.37369642408
E02001841,693872,411500,294500,7.839736,162486.06580114932
E02001841,693873,412500,294500,7.676858,529895.2249586715
E02001841,693874,413500,294500,7.595844,2116.284464390719
E02001841,694562,411500,293500,7.983139,416326.3381763994
E02001841,694563,412500,293500,7.778059,983673.594899679
E02001841,694564,413500,293500,7.752217,30071.067173676318
E02001841,695253,412500,292500,7.990213,175678.15152698182
E02001842,693865,404500,294500,8.425713,62491.74437462276
E02001842,693866,405500,294500,8.495646,274423.75602424575
E02001842,693867,406500,294500,8.332928,26088.185944612855
E02001842,694555,404500,293500,8.181949,133027.55184556154
E02001842,694556,405500,293500,8.416302,827768.1570693472
E02001842,694557,406500,293500,8.543336,73202.64751487324
E02001842,695246,405500,292500,8.148472,24002.092727898358
E02001843,693868,407500,294500,8.191547,330721.6744536379
E02001843,694558,407500,293500,8.359968,586879.1047655797
E02001843,694559,408500,293500,8.255095,190137.50848614352
E02001843,695248,407500,292500,8.605423,85120.63950947582
E02001843,695249,408500,292500,8.367877,49209.806814067335
E02001844,693871,410500,294500,7.888311,82937.69401688255
E02001844,693872,411500,294500,7.839736,230263.8263376018
E02001844,694561,410500,293500,8.017968,601863.623087024
E02001844,694562,411500,293500,7.983139,582596.6841600364
E02001844,694563,412500,293500,7.778059,7991.5470469544625
E02001844,695251,410500,292500,8.171199,13389.309424461642
E02001844,695252,411500,292500,8.085439,309873.36217232514
E02001844,695253,412500,292500,7.990213,100349.77072976009
E02001845,694556,405500,293500,8.416302,47240.554835412644
E02001845,694557,406500,293500,8.543336,800547.4043369123
E02001845,694558,407500,293500,8.359968,46840.31995905417
E02001845,695246,405500,292500,8.148472,11235.0914626645
E02001845,695247,406500,292500,8.330743,217374.74421515086
E02001845,695248,407500,292500,8.605423,28540.402491200733
E02001846,694560,409500,293500,8.083842,191383.84270588786
E02001846,694561,410500,293500,8.017968,205128.68503421405
E02001846,695250,409500,292500,8.191566,341122.8916400859
E02001846,695251,410500,292500,8.171199,527479.6244332086
E02001846,695941,410500,291500,8.371413,44564.66732422446
E02001847,694563,412500,293500,7.778059,8334.858053366428
E02001847,694564,413500,293500,7.752217,461912.0556454551
E02001847,694565,414500,293500,7.661934,44732.31362701566
E02001847,694566,415500,293500,7.701953,155230.18720712597
E02001847,694567,416500,293500,7.583654,70940.03674201324
E02001847,695253,412500,292500,7.990213,34587.991967440794
E02001847,695254,413500,292500,7.882595,725269.5040255182
E02001847,695255,414500,292500,7.891281,829721.1957970425
E02001847,695256,415500,292500,8.704903,924387.1098705934
E02001847,695257,416500,292500,7.872777,682291.299838478
E02001847,695258,417500,292500,7.757143,625354.2778989243
E02001847,695259,418500,292500,7.870357,102330.86021115695
E02001847,695945,414500,291500,8.107921,886.787961032993
E02001847,695946,415500,291500,8.020272,588948.5488182859
E02001847,695947,416500,291500,8.763087,864675.9356197409
E02001847,695948,417500,291500,7.817919,518119.24378318765
E02001847,695949,418500,291500,7.868204,118221.20189957412
E02001847,696635,414500,290500,8.240719,131350.7424017
E02001847,696636,415500,290500,8.254215,342595.82448035374
E02001847,696637,416500,290500,8.125281,231184.8168059363
E02001848,694558,407500,293500,8.359968,40774.40722220896
E02001848,694559,408500,293500,8.255095,44290.08521020185
E02001848,695248,407500,292500,8.605423,511556.29303694936
E02001848,695249,408500,292500,8.367877,924019.7605144249
E02001848,695250,409500,292500,8.191566,148123.3947447714
E02001848,695938,407500,291500,9.244132,2572.3179659170414
E02001848,695939,408500,291500,8.713855,338112.40001918224
E02001848,695940,409500,291500,8.425597,5945.664750473925
E02001849,694561,410500,293500,8.017968,77741.43821919405
E02001849,694562,411500,293500,7.983139,1076.97766356406
E02001849,695251,410500,292500,8.171199,428809.16098824196
E02001849,695252,411500,292500,8.085439,538527.321443811
E02001849,695941,410500,291500,8.371413,98735.16763327831
E02001849,695942,411500,291500,8.156365,191745.9890054719
E02001850,694555,404500,293500,8.181949,15208.758237341031
E02001850,694556,405500,293500,8.416302,124991.2880952402
E02001850,695245,404500,292500,8.011644,69877.1519235385
E02001850,695246,405500,292500,8.148472,863859.8440974688
E02001850,695247,406500,292500,8.330743,312099.93075925537
E02001850,695936,405500,291500,8.047734,260693.95353310858
E02001850,695937,406500,291500,8.245745,715815.6257036813
E02001850,696627,406500,290500,8.40136,8980.082436282006
E02001851,695252,411500,292500,8.085439,7589.411387888635
E02001851,695253,412500,292500,7.990213,660380.2895263735
E02001851,695254,413500,292500,7.882595,256551.4144362232
E02001851,695255,414500,292500,7.891281,5622.414481600908
E02001851,695943,412500,291500,8.255135,541464.9178441382
E02001851,695944,413500,291500,8.34682,684542.6555226217
E02001851,695945,414500,291500,8.107921,48990.27759773176
E02001851,696633,412500,290500,9.731886,4847.342732554447
E02001852,695249,408500,292500,8.367877,13338.832392740054
E02001852,695250,409500,292500,8.191566,388375.33991871873
E02001852,695251,410500,292500,8.171199,30321.905154087686
E02001852,695939,408500,291500,8.713855,90974.56995538034
E02001852,695940,409500,291500,8.425597,441993.2557750477
E02001852,695941,410500,291500,8.371413,224974.75832845367
E02001855,695255,414500,292500,7.891281,100439.89655973417
E02001855,695256,415500,292500,8.704903,524.7031495325988
E02001855,695944,413500,291500,8.34682,203484.73916954233
E02001855,695945,414500,291500,8.107921,950122.9344412353
E02001855,695946,415500,291500,8.020272,411051.451181714
E02001855,696633,412500,290500,9.731886,41943.247406722316
E02001855,696634,413500,290500,8.553631,661962.6446659032
E02001855,696635,414500,290500,8.240719,650559.012490855
E02001855,696636,415500,290500,8.254215,58800.81637213265
E02001855,697323,412500,289500,8.391788,215.4797411351751
E02001856,695939,408500,291500,8.713855,358947.1625680832
E02001856,695940,409500,291500,8.425597,480045.46648328495
E02001856,695941,410500,291500,8.371413,17476.709132662025
E02001856,696629,408500,290500,8.532235,362541.5419885755
E02001856,696630,409500,290500,8.762927,682074.4469838795
E02001856,696631,410500,290500,8.544538,28510.61161828973
E02001857,695940,409500,291500,8.425597,72015.61299119347
E02001857,695941,410500,291500,8.371413,614248.6975813814
E02001857,695942,411500,291500,8.156365,172205.19404184533
E02001857,696630,409500,290500,8.762927,144636.0196483842
E02001857,696631,410500,290500,8.544538,971489.3883817103
E02001857,696632,411500,290500,8.482875,313825.84145485953
E02001857,697320,409500,289500,8.591809,15582.193229767106
E02001857,697321,410500,289500,8.520203,281804.57989671716
E02001857,697322,411500,289500,8.515959,142006.4411684087
E02001858,695935,404500,291500,8.059135,112740.68873299217
E02001858,695936,405500,291500,8.047734,114433.11314351784
E02001858,696625,404500,290500,8.203069,393435.4729511735
E02001858,696626,405500,290500,8.187134,852985.784156164
E02001858,696627,406500,290500,8.40136,39.6238928130916
E02001858,697315,404500,289500,8.184775,28040.48375805364
E02001858,697316,405500,289500,8.218216,131069.22258714573
E02001859,695247,406500,292500,8.330743,470525.3250255938
E02001859,695248,407500,292500,8.605423,329763.108680307
E02001859,695937,406500,291500,8.245745,222170.5432315476
E02001859,695938,407500,291500,9.244132,997427.682034083
E02001859,695939,408500,291500,8.713855,211965.8674573542
E02001859,696627,406500,290500,8.40136,211027.14980145963
E02001859,696628,407500,290500,8.373232,804088.7664755495
E02001859,696629,408500,290500,8.532235,71498.73410818206
E02001859,697317,406500,289500,8.408247,22750.202513695476
E02001859,697318,407500,289500,8.552277,58261.21685618772
E02001860,695934,403500,291500,7.899372,49130.90798717003
E02001860,695935,404500,291500,8.059135,40039.2969905685
E02001860,696624,403500,290500,8.139375,319719.2068201429
E02001860,696625,404500,290500,8.203069,578115.2561866259
E02001860,697315,404500,289500,8.184775,1331.407954293026
E02001861,695936,405500,291500,8.047734,57613.302174065415
E02001861,695937,406500,291500,8.245745,62013.831064771184
E02001861,696626,405500,290500,8.187134,140399.4193470185
E02001861,696627,406500,290500,8.40136,774711.7820323698
E02001861,696628,407500,290500,8.373232,5372.1295375566515
E02001861,697316,405500,289500,8.218216,1848.0980054396623
E02001861,697317,406500,289500,8.408247,127903.82471510905
E02001861,697318,407500,289500,8.552277,2747.2054882808407
E02001862,695933,402500,291500,8.182482,47813.78828633377
E02001862,695934,403500,291500,7.899372,343941.1816914795
E02001862,696623,402500,290500,8.11039,308353.6329191044
E02001862,696624,403500,290500,8.139375,680280.7931798571
E02001862,696625,404500,290500,8.203069,94.4501859879546
E02001862,697313,402500,289500,8.09726,139326.15875335608
E02001862,697314,403500,289500,8.270652,669227.3233843307
E02001862,697315,404500,289500,8.184775,38100.685734640596
E02001863,696628,407500,290500,8.373232,190539.10398689387
E02001863,696629,408500,290500,8.532235,565959.7239032424
E02001863,696630,409500,290500,8.762927,154711.64591834735
E02001863,697318,407500,289500,8.552277,431797.73239918466
E02001863,697319,408500,289500,8.599013,817672.4537022216
E02001863,697320,409500,289500,8.591809,38559.22831769366
E02001863,698008,407500,288500,8.818379,8808.839243862392
E02001863,698009,408500,288500,8.444288,60788.140975732706
E02001865,696625,404500,290500,8.203069,28354.820676212574
E02001865,697314,403500,289500,8.270652,94649.8720258735
E02001865,697315,404500,289500,8.184775,721486.7670828358
E02001865,697316,405500,289500,8.218216,370492.0924146988
E02001865,698005,404500,288500,8.07125,5380.520832521537
E02001865,698006,405500,288500,8.193622,790.6270518479788
E02001866,696626,405500,290500,8.187134,6614.796496817457
E02001866,696627,406500,290500,8.40136,5241.361837075252
E02001866,697316,405500,289500,8.218216,375244.16717243526
E02001866,697317,406500,289500,8.408247,439197.46866868273
E02001866,698006,405500,288500,8.193622,37406.89068083241
E02001866,698007,406500,288500,8.370683,1493.3205526687702
E02001867,697317,406500,289500,8.408247,306882.83461714187
E02001867,697318,407500,289500,8.552277,430064.4919687222
E02001867,698007,406500,288500,8.370683,124247.58495111052
E02001867,698008,407500,288500,8.818379,56986.67653627691
E02001868,697323,412500,289500,8.391788,303134.7198182065
E02001868,697324,413500,289500,8.104775,268569.5780467253
E02001868,697325,414500,289500,7.925184,3646.4677625372065
E02001868,698013,412500,288500,8.105842,560619.7421032644
E02001868,698014,413500,288500,7.922753,628987.662710802
E02001868,698703,412500,287500,8.002833,8109.14657358737
E02001869,696630,409500,290500,8.762927,18577.8874493888
E02001869,697319,408500,289500,8.599013,182327.5462977785
E02001869,697320,409500,289500,8.591809,928657.9969752027
E02001869,697321,410500,289500,8.520203,356522.94415855146
E02001869,697322,411500,289500,8.515959,52166.636126785656
E02001869,698008,407500,288500,8.818379,5134.435073370609
E02001869,698009,408500,288500,8.444288,779990.9692082249
E02001869,698010,409500,288500,8.426353,368274.57899485086
E02001869,698699,408500,287500,8.44106,53847.64674313611
E02001869,698700,409500,287500,8.202948,2837.970420301396
E02001870,697322,411500,289500,8.515959,386544.7235794185
E02001870,697323,412500,289500,8.391788,426246.76782829134
E02001870,698012,411500,288500,8.18452,627199.9189347264
E02001870,698013,412500,288500,8.105842,282377.6258568582
E02001870,698702,411500,287500,8.113865,30449.36644471516
E02001870,698703,412500,287500,8.002833,175.00240440669413
E02001871,697324,413500,289500,8.104775,90212.69164769519
E02001871,697325,414500,289500,7.925184,381764.297801328
E02001871,697326,415500,289500,7.892801,37060.19184372279
E02001871,698014,413500,288500,7.922753,249021.07003502542
E02001871,698015,414500,288500,7.821321,715130.0676858274
E02001871,698016,415500,288500,7.781501,198562.23289974232
E02001872,697325,414500,289500,7.925184,11481.107329453798
E02001872,697326,415500,289500,7.892801,256488.2971560177
E02001872,697327,416500,289500,7.795945,98555.42895998836
E02001872,698015,414500,288500,7.821321,228198.30801259622
E02001872,698016,415500,288500,7.781501,740762.0788468552
E02001872,698017,416500,288500,7.69258,353699.7578991622
E02001872,698705,414500,287500,7.757689,123873.72400845791
E02001872,698706,415500,287500,7.674408,135818.28294679357
E02001873,697315,404500,289500,8.184775,205938.05207411427
E02001873,697316,405500,289500,8.218216,103962.76480695106
E02001873,698004,403500,288500,8.116847,24856.896617779727
E02001873,698005,404500,288500,8.07125,674539.307473137
E02001873,698006,405500,288500,8.193622,606634.4159446199
E02001873,698695,404500,287500,7.997828,99028.824909719
E02001873,698696,405500,287500,8.205251,122506.29039689063
E02001874,697320,409500,289500,8.591809,17200.581477336666
E02001874,697321,410500,289500,8.520203,361672.47594473144
E02001874,697322,411500,289500,8.515959,315219.2073564617
E02001874,698010,409500,288500,8.426353,151069.01884592755
E02001874,698011,410500,288500,8.307281,808782.0775296278
E02001874,698012,411500,288500,8.18452,239049.1923915283
E02001875,697316,405500,289500,8.218216,17383.65501332948
E02001875,697317,406500,289500,8.408247,103265.66948537085
E02001875,698006,405500,288500,8.193622,355168.06632269965
E02001875,698007,406500,288500,8.370683,568619.6506937039
E02001875,698696,405500,287500,8.205251,286574.35018984025
E02001875,698697,406500,287500,8.576388,105753.5591646749
E02001876,697318,407500,289500,8.552277,77129.35328762468
E02001876,698007,406500,288500,8.370683,305639.4438025167
E02001876,698008,407500,288500,8.818379,929070.0491464903
E02001876,698009,408500,288500,8.444288,105013.00471595263
E02001876,698697,406500,287500,8.576388,190015.82964210352
E02001876,698698,407500,287500,8.713346,911383.0791462517
E02001876,698699,408500,287500,8.44106,309079.199659939
E02001876,699388,407500,286500,8.348885,262985.7116735021
E02001876,699389,408500,286500,8.353239,110675.43371217782
E02001877,698010,409500,288500,8.426353,284241.2925877836
E02001877,698011,410500,288500,8.307281,191148.61143044662
E02001877,698012,411500,288500,8.18452,124993.89172380393
E02001877,698700,409500,287500,8.202948,12510.24745843551
E02001877,698701,410500,287500,8.18284,478260.47985764383
E02001877,698702,411500,287500,8.113865,148948.10108620915
E02001878,698009,408500,288500,8.444288,54207.885100089785
E02001878,698010,409500,288500,8.426353,196415.10957143796
E02001878,698011,410500,288500,8.307281,69.31103992546517
E02001878,698698,407500,287500,8.713346,1054.7690862976285
E02001878,698699,408500,287500,8.44106,637073.1535969249
E02001878,698700,409500,287500,8.202948,785408.1781568185
E02001878,698701,410500,287500,8.18284,89021.32365701292
E02001878,699389,408500,286500,8.353239,116951.67171015109
E02001878,699390,409500,286500,8.094183,316629.0366695431
E02001879,698004,403500,288500,8.116847,60934.90538867853
E02001879,698005,404500,288500,8.07125,289000.5951979666
E02001879,698694,403500,287500,8.006171,339459.38852978643
E02001879,698695,404500,287500,7.997828,810488.4441188636
E02001879,698696,405500,287500,8.205251,77324.8897000678
E02001879,699385,404500,286500,7.852323,43356.047152106876
E02001880,698014,413500,288500,7.922753,74587.11942028404
E02001880,698015,414500,288500,7.821321,56671.624301576434
E02001880,698704,413500,287500,7.920787,384376.0819085261
E02001880,698705,414500,287500,7.757689,675992.7006634615
E02001880,698706,415500,287500,7.674408,4.049958270568915
E02001880,699394,413500,286500,7.812642,14979.957025345519
E02001880,699395,414500,286500,7.756558,130245.9115397881
E02001881,698012,411500,288500,8.18452,8756.996949941402
E02001881,698013,412500,288500,8.105842,144133.58870768163
E02001881,698702,411500,287500,8.113865,703812.2481633552
E02001881,698703,412500,287500,8.002833,537393.7491779244
E02001881,699392,411500,286500,8.004185,46359.39802505125
E02001881,699393,412500,286500,7.889527,48063.56173040583
E02001882,698013,412500,288500,8.105842,12869.043332195637
E02001882,698014,413500,288500,7.922753,47404.14783388833
E02001882,698703,412500,287500,8.002833,454322.1018440816
E02001882,698704,413500,287500,7.920787,615623.9180914739
E02001882,698705,414500,287500,7.757689,9.243969653364552
E02001882,699393,412500,286500,7.889527,103007.3330379139
E02001882,699394,413500,286500,7.812642,321392.9223813492
E02001883,698016,415500,288500,7.781501,60675.68825340242
E02001883,698017,416500,288500,7.69258,71236.6288348907
E02001883,698705,414500,287500,7.757689,197871.00512063777
E02001883,698706,415500,287500,7.674408,864177.6670949359
E02001883,698707,416500,287500,7.610271,329684.2821927114
E02001883,699395,414500,286500,7.756558,29767.37567476969
E02001883,699396,415500,286500,7.602477,575392.1590217431
E02001883,699397,416500,286500,7.568213,224440.82140307373
E02001884,698700,409500,287500,8.202948,199243.60396444454
E02001884,698701,410500,287500,8.18284,432718.19648534333
E02001884,698702,411500,287500,8.113865,116790.28430572044
E02001884,699390,409500,286500,8.094183,197637.2485494697
E02001884,699391,410500,286500,8.137181,316514.231859571
E02001884,699392,411500,286500,8.004185,29894.9907032848
E02001886,698693,402500,287500,7.937921,91262.23397095117
E02001886,698694,403500,287500,8.006171,213282.58479553007
E02001886,698695,404500,287500,7.997828,90482.7309714175
E02001886,698696,405500,287500,8.205251,21558.73497768216
E02001886,699383,402500,286500,7.848351,557270.4168173486
E02001886,699384,403500,286500,7.858187,583013.3835881362
E02001886,699385,404500,286500,7.852323,407525.1377823858
E02001886,699386,405500,286500,8.234587,45148.61091723622
E02001888,698705,414500,287500,7.757689,2253.326237789403
E02001888,699394,413500,286500,7.812642,165488.21799996152
E02001888,699395,414500,286500,7.756558,828917.3626285531
E02001888,699396,415500,286500,7.602477,21488.47176072803
E02001888,700084,413500,285500,7.765638,8644.984451900158
E02001888,700085,414500,285500,7.705497,215955.6187248124
E02001888,700086,415500,285500,7.574467,488.79080126474423
E02001889,699391,410500,286500,8.137181,198484.39281955763
E02001889,699392,411500,286500,8.004185,428935.26620215917
E02001889,700081,410500,285500,8.142347,140891.8531688235
E02001889,700082,411500,285500,8.075492,169643.32383381072
E02001890,699384,403500,286500,7.858187,382775.42341836105
E02001890,699385,404500,286500,7.852323,471959.2851822503
E02001890,699386,405500,286500,8.234587,5367.666103550645
E02001890,700074,403500,285500,7.65408,500165.3591728945
E02001890,700075,404500,285500,7.760745,802856.3527874438
E02001890,700076,405500,285500,8.005268,315415.698179145
E02001890,700765,404500,284500,7.653934,18923.047622797472
E02001892,699392,411500,286500,8.004185,494810.3450695048
E02001892,699393,412500,286500,7.889527,704934.2468963489
E02001892,699394,413500,286500,7.812642,3523.331588358033
E02001892,700081,410500,285500,8.142347,983.0564395017573
E02001892,700082,411500,285500,8.075492,611020.959785515
E02001892,700083,412500,285500,7.893369,250081.0222325576
E02001893,699393,412500,286500,7.889527,143994.85833533117
E02001893,699394,413500,286500,7.812642,494615.57100498566
E02001893,699395,414500,286500,7.756558,2691.493092867686
E02001893,700083,412500,285500,7.893369,463317.03804408107
E02001893,700084,413500,285500,7.765638,481354.8322057936
E02001893,700774,413500,284500,7.806666,17718.406713556167
E02001895,699395,414500,286500,7.756558,8377.857064021373
E02001895,699396,415500,286500,7.602477,403119.36921752885
E02001895,699397,416500,286500,7.568213,281883.0660778312
E02001895,700085,414500,285500,7.705497,333318.46375165775
E02001895,700086,415500,285500,7.574467,907685.9859570812
E02001895,700087,416500,285500,7.43581,324375.0315131366
E02001895,700775,414500,284500,7.655122,112624.40533991418
E02001895,700776,415500,284500,7.633035,94799.22198029779
E02001896,699390,409500,286500,8.094183,7637.6176406328395
E02001896,699391,410500,286500,8.137181,9951.553181200708
E02001896,700080,409500,285500,8.156143,346643.6037653907
E02001896,700081,410500,285500,8.142347,551813.4594175271
E02001896,700770,409500,284500,9.112759,3479.2138117795266
E02001896,700771,410500,284500,8.556974,203354.91895023143
E02001897,699389,408500,286500,8.353239,105859.15496615863
E02001897,699390,409500,286500,8.094183,39542.596168891534
E02001897,700078,407500,285500,8.167388,355181.0840380206
E02001897,700079,408500,285500,8.142221,865250.7334778475
E02001897,700080,409500,285500,8.156143,491781.04011996515
E02001897,700769,408500,284500,8.002801,20843.704189625107
E02001898,700084,413500,285500,7.765638,458739.2920208965
E02001898,700085,414500,285500,7.705497,450725.9175235299
E02001898,700774,413500,284500,7.806666,57273.69815788035
E02001898,700775,414500,284500,7.655122,133427.68123568682
E02001899,699383,402500,286500,7.848351,82939.97997209741
E02001899,700071,400500,285500,7.79452,24545.219866890104
E02001899,700072,401500,285500,7.722935,478885.11584326817
E02001899,700073,402500,285500,7.632945,879805.3207028557
E02001899,700074,403500,285500,7.65408,52081.2281815982
E02001899,700761,400500,284500,7.626931,894.6963858859485
E02001899,700762,401500,284500,7.604305,341849.2577746398
E02001899,700763,402500,284500,7.596358,445338.65663005295
E02001900,699386,405500,286500,8.234587,31061.709881213697
E02001900,700076,405500,285500,8.005268,286364.5149223581
E02001900,700077,406500,285500,8.202128,408071.4635172694
E02001900,700078,407500,285500,8.167388,87711.21545639701
E02001900,700766,405500,284500,7.710341,147504.35701738222
E02001900,700767,406500,284500,7.884017,569991.9315696157
E02001900,700768,407500,284500,7.880208,57699.41586025247
E02001901,699383,402500,286500,7.848351,22319.292975453354
E02001901,699384,403500,286500,7.858187,34211.19299350263
E02001901,700073,402500,285500,7.632945,102989.13493250075
E02001901,700074,403500,285500,7.65408,395585.7083868706
E02001901,700763,402500,284500,7.596358,421291.2076978791
E02001901,700764,403500,284500,7.675206,644165.8729686452
E02001901,700765,404500,284500,7.653934,321.08544559087954
E02001901,701453,402500,283500,7.433386,47875.26989946549
E02001902,700083,412500,285500,7.893369,73994.98649878033
E02001902,700084,413500,285500,7.765638,51260.89132140952
E02001902,700773,412500,284500,7.934964,304521.153052135
E02001902,700774,413500,284500,7.806666,623766.1870992184
E02001902,700775,414500,284500,7.655122,70997.88336881025
E02001903,700079,408500,285500,8.142221,8945.42103313765
E02001903,700080,409500,285500,8.156143,61178.220231447325
E02001903,700769,408500,284500,8.002801,440721.44474552874
E02001903,700770,409500,284500,9.112759,219319.7198205721
E02001903,701459,408500,283500,7.780573,0.45515880832076294
E02001904,700081,410500,285500,8.142347,8441.333503873355
E02001904,700082,411500,285500,8.075492,208622.04889144667
E02001904,700083,412500,285500,7.893369,212606.95322458094
E02001904,700771,410500,284500,8.556974,321403.02365108137
E02001904,700772,411500,284500,8.082638,930328.1452486642
E02001904,700773,412500,284500,7.934964,403936.18151107087
E02001904,701462,411500,283500,7.839489,255703.15286106855
E02001904,701463,412500,283500,7.682235,51833.08319665517
E02001905,700074,403500,285500,7.65408,52167.70425863668
E02001905,700075,404500,285500,7.760745,197143.64721255624
E02001905,700076,405500,285500,8.005268,396720.1175900896
E02001905,700077,406500,285500,8.202128,26163.7880300582
E02001905,700764,403500,284500,7.675206,12094.656461691438
E02001905,700765,404500,284500,7.653934,860357.2519704754
E02001905,700766,405500,284500,7.710341,852495.6429826178
E02001905,700767,406500,284500,7.884017,330733.5209454458
E02001905,701455,404500,283500,7.712651,369655.18613002985
E02001905,701456,405500,283500,7.7151,842363.7146791338
E02001905,701457,406500,283500,7.644233,332311.18823847733
E02001905,702146,405500,282500,7.637884,89242.98422705162
E02001905,702147,406500,282500,7.517702,20223.65193066823
E02001906,700070,399500,285500,7.845414,5029.4700925504585
E02001906,700071,400500,285500,7.79452,56650.90162889454
E02001906,700760,399500,284500,7.757914,677119.1283606327
E02001906,700761,400500,284500,7.626931,850349.6662572996
E02001906,700762,401500,284500,7.604305,11351.729133052042
E02001906,701450,399500,283500,7.496687,62886.30657897807
E02001906,701451,400500,283500,7.419183,149637.0494493974
E02001906,701452,401500,283500,7.399508,38457.38137571708
E02001907,700086,415500,285500,7.574467,91825.2232416539
E02001907,700087,416500,285500,7.43581,31041.03566397028
E02001907,700774,413500,284500,7.806666,38221.408518347824
E02001907,700775,414500,284500,7.655122,666605.5063498836
E02001907,700776,415500,284500,7.633035,905200.7780197024
E02001907,700777,416500,284500,7.464407,542136.3149202495
E02001907,701465,414500,283500,7.672302,139671.83197315183
E02001907,701466,415500,283500,7.633872,330697.20122118556
E02001907,701467,416500,283500,7.638278,131562.77733690193
E02001908,700769,408500,284500,8.002801,32664.6389244567
E02001908,700770,409500,284500,9.112759,350602.40235136723
E02001908,701459,408500,283500,7.780573,8117.3634988835365
E02001908,701460,409500,283500,7.883026,137239.31141558653
E02001909,700078,407500,285500,8.167388,31899.69100286992
E02001909,700079,408500,285500,8.142221,40062.018729765594
E02001909,700768,407500,284500,7.880208,125019.84991074736
E02001909,700769,408500,284500,8.002801,478358.4701303933
E02001909,701459,408500,283500,7.780573,191933.4223022277
E02001910,700078,407500,285500,8.167388,41870.06360298452
E02001910,700767,406500,284500,7.884017,3228.604926260859
E02001910,700768,407500,284500,7.880208,593023.3095881802
E02001910,700769,408500,284500,8.002801,27056.71012057757
E02001910,701458,407500,283500,7.727208,442.46997007327093
E02001910,701459,408500,283500,7.780573,214321.4919091481
E02001911,700071,400500,285500,7.79452,50315.96638038078
E02001911,700761,400500,284500,7.626931,148328.51421388646
E02001911,700762,401500,284500,7.604305,645578.1422024865
E02001911,700763,402500,284500,7.596358,12583.140510822692
E02001911,701451,400500,283500,7.419183,50281.051811390156
E02001911,701452,401500,283500,7.399508,479101.75364814396
E02001913,700762,401500,284500,7.604305,1220.8708898217442
E02001913,700763,402500,284500,7.596358,120786.9951612452
E02001913,700764,403500,284500,7.675206,343739.47056966333
E02001913,700765,404500,284500,7.653934,120398.61496113628
E02001913,701452,401500,283500,7.399508,119849.17655396207
E02001913,701453,402500,283500,7.433386,436050.84336634184
E02001913,701454,403500,283500,7.631014,925157.8377860539
E02001913,701455,404500,283500,7.712651,375983.4780192449
E02001913,702144,403500,282500,7.515937,30778.895242437917
E02001913,702145,404500,282500,7.73591,1.068467797695706
E02001914,700767,406500,284500,7.884017,91170.37767810868
E02001914,700768,407500,284500,7.880208,178743.86178327532
E02001914,701457,406500,283500,7.644233,667688.8117615225
E02001914,701458,407500,283500,7.727208,265656.22765245923
E02001914,702147,406500,282500,7.517702,859569.8363727187
E02001914,702148,407500,282500,7.6223,288273.75661580695
E02001914,702837,406500,281500,7.575321,12318.965802681298
E02001915,700772,411500,284500,8.082638,66630.92555189312
E02001915,700773,412500,284500,7.934964,291542.66543679405
E02001915,700774,413500,284500,7.806666,52238.71906714688
E02001915,701462,411500,283500,7.839489,71268.73063889718
E02001915,701463,412500,283500,7.682235,940983.50039279
E02001915,701464,413500,283500,7.585111,216216.49681406797
E02001915,702152,411500,282500,7.661861,23580.516982660323
E02001915,702153,412500,282500,7.553061,260789.7626730627
E02001915,702154,413500,282500,7.525297,1259.3137955597856
E02001916,701461,410500,283500,7.905747,425232.2773949517
E02001916,701462,411500,283500,7.839489,665778.5181448618
E02001916,701463,412500,283500,7.682235,7183.41641055486
E02001916,702151,410500,282500,7.774236,129817.43724974984
E02001916,702152,411500,282500,7.661861,202207.63075061425
E02001916,702153,412500,282500,7.553061,27574.600195788495
E02001918,700768,407500,284500,7.880208,45513.56285754471
E02001918,700769,408500,284500,8.002801,355.0318894183862
E02001918,701458,407500,283500,7.727208,733901.3023774676
E02001918,701459,408500,283500,7.780573,137890.32572269192
E02001918,702148,407500,282500,7.6223,561750.8638772712
E02001918,702149,408500,282500,7.594648,159101.53723763113
E02001919,701459,408500,283500,7.780573,393450.76726949256
E02001919,701460,409500,283500,7.883026,47200.91007781856
E02001919,702149,408500,282500,7.594648,582349.551388091
E02001919,702150,409500,282500,7.611543,73057.68369252907
E02001920,700760,399500,284500,7.757914,6021.149058706943
E02001920,700761,400500,284500,7.626931,427.1231429280043
E02001920,701449,398500,283500,7.417747,7111.727169626335
E02001920,701450,399500,283500,7.496687,771297.2083424616
E02001920,701451,400500,283500,7.419183,800081.8987392124
E02001920,701452,401500,283500,7.399508,96367.93041104583
E02001920,702139,398500,282500,7.285983,44004.01339188295
E02001920,702140,399500,282500,7.20826,334203.0512182578
E02001920,702141,400500,282500,7.385414,706270.0065756908
E02001920,702142,401500,282500,7.343502,6266.063640257531
E02001920,702831,400500,281500,7.155102,5320.766231330074
E02001921,701452,401500,283500,7.399508,266223.758011131
E02001921,701453,402500,283500,7.433386,516073.88673419267
E02001921,701454,403500,283500,7.631014,49180.96441737699
E02001921,702141,400500,282500,7.385414,20704.369032339964
E02001921,702142,401500,282500,7.343502,585336.4823318231
E02001921,702143,402500,282500,7.391217,492223.1116057929
E02001921,702144,403500,282500,7.515937,69804.67547264184
E02001922,701454,403500,283500,7.631014,25661.197796569348
E02001922,701455,404500,283500,7.712651,254361.33585072527
E02001922,701456,405500,283500,7.7151,4434.227409232813
E02001922,702144,403500,282500,7.515937,54502.89381523556
E02001922,702145,404500,282500,7.73591,852582.961355703
E02001922,702146,405500,282500,7.637884,232879.66759164806
E02001923,701460,409500,283500,7.883026,30.363711315611553
E02001923,701461,410500,283500,7.905747,114764.97465056699
E02001923,702150,409500,282500,7.611543,572646.9167505603
E02001923,702151,410500,282500,7.774236,754007.6032632794
E02001923,702152,411500,282500,7.661861,2864.3887764076144
E02001923,702840,409500,281500,7.479909,106332.50358612016
E02001923,702841,410500,281500,7.584361,193895.82591286473
E02001924,702151,410500,282500,7.774236,96272.66440452675
E02001924,702152,411500,282500,7.661861,606534.1790751654
E02001924,702841,410500,281500,7.584361,127779.3082341468
E02001924,702842,411500,281500,7.527279,325873.1460241484
E02001925,702143,402500,282500,7.391217,168440.08292602064
E02001925,702144,403500,282500,7.515937,844913.5354696847
E02001925,702145,404500,282500,7.73591,73347.77328649703
E02001925,702833,402500,281500,7.389946,14519.182611130691
E02001925,702834,403500,281500,7.412998,656276.4914525702
E02001925,702835,404500,281500,7.515057,449943.3581399063
E02001925,703524,403500,280500,7.37254,154.8544504681965
E02001926,701456,405500,283500,7.7151,153202.05791163325
E02001926,702145,404500,282500,7.73591,74068.19689000242
E02001926,702146,405500,282500,7.637884,677877.3481813002
E02001926,702147,406500,282500,7.517702,53027.81130694598
E02001926,702835,404500,281500,7.515057,343005.6723676057
E02001926,702836,405500,281500,7.630363,462490.5593924815
E02001926,702837,406500,281500,7.575321,47.64598225389792
E02001927,702142,401500,282500,7.343502,385117.70150112483
E02001927,702143,402500,282500,7.391217,334681.4257055708
E02001927,702832,401500,281500,7.279797,483738.51563522324
E02001927,702833,402500,281500,7.389946,305669.62890363985
E02001927,703522,401500,280500,7.230615,6907.092653234653
E02001928,702139,398500,282500,7.285983,25989.400540582737
E02001928,702140,399500,282500,7.20826,665796.948781742
E02001928,702141,400500,282500,7.385414,2789.0734580167887
E02001928,702829,398500,281500,7.260424,21097.411821589303
E02001928,702830,399500,281500,7.222626,852193.1102516772
E02001928,702831,400500,281500,7.155102,27226.4779653323
E02001928,703520,399500,280500,6.915782,8707.49988619409
E02001929,702152,411500,282500,7.661861,164813.2844151524
E02001929,702153,412500,282500,7.553061,514879.8111906955
E02001929,702842,411500,281500,7.527279,313934.3676587099
E02001929,702843,412500,281500,7.425209,319612.2715611144
E02001929,703532,411500,280500,7.410848,82950.8791203571
E02001930,702147,406500,282500,7.517702,8100.389279045401
E02001930,702148,407500,282500,7.6223,149975.37950692183
E02001930,702149,408500,282500,7.594648,106238.16537285062
E02001930,702837,406500,281500,7.575321,74053.96832331046
E02001930,702838,407500,281500,7.625245,741700.0955266901
E02001930,702839,408500,281500,7.463988,204901.96227240213
E02001930,703528,407500,280500,7.497378,793.9554941969633
E02001931,702149,408500,282500,7.594648,152310.74600142706
E02001931,702150,409500,282500,7.611543,258085.8790317875
E02001931,702839,408500,281500,7.463988,344649.25445283746
E02001931,702840,409500,281500,7.479909,852949.0366897935
E02001931,702841,410500,281500,7.584361,387156.38177276583
E02001931,703530,409500,280500,7.388385,306081.71456826973
E02001931,703531,410500,280500,7.419329,206010.38075211123
E02001932,702141,400500,282500,7.385414,270236.5509339525
E02001932,702142,401500,282500,7.343502,23279.752526794495
E02001932,702830,399500,281500,7.222626,29947.935321882524
E02001932,702831,400500,281500,7.155102,967452.7558033378
E02001932,702832,401500,281500,7.279797,496075.3535965477
E02001932,703520,399500,280500,6.915782,51349.84426243073
E02001932,703521,400500,280500,7.062393,959725.8266250486
E02001932,703522,401500,280500,7.230615,392277.4795073135
E02001932,704211,400500,279500,7.259055,125476.13462878542
E02001932,704212,401500,279500,7.408852,21157.48460040949
E02001933,702147,406500,282500,7.517702,59078.311110621726
E02001933,702836,405500,281500,7.630363,233934.32808595133
E02001933,702837,406500,281500,7.575321,796562.137843326
E02001933,702838,407500,281500,7.625245,4602.787463980527
E02001933,703526,405500,280500,7.64403,248538.68042676998
E02001933,703527,406500,280500,7.531814,318256.33563292236
E02001934,702841,410500,281500,7.584361,291168.48408022255
E02001934,702842,411500,281500,7.527279,328219.33550363645
E02001934,703531,410500,280500,7.419329,352086.0046373879
E02001934,703532,411500,280500,7.410848,234757.5820618297
E02001934,704221,410500,279500,7.422657,50.18539465364908
E02001934,704222,411500,279500,7.428757,230.74282721121847
E02001935,702143,402500,282500,7.391217,4655.379762615621
E02001935,702832,401500,281500,7.279797,20186.13076822901
E02001935,702833,402500,281500,7.389946,626623.0309923899
E02001935,702834,403500,281500,7.412998,113363.31313313433
E02001935,703522,401500,280500,7.230615,342994.89849933283
E02001935,703523,402500,280500,7.349927,650127.2429192216
E02001935,704212,401500,279500,7.408852,150715.13668076892
E02001935,704213,402500,279500,7.428192,57822.56591180431
E02001936,702837,406500,281500,7.575321,117017.28204842843
E02001936,702838,407500,281500,7.625245,220647.78466075912
E02001936,703527,406500,280500,7.531814,411722.0611566777
E02001936,703528,407500,280500,7.497378,469046.77958742867
E02001936,704217,406500,279500,7.512457,149.47624477680577
E02001936,704218,407500,279500,7.473582,12870.587958352267
E02001937,702838,407500,281500,7.625245,33049.332348570155
E02001937,702839,408500,281500,7.463988,450448.78327476047
E02001937,702840,409500,281500,7.479909,40718.459724086395
E02001937,703528,407500,280500,7.497378,101997.36473419836
E02001937,703529,408500,280500,7.39003,804056.11901443
E02001937,703530,409500,280500,7.388385,248212.24013098318
E02001937,704219,408500,279500,7.404193,112251.2797757429
E02001937,704220,409500,279500,7.435488,43602.78609538786
E02001938,702835,404500,281500,7.515057,199805.67550255437
E02001938,702836,405500,281500,7.630363,303575.1125215671
E02001938,703524,403500,280500,7.37254,4089.1085016364777
E02001938,703525,404500,280500,7.481972,698396.7810886605
E02001938,703526,405500,280500,7.64403,574393.6767881076
E02001938,704215,404500,279500,7.804052,7293.336362293523
E02001938,704216,405500,279500,7.547314,61530.1264196459
E02001939,702833,402500,281500,7.389946,53188.15749283973
E02001939,702834,403500,281500,7.412998,230360.1954142955
E02001939,702835,404500,281500,7.515057,7245.293989933565
E02001939,703523,402500,280500,7.349927,326851.2576776122
E02001939,703524,403500,280500,7.37254,923757.9964680048
E02001939,703525,404500,280500,7.481972,112614.5404526793
E02001939,704213,402500,279500,7.428192,40187.359763749
E02001939,704214,403500,279500,7.439786,25616.267366798507
E02001941,703529,408500,280500,7.39003,5110.527278979327
E02001941,703530,409500,280500,7.388385,444132.7074926338
E02001941,704219,408500,279500,7.404193,16548.23417221227
E02001941,704220,409500,279500,7.435488,771634.4272437873
E02001941,704221,410500,279500,7.422657,147039.74086186537
E02001941,704910,409500,278500,7.221942,16112.901703182459
E02001941,704911,410500,278500,7.249035,1906.2223723087463
E02001942,703524,403500,280500,7.37254,44974.64066141095
E02001942,703525,404500,280500,7.481972,188988.67845866026
E02001942,703526,405500,280500,7.64403,19652.63818852621
E02001942,704213,402500,279500,7.428192,52832.8389521258
E02001942,704214,403500,279500,7.439786,414842.9491149194
E02001942,704215,404500,279500,7.804052,430937.2481247059
E02001942,704216,405500,279500,7.547314,10680.892773001036
E02001943,703528,407500,280500,7.497378,428161.9001841761
E02001943,703529,408500,280500,7.39003,190833.35370659077
E02001943,704218,407500,279500,7.473582,311745.3900386719
E02001943,704219,408500,279500,7.404193,705300.135304358
E02001943,704909,408500,278500,7.251716,42336.9891365444
E02001944,703526,405500,280500,7.64403,91215.45911691406
E02001944,703527,406500,280500,7.531814,270021.6032103999
E02001944,704216,405500,279500,7.547314,175673.11976276553
E02001944,704217,406500,279500,7.512457,975733.2419748444
E02001944,704218,407500,279500,7.473582,309722.8041898866
E02001944,704906,405500,278500,7.383032,17951.524750874185
E02001944,704907,406500,278500,7.194479,28481.309716384054
E02001945,703522,401500,280500,7.230615,257820.52934011907
E02001945,704210,399500,279500,6.879283,43252.285220753096
E02001945,704211,400500,279500,7.259055,385475.04383662995
E02001945,704212,401500,279500,7.408852,600269.0748476767
E02001945,704213,402500,279500,7.428192,170.46308792359363
E02001945,704900,399500,278500,7.015525,158812.86490702236
E02001945,704901,400500,278500,7.253076,134178.389090517
E02001945,704902,401500,278500,7.374896,26089.473394955785
E02001946,703523,402500,280500,7.349927,23021.499403166275
E02001946,703524,403500,280500,7.37254,27023.399918479605
E02001946,704212,401500,279500,7.408852,113913.65734020228
E02001946,704213,402500,279500,7.428192,835993.5438449607
E02001946,704214,403500,279500,7.439786,328446.33111158316
E02001946,704902,401500,278500,7.374896,52415.80336731492
E02001946,704903,402500,278500,7.348417,269367.98173424613
E02001946,704904,403500,278500,7.356169,148508.9045109647
E02001947,704217,406500,279500,7.512457,15985.153289469585
E02001947,704218,407500,279500,7.473582,326484.41568309086
E02001947,704906,405500,278500,7.383032,9452.775195468781
E02001947,704907,406500,278500,7.194479,474461.78240743035
E02001947,704908,407500,278500,7.252509,401177.1759334581
E02001948,704218,407500,279500,7.473582,39176.802129998396
E02001948,704219,408500,279500,7.404193,165900.35074768687
E02001948,704220,409500,279500,7.435488,136814.76187321922
E02001948,704908,407500,278500,7.252509,156445.0823681527
E02001948,704909,408500,278500,7.251716,734613.2908715495
E02001948,704910,409500,278500,7.221942,15404.186903511692
E02001948,705599,408500,277500,7.161518,3189.7717568174476
E02001949,703526,405500,280500,7.64403,66199.54547968217
E02001949,704215,404500,279500,7.804052,82073.075025147
E02001949,704216,405500,279500,7.547314,752115.8610445875
E02001949,704217,406500,279500,7.512457,8132.128490909249
E02001949,704905,404500,278500,7.387834,282473.2571500254
E02001949,704906,405500,278500,7.383032,714852.9324659654
E02001949,705596,405500,277500,7.116559,664.272165907622
E02001950,704212,401500,279500,7.408852,112040.63189625072
E02001950,704901,400500,278500,7.253076,192005.05726489663
E02001950,704902,401500,278500,7.374896,921494.7232377294
E02001950,704903,402500,278500,7.348417,258654.4768121788
E02001950,705591,400500,277500,7.245517,67079.86241437416
E02001950,705592,401500,277500,7.244333,318833.81106687523
E02001950,705593,402500,277500,7.233038,12138.434039192822
E02001951,704210,399500,279500,6.879283,24142.276335917464
E02001951,704211,400500,279500,7.259055,1817.1772101094036
E02001951,704898,397500,278500,7.030962,46379.35380861342
E02001951,704899,398500,278500,6.880077,672787.3247424711
E02001951,704900,399500,278500,7.015525,523280.3879148689
E02001951,704901,400500,278500,7.253076,170095.016023938
E02001951,705589,398500,277500,6.997628,143056.6548958385
E02001951,705590,399500,277500,7.04757,34815.39842974456
E02001952,704213,402500,279500,7.428192,12993.228439436545
E02001952,704214,403500,279500,7.439786,71408.51826111988
E02001952,704903,402500,278500,7.348417,471977.54145357513
E02001952,704904,403500,278500,7.356169,477570.99435478117
E02001952,705592,401500,277500,7.244333,172575.4122749006
E02001952,705593,402500,277500,7.233038,411160.6757136198
E02001952,705594,403500,277500,7.26556,49570.87556683024
E02001953,704214,403500,279500,7.439786,159685.9341455791
E02001953,704215,404500,279500,7.804052,479696.3404878535
E02001953,704904,403500,278500,7.356169,373920.10113425413
E02001953,704905,404500,278500,7.387834,597182.3777960688
E02001953,705593,402500,277500,7.233038,6234.692099272326
E02001953,705594,403500,277500,7.26556,482872.15649126994
E02001953,705595,404500,277500,7.239405,79695.5005808722
E02001954,704905,404500,278500,7.387834,120344.3650539059
E02001954,704906,405500,278500,7.383032,124475.3273889188
E02001954,705594,403500,277500,7.26556,268900.53434322856
E02001954,705595,404500,277500,7.239405,895192.0056488276
E02001954,705596,405500,277500,7.116559,258459.655828628
E02001954,706284,403500,276500,6.997165,13710.268999263175
E02001954,706285,404500,276500,6.965508,157556.71617775416
E02001955,704211,400500,279500,7.259055,969.0444955005623
E02001955,704900,399500,278500,7.015525,271.4544913822318
E02001955,704901,400500,278500,7.253076,476340.0928983145
E02001955,705590,399500,277500,7.04757,33944.61659576777
E02001955,705591,400500,277500,7.245517,902358.5193907699
E02001955,705592,401500,277500,7.244333,219552.92319325486
E02001955,706280,399500,276500,6.787358,68875.47138835298
E02001955,706281,400500,276500,7.005564,922912.6950568676
E02001955,706282,401500,276500,7.14747,183786.1662811069
E02001955,706971,400500,275500,6.958065,40731.730684394366
E02001956,704899,398500,278500,6.880077,7999.104822393392
E02001956,704900,399500,278500,7.015525,251505.44952498257
E02001956,704901,400500,278500,7.253076,27381.444722333705
E02001956,705589,398500,277500,6.997628,3307.5751165412194
E02001956,705590,399500,277500,7.04757,866771.8638229968
E02001956,705591,400500,277500,7.245517,30561.61819485588
E02001956,706280,399500,276500,6.787358,401040.04521331436
E02001956,706281,400500,276500,7.005564,24631.686640935095
E02001957,705592,401500,277500,7.244333,289037.85346496926
E02001957,705593,402500,277500,7.233038,559982.7252116475
E02001957,705594,403500,277500,7.26556,109325.11010871161
E02001957,706282,401500,276500,7.14747,229208.9982460431
E02001957,706283,402500,276500,7.043136,144386.32485564577
E02001957,706284,403500,276500,6.997165,8747.004759199714
E02001958,700795,434500,284500,7.756959,252867.53194581467
E02001958,700796,435500,284500,8.018657,478759.82778887445
E02001958,700797,436500,284500,7.539297,372184.4338003694
E02001958,701484,433500,283500,7.364661,42231.90541577307
E02001958,701485,434500,283500,7.609112,652823.9632172397
E02001958,701486,435500,283500,7.641571,704894.4263857607
E02001958,701487,436500,283500,7.777723,120248.97281501908
E02001958,702175,434500,282500,7.835268,34696.99141042693
E02001958,702176,435500,282500,7.700709,22493.767760266794
E02001959,700102,431500,285500,7.221939,76907.85851813713
E02001959,700791,430500,284500,6.844553,333077.64445332636
E02001959,700792,431500,284500,6.936569,856843.8777505354
E02001959,700793,432500,284500,7.161945,314084.6336899243
E02001959,701481,430500,283500,6.879444,283107.8500354428
E02001959,701482,431500,283500,6.897352,976785.4894487656
E02001959,701483,432500,283500,7.117768,865057.1941648648
E02001959,701484,433500,283500,7.364661,211927.16775120585
E02001959,702171,430500,282500,6.928739,38242.51417441545
E02001959,702172,431500,282500,6.997729,46760.84491945244
E02001959,702173,432500,282500,7.27248,284405.73786917987
E02001961,701486,435500,283500,7.641571,290749.5675470639
E02001961,701487,436500,283500,7.777723,103637.82928896781
E02001961,702176,435500,282500,7.700709,597180.662515931
E02001961,702177,436500,282500,7.509909,203382.46120868612
E02001961,702866,435500,281500,7.828548,293999.5985332103
E02001961,702867,436500,281500,7.541569,19559.907170345934
E02001962,701485,434500,283500,7.609112,152950.4744472704
E02001962,701486,435500,283500,7.641571,2779.4071824773246
E02001962,702175,434500,282500,7.835268,723013.6094444118
E02001962,702176,435500,282500,7.700709,380325.5697238023
E02001962,702865,434500,281500,7.952914,60388.582611919286
E02001962,702866,435500,281500,7.828548,110298.19632784433
E02001963,701482,431500,283500,6.897352,14838.095429506157
E02001963,701483,432500,283500,7.117768,105234.87186742733
E02001963,702172,431500,282500,6.997729,380230.7904509277
E02001963,702173,432500,282500,7.27248,503361.40421909146
E02001963,702862,431500,281500,7.16452,118637.45505270136
E02001963,702863,432500,281500,7.440115,162738.26966230833
E02001964,700797,436500,284500,7.539297,62236.71947387423
E02001964,701486,435500,283500,7.641571,1576.5988846981277
E02001964,701487,436500,283500,7.777723,771860.8618367845
E02001964,701488,437500,283500,7.905903,522032.4070069824
E02001964,702177,436500,282500,7.509909,717080.1065960047
E02001964,702178,437500,282500,7.699564,329212.5081611115
E02001964,702179,438500,282500,7.840398,16.167496652313872
E02001964,702867,436500,281500,7.541569,450041.1504200478
E02001964,702868,437500,281500,7.434657,433789.3816380309
E02001964,703557,436500,280500,7.559906,7469.428417552478
E02001964,703558,437500,280500,7.382236,1206.611535643646
E02001965,702177,436500,282500,7.509909,79537.43219530914
E02001965,702178,437500,282500,7.699564,614584.6004060776
E02001965,702179,438500,282500,7.840398,394958.4882684629
E02001965,702868,437500,281500,7.434657,400692.86887382466
E02001965,702869,438500,281500,7.450093,714839.3981554215
E02001965,702870,439500,281500,7.355865,8087.873992548397
E02001965,703558,437500,280500,7.382236,8058.762725788727
E02001965,703559,438500,280500,7.308007,38355.72781448392
E02001966,702174,433500,282500,7.503936,36954.850600542675
E02001966,702175,434500,282500,7.835268,171226.9740943247
E02001966,702864,433500,281500,7.617486,352124.2669052653
E02001966,702865,434500,281500,7.952914,462297.40036322543
E02001966,703554,433500,280500,8.507081,152385.81886669446
E02001966,703555,434500,280500,9.319879,14.177896056400252
E02001967,700788,427500,284500,6.696223,357008.4249625196
E02001967,700789,428500,284500,6.699492,682404.0534054994
E02001967,700790,429500,284500,6.76841,363527.50752779905
E02001967,700791,430500,284500,6.844553,190466.01374059054
E02001967,701478,427500,283500,6.677009,312269.82246298634
E02001967,701479,428500,283500,6.668354,1000000.0
E02001967,701480,429500,283500,6.726434,1000000.0
E02001967,701481,430500,283500,6.879444,716892.1499645571
E02001967,701482,431500,283500,6.897352,8376.415121728105
E02001967,702167,426500,282500,6.758741,156739.87325898695
E02001967,702168,427500,282500,6.705542,644444.7182387438
E02001967,702169,428500,282500,6.687951,1000000.0
E02001967,702170,429500,282500,6.788543,1000000.0
E02001967,702171,430500,282500,6.928739,961757.4858255845
E02001967,702172,431500,282500,6.997729,573008.36462962
E02001967,702857,426500,281500,6.715334,451678.99187053525
E02001967,702858,427500,281500,6.82763,1000000.0
E02001967,702859,428500,281500,6.892863,1000000.0
E02001967,702860,429500,281500,6.937064,999975.6882785381
E02001967,702861,430500,281500,6.945515,948913.2752179252
E02001967,702862,431500,281500,7.16452,399687.98173944757
E02001967,703547,426500,280500,6.703512,239702.17881226513
E02001967,703548,427500,280500,6.794516,747117.9106369662
E02001967,703549,428500,280500,6.861925,780040.7870924457
E02001967,703550,429500,280500,7.165421,358496.2627264625
E02001967,703551,430500,280500,7.172064,447093.66018177074
E02001967,704238,427500,279500,7.13419,11206.399752090765
E02001968,702173,432500,282500,7.27248,103055.51080481613
E02001968,702174,433500,282500,7.503936,512754.30950763926
E02001968,702175,434500,282500,7.835268,21.98161572264349
E02001968,702863,432500,281500,7.440115,210035.4285546669
E02001968,702864,433500,281500,7.617486,611995.1568915886
E02001968,703553,432500,280500,7.50796,79748.43915613681
E02001968,703554,433500,280500,8.507081,69605.9333275164
E02001969,702173,432500,282500,7.27248,11743.887265358457
E02001969,702863,432500,281500,7.440115,450290.32242687565
E02001969,703553,432500,280500,7.50796,468951.80930568476
E02001970,702866,435500,281500,7.828548,161820.93557217973
E02001970,702867,436500,281500,7.541569,530398.9424096063
E02001970,702868,437500,281500,7.434657,165517.74948814436
E02001970,703556,435500,280500,7.787801,47092.97800290914
E02001970,703557,436500,280500,7.559906,537327.1829891393
E02001970,703558,437500,280500,7.382236,308299.7426683793
E02001971,702862,431500,281500,7.16452,375391.56538767664
E02001971,702863,432500,281500,7.440115,176935.97935614915
E02001971,703552,431500,280500,7.329616,395808.6094822465
E02001971,703553,432500,280500,7.50796,165367.21018690168
E02001971,704242,431500,279500,7.43398,143.44850361741928
E02001972,702865,434500,281500,7.952914,477314.01702485536
E02001972,702866,435500,281500,7.828548,43922.26271533595
E02001972,703554,433500,280500,8.507081,364140.6140299006
E02001972,703555,434500,280500,9.319879,826743.5780165461
E02001972,703556,435500,280500,7.787801,11420.881317294616
E02001972,704244,433500,279500,7.897418,166556.03069904784
E02001972,704245,434500,279500,7.960451,4.825955756446307
E02001973,702866,435500,281500,7.828548,389959.00685142976
E02001973,703555,434500,280500,9.319879,4843.169468576711
E02001973,703556,435500,280500,7.787801,690460.4135926132
E02001973,704245,434500,279500,7.960451,16168.34953522489
E02001973,704246,435500,279500,7.739507,191664.4959747298
E02001974,702861,430500,281500,6.945515,51086.724782074896
E02001974,702862,431500,281500,7.16452,106282.99782017441
E02001974,703551,430500,280500,7.172064,268692.3438318317
E02001974,703552,431500,280500,7.329616,604191.3905177535
E02001974,703553,432500,280500,7.50796,38400.76004615343
E02001974,704241,430500,279500,7.401219,32076.510433894357
E02001974,704242,431500,279500,7.43398,592020.1296381135
E02001974,704243,432500,279500,7.563626,344427.3215059323
E02001975,703556,435500,280500,7.787801,623.0100555793883
E02001975,703557,436500,280500,7.559906,381628.83124403795
E02001975,703558,437500,280500,7.382236,260763.67420418462
E02001975,704247,436500,279500,7.614609,506980.6128886518
E02001975,704248,437500,279500,7.377087,45681.007687670695
E02001976,702179,438500,282500,7.840398,12752.064555130342
E02001976,702180,439500,282500,7.548052,10799.280515224722
E02001976,702869,438500,281500,7.450093,285160.60184457863
E02001976,702870,439500,281500,7.355865,180305.92535203847
E02001976,703557,436500,280500,7.559906,46.40820591153091
E02001976,703558,437500,280500,7.382236,421671.20886600384
E02001976,703559,438500,280500,7.308007,849455.4033960674
E02001976,703560,439500,280500,7.09321,5613.798250818267
E02001976,704247,436500,279500,7.614609,47019.06622828664
E02001976,704248,437500,279500,7.377087,902585.1451100941
E02001976,704249,438500,279500,7.44987,493186.3947129817
E02001976,704938,437500,278500,7.404451,152951.42232173716
E02001976,704939,438500,278500,7.537644,4119.9346375045925
E02001977,702864,433500,281500,7.617486,35880.576203146156
E02001977,703553,432500,280500,7.50796,247531.7813051233
E02001977,703554,433500,280500,8.507081,413867.6337758887
E02001977,704243,432500,279500,7.563626,521879.03603550844
E02001977,704244,433500,279500,7.897418,254009.23432691777
E02001977,704933,432500,278500,7.508085,268.2960821303608
E02001978,703556,435500,280500,7.787801,250402.71703160356
E02001978,703557,436500,280500,7.559906,73528.14914335875
E02001978,704246,435500,279500,7.739507,406693.9405287916
E02001978,704247,436500,279500,7.614609,268312.21619323565
E02001979,703550,429500,280500,7.165421,347382.9147689056
E02001979,703551,430500,280500,7.172064,284213.99598639755
E02001979,704240,429500,279500,7.301441,250072.4701103098
E02001979,704241,430500,279500,7.401219,504911.9668979655
E02001979,704242,431500,279500,7.43398,169.94382437242785
E02001980,702860,429500,281500,6.937064,24.311721461862923
E02001980,703549,428500,280500,6.861925,202608.5472639356
E02001980,703550,429500,280500,7.165421,294120.82250463206
E02001980,704239,428500,279500,7.106161,219905.89595311915
E02001980,704240,429500,279500,7.301441,613153.2459272835
E02001980,704241,430500,279500,7.401219,9780.544168073942
E02001980,704930,429500,278500,7.236259,26334.46617812981
E02001980,704931,430500,278500,7.458386,9947.139694371059
E02001981,703555,434500,280500,9.319879,168399.0746188207
E02001981,704244,433500,279500,7.897418,264907.637047182
E02001981,704245,434500,279500,7.960451,800556.2770899246
E02001981,704935,434500,278500,7.785029,6591.270964127961
E02001982,703548,427500,280500,6.794516,250475.86963101398
E02001982,703549,428500,280500,6.861925,17350.665643618515
E02001982,704237,426500,279500,6.873309,1201.6506819280464
E02001982,704238,427500,279500,7.13419,906284.1209670765
E02001982,704239,428500,279500,7.106161,324924.00007763645
E02001982,704927,426500,278500,6.780961,19417.819592804364
E02001982,704928,427500,278500,6.938832,540773.9279800836
E02001983,704240,429500,279500,7.301441,8940.416449274577
E02001983,704241,430500,279500,7.401219,453230.97850006615
E02001983,704242,431500,279500,7.43398,391440.3354592096
E02001983,704243,432500,279500,7.563626,821.6634774334915
E02001983,704931,430500,278500,7.458386,876021.5858655816
E02001983,704932,431500,278500,7.387366,287274.6823663339
E02001983,705621,430500,277500,7.357657,40682.053293412166
E02001984,704246,435500,279500,7.739507,298976.48956793686
E02001984,704247,436500,279500,7.614609,156268.76892897493
E02001984,704936,435500,278500,7.654664,616947.5505720088
E02001984,704937,436500,278500,7.482391,490024.3209524111
E02001984,705626,435500,277500,7.409303,25389.29011034822
E02001985,704244,433500,279500,7.897418,2341.5699209798786
E02001985,704245,434500,279500,7.960451,183270.54741909404
E02001985,704246,435500,279500,7.739507,102665.07392854175
E02001985,704934,433500,278500,7.812294,35380.01972019372
E02001985,704935,434500,278500,7.785029,751838.3853540807
E02001985,704936,435500,278500,7.654664,29379.289649225284
E02001985,705625,434500,277500,7.856081,105557.68869522004
E02001985,705626,435500,277500,7.409303,819.9246630932392
E02001986,704238,427500,279500,7.13419,48692.718335323545
E02001986,704239,428500,279500,7.106161,455170.10396924434
E02001986,704240,429500,279500,7.301441,85741.87315091083
E02001986,704928,427500,278500,6.938832,258736.725072879
E02001986,704929,428500,278500,7.058828,935338.2240600358
E02001986,704930,429500,278500,7.236259,144343.02833553738
E02001986,705619,428500,277500,6.943793,64004.93571897984
E02001987,704242,431500,279500,7.43398,16226.142574687065
E02001987,704243,432500,279500,7.563626,13276.520529617132
E02001987,704932,431500,278500,7.387366,518703.4001713292
E02001987,704933,432500,278500,7.508085,290831.68120962376
E02001988,704243,432500,279500,7.563626,119595.45845150875
E02001988,704244,433500,279500,7.897418,312185.5280058725
E02001988,704933,432500,278500,7.508085,492481.11775269854
E02001988,704934,433500,278500,7.812294,921819.6199606095
E02001988,704935,434500,278500,7.785029,93879.89569053026
E02001988,705623,432500,277500,7.26,4870.327848888163
E02001988,705624,433500,277500,7.420368,102929.44008260485
E02001988,705625,434500,277500,7.856081,135376.94919186007
E02001989,704240,429500,279500,7.301441,42091.99436222122
E02001989,704930,429500,278500,7.236259,827374.9299301221
E02001989,704931,430500,278500,7.458386,107195.65203871366
E02001989,705620,429500,277500,7.113249,214580.97483244864
E02001989,705621,430500,277500,7.357657,115630.78126919892
E02001990,704247,436500,279500,7.614609,21419.335760850903
E02001990,704248,437500,279500,7.377087,51733.84720223543
E02001990,704249,438500,279500,7.44987,11865.651882900404
E02001990,704937,436500,278500,7.482391,125247.98909896538
E02001990,704938,437500,278500,7.404451,840493.2488858305
E02001990,704939,438500,278500,7.537644,640513.3760283757
E02001990,705628,437500,277500,7.309428,325910.2460883821
E02001990,705629,438500,277500,7.412086,249632.0313449801
E02001991,704931,430500,278500,7.458386,6835.622401333436
E02001991,704932,431500,278500,7.387366,194021.9174623369
E02001991,704933,432500,278500,7.508085,216418.9049555473
E02001991,704934,433500,278500,7.812294,4503.877371341409
E02001991,705621,430500,277500,7.357657,473575.2674626909
E02001991,705622,431500,277500,7.209795,1000000.0
E02001991,705623,432500,277500,7.26,991532.2855900977
E02001991,705624,433500,277500,7.420368,23123.41111494867
E02001991,706311,430500,276500,7.05445,244.33750002349325
E02001991,706312,431500,276500,7.200459,215478.37162211956
E02001991,706313,432500,276500,7.231128,218565.96619326674
E02001991,706314,433500,276500,7.299105,631.6794515716479
E02001992,704936,435500,278500,7.654664,44515.332273392196
E02001992,704937,436500,278500,7.482391,384727.68994862336
E02001992,704938,437500,278500,7.404451,6555.328792432365
E02001992,704939,438500,278500,7.537644,2801.359886584183
E02001992,705626,435500,277500,7.409303,255728.91960567154
E02001992,705627,436500,277500,7.278824,772388.5477170128
E02001992,705628,437500,277500,7.309428,674089.7539116179
E02001992,705629,438500,277500,7.412086,340233.20202090626
E02001992,706317,436500,276500,7.279098,67132.4133277028
E02001992,706318,437500,276500,7.338056,284430.23190909514
E02001992,706319,438500,276500,6.990677,22222.581972014956
E02001993,704928,427500,278500,6.938832,159698.64788512647
E02001993,704929,428500,278500,7.058828,64661.775939964245
E02001993,704930,429500,278500,7.236259,1947.5755562106815
E02001993,705618,427500,277500,6.898882,814371.7415870215
E02001993,705619,428500,277500,6.943793,935995.0642810201
E02001993,705620,429500,277500,7.113249,769844.0927301978
E02001993,705621,430500,277500,7.357657,134592.29741167434
E02001993,706308,427500,276500,6.865271,214017.3640061667
E02001993,706309,428500,276500,6.887604,555570.1067037509
E02001993,706310,429500,276500,7.028469,416056.31204349536
E02001994,704934,433500,278500,7.812294,38296.482947855344
E02001994,705623,432500,277500,7.26,101.13511559714564
E02001994,705624,433500,277500,7.420368,809944.0971801727
E02001994,705625,434500,277500,7.856081,275614.17931125074
E02001994,706314,433500,276500,7.299105,152931.45976957306
E02001994,706315,434500,276500,7.390004,93765.75949503826
E02001995,704935,434500,278500,7.785029,147690.447991261
E02001995,704936,435500,278500,7.654664,309157.8275053737
E02001995,705625,434500,277500,7.856081,483451.18280166923
E02001995,705626,435500,277500,7.409303,717539.8100541482
E02001995,705627,436500,277500,7.278824,95180.95810733561
E02001995,706315,434500,276500,7.390004,636292.3614073449
E02001995,706316,435500,276500,7.247997,914345.9013602241
E02001995,706317,436500,276500,7.279098,43484.37747060725
E02001995,707005,434500,275500,7.388027,332886.5014338646
E02001995,707006,435500,275500,7.272332,578455.6895428037
E02001995,707007,436500,275500,7.353554,286757.4238547667
E02001996,705626,435500,277500,7.409303,522.0555667387902
E02001996,705627,436500,277500,7.278824,132430.4941756516
E02001996,706316,435500,276500,7.247997,85654.09863977582
E02001996,706317,436500,276500,7.279098,875524.0561158685
E02001996,706318,437500,276500,7.338056,326545.91960570257
E02001996,707007,436500,275500,7.353554,125305.14040402517
E02001997,705623,432500,277500,7.26,3496.251445416971
E02001997,705624,433500,277500,7.420368,64003.05162227372
E02001997,706313,432500,276500,7.231128,51137.22048909458
E02001997,706314,433500,276500,7.299105,826159.6007407478
E02001997,706315,434500,276500,7.390004,269941.8790976169
E02001997,707003,432500,275500,7.105801,73261.9759446281
E02001997,707004,433500,275500,7.39375,720201.8809628289
E02001997,707005,434500,275500,7.388027,74988.45237083934
E02001997,707693,432500,274500,7.151599,4850.668400760046
E02001997,707694,433500,274500,7.158818,73523.86858582123
E02001998,706312,431500,276500,7.200459,32236.91172680816
E02001998,706313,432500,276500,7.231128,710940.2953179324
E02001998,706314,433500,276500,7.299105,20277.260038107524
E02001998,707002,431500,275500,6.936857,132791.4455965113
E02001998,707003,432500,275500,7.105801,414205.5081195397
E02001998,707004,433500,275500,7.39375,9177.542258695014
E02001999,705620,429500,277500,7.113249,15574.932437353385
E02001999,705621,430500,277500,7.357657,235519.60056302376
E02001999,706310,429500,276500,7.028469,414196.7020632273
E02001999,706311,430500,276500,7.05445,999755.6624999765
E02001999,706312,431500,276500,7.200459,752284.7166510723
E02001999,706313,432500,276500,7.231128,19356.51799970636
E02001999,707000,429500,275500,6.847785,89281.98690872507
E02001999,707001,430500,275500,6.930416,878965.421856713
E02001999,707002,431500,275500,6.936857,588106.7837615683
E02001999,707691,430500,274500,6.906847,562296.449426415
E02001999,707692,431500,274500,6.921392,113171.99603273708
E02002000,693165,394500,295500,7.775681,138106.6565935181
E02002000,693854,393500,294500,7.757918,64042.38201568668
E02002000,693855,394500,294500,7.776303,917643.784603986
E02002000,693856,395500,294500,7.808129,95023.86803870182
E02002000,694545,394500,293500,7.767896,774911.802570661
E02002000,694546,395500,293500,7.879989,87841.79041257779
E02002000,695235,394500,292500,7.76877,263422.449435022
E02002001,693162,391500,295500,7.257318,110666.04352819474
E02002001,693163,392500,295500,7.63933,9283.759591315194
E02002001,693852,391500,294500,7.322604,616029.576479152
E02002001,693853,392500,294500,7.56649,432430.8395714254
E02002001,693854,393500,294500,7.757918,70.55468074348882
E02002001,694542,391500,293500,7.388979,210185.8711132072
E02002001,694543,392500,293500,7.436467,583687.6859963237
E02002001,694544,393500,293500,7.614292,33581.85725889807
E02002002,693162,391500,295500,7.257318,219531.1416095405
E02002002,693851,390500,294500,7.043254,176700.35922980157
E02002002,693852,391500,294500,7.322604,383918.7763043322
E02002002,694541,390500,293500,8.451681,140836.7521424905
E02002002,694542,391500,293500,7.388979,789752.430088953
E02002002,694543,392500,293500,7.436467,3775.710103374161
E02002002,695231,390500,292500,7.018533,149893.511414733
E02002002,695232,391500,292500,7.189715,517502.57064778946
E02002002,695233,392500,292500,7.469867,10059.29826795947
E02002003,693853,392500,294500,7.56649,6600.289601240367
E02002003,693854,393500,294500,7.757918,274831.02645471145
E02002003,693855,394500,294500,7.776303,18245.04247094806
E02002003,694543,392500,293500,7.436467,23318.563668676667
E02002003,694544,393500,293500,7.614292,952431.6439392584
E02002003,694545,394500,293500,7.767896,219486.85786871763
E02002003,695234,393500,292500,7.570138,429881.99003460025
E02002003,695235,394500,292500,7.76877,250857.43290392574
E02002004,694542,391500,293500,7.388979,61.698797839824095
E02002004,694543,392500,293500,7.436467,389218.04023162543
E02002004,694544,393500,293500,7.614292,13986.498801843592
E02002004,695232,391500,292500,7.189715,29453.29789656426
E02002004,695233,392500,292500,7.469867,770988.8793749444
E02002004,695234,393500,292500,7.570138,341246.1816696679
E02002004,695923,392500,291500,7.504775,88217.7771383781
E02002004,695924,393500,291500,7.607861,53798.38334043558
E02002005,695234,393500,292500,7.570138,228871.82829573192
E02002005,695235,394500,292500,7.76877,240723.12981850601
E02002005,695923,392500,291500,7.504775,19664.89020131983
E02002005,695924,393500,291500,7.607861,670710.4074670871
E02002005,695925,394500,291500,7.767907,938794.8314901575
E02002005,695926,395500,291500,7.927598,279987.549831472
E02002005,696614,393500,290500,7.666734,2673.6390454234793
E02002005,696615,394500,290500,8.292246,387738.75366737344
E02002005,696616,395500,290500,8.045615,284197.5778021003
E02002006,695232,391500,292500,7.189715,320947.1655817805
E02002006,695233,392500,292500,7.469867,218951.82235709624
E02002006,695922,391500,291500,7.440034,377922.895749921
E02002006,695923,392500,291500,7.504775,261990.70001211276
E02002006,696612,391500,290500,7.551799,187992.48037097766
E02002006,696613,392500,290500,7.551316,11480.839233396908
E02002007,695230,389500,292500,6.754866,23563.274265304965
E02002007,695231,390500,292500,7.018533,482355.1779531355
E02002007,695232,391500,292500,7.189715,132096.96587386582
E02002007,695920,389500,291500,6.88074,19399.940080897664
E02002007,695921,390500,291500,7.145372,797511.5115144119
E02002007,695922,391500,291500,7.440034,622077.104250079
E02002007,696611,390500,290500,7.387814,463442.79130646185
E02002007,696612,391500,290500,7.551799,298709.3165606745
E02002008,695923,392500,291500,7.504775,630126.6326481896
E02002008,695924,393500,291500,7.607861,219613.28150525934
E02002008,696612,391500,290500,7.551799,423505.7526927283
E02002008,696613,392500,290500,7.551316,642285.709005648
E02002008,696614,393500,290500,7.666734,206265.38548014426
E02002008,697302,391500,289500,7.576637,53155.91163828844
E02002009,696615,394500,290500,8.292246,176922.26341784967
E02002009,696616,395500,290500,8.045615,572421.7537224634
E02002009,696617,396500,290500,7.984719,50213.721348898835
E02002009,697306,395500,289500,7.783156,432784.1256131618
E02002010,695924,393500,291500,7.607861,55877.92768721792
E02002010,696613,392500,290500,7.551316,3025.0784148837747
E02002010,696614,393500,290500,7.666734,775758.4852070742
E02002010,696615,394500,290500,8.292246,297186.0584765534
E02002010,697303,392500,289500,7.556346,61120.81488337527
E02002010,697304,393500,289500,7.743218,650839.4269293789
E02002010,697305,394500,289500,7.911162,1780.3168584863124
E02002010,697993,392500,288500,7.498592,47797.978044443276
E02002010,697994,393500,288500,7.476313,200430.94305646178
E02002011,696609,388500,290500,6.793085,349050.4465499264
E02002011,696610,389500,290500,6.982627,764794.7418573337
E02002011,696611,390500,290500,7.387814,161895.73580300043
E02002011,697298,387500,289500,6.647416,15680.652953790872
E02002011,697299,388500,289500,6.896399,708372.5167612607
E02002011,697300,389500,289500,7.131899,854565.3254633346
E02002011,697301,390500,289500,9.270055,314750.36665303254
E02002011,697989,388500,288500,6.881381,42176.41399197497
E02002011,697990,389500,288500,7.201069,9239.180868160014
E02002012,696612,391500,290500,7.551799,73271.37937080354
E02002012,696613,392500,290500,7.551316,343208.37334607134
E02002012,696614,393500,290500,7.666734,15302.49026735808
E02002012,697302,391500,289500,7.576637,673502.045538067
E02002012,697303,392500,289500,7.556346,938869.621804799
E02002012,697304,393500,289500,7.743218,33877.00362566729
E02002012,697992,391500,288500,7.371283,124809.9824022152
E02002012,697993,392500,288500,7.498592,247267.3350909993
E02002012,697994,393500,288500,7.476313,33.73626880024552
E02002013,696608,387500,290500,6.607208,134607.96659758594
E02002013,696609,388500,290500,6.793085,235855.91956629543
E02002013,696610,389500,290500,6.982627,5892.595185024317
E02002013,697298,387500,289500,6.647416,635871.5742194519
E02002013,697299,388500,289500,6.896399,291627.4832387393
E02002013,697988,387500,288500,6.652994,234587.41083904722
E02002013,697989,388500,288500,6.881381,352067.2598560166
E02002014,696615,394500,290500,8.292246,138152.92443822345
E02002014,696616,395500,290500,8.045615,6192.357514002701
E02002014,697304,393500,289500,7.743218,72464.65724128722
E02002014,697305,394500,289500,7.911162,901805.8604439856
E02002014,697306,395500,289500,7.783156,446291.8384766061
E02002014,697995,394500,288500,7.615264,199879.69906696366
E02002014,697996,395500,288500,7.675508,290817.5859994837
E02002015,696611,390500,290500,7.387814,343501.93853058777
E02002015,696612,391500,290500,7.551799,16521.07100481598
E02002015,697300,389500,289500,7.131899,145434.67453666538
E02002015,697301,390500,289500,9.270055,663492.3118893458
E02002015,697302,391500,289500,7.576637,65109.5650336273
E02002015,697989,388500,288500,6.881381,31175.885635485392
E02002015,697990,389500,288500,7.201069,538919.3251201255
E02002015,697991,390500,288500,7.321755,453809.5466526791
E02002016,697301,390500,289500,9.270055,21757.3214576217
E02002016,697302,391500,289500,7.576637,208232.47779001715
E02002016,697303,392500,289500,7.556346,9.563311825816292
E02002016,697991,390500,288500,7.321755,360143.0223154418
E02002016,697992,391500,288500,7.371283,875190.0175977848
E02002016,697993,392500,288500,7.498592,532359.9978223605
E02002016,697994,393500,288500,7.476313,209668.09760460633
E02002016,698681,390500,287500,7.460484,64247.78699067046
E02002016,698682,391500,287500,7.37986,254444.3892415662
E02002016,698683,392500,287500,7.476289,2764.011190180645
E02002017,697304,393500,289500,7.743218,242818.91220366667
E02002017,697305,394500,289500,7.911162,96413.82269752803
E02002017,697994,393500,288500,7.476313,331457.49507492734
E02002017,697995,394500,288500,7.615264,715485.2003217662
E02002017,697996,395500,288500,7.675508,138460.72876756603
E02002017,698685,394500,287500,7.548789,391216.26986494806
E02002017,698686,395500,287500,7.625657,501027.35942797555
E02002017,699376,395500,286500,7.610516,22319.93772936263
E02002018,697988,387500,288500,6.652994,194236.80751891033
E02002018,697989,388500,288500,6.881381,574580.4405165231
E02002018,697990,389500,288500,7.201069,451026.6782089841
E02002018,697991,390500,288500,7.321755,164455.50552589013
E02002018,698678,387500,287500,6.595879,27782.125676464257
E02002018,698679,388500,287500,6.805548,664895.6245119432
E02002018,698680,389500,287500,7.080982,103753.13582837171
E02002019,697993,392500,288500,7.498592,13974.37768515209
E02002019,697994,393500,288500,7.476313,258409.72799520436
E02002019,697995,394500,288500,7.615264,84635.10061127009
E02002019,698683,392500,287500,7.476289,177053.61707981265
E02002019,698684,393500,287500,7.392852,1000000.0
E02002019,698685,394500,287500,7.548789,608783.730135052
E02002019,698686,395500,287500,7.625657,2987.2947578284065
E02002019,699373,392500,286500,7.483346,2564.1335397837647
E02002019,699374,393500,286500,7.427748,98614.75018402628
E02002019,699375,394500,286500,7.525129,306564.9546689275
E02002019,699376,395500,286500,7.610516,48194.503850066416
E02002020,697990,389500,288500,7.201069,814.815802730238
E02002020,697991,390500,288500,7.321755,21591.925505988987
E02002020,698678,387500,287500,6.595879,5092.9341054958195
E02002020,698679,388500,287500,6.805548,322136.37944099953
E02002020,698680,389500,287500,7.080982,896246.8641716284
E02002020,698681,390500,287500,7.460484,567184.8438102445
E02002020,699368,387500,286500,6.570374,202.44657953420003
E02002020,699369,388500,286500,6.749258,244930.5779175125
E02002020,699370,389500,286500,7.061245,390019.68694111553
E02002020,699371,390500,286500,7.220521,5710.0663932803145
E02002021,697993,392500,288500,7.498592,158600.31135704473
E02002021,698681,390500,287500,7.460484,174367.40496842747
E02002021,698682,391500,287500,7.37986,691759.5085249757
E02002021,698683,392500,287500,7.476289,820121.6837015072
E02002021,699372,391500,286500,7.288261,469138.0986057783
E02002021,699373,392500,286500,7.483346,593895.5938567532
E02002022,698681,390500,287500,7.460484,194199.9642306577
E02002022,698682,391500,287500,7.37986,53796.10223345806
E02002022,699370,389500,286500,7.061245,349833.11058009416
E02002022,699371,390500,286500,7.220521,906969.2669445077
E02002022,699372,391500,286500,7.288261,224995.64197433754
E02002022,700060,389500,285500,7.029863,193338.53513447603
E02002022,700061,390500,285500,7.116271,129380.04015277413
E02002023,698679,388500,287500,6.805548,8971.676024514729
E02002023,699369,388500,286500,6.749258,545529.8782983687
E02002023,699370,389500,286500,7.061245,260147.2024787903
E02002023,700059,388500,285500,6.731317,16063.945534097167
E02002023,700060,389500,285500,7.029863,86049.48585173931
E02002024,698683,392500,287500,7.476289,60.68802849944189
E02002024,699373,392500,286500,7.483346,223791.93586440926
E02002024,699374,393500,286500,7.427748,818325.8551899202
E02002024,699375,394500,286500,7.525129,263831.3154858746
E02002024,700063,392500,285500,7.924017,604285.7353236364
E02002024,700064,393500,285500,7.442196,208160.79644188719
E02002024,700753,392500,284500,7.468237,85247.10345272181
E02002025,699378,397500,286500,7.673219,223259.24842357475
E02002025,699379,398500,286500,7.893172,440845.8948944373
E02002025,700067,396500,285500,7.575449,45016.930598103194
E02002025,700068,397500,285500,7.543668,920253.071815479
E02002025,700069,398500,285500,7.559325,299071.8754396292
E02002025,700758,397500,284500,7.395565,281970.5381098179
E02002026,699372,391500,286500,7.288261,300696.59560672665
E02002026,699373,392500,286500,7.483346,179748.33673905383
E02002026,700062,391500,285500,7.202943,547031.4056519711
E02002026,700063,392500,285500,7.924017,385358.15810627275
E02002026,700752,391500,284500,6.99471,159729.83174173633
E02002026,700753,392500,284500,7.468237,1444.1643624395642
E02002027,699371,390500,286500,7.220521,87320.66666221191
E02002027,699372,391500,286500,7.288261,5169.663813157594
E02002027,700061,390500,285500,7.116271,581193.0098273891
E02002027,700062,391500,285500,7.202943,450080.3305066874
E02002027,700751,390500,284500,7.022933,37882.88970605391
E02002027,700752,391500,284500,6.99471,29974.289849315996
E02002028,700059,388500,285500,6.731317,491638.6026565727
E02002028,700060,389500,285500,7.029863,342822.28886298795
E02002028,700749,388500,284500,6.580322,322192.4167090644
E02002028,700750,389500,284500,6.828096,90132.53057721071
E02002029,699379,398500,286500,7.893172,140505.48823709058
E02002029,699380,399500,286500,7.651554,1434.6299425048255
E02002029,700068,397500,285500,7.543668,17229.57040639538
E02002029,700069,398500,285500,7.559325,700928.1245603707
E02002029,700070,399500,285500,7.845414,165683.48205138854
E02002029,700758,397500,284500,7.395565,238259.06599046133
E02002029,700759,398500,284500,7.430615,618503.0667488603
E02002029,700760,399500,284500,7.757914,16328.84019814172
E02002030,700060,389500,285500,7.029863,377789.69015079655
E02002030,700061,390500,285500,7.116271,289426.9500198368
E02002030,700750,389500,284500,6.828096,131031.65663006438
E02002030,700751,390500,284500,7.022933,501082.9221625414
E02002030,700752,391500,284500,6.99471,419693.00014173874
E02002030,701442,391500,283500,6.909177,2535.7265106455234
E02002031,700063,392500,285500,7.924017,4144.059693422695
E02002031,700064,393500,285500,7.442196,606430.7356864916
E02002031,700065,394500,285500,7.568056,59391.18156976435
E02002031,700753,392500,284500,7.468237,447032.7493022093
E02002031,700754,393500,284500,7.091938,461475.47048133693
E02002031,700755,394500,284500,7.180775,23914.295508335024
E02002031,701443,392500,283500,6.879594,135444.3066320046
E02002031,701444,393500,283500,6.794302,68850.79466030265
E02002032,700065,394500,285500,7.568056,188489.78798956552
E02002032,700066,395500,285500,7.475533,3458.5459993678996
E02002032,700754,393500,284500,7.091938,538524.5295186631
E02002032,700755,394500,284500,7.180775,976085.704491665
E02002032,700756,395500,284500,7.24875,190819.5987234342
E02002032,701444,393500,283500,6.794302,386344.534335132
E02002032,701445,394500,283500,6.846109,293386.4683898344
E02002032,701446,395500,283500,7.133587,6146.220506255284
E02002033,700067,396500,285500,7.575449,173315.22730763778
E02002033,700068,397500,285500,7.543668,46665.66820377821
E02002033,700756,395500,284500,7.24875,662327.8255125063
E02002033,700757,396500,284500,7.355657,982126.3967876583
E02002033,700758,397500,284500,7.395565,363523.5697154878
E02002033,701446,395500,283500,7.133587,351094.5512370885
E02002033,701447,396500,283500,7.272984,288517.8843630531
E02002033,701448,397500,283500,7.330048,28753.25100496928
E02002034,700749,388500,284500,6.580322,114394.50262374312
E02002034,700750,389500,284500,6.828096,742218.0884612084
E02002034,700751,390500,284500,7.022933,446394.375277902
E02002034,700752,391500,284500,6.99471,5773.259631644697
E02002034,701440,389500,283500,6.652526,236309.5076600563
E02002034,701441,390500,283500,6.806083,244721.5469490852
E02002034,701442,391500,283500,6.909177,2274.790404837213
E02002035,700758,397500,284500,7.395565,116246.826184233
E02002035,700759,398500,284500,7.430615,381496.9332511396
E02002035,700760,399500,284500,7.757914,247897.43187865603
E02002035,701447,396500,283500,7.272984,4775.598175374877
E02002035,701448,397500,283500,7.330048,589806.7766058268
E02002035,701449,398500,283500,7.417747,992888.2728303737
E02002035,701450,399500,283500,7.496687,165816.48507856036
E02002035,702137,396500,282500,6.994364,86879.8419068607
E02002035,702138,397500,282500,6.949378,726586.626475161
E02002035,702139,398500,282500,7.285983,930006.5860675344
E02002035,702828,397500,281500,6.834597,451758.980764396
E02002035,702829,398500,281500,7.260424,434001.9076132229
E02002036,700062,391500,285500,7.202943,2888.2638413414065
E02002036,700063,392500,285500,7.924017,6212.04687666809
E02002036,700752,391500,284500,6.99471,372057.37884019566
E02002036,700753,392500,284500,7.468237,466275.9828826293
E02002036,701442,391500,283500,6.909177,22658.803510838057
E02002036,701443,392500,283500,6.879594,761574.4439238036
E02002036,701444,393500,283500,6.794302,405925.14689408237
E02002036,702133,392500,282500,6.649889,219208.37977466878
E02002036,702134,393500,282500,6.612243,25499.8802283351
E02002037,700749,388500,284500,6.580322,366416.73117118643
E02002037,700750,389500,284500,6.828096,36617.724331516416
E02002037,701439,388500,283500,6.47192,669211.9557599908
E02002037,701440,389500,283500,6.652526,400072.54504739086
E02002037,702129,388500,282500,6.338326,32147.664282403046
E02002037,702130,389500,282500,6.455482,18690.500911438772
E02002038,700756,395500,284500,7.24875,262.1935894737249
E02002038,701446,395500,283500,7.133587,391209.22026878194
E02002038,701447,396500,283500,7.272984,706706.5174615722
E02002038,701448,397500,283500,7.330048,381439.97238920385
E02002038,702136,395500,282500,7.012744,120690.72814104277
E02002038,702137,396500,282500,6.994364,404692.03068335104
E02002038,702138,397500,282500,6.949378,5154.05215627474
E02002039,700751,390500,284500,7.022933,14639.812853502715
E02002039,700752,391500,284500,6.99471,11221.990960247622
E02002039,701440,389500,283500,6.652526,9545.029926739975
E02002039,701441,390500,283500,6.806083,471286.61299605214
E02002039,701442,391500,283500,6.909177,521953.8539129544
E02002039,702131,390500,282500,6.617188,236943.02563409953
E02002039,702132,391500,282500,6.743863,405786.78897282114
E02002040,701439,388500,283500,6.47192,82007.22070535774
E02002040,701440,389500,283500,6.652526,354072.91736581305
E02002040,701441,390500,283500,6.806083,283991.8400548628
E02002040,702129,388500,282500,6.338326,484187.5370666954
E02002040,702130,389500,282500,6.455482,981309.4990885613
E02002040,702131,390500,282500,6.617188,566041.6015262455
E02002040,702819,388500,281500,6.362113,145994.90398770684
E02002040,702820,389500,281500,6.34076,835053.0403968913
E02002040,702821,390500,281500,6.491721,421563.65651783044
E02002040,703510,389500,280500,6.300957,181.64131670217398
E02002040,703511,390500,280500,6.60114,20901.302289112722
E02002041,700752,391500,284500,6.99471,1550.2488351210216
E02002041,701442,391500,283500,6.909177,450576.8256607247
E02002041,701443,392500,283500,6.879594,102981.24944419168
E02002041,702131,390500,282500,6.617188,197015.37283965494
E02002041,702132,391500,282500,6.743863,594213.2110271789
E02002041,702133,392500,282500,6.649889,458290.7232403588
E02002041,702821,390500,281500,6.491721,564288.0126032152
E02002041,702822,391500,281500,6.59823,420307.5057540372
E02002041,702823,392500,281500,6.575183,42214.03110562122
E02002041,703511,390500,280500,6.60114,40989.509981216484
E02002042,701444,393500,283500,6.794302,129010.71602532755
E02002042,701445,394500,283500,6.846109,706613.5316101655
E02002042,701446,395500,283500,7.133587,251550.00798787415
E02002042,702134,393500,282500,6.612243,69146.0028632677
E02002042,702135,394500,282500,6.738006,938481.3679425033
E02002042,702136,395500,282500,7.012744,879309.2718589572
E02002042,702137,396500,282500,6.994364,27431.47890003979
E02002042,702825,394500,281500,6.544801,282371.7965153856
E02002042,702826,395500,281500,6.693982,475087.6222150829
E02002042,702827,396500,281500,6.802673,68217.40211383406
E02002043,692479,398500,296500,8.260265,399006.14073626115
E02002043,692480,399500,296500,8.586011,630374.8583192994
E02002043,692481,400500,296500,8.65165,15876.355168923023
E02002043,693169,398500,295500,8.247268,493442.11374561826
E02002043,693170,399500,295500,8.2831,533561.7988604762
E02002044,692483,402500,296500,8.098498,39427.44433421097
E02002044,692484,403500,296500,7.980346,3891.9857697887487
E02002044,693172,401500,295500,8.604938,227449.4249676073
E02002044,693173,402500,295500,8.263715,909069.4465695311
E02002044,693174,403500,295500,8.015204,257592.55889511498
E02002044,693862,401500,294500,8.257259,69693.26554183806
E02002044,693863,402500,294500,8.431034,186788.70151094033
E02002044,693864,403500,294500,8.395402,30595.648611306424
E02002045,692480,399500,296500,8.586011,3486.2840094197663
E02002045,692481,400500,296500,8.65165,224109.15476950418
E02002045,693170,399500,295500,8.2831,384667.12052581634
E02002045,693171,400500,295500,8.261272,725668.3260533629
E02002045,693172,401500,295500,8.604938,399372.15873427724
E02002045,693860,399500,294500,8.198721,308864.4010658096
E02002045,693861,400500,294500,8.171953,30774.145823715793
E02002046,693171,400500,295500,8.261272,273957.4375567931
E02002046,693172,401500,295500,8.604938,44116.235459120544
E02002046,693860,399500,294500,8.198721,5965.022142318202
E02002046,693861,400500,294500,8.171953,503560.6782263644
E02002046,693862,401500,294500,8.257259,184753.30072436022
E02002047,693168,397500,295500,8.103648,371657.6296610288
E02002047,693169,398500,295500,8.247268,484430.75290000613
E02002047,693170,399500,295500,8.2831,81771.08061370743
E02002047,693857,396500,294500,7.935096,15180.590211750346
E02002047,693858,397500,294500,8.033969,684136.6857521556
E02002047,693859,398500,294500,8.555716,556637.838021533
E02002047,693860,399500,294500,8.198721,242468.20132951575
E02002047,694548,397500,293500,8.140648,60587.893589246196
E02002047,694549,398500,293500,8.491282,37185.074504574935
E02002048,693174,403500,295500,8.015204,463032.8176844183
E02002048,693175,404500,295500,8.153957,556717.7491198732
E02002048,693176,405500,295500,7.954634,210.4820062720551
E02002048,693864,403500,294500,8.395402,705318.1106163989
E02002048,693865,404500,294500,8.425713,810858.2616793548
E02002048,693866,405500,294500,8.495646,311504.4873496256
E02002048,694554,403500,293500,8.152674,15.78994853446303
E02002049,693168,397500,295500,8.103648,31078.388329182104
E02002049,693856,395500,294500,7.808129,432974.9091188519
E02002049,693857,396500,294500,7.935096,452797.9032112268
E02002049,693858,397500,294500,8.033969,296580.8985316181
E02002049,694546,395500,293500,7.879989,344441.640628913
E02002051,693857,396500,294500,7.935096,27880.478177467077
E02002051,693858,397500,294500,8.033969,19061.258144618267
E02002051,694547,396500,293500,7.928618,421530.84551920043
E02002051,694548,397500,293500,8.140648,458528.08814803365
E02002051,695237,396500,292500,7.922072,135816.91794581336
E02002051,695238,397500,292500,8.079844,5066.768830041553
E02002052,693860,399500,294500,8.198721,3739.482101876516
E02002052,693861,400500,294500,8.171953,464574.06046597264
E02002052,693862,401500,294500,8.257259,189806.30584918906
E02002052,694550,399500,293500,8.198053,275850.0561405535
E02002052,694551,400500,293500,8.1839,986524.0022557438
E02002052,694552,401500,293500,8.179895,58958.67429989231
E02002052,695240,399500,292500,8.211285,256516.8826074703
E02002052,695241,400500,292500,8.29926,243889.25944984128
E02002053,693864,403500,294500,8.395402,21323.168466242754
E02002053,693865,404500,294500,8.425713,126649.99394602238
E02002053,694554,403500,293500,8.152674,46852.10981451836
E02002053,694555,404500,293500,8.181949,720684.0068686138
E02002053,695245,404500,292500,8.011644,121492.83640425991
E02002054,693864,403500,294500,8.395402,83.70247153656045
E02002054,694553,402500,293500,8.308478,187623.4031472029
E02002054,694554,403500,293500,8.152674,913401.5065963464
E02002054,694555,404500,293500,8.181949,131079.68304848348
E02002054,695243,402500,292500,8.146437,25068.04405983109
E02002054,695244,403500,292500,7.842943,374783.7821676984
E02002054,695245,404500,292500,8.011644,83358.15796842794
E02002055,693859,398500,294500,8.555716,443362.1619784671
E02002055,693860,399500,294500,8.198721,438962.89336047985
E02002055,693861,400500,294500,8.171953,1091.1154839470319
E02002055,694548,397500,293500,8.140648,256060.17504482807
E02002055,694549,398500,293500,8.491282,962814.9254954251
E02002055,694550,399500,293500,8.198053,724149.9438594464
E02002055,694551,400500,293500,8.1839,919.9105398429464
E02002055,695238,397500,292500,8.079844,83666.02874002872
E02002055,695239,398500,292500,8.16033,356924.6267831785
E02002055,695240,399500,292500,8.211285,277322.82040488144
E02002056,693856,395500,294500,7.808129,32342.16332670479
E02002056,693857,396500,294500,7.935096,200629.14281224558
E02002056,694545,394500,293500,7.767896,5601.339560621574
E02002056,694546,395500,293500,7.879989,567716.5689585092
E02002056,694547,396500,293500,7.928618,578469.1544807996
E02002056,695235,394500,292500,7.76877,104244.17046156341
E02002056,695236,395500,292500,7.901987,453095.24696792685
E02002056,695237,396500,292500,7.922072,107602.79352839607
E02002057,695235,394500,292500,7.76877,140752.81738098283
E02002057,695236,395500,292500,7.901987,546904.753032073
E02002057,695237,396500,292500,7.922072,493505.73024887155
E02002057,695925,394500,291500,7.767907,61205.168509842464
E02002057,695926,395500,291500,7.927598,577929.6822278542
E02002057,695927,396500,291500,8.006979,221109.53605338337
E02002058,694548,397500,293500,8.140648,224823.84321789208
E02002058,695237,396500,292500,7.922072,263074.55827691907
E02002058,695238,397500,292500,8.079844,904059.502695673
E02002058,695239,398500,292500,8.16033,79856.88380208636
E02002058,695926,395500,291500,7.927598,138549.06506436504
E02002058,695927,396500,291500,8.006979,662391.5611322968
E02002058,695928,397500,291500,7.921581,834814.0132404364
E02002058,695929,398500,291500,8.061898,176105.62238134848
E02002058,696616,395500,290500,8.045615,8647.40582517404
E02002058,696617,396500,290500,7.984719,3472.9541065527746
E02002058,696618,397500,290500,7.949799,140123.9532264172
E02002058,696619,398500,290500,8.225819,11245.19941847428
E02002059,694552,401500,293500,8.179895,170.75479296087263
E02002059,694553,402500,293500,8.308478,3493.927233871001
E02002059,695240,399500,292500,8.211285,280131.42077917507
E02002059,695241,400500,292500,8.29926,678591.6276748413
E02002059,695242,401500,292500,8.078526,947122.9403000254
E02002059,695243,402500,292500,8.146437,328073.37016527925
E02002059,695930,399500,291500,8.207173,197138.4478802205
E02002059,695931,400500,291500,8.489053,299027.8603673583
E02002059,695932,401500,291500,8.152788,952362.5095879226
E02002059,695933,402500,291500,8.182482,121498.57777637406
E02002059,696622,401500,290500,8.601493,224913.00032994736
E02002060,695238,397500,292500,8.079844,7207.69973425654
E02002060,695239,398500,292500,8.16033,563218.4894147351
E02002060,695240,399500,292500,8.211285,186028.87620847314
E02002060,695928,397500,291500,7.921581,162214.69170247106
E02002060,695929,398500,291500,8.061898,802485.0756164148
E02002060,695930,399500,291500,8.207173,524007.8393179862
E02002060,696619,398500,290500,8.225819,162680.212356454
E02002060,696620,399500,290500,8.403277,189771.84509644523
E02002061,695930,399500,291500,8.207173,278853.71280179324
E02002061,695931,400500,291500,8.489053,509441.8814058805
E02002061,696619,398500,290500,8.225819,40037.53818269461
E02002061,696620,399500,290500,8.403277,735771.8500474035
E02002061,696621,400500,290500,8.343098,143614.9624537957
E02002061,697310,399500,289500,8.306851,53337.453423792
E02002061,697311,400500,289500,8.471944,61578.91609499713
E02002062,695243,402500,292500,8.146437,18043.68573939638
E02002062,695931,400500,291500,8.489053,191530.25822676113
E02002062,695932,401500,291500,8.152788,47637.490412077364
E02002062,695933,402500,291500,8.182482,733235.7216698737
E02002062,696620,399500,290500,8.403277,6660.6201817995825
E02002062,696621,400500,290500,8.343098,856385.0375462042
E02002062,696622,401500,290500,8.601493,644632.8524702998
E02002062,696623,402500,290500,8.11039,501695.96876454644
E02002062,697311,400500,289500,8.471944,109665.95858169618
E02002062,697312,401500,289500,8.615095,86166.92464712003
E02002063,695926,395500,291500,7.927598,3533.702876308832
E02002063,695927,396500,291500,8.006979,116498.90281431982
E02002063,695928,397500,291500,7.921581,2971.2950570925013
E02002063,695929,398500,291500,8.061898,21409.302002236775
E02002063,696616,395500,290500,8.045615,109584.37655718127
E02002063,696617,396500,290500,7.984719,581671.3513120665
E02002063,696618,397500,290500,7.949799,806898.2657880199
E02002063,696619,398500,290500,8.225819,768326.5193075004
E02002063,696620,399500,290500,8.403277,2031.2058097377294
E02002063,697308,397500,289500,7.900014,202745.93550922384
E02002063,697309,398500,289500,8.02626,803792.7043553904
E02002063,697310,399500,289500,8.306851,3523.127213375609
E02002063,697999,398500,288500,8.142295,274881.2983210689
E02002064,696616,395500,290500,8.045615,18956.528579078564
E02002064,696617,396500,290500,7.984719,364641.97323248186
E02002064,696618,397500,290500,7.949799,52977.78098556283
E02002064,697306,395500,289500,7.783156,7627.118898456717
E02002064,697307,396500,289500,7.743462,570683.5383626585
E02002064,697308,397500,289500,7.900014,797254.064490776
E02002064,697309,398500,289500,8.02626,33451.319717228915
E02002064,697997,396500,288500,7.596174,27781.937235751182
E02002064,697998,397500,288500,7.737399,408929.3663123713
E02002064,697999,398500,288500,8.142295,58109.94921552234
E02002065,696622,401500,290500,8.601493,130454.14719975322
E02002065,696623,402500,290500,8.11039,189950.3983163491
E02002065,697311,400500,289500,8.471944,652895.0847525776
E02002065,697312,401500,289500,8.615095,913833.07535288
E02002065,697313,402500,289500,8.09726,782131.8106766157
E02002065,698001,400500,288500,7.938211,251188.96090888698
E02002065,698002,401500,288500,8.006527,512888.6151659979
E02002065,698003,402500,288500,8.065523,69137.2614182837
E02002066,696619,398500,290500,8.225819,17710.53073487678
E02002066,696620,399500,290500,8.403277,65764.47886461395
E02002066,697309,398500,289500,8.02626,162755.9759273806
E02002066,697310,399500,289500,8.306851,943139.4193628324
E02002066,697311,400500,289500,8.471944,175860.04057072912
E02002066,697999,398500,288500,8.142295,58946.98917688833
E02002066,698000,399500,288500,8.049829,750025.7071959834
E02002066,698001,400500,288500,7.938211,598790.6612544119
E02002066,698691,400500,287500,7.829078,61314.064140206145
E02002067,697306,395500,289500,7.783156,113296.91701177515
E02002067,697307,396500,289500,7.743462,428144.0712103731
E02002067,697996,395500,288500,7.675508,570721.6852329503
E02002067,697997,396500,288500,7.596174,653952.8103817585
E02002067,698686,395500,287500,7.625657,296892.24917435914
E02002067,698687,396500,287500,7.624981,344406.3474211854
E02002067,699377,396500,286500,7.605605,15122.772337793733
E02002069,697998,397500,288500,7.737399,315651.7758933893
E02002069,697999,398500,288500,8.142295,465965.37614191533
E02002069,698688,397500,287500,7.726408,244825.2601839238
E02002069,698689,398500,287500,8.083753,478735.5788081068
E02002070,698002,401500,288500,8.006527,293257.12643254834
E02002070,698003,402500,288500,8.065523,148557.88788634774
E02002070,698692,401500,287500,7.84678,237915.73915102473
E02002070,698693,402500,287500,7.937921,376537.8784669019
E02002071,697307,396500,289500,7.743462,1172.39042696853
E02002071,697997,396500,288500,7.596174,318265.2523824902
E02002071,697998,397500,288500,7.737399,275418.85779423936
E02002071,698687,396500,287500,7.624981,633736.2431900676
E02002071,698688,397500,287500,7.726408,532364.1314232983
E02002071,699377,396500,286500,7.605605,26854.68474527099
E02002071,699378,397500,286500,7.673219,10114.331524020829
E02002072,697999,398500,288500,8.142295,142096.38714460508
E02002072,698000,399500,288500,8.049829,249964.65441565134
E02002072,698001,400500,288500,7.938211,1636.7540882821572
E02002072,698689,398500,287500,8.083753,414609.8465419759
E02002072,698690,399500,287500,7.759147,885707.5804459578
E02002072,699379,398500,286500,7.893172,16608.706929676096
E02002072,699380,399500,286500,7.651554,261361.7420816813
E02002073,698001,400500,288500,7.938211,115672.79816600983
E02002073,698002,401500,288500,8.006527,187889.6634749233
E02002073,698691,400500,287500,7.829078,348669.9451809703
E02002073,698692,401500,287500,7.84678,696615.4860108634
E02002073,698693,402500,287500,7.937921,58698.52286921722
E02002073,699381,400500,286500,7.743321,72103.73658153314
E02002073,699382,401500,286500,7.762521,62714.32493661368
E02002074,698000,399500,288500,8.049829,9.638388365362388
E02002074,698001,400500,288500,7.938211,32710.825582409172
E02002074,698690,399500,287500,7.759147,103601.7115083022
E02002074,698691,400500,287500,7.829078,590015.9906788234
E02002074,699380,399500,286500,7.651554,163800.13751659787
E02002074,699381,400500,286500,7.743321,478092.04466688156
E02002075,698687,396500,287500,7.624981,21817.19832745174
E02002075,698688,397500,287500,7.726408,222810.60839277788
E02002075,698689,398500,287500,8.083753,105825.17082600895
E02002075,699377,396500,286500,7.605605,597544.0629316482
E02002075,699378,397500,286500,7.673219,757431.0119017151
E02002075,699379,398500,286500,7.893172,165785.02842970667
E02002075,700068,397500,285500,7.543668,9554.120083004393
E02002076,698692,401500,287500,7.84678,65468.7748381119
E02002076,698693,402500,287500,7.937921,74697.59824631725
E02002076,699381,400500,286500,7.743321,59261.6090850254
E02002076,699382,401500,286500,7.762521,857763.7144337974
E02002076,699383,402500,286500,7.848351,337470.3102351007
E02002076,700071,400500,285500,7.79452,28448.17529377567
E02002076,700072,401500,285500,7.722935,443691.8473951387
E02002076,700073,402500,285500,7.632945,17205.544364643574
E02002077,698686,395500,287500,7.625657,199093.09663983693
E02002077,698687,396500,287500,7.624981,40.211061295257835
E02002077,699375,394500,286500,7.525129,218498.681599228
E02002077,699376,395500,286500,7.610516,844410.4753428223
E02002077,699377,396500,286500,7.605605,360478.4799852873
E02002077,699378,397500,286500,7.673219,9195.408150689565
E02002077,700065,394500,285500,7.568056,25135.056880939424
E02002077,700066,395500,285500,7.475533,170948.45500697015
E02002077,700067,396500,285500,7.575449,632652.5439521163
E02002077,700068,397500,285500,7.543668,6297.569491343071
E02002078,699380,399500,286500,7.651554,11941.351688716557
E02002078,699381,400500,286500,7.743321,387552.67811824824
E02002078,699382,401500,286500,7.762521,79521.96062958892
E02002078,700071,400500,285500,7.79452,604795.8665066252
E02002078,700072,401500,285500,7.722935,77423.03676159316
E02002079,698689,398500,287500,8.083753,829.4038239083624
E02002079,698690,399500,287500,7.759147,10690.708045739942
E02002079,699379,398500,286500,7.893172,236254.88150908943
E02002079,699380,399500,286500,7.651554,561462.1387704995
E02002079,699381,400500,286500,7.743321,2989.93154831175
E02002079,700070,399500,285500,7.845414,829287.047856061
E02002079,700071,400500,285500,7.79452,235243.87032343363
E02002079,700760,399500,284500,7.757914,52633.45050386259
E02002080,699374,393500,286500,7.427748,83059.39462605376
E02002080,699375,394500,286500,7.525129,211105.04824596999
E02002080,699376,395500,286500,7.610516,85075.08307774867
E02002080,700064,393500,285500,7.442196,185408.46787162096
E02002080,700065,394500,285500,7.568056,726983.9735597307
E02002080,700066,395500,285500,7.475533,825592.9989936618
E02002080,700067,396500,285500,7.575449,149015.29814214265
E02002080,700756,395500,284500,7.24875,146590.38217458577
E02002080,700757,396500,284500,7.355657,17873.603212341717
E02002081,696635,414500,290500,8.240719,204260.93291309034
E02002081,696636,415500,290500,8.254215,464951.2234687362
E02002081,696637,416500,290500,8.125281,167342.71167303735
E02002081,697324,413500,289500,8.104775,94614.45629278234
E02002081,697325,414500,289500,7.925184,593100.3738741326
E02002081,697326,415500,289500,7.892801,331584.28823449474
E02002082,696637,416500,290500,8.125281,245155.19730777296
E02002082,696638,417500,290500,8.013343,90555.10439724142
E02002082,697327,416500,289500,7.795945,220063.7790460444
E02002082,697328,417500,289500,7.918705,141553.93595712067
E02002083,696636,415500,290500,8.254215,133652.13567877738
E02002083,696637,416500,290500,8.125281,261173.23073538474
E02002083,697326,415500,289500,7.892801,374867.2227657648
E02002083,697327,416500,289500,7.795945,576444.1975094383
E02002084,696638,417500,290500,8.013343,43489.36273266778
E02002084,697327,416500,289500,7.795945,104936.59448452893
E02002084,697328,417500,289500,7.918705,554261.1849902046
E02002084,698017,416500,288500,7.69258,184199.56946221818
E02002084,698018,417500,288500,7.790823,521553.8129190802
E02002084,698019,418500,288500,7.693308,51325.24463597889
E02002085,698017,416500,288500,7.69258,390864.043803729
E02002085,698018,417500,288500,7.790823,442417.5177096944
E02002085,698019,418500,288500,7.693308,7968.400795563923
E02002085,698707,416500,287500,7.610271,478448.3599881059
E02002085,698708,417500,287500,7.511094,142278.0216340242
E02002086,698018,417500,288500,7.790823,23353.284222378425
E02002086,698019,418500,288500,7.693308,72298.44979333816
E02002086,698708,417500,287500,7.511094,554383.6165585828
E02002086,698709,418500,287500,7.701816,284515.14199287357
E02002086,699398,417500,286500,7.513204,400426.0495861714
E02002086,699399,418500,286500,7.515726,124910.0866731276
E02002087,698707,416500,287500,7.610271,191867.35781918268
E02002087,698708,417500,287500,7.511094,303338.361807393
E02002087,699397,416500,286500,7.568213,452504.2213275132
E02002087,699398,417500,286500,7.513204,254308.4173038064
E02002088,698709,418500,287500,7.701816,450174.25009461865
E02002088,698710,419500,287500,7.673,14250.413162570858
E02002088,699398,417500,286500,7.513204,165641.4635192225
E02002088,699399,418500,286500,7.515726,793012.5299200875
E02002088,699400,419500,286500,7.810706,157323.78198868418
E02002088,700089,418500,285500,7.263696,99276.84700602204
E02002089,699397,416500,286500,7.568213,41171.891191581824
E02002089,699398,417500,286500,7.513204,179624.06959079974
E02002089,699399,418500,286500,7.515726,82077.38340678497
E02002089,699400,419500,286500,7.810706,420149.7321252466
E02002089,700087,416500,285500,7.43581,644583.9328228931
E02002089,700088,417500,285500,7.386542,1000000.0
E02002089,700089,418500,285500,7.263696,900723.152993978
E02002089,700090,419500,285500,7.509352,839357.4259700421
E02002089,700091,420500,285500,7.448376,812.5318909660741
E02002089,700777,416500,284500,7.464407,457863.68507975055
E02002089,700778,417500,284500,7.42398,1000000.0
E02002089,700779,418500,284500,7.233172,1000000.0
E02002089,700780,419500,284500,7.470138,1000000.0
E02002089,700781,420500,284500,7.267405,432923.94938994554
E02002089,701467,416500,283500,7.638278,451112.9442795997
E02002089,701468,417500,283500,7.383258,1000000.0
E02002089,701469,418500,283500,7.201134,1000000.0
E02002089,701470,419500,283500,7.473623,986930.8706496785
E02002089,701471,420500,283500,7.318422,847913.5549732023
E02002089,701472,421500,283500,7.127916,125238.81233533271
E02002089,702157,416500,282500,7.316885,4595.753240347809
E02002089,702158,417500,282500,7.104589,702716.9200800117
E02002089,702159,418500,282500,7.192734,997162.9540891612
E02002089,702160,419500,282500,7.304449,592939.2568816959
E02002089,702848,417500,281500,6.969249,17104.837841676555
E02002089,702849,418500,281500,6.907816,258293.77769024984
E02002089,702850,419500,281500,7.181702,22434.472538290996
E02002090,700774,413500,284500,7.806666,210781.58044385057
E02002090,700775,414500,284500,7.655122,16344.523705705089
E02002090,701464,413500,283500,7.585111,648264.627867983
E02002090,701465,414500,283500,7.672302,347497.4326211279
E02002090,702154,413500,282500,7.525297,408.60850050702027
E02002091,701465,414500,283500,7.672302,138045.20003083113
E02002091,701466,415500,283500,7.633872,669302.7987788145
E02002091,701467,416500,283500,7.638278,417324.27838349843
E02002091,702155,414500,282500,7.659825,195152.2428738619
E02002091,702156,415500,282500,7.485444,963767.382447771
E02002091,702157,416500,282500,7.316885,798551.7166353652
E02002091,702158,417500,282500,7.104589,15164.895511679764
E02002091,702845,414500,281500,7.35121,85065.11655466825
E02002091,702846,415500,281500,8.490661,24106.993679143874
E02002091,702847,416500,281500,7.252661,6213.141610045737
E02002092,701464,413500,283500,7.585111,71857.54925362351
E02002092,701465,414500,283500,7.672302,374785.5353748891
E02002092,702154,413500,282500,7.525297,366778.70183465513
E02002092,702155,414500,282500,7.659825,797472.0252703667
E02002092,702845,414500,281500,7.35121,67101.18012804196
E02002093,701464,413500,283500,7.585111,63661.32606432553
E02002093,702153,412500,282500,7.553061,196755.82594045321
E02002093,702154,413500,282500,7.525297,451376.4117070128
E02002093,702842,411500,281500,7.527279,31973.15081350541
E02002093,702843,412500,281500,7.425209,605352.3645772962
E02002093,702844,413500,281500,7.391964,238034.92228606922
E02002093,703532,411500,280500,7.410848,45052.91275767015
E02002093,703533,412500,280500,7.232844,24667.65595296303
E02002094,702154,413500,282500,7.525297,180176.9641622653
E02002094,702155,414500,282500,7.659825,7375.731855771379
E02002094,702843,412500,281500,7.425209,75035.36386158937
E02002094,702844,413500,281500,7.391964,693060.5101132223
E02002094,702845,414500,281500,7.35121,196171.61390725488
E02002094,703532,411500,280500,7.410848,78345.78079592527
E02002094,703533,412500,280500,7.232844,628370.497791285
E02002094,703534,413500,280500,7.285672,395237.8729535087
E02002095,702156,415500,282500,7.485444,36232.61755222894
E02002095,702157,416500,282500,7.316885,196852.53012428698
E02002095,702158,417500,282500,7.104589,282118.1844083085
E02002095,702159,418500,282500,7.192734,2837.045910838754
E02002095,702160,419500,282500,7.304449,158095.23562189064
E02002095,702845,414500,281500,7.35121,79052.13868895744
E02002095,702846,415500,281500,8.490661,884187.5237670412
E02002095,702847,416500,281500,7.252661,993786.8583899543
E02002095,702848,417500,281500,6.969249,982895.1621583235
E02002095,702849,418500,281500,6.907816,741706.2223097502
E02002095,702850,419500,281500,7.181702,770284.5854882807
E02002095,702851,420500,281500,6.938353,181590.3435420915
E02002095,703536,415500,280500,7.342186,67414.5807108708
E02002095,703537,416500,280500,7.115872,942327.7441387805
E02002095,703538,417500,280500,6.968361,1000000.0
E02002095,703539,418500,280500,7.081172,1000000.0
E02002095,703540,419500,280500,7.027251,712837.4096805002
E02002095,703541,420500,280500,6.839841,31054.017475507368
E02002095,704227,416500,279500,7.204959,486343.54256188334
E02002095,704228,417500,279500,7.01391,683448.2921472593
E02002095,704229,418500,279500,7.272305,1000000.0
E02002095,704230,419500,279500,6.823935,675269.2970231761
E02002095,704918,417500,278500,7.297238,120795.52572678836
E02002095,704919,418500,278500,7.052829,949386.7259322602
E02002095,704920,419500,278500,6.762832,998383.8095035122
E02002095,704921,420500,278500,6.726416,278085.6998110956
E02002095,705609,418500,277500,6.890472,221791.86084015432
E02002095,705610,419500,277500,6.766431,545300.8818674759
E02002095,705611,420500,277500,6.656932,114906.50641389558
E02002096,702844,413500,281500,7.391964,68904.56760070841
E02002096,702845,414500,281500,7.35121,572609.9507210774
E02002096,702846,415500,281500,8.490661,91705.48255381499
E02002096,703534,413500,280500,7.285672,265102.0692500297
E02002096,703535,414500,280500,7.303937,988206.0443788476
E02002096,703536,415500,280500,7.342186,932585.4192891293
E02002096,703537,416500,280500,7.115872,57672.25586121951
E02002096,704225,414500,279500,7.325986,32595.29461739529
E02002096,704226,415500,279500,7.285593,362131.32124388724
E02002096,704227,416500,279500,7.204959,274162.4234483159
E02002096,704917,416500,278500,7.295249,1473.805737238275
E02002097,700096,425500,285500,7.176591,64992.16712009771
E02002097,700097,426500,285500,7.14965,43089.67354824025
E02002097,700786,425500,284500,6.758805,537152.098386532
E02002097,700787,426500,284500,6.722659,758912.2361725889
E02002097,700788,427500,284500,6.696223,166830.11874751112
E02002097,701470,419500,283500,7.473623,13069.129350321547
E02002097,701471,420500,283500,7.318422,112813.37692598249
E02002097,701472,421500,283500,7.127916,55842.161130667424
E02002097,701475,424500,283500,6.677428,147473.24646715666
E02002097,701476,425500,283500,6.774775,981080.2091280209
E02002097,701477,426500,283500,6.681929,1000000.0
E02002097,701478,427500,283500,6.677009,687730.1775370137
E02002097,702160,419500,282500,7.304449,248965.50749641337
E02002097,702161,420500,282500,6.976675,1000000.0
E02002097,702162,421500,282500,6.875926,747508.7471151113
E02002097,702163,422500,282500,6.7495,212254.2366882745
E02002097,702164,423500,282500,6.789281,710941.2109020889
E02002097,702165,424500,282500,6.81978,890042.8988463783
E02002097,702166,425500,282500,6.829572,1000000.0
E02002097,702167,426500,282500,6.758741,843260.126741013
E02002097,702168,427500,282500,6.705542,355555.28176125616
E02002097,702850,419500,281500,7.181702,207280.9419734282
E02002097,702851,420500,281500,6.938353,818409.6564579085
E02002097,702852,421500,281500,6.748621,1000000.0
E02002097,702853,422500,281500,6.69227,768817.6413521526
E02002097,702854,423500,281500,6.669787,756229.7254318739
E02002097,702855,424500,281500,6.613167,994815.6853352084
E02002097,702856,425500,281500,6.69201,1000000.0
E02002097,702857,426500,281500,6.715334,548321.0081294647
E02002097,703540,419500,280500,7.027251,287162.5903194998
E02002097,703541,420500,280500,6.839841,968945.9825244927
E02002097,703542,421500,280500,6.698447,543269.0132647974
E02002097,703543,422500,280500,6.704286,2469.9473427175626
E02002097,703545,424500,280500,6.552558,412720.0339452086
E02002097,703546,425500,280500,6.693058,952923.6195502925
E02002097,703547,426500,280500,6.703512,760297.8211877348
E02002097,703548,427500,280500,6.794516,2406.2197320198065
E02002097,704230,419500,279500,6.823935,324730.7029768238
E02002097,704231,420500,279500,6.824156,1000000.0
E02002097,704232,421500,279500,6.724174,558107.1695343864
E02002097,704234,423500,279500,6.615909,407.4223911697952
E02002097,704235,424500,279500,6.642891,403044.10271461814
E02002097,704236,425500,279500,6.777435,847365.4458138816
E02002097,704237,426500,279500,6.873309,985894.0935265188
E02002097,704238,427500,279500,7.13419,32616.718204966004
E02002097,704920,419500,278500,6.762832,1616.1904964877617
E02002097,704921,420500,278500,6.726416,721914.3001889044
E02002097,704922,421500,278500,6.694011,948134.4023422408
E02002097,704923,422500,278500,6.669147,144667.80581837497
E02002097,704925,424500,278500,6.643466,25514.665245742664
E02002097,704926,425500,278500,6.810765,180090.68885720166
E02002097,704927,426500,278500,6.780961,70592.89424302058
E02002097,705610,419500,277500,6.766431,322070.34298952937
E02002097,705611,420500,277500,6.656932,885093.4935861045
E02002097,705612,421500,277500,6.654265,1000000.0
E02002097,705613,422500,277500,6.661591,683522.4450746721
E02002097,705614,423500,277500,6.752212,11802.88698315114
E02002097,706299,418500,276500,6.889465,12399.07627546366
E02002097,706300,419500,276500,6.669461,928385.4380892324
E02002097,706301,420500,276500,6.626776,1000000.0
E02002097,706302,421500,276500,6.640102,1000000.0
E02002097,706303,422500,276500,6.596095,467039.6073816251
E02002097,706304,423500,276500,6.671416,1036.0319390812278
E02002097,706989,418500,275500,6.688793,4335.686432908432
E02002097,706990,419500,275500,6.624347,954036.5363471154
E02002097,706991,420500,275500,6.565763,1000000.0
E02002097,706992,421500,275500,6.535204,1000000.0
E02002097,706993,422500,275500,6.522962,946804.8418828774
E02002097,706994,423500,275500,6.509686,801579.4424150797
E02002097,706995,424500,275500,6.561172,578125.4510529804
E02002097,706996,425500,275500,6.665568,4692.9276550383765
E02002097,707680,419500,274500,6.52321,746776.6725924392
E02002097,707681,420500,274500,6.55082,1000000.0
E02002097,707682,421500,274500,6.513796,997714.3194550137
E02002097,707683,422500,274500,6.467397,936699.621248225
E02002097,707684,423500,274500,6.475093,948675.2567116664
E02002097,707685,424500,274500,6.492422,961760.4458749449
E02002097,707686,425500,274500,6.687196,391495.6728004128
E02002097,708370,419500,273500,6.479725,674028.043344079
E02002097,708371,420500,273500,6.494538,981326.3772143347
E02002097,708372,421500,273500,6.478461,553721.7892590272
E02002097,708373,422500,273500,6.422907,4443.164543201954
E02002097,708374,423500,273500,6.454441,261307.56837617554
E02002097,708375,424500,273500,6.474133,185449.45085129593
E02002097,709061,420500,272500,6.51906,65586.68721144824
E02002097,709062,421500,272500,6.475396,59583.24580780204
E02002098,703532,411500,280500,7.410848,262264.45457601495
E02002098,703533,412500,280500,7.232844,275007.49927888764
E02002098,704222,411500,279500,7.428757,198253.11459359888
E02002098,704223,412500,279500,7.337919,959386.4166949863
E02002098,704224,413500,279500,7.291546,112479.15608617052
E02002098,704912,411500,278500,7.254099,1224.8781131726012
E02002098,704913,412500,278500,7.329772,367792.65231136745
E02002098,704914,413500,278500,7.263424,3211.473300096757
E02002099,703533,412500,280500,7.232844,71954.34697686425
E02002099,703534,413500,280500,7.285672,339660.0577964617
E02002099,703535,414500,280500,7.303937,11793.955621152447
E02002099,704223,412500,279500,7.337919,40613.58330501367
E02002099,704224,413500,279500,7.291546,844410.4847572993
E02002099,704225,414500,279500,7.325986,967404.7053826046
E02002099,704226,415500,279500,7.285593,637666.6974273855
E02002099,704227,416500,279500,7.204959,38600.75794348132
E02002099,704914,413500,278500,7.263424,38653.268915852284
E02002099,704915,414500,278500,7.170998,474378.1248493341
E02002099,704916,415500,278500,7.122805,363784.51505756075
E02002101,704220,409500,279500,7.435488,47116.87679268296
E02002101,704221,410500,279500,7.422657,70734.08731431112
E02002101,704909,408500,278500,7.251716,0.1849215321682135
E02002101,704910,409500,278500,7.221942,560400.480118723
E02002101,704911,410500,278500,7.249035,657469.8428558261
E02002101,704912,411500,278500,7.254099,5877.078316520763
E02002101,705601,410500,277500,7.077394,940.2265720500709
E02002102,704224,413500,279500,7.291546,43110.359156530176
E02002102,704913,412500,278500,7.329772,490416.2888059542
E02002102,704914,413500,278500,7.263424,944510.2820948233
E02002102,704915,414500,278500,7.170998,104938.85489218832
E02002102,705602,411500,277500,7.078506,3.1561217062795484
E02002102,705603,412500,277500,7.207413,718802.1910414892
E02002102,705604,413500,277500,7.09239,569201.1040599569
E02002102,706294,413500,276500,7.015713,31.658899693309557
E02002103,704911,410500,278500,7.249035,208819.084058739
E02002103,704912,411500,278500,7.254099,532095.8775548859
E02002103,704913,412500,278500,7.329772,125570.11367413634
E02002103,705601,410500,277500,7.077394,57975.22553972145
E02002103,705602,411500,277500,7.078506,518025.42257803056
E02002103,705603,412500,277500,7.207413,122943.51885632108
E02002104,704226,415500,279500,7.285593,201.98132872722465
E02002104,704227,416500,279500,7.204959,68544.1970568866
E02002104,704914,413500,278500,7.263424,13624.975689227624
E02002104,704915,414500,278500,7.170998,420683.0202584775
E02002104,704916,415500,278500,7.122805,636215.4849424392
E02002104,704917,416500,278500,7.295249,319157.8065502905
E02002104,705604,413500,277500,7.09239,73631.02491656596
E02002104,705605,414500,277500,7.105785,683206.2786698482
E02002104,705606,415500,277500,7.31977,440021.17909281363
E02002104,705607,416500,277500,7.228048,47051.2160881761
E02002104,706295,414500,276500,7.256066,24782.778680560183
E02002105,702853,422500,281500,6.69227,231166.97640086926
E02002105,702854,423500,281500,6.669787,243770.2745681259
E02002105,702855,424500,281500,6.613167,5184.3146647916055
E02002105,703542,421500,280500,6.698447,456730.9867352026
E02002105,703543,422500,280500,6.704286,997530.0526572824
E02002105,703544,423500,280500,6.598829,1000000.0
E02002105,703545,424500,280500,6.552558,587279.9660547915
E02002105,703546,425500,280500,6.693058,47076.38044970749
E02002105,704232,421500,279500,6.724174,441892.8304656136
E02002105,704233,422500,279500,6.692485,1000000.0
E02002105,704234,423500,279500,6.615909,999592.5776088302
E02002105,704235,424500,279500,6.642891,596955.8972853819
E02002105,704236,425500,279500,6.777435,152634.55418611848
E02002105,704237,426500,279500,6.873309,12904.25579155302
E02002105,704238,427500,279500,7.13419,1200.042740543143
E02002105,704922,421500,278500,6.694011,51865.59765775915
E02002105,704923,422500,278500,6.669147,855332.194181625
E02002105,704924,423500,278500,6.715008,1000000.0
E02002105,704925,424500,278500,6.643466,974485.3347542573
E02002105,704926,425500,278500,6.810765,819909.3111427984
E02002105,704927,426500,278500,6.780961,909989.2861641751
E02002105,704928,427500,278500,6.938832,40790.69906191089
E02002105,705613,422500,277500,6.661591,316477.554925328
E02002105,705614,423500,277500,6.752212,988197.1130168488
E02002105,705615,424500,277500,6.720011,1000000.0
E02002105,705616,425500,277500,6.789902,1000000.0
E02002105,705617,426500,277500,6.810987,1000000.0
E02002105,705618,427500,277500,6.898882,185628.25841297852
E02002105,706303,422500,276500,6.596095,532960.392618375
E02002105,706304,423500,276500,6.671416,998963.9680609187
E02002105,706305,424500,276500,6.679,1000000.0
E02002105,706306,425500,276500,6.71946,1000000.0
E02002105,706307,426500,276500,6.734533,904489.7616340347
E02002105,706308,427500,276500,6.865271,76840.88237814941
E02002105,706993,422500,275500,6.522962,53195.15811712265
E02002105,706994,423500,275500,6.509686,198420.5575849204
E02002105,706995,424500,275500,6.561172,421874.5489470195
E02002105,706996,425500,275500,6.665568,995307.0723449616
E02002105,706997,426500,275500,6.697119,600571.6349362953
E02002105,707686,425500,274500,6.687196,192191.0123919058
E02002105,707687,426500,274500,6.681653,17523.625369721427
E02002106,704227,416500,279500,7.204959,132349.07898943283
E02002106,704228,417500,279500,7.01391,316551.7078527407
E02002106,704917,416500,278500,7.295249,679368.3877124712
E02002106,704918,417500,278500,7.297238,879204.4742732117
E02002106,704919,418500,278500,7.052829,50613.27406773983
E02002106,705607,416500,277500,7.228048,779535.8622217944
E02002106,705608,417500,277500,7.087255,1000000.0
E02002106,705609,418500,277500,6.890472,778208.1391598457
E02002106,705610,419500,277500,6.766431,132628.7751429948
E02002106,706297,416500,276500,7.015584,80752.78562264197
E02002106,706298,417500,276500,7.013433,951263.8509966335
E02002106,706299,418500,276500,6.889465,987600.9237245363
E02002106,706300,419500,276500,6.669461,71614.56191076747
E02002106,706987,416500,275500,7.031686,720.9175538295028
E02002106,706988,417500,275500,6.891258,596120.2224018504
E02002106,706989,418500,275500,6.688793,995664.3135670917
E02002106,706990,419500,275500,6.624347,45963.46365288451
E02002106,707678,417500,274500,6.686046,209425.5002555025
E02002106,707679,418500,274500,6.551142,273305.73045451316
E02002106,707680,419500,274500,6.52321,13572.311399639795
E02002107,705604,413500,277500,7.09239,348145.57297274185
E02002107,705605,414500,277500,7.105785,316793.72133015195
E02002107,705606,415500,277500,7.31977,362472.89026606095
E02002107,706294,413500,276500,7.015713,292592.9093365547
E02002107,706295,414500,276500,7.256066,889055.6871244241
E02002107,706296,415500,276500,7.155265,144361.89304505647
E02002107,706985,414500,275500,7.179168,57768.29425213456
E02002108,705606,415500,277500,7.31977,197505.93064112542
E02002108,705607,416500,277500,7.228048,173412.92169002938
E02002108,706295,414500,276500,7.256066,46329.13474489778
E02002108,706296,415500,276500,7.155265,855638.1069549436
E02002108,706297,416500,276500,7.015584,919247.214377358
E02002108,706298,417500,276500,7.013433,48736.14900336649
E02002108,706985,414500,275500,7.179168,278060.1993732018
E02002108,706986,415500,275500,6.82058,1000000.0
E02002108,706987,416500,275500,7.031686,999279.0824461705
E02002108,706988,417500,275500,6.891258,403879.7775981495
E02002108,707675,414500,274500,6.96017,176887.98260033398
E02002108,707676,415500,274500,6.725961,875877.6157198851
E02002108,707677,416500,274500,6.792268,978215.0260966029
E02002108,707678,417500,274500,6.686046,768100.1080344798
E02002108,708365,414500,273500,6.718318,83.64657728722973
E02002108,708366,415500,273500,6.798936,1582.4586969640764
E02002108,708367,416500,273500,6.729027,421703.8966908271
E02002108,708368,417500,273500,6.547158,739680.4646961844
E02002109,705601,410500,277500,7.077394,525773.5739145313
E02002109,705602,411500,277500,7.078506,481971.42130026314
E02002109,705603,412500,277500,7.207413,158254.29010218976
E02002109,705604,413500,277500,7.09239,9022.298050735462
E02002109,706290,409500,276500,6.909411,253937.97006296486
E02002109,706291,410500,276500,6.946619,995572.4773164169
E02002109,706292,411500,276500,7.153602,1000000.0
E02002109,706293,412500,276500,6.967412,1000000.0
E02002109,706294,413500,276500,7.015713,707375.4317637519
E02002109,706295,414500,276500,7.256066,39832.399450117955
E02002109,706980,409500,275500,6.859491,584889.2393564222
E02002109,706981,410500,275500,6.869564,1000000.0
E02002109,706982,411500,275500,6.857665,1000000.0
E02002109,706983,412500,275500,6.920135,1000000.0
E02002109,706984,413500,275500,6.83756,1000000.0
E02002109,706985,414500,275500,7.179168,664171.5063746637
E02002109,707669,408500,274500,6.794388,20909.74179267276
E02002109,707670,409500,274500,6.740781,632897.3569996537
E02002109,707671,410500,274500,6.765971,761666.0119261675
E02002109,707672,411500,274500,6.744218,704510.0178532153
E02002109,707673,412500,274500,6.789355,749317.5714536115
E02002109,707674,413500,274500,7.038356,921413.7800434624
E02002109,707675,414500,274500,6.96017,823112.017399666
E02002109,708364,413500,273500,7.072623,267973.90252539644
E02002109,708365,414500,273500,6.718318,890714.589858377
E02002109,708366,415500,273500,6.798936,190830.2322552525
E02002109,709055,414500,272500,6.675066,152541.38355645642
E02002109,709056,415500,272500,6.729527,358334.4057337373
E02002110,684893,402500,307500,7.313206,26498.05385628238
E02002110,684894,403500,307500,7.163952,64372.66075505524
E02002110,685583,402500,306500,7.255223,66994.31475989145
E02002110,685584,403500,306500,7.440699,776794.0758308383
E02002110,685585,404500,306500,7.49727,413533.4264723445
E02002110,686273,402500,305500,7.268679,231682.56631184748
E02002110,686274,403500,305500,7.306942,1000000.0
E02002110,686275,404500,305500,7.587235,677851.4818768401
E02002110,686963,402500,304500,7.473263,162571.51700709836
E02002110,686964,403500,304500,7.382225,850447.4935296731
E02002110,686965,404500,304500,7.543943,230657.68477954515
E02002110,687653,402500,303500,7.538785,304426.70008831174
E02002110,687654,403500,303500,7.50267,212068.47229362902
E02002110,688343,402500,302500,7.692226,10866.40441357521
E02002111,684895,404500,307500,7.303988,6617.627856216898
E02002111,685585,404500,306500,7.49727,376016.396478088
E02002111,685586,405500,306500,8.090341,546494.1341765854
E02002111,685587,406500,306500,7.62043,80678.1902565269
E02002111,686275,404500,305500,7.587235,322148.5181231599
E02002111,686276,405500,305500,7.630042,535410.7294318203
E02002111,686965,404500,304500,7.543943,282858.623561838
E02002111,686966,405500,304500,7.830139,58304.41006592719
E02002112,686961,400500,304500,7.328538,107960.522088669
E02002112,686962,401500,304500,7.314026,732220.1293113098
E02002112,686963,402500,304500,7.473263,743328.6019605803
E02002112,687651,400500,303500,7.549709,23761.08253495866
E02002112,687652,401500,303500,7.599138,617191.1972533207
E02002112,687653,402500,303500,7.538785,200156.29688223556
E02002113,686276,405500,305500,7.630042,340687.5662408464
E02002113,686277,406500,305500,7.452811,110511.8196467087
E02002113,686964,403500,304500,7.382225,149552.506470327
E02002113,686965,404500,304500,7.543943,486483.69165861694
E02002113,686966,405500,304500,7.830139,818847.0247905676
E02002113,686967,406500,304500,7.631637,171901.1097924203
E02002113,687653,402500,303500,7.538785,84590.85513970697
E02002113,687654,403500,303500,7.50267,773459.2696238499
E02002113,687655,404500,303500,7.827243,993678.8279510101
E02002113,687656,405500,303500,8.087726,285272.2316150133
E02002113,688343,402500,302500,7.692226,36689.31495282257
E02002113,688344,403500,302500,7.831204,51371.911155282185
E02002113,688345,404500,302500,8.659642,223099.25640619826
E02002113,688346,405500,302500,8.238219,34.28249752230121
E02002114,686963,402500,304500,7.473263,5236.368197099284
E02002114,687652,401500,303500,7.599138,338361.02234153973
E02002114,687653,402500,303500,7.538785,410826.1478897456
E02002114,688342,401500,302500,7.660398,228181.31428197713
E02002114,688343,402500,302500,7.692226,763489.0177921203
E02002114,688344,403500,302500,7.831204,7409.678432857036
E02002114,689033,402500,301500,7.815932,46681.22020958492
E02002115,686960,399500,304500,7.240206,138070.39374720628
E02002115,686961,400500,304500,7.328538,379878.1440075652
E02002115,687650,399500,303500,7.424332,276190.16053959454
E02002115,687651,400500,303500,7.549709,976238.9174650413
E02002115,687652,401500,303500,7.599138,44447.78040513964
E02002115,688340,399500,302500,7.701602,96173.6809344719
E02002115,688341,400500,302500,7.797422,715221.8355005688
E02002115,688342,401500,302500,7.660398,190849.00387760522
E02002116,686966,405500,304500,7.830139,85371.81585977046
E02002116,687655,404500,303500,7.827243,6321.172048989831
E02002116,687656,405500,303500,8.087726,713990.9189729596
E02002116,687657,406500,303500,7.712888,445320.19167190784
E02002116,687658,407500,303500,7.419394,560.041686708082
E02002116,688345,404500,302500,8.659642,211743.53860463647
E02002116,688346,405500,302500,8.238219,649500.5347562013
E02002116,688347,406500,302500,7.863749,938041.7924377476
E02002116,688348,407500,302500,7.49462,65267.98003397607
E02002116,689036,405500,301500,9.505846,43174.35358152099
E02002116,689037,406500,301500,7.73355,157045.79627651913
E02002117,686960,399500,304500,7.240206,9411.512620321057
E02002117,687649,398500,303500,7.3907,31882.071478027883
E02002117,687650,399500,303500,7.424332,642531.430025598
E02002117,688339,398500,302500,7.776321,35631.42221870797
E02002117,688340,399500,302500,7.701602,519322.6272680219
E02002117,689029,398500,301500,8.011477,194672.27493841684
E02002117,689030,399500,301500,7.800824,334016.58523796557
E02002118,687649,398500,303500,7.3907,188888.67449422833
E02002118,687650,399500,303500,7.424332,46108.19782259734
E02002118,688338,397500,302500,7.885117,92826.02776782084
E02002118,688339,398500,302500,7.776321,947003.5051888163
E02002118,688340,399500,302500,7.701602,304301.65601158794
E02002118,689029,398500,301500,8.011477,220454.2146347454
E02002118,689030,399500,301500,7.800824,568.497804557077
E02002119,687654,403500,303500,7.50267,14472.25808252106
E02002119,688343,402500,302500,7.692226,178816.90632429085
E02002119,688344,403500,302500,7.831204,773450.650042112
E02002119,689033,402500,301500,7.815932,390203.9270056206
E02002119,689034,403500,301500,7.969343,236312.30016568842
E02002120,688337,396500,302500,7.454093,203985.34439589424
E02002120,688338,397500,302500,7.885117,342541.66724814917
E02002120,689027,396500,301500,7.606766,252977.36996359157
E02002120,689028,397500,301500,7.750547,341069.9449870649
E02002120,689717,396500,300500,7.698956,22813.75674779506
E02002121,688340,399500,302500,7.701602,80202.03578591827
E02002121,688341,400500,302500,7.797422,284778.16449943115
E02002121,688342,401500,302500,7.660398,136474.22889775154
E02002121,689030,399500,301500,7.800824,54217.59237405806
E02002121,689031,400500,301500,7.937169,565998.7313795119
E02002121,689032,401500,301500,7.865,88190.4508843846
E02002121,689721,400500,300500,8.091059,5243.645134237206
E02002122,688342,401500,302500,7.660398,441472.04792058526
E02002122,688343,402500,302500,7.692226,6328.60519263897
E02002122,689031,400500,301500,7.937169,229464.19421226982
E02002122,689032,401500,301500,7.865,565686.694633092
E02002122,689033,402500,301500,7.815932,101.10972213908747
E02002122,689721,400500,300500,8.091059,175649.6828325198
E02002122,689722,401500,300500,8.043025,158711.68777990466
E02002123,688338,397500,302500,7.885117,24830.64201958474
E02002123,688339,398500,302500,7.776321,12917.498762189465
E02002123,689027,396500,301500,7.606766,35972.974814112284
E02002123,689028,397500,301500,7.750547,637462.0091741312
E02002123,689029,398500,301500,8.011477,272205.1154550923
E02002123,689717,396500,300500,7.698956,20372.88684658592
E02002123,689718,397500,300500,7.824492,184478.6290401362
E02002124,688345,404500,302500,8.659642,220363.71623222975
E02002124,688346,405500,302500,8.238219,350465.1827462764
E02002124,688347,406500,302500,7.863749,61958.20756225235
E02002124,688348,407500,302500,7.49462,371622.36938864435
E02002124,689035,404500,301500,9.460687,128095.59671929694
E02002124,689036,405500,301500,9.505846,949917.9469258233
E02002124,689037,406500,301500,7.73355,842954.2037234809
E02002124,689038,407500,301500,7.402365,829724.5982462785
E02002124,689725,404500,300500,8.423771,339672.11222234974
E02002124,689726,405500,300500,7.959198,546794.5640876445
E02002124,689727,406500,300500,7.565717,673747.9504112959
E02002124,689728,407500,300500,7.395343,439287.5982301961
E02002125,688344,403500,302500,7.831204,167767.76036974863
E02002125,688345,404500,302500,8.659642,344793.4887569355
E02002125,689033,402500,301500,7.815932,289843.8851350668
E02002125,689034,403500,301500,7.969343,763687.6998343116
E02002125,689035,404500,301500,9.460687,871904.403280703
E02002125,689036,405500,301500,9.505846,6907.6994926556035
E02002125,689723,402500,300500,7.966721,694515.1278795925
E02002125,689724,403500,300500,7.898726,761594.986056297
E02002125,689725,404500,300500,8.423771,297764.9316274891
E02002125,689726,405500,300500,7.959198,1329.3134077326583
E02002125,690414,403500,299500,7.95076,7677.8915560780815
E02002126,689029,398500,301500,8.011477,156331.1473943482
E02002126,689030,399500,301500,7.800824,611197.3245834191
E02002126,689031,400500,301500,7.937169,204537.07440821826
E02002126,689719,398500,300500,7.998602,104296.13333592104
E02002126,689720,399500,300500,8.000861,511722.2702284435
E02002126,689721,400500,300500,8.091059,518915.6627260416
E02002127,688342,401500,302500,7.660398,3023.4050220808367
E02002127,688343,402500,302500,7.692226,3809.7513245521686
E02002127,689032,401500,301500,7.865,346122.8544825235
E02002127,689033,402500,301500,7.815932,273169.8579275886
E02002127,689721,400500,300500,8.091059,180622.3352978728
E02002127,689722,401500,300500,8.043025,831608.8905821351
E02002127,689723,402500,300500,7.966721,118467.65984726066
E02002127,690411,400500,299500,8.30907,275968.8904608435
E02002127,690412,401500,299500,8.219405,436566.9820014336
E02002128,689028,397500,301500,7.750547,21468.045838804188
E02002128,689029,398500,301500,8.011477,156337.24757739733
E02002128,689718,397500,300500,7.824492,452613.1346276399
E02002128,689719,398500,300500,7.998602,879118.4472236115
E02002128,689720,399500,300500,8.000861,1211.1098184462865
E02002128,690408,397500,299500,7.919569,244674.63383318196
E02002128,690409,398500,299500,7.994841,258338.61914480725
E02002128,690410,399500,299500,8.333825,6115.690011965495
E02002129,689716,395500,300500,7.728429,769.2471575439492
E02002129,689717,396500,300500,7.698956,524070.8854274296
E02002129,689718,397500,300500,7.824492,362908.23633222387
E02002129,690406,395500,299500,7.684206,28787.86902957773
E02002129,690407,396500,299500,7.824136,469091.0885702978
E02002129,690408,397500,299500,7.919569,391398.8730938791
E02002130,689719,398500,300500,7.998602,16585.419440467445
E02002130,689720,399500,300500,8.000861,487066.6199531102
E02002130,689721,400500,300500,8.091059,110435.42751763779
E02002130,690410,399500,299500,8.333825,649441.8551847256
E02002130,690411,400500,299500,8.30907,376946.9829721739
E02002131,689724,403500,300500,7.898726,231375.16741526025
E02002131,689725,404500,300500,8.423771,362562.95615016116
E02002131,689726,405500,300500,7.959198,451876.12250462285
E02002131,689727,406500,300500,7.565717,326252.0495887041
E02002131,689728,407500,300500,7.395343,88752.86593849152
E02002131,690414,403500,299500,7.95076,201574.02512354116
E02002131,690415,404500,299500,7.820394,978922.6093608994
E02002131,690416,405500,299500,7.69772,1000000.0
E02002131,690417,406500,299500,7.486661,1000000.0
E02002131,690418,407500,299500,7.460807,386407.7940411535
E02002131,691105,404500,298500,7.690915,637468.9867610197
E02002131,691106,405500,298500,7.624857,895643.8922584226
E02002131,691107,406500,298500,7.541535,922631.1001059929
E02002131,691108,407500,298500,7.612066,457373.391631004
E02002131,691796,405500,297500,7.590479,4802.184537184921
E02002131,691797,406500,297500,7.558648,407285.59187364945
E02002132,690408,397500,299500,7.919569,121393.98992422101
E02002132,690409,398500,299500,7.994841,741661.3808551928
E02002132,690410,399500,299500,8.333825,70673.10740002758
E02002132,691098,397500,298500,8.115582,24146.17205662514
E02002132,691099,398500,298500,8.301686,402643.1630698637
E02002132,691100,399500,298500,8.660994,54072.68368392263
E02002133,689722,401500,300500,8.043025,9679.421637960202
E02002133,689723,402500,300500,7.966721,187017.212273147
E02002133,689724,403500,300500,7.898726,7029.84652844272
E02002133,690412,401500,299500,8.219405,438182.0892337337
E02002133,690413,402500,299500,8.147819,1000000.0
E02002133,690414,403500,299500,7.95076,790748.0833203809
E02002133,690415,404500,299500,7.820394,21077.390639100497
E02002133,691102,401500,298500,8.40524,265032.36722743575
E02002133,691103,402500,298500,8.510964,246712.7311622097
E02002133,691104,403500,298500,7.858032,535167.461484028
E02002133,691105,404500,298500,7.690915,19106.61178574903
E02002134,690406,395500,299500,7.684206,588429.4721003373
E02002134,690407,396500,299500,7.824136,530908.9114297021
E02002134,690408,397500,299500,7.919569,40725.7690911577
E02002134,691095,394500,298500,7.750593,22360.96246432251
E02002134,691096,395500,298500,7.890416,686190.5067946367
E02002134,691097,396500,298500,8.027097,516321.5656269896
E02002134,691098,397500,298500,8.115582,148405.88790684764
E02002134,691786,395500,297500,7.98153,5459.924175111379
E02002134,691787,396500,297500,8.324898,7629.858739167683
E02002135,690410,399500,299500,8.333825,273769.34740328137
E02002135,690411,400500,299500,8.30907,92464.46513579154
E02002135,691100,399500,298500,8.660994,796910.6750539622
E02002135,691101,400500,298500,8.529215,767917.270011182
E02002135,691102,401500,298500,8.40524,31835.31278583556
E02002135,691790,399500,297500,8.667095,116591.96319332771
E02002135,691791,400500,297500,8.534142,81539.05971924916
E02002136,690408,397500,299500,7.919569,201806.73405756024
E02002136,691096,395500,298500,7.890416,14997.249092342614
E02002136,691097,396500,298500,8.027097,483678.4343730105
E02002136,691098,397500,298500,8.115582,779211.8750731066
E02002136,691099,398500,298500,8.301686,28717.619645684346
E02002136,691787,396500,297500,8.324898,596134.781859396
E02002136,691788,397500,297500,8.256726,170034.14784164412
E02002137,689728,407500,300500,7.395343,11400.61148626431
E02002137,690418,407500,299500,7.460807,521604.32456266356
E02002137,690419,408500,299500,7.36627,66944.58687640625
E02002137,691108,407500,298500,7.612066,494631.64952735655
E02002137,691109,408500,298500,7.510983,541106.4868473123
E02002137,691798,407500,297500,7.707294,417516.6139476889
E02002137,691799,408500,297500,7.556925,109338.72378934393
E02002138,691102,401500,298500,8.40524,21274.0888468165
E02002138,691103,402500,298500,8.510964,740372.520408746
E02002138,691104,403500,298500,7.858032,244853.20086910273
E02002138,691792,401500,297500,8.373517,8212.112273278955
E02002138,691793,402500,297500,8.208697,521349.28936671815
E02002138,691794,403500,297500,7.972814,264375.2230480282
E02002139,689721,400500,300500,8.091059,9133.24649169084
E02002139,690411,400500,299500,8.30907,254619.6614311911
E02002139,690412,401500,299500,8.219405,125250.92876483267
E02002139,691101,400500,298500,8.529215,176109.08112706163
E02002139,691102,401500,298500,8.40524,681858.2311399123
E02002139,691103,402500,298500,8.510964,12914.748429044324
E02002139,691791,400500,297500,8.534142,45420.57120441186
E02002139,691792,401500,297500,8.373517,634786.9196584797
E02002139,691793,402500,297500,8.208697,322490.6970579003
E02002139,692482,401500,296500,8.439548,20629.3041974714
E02002139,692483,402500,296500,8.098498,80025.9131366669
E02002140,691100,399500,298500,8.660994,74398.72787695326
E02002140,691101,400500,298500,8.529215,55973.64886175637
E02002140,691789,398500,297500,8.518149,42424.47376153133
E02002140,691790,399500,297500,8.667095,864621.6828482184
E02002140,691791,400500,297500,8.534142,449250.62944476213
E02002140,692480,399500,296500,8.586011,287261.80106506543
E02002140,692481,400500,296500,8.65165,146016.5568185039
E02002141,691107,406500,298500,7.541535,77368.89989400718
E02002141,691108,407500,298500,7.612066,47994.95884163946
E02002141,691797,406500,297500,7.558648,447519.959319751
E02002141,691798,407500,297500,7.707294,582483.3860523112
E02002141,691799,408500,297500,7.556925,301382.1082441536
E02002141,692487,406500,296500,7.671115,319162.688136234
E02002141,692488,407500,296500,7.790428,787695.8424854885
E02002141,692489,408500,296500,7.687863,89100.1400961284
E02002141,693178,407500,295500,8.059727,2383.7732966466892
E02002142,691098,397500,298500,8.115582,48236.06496342021
E02002142,691099,398500,298500,8.301686,568639.2172844519
E02002142,691100,399500,298500,8.660994,74617.91338516184
E02002142,691788,397500,297500,8.256726,312304.69002643006
E02002142,691789,398500,297500,8.518149,957575.5262384687
E02002142,691790,399500,297500,8.667095,18786.35395845387
E02002142,692478,397500,296500,8.692925,191788.2162941113
E02002142,692479,398500,296500,8.260265,434414.96701674245
E02002142,692480,399500,296500,8.586011,78877.05660621537
E02002143,691791,400500,297500,8.534142,423789.7396315769
E02002143,691792,401500,297500,8.373517,333182.0311918111
E02002143,692481,400500,296500,8.65165,613997.9332430689
E02002143,692482,401500,296500,8.439548,270440.358080776
E02002143,693171,400500,295500,8.261272,374.236389844102
E02002143,693172,401500,295500,8.604938,655.3936140118764
E02002144,691793,402500,297500,8.208697,156160.01357538163
E02002144,691794,403500,297500,7.972814,588234.0260359433
E02002144,691795,404500,297500,7.718822,255751.77096150495
E02002144,692483,402500,296500,8.098498,124101.21144790188
E02002144,692484,403500,296500,7.980346,876573.9913371488
E02002144,692485,404500,296500,7.76546,440254.93132018764
E02002144,693174,403500,295500,8.015204,278327.51509840495
E02002144,693175,404500,295500,8.153957,106643.43400167917
E02002145,691787,396500,297500,8.324898,62506.28636624696
E02002145,691788,397500,297500,8.256726,488320.70723235403
E02002145,692478,397500,296500,8.692925,474005.9504092911
E02002145,692479,398500,296500,8.260265,166578.8922469965
E02002145,693168,397500,295500,8.103648,53745.07437435347
E02002145,693169,398500,295500,8.247268,22127.13335437561
E02002146,691792,401500,297500,8.373517,23818.93687643009
E02002146,692482,401500,296500,8.439548,708930.3377217527
E02002146,692483,402500,296500,8.098498,756445.4310812204
E02002146,692484,403500,296500,7.980346,119534.02289306241
E02002146,693172,401500,295500,8.604938,328406.78722498304
E02002146,693173,402500,295500,8.263715,90930.55343046882
E02002146,693174,403500,295500,8.015204,1047.1083220616874
E02002147,691787,396500,297500,8.324898,39365.1389853211
E02002147,691788,397500,297500,8.256726,29340.454899571723
E02002147,692477,396500,296500,8.192264,618096.4195539196
E02002147,692478,397500,296500,8.692925,334205.8332965975
E02002147,693166,395500,295500,7.897385,9214.505211398586
E02002147,693167,396500,295500,8.015283,766073.9258756505
E02002147,693168,397500,295500,8.103648,543518.9076354356
E02002147,693857,396500,294500,7.935096,22949.28484333065
E02002147,693858,397500,294500,8.033969,221.15757160814027
E02002148,691104,403500,298500,7.858032,219979.33764686921
E02002148,691105,404500,298500,7.690915,343424.4014532315
E02002148,691106,405500,298500,7.624857,104356.10774157739
E02002148,691794,403500,297500,7.972814,147390.7509160284
E02002148,691795,404500,297500,7.718822,744248.229038495
E02002148,691796,405500,297500,7.590479,995197.8154628151
E02002148,691797,406500,297500,7.558648,145194.4488065995
E02002148,692485,404500,296500,7.76546,559745.0686798124
E02002148,692486,405500,296500,7.703788,1000000.0
E02002148,692487,406500,296500,7.671115,680837.3118637659
E02002148,692488,407500,296500,7.790428,34837.22569289453
E02002148,693175,404500,295500,8.153957,336638.8168784476
E02002148,693176,405500,295500,7.954634,999789.5179937279
E02002148,693177,406500,295500,8.089628,882260.5442047573
E02002148,693178,407500,295500,8.059727,85991.86709808337
E02002148,693866,405500,294500,8.495646,300193.74968301546
E02002148,693867,406500,294500,8.332928,20210.322296907365
E02002149,686952,391500,304500,7.330455,184889.69703611807
E02002149,686953,392500,304500,7.34806,284736.67084526725
E02002149,686954,393500,304500,7.270256,41821.071040652576
E02002149,687642,391500,303500,7.384465,449782.0891937126
E02002149,687643,392500,303500,7.140258,999693.703064373
E02002149,687644,393500,303500,7.102287,285368.0820013087
E02002149,688332,391500,302500,7.24919,591306.5747410972
E02002149,688333,392500,302500,7.1474,738677.2229697508
E02002149,688334,393500,302500,7.224062,1279.7696290000406
E02002149,689022,391500,301500,7.406773,11869.490672920852
E02002149,689023,392500,301500,7.384774,9398.572110947884
E02002150,686952,391500,304500,7.330455,172256.82642598468
E02002150,687640,389500,303500,6.59305,44853.80236778017
E02002150,687641,390500,303500,6.935016,559012.1718245458
E02002150,687642,391500,303500,7.384465,548990.0518072295
E02002150,688331,390500,302500,7.072053,435478.2218383485
E02002150,688332,391500,302500,7.24919,265375.17589787947
E02002151,687640,389500,303500,6.59305,82116.23160566049
E02002151,687641,390500,303500,6.935016,56779.677389196484
E02002151,688330,389500,302500,6.828996,633201.1839223828
E02002151,688331,390500,302500,7.072053,277784.18256235716
E02002151,689020,389500,301500,6.830555,75309.9962509627
E02002152,687643,392500,303500,7.140258,306.29693562700913
E02002152,687644,393500,303500,7.102287,140798.0778536462
E02002152,688333,392500,302500,7.1474,165285.61586688695
E02002152,688334,393500,302500,7.224062,779955.2732957824
E02002152,688335,394500,302500,7.249239,91224.96365069516
E02002152,689023,392500,301500,7.384774,199448.7137206401
E02002152,689024,393500,301500,7.437703,237344.4963595237
E02002152,689025,394500,301500,7.404777,91875.26528657177
E02002153,688336,395500,302500,7.373855,244719.53525496574
E02002153,688337,396500,302500,7.454093,436156.7325193148
E02002153,689026,395500,301500,7.538965,412198.9519678759
E02002153,689027,396500,301500,7.606766,411484.9841439422
E02002154,688331,390500,302500,7.072053,262934.88335330127
E02002154,688332,391500,302500,7.24919,143318.24936102348
E02002154,689021,390500,301500,7.035038,739776.3865565031
E02002154,689022,391500,301500,7.406773,822371.5470907073
E02002154,689023,392500,301500,7.384774,4554.9221889757755
E02002154,689711,390500,300500,7.230595,118280.14627099482
E02002154,689712,391500,300500,7.423315,241066.4472109524
E02002155,688333,392500,302500,7.1474,96037.1611633623
E02002155,689022,391500,301500,7.406773,165758.96223637174
E02002155,689023,392500,301500,7.384774,621603.134819527
E02002155,689712,391500,300500,7.423315,107815.66033200952
E02002155,689713,392500,300500,7.525075,39309.62583139856
E02002156,688334,393500,302500,7.224062,3855.298989162727
E02002156,689024,393500,301500,7.437703,730746.1030362085
E02002156,689025,394500,301500,7.404777,425162.86842230696
E02002156,689714,393500,300500,7.501764,264106.9928504306
E02002156,689715,394500,300500,7.602987,138167.50869818253
E02002157,688329,388500,302500,6.527739,110576.4004327646
E02002157,688330,389500,302500,6.828996,183780.9581512884
E02002157,688331,390500,302500,7.072053,23802.712245993174
E02002157,689019,388500,301500,6.529071,455067.09103257913
E02002157,689020,389500,301500,6.830555,924690.0037490373
E02002157,689021,390500,301500,7.035038,240394.71318291087
E02002157,689709,388500,300500,6.65271,507794.61444873206
E02002157,689710,389500,300500,6.975537,721217.8384667776
E02002157,689711,390500,300500,7.230595,33383.58082307011
E02002157,690400,389500,299500,7.079557,5039.643279504337
E02002158,689025,394500,301500,7.404777,206830.23421189142
E02002158,689026,395500,301500,7.538965,401016.5854519721
E02002158,689027,396500,301500,7.606766,299564.67107835395
E02002158,689715,394500,300500,7.602987,59633.532291378506
E02002158,689716,395500,300500,7.728429,463864.8855429476
E02002158,689717,396500,300500,7.698956,203752.61733492906
E02002159,689023,392500,301500,7.384774,164994.6571599092
E02002159,689024,393500,301500,7.437703,8884.197115419018
E02002159,689712,391500,300500,7.423315,59996.775609037846
E02002159,689713,392500,300500,7.525075,856430.1908563505
E02002159,689714,393500,300500,7.501764,23879.218623441924
E02002159,690403,392500,299500,7.809174,61539.54372885831
E02002160,689025,394500,301500,7.404777,411.3010645312621
E02002160,689714,393500,300500,7.501764,3814.9561900465183
E02002160,689715,394500,300500,7.602987,671673.946316599
E02002160,689716,395500,300500,7.728429,535365.8672995084
E02002160,689717,396500,300500,7.698956,228989.8536432603
E02002160,690404,393500,299500,7.631588,372030.28039488476
E02002160,690405,394500,299500,8.38037,988371.4983490222
E02002160,690406,395500,299500,7.684206,382782.65887008497
E02002160,691095,394500,298500,7.750593,126416.12595105528
E02002160,691096,395500,298500,7.890416,6068.87007546379
E02002161,689021,390500,301500,7.035038,19828.90026058605
E02002161,689710,389500,300500,6.975537,270368.86239269096
E02002161,689711,390500,300500,7.230595,837823.3364931247
E02002161,689712,391500,300500,7.423315,454797.749311422
E02002161,690400,389500,299500,7.079557,170003.72954300643
E02002161,690401,390500,299500,7.424208,160271.3391660759
E02002161,690402,391500,299500,7.639444,83109.56261013556
E02002162,689017,386500,301500,6.308545,4344.566779220791
E02002162,689018,387500,301500,6.372561,69853.69137560626
E02002162,689019,388500,301500,6.529071,63085.519941974
E02002162,689707,386500,300500,6.357363,38500.58350764351
E02002162,689708,387500,300500,6.541755,825810.0103450224
E02002162,689709,388500,300500,6.65271,492083.0394273154
E02002162,689710,389500,300500,6.975537,8413.299140531442
E02002162,690398,387500,299500,6.627413,531951.6389560133
E02002162,690399,388500,299500,6.793533,817093.9867529803
E02002162,690400,389500,299500,7.079557,52574.081994347056
E02002162,691088,387500,298500,6.651085,22408.346570792935
E02002162,691089,388500,298500,6.85672,28141.744606235632
E02002163,689024,393500,301500,7.437703,23025.203488848543
E02002163,689025,394500,301500,7.404777,28862.361403360308
E02002163,689713,392500,300500,7.525075,101802.30299426895
E02002163,689714,393500,300500,7.501764,708198.832336081
E02002163,689715,394500,300500,7.602987,130525.01269383995
E02002163,690403,392500,299500,7.809174,828016.054673965
E02002163,690404,393500,299500,7.631588,324847.23625010264
E02002163,690405,394500,299500,8.38037,343.3653888533475
E02002163,691093,392500,298500,7.821322,172934.854040915
E02002164,689711,390500,300500,7.230595,10512.936412810417
E02002164,689712,391500,300500,7.423315,26332.48458592342
E02002164,690401,390500,299500,7.424208,363009.6661485785
E02002164,690402,391500,299500,7.639444,321182.5654767011
E02002165,690399,388500,299500,6.793533,9764.860093550917
E02002165,690400,389500,299500,7.079557,596917.1880767519
E02002165,690401,390500,299500,7.424208,476718.9946853456
E02002165,690402,391500,299500,7.639444,10960.171133836113
E02002165,691090,389500,298500,6.997397,116140.07640963771
E02002165,691091,390500,298500,7.387088,422823.9514593284
E02002165,691092,391500,298500,7.85017,12771.157740309422
E02002166,690403,392500,299500,7.809174,20191.793498886065
E02002166,690404,393500,299500,7.631588,303122.4833550126
E02002166,690405,394500,299500,8.38037,10404.694275223068
E02002166,691093,392500,298500,7.821322,459997.6174061811
E02002166,691094,393500,298500,7.778869,998069.4311003762
E02002166,691095,394500,298500,7.750593,118090.8209994293
E02002166,691783,392500,297500,7.750969,228462.95951099633
E02002166,691784,393500,297500,7.657616,620476.9677911117
E02002166,691785,394500,297500,7.723939,65748.21190908582
E02002167,690397,386500,299500,6.500604,4649.653366243331
E02002167,690398,387500,299500,6.627413,154045.24130055777
E02002167,690399,388500,299500,6.793533,21782.106411401022
E02002167,691087,386500,298500,6.471598,639092.4866352511
E02002167,691088,387500,298500,6.651085,976480.7563440109
E02002167,691089,388500,298500,6.85672,344181.2003761207
E02002167,691777,386500,297500,6.51201,79493.31896128817
E02002167,691778,387500,297500,6.575173,337632.016289169
E02002167,691779,388500,297500,6.79599,35588.84907681672
E02002168,689712,391500,300500,7.423315,109990.88295065479
E02002168,689713,392500,300500,7.525075,2457.8803179819424
E02002168,690402,391500,299500,7.639444,584747.7007793272
E02002168,690403,392500,299500,7.809174,90252.60809829077
E02002168,691090,389500,298500,6.997397,36257.392448610895
E02002168,691091,390500,298500,7.387088,560910.9739345991
E02002168,691092,391500,298500,7.85017,781546.7986829103
E02002168,691093,392500,298500,7.821322,164678.70153482293
E02002168,691780,389500,297500,7.047572,92205.69166546702
E02002168,691781,390500,297500,7.440263,631431.3357091113
E02002168,691782,391500,297500,7.653575,5210.738708012821
E02002169,690399,388500,299500,6.793533,151359.0467420677
E02002169,690400,389500,299500,7.079557,175465.3571063902
E02002169,691089,388500,298500,6.85672,627677.0550176437
E02002169,691090,389500,298500,6.997397,845456.711124723
E02002169,691091,390500,298500,7.387088,16265.074606072496
E02002169,691779,388500,297500,6.79599,576138.9612559053
E02002169,691780,389500,297500,7.047572,415329.1153350947
E02002169,692469,388500,296500,6.76191,93377.5976941267
E02002169,692470,389500,296500,6.929536,10227.85737205608
E02002170,691095,394500,298500,7.750593,35218.83989916139
E02002170,691096,395500,298500,7.890416,270135.31260898756
E02002170,691785,394500,297500,7.723939,54276.68820900127
E02002170,691786,395500,297500,7.98153,681057.0573958142
E02002170,691787,396500,297500,8.324898,106591.09354565488
E02002170,692476,395500,296500,8.830085,1450.1934131525236
E02002171,690405,394500,299500,8.38037,880.4419869013195
E02002171,691094,393500,298500,7.778869,1930.568899623826
E02002171,691095,394500,298500,7.750593,697913.2506860316
E02002171,691096,395500,298500,7.890416,22608.061428569337
E02002171,691784,393500,297500,7.657616,139088.39632977528
E02002171,691785,394500,297500,7.723939,797208.0042250981
E02002171,691786,395500,297500,7.98153,50131.31420685408
E02002171,692474,393500,296500,7.746175,1119.1037706896059
E02002171,692475,394500,296500,7.911831,97460.11994078786
E02002174,691090,389500,298500,6.997397,2145.820017028339
E02002174,691780,389500,297500,7.047572,492465.1929994382
E02002174,691781,390500,297500,7.440263,186954.50991787907
E02002174,692469,388500,296500,6.76191,0.8488162436066553
E02002174,692470,389500,296500,6.929536,800504.4306813296
E02002174,692471,390500,296500,7.272457,235726.29448622436
E02002174,693160,389500,295500,6.865277,2067.2420236664907
E02002174,693161,390500,295500,7.019291,16441.270327976104
E02002175,691785,394500,297500,7.723939,82767.0956568149
E02002175,691786,395500,297500,7.98153,263351.70422222046
E02002175,691787,396500,297500,8.324898,187772.84050421335
E02002175,692475,394500,296500,7.911831,293203.77082056174
E02002175,692476,395500,296500,8.830085,889528.5822954314
E02002175,692477,396500,296500,8.192264,381903.5804460804
E02002175,693166,395500,295500,7.897385,64230.97916111819
E02002175,693167,396500,295500,8.015283,47871.43723548251
E02002176,691778,387500,297500,6.575173,124077.30653525022
E02002176,691779,388500,297500,6.79599,388272.1896672779
E02002176,692468,387500,296500,6.480082,33966.927788134584
E02002176,692469,388500,296500,6.76191,686644.4132869329
E02002176,693159,388500,295500,6.74133,256963.7222286249
E02002177,691783,392500,297500,7.750969,141157.14305705787
E02002177,691784,393500,297500,7.657616,240434.63587911316
E02002177,692473,392500,296500,7.626258,564202.9000178872
E02002177,692474,393500,296500,7.746175,868076.4360292754
E02002177,692475,394500,296500,7.911831,564624.6346661298
E02002177,693164,393500,295500,7.734616,241387.1104396256
E02002177,693165,394500,295500,7.775681,695061.7802195486
E02002177,693855,394500,294500,7.776303,49338.99152532663
E02002178,692470,389500,296500,6.929536,217.42092196840815
E02002178,692471,390500,296500,7.272457,565617.465728724
E02002178,692472,391500,296500,7.484047,670055.3274371531
E02002178,692473,392500,296500,7.626258,4659.350382639159
E02002178,693160,389500,295500,6.865277,8081.642666379756
E02002178,693161,390500,295500,7.019291,487779.7765063686
E02002178,693162,391500,295500,7.257318,629405.1993826384
E02002178,693163,392500,295500,7.63933,4958.616371995104
E02002179,692469,388500,296500,6.76191,136956.425979302
E02002179,692470,389500,296500,6.929536,189050.29102464582
E02002179,692471,390500,296500,7.272457,3554.0102469158364
E02002179,693159,388500,295500,6.74133,379328.53663833166
E02002179,693160,389500,295500,6.865277,778634.6677591086
E02002179,693161,390500,295500,7.019291,104493.37756305952
E02002180,692473,392500,296500,7.626258,129582.03566932752
E02002180,692474,393500,296500,7.746175,130804.460200035
E02002180,693162,391500,295500,7.257318,35782.25976538293
E02002180,693163,392500,295500,7.63933,913585.3683228974
E02002180,693164,393500,295500,7.734616,333551.4541321186
E02002180,693853,392500,294500,7.56649,212016.7259435588
E02002181,692475,394500,296500,7.911831,44711.47457252051
E02002181,692476,395500,296500,8.830085,109021.22429141618
E02002181,693165,394500,295500,7.775681,166538.0920702632
E02002181,693166,395500,295500,7.897385,926554.5156274831
E02002181,693167,396500,295500,8.015283,186054.636888867
E02002181,693855,394500,294500,7.776303,276.65402530968095
E02002181,693856,395500,294500,7.808129,439659.0595157414
E02002181,693857,396500,294500,7.935096,280562.60074397956
E02002182,693163,392500,295500,7.63933,70334.41536044957
E02002182,693164,393500,295500,7.734616,425061.4354282557
E02002182,693165,394500,295500,7.775681,293.47111666988593
E02002182,693853,392500,294500,7.56649,348952.14488377556
E02002182,693854,393500,294500,7.757918,661056.0368488585
E02002182,693855,394500,294500,7.776303,14495.527374429701
E02002809,664920,439500,336500,7.463025,87385.10915669247
E02002809,664921,440500,336500,7.407366,114907.43005189169
E02002809,664922,441500,336500,7.154497,66838.25744460875
E02002809,665608,437500,335500,7.488899,19366.699462639303
E02002809,665609,438500,335500,7.636317,360144.1352141935
E02002809,665610,439500,335500,7.733891,938913.7304727172
E02002809,665611,440500,335500,7.469688,968904.5052004027
E02002809,665612,441500,335500,7.207317,242734.18281545755
E02002809,666298,437500,334500,7.806673,50697.29612454297
E02002809,666299,438500,334500,7.501891,710174.578944245
E02002809,666300,439500,334500,7.155948,913255.210646841
E02002809,666301,440500,334500,7.01728,1000000.0
E02002809,666302,441500,334500,7.041134,103261.36641124488
E02002809,666990,439500,333500,7.318153,63852.18745959804
E02002809,666991,440500,333500,7.088928,82598.00040643102
E02002809,666992,441500,333500,6.925821,6852.739654274737
E02002812,664913,432500,336500,7.348308,30559.90721992527
E02002812,664914,433500,336500,7.487781,69775.96639392963
E02002812,665603,432500,335500,7.326895,554498.0036186484
E02002812,665604,433500,335500,7.333055,726596.8718623082
E02002812,665605,434500,335500,7.578612,16063.782019383552
E02002812,666293,432500,334500,7.149179,72252.7266806721
E02002812,666294,433500,334500,7.326246,847455.2921756342
E02002812,666295,434500,334500,7.562649,129876.25417146053
E02002812,666984,433500,333500,7.231494,88975.34925947088
E02002813,664916,435500,336500,7.75616,85244.99481969749
E02002813,664917,436500,336500,7.670443,16991.081846714027
E02002813,665606,435500,335500,8.186327,547637.1930684955
E02002813,665607,436500,335500,7.58481,225203.0427431491
E02002813,666296,435500,334500,7.662114,782020.3740305193
E02002813,666297,436500,334500,7.555179,117078.20258785927
E02002813,666986,435500,333500,7.501121,65987.22651798595
E02002814,665602,431500,335500,7.045669,75780.2341239878
E02002814,666291,430500,334500,6.935618,712614.5615912944
E02002814,666292,431500,334500,7.268368,510308.69778035773
E02002814,666981,430500,333500,6.812798,235035.2638638149
E02002814,666982,431500,333500,7.108608,597677.610322193
E02002814,667672,431500,332500,7.024569,5396.188858049179
E02002815,666294,433500,334500,7.326246,2680.378099142363
E02002815,666295,434500,334500,7.562649,425611.9085911041
E02002815,666296,435500,334500,7.662114,108430.0097814526
E02002815,666985,434500,333500,7.43293,50363.00585584385
E02002815,666986,435500,333500,7.501121,244331.58976038656
E02002816,665602,431500,335500,7.045669,556.7980881588185
E02002816,665603,432500,335500,7.326895,153006.1704652836
E02002816,666292,431500,334500,7.268368,323912.6215774476
E02002816,666293,432500,334500,7.149179,927747.2733193279
E02002816,666294,433500,334500,7.326246,74736.12791836346
E02002816,666981,430500,333500,6.812798,44136.07263791787
E02002816,666982,431500,333500,7.108608,399846.02871521405
E02002816,666983,432500,333500,7.075109,583251.6613337162
E02002816,666984,433500,333500,7.231494,1649.2191665757641
E02002816,667671,430500,332500,6.923967,25935.425316442263
E02002816,667672,431500,332500,7.024569,486286.81148159265
E02002816,667673,432500,332500,6.985438,327757.2050486647
E02002817,666294,433500,334500,7.326246,75106.13225835226
E02002817,666295,434500,334500,7.562649,14928.09124840113
E02002817,666983,432500,333500,7.075109,416748.3386662837
E02002817,666984,433500,333500,7.231494,814337.8502878373
E02002817,666985,434500,333500,7.43293,244073.39696999
E02002817,667673,432500,332500,6.985438,70700.25490999784
E02002817,667674,433500,332500,7.217835,51287.199698513985
E02002817,667675,434500,332500,7.285097,2970.013006162779
E02002818,666295,434500,334500,7.562649,7185.753328983735
E02002818,666296,435500,334500,7.662114,13475.01161758582
E02002818,666985,434500,333500,7.43293,705563.5971741664
E02002818,666986,435500,333500,7.501121,268028.2186053632
E02002818,667675,434500,332500,7.285097,293534.51389697834
E02002818,667676,435500,332500,7.145175,5002.15658669435
E02002819,665607,436500,335500,7.58481,608880.2916697792
E02002819,665608,437500,335500,7.488899,474617.31669922726
E02002819,666297,436500,334500,7.555179,759244.9740524482
E02002819,666298,437500,334500,7.806673,902571.2830396603
E02002819,666299,438500,334500,7.501891,263748.88504729536
E02002819,666300,439500,334500,7.155948,86744.78935315905
E02002819,666987,436500,333500,7.58899,63665.84893253989
E02002819,666988,437500,333500,8.113004,178029.50065660797
E02002819,666989,438500,333500,7.671936,267960.9191599587
E02002819,666990,439500,333500,7.318153,936147.8125404019
E02002819,666991,440500,333500,7.088928,141239.23028733442
E02002819,667679,438500,332500,7.45655,19919.585036001445
E02002819,667680,439500,332500,7.349629,437305.0580505057
E02002819,667681,440500,332500,7.053171,2.8550344355584762
E02002820,666298,437500,334500,7.806673,46671.970251493745
E02002820,666299,438500,334500,7.501891,26076.536008459527
E02002820,666988,437500,333500,8.113004,408280.4708491269
E02002820,666989,438500,333500,7.671936,690733.6852412613
E02002820,667678,437500,332500,7.581323,351409.432058445
E02002820,667679,438500,332500,7.45655,199024.50151050568
E02002821,666296,435500,334500,7.662114,4404.659003440016
E02002821,666297,436500,334500,7.555179,123676.82335969245
E02002821,666986,435500,333500,7.501121,178962.6353752869
E02002821,666987,436500,333500,7.58899,878920.3549499513
E02002821,666988,437500,333500,8.113004,413690.02849426516
E02002821,667676,435500,332500,7.145175,8198.805808483443
E02002821,667677,436500,332500,7.429483,816211.867451482
E02002821,667678,437500,332500,7.581323,482977.37785194244
E02002821,668368,437500,331500,7.340052,163.20771955352174
E02002822,666984,433500,333500,7.231494,95037.58128611607
E02002822,667673,432500,332500,6.985438,348897.10408434167
E02002822,667674,433500,332500,7.217835,923495.2063955218
E02002822,667675,434500,332500,7.285097,237157.54339787996
E02002822,668364,433500,331500,7.246805,67959.36528187316
E02002823,666989,438500,333500,7.671936,41305.395598780175
E02002823,667678,437500,332500,7.581323,148724.2014840068
E02002823,667679,438500,332500,7.45655,781055.913453493
E02002823,667680,439500,332500,7.349629,385098.39159488503
E02002823,668368,437500,331500,7.340052,147489.2708238437
E02002823,668369,438500,331500,7.205399,411518.3866813715
E02002823,668370,439500,331500,7.206373,34390.55753950088
E02002824,666986,435500,333500,7.501121,242690.32974097735
E02002824,666987,436500,333500,7.58899,57413.796117508784
E02002824,667674,433500,332500,7.217835,424.53152142493957
E02002824,667675,434500,332500,7.285097,466337.92969897896
E02002824,667676,435500,332500,7.145175,986799.0376048221
E02002824,667677,436500,332500,7.429483,135180.27364151337
E02002824,668364,433500,331500,7.246805,176782.53878040562
E02002824,668365,434500,331500,7.171715,999446.2880331127
E02002824,668366,435500,331500,6.960587,1000000.0
E02002824,668367,436500,331500,8.290895,310027.0487087467
E02002824,669055,434500,330500,7.12153,526251.2021674719
E02002824,669056,435500,330500,7.011285,485469.3482281733
E02002824,669057,436500,330500,6.996424,14547.502481033382
E02002825,667677,436500,332500,7.429483,48607.85890700467
E02002825,667678,437500,332500,7.581323,16888.98860560569
E02002825,668367,436500,331500,8.290895,689972.9512912533
E02002825,668368,437500,331500,7.340052,683935.7631793496
E02002825,669056,435500,330500,7.011285,1215.4607503836892
E02002825,669057,436500,330500,6.996424,495321.09953051945
E02002825,669058,437500,330500,7.300657,780883.1606906122
E02002825,669748,437500,329500,7.405066,71669.60519922942
E02002826,668368,437500,331500,7.340052,168411.7582772531
E02002826,668369,438500,331500,7.205399,588481.6133186284
E02002826,668370,439500,331500,7.206373,133816.98840210965
E02002826,669058,437500,330500,7.300657,202105.53199884162
E02002826,669059,438500,330500,7.103265,751133.2906299626
E02002826,669060,439500,330500,6.994197,3950.729105308092
E02002826,669748,437500,329500,7.405066,232195.3153049402
E02002826,669749,438500,329500,7.305079,219777.4818291076
E02002905,705532,341500,277500,4.761632,381947.9820695961
E02002905,705533,342500,277500,4.782105,667654.3321520583
E02002905,705534,343500,277500,4.76244,400178.31590859883
E02002905,705535,344500,277500,4.784484,229608.88468138024
E02002905,705536,345500,277500,4.871916,5405.530362256361
E02002905,706218,337500,276500,4.63481,272077.35066540784
E02002905,706219,338500,276500,4.679493,640507.9965913958
E02002905,706220,339500,276500,4.600377,310376.8997112146
E02002905,706221,340500,276500,4.755792,892592.2126943487
E02002905,706222,341500,276500,4.719074,999943.285000782
E02002905,706223,342500,276500,4.784621,1000000.0
E02002905,706224,343500,276500,4.854453,1000000.0
E02002905,706225,344500,276500,4.847758,998398.9866083837
E02002905,706226,345500,276500,4.843119,112101.61809198066
E02002905,706908,337500,275500,4.571468,307372.12257333525
E02002905,706909,338500,275500,4.672365,918738.4150561066
E02002905,706910,339500,275500,4.695864,857107.9626144688
E02002905,706911,340500,275500,4.803095,1000000.0
E02002905,706912,341500,275500,4.708296,1000000.0
E02002905,706913,342500,275500,4.837361,1000000.0
E02002905,706914,343500,275500,4.787203,1000000.0
E02002905,706915,344500,275500,4.759432,1000000.0
E02002905,706916,345500,275500,4.895707,489456.61919994914
E02002905,706917,346500,275500,4.845357,46785.07380412896
E02002905,707597,336500,274500,4.57613,250082.42158755535
E02002905,707598,337500,274500,4.708344,830033.6035084209
E02002905,707599,338500,274500,4.703521,873244.6291668308
E02002905,707600,339500,274500,4.62075,1000000.0
E02002905,707601,340500,274500,4.773304,1000000.0
E02002905,707602,341500,274500,4.730282,1000000.0
E02002905,707603,342500,274500,4.841088,1000000.0
E02002905,707604,343500,274500,4.744388,1000000.0
E02002905,707605,344500,274500,4.7274,1000000.0
E02002905,707606,345500,274500,4.829379,997619.7139158262
E02002905,707607,346500,274500,4.877017,76244.87171627558
E02002905,708287,336500,273500,4.558061,514877.08052037517
E02002905,708288,337500,273500,4.729382,1000000.0
E02002905,708289,338500,273500,4.731582,1000000.0
E02002905,708290,339500,273500,4.708616,1000000.0
E02002905,708291,340500,273500,4.77778,1000000.0
E02002905,708292,341500,273500,4.788352,1000000.0
E02002905,708293,342500,273500,4.81113,1000000.0
E02002905,708294,343500,273500,4.747404,1000000.0
E02002905,708295,344500,273500,4.727007,1000000.0
E02002905,708296,345500,273500,4.728165,978602.8847445239
E02002905,708297,346500,273500,4.718086,608376.9106511497
E02002905,708298,347500,273500,4.719287,686601.6518798219
E02002905,708299,348500,273500,4.728868,733409.759708026
E02002905,708300,349500,273500,4.767442,567031.2474839374
E02002905,708301,350500,273500,4.883891,33625.32538498611
E02002905,708975,334500,272500,4.642537,37800.914484322566
E02002905,708976,335500,272500,4.6084,788076.1417353166
E02002905,708977,336500,272500,4.68639,930564.7580053126
E02002905,708978,337500,272500,4.742148,1000000.0
E02002905,708979,338500,272500,4.739351,1000000.0
E02002905,708980,339500,272500,4.750095,1000000.0
E02002905,708981,340500,272500,4.774408,1000000.0
E02002905,708982,341500,272500,4.758117,1000000.0
E02002905,708983,342500,272500,4.761336,1000000.0
E02002905,708984,343500,272500,4.750377,1000000.0
E02002905,708985,344500,272500,4.735883,1000000.0
E02002905,708986,345500,272500,4.761825,1000000.0
E02002905,708987,346500,272500,4.733488,1000000.0
E02002905,708988,347500,272500,4.722644,1000000.0
E02002905,708989,348500,272500,4.736945,1000000.0
E02002905,708990,349500,272500,4.809932,779168.0053887287
E02002905,709665,334500,271500,4.525668,404822.5822573182
E02002905,709666,335500,271500,4.531252,1000000.0
E02002905,709667,336500,271500,4.638699,1000000.0
E02002905,709668,337500,271500,4.707588,1000000.0
E02002905,709669,338500,271500,4.732354,1000000.0
E02002905,709670,339500,271500,4.695058,1000000.0
E02002905,709671,340500,271500,4.790442,1000000.0
E02002905,709672,341500,271500,4.833951,1000000.0
E02002905,709673,342500,271500,4.856462,1000000.0
E02002905,709674,343500,271500,4.85282,1000000.0
E02002905,709675,344500,271500,4.820948,1000000.0
E02002905,709676,345500,271500,4.876153,1000000.0
E02002905,709677,346500,271500,4.756516,1000000.0
E02002905,709678,347500,271500,4.735126,982443.4056461068
E02002905,709679,348500,271500,4.756526,914021.1047811586
E02002905,709680,349500,271500,4.778991,454482.84750714665
E02002905,709685,354500,271500,4.945731,514020.447122973
E02002905,709686,355500,271500,4.935888,161791.59968514863
E02002905,710353,332500,270500,4.491785,40450.5639270735
E02002905,710354,333500,270500,4.595772,394205.9429938064
E02002905,710355,334500,270500,4.503657,908938.519121046
E02002905,710356,335500,270500,4.539623,1000000.0
E02002905,710357,336500,270500,4.625001,1000000.0
E02002905,710358,337500,270500,4.724221,1000000.0
E02002905,710359,338500,270500,4.689153,1000000.0
E02002905,710360,339500,270500,4.576882,1000000.0
E02002905,710361,340500,270500,4.802523,1000000.0
E02002905,710362,341500,270500,4.863155,1000000.0
E02002905,710363,342500,270500,4.822056,1000000.0
E02002905,710364,343500,270500,4.846302,1000000.0
E02002905,710365,344500,270500,4.804689,1000000.0
E02002905,710366,345500,270500,4.804842,1000000.0
E02002905,710367,346500,270500,4.77571,1000000.0
E02002905,710368,347500,270500,4.791041,988718.8547340633
E02002905,710369,348500,270500,4.855671,398329.26316222583
E02002905,710370,349500,270500,4.882163,38771.97538228969
E02002905,710374,353500,270500,4.870096,136327.74010761906
E02002905,710375,354500,270500,4.95743,989643.2633019878
E02002905,710376,355500,270500,4.972082,778049.3536456779
E02002905,710377,356500,270500,4.971538,383910.6569833312
E02002905,711042,331500,269500,4.495565,155562.82336251228
E02002905,711043,332500,269500,4.495916,988201.9398559399
E02002905,711044,333500,269500,4.529718,1000000.0
E02002905,711045,334500,269500,4.558166,1000000.0
E02002905,711046,335500,269500,4.61072,1000000.0
E02002905,711047,336500,269500,4.627532,1000000.0
E02002905,711048,337500,269500,4.707067,1000000.0
E02002905,711049,338500,269500,4.591982,1000000.0
E02002905,711050,339500,269500,4.554943,1000000.0
E02002905,711051,340500,269500,4.69526,1000000.0
E02002905,711052,341500,269500,4.76182,1000000.0
E02002905,711053,342500,269500,4.843786,1000000.0
E02002905,711054,343500,269500,4.73321,1000000.0
E02002905,711055,344500,269500,4.754642,1000000.0
E02002905,711056,345500,269500,4.8651,1000000.0
E02002905,711057,346500,269500,4.788156,1000000.0
E02002905,711058,347500,269500,4.812878,1000000.0
E02002905,711059,348500,269500,4.842955,1000000.0
E02002905,711060,349500,269500,4.857612,717893.4529699592
E02002905,711061,350500,269500,4.958381,287137.80063058366
E02002905,711064,353500,269500,4.983218,649343.7796647481
E02002905,711065,354500,269500,4.923194,1000000.0
E02002905,711066,355500,269500,4.950079,1000000.0
E02002905,711067,356500,269500,5.021779,929057.1268597305
E02002905,711068,357500,269500,4.971828,248197.94630546818
E02002905,711732,331500,268500,4.514045,282076.26510672265
E02002905,711733,332500,268500,4.549286,1000000.0
E02002905,711734,333500,268500,4.531904,1000000.0
E02002905,711735,334500,268500,4.499109,1000000.0
E02002905,711736,335500,268500,4.586227,1000000.0
E02002905,711737,336500,268500,4.670457,1000000.0
E02002905,711738,337500,268500,4.574322,1000000.0
E02002905,711739,338500,268500,4.55693,1000000.0
E02002905,711740,339500,268500,4.551917,1000000.0
E02002905,711741,340500,268500,4.70267,1000000.0
E02002905,711742,341500,268500,4.771327,1000000.0
E02002905,711743,342500,268500,4.857804,1000000.0
E02002905,711744,343500,268500,4.800564,1000000.0
E02002905,711745,344500,268500,4.870508,1000000.0
E02002905,711746,345500,268500,4.826034,1000000.0
E02002905,711747,346500,268500,4.755196,1000000.0
E02002905,711748,347500,268500,4.776508,1000000.0
E02002905,711749,348500,268500,4.895044,1000000.0
E02002905,711750,349500,268500,4.899514,1000000.0
E02002905,711751,350500,268500,4.898387,999999.7676817329
E02002905,711752,351500,268500,4.896248,259694.60845828798
E02002905,711753,352500,268500,4.981908,237735.62200934702
E02002905,711754,353500,268500,4.932582,638285.9537081292
E02002905,711755,354500,268500,4.949907,1000000.0
E02002905,711756,355500,268500,4.937854,1000000.0
E02002905,711757,356500,268500,5.024059,996777.5339906451
E02002905,711758,357500,268500,5.060883,456939.48797146016
E02002905,712422,331500,267500,4.515446,201139.70824088532
E02002905,712423,332500,267500,4.53791,1000000.0
E02002905,712424,333500,267500,4.539157,1000000.0
E02002905,712425,334500,267500,4.502698,1000000.0
E02002905,712426,335500,267500,4.544845,1000000.0
E02002905,712427,336500,267500,4.655597,1000000.0
E02002905,712428,337500,267500,4.585225,1000000.0
E02002905,712429,338500,267500,4.553882,1000000.0
E02002905,712430,339500,267500,4.579792,1000000.0
E02002905,712431,340500,267500,4.710958,1000000.0
E02002905,712432,341500,267500,4.719988,1000000.0
E02002905,712433,342500,267500,4.767649,1000000.0
E02002905,712434,343500,267500,4.859569,1000000.0
E02002905,712435,344500,267500,4.773252,1000000.0
E02002905,712436,345500,267500,4.7648,676392.164249624
E02002905,712437,346500,267500,4.760583,429676.3185052593
E02002905,712438,347500,267500,4.8302,841146.5388371071
E02002905,712439,348500,267500,4.94963,1000000.0
E02002905,712440,349500,267500,4.89041,1000000.0
E02002905,712441,350500,267500,4.937893,1000000.0
E02002905,712442,351500,267500,4.945158,1000000.0
E02002905,712443,352500,267500,4.98872,1000000.0
E02002905,712444,353500,267500,4.892173,1000000.0
E02002905,712445,354500,267500,4.884763,976193.2648962012
E02002905,712446,355500,267500,4.927521,355140.3908780596
E02002905,712447,356500,267500,4.993227,102058.56808075117
E02002905,712448,357500,267500,4.980913,204343.23717514693
E02002905,713112,331500,266500,4.553699,539496.6113182215
E02002905,713113,332500,266500,4.538851,1000000.0
E02002905,713114,333500,266500,4.548532,1000000.0
E02002905,713115,334500,266500,4.504214,1000000.0
E02002905,713116,335500,266500,4.550628,1000000.0
E02002905,713117,336500,266500,4.639834,1000000.0
E02002905,713118,337500,266500,4.586505,1000000.0
E02002905,713119,338500,266500,4.569952,1000000.0
E02002905,713120,339500,266500,4.56269,1000000.0
E02002905,713121,340500,266500,4.693665,1000000.0
E02002905,713122,341500,266500,4.691827,1000000.0
E02002905,713123,342500,266500,4.74422,1000000.0
E02002905,713124,343500,266500,4.731482,984905.8906048156
E02002905,713125,344500,266500,4.731375,374983.5652900724
E02002905,713126,345500,266500,4.789307,96.89033421263741
E02002905,713128,347500,266500,4.845301,400850.77575798094
E02002905,713129,348500,266500,4.8976,1000000.0
E02002905,713130,349500,266500,4.937449,1000000.0
E02002905,713131,350500,266500,4.977272,723177.9490541372
E02002905,713132,351500,266500,4.900917,487462.87485112017
E02002905,713133,352500,266500,4.952499,824525.1397676634
E02002905,713134,353500,266500,4.873319,1000000.0
E02002905,713135,354500,266500,4.912853,1000000.0
E02002905,713136,355500,266500,4.966384,724014.4301428203
E02002905,713137,356500,266500,5.005816,58200.122754665055
E02002905,713802,331500,265500,4.599642,835732.8245930865
E02002905,713803,332500,265500,4.596826,1000000.0
E02002905,713804,333500,265500,4.556184,1000000.0
E02002905,713805,334500,265500,4.545948,1000000.0
E02002905,713806,335500,265500,4.605873,1000000.0
E02002905,713807,336500,265500,4.715242,1000000.0
E02002905,713808,337500,265500,4.639055,1000000.0
E02002905,713809,338500,265500,4.584219,1000000.0
E02002905,713810,339500,265500,4.571434,1000000.0
E02002905,713811,340500,265500,4.69646,1000000.0
E02002905,713812,341500,265500,4.759324,1000000.0
E02002905,713813,342500,265500,4.77316,988309.3275704578
E02002905,713814,343500,265500,4.747915,382290.4124524893
E02002905,713816,345500,265500,4.811726,12993.29578174722
E02002905,713817,346500,265500,4.788064,279103.1800070198
E02002905,713818,347500,265500,4.899826,383423.63825594983
E02002905,713819,348500,265500,4.937047,977168.6461335699
E02002905,713820,349500,265500,4.900641,763351.7598780064
E02002905,713821,350500,265500,4.978646,392693.81617251306
E02002905,713823,352500,265500,4.936164,236428.14038227027
E02002905,713824,353500,265500,4.931572,996922.5228206993
E02002905,713825,354500,265500,4.980145,1000000.0
E02002905,713826,355500,265500,5.012359,1000000.0
E02002905,713827,356500,265500,5.01581,685800.1110611616
E02002905,713828,357500,265500,4.990654,471730.15640503116
E02002905,713829,358500,265500,4.943072,535131.2424897061
E02002905,713830,359500,265500,4.973146,78403.20390393032
E02002905,714492,331500,264500,4.830811,290652.2554163893
E02002905,714493,332500,264500,4.685157,590169.7524030195
E02002905,714494,333500,264500,4.685423,634104.9922510651
E02002905,714495,334500,264500,4.69035,723422.7312733195
E02002905,714496,335500,264500,4.737935,982737.4247035851
E02002905,714497,336500,264500,4.639535,1000000.0
E02002905,714498,337500,264500,4.593138,984116.2839705875
E02002905,714499,338500,264500,4.57411,619494.919806724
E02002905,714500,339500,264500,4.604748,378916.4405596225
E02002905,714501,340500,264500,4.758365,939845.9851433655
E02002905,714502,341500,264500,4.846295,1000000.0
E02002905,714503,342500,264500,4.843853,691392.7677961715
E02002905,714505,344500,264500,4.885567,466045.2203968287
E02002905,714506,345500,264500,4.928849,983546.0396002342
E02002905,714507,346500,264500,4.829446,924250.6035287011
E02002905,714508,347500,264500,4.942093,755898.1857200082
E02002905,714509,348500,264500,4.943156,624991.5239303065
E02002905,714510,349500,264500,4.941311,163804.96197235966
E02002905,714513,352500,264500,4.855681,694648.3242057613
E02002905,714514,353500,264500,4.985388,1000000.0
E02002905,714515,354500,264500,4.958225,1000000.0
E02002905,714516,355500,264500,4.913154,1000000.0
E02002905,714517,356500,264500,4.944396,1000000.0
E02002905,714518,357500,264500,4.972206,1000000.0
E02002905,714519,358500,264500,4.944031,874962.5959954351
E02002905,714520,359500,264500,4.926471,186222.26185821608
E02002905,715184,333500,263500,4.681236,6262.16617932848
E02002905,715185,334500,263500,4.618984,676977.9810403105
E02002905,715186,335500,263500,4.622715,983538.6486925948
E02002905,715187,336500,263500,4.635326,1000000.0
E02002905,715188,337500,263500,4.611001,810563.5717182575
E02002905,715191,340500,263500,4.883409,250825.3333061237
E02002905,715192,341500,263500,4.856654,548166.2978682936
E02002905,715193,342500,263500,4.911769,326848.60471796384
E02002905,715195,344500,263500,4.872764,6810.378576990162
E02002905,715196,345500,263500,4.849233,97830.76082618895
E02002905,715197,346500,263500,4.836052,262126.4653845983
E02002905,715198,347500,263500,4.883678,0.0783047648698137
E02002905,715203,352500,263500,4.929493,211410.57181663523
E02002905,715204,353500,263500,4.943966,998987.1689411196
E02002905,715205,354500,263500,4.922056,1000000.0
E02002905,715206,355500,263500,4.91258,1000000.0
E02002905,715207,356500,263500,4.926823,1000000.0
E02002905,715208,357500,263500,4.919088,990707.1024140811
E02002905,715209,358500,263500,4.879215,299794.4522060047
E02002905,715874,333500,262500,4.572153,185276.14644183422
E02002905,715875,334500,262500,4.566945,391428.9719291721
E02002905,715876,335500,262500,4.596811,370176.0398197017
E02002905,715877,336500,262500,4.613193,261989.33725010874
E02002905,715878,337500,262500,4.67418,655314.5445681133
E02002905,715893,352500,262500,4.961516,2756.463631790465
E02002905,715894,353500,262500,4.986557,191077.19887684897
E02002905,715895,354500,262500,4.948821,794286.1157993883
E02002905,715896,355500,262500,4.871874,1000000.0
E02002905,715897,356500,262500,4.954548,1000000.0
E02002905,715898,357500,262500,5.002979,219157.01672562532
E02002905,716585,354500,261500,4.888102,106360.55712826006
E02002905,716586,355500,261500,4.88047,635202.1041669506
E02002905,716587,356500,261500,4.927402,490028.3519156408
E02002905,716588,357500,261500,4.894006,2548.9524453913536
E02002908,712436,345500,267500,4.7648,323607.8357503761
E02002908,712437,346500,267500,4.760583,570323.6814947408
E02002908,712438,347500,267500,4.8302,158853.46116289284
E02002908,713124,343500,266500,4.731482,15094.109395184469
E02002908,713125,344500,266500,4.731375,625016.4347099276
E02002908,713126,345500,266500,4.789307,999903.1096657873
E02002908,713127,346500,266500,4.836389,1000000.0
E02002908,713128,347500,266500,4.845301,599149.2242420191
E02002908,713131,350500,266500,4.977272,276822.0509458628
E02002908,713132,351500,266500,4.900917,512537.1251488799
E02002908,713133,352500,266500,4.952499,175474.86023233665
E02002908,713813,342500,265500,4.77316,11690.672429542132
E02002908,713814,343500,265500,4.747915,617709.5875475107
E02002908,713815,344500,265500,4.831999,1000000.0
E02002908,713816,345500,265500,4.811726,987006.7042182528
E02002908,713817,346500,265500,4.788064,720896.8199929803
E02002908,713818,347500,265500,4.899826,616576.3617440502
E02002908,713819,348500,265500,4.937047,22831.353866430047
E02002908,713820,349500,265500,4.900641,236648.24012199353
E02002908,713821,350500,265500,4.978646,607306.1838274869
E02002908,713822,351500,265500,5.006426,1000000.0
E02002908,713823,352500,265500,4.936164,763571.8596177297
E02002908,713824,353500,265500,4.931572,3077.47717930079
E02002908,714498,337500,264500,4.593138,15883.716029412537
E02002908,714499,338500,264500,4.57411,380505.08019327605
E02002908,714500,339500,264500,4.604748,621083.5594403775
E02002908,714501,340500,264500,4.758365,60154.014856634516
E02002908,714503,342500,264500,4.843853,308607.2322038286
E02002908,714504,343500,264500,4.780991,1000000.0
E02002908,714505,344500,264500,4.885567,533954.7796031713
E02002908,714506,345500,264500,4.928849,16453.96039976572
E02002908,714507,346500,264500,4.829446,75749.39647129913
E02002908,714508,347500,264500,4.942093,244101.81427999184
E02002908,714509,348500,264500,4.943156,375008.4760696935
E02002908,714510,349500,264500,4.941311,836195.0380276404
E02002908,714511,350500,264500,4.98299,1000000.0
E02002908,714512,351500,264500,5.027349,1000000.0
E02002908,714513,352500,264500,4.855681,305351.6757942386
E02002908,715188,337500,263500,4.611001,189436.42828174253
E02002908,715189,338500,263500,4.682695,1000000.0
E02002908,715190,339500,263500,4.759694,1000000.0
E02002908,715191,340500,263500,4.883409,749174.6666938763
E02002908,715192,341500,263500,4.856654,451833.70213170646
E02002908,715193,342500,263500,4.911769,673151.3952820362
E02002908,715194,343500,263500,4.899317,1000000.0
E02002908,715195,344500,263500,4.872764,993189.6214230098
E02002908,715196,345500,263500,4.849233,902169.239173811
E02002908,715197,346500,263500,4.836052,737873.5346154019
E02002908,715198,347500,263500,4.883678,999999.9216952351
E02002908,715199,348500,263500,4.98253,1000000.0
E02002908,715200,349500,263500,4.948278,1000000.0
E02002908,715201,350500,263500,4.97053,1000000.0
E02002908,715202,351500,263500,4.965159,1000000.0
E02002908,715203,352500,263500,4.929493,788589.4281833648
E02002908,715204,353500,263500,4.943966,1012.8310588804234
E02002908,715878,337500,262500,4.67418,271427.20351376536
E02002908,715879,338500,262500,4.68531,1000000.0
E02002908,715880,339500,262500,4.754029,1000000.0
E02002908,715881,340500,262500,4.93948,1000000.0
E02002908,715882,341500,262500,4.889867,1000000.0
E02002908,715883,342500,262500,4.899318,1000000.0
E02002908,715884,343500,262500,4.901078,1000000.0
E02002908,715885,344500,262500,4.924479,1000000.0
E02002908,715886,345500,262500,4.903346,1000000.0
E02002908,715887,346500,262500,4.863111,1000000.0
E02002908,715888,347500,262500,4.933753,1000000.0
E02002908,715889,348500,262500,4.960915,1000000.0
E02002908,715890,349500,262500,4.917983,1000000.0
E02002908,715891,350500,262500,5.001405,1000000.0
E02002908,715892,351500,262500,4.983276,1000000.0
E02002908,715893,352500,262500,4.961516,997243.5363682095
E02002908,715894,353500,262500,4.986557,808922.801123151
E02002908,715895,354500,262500,4.948821,205713.8842006117
E02002908,716568,337500,261500,4.720418,549543.8652887671
E02002908,716569,338500,261500,4.742177,1000000.0
E02002908,716570,339500,261500,4.858726,1000000.0
E02002908,716571,340500,261500,4.948681,1000000.0
E02002908,716572,341500,261500,4.909318,1000000.0
E02002908,716573,342500,261500,4.902708,1000000.0
E02002908,716574,343500,261500,4.942756,1000000.0
E02002908,716575,344500,261500,4.936536,1000000.0
E02002908,716576,345500,261500,4.961579,1000000.0
E02002908,716577,346500,261500,4.912735,1000000.0
E02002908,716578,347500,261500,4.884896,1000000.0
E02002908,716579,348500,261500,4.952628,1000000.0
E02002908,716580,349500,261500,4.960291,983246.7413643764
E02002908,716581,350500,261500,5.021627,1000000.0
E02002908,716582,351500,261500,5.009624,1000000.0
E02002908,716583,352500,261500,4.89376,1000000.0
E02002908,716584,353500,261500,4.877828,1000000.0
E02002908,716585,354500,261500,4.888102,893639.4428717399
E02002908,716586,355500,261500,4.88047,364797.8958330495
E02002908,716587,356500,261500,4.927402,401317.3113901013
E02002908,716590,359500,261500,4.984192,16446.284382975322
E02002908,716591,360500,261500,5.116229,333580.03499236517
E02002908,716592,361500,261500,5.062774,279152.7059039252
E02002908,717256,335500,260500,4.6424,111871.17154725782
E02002908,717257,336500,260500,4.711409,69801.67891241222
E02002908,717258,337500,260500,4.784752,108261.75153312646
E02002908,717259,338500,260500,4.796041,970723.6114162136
E02002908,717260,339500,260500,4.856541,1000000.0
E02002908,717261,340500,260500,4.890144,1000000.0
E02002908,717262,341500,260500,4.89606,1000000.0
E02002908,717263,342500,260500,4.902309,1000000.0
E02002908,717264,343500,260500,4.917795,1000000.0
E02002908,717265,344500,260500,4.848149,1000000.0
E02002908,717266,345500,260500,4.962433,810069.1448247418
E02002908,717267,346500,260500,4.948829,986667.3171926609
E02002908,717268,347500,260500,4.931445,1000000.0
E02002908,717269,348500,260500,4.975832,737753.9037839916
E02002908,717270,349500,260500,5.084559,414814.9683965441
E02002908,717271,350500,260500,5.125469,872765.6025597113
E02002908,717272,351500,260500,5.070688,1000000.0
E02002908,717273,352500,260500,4.979444,1000000.0
E02002908,717274,353500,260500,4.954389,1000000.0
E02002908,717275,354500,260500,4.900414,1000000.0
E02002908,717276,355500,260500,4.909131,1000000.0
E02002908,717277,356500,260500,4.945982,987786.0703511873
E02002908,717278,357500,260500,4.865745,594228.451558874
E02002908,717279,358500,260500,4.874837,705054.04111543
E02002908,717280,359500,260500,4.877915,900119.6036378144
E02002908,717281,360500,260500,5.07547,787279.3024704859
E02002908,717282,361500,260500,5.060765,259868.14821839743
E02002908,717944,333500,259500,4.656313,404.1947164797018
E02002908,717945,334500,259500,4.63516,344882.17153379886
E02002908,717946,335500,259500,4.724033,803212.3416186766
E02002908,717947,336500,259500,4.795069,959891.2824349245
E02002908,717948,337500,259500,4.790493,832983.7666126374
E02002908,717949,338500,259500,4.828207,1000000.0
E02002908,717950,339500,259500,4.823775,1000000.0
E02002908,717951,340500,259500,4.980976,1000000.0
E02002908,717952,341500,259500,4.940308,1000000.0
E02002908,717953,342500,259500,4.964587,1000000.0
E02002908,717954,343500,259500,4.930511,1000000.0
E02002908,717955,344500,259500,4.925951,1000000.0
E02002908,717956,345500,259500,5.01205,352146.42421768245
E02002908,717957,346500,259500,5.020387,164362.91282913182
E02002908,717958,347500,259500,4.982028,431035.93118638085
E02002908,717959,348500,259500,5.054014,201490.4608543953
E02002908,717961,350500,259500,5.320151,347502.45869111666
E02002908,717962,351500,259500,5.0798,498295.8970306844
E02002908,717963,352500,259500,5.021425,756147.2726932201
E02002908,717964,353500,259500,5.007172,1000000.0
E02002908,717965,354500,259500,5.038703,1000000.0
E02002908,717966,355500,259500,5.002245,1000000.0
E02002908,717967,356500,259500,4.961984,1000000.0
E02002908,717968,357500,259500,4.999832,1000000.0
E02002908,717969,358500,259500,4.961766,1000000.0
E02002908,717970,359500,259500,4.947639,986230.1068826214
E02002908,717971,360500,259500,5.177649,197306.81503339944
E02002908,718634,333500,258500,4.727683,20327.09113643215
E02002908,718635,334500,258500,4.705834,464037.7281734363
E02002908,718636,335500,258500,4.771183,905084.5843168799
E02002908,718637,336500,258500,4.796854,1000000.0
E02002908,718638,337500,258500,4.801817,1000000.0
E02002908,718639,338500,258500,4.806304,1000000.0
E02002908,718640,339500,258500,4.794687,1000000.0
E02002908,718641,340500,258500,4.98671,1000000.0
E02002908,718642,341500,258500,4.918384,1000000.0
E02002908,718643,342500,258500,4.979202,1000000.0
E02002908,718644,343500,258500,4.979651,1000000.0
E02002908,718645,344500,258500,4.970794,1000000.0
E02002908,718646,345500,258500,5.00863,844322.7719983305
E02002908,718647,346500,258500,5.025408,13511.368056492238
E02002908,718651,350500,258500,5.313464,3163.8729256565507
E02002908,718653,352500,258500,5.059044,67310.80582609442
E02002908,718654,353500,258500,4.951762,354272.73030355206
E02002908,718655,354500,258500,4.940857,543068.0981312965
E02002908,718656,355500,258500,4.971602,989649.9348749426
E02002908,718657,356500,258500,4.968662,1000000.0
E02002908,718658,357500,258500,5.010676,1000000.0
E02002908,718659,358500,258500,4.963263,1000000.0
E02002908,718660,359500,258500,4.925826,1000000.0
E02002908,718661,360500,258500,5.093147,422546.2916137656
E02002908,719326,335500,257500,4.807241,512587.3421101887
E02002908,719327,336500,257500,4.751667,1000000.0
E02002908,719328,337500,257500,4.818439,1000000.0
E02002908,719329,338500,257500,4.817874,915589.1076217649
E02002908,719330,339500,257500,4.789239,1000000.0
E02002908,719331,340500,257500,4.98251,1000000.0
E02002908,719332,341500,257500,4.930239,1000000.0
E02002908,719333,342500,257500,4.941697,1000000.0
E02002908,719334,343500,257500,4.983852,1000000.0
E02002908,719335,344500,257500,4.998013,1000000.0
E02002908,719336,345500,257500,5.042831,1000000.0
E02002908,719337,346500,257500,5.032845,221206.87970541397
E02002908,719341,350500,257500,5.155963,217988.90170624226
E02002908,719342,351500,257500,5.04622,477185.9538335908
E02002908,719343,352500,257500,5.011501,442251.5375132636
E02002908,719344,353500,257500,5.05524,687167.2070453205
E02002908,719345,354500,257500,5.00156,977879.1265288545
E02002908,719346,355500,257500,4.998476,1000000.0
E02002908,719347,356500,257500,5.008156,1000000.0
E02002908,719348,357500,257500,5.08004,1000000.0
E02002908,719349,358500,257500,5.06002,1000000.0
E02002908,719350,359500,257500,4.935814,1000000.0
E02002908,719351,360500,257500,5.134186,664667.3379996099
E02002908,719352,361500,257500,5.137329,10014.1665612514
E02002908,720016,335500,256500,4.724627,168526.18440059543
E02002908,720017,336500,256500,4.724608,289030.0595678298
E02002908,720018,337500,256500,4.768382,463751.1919320962
E02002908,720019,338500,256500,4.802542,34049.270198331156
E02002908,720020,339500,256500,4.688275,727178.872217445
E02002908,720021,340500,256500,4.949342,1000000.0
E02002908,720022,341500,256500,4.905913,1000000.0
E02002908,720023,342500,256500,4.935156,1000000.0
E02002908,720024,343500,256500,5.007621,1000000.0
E02002908,720025,344500,256500,4.988477,963944.4231723611
E02002908,720026,345500,256500,5.011139,403965.26752563537
E02002908,720027,346500,256500,5.020756,94437.84362760208
E02002908,720031,350500,256500,5.137251,86011.92804603401
E02002908,720032,351500,256500,5.03538,865289.9521956507
E02002908,720033,352500,256500,4.982778,1000000.0
E02002908,720034,353500,256500,5.04747,1000000.0
E02002908,720035,354500,256500,5.047913,1000000.0
E02002908,720036,355500,256500,5.0108,1000000.0
E02002908,720037,356500,256500,5.074978,1000000.0
E02002908,720038,357500,256500,5.07243,1000000.0
E02002908,720039,358500,256500,5.056827,1000000.0
E02002908,720040,359500,256500,4.983948,1000000.0
E02002908,720041,360500,256500,5.191294,820617.6213059535
E02002908,720709,338500,255500,4.735481,337172.06727774156
E02002908,720710,339500,255500,4.786602,895114.7913095867
E02002908,720711,340500,255500,4.990267,857999.0892712548
E02002908,720712,341500,255500,4.967793,937777.9792763405
E02002908,720713,342500,255500,4.960924,976094.6749544349
E02002908,720714,343500,255500,4.997117,886604.9161710284
E02002908,720715,344500,255500,4.992098,571747.3914920768
E02002908,720720,349500,255500,4.999912,207227.1166116801
E02002908,720721,350500,255500,5.105599,9612.94593976437
E02002908,720722,351500,255500,5.056149,854933.2118752524
E02002908,720723,352500,255500,5.073787,1000000.0
E02002908,720724,353500,255500,5.016379,1000000.0
E02002908,720725,354500,255500,5.007141,1000000.0
E02002908,720726,355500,255500,5.037066,1000000.0
E02002908,720727,356500,255500,5.041956,992492.2622333633
E02002908,720728,357500,255500,4.994612,1000000.0
E02002908,720729,358500,255500,5.033507,549140.0423935128
E02002908,720730,359500,255500,5.060665,628265.86233223
E02002908,720731,360500,255500,5.189074,892567.7025949368
E02002908,720732,361500,255500,5.200342,98090.39557474287
E02002908,721399,338500,254500,4.787829,106967.86675669506
E02002908,721400,339500,254500,4.804225,989589.3963999549
E02002908,721401,340500,254500,4.943532,224581.08391883623
E02002908,721402,341500,254500,4.990007,403555.4502694713
E02002908,721403,342500,254500,4.964572,175104.57435625745
E02002908,721404,343500,254500,4.990695,154510.74061950913
E02002908,721405,344500,254500,4.976988,877915.2892911066
E02002908,721406,345500,254500,4.928216,693445.509352637
E02002908,721407,346500,254500,4.939074,459766.9492326222
E02002908,721408,347500,254500,4.97588,238726.35748995107
E02002908,721409,348500,254500,4.943919,459993.45877161634
E02002908,721410,349500,254500,4.905871,958396.4779728445
E02002908,721411,350500,254500,5.006058,520045.69131334394
E02002908,721412,351500,254500,5.061805,959506.8882541101
E02002908,721413,352500,254500,5.084361,1000000.0
E02002908,721414,353500,254500,5.067714,1000000.0
E02002908,721415,354500,254500,5.06832,1000000.0
E02002908,721416,355500,254500,5.098458,907113.953060031
E02002908,721417,356500,254500,5.0041,234261.95157417958
E02002908,721418,357500,254500,5.057109,201991.9524036182
E02002908,721419,358500,254500,4.99589,100285.47909026587
E02002908,721421,360500,254500,5.193305,189256.74949237547
E02002908,721422,361500,254500,5.232405,21074.504957691388
E02002908,722090,339500,253500,4.874483,99763.0736641919
E02002908,722092,341500,253500,4.951545,200136.25367288006
E02002908,722093,342500,253500,4.910785,15311.123079494786
E02002908,722094,343500,253500,4.988847,230396.3485063308
E02002908,722095,344500,253500,4.954701,785628.3323654503
E02002908,722096,345500,253500,4.999824,1000000.0
E02002908,722097,346500,253500,5.015842,1000000.0
E02002908,722098,347500,253500,4.917966,1000000.0
E02002908,722099,348500,253500,4.920837,1000000.0
E02002908,722100,349500,253500,4.939944,1000000.0
E02002908,722101,350500,253500,5.00161,1000000.0
E02002908,722102,351500,253500,5.089968,1000000.0
E02002908,722103,352500,253500,5.030123,1000000.0
E02002908,722104,353500,253500,5.020622,1000000.0
E02002908,722105,354500,253500,5.078499,1000000.0
E02002908,722106,355500,253500,5.024471,599028.0142861502
E02002908,722785,344500,252500,4.959982,170311.40218091826
E02002908,722786,345500,252500,5.00488,991347.5747336794
E02002908,722787,346500,252500,4.923457,933626.2514622131
E02002908,722788,347500,252500,5.012609,1000000.0
E02002908,722789,348500,252500,5.006217,1000000.0
E02002908,722790,349500,252500,4.93511,1000000.0
E02002908,722791,350500,252500,5.016459,1000000.0
E02002908,722792,351500,252500,5.00722,1000000.0
E02002908,722793,352500,252500,5.015006,1000000.0
E02002908,722794,353500,252500,5.070906,1000000.0
E02002908,722795,354500,252500,5.014767,1000000.0
E02002908,722796,355500,252500,5.123393,768816.2847939064
E02002908,722797,356500,252500,5.091657,591556.4381905547
E02002908,722798,357500,252500,5.100141,2321.9828629131453
E02002908,723475,344500,251500,4.991278,7277.041207973637
E02002908,723476,345500,251500,4.977432,505848.2733377365
E02002908,723477,346500,251500,4.950517,3043.0633156262866
E02002908,723478,347500,251500,4.955529,257648.33940748044
E02002908,723479,348500,251500,4.982969,194554.94683804753
E02002908,723480,349500,251500,4.941493,397157.2121609009
E02002908,723481,350500,251500,5.046502,755611.2352597513
E02002908,723482,351500,251500,5.032248,999430.5896933702
E02002908,723483,352500,251500,5.00913,1000000.0
E02002908,723484,353500,251500,5.032079,1000000.0
E02002908,723485,354500,251500,5.101382,1000000.0
E02002908,723486,355500,251500,5.118644,1000000.0
E02002908,723487,356500,251500,5.064735,1000000.0
E02002908,723488,357500,251500,5.114165,359329.81284397107
E02002908,724166,345500,250500,5.022621,22219.78737127148
E02002908,724171,350500,250500,5.078545,12704.079021810026
E02002908,724172,351500,250500,5.118737,365069.37110248476
E02002908,724173,352500,250500,5.102537,667008.0265940165
E02002908,724174,353500,250500,4.998518,864415.2672893386
E02002908,724175,354500,250500,5.125274,998676.4693940271
E02002908,724176,355500,250500,5.170363,1000000.0
E02002908,724177,356500,250500,5.154925,1000000.0
E02002908,724178,357500,250500,5.141569,383503.3840055352
E02002908,724864,353500,249500,5.045784,8375.569532148176
E02002908,724865,354500,249500,5.082327,873630.9456357828
E02002908,724866,355500,249500,5.123678,1000000.0
E02002908,724867,356500,249500,5.150511,1000000.0
E02002908,724868,357500,249500,5.170293,557033.7114323961
E02002908,725554,353500,248500,5.127027,2747.4775544253152
E02002908,725555,354500,248500,5.127234,299910.5411118212
E02002908,725556,355500,248500,5.153258,523891.5843234346
E02002908,725557,356500,248500,5.150003,244837.71764308904
E02002908,725558,357500,248500,5.154308,85010.85984672175
E02002908,726246,355500,247500,5.084723,3777.9401613548353
E02002909,713837,366500,265500,5.284509,216.52207606690013
E02002909,713838,367500,265500,5.24924,310232.416955105
E02002909,713839,368500,265500,5.286484,264760.6069506203
E02002909,713840,369500,265500,5.233655,93013.11884488685
E02002909,714526,365500,264500,5.202762,138805.722691576
E02002909,714527,366500,264500,5.289754,673959.5165599261
E02002909,714528,367500,264500,5.287667,1000000.0
E02002909,714529,368500,264500,5.283404,1000000.0
E02002909,714530,369500,264500,5.242502,817000.5425598104
E02002909,714531,370500,264500,5.339159,186386.89383090503
E02002909,715216,365500,263500,5.249989,95016.5909895419
E02002909,715217,366500,263500,5.292412,887757.4019284188
E02002909,715218,367500,263500,5.314766,1000000.0
E02002909,715219,368500,263500,5.285459,1000000.0
E02002909,715220,369500,263500,5.240492,977376.8612132913
E02002909,715221,370500,263500,5.337864,408244.9448522595
E02002909,715905,364500,262500,5.083438,14776.471198449377
E02002909,715906,365500,262500,5.262661,179002.41909436084
E02002909,715907,366500,262500,5.23655,733779.9130352115
E02002909,715908,367500,262500,5.256687,1000000.0
E02002909,715909,368500,262500,5.334852,631027.4332709112
E02002909,715910,369500,262500,5.285299,70693.54867006617
E02002909,716592,361500,261500,5.062774,344868.9947153504
E02002909,716593,362500,261500,5.041778,588717.0722291289
E02002909,716594,363500,261500,5.123745,672133.6031391853
E02002909,716595,364500,261500,5.151117,646344.0116197886
E02002909,716596,365500,261500,5.330074,1000000.0
E02002909,716597,366500,261500,5.270821,1000000.0
E02002909,716598,367500,261500,5.301794,813384.4731475358
E02002909,716599,368500,261500,5.292551,2285.5609773667684
E02002909,717281,360500,260500,5.07547,212720.69752951415
E02002909,717282,361500,260500,5.060765,740131.8517816026
E02002909,717283,362500,260500,5.053776,1000000.0
E02002909,717284,363500,260500,5.095745,1000000.0
E02002909,717285,364500,260500,5.157511,1000000.0
E02002909,717286,365500,260500,5.329581,1000000.0
E02002909,717287,366500,260500,5.256141,1000000.0
E02002909,717288,367500,260500,5.299932,824258.0130727608
E02002909,717289,368500,260500,5.2644,36473.057719433644
E02002909,717291,370500,260500,5.277082,1405.52006558522
E02002909,717970,359500,259500,4.947639,13769.893117378693
E02002909,717971,360500,259500,5.177649,802693.1849666006
E02002909,717972,361500,259500,5.131914,1000000.0
E02002909,717973,362500,259500,5.195265,1000000.0
E02002909,717974,363500,259500,5.211594,1000000.0
E02002909,717975,364500,259500,5.273481,1000000.0
E02002909,717976,365500,259500,5.403265,1000000.0
E02002909,717977,366500,259500,5.359551,1000000.0
E02002909,717978,367500,259500,5.403762,1000000.0
E02002909,717979,368500,259500,5.392116,835041.9735271751
E02002909,717980,369500,259500,5.346832,873284.9569101948
E02002909,717981,370500,259500,5.398948,935223.5944376981
E02002909,717982,371500,259500,5.427385,668402.1260780491
E02002909,717983,372500,259500,5.452368,295998.4167807782
E02002909,717984,373500,259500,5.526811,125989.98646936197
E02002909,718661,360500,258500,5.093147,577453.7083862345
E02002909,718662,361500,258500,5.090193,1000000.0
E02002909,718663,362500,258500,5.153726,1000000.0
E02002909,718664,363500,258500,5.143094,1000000.0
E02002909,718665,364500,258500,5.184926,1000000.0
E02002909,718666,365500,258500,5.401617,1000000.0
E02002909,718667,366500,258500,5.359731,1000000.0
E02002909,718668,367500,258500,5.334106,1000000.0
E02002909,718669,368500,258500,5.292004,1000000.0
E02002909,718670,369500,258500,5.310771,1000000.0
E02002909,718671,370500,258500,5.401354,1000000.0
E02002909,718672,371500,258500,5.425793,1000000.0
E02002909,718673,372500,258500,5.458099,862345.4694162847
E02002909,718674,373500,258500,5.504495,420116.11818739586
E02002909,719351,360500,257500,5.134186,335332.6620003902
E02002909,719352,361500,257500,5.137329,989985.8334387486
E02002909,719353,362500,257500,5.218423,1000000.0
E02002909,719354,363500,257500,5.155874,1000000.0
E02002909,719355,364500,257500,5.1444,1000000.0
E02002909,719356,365500,257500,5.292906,1000000.0
E02002909,719357,366500,257500,5.323724,1000000.0
E02002909,719358,367500,257500,5.330231,1000000.0
E02002909,719359,368500,257500,5.298587,1000000.0
E02002909,719360,369500,257500,5.351171,1000000.0
E02002909,719361,370500,257500,5.39086,1000000.0
E02002909,719362,371500,257500,5.424048,1000000.0
E02002909,719363,372500,257500,5.443308,770816.1470253683
E02002909,719364,373500,257500,5.422014,19210.714594917517
E02002909,720041,360500,256500,5.191294,179382.3786940465
E02002909,720042,361500,256500,5.185063,1000000.0
E02002909,720043,362500,256500,5.18183,1000000.0
E02002909,720044,363500,256500,5.200735,1000000.0
E02002909,720045,364500,256500,5.18299,1000000.0
E02002909,720046,365500,256500,5.364994,1000000.0
E02002909,720047,366500,256500,5.381322,1000000.0
E02002909,720048,367500,256500,5.32264,1000000.0
E02002909,720049,368500,256500,5.320266,1000000.0
E02002909,720050,369500,256500,5.322771,1000000.0
E02002909,720051,370500,256500,5.424207,1000000.0
E02002909,720052,371500,256500,5.452864,1000000.0
E02002909,720053,372500,256500,5.475853,760710.5299731555
E02002909,720054,373500,256500,5.468492,103274.92661824606
E02002909,720727,356500,255500,5.041956,7507.737766636577
E02002909,720729,358500,255500,5.033507,450859.9576064873
E02002909,720730,359500,255500,5.060665,371734.13766777003
E02002909,720731,360500,255500,5.189074,107432.29740506315
E02002909,720732,361500,255500,5.200342,901909.6044252572
E02002909,720733,362500,255500,5.230389,1000000.0
E02002909,720734,363500,255500,5.239695,1000000.0
E02002909,720735,364500,255500,5.258149,1000000.0
E02002909,720736,365500,255500,5.470384,1000000.0
E02002909,720737,366500,255500,5.381011,1000000.0
E02002909,720738,367500,255500,5.358034,1000000.0
E02002909,720739,368500,255500,5.326196,1000000.0
E02002909,720740,369500,255500,5.315676,1000000.0
E02002909,720741,370500,255500,5.438562,1000000.0
E02002909,720742,371500,255500,5.448819,995210.2505002305
E02002909,720743,372500,255500,5.474557,112199.86630889609
E02002909,721416,355500,254500,5.098458,92886.04693996905
E02002909,721417,356500,254500,5.0041,765738.0484258204
E02002909,721418,357500,254500,5.057109,798008.0475963819
E02002909,721419,358500,254500,4.99589,899714.5209097341
E02002909,721420,359500,254500,5.025219,1000000.0
E02002909,721421,360500,254500,5.193305,810743.2505076245
E02002909,721422,361500,254500,5.232405,978925.4950423086
E02002909,721423,362500,254500,5.264318,1000000.0
E02002909,721424,363500,254500,5.305895,1000000.0
E02002909,721425,364500,254500,5.367913,1000000.0
E02002909,721426,365500,254500,5.607511,1000000.0
E02002909,721427,366500,254500,5.437702,1000000.0
E02002909,721428,367500,254500,5.379059,1000000.0
E02002909,721429,368500,254500,5.334171,1000000.0
E02002909,721430,369500,254500,5.350485,1000000.0
E02002909,721431,370500,254500,5.440412,1000000.0
E02002909,721432,371500,254500,5.383832,626666.7365796504
E02002909,722106,355500,253500,5.024471,400971.9857138499
E02002909,722107,356500,253500,5.048499,1000000.0
E02002909,722108,357500,253500,5.097208,1000000.0
E02002909,722109,358500,253500,5.071077,1000000.0
E02002909,722110,359500,253500,5.098309,1000000.0
E02002909,722111,360500,253500,5.268183,1000000.0
E02002909,722112,361500,253500,5.242028,1000000.0
E02002909,722113,362500,253500,5.312853,1000000.0
E02002909,722114,363500,253500,5.320679,1000000.0
E02002909,722115,364500,253500,5.320372,1000000.0
E02002909,722116,365500,253500,5.511474,1000000.0
E02002909,722117,366500,253500,5.411847,1000000.0
E02002909,722118,367500,253500,5.357375,1000000.0
E02002909,722119,368500,253500,5.350265,1000000.0
E02002909,722120,369500,253500,5.366392,1000000.0
E02002909,722121,370500,253500,5.404673,1000000.0
E02002909,722122,371500,253500,5.426474,253682.55329766276
E02002909,722796,355500,252500,5.123393,231183.7152060937
E02002909,722797,356500,252500,5.091657,408443.5618094453
E02002909,722798,357500,252500,5.100141,997678.0171370868
E02002909,722799,358500,252500,5.1126,1000000.0
E02002909,722800,359500,252500,5.128045,1000000.0
E02002909,722801,360500,252500,5.257468,1000000.0
E02002909,722802,361500,252500,5.280878,1000000.0
E02002909,722803,362500,252500,5.254242,1000000.0
E02002909,722804,363500,252500,5.338945,1000000.0
E02002909,722805,364500,252500,5.294774,1000000.0
E02002909,722806,365500,252500,5.399588,1000000.0
E02002909,722807,366500,252500,5.412387,1000000.0
E02002909,722808,367500,252500,5.350897,1000000.0
E02002909,722809,368500,252500,5.401029,1000000.0
E02002909,722810,369500,252500,5.390333,1000000.0
E02002909,722811,370500,252500,5.440557,563070.311630914
E02002909,722812,371500,252500,5.433131,46271.54585051311
E02002909,723488,357500,251500,5.114165,640670.1871560289
E02002909,723489,358500,251500,5.133507,1000000.0
E02002909,723490,359500,251500,5.116997,1000000.0
E02002909,723491,360500,251500,5.249125,1000000.0
E02002909,723492,361500,251500,5.263184,1000000.0
E02002909,723493,362500,251500,5.23773,1000000.0
E02002909,723494,363500,251500,5.325891,1000000.0
E02002909,723495,364500,251500,5.329385,1000000.0
E02002909,723496,365500,251500,5.404516,1000000.0
E02002909,723497,366500,251500,5.465368,1000000.0
E02002909,723498,367500,251500,5.401794,1000000.0
E02002909,723499,368500,251500,5.375538,1000000.0
E02002909,723500,369500,251500,5.363976,1000000.0
E02002909,723501,370500,251500,5.408345,847454.878281439
E02002909,723502,371500,251500,5.445338,3240.707340795694
E02002909,724178,357500,250500,5.141569,616496.6159944647
E02002909,724179,358500,250500,5.111556,1000000.0
E02002909,724180,359500,250500,5.080297,1000000.0
E02002909,724181,360500,250500,5.258564,1000000.0
E02002909,724182,361500,250500,5.250487,1000000.0
E02002909,724183,362500,250500,5.304129,1000000.0
E02002909,724184,363500,250500,5.292456,1000000.0
E02002909,724185,364500,250500,5.321989,1000000.0
E02002909,724186,365500,250500,5.466536,1000000.0
E02002909,724187,366500,250500,5.45261,1000000.0
E02002909,724188,367500,250500,5.481388,1000000.0
E02002909,724189,368500,250500,5.414767,1000000.0
E02002909,724190,369500,250500,5.391913,1000000.0
E02002909,724191,370500,250500,5.401526,957426.252296396
E02002909,724192,371500,250500,5.448254,63848.99857359364
E02002909,724868,357500,249500,5.170293,442966.2885676039
E02002909,724869,358500,249500,5.134541,1000000.0
E02002909,724870,359500,249500,5.121014,1000000.0
E02002909,724871,360500,249500,5.326789,1000000.0
E02002909,724872,361500,249500,5.27843,1000000.0
E02002909,724873,362500,249500,5.246336,1000000.0
E02002909,724874,363500,249500,5.28898,1000000.0
E02002909,724875,364500,249500,5.317864,1000000.0
E02002909,724876,365500,249500,5.46465,1000000.0
E02002909,724877,366500,249500,5.493737,1000000.0
E02002909,724878,367500,249500,5.473808,1000000.0
E02002909,724879,368500,249500,5.416415,1000000.0
E02002909,724880,369500,249500,5.453838,857559.6167100448
E02002909,724881,370500,249500,5.515541,273228.3573617078
E02002909,725556,355500,248500,5.153258,431160.0107985604
E02002909,725557,356500,248500,5.150003,755162.2823569109
E02002909,725558,357500,248500,5.154308,914989.1401532781
E02002909,725559,358500,248500,5.1454,1000000.0
E02002909,725560,359500,248500,5.140378,1000000.0
E02002909,725561,360500,248500,5.339674,1000000.0
E02002909,725562,361500,248500,5.300941,1000000.0
E02002909,725563,362500,248500,5.268732,1000000.0
E02002909,725564,363500,248500,5.314107,1000000.0
E02002909,725565,364500,248500,5.331223,1000000.0
E02002909,725566,365500,248500,5.516391,1000000.0
E02002909,725567,366500,248500,5.553497,1000000.0
E02002909,725568,367500,248500,5.419612,1000000.0
E02002909,725569,368500,248500,5.477692,1000000.0
E02002909,725570,369500,248500,5.48364,944298.7726315953
E02002909,725571,370500,248500,5.462011,790872.3571910589
E02002909,725572,371500,248500,5.453611,7070.939650742382
E02002909,726246,355500,247500,5.084723,115432.11110943672
E02002909,726247,356500,247500,5.146239,767519.8354368401
E02002909,726248,357500,247500,5.141254,994456.0238406687
E02002909,726249,358500,247500,5.155732,1000000.0
E02002909,726250,359500,247500,5.178608,1000000.0
E02002909,726251,360500,247500,5.314989,1000000.0
E02002909,726252,361500,247500,5.338094,1000000.0
E02002909,726253,362500,247500,5.332344,1000000.0
E02002909,726254,363500,247500,5.326791,1000000.0
E02002909,726255,364500,247500,5.328821,1000000.0
E02002909,726256,365500,247500,5.510627,999832.9241478313
E02002909,726257,366500,247500,5.517119,954567.6035728249
E02002909,726258,367500,247500,5.414778,1000000.0
E02002909,726259,368500,247500,5.405051,995690.0329992967
E02002909,726260,369500,247500,5.450234,476623.727859278
E02002909,726261,370500,247500,5.553444,143252.35085607992
E02002909,726937,356500,246500,5.170078,188579.616889664
E02002909,726938,357500,246500,5.087848,876032.446503235
E02002909,726939,358500,246500,5.142179,1000000.0
E02002909,726940,359500,246500,5.121778,1000000.0
E02002909,726941,360500,246500,5.358383,970414.3054012303
E02002909,726942,361500,246500,5.333899,1000000.0
E02002909,726943,362500,246500,5.333549,1000000.0
E02002909,726944,363500,246500,5.323338,997838.2556901454
E02002909,726945,364500,246500,5.358853,1000000.0
E02002909,726946,365500,246500,5.534726,536393.8994489721
E02002909,726947,366500,246500,5.478131,194495.38256739822
E02002909,726948,367500,246500,5.51796,437257.3855143652
E02002909,726949,368500,246500,5.512781,939020.4868508884
E02002909,726950,369500,246500,5.412174,345617.62255984364
E02002909,727627,356500,245500,5.200815,376257.81780145894
E02002909,727628,357500,245500,5.182006,985318.8026186886
E02002909,727629,358500,245500,5.103428,1000000.0
E02002909,727630,359500,245500,5.099537,978704.4310872814
E02002909,727631,360500,245500,5.340569,244567.00384322723
E02002909,727632,361500,245500,5.341909,433841.9169242014
E02002909,727633,362500,245500,5.3663,389847.3157126759
E02002909,727634,363500,245500,5.357561,108369.51768714355
E02002909,727635,364500,245500,5.343179,492895.66992240696
E02002909,727636,365500,245500,5.501672,332314.19164270686
E02002909,727639,368500,245500,5.3929,410779.3649966608
E02002909,727640,369500,245500,5.353821,156775.61204730105
E02002909,728318,357500,244500,5.197128,131980.12052719065
E02002909,728319,358500,244500,5.181869,99014.49183340697
E02002909,728320,359500,244500,5.150013,63495.890517245825
E02002909,728326,365500,244500,5.500819,34421.58799310949
E02002928,675895,374500,320500,6.067125,408445.9381301737
E02002928,675896,375500,320500,6.082936,259286.07192148484
E02002928,676584,373500,319500,5.940401,249348.40770298874
E02002928,676585,374500,319500,6.248473,718845.275868047
E02002928,676586,375500,319500,6.352248,555189.7265404239
E02002928,677274,373500,318500,5.933636,6677.060342892007
E02002929,672439,368500,325500,5.680595,52272.86639272379
E02002929,672440,369500,325500,5.749969,21414.923187669
E02002929,672441,370500,325500,5.737266,182499.684123996
E02002929,672442,371500,325500,5.754307,444059.2631156049
E02002929,672443,372500,325500,5.76075,290829.1476082411
E02002929,673129,368500,324500,5.675085,608194.7707924115
E02002929,673130,369500,324500,5.719911,1000000.0
E02002929,673131,370500,324500,5.79769,983667.5496201197
E02002929,673132,371500,324500,5.791477,1000000.0
E02002929,673133,372500,324500,5.72398,999404.0722208008
E02002929,673134,373500,324500,5.776827,631655.9896815452
E02002929,673135,374500,324500,5.781245,62619.813296596585
E02002929,673818,367500,323500,5.69054,28332.664417672968
E02002929,673819,368500,323500,5.651083,283413.68076271884
E02002929,673820,369500,323500,5.682912,999871.4363627803
E02002929,673821,370500,323500,5.827263,1000000.0
E02002929,673822,371500,323500,5.793533,1000000.0
E02002929,673823,372500,323500,5.781173,1000000.0
E02002929,673824,373500,323500,5.800883,1000000.0
E02002929,673825,374500,323500,5.809686,660020.7063929564
E02002929,674504,363500,322500,5.595625,42770.93495102577
E02002929,674505,364500,322500,5.578353,112751.7483530962
E02002929,674506,365500,322500,5.714814,288684.0445307317
E02002929,674507,366500,322500,5.701165,605609.9359515234
E02002929,674508,367500,322500,5.699211,581588.129966306
E02002929,674509,368500,322500,5.631083,4082.268687763629
E02002929,674510,369500,322500,5.712129,932995.3177246978
E02002929,674511,370500,322500,5.783887,1000000.0
E02002929,674512,371500,322500,5.80234,1000000.0
E02002929,674513,372500,322500,5.796864,1000000.0
E02002929,674514,373500,322500,5.844906,1000000.0
E02002929,674515,374500,322500,5.840027,942608.6710544948
E02002929,674516,375500,322500,5.917947,22306.27914886858
E02002929,675193,362500,321500,5.603917,29137.005661954496
E02002929,675194,363500,321500,5.570377,763108.9049164006
E02002929,675195,364500,321500,5.595963,553603.3055927041
E02002929,675196,365500,321500,5.72158,1000000.0
E02002929,675197,366500,321500,5.697209,1000000.0
E02002929,675198,367500,321500,5.722024,508375.8666790631
E02002929,675199,368500,321500,5.725293,43870.25466425993
E02002929,675200,369500,321500,5.734624,872079.8817028287
E02002929,675201,370500,321500,5.802859,1000000.0
E02002929,675202,371500,321500,5.814255,1000000.0
E02002929,675203,372500,321500,5.892897,1000000.0
E02002929,675204,373500,321500,5.954322,1000000.0
E02002929,675205,374500,321500,5.874833,407815.69790743233
E02002929,675206,375500,321500,5.98634,705.5851379489587
E02002929,675883,362500,320500,5.627787,240858.39378711663
E02002929,675884,363500,320500,5.609211,998881.9036941591
E02002929,675885,364500,320500,5.605134,1000000.0
E02002929,675886,365500,320500,5.741783,1000000.0
E02002929,675887,366500,320500,5.744873,1000000.0
E02002929,675888,367500,320500,5.767004,570948.0739700045
E02002929,675889,368500,320500,5.77558,743250.3704579388
E02002929,675890,369500,320500,5.761865,932027.7145646345
E02002929,675891,370500,320500,5.837462,1000000.0
E02002929,675892,371500,320500,5.83776,1000000.0
E02002929,675893,372500,320500,5.900885,1000000.0
E02002929,675894,373500,320500,5.915747,1000000.0
E02002929,675895,374500,320500,6.067125,489497.08092930395
E02002929,676573,362500,319500,5.598019,115236.1061201556
E02002929,676574,363500,319500,5.623013,987662.3821170871
E02002929,676575,364500,319500,5.587226,1000000.0
E02002929,676576,365500,319500,5.725495,1000000.0
E02002929,676577,366500,319500,5.732246,1000000.0
E02002929,676578,367500,319500,5.742638,1000000.0
E02002929,676579,368500,319500,5.75473,1000000.0
E02002929,676580,369500,319500,5.765179,1000000.0
E02002929,676581,370500,319500,5.837329,1000000.0
E02002929,676582,371500,319500,5.882361,1000000.0
E02002929,676583,372500,319500,5.906816,1000000.0
E02002929,676584,373500,319500,5.940401,738731.4604791553
E02002929,676585,374500,319500,6.248473,78300.91004660413
E02002929,676586,375500,319500,6.352248,50669.89928442654
E02002929,676587,376500,319500,5.975431,109072.40532494066
E02002929,677263,362500,318500,5.608663,301447.84754719684
E02002929,677264,363500,318500,5.644354,1000000.0
E02002929,677265,364500,318500,5.61,1000000.0
E02002929,677266,365500,318500,5.706003,1000000.0
E02002929,677267,366500,318500,5.743845,1000000.0
E02002929,677268,367500,318500,5.752839,1000000.0
E02002929,677269,368500,318500,5.774736,1000000.0
E02002929,677270,369500,318500,5.798868,1000000.0
E02002929,677271,370500,318500,5.880214,1000000.0
E02002929,677272,371500,318500,5.897797,1000000.0
E02002929,677273,372500,318500,5.877865,1000000.0
E02002929,677274,373500,318500,5.933636,897810.8973947283
E02002929,677275,374500,318500,6.276453,112398.73311484054
E02002929,677276,375500,318500,6.319513,503593.8128160386
E02002929,677277,376500,318500,6.050961,835154.26881155
E02002929,677278,377500,318500,5.924499,73057.11654044349
E02002929,677953,362500,317500,5.61529,146641.71708963448
E02002929,677954,363500,317500,5.638281,999999.6985338116
E02002929,677955,364500,317500,5.606454,1000000.0
E02002929,677956,365500,317500,5.722714,1000000.0
E02002929,677957,366500,317500,5.732659,1000000.0
E02002929,677958,367500,317500,5.757803,1000000.0
E02002929,677959,368500,317500,5.790183,1000000.0
E02002929,677960,369500,317500,5.825533,906341.8792907441
E02002929,677961,370500,317500,5.878663,978173.0227838678
E02002929,677962,371500,317500,5.910444,987074.9879643891
E02002929,677963,372500,317500,5.918389,1000000.0
E02002929,677964,373500,317500,5.989357,998833.2507637205
E02002929,677965,374500,317500,6.119198,991828.9430405295
E02002929,677966,375500,317500,6.100209,1000000.0
E02002929,677967,376500,317500,6.047919,1000000.0
E02002929,677968,377500,317500,5.975287,824699.013929397
E02002929,677969,378500,317500,5.918648,33038.978062641654
E02002929,678643,362500,316500,5.59922,73266.26331723454
E02002929,678644,363500,316500,5.637338,947816.1299303988
E02002929,678645,364500,316500,5.608969,1000000.0
E02002929,678646,365500,316500,5.755045,1000000.0
E02002929,678647,366500,316500,5.770528,1000000.0
E02002929,678648,367500,316500,5.774804,923524.8700057713
E02002929,678649,368500,316500,5.820251,556718.7383345789
E02002929,678650,369500,316500,5.915787,76381.73133256193
E02002929,678651,370500,316500,5.927637,4907.668005466253
E02002929,678652,371500,316500,5.984881,97603.98703925012
E02002929,678653,372500,316500,5.992472,331072.02404370037
E02002929,678654,373500,316500,6.028383,137727.96410200998
E02002929,678655,374500,316500,5.97006,673988.5192265076
E02002929,678656,375500,316500,6.022358,1000000.0
E02002929,678657,376500,316500,6.069036,1000000.0
E02002929,678658,377500,316500,5.98691,1000000.0
E02002929,678659,378500,316500,5.958982,673384.6539544342
E02002929,679334,363500,315500,5.679175,294881.6531423987
E02002929,679335,364500,315500,5.653083,1000000.0
E02002929,679336,365500,315500,5.803351,1000000.0
E02002929,679337,366500,315500,5.817495,719028.9395082175
E02002929,679338,367500,315500,5.874282,54409.79899118087
E02002929,679345,374500,315500,5.974043,11490.958756845259
E02002929,679346,375500,315500,6.016485,774365.1263846742
E02002929,679347,376500,315500,6.024837,1000000.0
E02002929,679348,377500,315500,6.034076,988021.0258269657
E02002929,679349,378500,315500,5.972879,855495.4047576203
E02002929,679350,379500,315500,5.920976,848.2202122334963
E02002929,680024,363500,314500,5.685909,918.0161655470915
E02002929,680025,364500,314500,5.752542,724891.7370327769
E02002929,680026,365500,314500,5.887537,954429.9469887442
E02002929,680027,366500,314500,5.908918,367606.4386884275
E02002929,680036,375500,314500,5.95282,13906.235442723879
E02002929,680037,376500,314500,5.964768,119131.30121483574
E02002929,680038,377500,314500,6.048666,132047.54843976558
E02002929,680039,378500,314500,5.981932,87714.0276674003
E02002929,680715,364500,313500,5.851127,183000.99107478664
E02002929,680716,365500,313500,6.006847,168454.99055950515
E02002930,676584,373500,319500,5.940401,11920.131817855974
E02002930,676585,374500,319500,6.248473,202853.8140853488
E02002930,676586,375500,319500,6.352248,239483.73252180032
E02002930,677274,373500,318500,5.933636,95512.04226237968
E02002930,677275,374500,318500,6.276453,887601.2668851595
E02002930,677276,375500,318500,6.319513,496406.18718396133
E02002930,677965,374500,317500,6.119198,8171.05695947046
E02002931,677960,369500,317500,5.825533,93658.12070925592
E02002931,677961,370500,317500,5.878663,21826.977216132233
E02002931,677962,371500,317500,5.910444,12925.012035610842
E02002931,677964,373500,317500,5.989357,1166.7492362795613
E02002931,678648,367500,316500,5.774804,76475.12999422872
E02002931,678649,368500,316500,5.820251,443281.2616654211
E02002931,678650,369500,316500,5.915787,923618.2686674381
E02002931,678651,370500,316500,5.927637,995092.3319945338
E02002931,678652,371500,316500,5.984881,902396.0129607499
E02002931,678653,372500,316500,5.992472,668927.9759562997
E02002931,678654,373500,316500,6.028383,862272.0358979901
E02002931,678655,374500,316500,5.97006,326011.48077349237
E02002931,679337,366500,315500,5.817495,280971.06049178244
E02002931,679338,367500,315500,5.874282,945590.201008819
E02002931,679339,368500,315500,5.998248,1000000.0
E02002931,679340,369500,315500,6.078245,927423.8835648625
E02002931,679341,370500,315500,6.10217,1000000.0
E02002931,679342,371500,315500,6.123981,1000000.0
E02002931,679343,372500,315500,6.10447,1000000.0
E02002931,679344,373500,315500,6.034517,1000000.0
E02002931,679345,374500,315500,5.974043,572256.2419159176
E02002931,680027,366500,314500,5.908918,325993.2642282697
E02002931,680028,367500,314500,6.00538,817855.6774370483
E02002931,680029,368500,314500,6.13299,173406.02817085918
E02002931,680030,369500,314500,6.242636,45766.96243706834
E02002931,680031,370500,314500,6.366944,393059.9296400633
E02002931,680032,371500,314500,6.291755,1000000.0
E02002931,680033,372500,314500,6.163953,1000000.0
E02002931,680034,373500,314500,6.044741,1000000.0
E02002931,680035,374500,314500,5.917712,422921.800441365
E02002931,680717,366500,313500,6.126404,110467.33772389233
E02002931,680718,367500,313500,6.232998,32318.53238485175
E02002931,680721,370500,313500,6.464279,2959.265685097631
E02002931,680722,371500,313500,6.350367,706145.3749950975
E02002931,680723,372500,313500,6.124993,1000000.0
E02002931,680724,373500,313500,6.036798,889953.9835880896
E02002931,680725,374500,313500,5.975521,72764.84453147427
E02002931,681411,370500,312500,6.445081,17353.86068526429
E02002931,681412,371500,312500,6.284735,888351.9732088329
E02002931,681413,372500,312500,6.123917,1000000.0
E02002931,681414,373500,312500,6.098135,367396.02565615205
E02002931,682102,371500,311500,6.452968,761467.8369609733
E02002931,682103,372500,311500,6.12235,871583.9292751898
E02002931,682104,373500,311500,6.098231,569.0302859487106
E02002931,682792,371500,310500,6.517715,45017.50285561943
E02002931,682793,372500,310500,6.38083,113550.8341349536
E02002932,679340,369500,315500,6.078245,14572.061758287016
E02002932,680030,369500,314500,6.242636,592330.5461703532
E02002932,680031,370500,314500,6.366944,606940.0703599367
E02002932,680720,369500,313500,6.499544,500698.45175827306
E02002932,680721,370500,313500,6.464279,994839.1462335848
E02002932,680722,371500,313500,6.350367,293854.6250049025
E02002932,681411,370500,312500,6.445081,567663.0772334443
E02002932,681412,371500,312500,6.284735,111055.18000929277
E02002933,680024,363500,314500,5.685909,33302.522244451844
E02002933,680025,364500,314500,5.752542,67229.70676284125
E02002933,680714,363500,313500,5.814807,235177.86963362567
E02002933,680715,364500,313500,5.851127,709600.5361371271
E02002933,680716,365500,313500,6.006847,5807.008090735274
E02002933,681404,363500,312500,5.740492,121831.11822066027
E02002933,681405,364500,312500,5.824613,951669.3789659473
E02002933,681406,365500,312500,6.035504,289707.8371865592
E02002933,682094,363500,311500,5.706924,72.64502831622384
E02002933,682095,364500,311500,5.893264,65537.65678093521
E02002934,680026,365500,314500,5.887537,45570.05301125586
E02002934,680027,366500,314500,5.908918,306400.2970833028
E02002934,680715,364500,313500,5.851127,107398.47278808634
E02002934,680716,365500,313500,6.006847,825738.0013497595
E02002934,680717,366500,313500,6.126404,733071.2018143607
E02002934,681406,365500,312500,6.035504,438522.45482312265
E02002934,681407,366500,312500,6.105006,751827.3061892446
E02002934,682097,366500,311500,6.130091,81415.95300861177
E02002935,680719,368500,313500,7.216074,417968.145021356
E02002935,680720,369500,313500,6.499544,396582.71206277114
E02002935,680721,370500,313500,6.464279,2201.5880813175368
E02002935,681409,368500,312500,7.734433,469343.43580606964
E02002935,681410,369500,312500,6.467662,970885.4057861078
E02002935,681411,370500,312500,6.445081,146144.30662059036
E02002935,682100,369500,311500,6.481309,198314.78751615502
E02002936,679340,369500,315500,6.078245,58004.05467685039
E02002936,680028,367500,314500,6.00538,182144.3225629517
E02002936,680029,368500,314500,6.13299,826593.9718291408
E02002936,680030,369500,314500,6.242636,361902.4913925786
E02002936,680717,366500,313500,6.126404,156461.46046174687
E02002936,680718,367500,313500,6.232998,967681.4676151483
E02002936,680719,368500,313500,7.216074,582031.8549786439
E02002936,680720,369500,313500,6.499544,102718.8361789557
E02002936,681407,366500,312500,6.105006,244635.1096794345
E02002936,681408,367500,312500,6.267503,1000000.0
E02002936,681409,368500,312500,7.734433,399414.50722818536
E02002936,682097,366500,311500,6.130091,253080.1741756682
E02002936,682098,367500,311500,6.381237,531256.3875690951
E02002936,682099,368500,311500,6.457433,673381.5364741201
E02002936,682789,368500,310500,6.466433,57224.780444767246
E02002937,673811,360500,323500,5.556872,88403.21333924324
E02002937,673812,361500,323500,5.535146,196172.90986044693
E02002937,674500,359500,322500,5.417679,16696.839651906826
E02002937,674501,360500,322500,5.577655,800585.3343507181
E02002937,674502,361500,322500,5.573073,929655.7910474393
E02002937,674503,362500,322500,5.571933,704046.830335686
E02002937,674504,363500,322500,5.595625,198029.92001699295
E02002937,675191,360500,321500,5.579684,930757.3927929073
E02002937,675192,361500,321500,5.590932,1000000.0
E02002937,675193,362500,321500,5.603917,970862.9943380455
E02002937,675194,363500,321500,5.570377,120809.04084436366
E02002937,675879,358500,320500,5.44026,18388.469656959536
E02002937,675880,359500,320500,5.437966,183133.54523853
E02002937,675881,360500,320500,5.597157,859618.5101294074
E02002937,675882,361500,320500,5.596342,1000000.0
E02002937,675883,362500,320500,5.627787,759141.6062128834
E02002937,676567,356500,319500,5.453609,1315.038390192009
E02002937,676568,357500,319500,5.452947,114974.00470379407
E02002937,676569,358500,319500,5.428705,932912.4838477161
E02002937,676570,359500,319500,5.428411,1000000.0
E02002937,676571,360500,319500,5.574244,1000000.0
E02002937,676572,361500,319500,5.561481,1000000.0
E02002937,676573,362500,319500,5.598019,884763.8938798445
E02002937,676574,363500,319500,5.623013,12337.617882912882
E02002937,677256,355500,318500,5.38081,279351.48050843005
E02002937,677257,356500,318500,5.4441,815266.593816691
E02002937,677258,357500,318500,5.451057,599116.6236604434
E02002937,677259,358500,318500,5.450504,1000000.0
E02002937,677260,359500,318500,5.460113,1000000.0
E02002937,677261,360500,318500,5.599529,1000000.0
E02002937,677262,361500,318500,5.593569,1000000.0
E02002937,677263,362500,318500,5.608663,698552.1524528032
E02002937,677946,355500,317500,5.449808,671631.6146227549
E02002937,677947,356500,317500,5.406336,1000000.0
E02002937,677948,357500,317500,5.455637,1000000.0
E02002937,677949,358500,317500,5.458804,1000000.0
E02002937,677950,359500,317500,5.522141,1000000.0
E02002937,677951,360500,317500,5.625748,1000000.0
E02002937,677952,361500,317500,5.60989,1000000.0
E02002937,677953,362500,317500,5.61529,853358.2829103655
E02002937,677954,363500,317500,5.638281,0.3014661884085432
E02002937,678636,355500,316500,5.439988,694688.6071970499
E02002937,678637,356500,316500,5.464875,1000000.0
E02002937,678638,357500,316500,5.458807,1000000.0
E02002937,678639,358500,316500,5.47661,1000000.0
E02002937,678640,359500,316500,5.436123,1000000.0
E02002937,678641,360500,316500,5.585117,1000000.0
E02002937,678642,361500,316500,5.593468,1000000.0
E02002937,678643,362500,316500,5.59922,926733.7366827654
E02002937,678644,363500,316500,5.637338,52183.87006960124
E02002937,679326,355500,315500,5.468194,612560.0670309361
E02002937,679327,356500,315500,5.444202,1000000.0
E02002937,679328,357500,315500,5.370231,1000000.0
E02002937,679329,358500,315500,5.433028,1000000.0
E02002937,679330,359500,315500,5.44139,1000000.0
E02002937,679331,360500,315500,5.595599,1000000.0
E02002937,679332,361500,315500,5.649796,1000000.0
E02002937,679333,362500,315500,5.636545,1000000.0
E02002937,679334,363500,315500,5.679175,705118.3468576013
E02002937,680016,355500,314500,5.448518,6361.705985715776
E02002937,680017,356500,314500,5.429207,211108.09282692889
E02002937,680018,357500,314500,5.409023,651979.9431483017
E02002937,680019,358500,314500,5.48173,1000000.0
E02002937,680020,359500,314500,5.442151,1000000.0
E02002937,680021,360500,314500,5.585445,1000000.0
E02002937,680022,361500,314500,5.625187,1000000.0
E02002937,680023,362500,314500,5.646207,1000000.0
E02002937,680024,363500,314500,5.685909,965779.4615900011
E02002937,680025,364500,314500,5.752542,207878.5562043818
E02002937,680708,357500,313500,5.346361,54297.95563166237
E02002937,680709,358500,313500,5.360573,210728.77906681888
E02002937,680710,359500,313500,5.428617,515689.76407383784
E02002937,680711,360500,313500,5.607028,1000000.0
E02002937,680712,361500,313500,5.594646,1000000.0
E02002937,680713,362500,313500,5.689933,1000000.0
E02002937,680714,363500,313500,5.814807,764822.1303663743
E02002937,681399,358500,312500,5.424474,55594.738769180265
E02002937,681400,359500,312500,5.421813,788399.5258132127
E02002937,681401,360500,312500,5.601132,1000000.0
E02002937,681402,361500,312500,5.719043,1000000.0
E02002937,681403,362500,312500,5.719204,1000000.0
E02002937,681404,363500,312500,5.740492,877168.4682252096
E02002937,682088,357500,311500,5.56474,13214.362113764244
E02002937,682089,358500,311500,5.533158,756068.3416216883
E02002937,682090,359500,311500,5.460937,1000000.0
E02002937,682091,360500,311500,5.64849,1000000.0
E02002937,682092,361500,311500,5.925334,1000000.0
E02002937,682093,362500,311500,5.732222,1000000.0
E02002937,682094,363500,311500,5.706924,939309.6490252634
E02002937,682095,364500,311500,5.893264,74898.3858139814
E02002937,682779,358500,310500,5.436803,19637.730991608325
E02002937,682780,359500,310500,5.552623,615444.882611032
E02002937,682781,360500,310500,5.748193,996254.6852091382
E02002937,682782,361500,310500,5.783298,1000000.0
E02002937,682783,362500,310500,5.780482,1000000.0
E02002937,682784,363500,310500,5.824098,925361.0533973472
E02002937,682785,364500,310500,5.831147,367813.8273313181
E02002937,682786,365500,310500,5.997983,446756.870483496
E02002937,682787,366500,310500,6.245831,271740.44566686533
E02002937,682788,367500,310500,6.311623,3315.7788541727277
E02002937,683471,360500,309500,5.550917,310015.1371380347
E02002937,683472,361500,309500,5.567702,881439.2148707223
E02002937,683473,362500,309500,5.57998,1000000.0
E02002937,683474,363500,309500,5.589962,1000000.0
E02002937,683475,364500,309500,5.527042,1000000.0
E02002937,683476,365500,309500,5.703114,1000000.0
E02002937,683477,366500,309500,5.887248,1000000.0
E02002937,683478,367500,309500,6.303254,244169.03102760718
E02002937,684162,361500,308500,5.511058,55734.194033444524
E02002937,684163,362500,308500,5.437269,707716.1632443153
E02002937,684164,363500,308500,5.441418,1000000.0
E02002937,684165,364500,308500,5.476285,1000000.0
E02002937,684166,365500,308500,5.661386,1000000.0
E02002937,684167,366500,308500,5.887387,687704.4000189122
E02002937,684168,367500,308500,6.15251,34699.1478454947
E02002937,684853,362500,307500,5.389071,286240.25856695394
E02002937,684854,363500,307500,5.453827,1000000.0
E02002937,684855,364500,307500,5.546257,1000000.0
E02002937,684856,365500,307500,5.68369,1000000.0
E02002937,684857,366500,307500,5.776708,766130.3560277498
E02002937,685543,362500,306500,5.413513,12170.716009373902
E02002937,685544,363500,306500,5.45999,753820.940837363
E02002937,685545,364500,306500,5.527,1000000.0
E02002937,685546,365500,306500,5.636417,1000000.0
E02002937,685547,366500,306500,5.784334,586791.6324279354
E02002937,686234,363500,305500,5.358483,1369.3760446354904
E02002937,686235,364500,305500,5.41213,384620.4112227316
E02002937,686236,365500,305500,5.669072,978804.4626844361
E02002937,686237,366500,305500,5.679665,898338.4787450397
E02002937,686238,367500,305500,5.797272,211492.2063946402
E02002937,686239,368500,305500,5.915916,1339.5737305308164
E02002937,686926,365500,304500,5.580137,429463.5764574589
E02002937,686927,366500,304500,5.686448,1000000.0
E02002937,686928,367500,304500,5.779802,546278.856030426
E02002937,687616,365500,303500,5.588676,11435.524618926345
E02002937,687617,366500,303500,5.64837,436939.5882592775
E02002937,687618,367500,303500,5.834725,899064.7917953953
E02002937,687619,368500,303500,5.877556,575726.4873913627
E02002937,687620,369500,303500,5.89434,88693.76583688622
E02002937,688308,367500,302500,5.845038,19015.554669591613
E02002937,688309,368500,302500,5.722271,92285.62004917886
E02002937,688310,369500,302500,5.751808,555191.9485561374
E02002937,688311,370500,302500,5.88798,254946.12313682446
E02002937,689001,370500,301500,5.67,2292.42034242491
E02002938,681405,364500,312500,5.824613,537.2532061911317
E02002938,681406,365500,312500,6.035504,271769.70799031813
E02002938,681407,366500,312500,6.105006,3537.5841313210312
E02002938,682095,364500,311500,5.893264,3744.8550377958613
E02002938,682096,365500,311500,6.032475,745699.7136671813
E02002938,682097,366500,311500,6.130091,548647.1388174625
E02002938,682786,365500,310500,5.997983,184962.2828695305
E02002938,682787,366500,310500,6.245831,694641.8305300298
E02002938,682788,367500,310500,6.311623,8099.006490878661
E02002939,681404,363500,312500,5.740492,1000.4135541300955
E02002939,681405,364500,312500,5.824613,47793.36782786161
E02002939,682094,363500,311500,5.706924,60617.70594642035
E02002939,682095,364500,311500,5.893264,855819.1023672876
E02002939,682096,365500,311500,6.032475,254300.28633281862
E02002939,682784,363500,310500,5.824098,74638.94660265275
E02002939,682785,364500,310500,5.831147,632186.1726686818
E02002939,682786,365500,310500,5.997983,368280.8466469736
E02002940,681410,369500,312500,6.467662,26602.5413764011
E02002940,681411,370500,312500,6.445081,109965.80360574566
E02002940,682100,369500,311500,6.481309,311657.62892254576
E02002940,682101,370500,311500,6.477001,645793.8526122787
E02002940,682790,369500,310500,6.504005,44954.885694310986
E02002940,682791,370500,310500,6.562852,704109.4655418139
E02002941,681409,368500,312500,7.734433,131242.05696574508
E02002941,681410,369500,312500,6.467662,2512.0528374911382
E02002941,682097,366500,311500,6.130091,116856.7339982576
E02002941,682098,367500,311500,6.381237,468743.6124309049
E02002941,682099,368500,311500,6.457433,326618.46352588
E02002941,682100,369500,311500,6.481309,490027.58356129925
E02002941,682787,366500,310500,6.245831,32376.32864823636
E02002941,682788,367500,310500,6.311623,800386.3318964815
E02002941,682789,368500,310500,6.466433,869003.2929358457
E02002941,682790,369500,310500,6.504005,955045.1143056891
E02002941,682791,370500,310500,6.562852,28552.596731181136
E02002941,683479,368500,309500,6.346694,11141.159486870605
E02002941,683480,369500,309500,6.42719,270323.65320597216
E02002941,683481,370500,309500,6.586935,302770.3615083446
E02002942,681411,370500,312500,6.445081,158872.95185495546
E02002942,681412,371500,312500,6.284735,592.8467818743491
E02002942,682101,370500,311500,6.477001,354206.14738772117
E02002942,682102,371500,311500,6.452968,238532.1630390266
E02002942,682791,370500,310500,6.562852,267337.93772700505
E02002942,682792,371500,310500,6.517715,954982.4971443806
E02002942,682793,372500,310500,6.38083,731300.361028801
E02002942,683481,370500,309500,6.586935,246719.53495244443
E02002942,683482,371500,309500,6.596881,689857.5993264134
E02002942,683483,372500,309500,6.650221,648614.3910564466
E02002944,684168,367500,308500,6.15251,5969.29376651215
E02002944,684169,368500,308500,6.233638,464000.9030416676
E02002944,684170,369500,308500,6.243967,817878.9668352574
E02002944,684171,370500,308500,6.41791,122072.89337318449
E02002944,684858,367500,307500,5.99804,244357.9316056105
E02002944,684859,368500,307500,6.188506,644781.1504833804
E02002944,684860,369500,307500,6.117318,825269.6635556567
E02002944,684861,370500,307500,6.356309,15410.590351128214
E02002944,685550,369500,306500,6.143473,93711.9935110217
E02002945,683481,370500,309500,6.586935,192953.6199608136
E02002945,683482,371500,309500,6.596881,310142.4006735866
E02002945,683483,372500,309500,6.650221,110942.68947311476
E02002945,684170,369500,308500,6.243967,1279.3036634122197
E02002945,684171,370500,308500,6.41791,839801.3744554771
E02002945,684172,371500,308500,6.722289,1000000.0
E02002945,684173,372500,308500,6.396358,390208.03953361826
E02002945,684860,369500,307500,6.117318,165306.48639690675
E02002945,684861,370500,307500,6.356309,984589.4096488717
E02002945,684862,371500,307500,6.342537,877547.8421976443
E02002945,684863,372500,307500,6.269375,27775.675139991232
E02002945,685550,369500,306500,6.143473,187654.11542368872
E02002945,685551,370500,306500,6.364581,604207.3276899498
E02002945,685552,371500,306500,6.439448,612496.4515556919
E02002945,686242,371500,305500,6.669998,11711.27109719316
E02002946,684858,367500,307500,5.99804,104024.02315128583
E02002946,684859,368500,307500,6.188506,355218.8495166197
E02002946,684860,369500,307500,6.117318,9423.850047436541
E02002946,685548,367500,306500,5.960544,83365.420274056
E02002946,685549,368500,306500,6.005453,999664.5359391907
E02002946,685550,369500,306500,6.143473,438095.422456391
E02002946,686239,368500,305500,5.915916,593563.1757287494
E02002946,686240,369500,305500,6.098503,445589.43889565615
E02002947,685550,369500,306500,6.143473,280538.46860889863
E02002947,685551,370500,306500,6.364581,395792.67231005017
E02002947,685552,371500,306500,6.439448,71146.64259163807
E02002947,686240,369500,305500,6.098503,190140.45811850234
E02002947,686241,370500,305500,6.384996,559599.0421061963
E02002947,686242,371500,305500,6.669998,25524.669462817496
E02002948,686238,367500,305500,5.797272,15342.496350277053
E02002948,686239,368500,305500,5.915916,185791.14639883948
E02002948,686240,369500,305500,6.098503,6992.884634201974
E02002948,686928,367500,304500,5.779802,415489.42216652684
E02002948,686929,368500,304500,6.020125,733253.4143213774
E02002948,686930,369500,304500,6.084507,65963.55790466133
E02002949,686239,368500,305500,5.915916,15496.632722793314
E02002949,686240,369500,305500,6.098503,354058.23003627086
E02002949,686241,370500,305500,6.384996,34302.72820884249
E02002949,686928,367500,304500,5.779802,38231.72180304709
E02002949,686929,368500,304500,6.020125,266746.5856786224
E02002949,686930,369500,304500,6.084507,912130.8683346198
E02002949,686931,370500,304500,6.273149,209186.3925931262
E02002949,687618,367500,303500,5.834725,27520.10865130397
E02002949,687619,368500,303500,5.877556,422295.97101943276
E02002949,687620,369500,303500,5.89434,374804.47805238137
E02002950,685552,371500,306500,6.439448,125073.99556403831
E02002950,686240,369500,305500,6.098503,3218.9883153686246
E02002950,686241,370500,305500,6.384996,406098.2296849612
E02002950,686242,371500,305500,6.669998,770412.0779169803
E02002950,686930,369500,304500,6.084507,21905.57376071893
E02002950,686931,370500,304500,6.273149,790813.6074068738
E02002950,686932,371500,304500,6.162707,746936.7571702796
E02002950,687620,369500,303500,5.89434,536501.7561107324
E02002950,687621,370500,303500,6.167167,792925.4443356427
E02002950,687622,371500,303500,6.779426,111075.94054751562
E02002950,688310,369500,302500,5.751808,133798.66847707648
E02002950,688311,370500,302500,5.88798,324706.52851902606
E02004077,656625,424500,348500,6.12974,3188.342120158013
E02004077,657311,420500,347500,6.070951,47252.29744887282
E02004077,657312,421500,347500,6.069006,408793.5786171027
E02004077,657313,422500,347500,6.07356,647454.5338287783
E02004077,657314,423500,347500,6.169233,491633.8884967548
E02004077,657315,424500,347500,6.261683,29141.43648397246
E02004077,657996,415500,346500,5.988601,1278.5977887585705
E02004077,657997,416500,346500,5.996675,2146.524955622936
E02004077,658000,419500,346500,6.139785,107297.5312413719
E02004077,658001,420500,346500,6.143478,357583.36923871964
E02004077,658002,421500,346500,6.132217,984986.5906505289
E02004077,658003,422500,346500,6.116167,1000000.0
E02004077,658004,423500,346500,6.17499,734076.0642536143
E02004077,658686,415500,345500,6.031698,148678.34765708743
E02004077,658687,416500,345500,6.09922,782787.452244556
E02004077,658688,417500,345500,6.153766,682914.0909464827
E02004077,658689,418500,345500,6.262914,141939.19947383812
E02004077,658690,419500,345500,6.250755,343636.70366250095
E02004077,658691,420500,345500,6.208232,1000000.0
E02004077,658692,421500,345500,6.170915,1000000.0
E02004077,658693,422500,345500,6.200145,1000000.0
E02004077,658694,423500,345500,6.271739,935581.6861686601
E02004077,658695,424500,345500,6.277927,245536.47560099507
E02004077,659375,414500,344500,5.995517,109577.52660398762
E02004077,659376,415500,344500,6.011397,503552.57504851377
E02004077,659377,416500,344500,6.080211,997514.5996357513
E02004077,659378,417500,344500,6.040331,1000000.0
E02004077,659379,418500,344500,6.133143,1000000.0
E02004077,659380,419500,344500,6.161732,986052.0528019797
E02004077,659381,420500,344500,6.192104,1000000.0
E02004077,659382,421500,344500,6.157398,1000000.0
E02004077,659383,422500,344500,6.253867,1000000.0
E02004077,659384,423500,344500,6.281693,1000000.0
E02004077,659385,424500,344500,6.298929,986651.6435605307
E02004077,659386,425500,344500,6.258613,343283.0387640664
E02004077,659387,426500,344500,6.330911,615.757422304767
E02004077,660064,413500,343500,5.998042,185688.58869819445
E02004077,660065,414500,343500,6.002742,848891.1563102598
E02004077,660066,415500,343500,6.00693,1000000.0
E02004077,660067,416500,343500,6.055457,1000000.0
E02004077,660068,417500,343500,6.082907,1000000.0
E02004077,660069,418500,343500,6.10885,1000000.0
E02004077,660070,419500,343500,6.132475,1000000.0
E02004077,660071,420500,343500,6.139914,1000000.0
E02004077,660072,421500,343500,6.180308,1000000.0
E02004077,660073,422500,343500,6.283923,1000000.0
E02004077,660074,423500,343500,6.205618,1000000.0
E02004077,660075,424500,343500,6.230006,1000000.0
E02004077,660076,425500,343500,6.3109,999498.722573766
E02004077,660077,426500,343500,6.227866,363126.32230244274
E02004077,660752,411500,342500,6.089355,98407.35512725337
E02004077,660753,412500,342500,6.036152,460157.3529304141
E02004077,660754,413500,342500,6.047679,861066.5802858219
E02004077,660755,414500,342500,6.007309,1000000.0
E02004077,660756,415500,342500,6.003931,1000000.0
E02004077,660757,416500,342500,6.09725,1000000.0
E02004077,660758,417500,342500,6.072289,1000000.0
E02004077,660759,418500,342500,6.086464,1000000.0
E02004077,660760,419500,342500,6.074059,1000000.0
E02004077,660761,420500,342500,6.065987,1000000.0
E02004077,660762,421500,342500,6.173776,1000000.0
E02004077,660763,422500,342500,6.312789,1000000.0
E02004077,660764,423500,342500,6.275494,1000000.0
E02004077,660765,424500,342500,6.260768,1000000.0
E02004077,660766,425500,342500,6.322468,1000000.0
E02004077,660767,426500,342500,6.328445,999645.9543424567
E02004077,660768,427500,342500,6.332463,826149.4852669723
E02004077,660769,428500,342500,6.370693,239037.3170404346
E02004077,661442,411500,341500,6.073167,432696.5784830936
E02004077,661443,412500,341500,6.081743,1000000.0
E02004077,661444,413500,341500,6.01146,1000000.0
E02004077,661445,414500,341500,6.026912,1000000.0
E02004077,661446,415500,341500,6.039737,1000000.0
E02004077,661447,416500,341500,6.10492,1000000.0
E02004077,661448,417500,341500,6.036434,1000000.0
E02004077,661449,418500,341500,6.045223,1000000.0
E02004077,661450,419500,341500,6.085485,1000000.0
E02004077,661451,420500,341500,6.100676,1000000.0
E02004077,661452,421500,341500,6.184753,1000000.0
E02004077,661453,422500,341500,6.285794,1000000.0
E02004077,661454,423500,341500,6.31876,1000000.0
E02004077,661455,424500,341500,6.358836,1000000.0
E02004077,661456,425500,341500,6.420922,1000000.0
E02004077,661457,426500,341500,6.350733,1000000.0
E02004077,661458,427500,341500,6.366886,1000000.0
E02004077,661459,428500,341500,6.418942,793678.6248611626
E02004077,662132,411500,340500,6.085763,342869.4106354254
E02004077,662133,412500,340500,6.028225,1000000.0
E02004077,662134,413500,340500,6.030573,1000000.0
E02004077,662135,414500,340500,6.03085,1000000.0
E02004077,662136,415500,340500,6.136329,1000000.0
E02004077,662137,416500,340500,6.12192,1000000.0
E02004077,662138,417500,340500,6.044579,1000000.0
E02004077,662139,418500,340500,6.063494,1000000.0
E02004077,662140,419500,340500,6.074137,1000000.0
E02004077,662141,420500,340500,6.154511,1000000.0
E02004077,662142,421500,340500,6.182333,1000000.0
E02004077,662143,422500,340500,6.2354,1000000.0
E02004077,662144,423500,340500,6.29774,1000000.0
E02004077,662145,424500,340500,6.306667,1000000.0
E02004077,662146,425500,340500,6.272819,1000000.0
E02004077,662147,426500,340500,6.364802,836372.2674019864
E02004077,662148,427500,340500,6.415987,412268.190559061
E02004077,662149,428500,340500,6.430409,161404.28503000256
E02004077,662822,411500,339500,6.126621,582342.6195344813
E02004077,662823,412500,339500,5.999556,1000000.0
E02004077,662824,413500,339500,5.97124,1000000.0
E02004077,662825,414500,339500,5.948563,1000000.0
E02004077,662826,415500,339500,6.089496,1000000.0
E02004077,662827,416500,339500,6.012275,1000000.0
E02004077,662828,417500,339500,5.986403,1000000.0
E02004077,662829,418500,339500,6.008163,1000000.0
E02004077,662830,419500,339500,6.072984,1000000.0
E02004077,662831,420500,339500,6.16984,1000000.0
E02004077,662832,421500,339500,6.15064,1000000.0
E02004077,662833,422500,339500,6.111372,1000000.0
E02004077,662834,423500,339500,6.098203,1000000.0
E02004077,662835,424500,339500,6.158951,997313.7341158096
E02004077,662836,425500,339500,6.172065,1000000.0
E02004077,662837,426500,339500,6.289765,640847.4144210664
E02004077,663511,410500,338500,6.071423,43728.623947920554
E02004077,663512,411500,338500,6.034466,728179.915565136
E02004077,663513,412500,338500,6.011755,1000000.0
E02004077,663514,413500,338500,5.967063,1000000.0
E02004077,663515,414500,338500,5.957879,1000000.0
E02004077,663516,415500,338500,5.960916,1000000.0
E02004077,663517,416500,338500,6.02702,1000000.0
E02004077,663518,417500,338500,5.992805,1000000.0
E02004077,663519,418500,338500,6.026807,1000000.0
E02004077,663520,419500,338500,6.105648,1000000.0
E02004077,663521,420500,338500,6.179172,1000000.0
E02004077,663522,421500,338500,6.125704,1000000.0
E02004077,663523,422500,338500,6.2079,1000000.0
E02004077,663524,423500,338500,6.172042,728483.4817242227
E02004077,663525,424500,338500,6.23293,52871.928226777745
E02004077,663526,425500,338500,6.222005,141861.34132107155
E02004077,663527,426500,338500,6.304841,124821.40010298594
E02004077,664200,409500,337500,6.033527,11336.541112780233
E02004077,664201,410500,337500,6.115489,711704.5049651589
E02004077,664202,411500,337500,6.061618,1000000.0
E02004077,664203,412500,337500,5.997859,1000000.0
E02004077,664204,413500,337500,6.004489,1000000.0
E02004077,664205,414500,337500,5.998712,1000000.0
E02004077,664206,415500,337500,5.986189,1000000.0
E02004077,664207,416500,337500,6.013381,1000000.0
E02004077,664208,417500,337500,6.046572,1000000.0
E02004077,664209,418500,337500,6.054753,1000000.0
E02004077,664210,419500,337500,6.103281,1000000.0
E02004077,664211,420500,337500,6.19143,1000000.0
E02004077,664212,421500,337500,6.191269,1000000.0
E02004077,664213,422500,337500,6.141335,1000000.0
E02004077,664214,423500,337500,6.243587,610573.579735742
E02004077,664890,409500,336500,6.137031,138999.47154604679
E02004077,664891,410500,336500,6.140318,999971.1122837367
E02004077,664892,411500,336500,6.018749,1000000.0
E02004077,664893,412500,336500,6.051592,1000000.0
E02004077,664894,413500,336500,6.016035,1000000.0
E02004077,664895,414500,336500,6.031591,1000000.0
E02004077,664896,415500,336500,6.110806,1000000.0
E02004077,664897,416500,336500,6.066496,1000000.0
E02004077,664898,417500,336500,6.046612,1000000.0
E02004077,664899,418500,336500,6.019389,1000000.0
E02004077,664900,419500,336500,6.056916,952986.2951440902
E02004077,664901,420500,336500,6.141897,931077.6886864948
E02004077,664902,421500,336500,6.124199,991489.7782832785
E02004077,664903,422500,336500,6.2016,1000000.0
E02004077,664904,423500,336500,6.209889,415572.7090239355
E02004077,665580,409500,335500,6.11534,26522.679231721246
E02004077,665581,410500,335500,6.150156,670503.7375131426
E02004077,665582,411500,335500,6.118979,1000000.0
E02004077,665583,412500,335500,6.104558,1000000.0
E02004077,665584,413500,335500,6.10989,1000000.0
E02004077,665585,414500,335500,6.077716,1000000.0
E02004077,665586,415500,335500,6.028319,1000000.0
E02004077,665587,416500,335500,6.147691,999734.0300824741
E02004077,665588,417500,335500,6.107507,916947.2239534031
E02004077,665589,418500,335500,6.120368,995689.5951257321
E02004077,665590,419500,335500,6.117633,520501.77735072747
E02004077,665591,420500,335500,6.220504,25935.166348839142
E02004077,665592,421500,335500,6.246562,136325.97854948303
E02004077,665593,422500,335500,6.198683,841382.46394881
E02004077,665594,423500,335500,6.211766,293789.0054977215
E02004077,666271,410500,334500,6.346719,338284.5448729397
E02004077,666272,411500,334500,6.391311,982566.4701154213
E02004077,666273,412500,334500,6.455764,1000000.0
E02004077,666274,413500,334500,6.096686,1000000.0
E02004077,666275,414500,334500,6.118749,1000000.0
E02004077,666276,415500,334500,6.124238,1000000.0
E02004077,666277,416500,334500,6.172001,1000000.0
E02004077,666278,417500,334500,6.101656,189005.99538022108
E02004077,666279,418500,334500,6.079248,118666.75072693538
E02004077,666280,419500,334500,6.146725,95744.57827737897
E02004077,666283,422500,334500,6.161088,494608.6966256436
E02004077,666284,423500,334500,6.246418,352109.2195456801
E02004077,666962,411500,333500,6.054031,667907.2172242195
E02004077,666963,412500,333500,6.165751,1000000.0
E02004077,666964,413500,333500,6.329675,1000000.0
E02004077,666965,414500,333500,6.361502,1000000.0
E02004077,666966,415500,333500,6.178979,1000000.0
E02004077,666967,416500,333500,6.203818,1000000.0
E02004077,666968,417500,333500,6.102187,631868.2937375739
E02004077,666973,422500,333500,6.219395,13623.921410980474
E02004077,666974,423500,333500,6.23885,2317.1792569022764
E02004077,667652,411500,332500,6.014311,615735.8475933004
E02004077,667653,412500,332500,6.124468,992521.0433390259
E02004077,667654,413500,332500,6.073988,983486.7836375965
E02004077,667655,414500,332500,6.073028,1000000.0
E02004077,667656,415500,332500,6.433336,1000000.0
E02004077,667657,416500,332500,6.392419,1000000.0
E02004077,667658,417500,332500,6.15638,765571.4100751028
E02004077,668342,411500,331500,6.076493,26450.1488257201
E02004077,668343,412500,331500,6.039001,351372.07086740935
E02004077,668344,413500,331500,6.101069,148327.71172499098
E02004077,668345,414500,331500,6.103108,364119.46388930344
E02004077,668346,415500,331500,6.094446,624880.5241423498
E02004077,668347,416500,331500,6.264559,936561.9085167318
E02004077,668348,417500,331500,6.406215,738932.978534295
E02004077,669037,416500,330500,6.077366,197637.6803550702
E02004077,669038,417500,330500,6.126659,306354.76540234283
E02004086,663543,442500,338500,6.933942,375402.91863544914
E02004086,663544,443500,338500,6.887511,294906.4664082942
E02004086,664232,441500,337500,7.056475,78470.17519803769
E02004086,664233,442500,337500,6.910583,981295.8377680399
E02004086,664234,443500,337500,6.861014,795880.5684991642
E02004086,664235,444500,337500,6.882559,25139.64455309675
E02004086,664922,441500,336500,7.154497,607343.775014591
E02004086,664923,442500,336500,6.9764,1000000.0
E02004086,664924,443500,336500,6.930054,355728.73358927184
E02004086,665612,441500,335500,7.207317,757265.8171845424
E02004086,665613,442500,335500,7.118051,1000000.0
E02004086,665614,443500,335500,7.026067,181572.5178889445
E02004086,666302,441500,334500,7.041134,896724.1494008455
E02004086,666303,442500,334500,7.039814,863510.8978781125
E02004086,666304,443500,334500,6.900088,36173.95371521671
E02004086,666992,441500,333500,6.925821,42802.7306702345
E02004086,666993,442500,333500,6.815862,287221.46738217457
E02004088,665617,446500,335500,7.105461,316848.4475357457
E02004088,665618,447500,335500,7.671113,59519.15709218389
E02004088,666307,446500,334500,6.978051,502847.48186296184
E02004088,666308,447500,334500,7.532616,460239.0847418691
E02004088,666309,448500,334500,7.380311,187998.63245201667
E02004088,666997,446500,333500,7.088861,384531.1503348474
E02004088,666998,447500,333500,7.47231,930705.7458022924
E02004088,666999,448500,333500,7.26701,233436.1448064026
E02004088,667687,446500,332500,7.197198,40012.51351499447
E02004088,667688,447500,332500,7.400658,311070.94493448065
E02004088,667689,448500,332500,7.312008,3615.024433864687
E02004090,665614,443500,335500,7.026067,39237.23956916608
E02004090,665615,444500,335500,7.007692,148822.22224548706
E02004090,665616,445500,335500,7.050584,72331.1481979145
E02004090,665617,446500,335500,7.105461,68741.22704764141
E02004090,666303,442500,334500,7.039814,136475.1653374062
E02004090,666304,443500,334500,6.900088,836778.1983650392
E02004090,666305,444500,334500,6.877461,876096.5222297334
E02004090,666306,445500,334500,6.89441,957373.9604226194
E02004090,666307,446500,334500,6.978051,497152.51813703816
E02004090,666993,442500,333500,6.815862,296691.72131505446
E02004090,666994,443500,333500,6.907846,927185.8636664164
E02004090,666995,444500,333500,6.959023,1000000.0
E02004090,666996,445500,333500,6.961118,1000000.0
E02004090,666997,446500,333500,7.088861,615468.8496651526
E02004090,666998,447500,333500,7.47231,56085.01033583734
E02004090,667683,442500,332500,6.869751,84.0815044451396
E02004090,667684,443500,332500,6.851872,249160.76022941363
E02004090,667685,444500,332500,6.834561,778347.8577304194
E02004090,667686,445500,332500,6.765784,1000000.0
E02004090,667687,446500,332500,7.197198,773870.275392216
E02004090,667688,447500,332500,7.400658,6112.940250347144
E02004090,668374,443500,331500,6.85867,24646.95777301905
E02004090,668375,444500,331500,6.820026,512915.99692540814
E02004090,668376,445500,331500,6.813262,869406.8108947952
E02004090,668377,446500,331500,7.218201,499519.6609052443
E02004090,669066,445500,330500,6.983526,54465.297763382194
E02004090,669067,446500,330500,7.21604,74911.01391930981
E02004091,666310,449500,334500,7.298748,81697.72950237557
E02004091,666311,450500,334500,7.222834,126252.82355994782
E02004091,666999,448500,333500,7.26701,36382.20225921663
E02004091,667000,449500,333500,7.35533,371984.6622704779
E02004091,667001,450500,333500,7.149261,891529.8611610538
E02004091,667002,451500,333500,6.998237,90829.12616213268
E02004091,667688,447500,332500,7.400658,14125.341513559611
E02004091,667689,448500,332500,7.312008,632550.7680145991
E02004091,667690,449500,332500,7.219677,779526.8570302933
E02004091,667691,450500,332500,7.036965,920427.267653319
E02004091,667692,451500,332500,6.933271,71744.00034822614
E02004091,668378,447500,331500,7.110957,38171.739263668365
E02004091,668379,448500,331500,7.012257,892480.959274578
E02004091,668380,449500,331500,7.001,956961.7145020472
E02004091,668381,450500,331500,6.937759,483284.184017781
E02004091,668382,451500,331500,6.893021,117973.52736370856
E02004091,669068,447500,330500,7.071558,23667.69673612693
E02004091,669069,448500,330500,6.911405,52819.366907272604
E02004091,669070,449500,330500,6.867839,27846.583962227916
E02004092,666998,447500,333500,7.47231,13209.243861870353
E02004092,666999,448500,333500,7.26701,346538.5814672947
E02004092,667687,446500,332500,7.197198,186117.21109278948
E02004092,667688,447500,332500,7.400658,668690.7733016124
E02004092,667689,448500,332500,7.312008,355517.8910145786
E02004092,668377,446500,331500,7.218201,431189.78803417506
E02004092,668378,447500,331500,7.110957,911089.2163120765
E02004092,668379,448500,331500,7.012257,33876.921232720095
E02004092,669067,446500,330500,7.21604,10224.396480088932
E02004092,669068,447500,330500,7.071558,32854.168286559085
E02004118,662835,424500,339500,6.158951,2686.265884190459
E02004118,663524,423500,338500,6.172042,271516.5182757774
E02004118,663525,424500,338500,6.23293,947128.0717732222
E02004118,663526,425500,338500,6.222005,858138.6586789285
E02004118,663527,426500,338500,6.304841,324438.5298779316
E02004118,664214,423500,337500,6.243587,389426.42026425805
E02004118,664215,424500,337500,6.198947,1000000.0
E02004118,664216,425500,337500,6.293706,1000000.0
E02004118,664217,426500,337500,6.234068,947251.1947835975
E02004118,664218,427500,337500,6.316214,759001.5790640176
E02004118,664219,428500,337500,6.423104,691218.0174340163
E02004118,664220,429500,337500,6.503987,414177.5810369993
E02004118,664221,430500,337500,6.586233,11800.139224673174
E02004118,664900,419500,336500,6.056916,47013.70485590978
E02004118,664901,420500,336500,6.141897,68922.31131350517
E02004118,664902,421500,336500,6.124199,8510.221716721633
E02004118,664904,423500,336500,6.209889,584427.2909760645
E02004118,664905,424500,336500,6.192776,1000000.0
E02004118,664906,425500,336500,6.173797,1000000.0
E02004118,664907,426500,336500,6.253232,1000000.0
E02004118,664908,427500,336500,6.316204,1000000.0
E02004118,664909,428500,336500,6.43825,1000000.0
E02004118,664910,429500,336500,6.546827,1000000.0
E02004118,664911,430500,336500,6.789455,447213.1180905729
E02004118,665587,416500,335500,6.147691,265.9699175259682
E02004118,665588,417500,335500,6.107507,83052.776046597
E02004118,665589,418500,335500,6.120368,4310.404874267846
E02004118,665590,419500,335500,6.117633,479498.2226492725
E02004118,665591,420500,335500,6.220504,974064.8336511608
E02004118,665592,421500,335500,6.246562,863674.021450517
E02004118,665593,422500,335500,6.198683,158617.53605119005
E02004118,665594,423500,335500,6.211766,706210.9945022785
E02004118,665595,424500,335500,6.272849,1000000.0
E02004118,665596,425500,335500,6.242435,1000000.0
E02004118,665597,426500,335500,6.33253,1000000.0
E02004118,665598,427500,335500,6.398112,1000000.0
E02004118,665599,428500,335500,6.445636,1000000.0
E02004118,665600,429500,335500,6.555745,980533.250725561
E02004118,665601,430500,335500,6.922769,126835.27092553723
E02004118,666278,417500,334500,6.101656,810994.0046197788
E02004118,666279,418500,334500,6.079248,881333.2492730645
E02004118,666280,419500,334500,6.146725,904255.4217226211
E02004118,666281,420500,334500,6.201566,1000000.0
E02004118,666282,421500,334500,6.204147,1000000.0
E02004118,666283,422500,334500,6.161088,505391.3033743564
E02004118,666284,423500,334500,6.246418,647890.7804543199
E02004118,666285,424500,334500,6.236783,1000000.0
E02004118,666286,425500,334500,6.270652,1000000.0
E02004118,666287,426500,334500,6.328039,1000000.0
E02004118,666288,427500,334500,6.386434,1000000.0
E02004118,666289,428500,334500,6.473213,1000000.0
E02004118,666290,429500,334500,6.68464,999896.8489964823
E02004118,666291,430500,334500,6.935618,83709.43734645334
E02004118,666968,417500,333500,6.102187,368131.7062624261
E02004118,666969,418500,333500,6.096334,1000000.0
E02004118,666970,419500,333500,6.127653,1000000.0
E02004118,666971,420500,333500,6.151013,1000000.0
E02004118,666972,421500,333500,6.176694,1000000.0
E02004118,666973,422500,333500,6.219395,986376.0785890195
E02004118,666974,423500,333500,6.23885,997682.8207430978
E02004118,666975,424500,333500,6.32626,1000000.0
E02004118,666976,425500,333500,6.250845,1000000.0
E02004118,666977,426500,333500,6.329044,1000000.0
E02004118,666978,427500,333500,6.368372,1000000.0
E02004118,666979,428500,333500,6.574183,1000000.0
E02004118,666980,429500,333500,6.730519,1000000.0
E02004118,666981,430500,333500,6.812798,720828.6634982672
E02004118,666982,431500,333500,7.108608,2476.3609625929494
E02004118,667658,417500,332500,6.15638,234428.58992489713
E02004118,667659,418500,332500,6.113176,1000000.0
E02004118,667660,419500,332500,6.155517,1000000.0
E02004118,667661,420500,332500,6.286725,1000000.0
E02004118,667662,421500,332500,6.280767,1000000.0
E02004118,667663,422500,332500,6.285906,1000000.0
E02004118,667664,423500,332500,6.326138,891706.8964372905
E02004118,667665,424500,332500,6.341173,245838.7277780867
E02004118,667666,425500,332500,6.44498,643365.8776442447
E02004118,667667,426500,332500,6.450249,783972.627186119
E02004118,667668,427500,332500,6.526988,574318.4967729853
E02004118,667669,428500,332500,6.646368,679281.8403050231
E02004118,667670,429500,332500,6.637293,1000000.0
E02004118,667671,430500,332500,6.923967,941600.3109950885
E02004118,667672,431500,332500,7.024569,19800.396746380015
E02004118,668348,417500,331500,6.406215,261067.0214657051
E02004118,668349,418500,331500,6.411898,1000000.0
E02004118,668350,419500,331500,6.429282,1000000.0
E02004118,668351,420500,331500,6.532895,1000000.0
E02004118,668352,421500,331500,6.569809,1000000.0
E02004118,668353,422500,331500,6.639776,1000000.0
E02004118,668354,423500,331500,6.674463,529956.0044633559
E02004118,668357,426500,331500,6.600646,720.5044213991077
E02004118,668359,428500,331500,6.620948,357178.2242241278
E02004118,668360,429500,331500,6.792553,1000000.0
E02004118,668361,430500,331500,6.972426,405110.29638057994
E02004118,669037,416500,330500,6.077366,1665.0782788522702
E02004118,669038,417500,330500,6.126659,641369.2798665643
E02004118,669039,418500,330500,6.253122,1000000.0
E02004118,669040,419500,330500,6.276973,1000000.0
E02004118,669041,420500,330500,6.336837,1000000.0
E02004118,669042,421500,330500,6.556022,1000000.0
E02004118,669043,422500,330500,6.534898,871586.0317128677
E02004118,669044,423500,330500,6.510607,7279.50799114747
E02004118,669049,428500,330500,7.758315,505141.60666089924
E02004118,669050,429500,330500,7.199506,633753.5179887206
E02004118,669051,430500,330500,6.934655,559.1446375863854
E02004118,669727,416500,329500,6.062213,2242.9017258453546
E02004118,669728,417500,329500,6.077842,155220.00609328708
E02004118,669729,418500,329500,6.132267,577117.5256462268
E02004118,669730,419500,329500,6.187335,208140.44192373173
E02004118,669731,420500,329500,6.281919,419551.4817849332
E02004118,669732,421500,329500,7.411482,532706.427508179
E02004118,669733,422500,329500,6.451987,606388.7982047125
E02004118,669739,428500,329500,7.039979,4045.806005545841
E02004118,669740,429500,329500,7.19109,23755.465015259182
E02004119,667664,423500,332500,6.326138,108293.10356270948
E02004119,667665,424500,332500,6.341173,754161.2722219133
E02004119,667666,425500,332500,6.44498,356634.1223557553
E02004119,667667,426500,332500,6.450249,216027.37281388088
E02004119,667668,427500,332500,6.526988,425681.5032270146
E02004119,667669,428500,332500,6.646368,320718.1596949769
E02004119,668354,423500,331500,6.674463,470043.9955366441
E02004119,668355,424500,331500,6.684916,1000000.0
E02004119,668356,425500,331500,6.801764,1000000.0
E02004119,668357,426500,331500,6.600646,999279.4955786009
E02004119,668358,427500,331500,6.578179,1000000.0
E02004119,668359,428500,331500,6.620948,642821.7757758722
E02004119,669043,422500,330500,6.534898,128413.9682871323
E02004119,669044,423500,330500,6.510607,992720.4920088524
E02004119,669045,424500,330500,6.652195,1000000.0
E02004119,669046,425500,330500,6.603067,1000000.0
E02004119,669047,426500,330500,6.793563,1000000.0
E02004119,669048,427500,330500,6.898019,1000000.0
E02004119,669049,428500,330500,7.758315,494858.3933391007
E02004119,669733,422500,329500,6.451987,214747.63813788362
E02004119,669734,423500,329500,6.451638,1000000.0
E02004119,669735,424500,329500,6.521234,1000000.0
E02004119,669736,425500,329500,6.49082,1000000.0
E02004119,669737,426500,329500,6.51233,1000000.0
E02004119,669738,427500,329500,6.619304,1000000.0
E02004119,669739,428500,329500,7.039979,810843.7625151253
E02004119,669740,429500,329500,7.19109,9035.559429536821
E02004119,670423,422500,328500,6.384886,7200.676008091739
E02004119,670424,423500,328500,6.401552,154154.39824852557
E02004119,670425,424500,328500,6.410611,410372.59219466714
E02004119,670426,425500,328500,6.471476,843293.4885161815
E02004119,670427,426500,328500,6.569337,1000000.0
E02004119,670428,427500,328500,6.714688,999934.0393528319
E02004119,670429,428500,328500,6.929554,211290.02694165162
E02004119,671116,425500,327500,6.561703,147871.5466479442
E02004119,671117,426500,327500,6.73435,666655.4984687068
E02004119,671118,427500,327500,6.984106,1000000.0
E02004119,671119,428500,327500,6.705382,264014.00410470925
E02004119,671807,426500,326500,7.111672,32341.872567018458
E02004119,671808,427500,326500,6.637117,544194.0347447929
E02004119,671809,428500,326500,6.6285,51759.60811304754
E02004120,667671,430500,332500,6.923967,32464.263688469182
E02004120,667672,431500,332500,7.024569,488516.60291397804
E02004120,667673,432500,332500,6.985438,252645.4359569958
E02004120,667674,433500,332500,7.217835,24793.06238453916
E02004120,668361,430500,331500,6.972426,594889.7036194201
E02004120,668362,431500,331500,6.806458,1000000.0
E02004120,668363,432500,331500,6.952768,1000000.0
E02004120,668364,433500,331500,7.246805,755258.0959377213
E02004120,668365,434500,331500,7.171715,553.7119668873295
E02004120,669050,429500,330500,7.199506,366246.48201127956
E02004120,669051,430500,330500,6.934655,999440.8553624136
E02004120,669052,431500,330500,7.100855,1000000.0
E02004120,669053,432500,330500,7.15557,1000000.0
E02004120,669054,433500,330500,7.314866,603597.8037835922
E02004120,669055,434500,330500,7.12153,65127.55209580613
E02004120,669739,428500,329500,7.039979,92805.6585503492
E02004120,669740,429500,329500,7.19109,963616.8252845232
E02004120,669741,430500,329500,7.034014,1000000.0
E02004120,669742,431500,329500,6.760458,1000000.0
E02004120,669743,432500,329500,6.811635,1000000.0
E02004120,669744,433500,329500,6.862873,388139.3970135048
E02004120,670429,428500,328500,6.929554,108.73645866063902
E02004120,670430,429500,328500,6.917251,544563.9570335854
E02004120,670431,430500,328500,6.72018,725483.940554725
E02004120,670432,431500,328500,6.664227,601956.7972981661
E02004120,670433,432500,328500,6.692396,706454.2722781401
E02004120,670434,433500,328500,6.684534,977794.1076007872
E02004120,670435,434500,328500,6.709132,289792.74785964243
E02004120,671121,430500,327500,6.578298,5280.246439403071
E02004120,671123,432500,327500,6.626255,12325.87217787954
E02004120,671124,433500,327500,6.564959,90628.96131675178
E02004120,671125,434500,327500,6.623352,62443.18229437783
E02004121,666302,441500,334500,7.041134,14.48418790956224
E02004121,666991,440500,333500,7.088928,776162.7693062347
E02004121,666992,441500,333500,6.925821,950344.5296754907
E02004121,666993,442500,333500,6.815862,416086.811302771
E02004121,666994,443500,333500,6.907846,72814.13633358366
E02004121,667680,439500,332500,7.349629,177596.55035460897
E02004121,667681,440500,332500,7.053171,999997.1449655645
E02004121,667682,441500,332500,6.896404,1000000.0
E02004121,667683,442500,332500,6.869751,999915.9184955548
E02004121,667684,443500,332500,6.851872,750839.2397705864
E02004121,667685,444500,332500,6.834561,221652.14226958065
E02004121,668370,439500,331500,7.206373,831792.4540583895
E02004121,668371,440500,331500,7.075137,1000000.0
E02004121,668372,441500,331500,6.895483,1000000.0
E02004121,668373,442500,331500,6.900819,1000000.0
E02004121,668374,443500,331500,6.85867,975353.0422269809
E02004121,668375,444500,331500,6.820026,487084.0030745918
E02004121,668376,445500,331500,6.813262,130593.18910520477
E02004121,669054,433500,330500,7.314866,396402.1962164078
E02004121,669055,434500,330500,7.12153,408621.2457367221
E02004121,669056,435500,330500,7.011285,513315.19102144305
E02004121,669057,436500,330500,6.996424,490131.3979884472
E02004121,669058,437500,330500,7.300657,17011.307310546214
E02004121,669059,438500,330500,7.103265,248866.70937003742
E02004121,669060,439500,330500,6.994197,996049.2708946919
E02004121,669061,440500,330500,7.213408,1000000.0
E02004121,669062,441500,330500,7.115821,1000000.0
E02004121,669063,442500,330500,7.170274,1000000.0
E02004121,669064,443500,330500,6.946007,1000000.0
E02004121,669065,444500,330500,6.973962,922397.0804024539
E02004121,669066,445500,330500,6.983526,712575.844600805
E02004121,669744,433500,329500,6.862873,611860.6029864952
E02004121,669745,434500,329500,7.099302,1000000.0
E02004121,669746,435500,329500,7.121562,1000000.0
E02004121,669747,436500,329500,7.15472,1000000.0
E02004121,669748,437500,329500,7.405066,696135.0794958303
E02004121,669749,438500,329500,7.305079,780222.5181708925
E02004121,669750,439500,329500,7.057955,1000000.0
E02004121,669751,440500,329500,6.762063,1000000.0
E02004121,669752,441500,329500,6.872389,1000000.0
E02004121,669753,442500,329500,6.872217,1000000.0
E02004121,669754,443500,329500,7.118392,945856.9064556833
E02004121,669755,444500,329500,7.075749,115101.09144851491
E02004121,670434,433500,328500,6.684534,4048.3814877287605
E02004121,670435,434500,328500,6.709132,710207.2521403575
E02004121,670436,435500,328500,6.782187,912987.2409324385
E02004121,670437,436500,328500,6.785463,695576.7032390363
E02004121,670438,437500,328500,6.781358,751684.1641127227
E02004121,670439,438500,328500,6.794402,1000000.0
E02004121,670440,439500,328500,6.730921,1000000.0
E02004121,670441,440500,328500,6.711845,1000000.0
E02004121,670442,441500,328500,6.758588,1000000.0
E02004121,670443,442500,328500,6.723872,811602.9971824279
E02004121,670444,443500,328500,6.703091,141947.3174515673
E02004121,671125,434500,327500,6.623352,683567.3162731096
E02004121,671126,435500,327500,6.563783,462668.17554497917
E02004121,671128,437500,327500,6.658953,47157.627332575576
E02004121,671129,438500,327500,6.6629,557446.203799505
E02004121,671130,439500,327500,6.72593,711652.5254600467
E02004121,671131,440500,327500,6.684968,856006.6316679938
E02004121,671132,441500,327500,6.565487,610760.5067784102
E02004121,671133,442500,327500,6.645624,21051.090342905252
E02004122,669739,428500,329500,7.039979,92304.77292897952
E02004122,669740,429500,329500,7.19109,3592.1502706808437
E02004122,670428,427500,328500,6.714688,65.9606471681239
E02004122,670429,428500,328500,6.929554,788601.2365996876
E02004122,670430,429500,328500,6.917251,455436.0429664146
E02004122,670431,430500,328500,6.72018,274516.05944527494
E02004122,670432,431500,328500,6.664227,398043.20270183386
E02004122,670433,432500,328500,6.692396,293545.7277218599
E02004122,670434,433500,328500,6.684534,18157.510911483965
E02004122,670436,435500,328500,6.782187,87012.75906756142
E02004122,670437,436500,328500,6.785463,304423.2967609637
E02004122,670438,437500,328500,6.781358,248315.83588727732
E02004122,671119,428500,327500,6.705382,735985.9958952907
E02004122,671120,429500,327500,6.579394,1000000.0
E02004122,671121,430500,327500,6.578298,994719.753560597
E02004122,671122,431500,327500,6.637423,1000000.0
E02004122,671123,432500,327500,6.626255,987674.1278221204
E02004122,671124,433500,327500,6.564959,909371.0386832482
E02004122,671125,434500,327500,6.623352,253989.50143251265
E02004122,671126,435500,327500,6.563783,537331.8244550208
E02004122,671127,436500,327500,6.585747,1000000.0
E02004122,671128,437500,327500,6.658953,621080.9165449573
E02004122,671808,427500,326500,6.637117,42111.77834793975
E02004122,671809,428500,326500,6.6285,947319.5142183154
E02004122,671810,429500,326500,6.642113,1000000.0
E02004122,671811,430500,326500,6.620733,1000000.0
E02004122,671812,431500,326500,6.65294,1000000.0
E02004122,671813,432500,326500,6.615833,1000000.0
E02004122,671814,433500,326500,6.597383,1000000.0
E02004122,671815,434500,326500,6.591042,1000000.0
E02004122,671816,435500,326500,6.573804,1000000.0
E02004122,671817,436500,326500,6.583882,1000000.0
E02004122,671818,437500,326500,6.607626,525212.3862620235
E02004122,672497,426500,325500,6.725122,147911.77122021408
E02004122,672498,427500,325500,6.62262,763997.971640514
E02004122,672499,428500,325500,6.657384,1000000.0
E02004122,672500,429500,325500,6.595024,1000000.0
E02004122,672501,430500,325500,6.587206,1000000.0
E02004122,672502,431500,325500,6.588593,1000000.0
E02004122,672503,432500,325500,6.587905,1000000.0
E02004122,672504,433500,325500,6.583146,984255.719290602
E02004122,672505,434500,325500,6.582839,574025.0362319581
E02004122,672506,435500,325500,6.520742,708404.9472851144
E02004122,672507,436500,325500,6.57707,1000000.0
E02004122,672508,437500,325500,6.601154,213547.6833859018
E02004122,673187,426500,324500,6.73032,451843.348310794
E02004122,673188,427500,324500,6.66453,1000000.0
E02004122,673189,428500,324500,6.62235,1000000.0
E02004122,673190,429500,324500,6.591195,1000000.0
E02004122,673191,430500,324500,6.53543,1000000.0
E02004122,673192,431500,324500,6.490008,1000000.0
E02004122,673193,432500,324500,6.539582,1000000.0
E02004122,673194,433500,324500,6.540359,859671.2531819826
E02004122,673195,434500,324500,6.580649,13581.770915605279
E02004122,673196,435500,324500,6.54748,34392.128676967695
E02004122,673197,436500,324500,6.563195,395171.85032994737
E02004122,673198,437500,324500,6.565293,16606.35771777329
E02004122,673877,426500,323500,6.711349,669.1794890663731
E02004122,673878,427500,323500,6.646767,490659.18224254536
E02004122,673879,428500,323500,6.676089,1000000.0
E02004122,673880,429500,323500,6.616087,1000000.0
E02004122,673881,430500,323500,6.612885,1000000.0
E02004122,673882,431500,323500,6.493042,1000000.0
E02004122,673883,432500,323500,6.530372,1000000.0
E02004122,673884,433500,323500,6.575781,719422.3412037754
E02004122,673885,434500,323500,6.614372,4000.696435972252
E02004122,674567,426500,322500,6.684649,19817.73997549906
E02004122,674568,427500,322500,6.691559,498043.3960166498
E02004122,674569,428500,322500,6.607353,1000000.0
E02004122,674570,429500,322500,6.641008,1000000.0
E02004122,674571,430500,322500,6.617201,795123.1411677015
E02004122,674572,431500,322500,6.593739,549313.8212661516
E02004122,674573,432500,322500,6.671434,417788.399429559
E02004122,674574,433500,322500,6.596221,24841.95023573409
E02004122,675257,426500,321500,6.665698,318682.9791635171
E02004122,675258,427500,321500,6.577693,503420.5334995009
E02004122,675259,428500,321500,6.68489,409328.4730299198
E02004122,675260,429500,321500,6.87581,314555.195697531
E02004122,675261,430500,321500,6.816491,120104.69234956008
E02004122,675947,426500,320500,6.529793,33354.93744602447
E02004123,671128,437500,327500,6.658953,331761.45612246724
E02004123,671129,438500,327500,6.6629,442553.796200495
E02004123,671130,439500,327500,6.72593,288347.4745399532
E02004123,671131,440500,327500,6.684968,143993.36833200618
E02004123,671132,441500,327500,6.565487,16877.5015353034
E02004123,671818,437500,326500,6.607626,474787.6137379765
E02004123,671819,438500,326500,6.674293,1000000.0
E02004123,671820,439500,326500,6.66824,1000000.0
E02004123,671821,440500,326500,6.59279,979085.5406420795
E02004123,671822,441500,326500,6.546171,124224.07964401567
E02004123,672504,433500,325500,6.583146,15744.28070939794
E02004123,672505,434500,325500,6.582839,425974.96376804175
E02004123,672506,435500,325500,6.520742,291595.05271488556
E02004123,672508,437500,325500,6.601154,786452.3166140983
E02004123,672509,438500,325500,6.790474,1000000.0
E02004123,672510,439500,325500,6.664261,1000000.0
E02004123,672511,440500,325500,6.57887,792791.3483443249
E02004123,672512,441500,325500,6.606588,6635.5182778124745
E02004123,673194,433500,324500,6.540359,140328.7468180174
E02004123,673195,434500,324500,6.580649,986418.2290843946
E02004123,673196,435500,324500,6.54748,965607.8713230322
E02004123,673197,436500,324500,6.563195,604828.1496700528
E02004123,673198,437500,324500,6.565293,983393.6422822267
E02004123,673199,438500,324500,6.591114,1000000.0
E02004123,673200,439500,324500,6.580417,997090.8999844096
E02004123,673201,440500,324500,6.615755,194571.88560566553
E02004123,673884,433500,323500,6.575781,280577.6587962247
E02004123,673885,434500,323500,6.614372,995999.3035640278
E02004123,673886,435500,323500,6.519176,1000000.0
E02004123,673887,436500,323500,6.500885,1000000.0
E02004123,673888,437500,323500,6.468365,1000000.0
E02004123,673889,438500,323500,6.534142,1000000.0
E02004123,673890,439500,323500,6.566013,659255.1209218766
E02004123,674571,430500,322500,6.617201,204876.85883229863
E02004123,674572,431500,322500,6.593739,450686.1787338485
E02004123,674573,432500,322500,6.671434,582211.600570441
E02004123,674574,433500,322500,6.596221,975158.0497642659
E02004123,674575,434500,322500,6.534379,1000000.0
E02004123,674576,435500,322500,6.455455,1000000.0
E02004123,674577,436500,322500,6.457572,1000000.0
E02004123,674578,437500,322500,6.452243,753988.9546981171
E02004123,674579,438500,322500,6.44157,155545.08891068475
E02004123,674580,439500,322500,6.577526,69779.41871293607
E02004123,675261,430500,321500,6.816491,275919.3706641396
E02004123,675262,431500,321500,6.846819,881715.3777912675
E02004123,675263,432500,321500,6.78659,968580.8115360084
E02004123,675264,433500,321500,6.670712,1000000.0
E02004123,675265,434500,321500,6.622116,1000000.0
E02004123,675266,435500,321500,6.526908,1000000.0
E02004123,675267,436500,321500,6.460082,786192.7280248067
E02004123,675268,437500,321500,6.491674,251834.6087153141
E02004123,675952,431500,320500,7.117085,41953.02030407326
E02004123,675953,432500,320500,6.885647,111774.35863544562
E02004123,675954,433500,320500,6.741907,464619.99025828665
E02004123,675955,434500,320500,6.590764,998761.813528232
E02004123,675956,435500,320500,6.554187,1000000.0
E02004123,675957,436500,320500,6.495527,592150.0428757105
E02004123,676644,433500,319500,6.890117,123336.86065599819
E02004123,676645,434500,319500,6.63718,887374.6012324165
E02004123,676646,435500,319500,6.598949,999816.3212148347
E02004123,676647,436500,319500,6.592844,336873.7713794202
E02004123,677334,433500,318500,6.951144,97403.6556672701
E02004123,677335,434500,318500,6.768558,687526.4953051304
E02004123,677336,435500,318500,6.739455,231882.04823818736
E02004124,675260,429500,321500,6.87581,473467.58029884205
E02004124,675261,430500,321500,6.816491,603975.9369863003
E02004124,675262,431500,321500,6.846819,118284.62220873253
E02004124,675950,429500,320500,7.006297,365424.6950186331
E02004124,675951,430500,320500,7.145715,788076.9805239884
E02004124,675952,431500,320500,7.117085,808538.6613800406
E02004124,675953,432500,320500,6.885647,11572.157503254031
E02004124,676641,430500,319500,8.381077,177.74674123389815
E02004124,676642,431500,319500,7.218369,28224.26889956082
E02004125,675257,426500,321500,6.665698,131006.71206912961
E02004125,675258,427500,321500,6.577693,496390.15007859917
E02004125,675259,428500,321500,6.68489,590671.5269700802
E02004125,675260,429500,321500,6.87581,211977.224003627
E02004125,675946,425500,320500,6.571361,6199.759356792246
E02004125,675947,426500,320500,6.529793,767674.1724120261
E02004125,675948,427500,320500,6.533421,1000000.0
E02004125,675949,428500,320500,6.879893,1000000.0
E02004125,675950,429500,320500,7.006297,292786.0898343711
E02004125,676636,425500,319500,6.494552,158678.99225545913
E02004125,676637,426500,319500,6.466912,789523.8287440154
E02004125,676638,427500,319500,6.578803,905682.9792095089
E02004125,676639,428500,319500,6.77599,543824.6090351916
E02004125,676640,429500,319500,7.038355,47789.4509086402
E02004125,677328,427500,318500,6.64929,12294.478198372573
E02004126,675950,429500,320500,7.006297,341789.2151469958
E02004126,675951,430500,320500,7.145715,124162.34549689238
E02004126,676639,428500,319500,6.77599,409830.4522895247
E02004126,676640,429500,319500,7.038355,932010.4591371279
E02004126,676641,430500,319500,8.381077,323509.30479304143
E02004126,677329,428500,318500,6.840803,159495.68490560947
E02004126,677330,429500,318500,6.915566,103701.03669424386
E02004128,675255,424500,321500,6.647536,6395.679041461268
E02004128,675943,422500,320500,6.550385,531224.5711412514
E02004128,675944,423500,320500,6.458417,423107.4792894017
E02004128,675945,424500,320500,6.525239,811727.4608666297
E02004128,675946,425500,320500,6.571361,599281.6941102445
E02004128,675947,426500,320500,6.529793,39879.8344783396
E02004128,676632,421500,319500,6.710338,183406.8037878874
E02004128,676633,422500,319500,6.468602,815475.0006568786
E02004128,676634,423500,319500,6.37143,1000000.0
E02004128,676635,424500,319500,6.469951,1000000.0
E02004128,676636,425500,319500,6.494552,841321.0077445408
E02004128,676637,426500,319500,6.466912,210476.1712559845
E02004128,676638,427500,319500,6.578803,86838.27693824413
E02004128,677322,421500,318500,6.477402,603453.729153928
E02004128,677323,422500,318500,6.480674,1000000.0
E02004128,677324,423500,318500,6.403047,1000000.0
E02004128,677325,424500,318500,6.44893,1000000.0
E02004128,677326,425500,318500,6.449115,1000000.0
E02004128,677327,426500,318500,6.491213,1000000.0
E02004128,677328,427500,318500,6.64929,847164.7965597204
E02004128,677329,428500,318500,6.840803,23633.05206925115
E02004128,678011,420500,317500,6.484713,223099.48100668244
E02004128,678012,421500,317500,6.466252,951100.2753534248
E02004128,678013,422500,317500,6.376168,1000000.0
E02004128,678014,423500,317500,6.32791,1000000.0
E02004128,678015,424500,317500,6.378713,1000000.0
E02004128,678016,425500,317500,6.424878,1000000.0
E02004128,678017,426500,317500,6.425299,1000000.0
E02004128,678018,427500,317500,6.49276,1000000.0
E02004128,678019,428500,317500,6.710994,795827.2097883142
E02004128,678020,429500,317500,6.641674,148025.232169381
E02004128,678701,420500,316500,6.390089,348036.52654599794
E02004128,678702,421500,316500,6.417782,1000000.0
E02004128,678703,422500,316500,6.378313,1000000.0
E02004128,678704,423500,316500,6.390739,1000000.0
E02004128,678705,424500,316500,6.405316,1000000.0
E02004128,678706,425500,316500,6.412133,1000000.0
E02004128,678707,426500,316500,6.414611,1000000.0
E02004128,678708,427500,316500,6.49403,1000000.0
E02004128,678709,428500,316500,6.548338,1000000.0
E02004128,678710,429500,316500,6.497958,900941.7980697117
E02004128,678711,430500,316500,6.57865,4454.279701295807
E02004128,679391,420500,315500,6.39796,588278.3831835926
E02004128,679392,421500,315500,6.403596,1000000.0
E02004128,679393,422500,315500,6.377607,1000000.0
E02004128,679394,423500,315500,6.337967,1000000.0
E02004128,679395,424500,315500,6.344504,1000000.0
E02004128,679396,425500,315500,6.349082,1000000.0
E02004128,679397,426500,315500,6.381146,1000000.0
E02004128,679398,427500,315500,6.363359,1000000.0
E02004128,679399,428500,315500,6.505225,1000000.0
E02004128,679400,429500,315500,6.610961,1000000.0
E02004128,679401,430500,315500,6.504414,415832.3393606231
E02004128,680081,420500,314500,6.362563,465181.7220364115
E02004128,680082,421500,314500,6.337492,558116.461638587
E02004128,680083,422500,314500,6.385906,916887.1648824394
E02004128,680084,423500,314500,6.385582,1000000.0
E02004128,680085,424500,314500,6.301983,1000000.0
E02004128,680086,425500,314500,6.384923,1000000.0
E02004128,680087,426500,314500,6.369863,1000000.0
E02004128,680088,427500,314500,6.3542,1000000.0
E02004128,680089,428500,314500,6.485726,1000000.0
E02004128,680090,429500,314500,6.511952,1000000.0
E02004128,680091,430500,314500,6.505864,658576.1313051893
E02004128,680773,422500,313500,6.381541,4427.120789002024
E02004128,680774,423500,313500,6.368988,730277.8973296382
E02004128,680775,424500,313500,6.393167,1000000.0
E02004128,680776,425500,313500,6.396901,1000000.0
E02004128,680777,426500,313500,6.388923,1000000.0
E02004128,680778,427500,313500,6.428386,1000000.0
E02004128,680779,428500,313500,6.498421,1000000.0
E02004128,680780,429500,313500,6.507306,959207.608766458
E02004128,680781,430500,313500,6.478435,239389.06306229878
E02004128,681464,423500,312500,6.386295,685074.00813262
E02004128,681465,424500,312500,6.392012,1000000.0
E02004128,681466,425500,312500,6.392909,1000000.0
E02004128,681467,426500,312500,6.404829,1000000.0
E02004128,681468,427500,312500,6.416371,946771.4368505802
E02004128,681469,428500,312500,6.422878,452792.69599253044
E02004128,681470,429500,312500,6.43589,239240.85481952073
E02004128,682154,423500,311500,6.398174,375526.2457415314
E02004128,682155,424500,311500,6.401085,508915.0882636084
E02004128,682156,425500,311500,6.408031,644758.0790480714
E02004128,682157,426500,311500,6.411635,721738.2464218579
E02004128,682158,427500,311500,6.413323,296374.4263458923
E02005335,686322,451500,305500,7.187661,81451.10494355173
E02005335,686323,452500,305500,7.459439,327714.7088050392
E02005335,686324,453500,305500,7.365293,2984.087072160451
E02005335,687011,450500,304500,6.910684,268769.21750490705
E02005335,687012,451500,304500,7.078646,853083.2357640433
E02005335,687013,452500,304500,7.53787,997673.2557564962
E02005335,687014,453500,304500,7.68293,177732.1782075039
E02005335,687700,449500,303500,6.837972,18.550847196943376
E02005335,687701,450500,303500,6.859474,762975.4164012512
E02005335,687702,451500,303500,6.904967,1000000.0
E02005335,687703,452500,303500,7.236584,951869.1504902442
E02005335,687704,453500,303500,7.846348,254238.6481562457
E02005335,688390,449500,302500,6.837281,129516.52473996054
E02005335,688391,450500,302500,6.861838,743415.021741052
E02005335,688392,451500,302500,6.948019,947595.2769357597
E02005335,688393,452500,302500,7.232389,455197.4027744723
E02005335,688394,453500,302500,7.679742,22.210824182602444
E02005335,689079,448500,301500,6.817504,30240.660220953523
E02005335,689080,449500,301500,6.831182,900092.705178126
E02005335,689081,450500,301500,6.872505,1000000.0
E02005335,689082,451500,301500,6.893788,286451.9223847872
E02005335,689769,448500,300500,6.797794,88504.81397318379
E02005335,689770,449500,300500,6.815708,905520.6087063011
E02005335,689771,450500,300500,6.836196,1000000.0
E02005335,689772,451500,300500,6.893655,632339.3207831219
E02005335,689773,452500,300500,7.045691,603.8175455176323
E02005335,690458,447500,299500,6.91128,68381.36783383857
E02005335,690459,448500,299500,6.911372,867891.8826421442
E02005335,690460,449500,299500,6.887088,1000000.0
E02005335,690461,450500,299500,6.922394,1000000.0
E02005335,690462,451500,299500,7.096932,981024.4923147553
E02005335,690463,452500,299500,7.320701,278243.54837511526
E02005335,691148,447500,298500,6.947494,179130.12393994431
E02005335,691149,448500,298500,6.922315,957699.7808201609
E02005335,691150,449500,298500,6.914435,1000000.0
E02005335,691151,450500,298500,7.105118,1000000.0
E02005335,691152,451500,298500,7.21268,1000000.0
E02005335,691153,452500,298500,7.159447,436491.71822400944
E02005335,691839,448500,297500,6.933756,59322.11204818093
E02005335,691840,449500,297500,7.071604,379187.74497438036
E02005335,691841,450500,297500,7.11188,625224.2065393914
E02005335,691842,451500,297500,7.100104,665641.3861391331
E02005335,691843,452500,297500,7.168852,26816.600527687908
E02005335,692531,450500,296500,6.990414,108.36432695919284
E02005335,692532,451500,296500,7.290892,90741.73098386877
E02005342,691153,452500,298500,7.159447,69131.86735410942
E02005342,691840,449500,297500,7.071604,179504.44399376883
E02005342,691841,450500,297500,7.11188,374775.7934606085
E02005342,691842,451500,297500,7.100104,334358.6138608669
E02005342,691843,452500,297500,7.168852,619155.0659256497
E02005342,692526,445500,296500,7.035344,430081.3882569093
E02005342,692527,446500,296500,7.01166,524454.6107113825
E02005342,692528,447500,296500,6.9866,312885.990607021
E02005342,692529,448500,296500,7.17007,430992.44863124925
E02005342,692530,449500,296500,7.081846,839443.365333029
E02005342,692531,450500,296500,6.990414,999891.6356730409
E02005342,692532,451500,296500,7.290892,909258.2690161312
E02005342,692533,452500,296500,7.046262,745932.7120850516
E02005342,692534,453500,296500,6.969287,641260.3173628924
E02005342,692535,454500,296500,7.17301,219295.35709199804
E02005342,692536,455500,296500,7.435837,84623.2800437321
E02005342,693215,444500,295500,7.017834,30127.273567220054
E02005342,693216,445500,295500,6.97675,898569.9862378173
E02005342,693217,446500,295500,6.972003,1000000.0
E02005342,693218,447500,295500,7.21791,703446.6616810188
E02005342,693219,448500,295500,7.085052,208492.872805176
E02005342,693220,449500,295500,7.008099,255585.29594897205
E02005342,693221,450500,295500,6.874209,779817.0057863527
E02005342,693222,451500,295500,6.911358,967460.7039313285
E02005342,693223,452500,295500,6.837603,708327.0566179699
E02005342,693224,453500,295500,6.864655,1000000.0
E02005342,693225,454500,295500,7.00073,993716.3318096108
E02005342,693226,455500,295500,7.312745,94311.59682082779
E02005342,693906,445500,294500,6.957557,637365.9499591523
E02005342,693907,446500,294500,7.122242,417733.7549085393
E02005342,693908,447500,294500,6.98803,4154.216722807855
E02005342,693911,450500,294500,6.82351,234954.45200769522
E02005342,693912,451500,294500,6.774027,369599.4750881677
E02005342,693913,452500,294500,6.754935,4968.3989385942095
E02005342,693914,453500,294500,6.826097,687614.8140991256
E02005342,693915,454500,294500,6.84725,957184.9914988138
E02005342,693916,455500,294500,7.163369,307772.5113768953
E02005342,694604,453500,293500,6.829866,148045.41240380734
E02005342,694605,454500,293500,6.72368,991623.3401193966
E02005342,694606,455500,293500,7.097481,672791.930604144
E02005342,695295,454500,292500,6.687558,410881.55684251135
E02005342,695296,455500,292500,6.993257,383483.4682018112
E02005344,692529,448500,296500,7.17007,27743.163621423635
E02005344,693218,447500,295500,7.21791,296553.3383189813
E02005344,693219,448500,295500,7.085052,791507.1271948239
E02005344,693220,449500,295500,7.008099,744414.7040510279
E02005344,693221,450500,295500,6.874209,220182.99421364738
E02005344,693906,445500,294500,6.957557,231176.46539223508
E02005344,693907,446500,294500,7.122242,582266.2450914606
E02005344,693908,447500,294500,6.98803,995845.7832771922
E02005344,693909,448500,294500,6.988441,1000000.0
E02005344,693910,449500,294500,6.89328,1000000.0
E02005344,693911,450500,294500,6.82351,765045.5479923048
E02005344,693912,451500,294500,6.774027,61864.65361913343
E02005344,694596,445500,293500,6.983533,713132.5459239152
E02005344,694597,446500,293500,7.142745,1000000.0
E02005344,694598,447500,293500,6.915271,1000000.0
E02005344,694599,448500,293500,6.919295,1000000.0
E02005344,694600,449500,293500,6.890908,1000000.0
E02005344,694601,450500,293500,6.802423,736236.5930117284
E02005344,694602,451500,293500,6.803128,4620.149238576309
E02005344,695286,445500,292500,7.15648,514846.3234847556
E02005344,695287,446500,292500,6.836247,1000000.0
E02005344,695288,447500,292500,6.864584,1000000.0
E02005344,695289,448500,292500,6.777434,1000000.0
E02005344,695290,449500,292500,6.709012,934666.3993106323
E02005344,695291,450500,292500,6.732918,110480.7509197414
E02005344,695976,445500,291500,6.904907,87754.87805997414
E02005344,695977,446500,291500,6.804358,950785.9263582185
E02005344,695978,447500,291500,6.814903,1000000.0
E02005344,695979,448500,291500,6.736079,1000000.0
E02005344,695980,449500,291500,6.748728,356208.35035627556
E02005344,696667,446500,290500,6.729191,750579.7704257808
E02005344,696668,447500,290500,6.751335,1000000.0
E02005344,696669,448500,290500,6.728427,652910.4845536915
E02005344,696670,449500,290500,6.723407,180.80357580275202
E02005344,697356,445500,289500,6.90451,11555.249249369537
E02005344,697357,446500,289500,6.819092,845155.0928270287
E02005344,697358,447500,289500,6.777985,880961.7564831569
E02005344,697359,448500,289500,6.755134,57869.37900919487
E02005344,698047,446500,288500,6.760681,35470.27114865871
E02005344,698048,447500,288500,6.831911,146804.60292454532
E02005349,675277,446500,321500,6.646889,47420.41997098825
E02005349,675278,447500,321500,6.886901,84.77354272698378
E02005349,675966,445500,320500,6.628,210917.42721616908
E02005349,675967,446500,320500,6.645844,999441.7308960215
E02005349,675968,447500,320500,6.879339,930277.2882666171
E02005349,675969,448500,320500,7.434684,324794.58165047603
E02005349,676656,445500,319500,6.711353,589671.5958244056
E02005349,676657,446500,319500,6.832926,1000000.0
E02005349,676658,447500,319500,7.304769,881085.4614011899
E02005349,676659,448500,319500,7.634281,7409.378244992873
E02005349,677345,444500,318500,6.744174,1877.23482015396
E02005349,677346,445500,318500,6.760926,907282.4318900858
E02005349,677347,446500,318500,6.955902,1000000.0
E02005349,677348,447500,318500,8.587732,547121.5684567835
E02005349,678036,445500,317500,6.66316,426068.65608668834
E02005349,678037,446500,317500,6.856268,918298.1200528141
E02005349,678038,447500,317500,6.946065,302062.54562715953
E02005349,678727,446500,316500,6.731736,15765.883498065376
E02005349,678728,447500,316500,6.74898,16335.433500592822
E02005350,675969,448500,320500,7.434684,577198.7831387228
E02005350,675970,449500,320500,6.963636,754619.6872501014
E02005350,675971,450500,320500,6.958641,3359.8268935688775
E02005350,676658,447500,319500,7.304769,118914.53859881008
E02005350,676659,448500,319500,7.634281,992590.6217550071
E02005350,676660,449500,319500,7.20873,677768.9557070859
E02005350,677348,447500,318500,8.587732,452878.43154321646
E02005350,677349,448500,318500,7.521053,1000000.0
E02005350,677350,449500,318500,7.457232,177071.02056754762
E02005350,678038,447500,317500,6.946065,697937.4543728405
E02005350,678039,448500,317500,7.506765,1000000.0
E02005350,678040,449500,317500,7.202565,183925.50729412807
E02005350,678728,447500,316500,6.74898,588262.5893993736
E02005350,678729,448500,316500,7.147671,999999.7525855796
E02005350,678730,449500,316500,6.834681,340247.6984381668
E02005350,679418,447500,315500,6.730217,111285.30074933523
E02005350,679419,448500,315500,7.113841,319434.8949640152
E02005372,693919,458500,294500,6.715641,169028.5105779062
E02005372,693920,459500,294500,6.605308,407328.85629762395
E02005372,693921,460500,294500,6.662759,131140.4593924123
E02005372,693922,461500,294500,6.614446,105936.47430795591
E02005372,693923,462500,294500,6.536289,2510.2597086946985
E02005372,694607,456500,293500,6.821197,221240.0469164923
E02005372,694608,457500,293500,6.739017,324715.17627945286
E02005372,694609,458500,293500,6.664364,783889.5198746085
E02005372,694610,459500,293500,6.568085,1000000.0
E02005372,694611,460500,293500,6.637694,972066.7120226177
E02005372,694612,461500,293500,6.534485,983967.8759796652
E02005372,694613,462500,293500,6.530154,829537.725969034
E02005372,694614,463500,293500,6.571534,9037.330696401568
E02005372,695290,449500,292500,6.709012,65333.600689367704
E02005372,695291,450500,292500,6.732918,515943.2708246966
E02005372,695292,451500,292500,6.752601,20469.752612663473
E02005372,695295,454500,292500,6.687558,454113.0542437301
E02005372,695296,455500,292500,6.993257,576973.0964905403
E02005372,695297,456500,292500,7.013707,943148.5255506758
E02005372,695298,457500,292500,6.651687,1000000.0
E02005372,695299,458500,292500,6.602408,1000000.0
E02005372,695300,459500,292500,6.512904,1000000.0
E02005372,695301,460500,292500,6.496129,1000000.0
E02005372,695302,461500,292500,6.498333,1000000.0
E02005372,695303,462500,292500,6.540333,1000000.0
E02005372,695304,463500,292500,6.559824,248859.90723406256
E02005372,695980,449500,291500,6.748728,643791.6496437244
E02005372,695981,450500,291500,6.731304,1000000.0
E02005372,695982,451500,291500,6.716028,870244.4354682142
E02005372,695983,452500,291500,6.77903,517541.983831591
E02005372,695984,453500,291500,6.765729,422118.32998034987
E02005372,695985,454500,291500,6.707525,993122.9351672037
E02005372,695986,455500,291500,7.067455,1000000.0
E02005372,695987,456500,291500,6.809862,1000000.0
E02005372,695988,457500,291500,6.592159,1000000.0
E02005372,695989,458500,291500,6.622677,1000000.0
E02005372,695990,459500,291500,6.492925,1000000.0
E02005372,695991,460500,291500,6.503236,1000000.0
E02005372,695992,461500,291500,6.548913,1000000.0
E02005372,695993,462500,291500,6.462976,1000000.0
E02005372,695994,463500,291500,6.4534,802951.4933464542
E02005372,696669,448500,290500,6.728427,347089.5154463085
E02005372,696670,449500,290500,6.723407,999819.1964241973
E02005372,696671,450500,290500,6.726652,1000000.0
E02005372,696672,451500,290500,6.692929,1000000.0
E02005372,696673,452500,290500,6.68627,1000000.0
E02005372,696674,453500,290500,6.666537,1000000.0
E02005372,696675,454500,290500,6.697898,1000000.0
E02005372,696676,455500,290500,7.0935,1000000.0
E02005372,696677,456500,290500,6.743513,1000000.0
E02005372,696678,457500,290500,6.558603,1000000.0
E02005372,696679,458500,290500,6.505911,1000000.0
E02005372,696680,459500,290500,6.444384,1000000.0
E02005372,696681,460500,290500,6.527903,1000000.0
E02005372,696682,461500,290500,6.512276,1000000.0
E02005372,696683,462500,290500,6.503579,857731.6723211049
E02005372,696684,463500,290500,6.453785,698253.7922038924
E02005372,697358,447500,289500,6.777985,119038.24351684304
E02005372,697359,448500,289500,6.755134,942130.6209908052
E02005372,697360,449500,289500,6.733,1000000.0
E02005372,697361,450500,289500,6.717053,1000000.0
E02005372,697362,451500,289500,6.68882,1000000.0
E02005372,697363,452500,289500,6.63102,1000000.0
E02005372,697364,453500,289500,6.647774,1000000.0
E02005372,697365,454500,289500,6.711881,1000000.0
E02005372,697366,455500,289500,7.090158,1000000.0
E02005372,697367,456500,289500,6.751975,1000000.0
E02005372,697368,457500,289500,6.644256,1000000.0
E02005372,697369,458500,289500,6.565365,1000000.0
E02005372,697370,459500,289500,6.503509,1000000.0
E02005372,697371,460500,289500,6.54748,1000000.0
E02005372,697372,461500,289500,6.517139,715575.2645843566
E02005372,697373,462500,289500,6.412466,6548.728723522638
E02005372,698048,447500,288500,6.831911,537448.3839406259
E02005372,698049,448500,288500,6.751813,1000000.0
E02005372,698050,449500,288500,6.696705,1000000.0
E02005372,698051,450500,288500,6.714482,1000000.0
E02005372,698052,451500,288500,6.631921,1000000.0
E02005372,698053,452500,288500,6.648726,1000000.0
E02005372,698054,453500,288500,6.647191,1000000.0
E02005372,698055,454500,288500,7.004385,1000000.0
E02005372,698056,455500,288500,6.864862,1000000.0
E02005372,698057,456500,288500,6.672474,1000000.0
E02005372,698058,457500,288500,6.666924,1000000.0
E02005372,698059,458500,288500,6.572976,1000000.0
E02005372,698060,459500,288500,6.51869,1000000.0
E02005372,698061,460500,288500,6.488656,1000000.0
E02005372,698062,461500,288500,6.461379,966851.1818396547
E02005372,698063,462500,288500,6.412781,30343.78737401971
E02005372,698738,447500,287500,6.735885,41337.48506007944
E02005372,698739,448500,287500,6.793025,821760.2567368445
E02005372,698740,449500,287500,6.692694,1000000.0
E02005372,698741,450500,287500,6.682758,1000000.0
E02005372,698742,451500,287500,6.677716,1000000.0
E02005372,698743,452500,287500,6.671999,1000000.0
E02005372,698744,453500,287500,6.6406,1000000.0
E02005372,698745,454500,287500,7.066354,730130.6950262885
E02005372,698746,455500,287500,6.70061,995848.7140642478
E02005372,698747,456500,287500,6.638694,1000000.0
E02005372,698748,457500,287500,6.596975,1000000.0
E02005372,698749,458500,287500,6.589263,1000000.0
E02005372,698750,459500,287500,6.462342,1000000.0
E02005372,698751,460500,287500,6.460521,1000000.0
E02005372,698752,461500,287500,6.498742,971723.7463866759
E02005372,698753,462500,287500,6.490496,87864.02321890628
E02005372,699429,448500,286500,6.744155,159432.583426731
E02005372,699430,449500,286500,6.724405,956881.7025287874
E02005372,699431,450500,286500,6.669422,1000000.0
E02005372,699432,451500,286500,6.668634,1000000.0
E02005372,699433,452500,286500,6.647697,1000000.0
E02005372,699434,453500,286500,6.646283,1000000.0
E02005372,699435,454500,286500,7.067348,140697.48365160832
E02005372,699436,455500,286500,6.762332,619578.1362003662
E02005372,699437,456500,286500,6.653853,1000000.0
E02005372,699438,457500,286500,6.5453,1000000.0
E02005372,699439,458500,286500,6.487154,1000000.0
E02005372,699440,459500,286500,6.446695,1000000.0
E02005372,699441,460500,286500,6.442544,1000000.0
E02005372,699442,461500,286500,6.439611,1000000.0
E02005372,699443,462500,286500,6.477899,389293.7058411554
E02005372,700120,449500,285500,6.745034,382487.7723038662
E02005372,700121,450500,285500,6.687562,1000000.0
E02005372,700122,451500,285500,6.720048,1000000.0
E02005372,700123,452500,285500,6.738663,997735.6378846338
E02005372,700124,453500,285500,6.850393,677593.9065718136
E02005372,700125,454500,285500,7.214561,10228.93264995495
E02005372,700126,455500,285500,6.746562,379796.29267777945
E02005372,700127,456500,285500,6.589361,1000000.0
E02005372,700128,457500,285500,6.526516,1000000.0
E02005372,700129,458500,285500,6.427219,1000000.0
E02005372,700130,459500,285500,6.440376,1000000.0
E02005372,700131,460500,285500,6.497838,1000000.0
E02005372,700132,461500,285500,6.486663,730318.5888498995
E02005372,700133,462500,285500,6.483738,37052.95177905167
E02005372,700810,449500,284500,6.653453,181.1732711794442
E02005372,700811,450500,284500,6.733111,551255.5941277199
E02005372,700812,451500,284500,6.943803,771242.6399895594
E02005372,700813,452500,284500,6.872793,461597.16545878316
E02005372,700816,455500,284500,6.99989,683541.8568316981
E02005372,700817,456500,284500,6.638647,1000000.0
E02005372,700818,457500,284500,6.549057,1000000.0
E02005372,700819,458500,284500,6.566437,1000000.0
E02005372,700820,459500,284500,6.488602,963967.3738505766
E02005372,700821,460500,284500,6.528807,194908.14183651665
E02005372,700822,461500,284500,6.518845,42.73174259835286
E02005372,701504,453500,283500,6.859246,91762.34900066172
E02005372,701505,454500,283500,7.053082,251051.88264242632
E02005372,701506,455500,283500,7.024514,983573.9362132277
E02005372,701507,456500,283500,6.686308,1000000.0
E02005372,701508,457500,283500,6.575436,1000000.0
E02005372,701509,458500,283500,6.558588,978969.6206707503
E02005372,701510,459500,283500,6.487659,439046.24826958886
E02005372,702193,452500,282500,6.683718,537566.5010584332
E02005372,702194,453500,282500,6.797899,924057.9519880725
E02005372,702195,454500,282500,7.115696,986982.3113668691
E02005372,702196,455500,282500,6.787621,1000000.0
E02005372,702197,456500,282500,6.680334,1000000.0
E02005372,702198,457500,282500,6.61269,1000000.0
E02005372,702199,458500,282500,6.557131,605451.5414172445
E02005372,702883,452500,281500,6.853062,552534.23642501
E02005372,702884,453500,281500,6.89074,1000000.0
E02005372,702885,454500,281500,6.928925,1000000.0
E02005372,702886,455500,281500,6.967672,1000000.0
E02005372,702887,456500,281500,6.712324,1000000.0
E02005372,702888,457500,281500,6.61793,1000000.0
E02005372,702889,458500,281500,6.556973,927706.3806206558
E02005372,702890,459500,281500,6.52013,25336.044790756765
E02005372,703573,452500,280500,7.087801,56781.181415895204
E02005372,703574,453500,280500,7.145712,919140.7665232891
E02005372,703575,454500,280500,6.840385,1000000.0
E02005372,703576,455500,280500,7.001871,1000000.0
E02005372,703577,456500,280500,6.659633,1000000.0
E02005372,703578,457500,280500,6.561539,1000000.0
E02005372,703579,458500,280500,6.447187,1000000.0
E02005372,703580,459500,280500,6.439292,376755.57336685876
E02005372,704264,453500,279500,7.055141,434968.6330277092
E02005372,704265,454500,279500,6.804665,1000000.0
E02005372,704266,455500,279500,7.053525,1000000.0
E02005372,704267,456500,279500,6.830679,1000000.0
E02005372,704268,457500,279500,6.630061,1000000.0
E02005372,704269,458500,279500,6.510425,927039.5323805857
E02005372,704270,459500,279500,6.539039,34254.77332738888
E02005372,704954,453500,278500,7.073188,24408.588556218718
E02005372,704955,454500,278500,7.133812,865014.4417058558
E02005372,704956,455500,278500,7.11936,1000000.0
E02005372,704957,456500,278500,7.138811,967122.5345323327
E02005372,704958,457500,278500,6.837519,759386.9582666034
E02005372,704959,458500,278500,6.596108,491373.4229943315
E02005372,705645,454500,277500,6.779398,78488.4014164414
E02005372,705646,455500,277500,6.754278,371325.0273981387
E02005372,705647,456500,277500,6.999522,165509.75812676386
E02005377,680799,448500,313500,7.242672,44278.05394429961
E02005377,681487,446500,312500,7.053616,135668.69148656502
E02005377,681488,447500,312500,8.328603,479838.19971707225
E02005377,681489,448500,312500,6.968824,338732.4415063002
E02005377,682175,444500,311500,7.315448,81906.63389279654
E02005377,682176,445500,311500,7.10479,483424.5145822304
E02005377,682177,446500,311500,7.130719,935131.4003703335
E02005377,682178,447500,311500,7.306705,1000000.0
E02005377,682179,448500,311500,6.923267,682295.8708885872
E02005377,682180,449500,311500,6.750407,4939.218071282795
E02005377,682864,443500,310500,7.872305,1010.7642825125253
E02005377,682865,444500,310500,6.983972,821886.9588430043
E02005377,682866,445500,310500,7.430554,1000000.0
E02005377,682867,446500,310500,6.950474,1000000.0
E02005377,682868,447500,310500,6.956936,1000000.0
E02005377,682869,448500,310500,7.152105,879042.548627446
E02005377,682870,449500,310500,6.978524,225014.85940461524
E02005377,683554,443500,309500,6.816214,501338.3742097577
E02005377,683555,444500,309500,6.837159,987103.4428617775
E02005377,683556,445500,309500,6.87075,1000000.0
E02005377,683557,446500,309500,6.830694,1000000.0
E02005377,683558,447500,309500,6.857138,1000000.0
E02005377,683559,448500,309500,7.232664,1000000.0
E02005377,683560,449500,309500,7.073404,966509.7294412976
E02005377,683561,450500,309500,6.870071,203038.25858921616
E02005377,684244,443500,308500,6.716193,626577.8020023907
E02005377,684245,444500,308500,6.799118,1000000.0
E02005377,684246,445500,308500,6.720212,1000000.0
E02005377,684247,446500,308500,6.79306,1000000.0
E02005377,684248,447500,308500,6.873073,1000000.0
E02005377,684249,448500,308500,7.201149,610569.0098935982
E02005377,684250,449500,308500,6.936561,485323.5342796402
E02005377,684251,450500,308500,6.916019,438736.05651804514
E02005377,684934,443500,307500,6.69124,522151.6885966435
E02005377,684935,444500,307500,6.732761,1000000.0
E02005377,684936,445500,307500,6.710649,1000000.0
E02005377,684937,446500,307500,6.932723,1000000.0
E02005377,684938,447500,307500,6.881765,1000000.0
E02005377,684939,448500,307500,6.814828,735524.7447684219
E02005377,684940,449500,307500,7.189279,18564.632570948066
E02005377,684941,450500,307500,7.187323,27666.104231332283
E02005377,685624,443500,306500,6.73664,7056.953241576182
E02005377,685625,444500,306500,6.705215,562136.1195059965
E02005377,685626,445500,306500,6.807164,999771.4895319602
E02005377,685627,446500,306500,8.246113,1000000.0
E02005377,685628,447500,306500,6.896105,992170.8825508204
E02005377,685629,448500,306500,6.761844,492365.44960084464
E02005377,686316,445500,305500,6.80604,109397.56283615131
E02005377,686317,446500,305500,6.751616,930307.9096227026
E02005377,686318,447500,305500,6.721353,257529.69075418243
E02005377,687006,445500,304500,6.692715,150.2231830222117
E02005377,687007,446500,304500,6.786516,128320.86516493437
E02005380,683546,435500,309500,6.366672,328.16163080498313
E02005380,683549,438500,309500,6.493933,277571.20125956036
E02005380,683550,439500,309500,6.619022,237663.0348220324
E02005380,683553,442500,309500,6.703338,93318.30939454441
E02005380,683554,443500,309500,6.816214,68688.24619321886
E02005380,684233,432500,308500,6.447969,158169.0793546124
E02005380,684234,433500,308500,6.386468,737124.4480637879
E02005380,684235,434500,308500,6.414857,315244.4344632165
E02005380,684236,435500,308500,6.392163,617130.5798378189
E02005380,684237,436500,308500,6.396865,18518.203146782147
E02005380,684238,437500,308500,6.405136,166.07777212764105
E02005380,684239,438500,308500,6.471103,901363.9190369949
E02005380,684240,439500,308500,6.484481,920820.6122727228
E02005380,684241,440500,308500,6.575464,538473.4192008117
E02005380,684242,441500,308500,6.583547,691791.0686615559
E02005380,684243,442500,308500,6.653253,970683.8175731777
E02005380,684244,443500,308500,6.716193,371936.17799728044
E02005380,684921,430500,307500,6.480547,351319.13380017516
E02005380,684922,431500,307500,6.449854,772223.0317272748
E02005380,684923,432500,307500,6.437655,986132.3173957984
E02005380,684924,433500,307500,6.407901,1000000.0
E02005380,684925,434500,307500,6.395121,1000000.0
E02005380,684926,435500,307500,6.395461,1000000.0
E02005380,684927,436500,307500,6.450622,883638.1456001111
E02005380,684928,437500,307500,6.423425,634834.9661808461
E02005380,684929,438500,307500,6.432654,999823.2579234212
E02005380,684930,439500,307500,6.495779,1000000.0
E02005380,684931,440500,307500,6.526331,1000000.0
E02005380,684932,441500,307500,6.599265,1000000.0
E02005380,684933,442500,307500,6.635599,1000000.0
E02005380,684934,443500,307500,6.69124,477848.3114033565
E02005380,685611,430500,306500,6.435905,147942.2030408786
E02005380,685612,431500,306500,6.465292,996940.4203579304
E02005380,685613,432500,306500,6.417893,1000000.0
E02005380,685614,433500,306500,6.398667,1000000.0
E02005380,685615,434500,306500,6.425261,1000000.0
E02005380,685616,435500,306500,6.386104,1000000.0
E02005380,685617,436500,306500,6.404239,1000000.0
E02005380,685618,437500,306500,6.451792,1000000.0
E02005380,685619,438500,306500,6.433544,1000000.0
E02005380,685620,439500,306500,6.444843,1000000.0
E02005380,685621,440500,306500,6.527355,1000000.0
E02005380,685622,441500,306500,6.594431,1000000.0
E02005380,685623,442500,306500,6.645024,1000000.0
E02005380,685624,443500,306500,6.73664,992943.0467584238
E02005380,685625,444500,306500,6.705215,256427.87588767183
E02005380,686301,430500,305500,6.427512,85730.01861898211
E02005380,686302,431500,305500,6.400577,997412.1117702873
E02005380,686303,432500,305500,6.330202,1000000.0
E02005380,686304,433500,305500,6.384486,1000000.0
E02005380,686305,434500,305500,6.442433,1000000.0
E02005380,686306,435500,305500,6.394304,1000000.0
E02005380,686307,436500,305500,6.39411,1000000.0
E02005380,686308,437500,305500,6.475593,1000000.0
E02005380,686309,438500,305500,6.441341,1000000.0
E02005380,686310,439500,305500,6.46942,1000000.0
E02005380,686311,440500,305500,6.471954,1000000.0
E02005380,686312,441500,305500,6.56201,1000000.0
E02005380,686313,442500,305500,6.703615,1000000.0
E02005380,686314,443500,305500,6.658601,876154.035182494
E02005380,686315,444500,305500,6.674157,285595.3405954903
E02005380,686990,429500,304500,6.531246,342809.55702592665
E02005380,686991,430500,304500,6.484366,860140.9253402144
E02005380,686992,431500,304500,6.454063,1000000.0
E02005380,686993,432500,304500,6.41176,1000000.0
E02005380,686994,433500,304500,6.405353,1000000.0
E02005380,686995,434500,304500,6.473808,1000000.0
E02005380,686996,435500,304500,6.441799,1000000.0
E02005380,686997,436500,304500,6.432971,763527.1485813315
E02005380,686998,437500,304500,6.481133,990693.2703529877
E02005380,686999,438500,304500,6.505188,1000000.0
E02005380,687000,439500,304500,6.500646,1000000.0
E02005380,687001,440500,304500,6.494655,1000000.0
E02005380,687002,441500,304500,6.575193,1000000.0
E02005380,687003,442500,304500,6.663297,1000000.0
E02005380,687004,443500,304500,6.613428,713537.7288149082
E02005380,687005,444500,304500,6.799932,1173.3254596553445
E02005380,687680,429500,303500,6.532203,539632.2338909671
E02005380,687681,430500,303500,6.477296,1000000.0
E02005380,687682,431500,303500,6.450956,1000000.0
E02005380,687683,432500,303500,6.432154,1000000.0
E02005380,687684,433500,303500,6.440715,1000000.0
E02005380,687685,434500,303500,6.415855,997271.5897256904
E02005380,687686,435500,303500,6.448263,576693.971715953
E02005380,687687,436500,303500,6.436276,2521.3483242905704
E02005380,687688,437500,303500,6.436798,121677.14360297644
E02005380,687689,438500,303500,6.468098,902409.8761607762
E02005380,687690,439500,303500,6.541192,1000000.0
E02005380,687691,440500,303500,6.508976,1000000.0
E02005380,687692,441500,303500,6.491033,1000000.0
E02005380,687693,442500,303500,6.647602,1000000.0
E02005380,687694,443500,303500,6.75196,350492.3296483705
E02005380,688370,429500,302500,6.527619,326704.31196163973
E02005380,688371,430500,302500,6.482748,989477.2496572412
E02005380,688372,431500,302500,6.455515,1000000.0
E02005380,688373,432500,302500,6.453912,1000000.0
E02005380,688374,433500,302500,6.379501,1000000.0
E02005380,688375,434500,302500,6.441153,399388.4436186452
E02005380,688378,437500,302500,6.423785,60661.066119868345
E02005380,688379,438500,302500,6.470727,978976.1440236967
E02005380,688380,439500,302500,6.504278,1000000.0
E02005380,688381,440500,302500,6.521022,1000000.0
E02005380,688382,441500,302500,6.556319,1000000.0
E02005380,688383,442500,302500,6.664287,1000000.0
E02005380,688384,443500,302500,7.272058,762146.5947050123
E02005380,689061,430500,301500,6.489459,837232.7779375974
E02005380,689062,431500,301500,6.464257,1000000.0
E02005380,689063,432500,301500,6.480683,1000000.0
E02005380,689064,433500,301500,6.437977,1000000.0
E02005380,689065,434500,301500,6.445262,348377.2066114159
E02005380,689068,437500,301500,6.432333,76334.25110651234
E02005380,689069,438500,301500,6.478988,797700.4521505665
E02005380,689070,439500,301500,6.478376,988329.7161692233
E02005380,689071,440500,301500,6.51193,641640.9462567635
E02005380,689072,441500,301500,6.532409,533178.6563415558
E02005380,689073,442500,301500,6.626346,428130.9858667735
E02005380,689074,443500,301500,6.661171,439963.92129034427
E02005380,689750,429500,300500,6.530268,14438.8669041851
E02005380,689751,430500,300500,6.511856,940745.5631031534
E02005380,689752,431500,300500,6.491076,1000000.0
E02005380,689753,432500,300500,6.490357,992054.1023052232
E02005380,689754,433500,300500,6.45717,387763.8913638271
E02005380,689755,434500,300500,6.465413,42945.853535739494
E02005380,689759,438500,300500,6.439898,38672.0127975316
E02005380,689760,439500,300500,6.526203,108753.89474108472
E02005380,690440,429500,299500,6.632976,11952.282961858142
E02005380,690441,430500,299500,6.578006,445133.5684510967
E02005380,690442,431500,299500,6.589972,765650.1817361611
E02005380,690443,432500,299500,6.560241,212595.8839453088
E02005380,690444,433500,299500,6.56508,89.27338773965548
E02005381,685625,444500,306500,6.705215,181436.00460633173
E02005381,685626,445500,306500,6.807164,228.51046803983454
E02005381,685628,447500,306500,6.896105,7829.11744917961
E02005381,685629,448500,306500,6.761844,152139.0554168018
E02005381,686314,443500,305500,6.658601,123845.964817506
E02005381,686315,444500,305500,6.674157,714404.6594045097
E02005381,686316,445500,305500,6.80604,890602.4371638487
E02005381,686317,446500,305500,6.751616,69692.09037729743
E02005381,686318,447500,305500,6.721353,742470.3092458177
E02005381,686319,448500,305500,6.717759,980941.1373959229
E02005381,686320,449500,305500,6.760758,645426.2482672397
E02005381,686321,450500,305500,6.83886,5215.6630634014
E02005381,687004,443500,304500,6.613428,286462.2711850918
E02005381,687005,444500,304500,6.799932,998826.6745403446
E02005381,687006,445500,304500,6.692715,999849.7768169778
E02005381,687007,446500,304500,6.786516,871679.1348350657
E02005381,687008,447500,304500,6.786181,1000000.0
E02005381,687009,448500,304500,6.804079,1000000.0
E02005381,687010,449500,304500,6.846688,1000000.0
E02005381,687011,450500,304500,6.910684,541312.4261283238
E02005381,687012,451500,304500,7.078646,140849.09550383256
E02005381,687694,443500,303500,6.75196,649507.6703516295
E02005381,687695,444500,303500,6.892136,1000000.0
E02005381,687696,445500,303500,6.795417,1000000.0
E02005381,687697,446500,303500,6.781547,1000000.0
E02005381,687698,447500,303500,6.874044,1000000.0
E02005381,687699,448500,303500,6.832308,1000000.0
E02005381,687700,449500,303500,6.837972,999981.4491528029
E02005381,687701,450500,303500,6.859474,237024.58359874872
E02005381,688384,443500,302500,7.272058,237853.40529498772
E02005381,688385,444500,302500,6.745986,1000000.0
E02005381,688386,445500,302500,6.711923,1000000.0
E02005381,688387,446500,302500,6.734076,1000000.0
E02005381,688388,447500,302500,6.85487,1000000.0
E02005381,688389,448500,302500,6.822451,1000000.0
E02005381,688390,449500,302500,6.837281,870483.4752600396
E02005381,688391,450500,302500,6.861838,256584.9782589479
E02005381,689073,442500,301500,6.626346,18299.7014241698
E02005381,689074,443500,301500,6.661171,560014.0684498072
E02005381,689075,444500,301500,6.649481,1000000.0
E02005381,689076,445500,301500,6.628452,1000000.0
E02005381,689077,446500,301500,6.66395,1000000.0
E02005381,689078,447500,301500,6.763268,1000000.0
E02005381,689079,448500,301500,6.817504,969759.3397790465
E02005381,689080,449500,301500,6.831182,99907.29482187393
E02005381,689763,442500,300500,6.614356,230375.80683207107
E02005381,689764,443500,300500,6.671607,1000000.0
E02005381,689765,444500,300500,6.65625,1000000.0
E02005381,689766,445500,300500,6.694813,1000000.0
E02005381,689767,446500,300500,6.738105,1000000.0
E02005381,689768,447500,300500,6.761105,1000000.0
E02005381,689769,448500,300500,6.797794,911495.1860268163
E02005381,689770,449500,300500,6.815708,94479.39129369879
E02005381,690453,442500,299500,6.71803,488194.9239025126
E02005381,690454,443500,299500,6.70207,1000000.0
E02005381,690455,444500,299500,6.747254,1000000.0
E02005381,690456,445500,299500,6.811892,760693.045024982
E02005381,690457,446500,299500,6.875467,841482.7267504641
E02005381,690458,447500,299500,6.91128,815374.2944221742
E02005381,690459,448500,299500,6.911372,129144.95359378199
E02005381,691142,441500,298500,6.717822,82799.42772397006
E02005381,691143,442500,298500,6.734385,982282.9177843202
E02005381,691144,443500,298500,6.784106,781711.9961988692
E02005381,691145,444500,298500,6.854621,187489.68179358932
E02005381,691146,445500,298500,6.90141,14017.902479909022
E02005381,691832,441500,297500,6.787346,5235.660481822208
E02005381,691833,442500,297500,6.824078,244982.36930838873
E02005381,691834,443500,297500,6.878014,96117.1489559978
E02005382,690457,446500,299500,6.875467,134480.27793842324
E02005382,690458,447500,299500,6.91128,116244.33774398721
E02005382,690459,448500,299500,6.911372,2963.163764073784
E02005382,691146,445500,298500,6.90141,70984.44981481976
E02005382,691147,446500,298500,6.927806,968880.3207152078
E02005382,691148,447500,298500,6.947494,820869.8760600558
E02005382,691149,448500,298500,6.922315,42300.21917983914
E02005382,691836,445500,297500,7.077057,682498.5403386091
E02005382,691837,446500,297500,7.090703,1000000.0
E02005382,691838,447500,297500,7.007677,1000000.0
E02005382,691839,448500,297500,6.933756,940677.8879518191
E02005382,691840,449500,297500,7.071604,441307.81103185087
E02005382,692526,445500,296500,7.035344,127046.68571502957
E02005382,692527,446500,296500,7.01166,475545.38928861753
E02005382,692528,447500,296500,6.9866,687114.009392979
E02005382,692529,448500,296500,7.17007,541264.3877473271
E02005382,692530,449500,296500,7.081846,160556.63466697105
E02005383,690456,445500,299500,6.811892,239306.95497501796
E02005383,690457,446500,299500,6.875467,24036.9953111126
E02005383,691144,443500,298500,6.784106,218288.00380113084
E02005383,691145,444500,298500,6.854621,812510.3182064106
E02005383,691146,445500,298500,6.90141,914997.6477052713
E02005383,691147,446500,298500,6.927806,31119.67928479223
E02005383,691832,441500,297500,6.787346,204015.49014766348
E02005383,691833,442500,297500,6.824078,755017.6306916112
E02005383,691834,443500,297500,6.878014,903882.8510440022
E02005383,691835,444500,297500,7.119143,1000000.0
E02005383,691836,445500,297500,7.077057,317501.45966139087
E02005383,692522,441500,296500,6.826173,110143.0509500388
E02005383,692523,442500,296500,6.939819,301647.96109480207
E02005383,692524,443500,296500,7.044799,795295.3260845065
E02005383,692525,444500,296500,7.102815,1000000.0
E02005383,692526,445500,296500,7.035344,442871.9260280611
E02005383,693214,443500,295500,7.260314,25736.80652695704
E02005383,693215,444500,295500,7.017834,322857.76296479476
E02005383,693216,445500,295500,6.97675,101392.24997898545
E02005384,686997,436500,304500,6.432971,236472.85141866835
E02005384,686998,437500,304500,6.481133,9306.729647012306
E02005384,687685,434500,303500,6.415855,2728.4102743096128
E02005384,687686,435500,303500,6.448263,423306.028284047
E02005384,687687,436500,303500,6.436276,997478.6516757095
E02005384,687688,437500,303500,6.436798,878322.8563970235
E02005384,687689,438500,303500,6.468098,97590.12383922373
E02005384,688375,434500,302500,6.441153,600611.5563813547
E02005384,688376,435500,302500,6.458608,1000000.0
E02005384,688377,436500,302500,6.420832,1000000.0
E02005384,688378,437500,302500,6.423785,939338.9338801316
E02005384,688379,438500,302500,6.470727,21023.855976303254
E02005384,689065,434500,301500,6.445262,651622.7933885842
E02005384,689066,435500,301500,6.468869,1000000.0
E02005384,689067,436500,301500,6.440459,1000000.0
E02005384,689068,437500,301500,6.432333,923665.7488934876
E02005384,689069,438500,301500,6.478988,202299.54784943355
E02005384,689070,439500,301500,6.478376,11670.283830776756
E02005384,689071,440500,301500,6.51193,358359.05374323647
E02005384,689072,441500,301500,6.532409,466821.34365844424
E02005384,689073,442500,301500,6.626346,553569.3127090568
E02005384,689074,443500,301500,6.661171,22.01025984843855
E02005384,689753,432500,300500,6.490357,7945.897694776828
E02005384,689754,433500,300500,6.45717,612236.1086361731
E02005384,689755,434500,300500,6.465413,957054.1464642604
E02005384,689756,435500,300500,6.481838,1000000.0
E02005384,689757,436500,300500,6.468682,1000000.0
E02005384,689758,437500,300500,6.457222,1000000.0
E02005384,689759,438500,300500,6.439898,961327.9872024683
E02005384,689760,439500,300500,6.526203,891246.1052589153
E02005384,689761,440500,300500,6.546592,1000000.0
E02005384,689762,441500,300500,6.574258,1000000.0
E02005384,689763,442500,300500,6.614356,769624.193167929
E02005384,690442,431500,299500,6.589972,147340.69133243524
E02005384,690443,432500,299500,6.560241,787404.1160546911
E02005384,690444,433500,299500,6.56508,999910.7266122604
E02005384,690445,434500,299500,6.524966,1000000.0
E02005384,690446,435500,299500,6.588008,1000000.0
E02005384,690447,436500,299500,6.56954,1000000.0
E02005384,690448,437500,299500,6.539878,1000000.0
E02005384,690449,438500,299500,6.505599,1000000.0
E02005384,690450,439500,299500,6.577067,1000000.0
E02005384,690451,440500,299500,6.599232,1000000.0
E02005384,690452,441500,299500,6.697482,1000000.0
E02005384,690453,442500,299500,6.71803,511805.0760974875
E02005384,691132,431500,298500,6.689707,120597.14657116431
E02005384,691133,432500,298500,6.667798,904504.886545282
E02005384,691134,433500,298500,6.586542,1000000.0
E02005384,691135,434500,298500,6.514026,1000000.0
E02005384,691136,435500,298500,6.557499,1000000.0
E02005384,691137,436500,298500,6.579188,1000000.0
E02005384,691138,437500,298500,6.589574,1000000.0
E02005384,691139,438500,298500,6.566145,1000000.0
E02005384,691140,439500,298500,6.574337,1000000.0
E02005384,691141,440500,298500,6.714525,1000000.0
E02005384,691142,441500,298500,6.717822,917200.57227603
E02005384,691143,442500,298500,6.734385,17717.082215679762
E02005384,691823,432500,297500,6.795851,672814.0897223412
E02005384,691824,433500,297500,6.63521,1000000.0
E02005384,691825,434500,297500,6.662424,1000000.0
E02005384,691826,435500,297500,6.68424,1000000.0
E02005384,691827,436500,297500,6.612658,1000000.0
E02005384,691828,437500,297500,6.642232,1000000.0
E02005384,691829,438500,297500,6.609146,1000000.0
E02005384,691830,439500,297500,6.719152,1000000.0
E02005384,691831,440500,297500,6.766414,1000000.0
E02005384,691832,441500,297500,6.787346,790748.8493705143
E02005384,692513,432500,296500,6.770468,41599.60217296627
E02005384,692514,433500,296500,6.883827,443711.28145061806
E02005384,692515,434500,296500,6.848076,894864.6336640024
E02005384,692516,435500,296500,6.778739,1000000.0
E02005384,692517,436500,296500,6.704451,1000000.0
E02005384,692518,437500,296500,6.618733,1000000.0
E02005384,692519,438500,296500,6.673178,1000000.0
E02005384,692520,439500,296500,6.739379,1000000.0
E02005384,692521,440500,296500,6.7401,1000000.0
E02005384,692522,441500,296500,6.826173,887775.8818035705
E02005384,692523,442500,296500,6.939819,100870.95704671343
E02005384,693205,434500,295500,6.848361,26931.353805425853
E02005384,693206,435500,295500,6.855837,393709.25352757826
E02005384,693207,436500,295500,6.818368,859379.2317782065
E02005384,693208,437500,295500,6.753306,1000000.0
E02005384,693209,438500,295500,6.750831,1000000.0
E02005384,693210,439500,295500,6.841205,1000000.0
E02005384,693211,440500,295500,6.873588,1000000.0
E02005384,693212,441500,295500,7.097027,998818.0726589457
E02005384,693213,442500,295500,7.223282,333473.1803841565
E02005384,693897,436500,294500,6.905156,7723.421389311224
E02005384,693898,437500,294500,6.943702,383853.817123575
E02005384,693899,438500,294500,6.914969,913044.1921163719
E02005384,693900,439500,294500,6.91878,844948.7386182763
E02005384,693901,440500,294500,7.184167,129367.09190049674
E02005384,693902,441500,294500,7.331785,69144.04304647543
E02005384,693903,442500,294500,7.385654,13314.740702059435
E02005384,694589,438500,293500,7.043888,60321.038179477175
E02005384,694590,439500,293500,7.140469,246767.0480552122
E02005385,692522,441500,296500,6.826173,2081.067246390704
E02005385,692523,442500,296500,6.939819,597481.0818584845
E02005385,692524,443500,296500,7.044799,204704.67391549353
E02005385,693213,442500,295500,7.223282,517379.7793600672
E02005385,693214,443500,295500,7.260314,971128.2666195425
E02005385,693215,444500,295500,7.017834,647014.9634679852
E02005385,693216,445500,295500,6.97675,37.763783197248905
E02005385,693904,443500,294500,7.276587,713391.4046076837
E02005385,693905,444500,294500,6.988107,674978.9232713877
E02005385,693906,445500,294500,6.957557,14235.937338366843
E02005385,694594,443500,293500,7.296188,78689.49291341484
E02005385,694595,444500,293500,7.089667,1322.6822366781828
E02005386,693213,442500,295500,7.223282,149147.04025577634
E02005386,693214,443500,295500,7.260314,3134.9268535003953
E02005386,693902,441500,294500,7.331785,1556.9465265302126
E02005386,693903,442500,294500,7.385654,722597.2116194316
E02005386,693904,443500,294500,7.276587,286608.59539231635
E02005386,694593,442500,293500,7.335234,300378.3375646864
E02005386,694594,443500,293500,7.296188,320875.4008166072
E02005387,693212,441500,295500,7.097027,1181.9273410543929
E02005387,693900,439500,294500,6.91878,155051.26138172369
E02005387,693901,440500,294500,7.184167,870632.9080995033
E02005387,693902,441500,294500,7.331785,877396.2360526116
E02005387,693903,442500,294500,7.385654,78599.90510477086
E02005387,694590,439500,293500,7.140469,370624.98549719166
E02005387,694591,440500,293500,7.197941,1000000.0
E02005387,694592,441500,293500,7.319751,328097.2053973304
E02005387,695280,439500,292500,7.09694,926.8666821198836
E02005387,695281,440500,292500,7.212386,326295.11367634404
E02005387,695282,441500,292500,7.183056,175825.26914633758
E02005388,693902,441500,294500,7.331785,51902.77437438256
E02005388,693903,442500,294500,7.385654,185488.1425737381
E02005388,694592,441500,293500,7.319751,655990.2249300147
E02005388,694593,442500,293500,7.335234,531683.303304259
E02005388,694594,443500,293500,7.296188,2048.0839905045377
E02005388,695282,441500,292500,7.183056,29179.816213468872
E02005389,693905,444500,294500,6.988107,325021.07672861224
E02005389,693906,445500,294500,6.957557,117221.64731024571
E02005389,694593,442500,293500,7.335234,110107.33610635901
E02005389,694594,443500,293500,7.296188,598387.0222794735
E02005389,694595,444500,293500,7.089667,998677.3177633218
E02005389,694596,445500,293500,6.983533,286867.4540760847
E02005389,695283,442500,292500,7.208282,110190.06207164767
E02005389,695284,443500,292500,7.282498,237212.46988526682
E02005389,695285,444500,292500,7.085571,514985.80169397563
E02005389,695286,445500,292500,7.15648,71609.91697749191
E02005390,694592,441500,293500,7.319751,15912.56967265508
E02005390,694593,442500,293500,7.335234,57831.02302469574
E02005390,695282,441500,292500,7.183056,673632.4694040057
E02005390,695283,442500,292500,7.208282,889809.9379283523
E02005390,695284,443500,292500,7.282498,762787.5301147331
E02005390,695285,444500,292500,7.085571,485014.1983060243
E02005390,695286,445500,292500,7.15648,413543.75953775254
E02005390,695972,441500,291500,7.102837,39035.46120695784
E02005390,695973,442500,291500,7.13693,519185.5142553043
E02005390,695974,443500,291500,7.227802,976817.6174498744
E02005390,695975,444500,291500,7.166115,1000000.0
E02005390,695976,445500,291500,6.904907,912245.1219400258
E02005390,695977,446500,291500,6.804358,49214.0736417815
E02005390,696664,443500,290500,7.139036,134740.4226253784
E02005390,696665,444500,290500,6.970102,701768.8885577348
E02005390,696666,445500,290500,6.814706,1000000.0
E02005390,696667,446500,290500,6.729191,249420.2295742192
E02005390,697355,444500,289500,6.884325,629.887047303475
E02005390,697356,445500,289500,6.90451,302440.20224703767
E02005390,697357,446500,289500,6.819092,23766.09508187619
E02005397,668377,446500,331500,7.218201,69290.55106058063
E02005397,668378,447500,331500,7.110957,50739.0444242552
E02005397,668379,448500,331500,7.012257,73642.11949270182
E02005397,668380,449500,331500,7.001,18118.259292148203
E02005397,669065,444500,330500,6.973962,77602.91959754606
E02005397,669066,445500,330500,6.983526,232958.8576358128
E02005397,669067,446500,330500,7.21604,914864.5896006012
E02005397,669068,447500,330500,7.071558,943478.1349773139
E02005397,669069,448500,330500,6.911405,947180.6330927275
E02005397,669070,449500,330500,6.867839,227607.22836873666
E02005397,669754,443500,329500,7.118392,54143.09354431679
E02005397,669755,444500,329500,7.075749,884898.908551485
E02005397,669756,445500,329500,7.169686,1000000.0
E02005397,669757,446500,329500,7.105005,1000000.0
E02005397,669758,447500,329500,7.13903,1000000.0
E02005397,669759,448500,329500,6.86404,870367.7620600357
E02005397,669760,449500,329500,6.954831,49471.47721623501
E02005397,670443,442500,328500,6.723872,188397.00281757215
E02005397,670444,443500,328500,6.703091,858052.6825484327
E02005397,670445,444500,328500,6.826709,1000000.0
E02005397,670446,445500,328500,6.834961,1000000.0
E02005397,670447,446500,328500,6.996602,1000000.0
E02005397,670448,447500,328500,7.20836,964660.6561846435
E02005397,670449,448500,328500,7.027563,220004.0756104311
E02005397,671132,441500,327500,6.565487,372361.99168628646
E02005397,671133,442500,327500,6.645624,978948.9096570947
E02005397,671134,443500,327500,6.88058,1000000.0
E02005397,671135,444500,327500,6.89889,1000000.0
E02005397,671136,445500,327500,6.800611,1000000.0
E02005397,671137,446500,327500,6.808354,921813.1595299591
E02005397,671138,447500,327500,7.336498,44266.699878586645
E02005397,671821,440500,326500,6.59279,20914.4593579204
E02005397,671822,441500,326500,6.546171,875775.9203559844
E02005397,671823,442500,326500,6.58041,1000000.0
E02005397,671824,443500,326500,6.788101,1000000.0
E02005397,671825,444500,326500,6.868371,1000000.0
E02005397,671826,445500,326500,6.839211,999833.0734339156
E02005397,671827,446500,326500,6.89716,436062.37857105245
E02005397,672511,440500,325500,6.57887,207208.6516556753
E02005397,672512,441500,325500,6.606588,993364.4817221876
E02005397,672513,442500,325500,6.650657,1000000.0
E02005397,672514,443500,325500,6.807234,1000000.0
E02005397,672515,444500,325500,6.804296,996858.6099024134
E02005397,672516,445500,325500,6.842909,468778.0954160578
E02005397,673200,439500,324500,6.580417,2909.100015590448
E02005397,673201,440500,324500,6.615755,805428.1143943344
E02005397,673202,441500,324500,6.620841,1000000.0
E02005397,673203,442500,324500,6.633859,1000000.0
E02005397,673204,443500,324500,6.63105,1000000.0
E02005397,673205,444500,324500,6.663413,597531.6936808401
E02005397,673890,439500,323500,6.566013,340744.87907812337
E02005397,673891,440500,323500,6.654531,1000000.0
E02005397,673892,441500,323500,6.665914,1000000.0
E02005397,673893,442500,323500,6.640685,1000000.0
E02005397,673894,443500,323500,6.630159,988788.360379907
E02005397,673895,444500,323500,6.644763,83802.43119119458
E02005397,674579,438500,322500,6.44157,18585.341337136502
E02005397,674580,439500,322500,6.577526,819637.8382002087
E02005397,674581,440500,322500,6.763791,949069.714790921
E02005397,674582,441500,322500,6.890816,1000000.0
E02005397,674583,442500,322500,6.915526,1000000.0
E02005397,674584,443500,322500,6.84829,701681.1744990577
E02005397,675270,439500,321500,6.721393,11457.135155855556
E02005397,675271,440500,321500,6.816705,239280.30215360253
E02005397,675272,441500,321500,6.686686,947660.2982892828
E02005397,675273,442500,321500,6.58524,779637.2432331537
E02005397,675274,443500,321500,6.592351,92246.66592831667
E02005397,675962,441500,320500,6.544889,31002.086202932
E02005397,675963,442500,320500,6.525177,80605.88293267653
E02005398,669759,448500,329500,6.86404,116669.19165330798
E02005398,669760,449500,329500,6.954831,183306.14225872696
E02005398,670448,447500,328500,7.20836,35339.34381535663
E02005398,670449,448500,328500,7.027563,779995.9243895689
E02005398,670450,449500,328500,6.858995,197996.3892154003
E02005398,671137,446500,327500,6.808354,78186.84047004097
E02005398,671138,447500,327500,7.336498,955733.3001214134
E02005398,671139,448500,327500,6.980236,1000000.0
E02005398,671140,449500,327500,6.798849,383043.9750035525
E02005398,671826,445500,326500,6.839211,166.9265660844455
E02005398,671827,446500,326500,6.89716,563937.6214289477
E02005398,671828,447500,326500,7.285455,1000000.0
E02005398,671829,448500,326500,6.979281,999264.0619967494
E02005398,671830,449500,326500,6.767687,152657.01496869838
E02005398,672515,444500,325500,6.804296,3141.3900975865035
E02005398,672516,445500,325500,6.842909,531221.9045839421
E02005398,672517,446500,325500,6.968728,1000000.0
E02005398,672518,447500,325500,7.129212,1000000.0
E02005398,672519,448500,325500,6.771222,1000000.0
E02005398,672520,449500,325500,6.769108,319894.85306635237
E02005398,673205,444500,324500,6.663413,402468.3063191599
E02005398,673206,445500,324500,6.722779,1000000.0
E02005398,673207,446500,324500,7.181782,1000000.0
E02005398,673208,447500,324500,6.837278,1000000.0
E02005398,673209,448500,324500,6.70995,1000000.0
E02005398,673210,449500,324500,6.751568,835959.4871415794
E02005398,673894,443500,323500,6.630159,11211.639620092928
E02005398,673895,444500,323500,6.644763,916197.5688088054
E02005398,673896,445500,323500,6.859896,1000000.0
E02005398,673897,446500,323500,7.032165,1000000.0
E02005398,673898,447500,323500,6.994737,1000000.0
E02005398,673899,448500,323500,6.760068,1000000.0
E02005398,673900,449500,323500,6.743042,420468.2193137935
E02005398,674584,443500,322500,6.84829,298318.82550094236
E02005398,674585,444500,322500,6.861534,1000000.0
E02005398,674586,445500,322500,6.717801,1000000.0
E02005398,674587,446500,322500,6.662576,1000000.0
E02005398,674588,447500,322500,7.072477,1000000.0
E02005398,674589,448500,322500,6.825239,855264.3102146887
E02005398,674590,449500,322500,6.827435,5028.516269568049
E02005398,675273,442500,321500,6.58524,220362.7567668462
E02005398,675274,443500,321500,6.592351,907753.3340716833
E02005398,675275,444500,321500,6.611866,1000000.0
E02005398,675276,445500,321500,6.61167,1000000.0
E02005398,675277,446500,321500,6.646889,952579.5800290118
E02005398,675278,447500,321500,6.886901,999915.226457273
E02005398,675279,448500,321500,7.160776,779931.0406174597
E02005398,675280,449500,321500,6.868034,13.712775955971132
E02005398,675963,442500,320500,6.525177,86494.54852592327
E02005398,675964,443500,320500,6.58224,324004.4817534354
E02005398,675965,444500,320500,6.616709,819245.7542139909
E02005398,675966,445500,320500,6.628,789082.5727838308
E02005398,675967,446500,320500,6.645844,558.2691039785556
E02005398,675968,447500,320500,6.879339,69722.71173338298
E02005398,675969,448500,320500,7.434684,56142.58299752784
E02005398,676654,443500,319500,6.6245,105790.41313957651
E02005398,676655,444500,319500,6.691719,998582.9762276703
E02005398,676656,445500,319500,6.711353,410328.4041755945
E02005398,677344,443500,318500,6.690055,661769.3079035761
E02005398,677345,444500,318500,6.744174,998122.765179846
E02005398,677346,445500,318500,6.760926,92717.56810991425
E02005398,678034,443500,317500,6.663803,472694.43228223635
E02005398,678035,444500,317500,6.66592,481934.1537676585
E02005398,678036,445500,317500,6.66316,69893.9486762746
E02005399,675267,436500,321500,6.460082,147210.30174609847
E02005399,675957,436500,320500,6.495527,391747.95190280396
E02005399,675958,437500,320500,6.543202,336750.0774232411
E02005399,676646,435500,319500,6.598949,183.67878516532193
E02005399,676647,436500,319500,6.592844,663126.2286205797
E02005399,676648,437500,319500,6.57961,744197.031646897
E02005399,677335,434500,318500,6.768558,266172.36574863427
E02005399,677336,435500,318500,6.739455,768117.9517618127
E02005399,677337,436500,318500,6.751092,1000000.0
E02005399,677338,437500,318500,6.684943,907108.4571713426
E02005399,677339,438500,318500,6.819269,27340.32362982935
E02005399,678025,434500,317500,6.764337,346564.396548317
E02005399,678026,435500,317500,6.838081,999389.085470379
E02005399,678027,436500,317500,6.801041,1000000.0
E02005399,678028,437500,317500,6.986226,959198.3677412025
E02005399,678029,438500,317500,6.673395,100519.66532710525
E02005399,678716,435500,316500,6.796702,398395.9740188898
E02005399,678717,436500,316500,6.919248,743567.8816397921
E02005399,678718,437500,316500,6.963022,604611.4460604618
E02005399,679407,436500,315500,6.872072,20559.392185448793
E02005400,677343,442500,318500,6.698015,129535.18225326917
E02005400,677344,443500,318500,6.690055,21576.070103671307
E02005400,678031,440500,317500,6.576427,102513.00169080723
E02005400,678032,441500,317500,6.616395,635425.2056755472
E02005400,678033,442500,317500,6.732164,959795.3583645015
E02005400,678034,443500,317500,6.663803,378898.2355706737
E02005400,678035,444500,317500,6.66592,13708.351090923798
E02005400,678721,440500,316500,6.591506,566381.017284003
E02005400,678722,441500,316500,6.672534,1000000.0
E02005400,678723,442500,316500,6.695943,954796.1444463397
E02005400,678724,443500,316500,6.860022,324787.53399523307
E02005400,678725,444500,316500,6.690297,72480.94080131217
E02005400,679411,440500,315500,6.67283,724868.6975359957
E02005400,679412,441500,315500,6.737628,923522.2013338252
E02005400,679413,442500,315500,6.787919,450162.2763338716
E02005400,680101,440500,314500,6.680452,91.60592088039373
E02005400,680102,441500,314500,6.762633,13831.68865310064
E02005401,674578,437500,322500,6.452243,246011.04530188284
E02005401,674579,438500,322500,6.44157,825869.5697521787
E02005401,674580,439500,322500,6.577526,110582.74308685507
E02005401,674581,440500,322500,6.763791,50930.28520907897
E02005401,675267,436500,321500,6.460082,66596.97022909483
E02005401,675268,437500,321500,6.491674,748165.3912846858
E02005401,675269,438500,321500,6.546317,1000000.0
E02005401,675270,439500,321500,6.721393,988542.8648441444
E02005401,675271,440500,321500,6.816705,760719.6978463975
E02005401,675272,441500,321500,6.686686,52339.701710717185
E02005401,675957,436500,320500,6.495527,16102.005221485659
E02005401,675958,437500,320500,6.543202,663249.922576759
E02005401,675959,438500,320500,6.583853,1000000.0
E02005401,675960,439500,320500,6.840147,1000000.0
E02005401,675961,440500,320500,6.62781,1000000.0
E02005401,675962,441500,320500,6.544889,968997.9137970681
E02005401,675963,442500,320500,6.525177,832899.5685414003
E02005401,675964,443500,320500,6.58224,675995.5182465645
E02005401,675965,444500,320500,6.616709,180754.24578600924
E02005401,676648,437500,319500,6.57961,255802.96835310303
E02005401,676649,438500,319500,6.813608,1000000.0
E02005401,676650,439500,319500,6.689357,1000000.0
E02005401,676651,440500,319500,6.640401,1000000.0
E02005401,676652,441500,319500,6.615718,1000000.0
E02005401,676653,442500,319500,6.653374,1000000.0
E02005401,676654,443500,319500,6.6245,894209.5868604236
E02005401,676655,444500,319500,6.691719,1417.0237723296302
E02005401,677338,437500,318500,6.684943,92891.54282865748
E02005401,677339,438500,318500,6.819269,972659.6763701707
E02005401,677340,439500,318500,6.534603,1000000.0
E02005401,677341,440500,318500,6.576701,1000000.0
E02005401,677342,441500,318500,6.589803,1000000.0
E02005401,677343,442500,318500,6.698015,870464.8177467309
E02005401,677344,443500,318500,6.690055,316654.6219927527
E02005401,678028,437500,317500,6.986226,40801.63225879754
E02005401,678029,438500,317500,6.673395,899480.3346728947
E02005401,678030,439500,317500,6.529933,1000000.0
E02005401,678031,440500,317500,6.576427,897486.9983091927
E02005401,678032,441500,317500,6.616395,364574.79432445264
E02005401,678033,442500,317500,6.732164,40204.64163549849
E02005401,678718,437500,316500,6.963022,260641.49218627549
E02005401,678719,438500,316500,6.581176,1000000.0
E02005401,678720,439500,316500,6.54181,1000000.0
E02005401,678721,440500,316500,6.591506,433618.9827159971
E02005401,679406,435500,315500,6.802963,251799.6866690623
E02005401,679407,436500,315500,6.872072,526789.5332841347
E02005401,679408,437500,315500,6.572716,873723.6643375442
E02005401,679409,438500,315500,6.601152,1000000.0
E02005401,679410,439500,315500,6.60952,1000000.0
E02005401,679411,440500,315500,6.67283,275131.3024640042
E02005401,680096,435500,314500,6.79876,564669.5441117943
E02005401,680097,436500,314500,6.600688,1000000.0
E02005401,680098,437500,314500,6.483209,1000000.0
E02005401,680099,438500,314500,6.483803,1000000.0
E02005401,680100,439500,314500,6.512744,1000000.0
E02005401,680101,440500,314500,6.680452,931934.0780036644
E02005401,680102,441500,314500,6.762633,25022.65291328504
E02005401,680785,434500,313500,6.657556,282375.9789450427
E02005401,680786,435500,313500,6.459272,945158.6924582708
E02005401,680787,436500,313500,6.461648,1000000.0
E02005401,680788,437500,313500,6.459142,1000000.0
E02005401,680789,438500,313500,6.474619,1000000.0
E02005401,680790,439500,313500,6.52186,1000000.0
E02005401,680791,440500,313500,6.733049,850981.0853362482
E02005401,680792,441500,313500,6.73628,47091.3302112925
E02005401,681475,434500,312500,6.518397,112074.06237226476
E02005401,681476,435500,312500,6.473065,761977.7001848202
E02005401,681477,436500,312500,6.427909,897414.9475539642
E02005401,681478,437500,312500,6.432231,1000000.0
E02005401,681479,438500,312500,6.468822,995306.6406415787
E02005401,681480,439500,312500,6.493887,917469.2534365199
E02005401,681481,440500,312500,6.57579,594409.2046395275
E02005401,682166,435500,311500,6.409012,8597.53427845028
E02005401,682167,436500,311500,6.405664,45138.792023189984
E02005401,682168,437500,311500,6.440333,187406.30663807204
E02005401,682169,438500,311500,6.476055,198306.60895873964
E02005401,682170,439500,311500,6.531819,135114.82383625547
E02005401,682171,440500,311500,6.742601,295012.10683318635
E02005402,677335,434500,318500,6.768558,21706.889138480703
E02005402,678024,433500,317500,6.69338,310621.36343777686
E02005402,678025,434500,317500,6.764337,653105.8063291642
E02005402,678026,435500,317500,6.838081,610.9145296209962
E02005402,678713,432500,316500,6.693108,39612.884258611855
E02005402,678714,433500,316500,6.645464,773074.6443245496
E02005402,678715,434500,316500,6.691417,1000000.0
E02005402,678716,435500,316500,6.796702,601604.0259811102
E02005402,678717,436500,316500,6.919248,256432.11836020794
E02005402,678718,437500,316500,6.963022,134747.06175326268
E02005402,679403,432500,315500,6.548239,42811.25552722888
E02005402,679404,433500,315500,6.584535,957498.148343309
E02005402,679405,434500,315500,6.611894,1000000.0
E02005402,679406,435500,315500,6.802963,748200.3133309378
E02005402,679407,436500,315500,6.872072,452651.07453041646
E02005402,679408,437500,315500,6.572716,126276.33566245573
E02005402,680093,432500,314500,6.59683,159588.2597458969
E02005402,680094,433500,314500,6.534183,824250.758417179
E02005402,680095,434500,314500,6.855821,999983.122827221
E02005402,680096,435500,314500,6.79876,435330.4558882057
E02005402,680785,434500,313500,6.657556,211482.6480535838
E02005402,680786,435500,313500,6.459272,54841.307541729206
E02005403,678035,444500,317500,6.66592,104489.84221556927
E02005403,678036,445500,317500,6.66316,53489.39363424269
E02005403,678723,442500,316500,6.695943,45203.85555366027
E02005403,678724,443500,316500,6.860022,675212.4660047668
E02005403,678725,444500,316500,6.690297,895947.3803555986
E02005403,678726,445500,316500,6.675552,37925.35920400417
E02005403,679413,442500,315500,6.787919,439887.0836428188
E02005403,679414,443500,315500,6.923215,1000000.0
E02005403,679415,444500,315500,6.880741,952111.399296049
E02005403,679416,445500,315500,6.869453,346592.78790554026
E02005403,680103,442500,314500,6.896445,5696.95715257943
E02005403,680104,443500,314500,7.018406,472579.15662717173
E02005403,680105,444500,314500,7.058095,231148.60707577007
E02005403,680106,445500,314500,7.110094,4162.260540546088
E02005404,676644,433500,319500,6.890117,261.9982373682792
E02005404,677331,430500,318500,6.84149,406871.69236396666
E02005404,677332,431500,318500,7.045173,285178.71475545544
E02005404,677333,432500,318500,8.416528,824809.3722077323
E02005404,677334,433500,318500,6.951144,892994.2363339929
E02005404,677335,434500,318500,6.768558,24594.24980775469
E02005404,678020,429500,317500,6.641674,156710.560272471
E02005404,678021,430500,317500,6.743908,986051.6161357114
E02005404,678022,431500,317500,6.838084,1000000.0
E02005404,678023,432500,317500,6.722427,1000000.0
E02005404,678024,433500,317500,6.69338,689378.6365622232
E02005404,678025,434500,317500,6.764337,329.79712251893903
E02005404,678710,429500,316500,6.497958,99058.20193028827
E02005404,678711,430500,316500,6.57865,995545.7202987042
E02005404,678712,431500,316500,6.578177,1000000.0
E02005404,678713,432500,316500,6.693108,960387.115741388
E02005404,678714,433500,316500,6.645464,226925.35567545038
E02005404,679401,430500,315500,6.504414,584167.6606393767
E02005404,679402,431500,315500,6.55941,1000000.0
E02005404,679403,432500,315500,6.548239,957188.7444727712
E02005404,679404,433500,315500,6.584535,42501.85165669108
E02005404,680091,430500,314500,6.505864,341423.8686948106
E02005404,680092,431500,314500,6.577694,1000000.0
E02005404,680093,432500,314500,6.59683,840411.7402541032
E02005404,680094,433500,314500,6.534183,175749.24158282118
E02005404,680095,434500,314500,6.855821,16.87717277891603
E02005404,680780,429500,313500,6.507306,40792.391233541945
E02005404,680781,430500,313500,6.478435,760610.9369377012
E02005404,680782,431500,313500,6.544729,1000000.0
E02005404,680783,432500,313500,6.563421,1000000.0
E02005404,680784,433500,313500,6.803952,662243.9962340305
E02005404,680785,434500,313500,6.657556,4768.979591158972
E02005404,681470,429500,312500,6.43589,285282.63196366845
E02005404,681471,430500,312500,6.497775,593150.158380942
E02005404,681472,431500,312500,6.655559,907621.2904720436
E02005404,681473,432500,312500,6.861149,548798.9005962841
E02005404,681474,433500,312500,6.78616,4601.679062756001
E02005404,682162,431500,311500,6.686026,41053.98964918888
E02005404,682163,432500,311500,6.58574,7717.03439010647
E02005405,678034,443500,317500,6.663803,148407.33214709006
E02005405,678035,444500,317500,6.66592,399867.6529258483
E02005405,678036,445500,317500,6.66316,450548.0016027944
E02005405,678037,446500,317500,6.856268,81701.87994718582
E02005405,678725,444500,316500,6.690297,31571.67884308906
E02005405,678726,445500,316500,6.675552,962074.6407959957
E02005405,678727,446500,316500,6.731736,984234.1165019347
E02005405,678728,447500,316500,6.74898,395401.97710003355
E02005405,678729,448500,316500,7.147671,0.24741442034977287
E02005405,678730,449500,316500,6.834681,496515.58397284936
E02005405,678731,450500,316500,6.669251,276194.57073454326
E02005405,679415,444500,315500,6.880741,47888.60070395089
E02005405,679416,445500,315500,6.869453,653407.2120944598
E02005405,679417,446500,315500,6.750341,1000000.0
E02005405,679418,447500,315500,6.730217,888714.6992506648
E02005405,679419,448500,315500,7.113841,680565.1050359848
E02005405,679420,449500,315500,6.839421,983760.8373291288
E02005405,679421,450500,315500,6.663396,458373.4434571142
E02005405,680104,443500,314500,7.018406,153056.33553654153
E02005405,680105,444500,314500,7.058095,718176.5104042735
E02005405,680106,445500,314500,7.110094,984527.9976288764
E02005405,680107,446500,314500,6.889525,996433.3320279421
E02005405,680108,447500,314500,6.765304,1000000.0
E02005405,680109,448500,314500,7.13312,1000000.0
E02005405,680110,449500,314500,6.769732,725651.7119998198
E02005405,680795,444500,313500,7.187912,268513.7585913343
E02005405,680796,445500,313500,7.329708,181975.2579334648
E02005405,680797,446500,313500,6.949327,81393.9316033296
E02005405,680798,447500,313500,6.96963,463758.9118876718
E02005405,680799,448500,313500,7.242672,752218.2906446083
E02005405,680800,449500,313500,6.796617,99204.87123614382
E02005405,681489,448500,312500,6.968824,1094.6149356858798
E02005406,679412,441500,315500,6.737628,27231.901499647287
E02005406,679413,442500,315500,6.787919,109950.64002330965
E02005406,680102,441500,314500,6.762633,317554.28594394174
E02005406,680103,442500,314500,6.896445,993977.5847352676
E02005406,680104,443500,314500,7.018406,357189.265255317
E02005406,680792,441500,313500,6.73628,15494.63062197396
E02005406,680793,442500,313500,7.138208,525107.7716725623
E02005406,680794,443500,313500,7.027647,302366.94382160687
E02005407,679412,441500,315500,6.737628,49245.897166527444
E02005407,680101,440500,314500,6.680452,67974.3160754552
E02005407,680102,441500,314500,6.762633,643591.3724896726
E02005407,680103,442500,314500,6.896445,325.4581121529726
E02005407,680104,443500,314500,7.018406,17175.242580969545
E02005407,680105,444500,314500,7.058095,50674.882519956554
E02005407,680106,445500,314500,7.110094,11309.741830577506
E02005407,680107,446500,314500,6.889525,3566.6679720579978
E02005407,680791,440500,313500,6.733049,149018.91466375187
E02005407,680792,441500,313500,6.73628,931696.915662227
E02005407,680793,442500,313500,7.138208,474892.2283274376
E02005407,680794,443500,313500,7.027647,697633.0561783932
E02005407,680795,444500,313500,7.187912,731486.2414086658
E02005407,680796,445500,313500,7.329708,818024.7420665352
E02005407,680797,446500,313500,6.949327,918606.0683966704
E02005407,680798,447500,313500,6.96963,536241.0881123282
E02005407,680799,448500,313500,7.242672,12167.898784388413
E02005407,681481,440500,312500,6.57579,222873.7467828443
E02005407,681482,441500,312500,6.939629,475639.85417995945
E02005407,681483,442500,312500,7.113005,678820.5373913496
E02005407,681484,443500,312500,6.943199,593162.6421669857
E02005407,681485,444500,312500,7.307754,412534.0690476271
E02005407,681486,445500,312500,7.117949,790997.637007915
E02005407,681487,446500,312500,7.053616,864331.308513435
E02005407,681488,447500,312500,8.328603,520161.8002829277
E02005407,681489,448500,312500,6.968824,15647.363982268698
E02005407,682176,445500,311500,7.10479,31884.412615010126
E02005407,682177,446500,311500,7.130719,51103.41494079407
E02005408,680784,433500,313500,6.803952,337756.0037659694
E02005408,680785,434500,313500,6.657556,501372.3934102144
E02005408,681468,427500,312500,6.416371,53228.56314941986
E02005408,681469,428500,312500,6.422878,547207.3040074696
E02005408,681470,429500,312500,6.43589,475476.5132168108
E02005408,681471,430500,312500,6.497775,406849.841619058
E02005408,681472,431500,312500,6.655559,92378.70952795637
E02005408,681473,432500,312500,6.861149,451201.09940371604
E02005408,681474,433500,312500,6.78616,995398.320937244
E02005408,681475,434500,312500,6.518397,887925.9376277353
E02005408,681476,435500,312500,6.473065,238022.29981517978
E02005408,681477,436500,312500,6.427909,102585.05244603584
E02005408,682158,427500,311500,6.413323,437265.9764191036
E02005408,682159,428500,311500,6.465527,1000000.0
E02005408,682160,429500,311500,6.449339,1000000.0
E02005408,682161,430500,311500,6.624609,1000000.0
E02005408,682162,431500,311500,6.686026,958946.0103508112
E02005408,682163,432500,311500,6.58574,992282.9656098934
E02005408,682164,433500,311500,6.590988,1000000.0
E02005408,682165,434500,311500,6.47867,1000000.0
E02005408,682166,435500,311500,6.409012,991402.4657215498
E02005408,682167,436500,311500,6.405664,954861.20797681
E02005408,682168,437500,311500,6.440333,788833.8414087603
E02005408,682169,438500,311500,6.476055,123006.02139611103
E02005408,682848,427500,310500,6.423249,88557.99823014304
E02005408,682849,428500,310500,6.4365,997578.601975543
E02005408,682850,429500,310500,6.450817,1000000.0
E02005408,682851,430500,310500,6.744208,1000000.0
E02005408,682852,431500,310500,6.51051,1000000.0
E02005408,682853,432500,310500,6.501525,1000000.0
E02005408,682854,433500,310500,6.52982,1000000.0
E02005408,682855,434500,310500,6.462269,1000000.0
E02005408,682856,435500,310500,6.401305,1000000.0
E02005408,682857,436500,310500,6.442231,1000000.0
E02005408,682858,437500,310500,6.448922,486218.0765897843
E02005408,683538,427500,309500,6.427515,4737.986131189692
E02005408,683539,428500,309500,6.406137,611509.2648298583
E02005408,683540,429500,309500,6.437095,946799.604712737
E02005408,683541,430500,309500,6.742581,1000000.0
E02005408,683542,431500,309500,6.447388,1000000.0
E02005408,683543,432500,309500,6.43635,1000000.0
E02005408,683544,433500,309500,6.424007,1000000.0
E02005408,683545,434500,309500,6.40652,1000000.0
E02005408,683546,435500,309500,6.366672,999671.838369195
E02005408,683547,436500,309500,6.363113,1000000.0
E02005408,683548,437500,309500,6.394057,916437.964539403
E02005408,683549,438500,309500,6.493933,302147.5596256134
E02005408,684230,429500,308500,6.698852,409843.8824648169
E02005408,684231,430500,308500,6.561204,975243.7594515209
E02005408,684232,431500,308500,6.437025,1000000.0
E02005408,684233,432500,308500,6.447969,841830.9206453876
E02005408,684234,433500,308500,6.386468,262875.55193621217
E02005408,684235,434500,308500,6.414857,684755.5655367834
E02005408,684236,435500,308500,6.392163,382869.42016218114
E02005408,684237,436500,308500,6.396865,981481.7968532179
E02005408,684238,437500,308500,6.405136,999833.9222278723
E02005408,684239,438500,308500,6.471103,98636.08096300511
E02005408,684921,430500,307500,6.480547,126995.39047276515
E02005408,684922,431500,307500,6.449854,227776.9682727253
E02005408,684923,432500,307500,6.437655,13867.682604201564
E02005408,684927,436500,307500,6.450622,116361.85439988892
E02005408,684928,437500,307500,6.423425,365165.0338191538
E02005408,684929,438500,307500,6.432654,176.74207657879106
E02005409,680792,441500,313500,6.73628,5717.123504506445
E02005409,681479,438500,312500,6.468822,4693.35935842128
E02005409,681480,439500,312500,6.493887,82530.7465634801
E02005409,681481,440500,312500,6.57579,182717.04857762836
E02005409,681482,441500,312500,6.939629,524360.1458200405
E02005409,681483,442500,312500,7.113005,321179.4626086503
E02005409,681484,443500,312500,6.943199,406837.35783301434
E02005409,681485,444500,312500,7.307754,587465.930952373
E02005409,681486,445500,312500,7.117949,209002.36299208505
E02005409,682168,437500,311500,6.440333,23759.851953167712
E02005409,682169,438500,311500,6.476055,678687.3696451492
E02005409,682170,439500,311500,6.531819,864885.1761637445
E02005409,682171,440500,311500,6.742601,704987.8931668137
E02005409,682172,441500,311500,8.421,1000000.0
E02005409,682173,442500,311500,7.001854,1000000.0
E02005409,682174,443500,311500,7.011863,1000000.0
E02005409,682175,444500,311500,7.315448,918093.3661072035
E02005409,682176,445500,311500,7.10479,484691.0728027594
E02005409,682177,446500,311500,7.130719,13765.184688872494
E02005409,682858,437500,310500,6.448922,513781.92341021565
E02005409,682859,438500,310500,6.485145,1000000.0
E02005409,682860,439500,310500,6.532694,1000000.0
E02005409,682861,440500,310500,6.88602,1000000.0
E02005409,682862,441500,310500,6.862895,1000000.0
E02005409,682863,442500,310500,6.808733,1000000.0
E02005409,682864,443500,310500,7.872305,998989.2357174875
E02005409,682865,444500,310500,6.983972,178113.0411569957
E02005409,683548,437500,309500,6.394057,83562.035460597
E02005409,683549,438500,309500,6.493933,420281.2391148262
E02005409,683550,439500,309500,6.619022,762336.9651779677
E02005409,683551,440500,309500,6.698935,1000000.0
E02005409,683552,441500,309500,6.673217,1000000.0
E02005409,683553,442500,309500,6.703338,906681.6906054555
E02005409,683554,443500,309500,6.816214,429973.3795970234
E02005409,683555,444500,309500,6.837159,12896.557138222495
E02005409,684240,439500,308500,6.484481,79179.38772727728
E02005409,684241,440500,308500,6.575464,461526.58079918846
E02005409,684242,441500,308500,6.583547,308208.9313384441
E02005409,684243,442500,308500,6.653253,29316.182426822226
E02005409,684244,443500,308500,6.716193,1486.0200003287014
E02006008,679345,374500,315500,5.974043,416252.79932723707
E02006008,679346,375500,315500,6.016485,225634.87361532584
E02006008,679348,377500,315500,6.034076,11978.974173034338
E02006008,679349,378500,315500,5.972879,5774.836110946309
E02006008,680035,374500,314500,5.917712,577078.199558635
E02006008,680036,375500,314500,5.95282,986093.7645572762
E02006008,680037,376500,314500,5.964768,880868.6987851643
E02006008,680038,377500,314500,6.048666,867952.4515602344
E02006008,680039,378500,314500,5.981932,712974.6249865512
E02006008,680724,373500,313500,6.036798,110046.01641191046
E02006008,680725,374500,313500,5.975521,927235.1554685257
E02006008,680726,375500,313500,5.976294,1000000.0
E02006008,680727,376500,313500,5.953872,1000000.0
E02006008,680728,377500,313500,6.001674,1000000.0
E02006008,680729,378500,313500,5.999546,954758.3976780177
E02006008,680730,379500,313500,6.031257,79001.88291111463
E02006008,681414,373500,312500,6.098135,632603.974343848
E02006008,681415,374500,312500,6.059125,1000000.0
E02006008,681416,375500,312500,6.028375,1000000.0
E02006008,681417,376500,312500,6.039344,1000000.0
E02006008,681418,377500,312500,5.997343,1000000.0
E02006008,681419,378500,312500,6.010254,439646.68992237095
E02006008,682103,372500,311500,6.12235,128416.07072481018
E02006008,682104,373500,311500,6.098231,999430.9697140513
E02006008,682105,374500,311500,6.080917,1000000.0
E02006008,682106,375500,311500,6.017038,1000000.0
E02006008,682107,376500,311500,6.035663,1000000.0
E02006008,682108,377500,311500,6.011814,1000000.0
E02006008,682109,378500,311500,6.054485,303131.61089975596
E02006008,682793,372500,310500,6.38083,155148.80483624546
E02006008,682794,373500,310500,6.199323,1000000.0
E02006008,682795,374500,310500,6.132835,1000000.0
E02006008,682796,375500,310500,6.110959,1000000.0
E02006008,682797,376500,310500,6.050956,1000000.0
E02006008,682798,377500,310500,6.038975,1000000.0
E02006008,682799,378500,310500,6.081575,337963.48507753696
E02006008,683483,372500,309500,6.650221,240442.91947043868
E02006008,683484,373500,309500,6.352174,1000000.0
E02006008,683485,374500,309500,6.331124,1000000.0
E02006008,683486,375500,309500,6.171203,1000000.0
E02006008,683487,376500,309500,6.084709,1000000.0
E02006008,683488,377500,309500,5.941213,1000000.0
E02006008,683489,378500,309500,6.024082,683052.6980543629
E02006008,684173,372500,308500,6.396358,609791.9604663816
E02006008,684174,373500,308500,6.328584,1000000.0
E02006008,684175,374500,308500,6.326332,1000000.0
E02006008,684176,375500,308500,6.455742,1000000.0
E02006008,684177,376500,308500,6.351318,1000000.0
E02006008,684178,377500,308500,6.207767,1000000.0
E02006008,684179,378500,308500,6.021416,507453.53784025856
E02006008,684862,371500,307500,6.342537,122452.15780235581
E02006008,684863,372500,307500,6.269375,972224.3248600088
E02006008,684864,373500,307500,6.146909,1000000.0
E02006008,684865,374500,307500,6.190787,1000000.0
E02006008,684866,375500,307500,6.204001,1000000.0
E02006008,684867,376500,307500,6.081257,1000000.0
E02006008,684868,377500,307500,6.135226,795960.2967283044
E02006008,684869,378500,307500,6.251802,5741.447759381137
E02006008,685552,371500,306500,6.439448,191282.91028863168
E02006008,685553,372500,306500,6.233902,1000000.0
E02006008,685554,373500,306500,6.104516,1000000.0
E02006008,685555,374500,306500,6.031001,1000000.0
E02006008,685556,375500,306500,6.043826,1000000.0
E02006008,685557,376500,306500,5.997617,1000000.0
E02006008,685558,377500,306500,5.923949,769048.3189325335
E02006008,686242,371500,305500,6.669998,154089.24618165413
E02006008,686243,372500,305500,6.218531,775999.4358915433
E02006008,686244,373500,305500,6.029671,604267.1544915646
E02006008,686245,374500,305500,5.954814,910909.1924081368
E02006008,686246,375500,305500,5.962966,1000000.0
E02006008,686247,376500,305500,5.947427,1000000.0
E02006008,686248,377500,305500,5.948547,935702.0587343372
E02006008,686249,378500,305500,5.932352,36895.55992674577
E02006008,686935,374500,304500,5.888327,569571.5623898023
E02006008,686936,375500,304500,5.915048,1000000.0
E02006008,686937,376500,304500,5.907298,999674.0385643515
E02006008,686938,377500,304500,5.913812,703934.9580910454
E02006008,686939,378500,304500,5.931579,19690.30176046872
E02006008,687625,374500,303500,5.833381,86122.93992853028
E02006008,687626,375500,303500,5.877514,680535.0412070911
E02006008,687627,376500,303500,5.866513,310306.231491892
E02006008,687628,377500,303500,5.891026,7391.671862280438
E02006008,688316,375500,302500,5.795849,9695.419573975989
E02006008,688317,376500,302500,5.840473,477.7211480194268
E02006009,682799,378500,310500,6.081575,595402.0501657653
E02006009,682800,379500,310500,6.02423,233248.23972292102
E02006009,683489,378500,309500,6.024082,316947.30194563704
E02006009,683490,379500,309500,5.989273,782824.4288996162
E02006009,683491,380500,309500,5.916885,408674.1235005797
E02006009,683492,381500,309500,5.975114,261974.76591130477
E02006009,683493,382500,309500,6.003831,414448.83182277554
E02006009,683494,383500,309500,6.075402,237205.3034016091
E02006009,684179,378500,308500,6.021416,492546.46215974144
E02006009,684180,379500,308500,6.019942,1000000.0
E02006009,684181,380500,308500,6.045549,1000000.0
E02006009,684182,381500,308500,6.041742,1000000.0
E02006009,684183,382500,308500,6.022274,1000000.0
E02006009,684184,383500,308500,6.072393,707909.3771883558
E02006009,684868,377500,307500,6.135226,204039.70327169562
E02006009,684869,378500,307500,6.251802,994258.5522406187
E02006009,684870,379500,307500,6.087006,1000000.0
E02006009,684871,380500,307500,6.093947,1000000.0
E02006009,684872,381500,307500,6.091048,1000000.0
E02006009,684873,382500,307500,6.090208,1000000.0
E02006009,684874,383500,307500,6.033501,890590.0922416201
E02006009,685558,377500,306500,5.923949,230951.68106746656
E02006009,685559,378500,306500,6.007338,1000000.0
E02006009,685560,379500,306500,6.25878,1000000.0
E02006009,685561,380500,306500,6.391979,1000000.0
E02006009,685562,381500,306500,6.365468,1000000.0
E02006009,685563,382500,306500,6.231235,1000000.0
E02006009,685564,383500,306500,6.057676,779306.7449307083
E02006009,685565,384500,306500,6.022155,82442.14312958333
E02006009,686248,377500,305500,5.948547,64297.94126566277
E02006009,686249,378500,305500,5.932352,963104.4400732543
E02006009,686250,379500,305500,5.969718,1000000.0
E02006009,686251,380500,305500,6.183327,1000000.0
E02006009,686252,381500,305500,6.159817,1000000.0
E02006009,686253,382500,305500,6.281979,1000000.0
E02006009,686254,383500,305500,6.376222,1000000.0
E02006009,686255,384500,305500,6.288228,211839.69563031284
E02006009,686938,377500,304500,5.913812,6084.223243579294
E02006009,686939,378500,304500,5.931579,933484.8966373791
E02006009,686940,379500,304500,5.957849,1000000.0
E02006009,686941,380500,304500,6.200038,1000000.0
E02006009,686942,381500,304500,6.175201,1000000.0
E02006009,686943,382500,304500,6.167292,1000000.0
E02006009,686944,383500,304500,6.142452,989284.5712744623
E02006009,686945,384500,304500,6.091558,95766.93116543665
E02006009,687629,378500,303500,5.90153,654667.4861868435
E02006009,687630,379500,303500,5.937755,1000000.0
E02006009,687631,380500,303500,6.13016,1000000.0
E02006009,687632,381500,303500,6.078,1000000.0
E02006009,687633,382500,303500,6.03175,1000000.0
E02006009,687634,383500,303500,6.065743,520086.99365529686
E02006009,688319,378500,302500,5.882195,542885.1237645958
E02006009,688320,379500,302500,5.904639,1000000.0
E02006009,688321,380500,302500,6.063836,1000000.0
E02006009,688322,381500,302500,6.042456,1000000.0
E02006009,688323,382500,302500,6.06298,999936.5178891659
E02006009,688324,383500,302500,6.070605,142400.80267564778
E02006009,689009,378500,301500,5.873761,78015.6477665195
E02006009,689010,379500,301500,5.898117,871807.4084587215
E02006009,689011,380500,301500,6.019322,923855.0278919999
E02006009,689012,381500,301500,6.021397,838797.9517617312
E02006009,689013,382500,301500,6.070355,517024.77726078173
E02006009,689701,380500,300500,5.974407,7906.155980128761
E02006009,689702,381500,300500,6.028969,16045.441139425195
E02006010,687614,363500,303500,5.39641,16948.956470779995
E02006010,687615,364500,303500,5.410267,246441.1821538341
E02006010,687616,365500,303500,5.588676,289668.73771314643
E02006010,687617,366500,303500,5.64837,530487.2550357168
E02006010,687618,367500,303500,5.834725,73415.09955330074
E02006010,687619,368500,303500,5.877556,1977.5415892046185
E02006010,688301,360500,302500,5.398179,16127.779580634693
E02006010,688302,361500,302500,5.339941,111908.07579212953
E02006010,688303,362500,302500,5.407701,59861.58387659686
E02006010,688304,363500,302500,5.367139,790788.5904104097
E02006010,688305,364500,302500,5.410948,1000000.0
E02006010,688306,365500,302500,5.606478,1000000.0
E02006010,688307,366500,302500,5.662977,1000000.0
E02006010,688308,367500,302500,5.845038,980984.4453304084
E02006010,688309,368500,302500,5.722271,907714.3799508212
E02006010,688310,369500,302500,5.751808,311009.38296678616
E02006010,688311,370500,302500,5.88798,14133.225174398263
E02006010,688991,360500,301500,5.403911,588125.5376617169
E02006010,688992,361500,301500,5.382655,995403.558368912
E02006010,688993,362500,301500,5.44141,834553.9031221827
E02006010,688994,363500,301500,5.45191,1000000.0
E02006010,688995,364500,301500,5.486958,1000000.0
E02006010,688996,365500,301500,5.653026,1000000.0
E02006010,688997,366500,301500,5.619375,1000000.0
E02006010,688998,367500,301500,5.710649,1000000.0
E02006010,688999,368500,301500,5.680779,1000000.0
E02006010,689000,369500,301500,5.674372,1000000.0
E02006010,689001,370500,301500,5.67,811026.895700022
E02006010,689002,371500,301500,5.71327,52041.62163809233
E02006010,689681,360500,300500,5.455519,128707.38122728742
E02006010,689682,361500,300500,5.4666,960027.7145926266
E02006010,689683,362500,300500,5.632115,1000000.0
E02006010,689684,363500,300500,5.407815,1000000.0
E02006010,689685,364500,300500,5.417874,1000000.0
E02006010,689686,365500,300500,5.613259,1000000.0
E02006010,689687,366500,300500,5.538622,1000000.0
E02006010,689688,367500,300500,5.564286,1000000.0
E02006010,689689,368500,300500,5.592828,1000000.0
E02006010,689690,369500,300500,5.63553,1000000.0
E02006010,689691,370500,300500,5.657959,880406.0278601586
E02006010,689692,371500,300500,5.719894,60956.6815643914
E02006010,690370,359500,299500,5.292398,7811.337231019951
E02006010,690371,360500,299500,5.418912,734228.8018524376
E02006010,690372,361500,299500,5.464641,1000000.0
E02006010,690373,362500,299500,5.5948,1000000.0
E02006010,690374,363500,299500,5.467462,1000000.0
E02006010,690375,364500,299500,5.481881,1000000.0
E02006010,690376,365500,299500,5.590989,1000000.0
E02006010,690377,366500,299500,5.50159,1000000.0
E02006010,690378,367500,299500,5.604122,1000000.0
E02006010,690379,368500,299500,5.556624,1000000.0
E02006010,690380,369500,299500,5.546762,1000000.0
E02006010,690381,370500,299500,5.571948,566452.5731056212
E02006010,691059,358500,298500,5.193923,12380.866533876473
E02006010,691060,359500,298500,5.39131,645883.4877781902
E02006010,691061,360500,298500,5.468343,1000000.0
E02006010,691062,361500,298500,5.444656,1000000.0
E02006010,691063,362500,298500,5.47835,1000000.0
E02006010,691064,363500,298500,5.460261,1000000.0
E02006010,691065,364500,298500,5.395559,1000000.0
E02006010,691066,365500,298500,5.508671,1000000.0
E02006010,691067,366500,298500,5.481477,1000000.0
E02006010,691068,367500,298500,5.542331,1000000.0
E02006010,691069,368500,298500,5.633041,1000000.0
E02006010,691070,369500,298500,5.653837,1000000.0
E02006010,691071,370500,298500,5.579963,683901.427612719
E02006010,691748,357500,297500,5.169067,80957.3721166396
E02006010,691749,358500,297500,5.173305,715753.921147597
E02006010,691750,359500,297500,5.25874,1000000.0
E02006010,691751,360500,297500,5.4182,1000000.0
E02006010,691752,361500,297500,5.414371,1000000.0
E02006010,691753,362500,297500,5.37757,1000000.0
E02006010,691754,363500,297500,5.420846,1000000.0
E02006010,691755,364500,297500,5.345616,1000000.0
E02006010,691756,365500,297500,5.466554,1000000.0
E02006010,691757,366500,297500,5.467533,1000000.0
E02006010,691758,367500,297500,5.469435,1000000.0
E02006010,691759,368500,297500,5.558439,1000000.0
E02006010,691760,369500,297500,5.550215,1000000.0
E02006010,691761,370500,297500,5.526486,999443.0896066547
E02006010,691762,371500,297500,5.615453,717956.156185101
E02006010,691763,372500,297500,5.586897,212675.58084404908
E02006010,692436,355500,296500,5.125123,246909.24891003143
E02006010,692437,356500,296500,5.118177,508368.5412219948
E02006010,692438,357500,296500,5.125349,850511.5204425321
E02006010,692439,358500,296500,5.206402,1000000.0
E02006010,692440,359500,296500,5.204912,1000000.0
E02006010,692441,360500,296500,5.370415,1000000.0
E02006010,692442,361500,296500,5.335374,1000000.0
E02006010,692443,362500,296500,5.337663,1000000.0
E02006010,692444,363500,296500,5.373861,1000000.0
E02006010,692445,364500,296500,5.274701,1000000.0
E02006010,692446,365500,296500,5.452314,1000000.0
E02006010,692447,366500,296500,5.50449,1000000.0
E02006010,692448,367500,296500,5.508372,1000000.0
E02006010,692449,368500,296500,5.533427,1000000.0
E02006010,692450,369500,296500,5.55357,1000000.0
E02006010,692451,370500,296500,5.527838,1000000.0
E02006010,692452,371500,296500,5.53527,1000000.0
E02006010,692453,372500,296500,5.550047,499939.3817911422
E02006010,693126,355500,295500,5.08686,398005.5018700342
E02006010,693127,356500,295500,5.098397,1000000.0
E02006010,693128,357500,295500,5.127842,1000000.0
E02006010,693129,358500,295500,5.187656,1000000.0
E02006010,693130,359500,295500,5.195244,1000000.0
E02006010,693131,360500,295500,5.356882,1000000.0
E02006010,693132,361500,295500,5.236545,1000000.0
E02006010,693133,362500,295500,5.270422,1000000.0
E02006010,693134,363500,295500,5.360943,1000000.0
E02006010,693135,364500,295500,5.334956,1000000.0
E02006010,693136,365500,295500,5.53214,1000000.0
E02006010,693137,366500,295500,5.542969,1000000.0
E02006010,693138,367500,295500,5.53315,1000000.0
E02006010,693139,368500,295500,5.527232,1000000.0
E02006010,693140,369500,295500,5.559915,1000000.0
E02006010,693141,370500,295500,5.597499,1000000.0
E02006010,693142,371500,295500,5.545941,1000000.0
E02006010,693143,372500,295500,5.593453,490301.0368625868
E02006010,693816,355500,294500,5.015327,1490.6553799021217
E02006010,693817,356500,294500,5.049394,701313.7154926823
E02006010,693818,357500,294500,5.099702,1000000.0
E02006010,693819,358500,294500,5.130048,1000000.0
E02006010,693820,359500,294500,5.131203,1000000.0
E02006010,693821,360500,294500,5.282207,1000000.0
E02006010,693822,361500,294500,5.264637,1000000.0
E02006010,693823,362500,294500,5.300797,1000000.0
E02006010,693824,363500,294500,5.338173,1000000.0
E02006010,693825,364500,294500,5.343864,1000000.0
E02006010,693826,365500,294500,5.498302,1000000.0
E02006010,693827,366500,294500,5.541373,1000000.0
E02006010,693828,367500,294500,5.568054,1000000.0
E02006010,693829,368500,294500,5.562791,1000000.0
E02006010,693830,369500,294500,5.533897,1000000.0
E02006010,693831,370500,294500,5.601015,920471.4449772738
E02006010,693832,371500,294500,5.642591,977176.1631886812
E02006010,693833,372500,294500,5.64027,314222.5523355555
E02006010,694506,355500,293500,5.030379,235792.28197186455
E02006010,694507,356500,293500,5.062424,998727.8836022551
E02006010,694508,357500,293500,5.122777,1000000.0
E02006010,694509,358500,293500,5.117896,1000000.0
E02006010,694510,359500,293500,5.117258,1000000.0
E02006010,694511,360500,293500,5.306648,1000000.0
E02006010,694512,361500,293500,5.307498,1000000.0
E02006010,694513,362500,293500,5.282014,1000000.0
E02006010,694514,363500,293500,5.258064,1000000.0
E02006010,694515,364500,293500,5.326066,1000000.0
E02006010,694516,365500,293500,5.479499,1000000.0
E02006010,694517,366500,293500,5.509833,1000000.0
E02006010,694518,367500,293500,5.500365,1000000.0
E02006010,694519,368500,293500,5.586715,1000000.0
E02006010,694520,369500,293500,5.584427,1000000.0
E02006010,694521,370500,293500,5.848285,399133.9110382362
E02006010,694522,371500,293500,5.876124,10194.286114547067
E02006010,694523,372500,293500,5.853326,10733.281947157991
E02006010,695195,354500,292500,4.937903,26088.696478330836
E02006010,695196,355500,292500,5.032776,802867.924232863
E02006010,695197,356500,292500,5.062032,1000000.0
E02006010,695198,357500,292500,5.054309,1000000.0
E02006010,695199,358500,292500,5.067881,1000000.0
E02006010,695200,359500,292500,5.038209,999637.3287882975
E02006010,695201,360500,292500,5.196274,723201.1211575991
E02006010,695202,361500,292500,5.293373,838299.8330310135
E02006010,695203,362500,292500,5.215965,775797.9335372966
E02006010,695204,363500,292500,5.261032,821750.4703489695
E02006010,695205,364500,292500,5.317494,1000000.0
E02006010,695206,365500,292500,5.487199,1000000.0
E02006010,695207,366500,292500,5.525002,1000000.0
E02006010,695208,367500,292500,5.471062,1000000.0
E02006010,695209,368500,292500,5.47501,1000000.0
E02006010,695210,369500,292500,5.528196,934059.446959928
E02006010,695211,370500,292500,5.688189,200225.40794657244
E02006010,695885,354500,291500,4.93267,301929.89707294066
E02006010,695886,355500,291500,5.085455,994944.6491407084
E02006010,695887,356500,291500,5.012409,1000000.0
E02006010,695888,357500,291500,4.969712,1000000.0
E02006010,695889,358500,291500,5.093143,1000000.0
E02006010,695890,359500,291500,4.985421,902383.0578598566
E02006010,695891,360500,291500,5.148598,27290.32399927386
E02006010,695892,361500,291500,5.207308,10212.354741195617
E02006010,695893,362500,291500,5.251575,103072.41832020527
E02006010,695894,363500,291500,5.197478,228101.58974169393
E02006010,695895,364500,291500,5.274616,747564.2578191629
E02006010,695896,365500,291500,5.44474,929630.8845004931
E02006010,695897,366500,291500,5.515892,468058.47261336964
E02006010,695898,367500,291500,5.468724,832092.6733270908
E02006010,695899,368500,291500,5.386496,972295.6540127314
E02006010,695900,369500,291500,5.496118,267205.1393525412
E02006010,696575,354500,290500,4.998306,130674.5029934973
E02006010,696576,355500,290500,5.007001,283002.9461248408
E02006010,696577,356500,290500,4.977338,377249.40625536407
E02006010,696578,357500,290500,4.951002,900445.0156095487
E02006010,696579,358500,290500,4.964346,939461.8017227721
E02006010,696580,359500,290500,5.028439,254707.24756739443
E02006010,696585,364500,290500,5.245648,26944.920186859224
E02006010,696586,365500,290500,5.482439,190801.78101788906
E02006010,696588,367500,290500,5.43937,5131.822751371342
E02006010,696589,368500,290500,5.405459,82158.86531341847
E02006010,696590,369500,290500,5.516248,91990.96969963485
E02006010,697268,357500,289500,4.905538,17680.20468836643
E02006010,697269,358500,289500,4.898121,108106.9161420339
E02006011,693831,370500,294500,5.601015,79369.603489188
E02006011,694521,370500,293500,5.848285,590525.2293738265
E02006011,694522,371500,293500,5.876124,113698.21639913689
E02006011,695210,369500,292500,5.528196,65940.55304007193
E02006011,695211,370500,292500,5.688189,799774.5920534276
E02006011,695212,371500,292500,5.804143,825885.3387627471
E02006011,695900,369500,291500,5.496118,697985.2183384025
E02006011,695901,370500,291500,5.593373,965630.4700714442
E02006011,695902,371500,291500,5.708205,359288.2891426768
E02006011,696590,369500,290500,5.516248,48623.92225126484
E02006011,696591,370500,290500,5.491837,291887.00388635596
E02006012,693831,370500,294500,5.601015,158.95153353801692
E02006012,693832,371500,294500,5.642591,22823.83681131871
E02006012,693833,372500,294500,5.64027,57215.11051512517
E02006012,694521,370500,293500,5.848285,10340.859587937253
E02006012,694522,371500,293500,5.876124,876107.497486316
E02006012,694523,372500,293500,5.853326,747115.8695719423
E02006012,695212,371500,292500,5.804143,174114.66123725288
E02006012,695213,372500,292500,6.111127,950263.4701869554
E02006012,695214,373500,292500,5.770386,160400.63942929573
E02006012,695902,371500,291500,5.708205,25317.40508462439
E02006012,695903,372500,291500,5.656214,558196.5569565059
E02006012,695904,373500,291500,5.645148,696074.3725174412
E02006012,695905,374500,291500,5.579999,331694.5425507792
E02006012,696594,373500,290500,5.580306,428352.5107618578
E02006012,696595,374500,290500,5.563915,763213.8043642987
E02006012,696596,375500,290500,5.734178,1910.0650746130082
E02006012,697284,373500,289500,5.47503,5101.178053764997
E02006012,697285,374500,289500,5.44317,29334.38594261966
E02006013,686242,371500,305500,6.669998,38262.73534135494
E02006013,686243,372500,305500,6.218531,224000.56410845666
E02006013,686244,373500,305500,6.029671,395732.8455084354
E02006013,686245,374500,305500,5.954814,89090.80759186328
E02006013,686932,371500,304500,6.162707,253063.24282972043
E02006013,686933,372500,304500,6.117071,1000000.0
E02006013,686934,373500,304500,5.95443,1000000.0
E02006013,686935,374500,304500,5.888327,430428.43761019775
E02006013,686937,376500,304500,5.907298,325.9614356485612
E02006013,686938,377500,304500,5.913812,289980.81866537523
E02006013,686939,378500,304500,5.931579,46824.80160215223
E02006013,687621,370500,303500,6.167167,207074.55566435726
E02006013,687622,371500,303500,6.779426,888924.0594524844
E02006013,687623,372500,303500,5.983953,1000000.0
E02006013,687624,373500,303500,5.874665,1000000.0
E02006013,687625,374500,303500,5.833381,913877.0600714698
E02006013,687626,375500,303500,5.877514,319464.958792909
E02006013,687627,376500,303500,5.866513,689693.768508108
E02006013,687628,377500,303500,5.891026,992608.3281377197
E02006013,687629,378500,303500,5.90153,345332.51381315646
E02006013,688311,370500,302500,5.88798,406214.1231697512
E02006013,688312,371500,302500,5.878786,1000000.0
E02006013,688313,372500,302500,5.869751,1000000.0
E02006013,688314,373500,302500,5.811585,1000000.0
E02006013,688315,374500,302500,5.794163,1000000.0
E02006013,688316,375500,302500,5.795849,990304.5804260239
E02006013,688317,376500,302500,5.840473,999522.2788519806
E02006013,688318,377500,302500,5.880255,1000000.0
E02006013,688319,378500,302500,5.882195,457114.8762354041
E02006013,689001,370500,301500,5.67,186680.683957553
E02006013,689002,371500,301500,5.71327,947958.3783619077
E02006013,689003,372500,301500,5.812314,1000000.0
E02006013,689004,373500,301500,5.784375,1000000.0
E02006013,689005,374500,301500,5.765196,1000000.0
E02006013,689006,375500,301500,5.842595,1000000.0
E02006013,689007,376500,301500,5.837135,1000000.0
E02006013,689008,377500,301500,5.871062,1000000.0
E02006013,689009,378500,301500,5.873761,204242.54450205853
E02006013,689691,370500,300500,5.657959,119593.97213984143
E02006013,689692,371500,300500,5.719894,939043.3184356085
E02006013,689693,372500,300500,5.779865,1000000.0
E02006013,689694,373500,300500,5.755039,1000000.0
E02006013,689695,374500,300500,5.758937,1000000.0
E02006013,689696,375500,300500,5.754916,1000000.0
E02006013,689697,376500,300500,5.842582,1000000.0
E02006013,689698,377500,300500,5.861319,1000000.0
E02006013,689699,378500,300500,5.875472,130915.8046427167
E02006013,690381,370500,299500,5.571948,433547.4268943789
E02006013,690382,371500,299500,5.641844,1000000.0
E02006013,690383,372500,299500,5.685661,1000000.0
E02006013,690384,373500,299500,5.767256,1000000.0
E02006013,690385,374500,299500,5.77529,1000000.0
E02006013,690386,375500,299500,5.830203,1000000.0
E02006013,690387,376500,299500,5.848844,1000000.0
E02006013,690388,377500,299500,5.886981,1000000.0
E02006013,690389,378500,299500,5.89775,638050.8388857833
E02006013,690390,379500,299500,5.91247,329116.6290622215
E02006013,691071,370500,298500,5.579963,316098.57238728105
E02006013,691072,371500,298500,5.559219,1000000.0
E02006013,691073,372500,298500,5.594383,1000000.0
E02006013,691074,373500,298500,5.767977,1000000.0
E02006013,691075,374500,298500,5.760649,1000000.0
E02006013,691076,375500,298500,5.842631,1000000.0
E02006013,691077,376500,298500,5.815455,1000000.0
E02006013,691078,377500,298500,5.893902,1000000.0
E02006013,691079,378500,298500,5.893644,1000000.0
E02006013,691080,379500,298500,5.921579,999937.9177615484
E02006013,691081,380500,298500,6.066557,671904.7149760278
E02006013,691082,381500,298500,6.122318,161756.41345498763
E02006013,691761,370500,297500,5.526486,556.9103933453297
E02006013,691762,371500,297500,5.615453,282043.843814899
E02006013,691763,372500,297500,5.586897,787324.4191559509
E02006013,691764,373500,297500,5.730162,1000000.0
E02006013,691765,374500,297500,5.753967,1000000.0
E02006013,691766,375500,297500,5.827337,1000000.0
E02006013,691767,376500,297500,5.764249,1000000.0
E02006013,691768,377500,297500,5.845034,1000000.0
E02006013,691769,378500,297500,5.891484,1000000.0
E02006013,691770,379500,297500,5.909966,1000000.0
E02006013,691771,380500,297500,6.056747,1000000.0
E02006013,691772,381500,297500,6.094249,830629.1615007893
E02006013,691773,382500,297500,6.115488,40545.14752087694
E02006013,692453,372500,296500,5.550047,500060.6182088578
E02006013,692454,373500,296500,5.651462,1000000.0
E02006013,692455,374500,296500,5.728284,1000000.0
E02006013,692456,375500,296500,5.77607,1000000.0
E02006013,692457,376500,296500,5.83956,1000000.0
E02006013,692458,377500,296500,5.868964,1000000.0
E02006013,692459,378500,296500,5.821505,1000000.0
E02006013,692460,379500,296500,5.897328,1000000.0
E02006013,692461,380500,296500,6.047254,1000000.0
E02006013,692462,381500,296500,6.059174,999978.6838615136
E02006013,692463,382500,296500,6.123605,302307.55806898035
E02006013,693143,372500,295500,5.593453,509698.9631374132
E02006013,693144,373500,295500,5.619723,1000000.0
E02006013,693145,374500,295500,5.642268,1000000.0
E02006013,693146,375500,295500,5.718622,1000000.0
E02006013,693147,376500,295500,5.810733,1000000.0
E02006013,693148,377500,295500,5.898304,1000000.0
E02006013,693149,378500,295500,5.899661,1000000.0
E02006013,693150,379500,295500,5.929077,1000000.0
E02006013,693151,380500,295500,6.013595,996641.3529514922
E02006013,693152,381500,295500,6.121206,485564.92292080703
E02006013,693833,372500,294500,5.64027,628562.3371493194
E02006013,693834,373500,294500,5.671347,1000000.0
E02006013,693835,374500,294500,5.774507,1000000.0
E02006013,693836,375500,294500,5.795871,1000000.0
E02006013,693837,376500,294500,5.712012,1000000.0
E02006013,693838,377500,294500,5.841766,1000000.0
E02006013,693839,378500,294500,5.845173,1000000.0
E02006013,693840,379500,294500,5.894303,1000000.0
E02006013,693841,380500,294500,6.058073,1000000.0
E02006013,693842,381500,294500,6.096143,877647.606652307
E02006013,693843,382500,294500,6.100463,191176.03301640903
E02006013,694523,372500,293500,5.853326,242150.8484808997
E02006013,694524,373500,293500,5.832637,1000000.0
E02006013,694525,374500,293500,5.726487,1000000.0
E02006013,694526,375500,293500,5.818548,1000000.0
E02006013,694527,376500,293500,5.771039,1000000.0
E02006013,694528,377500,293500,5.803407,1000000.0
E02006013,694529,378500,293500,5.848177,1000000.0
E02006013,694530,379500,293500,5.853333,1000000.0
E02006013,694531,380500,293500,5.970227,1000000.0
E02006013,694532,381500,293500,6.058681,1000000.0
E02006013,694533,382500,293500,6.102796,373205.026574321
E02006013,695213,372500,292500,6.111127,49736.52981304462
E02006013,695214,373500,292500,5.770386,839599.3605707043
E02006013,695215,374500,292500,5.687101,1000000.0
E02006013,695216,375500,292500,5.74341,1000000.0
E02006013,695217,376500,292500,5.713206,1000000.0
E02006013,695218,377500,292500,5.816203,1000000.0
E02006013,695219,378500,292500,5.841756,1000000.0
E02006013,695220,379500,292500,5.875532,1000000.0
E02006013,695221,380500,292500,5.989517,1000000.0
E02006013,695222,381500,292500,6.018372,959559.8506344262
E02006013,695223,382500,292500,6.132041,103261.46007223008
E02006013,695904,373500,291500,5.645148,186019.18669271003
E02006013,695905,374500,291500,5.579999,668305.4574492208
E02006013,695906,375500,291500,5.723258,1000000.0
E02006013,695907,376500,291500,5.79781,1000000.0
E02006013,695908,377500,291500,5.815194,1000000.0
E02006013,695909,378500,291500,5.833181,1000000.0
E02006013,695910,379500,291500,5.867179,1000000.0
E02006013,695911,380500,291500,5.927057,1000000.0
E02006013,695912,381500,291500,6.005363,757770.0359592866
E02006013,695913,382500,291500,6.042603,125768.93612158149
E02006013,696594,373500,290500,5.580306,66558.63105319298
E02006013,696595,374500,290500,5.563915,236786.19563570138
E02006013,696596,375500,290500,5.734178,998089.934925387
E02006013,696597,376500,290500,5.794218,1000000.0
E02006013,696598,377500,290500,5.80956,1000000.0
E02006013,696599,378500,290500,5.79522,1000000.0
E02006013,696600,379500,290500,5.840024,1000000.0
E02006013,696601,380500,290500,6.024501,464293.8680895199
E02006013,696602,381500,290500,6.04293,8192.009172738553
E02006013,697284,373500,289500,5.47503,589997.332569919
E02006013,697285,374500,289500,5.44317,970665.6140573804
E02006013,697286,375500,289500,5.698705,1000000.0
E02006013,697287,376500,289500,5.75824,1000000.0
E02006013,697288,377500,289500,5.680754,1000000.0
E02006013,697289,378500,289500,5.707592,1000000.0
E02006013,697290,379500,289500,5.761611,712498.8624229709
E02006013,697291,380500,289500,5.938731,2104.771914078103
E02006013,697974,373500,288500,5.48315,339367.90999981493
E02006013,697975,374500,288500,5.445333,955979.0994514998
E02006013,697976,375500,288500,5.763329,1000000.0
E02006013,697977,376500,288500,5.756775,1000000.0
E02006013,697978,377500,288500,5.669132,1000000.0
E02006013,697979,378500,288500,5.696064,983928.0236051679
E02006013,697980,379500,288500,5.80217,108911.9822459187
E02006013,698665,374500,287500,5.49817,484228.7131898465
E02006013,698666,375500,287500,5.700615,1000000.0
E02006013,698667,376500,287500,5.681259,1000000.0
E02006013,698668,377500,287500,5.647583,1000000.0
E02006013,698669,378500,287500,5.665237,965587.1401532077
E02006013,698670,379500,287500,5.732718,129989.75018460216
E02006013,699355,374500,286500,5.526343,374234.2643544687
E02006013,699356,375500,286500,5.63121,1000000.0
E02006013,699357,376500,286500,5.651477,1000000.0
E02006013,699358,377500,286500,5.630492,1000000.0
E02006013,699359,378500,286500,5.614361,1000000.0
E02006013,699360,379500,286500,5.661256,838439.2755724075
E02006013,699361,380500,286500,5.889439,10453.433578284385
E02006013,700045,374500,285500,5.476907,531715.4011961578
E02006013,700046,375500,285500,5.648642,1000000.0
E02006013,700047,376500,285500,5.679618,1000000.0
E02006013,700048,377500,285500,5.652577,1000000.0
E02006013,700049,378500,285500,5.648514,1000000.0
E02006013,700050,379500,285500,5.644475,1000000.0
E02006013,700051,380500,285500,5.84306,219041.92306632106
E02006013,700735,374500,284500,5.496152,421421.727711132
E02006013,700736,375500,284500,5.552415,1000000.0
E02006013,700737,376500,284500,5.682496,1000000.0
E02006013,700738,377500,284500,5.5934,1000000.0
E02006013,700739,378500,284500,5.520679,1000000.0
E02006013,700740,379500,284500,5.543417,1000000.0
E02006013,700741,380500,284500,5.758427,429013.08313286596
E02006013,701425,374500,283500,5.483784,19847.726569138988
E02006013,701426,375500,283500,5.514643,860807.195757994
E02006013,701427,376500,283500,5.574345,1000000.0
E02006013,701428,377500,283500,5.542865,1000000.0
E02006013,701429,378500,283500,5.503629,1000000.0
E02006013,701430,379500,283500,5.561943,709705.1237021162
E02006013,701431,380500,283500,5.758096,72501.03736690509
E02006013,702116,375500,282500,5.452531,461449.7971292418
E02006013,702117,376500,282500,5.475015,669539.4754449792
E02006013,702118,377500,282500,5.504708,875663.0741056725
E02006013,702119,378500,282500,5.522861,849950.6219858562
E02006013,702120,379500,282500,5.565431,59481.75128705236
E02006013,702808,377500,281500,5.518174,658.7995312445665
E02006014,695200,359500,292500,5.038209,362.6712117025543
E02006014,695201,360500,292500,5.196274,276798.87884240074
E02006014,695202,361500,292500,5.293373,161700.16696898657
E02006014,695203,362500,292500,5.215965,224202.0664627033
E02006014,695204,363500,292500,5.261032,178249.52965103058
E02006014,695890,359500,291500,4.985421,97616.94214014332
E02006014,695891,360500,291500,5.148598,972709.6760007262
E02006014,695892,361500,291500,5.207308,989787.6452588044
E02006014,695893,362500,291500,5.251575,896927.5816797948
E02006014,695894,363500,291500,5.197478,771898.4102583061
E02006014,695895,364500,291500,5.274616,252435.74218083703
E02006014,695896,365500,291500,5.44474,70369.11549950692
E02006014,695897,366500,291500,5.515892,531941.5273866303
E02006014,695898,367500,291500,5.468724,167907.3266729092
E02006014,695899,368500,291500,5.386496,27704.34598726859
E02006014,695900,369500,291500,5.496118,34809.642309056246
E02006014,695901,370500,291500,5.593373,34369.529928555945
E02006014,695902,371500,291500,5.708205,615394.3057726988
E02006014,695903,372500,291500,5.656214,441803.44304349425
E02006014,695904,373500,291500,5.645148,117906.44078984881
E02006014,696579,358500,290500,4.964346,60538.198277227966
E02006014,696580,359500,290500,5.028439,745292.7524326055
E02006014,696581,360500,290500,5.170986,1000000.0
E02006014,696582,361500,290500,5.29727,1000000.0
E02006014,696583,362500,290500,5.192374,1000000.0
E02006014,696584,363500,290500,5.243503,1000000.0
E02006014,696585,364500,290500,5.245648,973055.0798131408
E02006014,696586,365500,290500,5.482439,809198.218982111
E02006014,696587,366500,290500,5.466126,1000000.0
E02006014,696588,367500,290500,5.43937,994868.1772486287
E02006014,696589,368500,290500,5.405459,917841.1346865816
E02006014,696590,369500,290500,5.516248,859385.1080491003
E02006014,696591,370500,290500,5.491837,708112.9961136441
E02006014,696592,371500,290500,5.534102,1000000.0
E02006014,696593,372500,290500,5.567675,1000000.0
E02006014,696594,373500,290500,5.580306,505088.85818494915
E02006014,697268,357500,289500,4.905538,1220.6429931454923
E02006014,697269,358500,289500,4.898121,735719.1738074109
E02006014,697270,359500,289500,4.82185,1000000.0
E02006014,697271,360500,289500,5.006508,1000000.0
E02006014,697272,361500,289500,5.049003,1000000.0
E02006014,697273,362500,289500,5.035599,1000000.0
E02006014,697274,363500,289500,5.097324,1000000.0
E02006014,697275,364500,289500,5.112557,1000000.0
E02006014,697276,365500,289500,5.381315,1000000.0
E02006014,697277,366500,289500,5.379594,1000000.0
E02006014,697278,367500,289500,5.388304,1000000.0
E02006014,697279,368500,289500,5.365013,1000000.0
E02006014,697280,369500,289500,5.437271,1000000.0
E02006014,697281,370500,289500,5.42446,1000000.0
E02006014,697282,371500,289500,5.343428,1000000.0
E02006014,697283,372500,289500,5.407098,1000000.0
E02006014,697284,373500,289500,5.47503,404901.489376316
E02006014,697958,357500,288500,4.894396,1060.526229493348
E02006014,697959,358500,288500,4.857598,413326.9725487514
E02006014,697960,359500,288500,4.779007,1000000.0
E02006014,697961,360500,288500,4.951361,1000000.0
E02006014,697962,361500,288500,4.98921,1000000.0
E02006014,697963,362500,288500,4.983685,1000000.0
E02006014,697964,363500,288500,5.033458,1000000.0
E02006014,697965,364500,288500,5.097681,1000000.0
E02006014,697966,365500,288500,5.296671,1000000.0
E02006014,697967,366500,288500,5.348714,1000000.0
E02006014,697968,367500,288500,5.400424,1000000.0
E02006014,697969,368500,288500,5.363645,1000000.0
E02006014,697970,369500,288500,5.396636,1000000.0
E02006014,697971,370500,288500,5.367721,1000000.0
E02006014,697972,371500,288500,5.357433,1000000.0
E02006014,697973,372500,288500,5.365153,1000000.0
E02006014,697974,373500,288500,5.48315,660632.0900001851
E02006014,697975,374500,288500,5.445333,44020.90054850024
E02006014,698649,358500,287500,4.813175,50027.23326410529
E02006014,698650,359500,287500,4.776953,937050.6145630406
E02006014,698651,360500,287500,4.90912,1000000.0
E02006014,698652,361500,287500,4.970275,1000000.0
E02006014,698653,362500,287500,4.985808,1000000.0
E02006014,698654,363500,287500,4.998201,1000000.0
E02006014,698655,364500,287500,5.093954,1000000.0
E02006014,698656,365500,287500,5.354011,1000000.0
E02006014,698657,366500,287500,5.38684,1000000.0
E02006014,698658,367500,287500,5.360797,1000000.0
E02006014,698659,368500,287500,5.325977,1000000.0
E02006014,698660,369500,287500,5.303729,1000000.0
E02006014,698661,370500,287500,5.296578,1000000.0
E02006014,698662,371500,287500,5.341703,1000000.0
E02006014,698663,372500,287500,5.357344,1000000.0
E02006014,698664,373500,287500,5.370174,1000000.0
E02006014,698665,374500,287500,5.49817,515771.28681015346
E02006014,699340,359500,286500,4.756726,491791.0412611883
E02006014,699341,360500,286500,4.903427,1000000.0
E02006014,699342,361500,286500,4.925733,1000000.0
E02006014,699343,362500,286500,5.006944,1000000.0
E02006014,699344,363500,286500,5.027369,1000000.0
E02006014,699345,364500,286500,5.096238,1000000.0
E02006014,699346,365500,286500,5.33258,1000000.0
E02006014,699347,366500,286500,5.324765,1000000.0
E02006014,699348,367500,286500,5.380739,1000000.0
E02006014,699349,368500,286500,5.310833,1000000.0
E02006014,699350,369500,286500,5.25762,1000000.0
E02006014,699351,370500,286500,5.325017,1000000.0
E02006014,699352,371500,286500,5.335063,1000000.0
E02006014,699353,372500,286500,5.337412,1000000.0
E02006014,699354,373500,286500,5.39709,1000000.0
E02006014,699355,374500,286500,5.526343,625765.7356455313
E02006014,700030,359500,285500,4.740624,340761.0259116703
E02006014,700031,360500,285500,4.891419,1000000.0
E02006014,700032,361500,285500,4.932457,1000000.0
E02006014,700033,362500,285500,5.020267,1000000.0
E02006014,700034,363500,285500,5.030253,1000000.0
E02006014,700035,364500,285500,4.988227,1000000.0
E02006014,700036,365500,285500,5.258437,1000000.0
E02006014,700037,366500,285500,5.354149,1000000.0
E02006014,700038,367500,285500,5.252916,1000000.0
E02006014,700039,368500,285500,5.255763,1000000.0
E02006014,700040,369500,285500,5.281065,1000000.0
E02006014,700041,370500,285500,5.397867,1000000.0
E02006014,700042,371500,285500,5.323318,1000000.0
E02006014,700043,372500,285500,5.354104,1000000.0
E02006014,700044,373500,285500,5.416771,1000000.0
E02006014,700045,374500,285500,5.476907,468284.5988038422
E02006014,700720,359500,284500,4.740017,382255.0031616298
E02006014,700721,360500,284500,4.895534,983269.0987644874
E02006014,700722,361500,284500,5.008744,1000000.0
E02006014,700723,362500,284500,5.013659,1000000.0
E02006014,700724,363500,284500,4.980361,1000000.0
E02006014,700725,364500,284500,5.015209,1000000.0
E02006014,700726,365500,284500,5.162249,1000000.0
E02006014,700727,366500,284500,5.176975,1000000.0
E02006014,700728,367500,284500,5.165678,1000000.0
E02006014,700729,368500,284500,5.153028,1000000.0
E02006014,700730,369500,284500,5.177794,1000000.0
E02006014,700731,370500,284500,5.321878,1000000.0
E02006014,700732,371500,284500,5.307283,1000000.0
E02006014,700733,372500,284500,5.3612,1000000.0
E02006014,700734,373500,284500,5.504134,1000000.0
E02006014,700735,374500,284500,5.496152,578578.2722888679
E02006014,701411,360500,283500,4.908279,88560.84374770321
E02006014,701412,361500,283500,4.992285,157360.29288997257
E02006014,701413,362500,283500,5.017977,724010.0592802834
E02006014,701414,363500,283500,5.037567,1000000.0
E02006014,701415,364500,283500,4.997309,1000000.0
E02006014,701416,365500,283500,5.157204,1000000.0
E02006014,701417,366500,283500,5.186703,1000000.0
E02006014,701418,367500,283500,5.1645,1000000.0
E02006014,701419,368500,283500,5.184322,1000000.0
E02006014,701420,369500,283500,5.155271,1000000.0
E02006014,701421,370500,283500,5.304298,1000000.0
E02006014,701422,371500,283500,5.369036,1000000.0
E02006014,701423,372500,283500,5.40817,1000000.0
E02006014,701424,373500,283500,5.434407,1000000.0
E02006014,701425,374500,283500,5.483784,980152.273430861
E02006014,701426,375500,283500,5.514643,139192.80424200604
E02006014,702103,362500,282500,5.056352,402998.40812550404
E02006014,702104,363500,282500,5.02979,1000000.0
E02006014,702105,364500,282500,5.013304,1000000.0
E02006014,702106,365500,282500,5.131101,1000000.0
E02006014,702107,366500,282500,5.208619,1000000.0
E02006014,702108,367500,282500,5.214906,1000000.0
E02006014,702109,368500,282500,5.261452,1000000.0
E02006014,702110,369500,282500,5.164527,1000000.0
E02006014,702111,370500,282500,5.300943,1000000.0
E02006014,702112,371500,282500,5.389691,1000000.0
E02006014,702113,372500,282500,5.455897,1000000.0
E02006014,702114,373500,282500,5.426278,1000000.0
E02006014,702115,374500,282500,5.423671,1000000.0
E02006014,702116,375500,282500,5.452531,252359.59160319826
E02006014,702792,361500,281500,4.924851,176315.70970909632
E02006014,702793,362500,281500,4.996683,598291.5431797322
E02006014,702794,363500,281500,5.002178,1000000.0
E02006014,702795,364500,281500,5.022775,1000000.0
E02006014,702796,365500,281500,5.180611,1000000.0
E02006014,702797,366500,281500,5.251292,1000000.0
E02006014,702798,367500,281500,5.296824,1000000.0
E02006014,702799,368500,281500,5.189894,1000000.0
E02006014,702800,369500,281500,5.297401,1000000.0
E02006014,702801,370500,281500,5.377593,1000000.0
E02006014,702802,371500,281500,5.454788,1000000.0
E02006014,702803,372500,281500,5.421955,1000000.0
E02006014,702804,373500,281500,5.469914,1000000.0
E02006014,702805,374500,281500,5.436751,1000000.0
E02006014,702806,375500,281500,5.462056,371010.1354842184
E02006014,703482,361500,280500,4.980604,199881.9028158755
E02006014,703483,362500,280500,5.0218,609903.9974138412
E02006014,703484,363500,280500,4.973811,1000000.0
E02006014,703485,364500,280500,4.957307,1000000.0
E02006014,703486,365500,280500,5.125662,1000000.0
E02006014,703487,366500,280500,5.168944,1000000.0
E02006014,703488,367500,280500,5.210866,1000000.0
E02006014,703489,368500,280500,5.205248,1000000.0
E02006014,703490,369500,280500,5.251701,1000000.0
E02006014,703491,370500,280500,5.378569,1000000.0
E02006014,703492,371500,280500,5.479163,1000000.0
E02006014,703493,372500,280500,5.392202,1000000.0
E02006014,703494,373500,280500,5.497903,1000000.0
E02006014,703495,374500,280500,5.440688,1000000.0
E02006014,703496,375500,280500,5.510286,268117.9898760239
E02006014,704173,362500,279500,4.998607,358789.9177196959
E02006014,704174,363500,279500,4.996239,998051.9202410453
E02006014,704175,364500,279500,5.019416,711933.2336179846
E02006014,704176,365500,279500,5.223534,636456.4441676426
E02006014,704177,366500,279500,5.29204,983660.31590427
E02006014,704178,367500,279500,5.296013,1000000.0
E02006014,704179,368500,279500,5.285498,1000000.0
E02006014,704180,369500,279500,5.306046,1000000.0
E02006014,704181,370500,279500,5.39413,1000000.0
E02006014,704182,371500,279500,5.495318,1000000.0
E02006014,704183,372500,279500,5.516845,1000000.0
E02006014,704184,373500,279500,5.428001,1000000.0
E02006014,704185,374500,279500,5.469991,1000000.0
E02006014,704186,375500,279500,5.591287,146729.56899339054
E02006014,704863,362500,278500,5.009813,206310.35085990815
E02006014,704864,363500,278500,5.002622,98057.03742386993
E02006014,704866,365500,278500,5.318299,56496.17534113291
E02006014,704867,366500,278500,5.334305,925472.6017253706
E02006014,704868,367500,278500,5.298855,1000000.0
E02006014,704869,368500,278500,5.360677,1000000.0
E02006014,704870,369500,278500,5.303593,1000000.0
E02006014,704871,370500,278500,5.461536,1000000.0
E02006014,704872,371500,278500,5.571356,1000000.0
E02006014,704873,372500,278500,5.531758,1000000.0
E02006014,704874,373500,278500,5.449942,1000000.0
E02006014,704875,374500,278500,5.4537,955704.6055951547
E02006014,704876,375500,278500,5.532458,79258.40609997843
E02006014,705556,365500,277500,5.369224,495300.521938005
E02006014,705557,366500,277500,5.337757,998387.8954290283
E02006014,705558,367500,277500,5.294422,1000000.0
E02006014,705559,368500,277500,5.359784,1000000.0
E02006014,705560,369500,277500,5.327975,1000000.0
E02006014,705561,370500,277500,5.409674,1000000.0
E02006014,705562,371500,277500,5.414729,1000000.0
E02006014,705563,372500,277500,5.422788,1000000.0
E02006014,705564,373500,277500,5.474977,1000000.0
E02006014,705565,374500,277500,5.457965,1000000.0
E02006014,705566,375500,277500,5.547867,912556.5322335681
E02006014,705567,376500,277500,5.57404,406125.85011638387
E02006014,705568,377500,277500,5.647204,9073.654677908398
E02006014,706246,365500,276500,5.30969,94547.89732332347
E02006014,706247,366500,276500,5.275223,330068.49034258496
E02006014,706248,367500,276500,5.342091,637440.3174617057
E02006014,706249,368500,276500,5.35611,363093.261784907
E02006014,706250,369500,276500,5.254215,631076.3307154962
E02006014,706251,370500,276500,5.368829,341034.0760493978
E02006014,706252,371500,276500,5.387109,521423.94478049554
E02006014,706253,372500,276500,5.401362,657721.4377071969
E02006014,706254,373500,276500,5.421264,753757.2637606795
E02006014,706255,374500,276500,5.436223,633605.9927344278
E02006014,706256,375500,276500,5.519893,297088.9492921443
E02006014,706257,376500,276500,5.571827,474270.19940601656
E02006014,706258,377500,276500,5.690669,180072.2560794327
E02006016,659333,372500,344500,5.730946,51843.18763613822
E02006016,659334,373500,344500,5.852815,320902.91062458704
E02006016,659335,374500,344500,5.685011,430324.52900004043
E02006016,660008,357500,343500,5.358176,22434.680655553613
E02006016,660009,358500,343500,5.380551,469892.5438041361
E02006016,660010,359500,343500,5.3983,259691.42293098915
E02006016,660021,370500,343500,5.67685,96593.69431532752
E02006016,660022,371500,343500,5.704225,341871.29529178573
E02006016,660023,372500,343500,5.739137,612917.6114627894
E02006016,660024,373500,343500,5.807757,1000000.0
E02006016,660025,374500,343500,5.694789,794071.4483821021
E02006016,660026,375500,343500,5.79438,268.6973720854028
E02006016,660698,357500,342500,5.301198,413630.0728199493
E02006016,660699,358500,342500,5.343327,1000000.0
E02006016,660700,359500,342500,5.398863,759262.3499408169
E02006016,660701,360500,342500,5.522779,63320.750257071326
E02006016,660706,365500,342500,5.698991,206.9067386872822
E02006016,660711,370500,342500,5.636743,124264.57705928099
E02006016,660712,371500,342500,5.660714,1000000.0
E02006016,660713,372500,342500,5.733859,1000000.0
E02006016,660714,373500,342500,5.75961,1000000.0
E02006016,660715,374500,342500,5.733449,975578.5133157053
E02006016,660716,375500,342500,5.785626,182404.3609895226
E02006016,661387,356500,341500,5.393993,519222.360558
E02006016,661388,357500,341500,5.384082,999497.7127801772
E02006016,661389,358500,341500,5.353001,1000000.0
E02006016,661390,359500,341500,5.329221,983422.7214035876
E02006016,661391,360500,341500,5.547727,27972.264510904814
E02006016,661395,364500,341500,5.583903,23709.61867831804
E02006016,661396,365500,341500,5.64219,621474.8812187646
E02006016,661397,366500,341500,5.631678,228900.42191776005
E02006016,661398,367500,341500,5.601678,31785.900476609466
E02006016,661400,369500,341500,5.607683,31535.893235994314
E02006016,661401,370500,341500,5.706216,501642.8869552131
E02006016,661402,371500,341500,5.766044,1000000.0
E02006016,661403,372500,341500,5.752746,1000000.0
E02006016,661404,373500,341500,5.715489,1000000.0
E02006016,661405,374500,341500,5.744976,560939.3079604579
E02006016,662074,353500,340500,5.449152,37478.4160997155
E02006016,662076,355500,340500,5.406752,318385.8424080199
E02006016,662077,356500,340500,5.378458,918590.3190286681
E02006016,662078,357500,340500,5.307718,1000000.0
E02006016,662079,358500,340500,5.273308,1000000.0
E02006016,662080,359500,340500,5.336199,996384.5370511124
E02006016,662081,360500,340500,5.415586,302561.37727800955
E02006016,662082,361500,340500,5.419868,310571.12180768175
E02006016,662083,362500,340500,5.439452,640113.4281369128
E02006016,662084,363500,340500,5.443095,35238.73560312518
E02006016,662085,364500,340500,5.509165,56108.12659742299
E02006016,662086,365500,340500,5.594603,1000000.0
E02006016,662087,366500,340500,5.697339,999126.8211703533
E02006016,662088,367500,340500,5.670021,647785.3165274382
E02006016,662089,368500,340500,5.629553,669506.290980946
E02006016,662090,369500,340500,5.699464,937614.1960387316
E02006016,662091,370500,340500,5.736211,1000000.0
E02006016,662092,371500,340500,5.633461,1000000.0
E02006016,662093,372500,340500,5.67355,721620.2746493571
E02006016,662094,373500,340500,5.730583,841512.8716611258
E02006016,662095,374500,340500,5.774858,427616.3799638199
E02006016,662762,351500,339500,5.400322,127443.52420576439
E02006016,662763,352500,339500,5.34075,793359.8431020917
E02006016,662764,353500,339500,5.315506,904216.0091604368
E02006016,662765,354500,339500,5.406618,550809.7397087252
E02006016,662766,355500,339500,5.384523,938710.6927257286
E02006016,662767,356500,339500,5.307642,1000000.0
E02006016,662768,357500,339500,5.280723,1000000.0
E02006016,662769,358500,339500,5.332351,1000000.0
E02006016,662770,359500,339500,5.250098,1000000.0
E02006016,662771,360500,339500,5.419302,991629.627732518
E02006016,662772,361500,339500,5.378435,997320.0303506049
E02006016,662773,362500,339500,5.427946,1000000.0
E02006016,662774,363500,339500,5.382094,819918.4950885024
E02006016,662775,364500,339500,5.413073,340060.33221234643
E02006016,662776,365500,339500,5.539577,1000000.0
E02006016,662777,366500,339500,5.668294,1000000.0
E02006016,662778,367500,339500,5.693983,1000000.0
E02006016,662779,368500,339500,5.694881,1000000.0
E02006016,662780,369500,339500,5.672337,1000000.0
E02006016,662781,370500,339500,5.753285,1000000.0
E02006016,662782,371500,339500,5.720933,873179.0957035978
E02006016,662783,372500,339500,5.776659,808097.3863832142
E02006016,662784,373500,339500,5.800807,276389.2081371212
E02006016,662785,374500,339500,5.81569,70893.6012916427
E02006016,663452,351500,338500,5.39093,706528.8884567134
E02006016,663453,352500,338500,5.336799,1000000.0
E02006016,663454,353500,338500,5.270683,1000000.0
E02006016,663455,354500,338500,5.339596,1000000.0
E02006016,663456,355500,338500,5.450082,1000000.0
E02006016,663457,356500,338500,5.281051,1000000.0
E02006016,663458,357500,338500,5.360881,1000000.0
E02006016,663459,358500,338500,5.345222,1000000.0
E02006016,663460,359500,338500,5.302059,1000000.0
E02006016,663461,360500,338500,5.420104,1000000.0
E02006016,663462,361500,338500,5.368728,1000000.0
E02006016,663463,362500,338500,5.392985,1000000.0
E02006016,663464,363500,338500,5.35887,1000000.0
E02006016,663465,364500,338500,5.432414,999898.8473540791
E02006016,663466,365500,338500,5.549469,1000000.0
E02006016,663467,366500,338500,5.576943,1000000.0
E02006016,663468,367500,338500,5.579933,1000000.0
E02006016,663469,368500,338500,5.623485,1000000.0
E02006016,663470,369500,338500,5.611079,1000000.0
E02006016,663471,370500,338500,5.769574,768583.65989585
E02006016,663472,371500,338500,5.736228,52393.4948181132
E02006016,663473,372500,338500,5.820787,47023.372924154486
E02006016,664142,351500,337500,5.406564,737032.3881026418
E02006016,664143,352500,337500,5.352798,1000000.0
E02006016,664144,353500,337500,5.345202,1000000.0
E02006016,664145,354500,337500,5.292505,1000000.0
E02006016,664146,355500,337500,5.434996,1000000.0
E02006016,664147,356500,337500,5.393711,1000000.0
E02006016,664148,357500,337500,5.300339,1000000.0
E02006016,664149,358500,337500,5.287341,1000000.0
E02006016,664150,359500,337500,5.305459,1000000.0
E02006016,664151,360500,337500,5.43118,1000000.0
E02006016,664152,361500,337500,5.364843,1000000.0
E02006016,664153,362500,337500,5.403457,1000000.0
E02006016,664154,363500,337500,5.44913,1000000.0
E02006016,664155,364500,337500,5.503083,1000000.0
E02006016,664156,365500,337500,5.603724,1000000.0
E02006016,664157,366500,337500,5.595964,1000000.0
E02006016,664158,367500,337500,5.572009,1000000.0
E02006016,664159,368500,337500,5.536061,1000000.0
E02006016,664160,369500,337500,5.639256,1000000.0
E02006016,664161,370500,337500,5.668767,294258.92586440325
E02006016,664832,351500,336500,5.354879,405491.647289029
E02006016,664833,352500,336500,5.231179,730497.0643649615
E02006016,664834,353500,336500,5.254305,559149.3725492931
E02006016,664835,354500,336500,5.258358,864140.2139467127
E02006016,664836,355500,336500,5.373823,1000000.0
E02006016,664837,356500,336500,5.379153,1000000.0
E02006016,664838,357500,336500,5.24285,1000000.0
E02006016,664839,358500,336500,5.194057,1000000.0
E02006016,664840,359500,336500,5.317701,1000000.0
E02006016,664841,360500,336500,5.437833,1000000.0
E02006016,664842,361500,336500,5.385056,1000000.0
E02006016,664843,362500,336500,5.403866,1000000.0
E02006016,664844,363500,336500,5.436487,1000000.0
E02006016,664845,364500,336500,5.483895,1000000.0
E02006016,664846,365500,336500,5.645566,1000000.0
E02006016,664847,366500,336500,5.561523,1000000.0
E02006016,664848,367500,336500,5.648558,1000000.0
E02006016,664849,368500,336500,5.605385,1000000.0
E02006016,664850,369500,336500,5.633687,611247.7691392002
E02006016,664851,370500,336500,5.659918,8521.759349466045
E02006016,665525,354500,335500,5.30857,578946.6414121833
E02006016,665526,355500,335500,5.3211,1000000.0
E02006016,665527,356500,335500,5.366557,1000000.0
E02006016,665528,357500,335500,5.23996,1000000.0
E02006016,665529,358500,335500,5.279908,1000000.0
E02006016,665530,359500,335500,5.314613,1000000.0
E02006016,665531,360500,335500,5.473803,1000000.0
E02006016,665532,361500,335500,5.480242,1000000.0
E02006016,665533,362500,335500,5.361224,1000000.0
E02006016,665534,363500,335500,5.433517,1000000.0
E02006016,665535,364500,335500,5.45142,1000000.0
E02006016,665536,365500,335500,5.624924,1000000.0
E02006016,665537,366500,335500,5.679085,968847.3699497859
E02006016,665538,367500,335500,5.771699,929041.258751557
E02006016,665539,368500,335500,5.65348,1000000.0
E02006016,665540,369500,335500,5.695595,352796.7521422162
E02006016,666215,354500,334500,5.295231,841714.422882606
E02006016,666216,355500,334500,5.40787,1000000.0
E02006016,666217,356500,334500,5.343986,1000000.0
E02006016,666218,357500,334500,5.346456,1000000.0
E02006016,666219,358500,334500,5.304635,1000000.0
E02006016,666220,359500,334500,5.361633,1000000.0
E02006016,666221,360500,334500,5.551948,1000000.0
E02006016,666222,361500,334500,5.557965,1000000.0
E02006016,666223,362500,334500,5.454134,1000000.0
E02006016,666224,363500,334500,5.553687,1000000.0
E02006016,666225,364500,334500,5.488631,1000000.0
E02006016,666226,365500,334500,5.774807,997656.9309959775
E02006016,666227,366500,334500,5.986698,208770.99573558534
E02006016,666228,367500,334500,5.999195,10.015646027712535
E02006016,666229,368500,334500,5.909733,109566.0976949708
E02006016,666230,369500,334500,5.729926,18667.00949268886
E02006016,666904,353500,333500,5.325022,3406.0036036355123
E02006016,666905,354500,333500,5.314034,931207.1369303754
E02006016,666906,355500,333500,5.347987,1000000.0
E02006016,666907,356500,333500,5.276265,1000000.0
E02006016,666908,357500,333500,5.30511,1000000.0
E02006016,666909,358500,333500,5.332112,1000000.0
E02006016,666910,359500,333500,5.40588,1000000.0
E02006016,666911,360500,333500,5.48914,1000000.0
E02006016,666912,361500,333500,5.448831,1000000.0
E02006016,666913,362500,333500,5.588127,1000000.0
E02006016,666914,363500,333500,5.46978,1000000.0
E02006016,666915,364500,333500,5.554567,1000000.0
E02006016,666916,365500,333500,5.855278,347264.5486897042
E02006016,667594,353500,332500,5.302309,14452.260580154274
E02006016,667595,354500,332500,5.308656,774228.307994705
E02006016,667596,355500,332500,5.388832,1000000.0
E02006016,667597,356500,332500,5.253356,1000000.0
E02006016,667598,357500,332500,5.288599,1000000.0
E02006016,667599,358500,332500,5.276455,1000000.0
E02006016,667600,359500,332500,5.336512,984750.8318827723
E02006016,667601,360500,332500,5.477273,973680.7479999536
E02006016,667602,361500,332500,5.385842,788015.2378928488
E02006016,667603,362500,332500,5.486174,230780.74015653913
E02006016,667604,363500,332500,5.641103,686516.1469549561
E02006016,667605,364500,332500,5.495198,677569.5325673628
E02006016,667606,365500,332500,5.666062,81615.63215239694
E02006016,668285,354500,331500,5.304945,526045.7592390637
E02006016,668286,355500,331500,5.340145,1000000.0
E02006016,668287,356500,331500,5.30252,999996.5950232462
E02006016,668288,357500,331500,5.298739,604707.8127760241
E02006016,668289,358500,331500,5.234002,146472.03370755105
E02006016,668290,359500,331500,5.262325,94957.57719367993
E02006016,668291,360500,331500,5.434286,97685.40262085303
E02006016,668292,361500,331500,5.422009,5780.558281001826
E02006016,668294,363500,331500,5.568242,9075.996507164857
E02006016,668975,354500,330500,5.312274,20443.674990096588
E02006016,668976,355500,330500,5.284719,345513.7443508136
E02006016,668977,356500,330500,5.252602,463118.9869553995
E02006018,665537,366500,335500,5.679085,31152.630050214113
E02006018,665538,367500,335500,5.771699,70958.74124844311
E02006018,666226,365500,334500,5.774807,2343.069004022544
E02006018,666227,366500,334500,5.986698,791229.0042644147
E02006018,666228,367500,334500,5.999195,999989.9843539722
E02006018,666229,368500,334500,5.909733,583858.1555464314
E02006018,666230,369500,334500,5.729926,16069.033048065408
E02006018,666916,365500,333500,5.855278,524809.1783801193
E02006018,666917,366500,333500,5.939953,952062.2144071023
E02006018,666918,367500,333500,5.759876,513991.50013329386
E02006018,666919,368500,333500,5.807032,85621.09492667588
E02006018,667607,366500,332500,5.752452,41496.236165407085
E02006020,666229,368500,334500,5.909733,38719.871892188836
E02006020,666916,365500,333500,5.855278,127926.2729301765
E02006020,666917,366500,333500,5.939953,47937.78559289773
E02006020,666918,367500,333500,5.759876,486008.49986670614
E02006020,666919,368500,333500,5.807032,516659.8377902734
E02006020,667603,362500,332500,5.486174,99871.94542955692
E02006020,667604,363500,332500,5.641103,313483.8530450438
E02006020,667605,364500,332500,5.495198,322430.4674326371
E02006020,667606,365500,332500,5.666062,918384.3678476032
E02006020,667607,366500,332500,5.752452,958503.7638345929
E02006020,667608,367500,332500,5.646564,1000000.0
E02006020,667609,368500,332500,5.757239,926044.4983561697
E02006020,667610,369500,332500,5.747615,117342.71197638448
E02006020,667612,371500,332500,5.626783,34886.86738919628
E02006020,667613,372500,332500,5.588635,264877.38141425845
E02006020,667614,373500,332500,5.58477,454146.33585979586
E02006020,667615,374500,332500,5.646726,463329.70843120746
E02006020,668293,362500,331500,5.4822,211974.70141801325
E02006020,668294,363500,331500,5.568242,990924.0034928352
E02006020,668295,364500,331500,5.560631,1000000.0
E02006020,668296,365500,331500,5.723069,1000000.0
E02006020,668297,366500,331500,5.713099,1000000.0
E02006020,668298,367500,331500,5.653697,1000000.0
E02006020,668299,368500,331500,5.655146,1000000.0
E02006020,668300,369500,331500,5.747808,470165.36767961626
E02006020,668301,370500,331500,5.735278,467320.1079440472
E02006020,668302,371500,331500,5.659375,834157.1089176403
E02006020,668303,372500,331500,5.609867,1000000.0
E02006020,668304,373500,331500,5.691175,1000000.0
E02006020,668305,374500,331500,5.60014,500861.8572001806
E02006020,668983,362500,330500,5.486221,367371.7637784345
E02006020,668984,363500,330500,5.535134,1000000.0
E02006020,668985,364500,330500,5.498951,1000000.0
E02006020,668986,365500,330500,5.784518,1000000.0
E02006020,668987,366500,330500,5.704771,1000000.0
E02006020,668988,367500,330500,5.634473,1000000.0
E02006020,668989,368500,330500,5.6438,1000000.0
E02006020,668990,369500,330500,5.662312,984627.987034391
E02006020,668991,370500,330500,5.745607,975671.0006108315
E02006020,668992,371500,330500,5.710387,1000000.0
E02006020,668993,372500,330500,5.718728,1000000.0
E02006020,668994,373500,330500,5.705351,1000000.0
E02006020,668995,374500,330500,5.617595,445467.8547330025
E02006020,669672,361500,329500,5.496116,118354.88455242013
E02006020,669673,362500,329500,5.496064,309989.64456821093
E02006020,669674,363500,329500,5.440306,1000000.0
E02006020,669675,364500,329500,5.473211,1000000.0
E02006020,669676,365500,329500,5.602331,1000000.0
E02006020,669677,366500,329500,5.70982,1000000.0
E02006020,669678,367500,329500,5.576533,1000000.0
E02006020,669679,368500,329500,5.610135,1000000.0
E02006020,669680,369500,329500,5.588279,1000000.0
E02006020,669681,370500,329500,5.724212,1000000.0
E02006020,669682,371500,329500,5.730871,1000000.0
E02006020,669683,372500,329500,5.645644,1000000.0
E02006020,669684,373500,329500,5.626318,986584.7918214158
E02006020,669685,374500,329500,5.686449,114856.8824175708
E02006020,670360,359500,328500,5.294114,152575.44609079623
E02006020,670361,360500,328500,5.423761,648748.0923135857
E02006020,670362,361500,328500,5.48408,877170.0519138868
E02006020,670363,362500,328500,5.555006,1000000.0
E02006020,670364,363500,328500,5.428821,1000000.0
E02006020,670365,364500,328500,5.51178,1000000.0
E02006020,670366,365500,328500,5.617386,1000000.0
E02006020,670367,366500,328500,5.656488,1000000.0
E02006020,670368,367500,328500,5.647374,1000000.0
E02006020,670369,368500,328500,5.636746,1000000.0
E02006020,670370,369500,328500,5.567846,1000000.0
E02006020,670371,370500,328500,5.706092,1000000.0
E02006020,670372,371500,328500,5.792161,1000000.0
E02006020,670373,372500,328500,5.747416,1000000.0
E02006020,670374,373500,328500,5.695564,844786.6035386102
E02006020,671050,359500,327500,5.337873,467528.78081027174
E02006020,671051,360500,327500,5.501343,1000000.0
E02006020,671052,361500,327500,5.578781,1000000.0
E02006020,671053,362500,327500,5.559872,1000000.0
E02006020,671054,363500,327500,5.464753,1000000.0
E02006020,671055,364500,327500,5.544891,1000000.0
E02006020,671056,365500,327500,5.604557,1000000.0
E02006020,671057,366500,327500,5.604402,1000000.0
E02006020,671058,367500,327500,5.610341,1000000.0
E02006020,671059,368500,327500,5.647961,1000000.0
E02006020,671060,369500,327500,5.598865,1000000.0
E02006020,671061,370500,327500,5.700376,1000000.0
E02006020,671062,371500,327500,5.743965,1000000.0
E02006020,671063,372500,327500,5.805043,1000000.0
E02006020,671064,373500,327500,5.823237,627429.2673611713
E02006020,671740,359500,326500,5.395986,494362.90821575513
E02006020,671741,360500,326500,5.549781,971181.2933764466
E02006020,671742,361500,326500,5.55265,872772.5516537146
E02006020,671743,362500,326500,5.479088,1000000.0
E02006020,671744,363500,326500,5.548774,1000000.0
E02006020,671745,364500,326500,5.53089,1000000.0
E02006020,671746,365500,326500,5.685028,1000000.0
E02006020,671747,366500,326500,5.613718,1000000.0
E02006020,671748,367500,326500,5.619606,1000000.0
E02006020,671749,368500,326500,5.682216,1000000.0
E02006020,671750,369500,326500,5.715296,1000000.0
E02006020,671751,370500,326500,5.750842,1000000.0
E02006020,671752,371500,326500,5.73255,1000000.0
E02006020,671753,372500,326500,5.74764,771957.0952908448
E02006020,671754,373500,326500,5.769947,351904.0528028153
E02006020,672430,359500,325500,5.415289,94074.59983359335
E02006020,672431,360500,325500,5.553612,75672.11933308163
E02006020,672432,361500,325500,5.551604,258232.09048977066
E02006020,672433,362500,325500,5.564952,995180.8477871857
E02006020,672434,363500,325500,5.558486,1000000.0
E02006020,672435,364500,325500,5.566013,1000000.0
E02006020,672436,365500,325500,5.653873,1000000.0
E02006020,672437,366500,325500,5.641869,1000000.0
E02006020,672438,367500,325500,5.687427,1000000.0
E02006020,672439,368500,325500,5.680595,947727.1336072761
E02006020,672440,369500,325500,5.749969,978585.076812331
E02006020,672441,370500,325500,5.737266,817500.3158760039
E02006020,672442,371500,325500,5.754307,555940.736884395
E02006020,672443,372500,325500,5.76075,65178.87690293109
E02006020,673123,362500,324500,5.566277,606822.1299766051
E02006020,673124,363500,324500,5.556016,1000000.0
E02006020,673125,364500,324500,5.550521,1000000.0
E02006020,673126,365500,324500,5.674204,1000000.0
E02006020,673127,366500,324500,5.65703,1000000.0
E02006020,673128,367500,324500,5.67742,1000000.0
E02006020,673129,368500,324500,5.675085,391805.2292075884
E02006020,673131,370500,324500,5.79769,16332.450379880298
E02006020,673813,362500,323500,5.556393,55010.24041366808
E02006020,673814,363500,323500,5.577963,939474.543460311
E02006020,673815,364500,323500,5.563173,1000000.0
E02006020,673816,365500,323500,5.722775,1000000.0
E02006020,673817,366500,323500,5.696935,1000000.0
E02006020,673818,367500,323500,5.69054,971667.3355823271
E02006020,673819,368500,323500,5.651083,716586.3192372811
E02006020,673820,369500,323500,5.682912,128.56363721961105
E02006020,674504,363500,322500,5.595625,718310.3900177764
E02006020,674505,364500,322500,5.578353,887248.2516469038
E02006020,674506,365500,322500,5.714814,711315.9554692684
E02006020,674507,366500,322500,5.701165,394390.06404847675
E02006020,674508,367500,322500,5.699211,418411.8700336939
E02006020,674509,368500,322500,5.631083,995917.7313122364
E02006020,674510,369500,322500,5.712129,67004.68227530214
E02006020,675194,363500,321500,5.570377,116082.05423923588
E02006020,675195,364500,321500,5.595963,446396.6944072958
E02006020,675198,367500,321500,5.722024,491624.1333209369
E02006020,675199,368500,321500,5.725293,956129.7453357402
E02006020,675200,369500,321500,5.734624,127920.11829717142
E02006020,675884,363500,320500,5.609211,1118.0963058408984
E02006020,675888,367500,320500,5.767004,429051.9260299955
E02006020,675889,368500,320500,5.77558,256749.62954206116
E02006020,675890,369500,320500,5.761865,67972.28543536544
E02006022,667600,359500,332500,5.336512,15249.16811722786
E02006022,667601,360500,332500,5.477273,26319.252000046574
E02006022,667602,361500,332500,5.385842,211984.7621071511
E02006022,667603,362500,332500,5.486174,669347.314413904
E02006022,668287,356500,331500,5.30252,3.4049767537841493
E02006022,668288,357500,331500,5.298739,395292.18722397595
E02006022,668289,358500,331500,5.234002,853527.9662924489
E02006022,668290,359500,331500,5.262325,905042.42280632
E02006022,668291,360500,331500,5.434286,902314.597379147
E02006022,668292,361500,331500,5.422009,994219.4417189982
E02006022,668293,362500,331500,5.4822,788025.2985819867
E02006022,668976,355500,330500,5.284719,8499.719858719463
E02006022,668977,356500,330500,5.252602,536881.0130446005
E02006022,668978,357500,330500,5.235785,1000000.0
E02006022,668979,358500,330500,5.333871,1000000.0
E02006022,668980,359500,330500,5.334352,1000000.0
E02006022,668981,360500,330500,5.491289,1000000.0
E02006022,668982,361500,330500,5.417353,1000000.0
E02006022,668983,362500,330500,5.486221,632628.2362215655
E02006022,669666,355500,329500,5.35024,579221.3600698141
E02006022,669667,356500,329500,5.284595,1000000.0
E02006022,669668,357500,329500,5.245629,1000000.0
E02006022,669669,358500,329500,5.325642,1000000.0
E02006022,669670,359500,329500,5.339437,1000000.0
E02006022,669671,360500,329500,5.441116,1000000.0
E02006022,669672,361500,329500,5.496116,881645.11544758
E02006022,669673,362500,329500,5.496064,690010.355431789
E02006022,670355,354500,328500,5.306392,157936.17984036024
E02006022,670356,355500,328500,5.387167,950101.5156061504
E02006022,670357,356500,328500,5.328104,1000000.0
E02006022,670358,357500,328500,5.348319,1000000.0
E02006022,670359,358500,328500,5.33787,1000000.0
E02006022,670360,359500,328500,5.294114,847424.5539092037
E02006022,670361,360500,328500,5.423761,351251.90768641443
E02006022,670362,361500,328500,5.48408,122829.94808611306
E02006022,671043,352500,327500,5.226743,19915.602883565545
E02006022,671044,353500,327500,5.285646,563375.3095059644
E02006022,671045,354500,327500,5.322624,923355.0026102082
E02006022,671046,355500,327500,5.350747,1000000.0
E02006022,671047,356500,327500,5.250858,1000000.0
E02006022,671048,357500,327500,5.257763,1000000.0
E02006022,671049,358500,327500,5.322304,1000000.0
E02006022,671050,359500,327500,5.337873,532471.2191897284
E02006022,671733,352500,326500,5.289984,446257.4926369269
E02006022,671734,353500,326500,5.329285,1000000.0
E02006022,671735,354500,326500,5.371814,1000000.0
E02006022,671736,355500,326500,5.40577,1000000.0
E02006022,671737,356500,326500,5.303373,1000000.0
E02006022,671738,357500,326500,5.293793,1000000.0
E02006022,671739,358500,326500,5.241309,1000000.0
E02006022,671740,359500,326500,5.395986,505637.0917842449
E02006022,671741,360500,326500,5.549781,28818.706623553364
E02006022,671742,361500,326500,5.55265,127227.44834628543
E02006022,672423,352500,325500,5.339737,476102.7047373717
E02006022,672424,353500,325500,5.365267,1000000.0
E02006022,672425,354500,325500,5.357688,1000000.0
E02006022,672426,355500,325500,5.412796,1000000.0
E02006022,672427,356500,325500,5.400962,1000000.0
E02006022,672428,357500,325500,5.347345,1000000.0
E02006022,672429,358500,325500,5.35184,1000000.0
E02006022,672430,359500,325500,5.415289,905925.4001664066
E02006022,672431,360500,325500,5.553612,924327.8806669182
E02006022,672432,361500,325500,5.551604,741767.9095102292
E02006022,672433,362500,325500,5.564952,4819.152212814417
E02006022,673112,351500,324500,5.278541,373401.15797315724
E02006022,673113,352500,324500,5.304796,832281.6114238288
E02006022,673114,353500,324500,5.354196,1000000.0
E02006022,673115,354500,324500,5.364771,1000000.0
E02006022,673116,355500,324500,5.411291,1000000.0
E02006022,673117,356500,324500,5.406111,1000000.0
E02006022,673118,357500,324500,5.396709,1000000.0
E02006022,673119,358500,324500,5.382184,1000000.0
E02006022,673120,359500,324500,5.395422,1000000.0
E02006022,673121,360500,324500,5.547727,1000000.0
E02006022,673122,361500,324500,5.548355,1000000.0
E02006022,673123,362500,324500,5.566277,393177.8700233949
E02006022,673801,350500,323500,5.32821,244875.71313716914
E02006022,673802,351500,323500,5.265671,958652.0804289381
E02006022,673803,352500,323500,5.540947,1000000.0
E02006022,673804,353500,323500,5.440338,1000000.0
E02006022,673805,354500,323500,5.339039,1000000.0
E02006022,673806,355500,323500,5.44062,1000000.0
E02006022,673807,356500,323500,5.441118,1000000.0
E02006022,673808,357500,323500,5.392728,1000000.0
E02006022,673809,358500,323500,5.428688,1000000.0
E02006022,673810,359500,323500,5.403042,1000000.0
E02006022,673811,360500,323500,5.556872,911596.7866607568
E02006022,673812,361500,323500,5.535146,803827.0901395531
E02006022,673813,362500,323500,5.556393,944989.7595863319
E02006022,673814,363500,323500,5.577963,60525.456539689054
E02006022,674491,350500,322500,5.325017,283211.9769201615
E02006022,674492,351500,322500,5.347034,989768.7239667047
E02006022,674493,352500,322500,5.405892,1000000.0
E02006022,674494,353500,322500,5.387273,1000000.0
E02006022,674495,354500,322500,5.331137,1000000.0
E02006022,674496,355500,322500,5.41899,1000000.0
E02006022,674497,356500,322500,5.518569,1000000.0
E02006022,674498,357500,322500,5.486875,1000000.0
E02006022,674499,358500,322500,5.437687,1000000.0
E02006022,674500,359500,322500,5.417679,983303.1603480931
E02006022,674501,360500,322500,5.577655,199414.665649282
E02006022,674502,361500,322500,5.573073,70344.2089525607
E02006022,674503,362500,322500,5.571933,295953.169664314
E02006022,674504,363500,322500,5.595625,40888.75501420496
E02006022,675180,349500,321500,5.274997,54793.84630826645
E02006022,675181,350500,321500,5.336507,973256.9345158917
E02006022,675182,351500,321500,5.359748,1000000.0
E02006022,675183,352500,321500,5.41225,1000000.0
E02006022,675184,353500,321500,5.409794,1000000.0
E02006022,675185,354500,321500,5.340594,1000000.0
E02006022,675186,355500,321500,5.649965,1000000.0
E02006022,675187,356500,321500,5.626461,1000000.0
E02006022,675188,357500,321500,5.503675,1000000.0
E02006022,675189,358500,321500,5.441473,1000000.0
E02006022,675190,359500,321500,5.429015,1000000.0
E02006022,675191,360500,321500,5.579684,69242.60720709272
E02006022,675870,349500,320500,5.30631,116110.3807808792
E02006022,675871,350500,320500,5.355909,999262.8011930529
E02006022,675872,351500,320500,5.381801,1000000.0
E02006022,675873,352500,320500,5.458959,1000000.0
E02006022,675874,353500,320500,5.423037,1000000.0
E02006022,675875,354500,320500,5.395981,1000000.0
E02006022,675876,355500,320500,5.593653,1000000.0
E02006022,675877,356500,320500,5.507578,1000000.0
E02006022,675878,357500,320500,5.461247,1000000.0
E02006022,675879,358500,320500,5.44026,981611.5303430405
E02006022,675880,359500,320500,5.437966,816866.4547614701
E02006022,675881,360500,320500,5.597157,140381.48987059254
E02006022,676561,350500,319500,5.351165,713688.0617005478
E02006022,676562,351500,319500,5.325808,984761.032048936
E02006022,676563,352500,319500,5.465477,520258.35670516966
E02006022,676564,353500,319500,5.429111,226767.20384949518
E02006022,676565,354500,319500,5.42417,907078.5847999869
E02006022,676566,355500,319500,5.471793,1000000.0
E02006022,676567,356500,319500,5.453609,998684.961609808
E02006022,676568,357500,319500,5.452947,885025.9952962059
E02006022,676569,358500,319500,5.428705,67087.51615228398
E02006022,677251,350500,318500,5.399415,12140.326600770984
E02006022,677252,351500,318500,5.433458,144084.4081851166
E02006022,677255,354500,318500,5.436074,270388.2728790063
E02006022,677256,355500,318500,5.38081,552675.2070762928
E02006022,677257,356500,318500,5.4441,184733.40618330898
E02006022,677258,357500,318500,5.451057,400883.3763395567
E02006038,676562,351500,319500,5.325808,15238.967951064118
E02006038,676563,352500,319500,5.465477,479741.6432948302
E02006038,676564,353500,319500,5.429111,773232.796150505
E02006038,676565,354500,319500,5.42417,92921.41520001314
E02006038,677252,351500,318500,5.433458,262657.2495639117
E02006038,677253,352500,318500,5.481362,1000000.0
E02006038,677254,353500,318500,5.490415,1000000.0
E02006038,677255,354500,318500,5.436074,729611.7271209937
E02006038,677256,355500,318500,5.38081,167973.31241527706
E02006038,677942,351500,317500,5.567772,340267.3743041085
E02006038,677943,352500,317500,5.587738,1000000.0
E02006038,677944,353500,317500,5.512305,1000000.0
E02006038,677945,354500,317500,5.461633,1000000.0
E02006038,677946,355500,317500,5.449808,328368.38537724514
E02006038,678632,351500,316500,5.808111,1755.9367530995505
E02006038,678633,352500,316500,5.627744,711684.0784261026
E02006038,678634,353500,316500,5.451173,1000000.0
E02006038,678635,354500,316500,5.449976,1000000.0
E02006038,678636,355500,316500,5.439988,305311.3928029501
E02006038,679323,352500,315500,5.718389,465135.0511196308
E02006038,679324,353500,315500,5.404025,1000000.0
E02006038,679325,354500,315500,5.346822,1000000.0
E02006038,679326,355500,315500,5.468194,387439.9329690638
E02006038,680012,351500,314500,5.742942,1222.699605464935
E02006038,680013,352500,314500,5.67039,767673.6911256484
E02006038,680014,353500,314500,5.513603,1000000.0
E02006038,680015,354500,314500,5.318048,1000000.0
E02006038,680016,355500,314500,5.448518,993638.2940142842
E02006038,680017,356500,314500,5.429207,788891.9071730712
E02006038,680018,357500,314500,5.409023,348020.0568516983
E02006038,680702,351500,313500,5.801458,10000.749256348145
E02006038,680703,352500,313500,5.766279,591090.9714475442
E02006038,680704,353500,313500,5.532047,1000000.0
E02006038,680705,354500,313500,5.391357,1000000.0
E02006038,680706,355500,313500,5.454593,1000000.0
E02006038,680707,356500,313500,5.435856,1000000.0
E02006038,680708,357500,313500,5.346361,945702.0443683376
E02006038,680709,358500,313500,5.360573,789271.220933181
E02006038,680710,359500,313500,5.428617,484310.2359261622
E02006038,681392,351500,312500,5.785496,43705.6495555851
E02006038,681393,352500,312500,5.777813,910571.0161972011
E02006038,681394,353500,312500,5.631686,1000000.0
E02006038,681395,354500,312500,5.491401,1000000.0
E02006038,681396,355500,312500,5.480116,1000000.0
E02006038,681397,356500,312500,5.447361,1000000.0
E02006038,681398,357500,312500,5.439549,1000000.0
E02006038,681399,358500,312500,5.424474,944405.2612308199
E02006038,681400,359500,312500,5.421813,211600.4741867873
E02006038,682082,351500,311500,5.574626,30376.961021276227
E02006038,682083,352500,311500,5.691902,979646.7827908293
E02006038,682084,353500,311500,5.463908,1000000.0
E02006038,682085,354500,311500,5.464337,1000000.0
E02006038,682086,355500,311500,5.564947,954782.1989861517
E02006038,682087,356500,311500,5.568127,659063.0333301031
E02006038,682088,357500,311500,5.56474,202975.01349850706
E02006038,682089,358500,311500,5.533158,2032.789687427573
E02006038,682768,347500,310500,5.390046,26846.29044665282
E02006038,682769,348500,310500,5.519011,10081.152333350474
E02006038,682771,350500,310500,5.796703,100527.34569269312
E02006038,682772,351500,310500,5.679002,513626.3415449188
E02006038,682773,352500,310500,5.553868,943321.4785623718
E02006038,682774,353500,310500,5.351048,1000000.0
E02006038,682775,354500,310500,5.361217,1000000.0
E02006038,682776,355500,310500,5.2794,129550.50258483608
E02006038,683457,346500,309500,5.29866,42726.75996680133
E02006038,683458,347500,309500,5.419511,888834.9927209198
E02006038,683459,348500,309500,5.529108,932363.9111992505
E02006038,683460,349500,309500,5.439565,696142.1605600417
E02006038,683461,350500,309500,5.319643,902808.2411092101
E02006038,683462,351500,309500,5.340002,1000000.0
E02006038,683463,352500,309500,5.359299,1000000.0
E02006038,683464,353500,309500,5.325184,1000000.0
E02006038,683465,354500,309500,5.268501,1000000.0
E02006038,683466,355500,309500,5.27747,290787.782289814
E02006038,684147,346500,308500,5.196544,47761.14603652306
E02006038,684148,347500,308500,5.280177,978657.3567803084
E02006038,684149,348500,308500,5.359319,1000000.0
E02006038,684150,349500,308500,5.23874,1000000.0
E02006038,684151,350500,308500,5.282421,1000000.0
E02006038,684152,351500,308500,5.310517,1000000.0
E02006038,684153,352500,308500,5.304142,1000000.0
E02006038,684154,353500,308500,5.291172,1000000.0
E02006038,684155,354500,308500,5.278381,1000000.0
E02006038,684156,355500,308500,5.326937,948824.8552766322
E02006038,684157,356500,308500,5.254869,84489.60968771728
E02006038,684837,346500,307500,5.170369,250306.15037667655
E02006038,684838,347500,307500,5.203325,998217.9407256516
E02006038,684839,348500,307500,5.257965,809784.0270048827
E02006038,684840,349500,307500,5.254385,372365.68011297996
E02006038,684841,350500,307500,5.198713,371196.7350433247
E02006038,684842,351500,307500,5.251453,751168.9294104879
E02006038,684843,352500,307500,5.268307,1000000.0
E02006038,684844,353500,307500,5.30878,1000000.0
E02006038,684845,354500,307500,5.274209,1000000.0
E02006038,684846,355500,307500,5.308517,981990.4529164708
E02006038,684847,356500,307500,5.310294,149337.3893969432
E02006038,685527,346500,306500,5.110566,8664.275890678464
E02006038,685528,347500,306500,5.200028,227506.2098073128
E02006038,685529,348500,306500,5.199516,94881.22663884774
E02006038,685532,351500,306500,5.193252,411879.42869154876
E02006038,685533,352500,306500,5.134787,1000000.0
E02006038,685534,353500,306500,5.185383,1000000.0
E02006038,685535,354500,306500,5.242154,859453.9117370814
E02006038,685536,355500,306500,5.298658,143041.48456115875
E02006038,685537,356500,306500,5.295213,195948.32837705073
E02006038,686221,350500,305500,5.10598,20504.694798365872
E02006038,686222,351500,305500,5.126798,888444.1395825348
E02006038,686223,352500,305500,5.088269,882735.9004600749
E02006038,686224,353500,305500,5.141508,410772.5131089328
E02006038,686225,354500,305500,5.198855,515722.47639495286
E02006038,686911,350500,304500,5.123696,244446.5196672481
E02006038,686912,351500,304500,5.162686,576639.7337188564
E02006038,686913,352500,304500,5.067471,155308.61403635124
E02006038,687601,350500,303500,5.160137,61689.253127146454
E02006038,687602,351500,303500,5.160717,10118.732686848905
E02006040,682086,355500,311500,5.564947,45217.8010138483
E02006040,682087,356500,311500,5.568127,340936.96666989673
E02006040,682088,357500,311500,5.56474,783810.6243877287
E02006040,682089,358500,311500,5.533158,241898.86869088412
E02006040,682776,355500,310500,5.2794,870449.4974151639
E02006040,682777,356500,310500,5.397787,1000000.0
E02006040,682778,357500,310500,5.406954,1000000.0
E02006040,682779,358500,310500,5.436803,980362.2690083917
E02006040,682780,359500,310500,5.552623,384555.117388968
E02006040,682781,360500,310500,5.748193,3745.3147908617525
E02006040,683466,355500,309500,5.27747,709212.217710186
E02006040,683467,356500,309500,5.352478,1000000.0
E02006040,683468,357500,309500,5.357131,1000000.0
E02006040,683469,358500,309500,5.355177,1000000.0
E02006040,683470,359500,309500,5.375581,1000000.0
E02006040,683471,360500,309500,5.550917,689984.8628619652
E02006040,683472,361500,309500,5.567702,118560.78512927775
E02006040,684156,355500,308500,5.326937,51175.144723367695
E02006040,684157,356500,308500,5.254869,915510.3903122827
E02006040,684158,357500,308500,5.334119,1000000.0
E02006040,684159,358500,308500,5.334532,1000000.0
E02006040,684160,359500,308500,5.348147,1000000.0
E02006040,684161,360500,308500,5.516597,1000000.0
E02006040,684162,361500,308500,5.511058,944265.8059665555
E02006040,684163,362500,308500,5.437269,292283.8367556847
E02006040,684839,348500,307500,5.257965,190215.97299511722
E02006040,684840,349500,307500,5.254385,627634.31988702
E02006040,684841,350500,307500,5.198713,628803.2649566754
E02006040,684842,351500,307500,5.251453,248831.07058951206
E02006040,684846,355500,307500,5.308517,18009.547083529174
E02006040,684847,356500,307500,5.310294,850662.6106030567
E02006040,684848,357500,307500,5.314817,1000000.0
E02006040,684849,358500,307500,5.314438,1000000.0
E02006040,684850,359500,307500,5.33495,1000000.0
E02006040,684851,360500,307500,5.502968,1000000.0
E02006040,684852,361500,307500,5.435571,1000000.0
E02006040,684853,362500,307500,5.389071,713759.7414330461
E02006040,685527,346500,306500,5.110566,131469.7953918431
E02006040,685528,347500,306500,5.200028,719433.5881129436
E02006040,685529,348500,306500,5.199516,905118.7733611523
E02006040,685530,349500,306500,5.087449,1000000.0
E02006040,685531,350500,306500,5.220522,1000000.0
E02006040,685532,351500,306500,5.193252,588120.5713084512
E02006040,685535,354500,306500,5.242154,140546.08826291875
E02006040,685536,355500,306500,5.298658,856958.5154388413
E02006040,685537,356500,306500,5.295213,804051.6716229493
E02006040,685538,357500,306500,5.302244,1000000.0
E02006040,685539,358500,306500,5.314536,1000000.0
E02006040,685540,359500,306500,5.326913,1000000.0
E02006040,685541,360500,306500,5.494144,1000000.0
E02006040,685542,361500,306500,5.486509,1000000.0
E02006040,685543,362500,306500,5.413513,987829.2839906261
E02006040,685544,363500,306500,5.45999,246179.05916263707
E02006040,686216,345500,305500,5.024004,519.3857117842629
E02006040,686217,346500,305500,5.142044,699395.1765161154
E02006040,686218,347500,305500,5.131423,1000000.0
E02006040,686219,348500,305500,5.059537,1000000.0
E02006040,686220,349500,305500,5.090813,1000000.0
E02006040,686221,350500,305500,5.10598,979495.3052016342
E02006040,686222,351500,305500,5.126798,111555.8604174653
E02006040,686223,352500,305500,5.088269,117264.09953992501
E02006040,686224,353500,305500,5.141508,589227.4868910672
E02006040,686225,354500,305500,5.198855,484277.52360504726
E02006040,686226,355500,305500,5.252103,1000000.0
E02006040,686227,356500,305500,5.312177,1000000.0
E02006040,686228,357500,305500,5.295325,1000000.0
E02006040,686229,358500,305500,5.301297,1000000.0
E02006040,686230,359500,305500,5.319371,1000000.0
E02006040,686231,360500,305500,5.470801,1000000.0
E02006040,686232,361500,305500,5.396097,1000000.0
E02006040,686233,362500,305500,5.392086,1000000.0
E02006040,686234,363500,305500,5.358483,998630.6239553645
E02006040,686235,364500,305500,5.41213,615379.5887772684
E02006040,686236,365500,305500,5.669072,21195.537315563906
E02006040,686902,341500,304500,4.861966,2355.7703732245263
E02006040,686903,342500,304500,4.930244,434911.47752320475
E02006040,686904,343500,304500,4.890157,305378.99434347736
E02006040,686905,344500,304500,4.948957,387380.93541315245
E02006040,686906,345500,304500,4.984994,718883.3676741242
E02006040,686907,346500,304500,4.977267,999868.3505415658
E02006040,686908,347500,304500,4.99405,1000000.0
E02006040,686909,348500,304500,4.988375,1000000.0
E02006040,686910,349500,304500,5.06382,1000000.0
E02006040,686911,350500,304500,5.123696,755553.4803327519
E02006040,686912,351500,304500,5.162686,423360.2662811437
E02006040,686913,352500,304500,5.067471,844691.3859636488
E02006040,686914,353500,304500,5.142853,1000000.0
E02006040,686915,354500,304500,5.179563,1000000.0
E02006040,686916,355500,304500,5.251092,1000000.0
E02006040,686917,356500,304500,5.222939,1000000.0
E02006040,686918,357500,304500,5.282601,1000000.0
E02006040,686919,358500,304500,5.297267,1000000.0
E02006040,686920,359500,304500,5.324826,1000000.0
E02006040,686921,360500,304500,5.455719,1000000.0
E02006040,686922,361500,304500,5.422651,1000000.0
E02006040,686923,362500,304500,5.330578,1000000.0
E02006040,686924,363500,304500,5.434533,1000000.0
E02006040,686925,364500,304500,5.440331,1000000.0
E02006040,686926,365500,304500,5.580137,570536.4235425412
E02006040,687591,340500,303500,4.861257,506360.6373824524
E02006040,687592,341500,303500,4.84861,771939.8107989841
E02006040,687593,342500,303500,4.855213,1000000.0
E02006040,687594,343500,303500,4.832328,1000000.0
E02006040,687595,344500,303500,4.885581,1000000.0
E02006040,687596,345500,303500,4.930257,1000000.0
E02006040,687597,346500,303500,4.948169,1000000.0
E02006040,687598,347500,303500,4.985391,1000000.0
E02006040,687599,348500,303500,4.975846,1000000.0
E02006040,687600,349500,303500,5.105275,1000000.0
E02006040,687601,350500,303500,5.160137,938310.7468728536
E02006040,687602,351500,303500,5.160717,989881.267313151
E02006040,687603,352500,303500,5.071372,1000000.0
E02006040,687604,353500,303500,5.088173,1000000.0
E02006040,687605,354500,303500,5.171999,1000000.0
E02006040,687606,355500,303500,5.235723,1000000.0
E02006040,687607,356500,303500,5.244514,1000000.0
E02006040,687608,357500,303500,5.25455,1000000.0
E02006040,687609,358500,303500,5.25329,1000000.0
E02006040,687610,359500,303500,5.317632,1000000.0
E02006040,687611,360500,303500,5.37434,1000000.0
E02006040,687612,361500,303500,5.310002,1000000.0
E02006040,687613,362500,303500,5.351264,1000000.0
E02006040,687614,363500,303500,5.39641,983051.0435292199
E02006040,687615,364500,303500,5.410267,753558.8178461659
E02006040,687616,365500,303500,5.588676,698895.7376679272
E02006040,687617,366500,303500,5.64837,32573.156705005746
E02006040,688280,339500,302500,4.662082,32930.3647673052
E02006040,688281,340500,302500,4.7877,841348.1140314282
E02006040,688282,341500,302500,4.821543,1000000.0
E02006040,688283,342500,302500,4.866754,1000000.0
E02006040,688284,343500,302500,4.898619,1000000.0
E02006040,688285,344500,302500,4.911363,1000000.0
E02006040,688286,345500,302500,4.920146,1000000.0
E02006040,688287,346500,302500,4.918569,1000000.0
E02006040,688288,347500,302500,4.950588,1000000.0
E02006040,688289,348500,302500,4.981105,1000000.0
E02006040,688290,349500,302500,5.065949,1000000.0
E02006040,688291,350500,302500,5.138891,1000000.0
E02006040,688292,351500,302500,5.116738,1000000.0
E02006040,688293,352500,302500,5.111654,1000000.0
E02006040,688294,353500,302500,5.133718,1000000.0
E02006040,688295,354500,302500,5.126616,1000000.0
E02006040,688296,355500,302500,5.216406,1000000.0
E02006040,688297,356500,302500,5.234808,1000000.0
E02006040,688298,357500,302500,5.249415,1000000.0
E02006040,688299,358500,302500,5.201259,1000000.0
E02006040,688300,359500,302500,5.288932,1000000.0
E02006040,688301,360500,302500,5.398179,983872.2204193653
E02006040,688302,361500,302500,5.339941,888091.9242078704
E02006040,688303,362500,302500,5.407701,940138.4161234031
E02006040,688304,363500,302500,5.367139,209211.4095895902
E02006040,688970,339500,301500,4.644844,21789.826434048988
E02006040,688971,340500,301500,4.751405,533616.2977203168
E02006040,688972,341500,301500,4.762045,1000000.0
E02006040,688973,342500,301500,4.778451,1000000.0
E02006040,688974,343500,301500,4.810444,1000000.0
E02006040,688975,344500,301500,4.887968,1000000.0
E02006040,688976,345500,301500,4.910509,1000000.0
E02006040,688977,346500,301500,4.907532,1000000.0
E02006040,688978,347500,301500,4.911211,1000000.0
E02006040,688979,348500,301500,4.978933,1000000.0
E02006040,688980,349500,301500,5.006109,1000000.0
E02006040,688981,350500,301500,5.087648,1000000.0
E02006040,688982,351500,301500,5.064754,1000000.0
E02006040,688983,352500,301500,5.138828,1000000.0
E02006040,688984,353500,301500,5.05273,1000000.0
E02006040,688985,354500,301500,5.049809,1000000.0
E02006040,688986,355500,301500,5.117928,1000000.0
E02006040,688987,356500,301500,5.131753,1000000.0
E02006040,688988,357500,301500,5.208658,1000000.0
E02006040,688989,358500,301500,5.228422,1000000.0
E02006040,688990,359500,301500,5.264608,1000000.0
E02006040,688991,360500,301500,5.403911,411874.462338283
E02006040,688992,361500,301500,5.382655,4596.441631087941
E02006040,688993,362500,301500,5.44141,165446.09687781736
E02006040,689660,339500,300500,4.629838,134807.45449327826
E02006040,689661,340500,300500,4.738746,551043.842028959
E02006040,689662,341500,300500,4.742313,1000000.0
E02006040,689663,342500,300500,4.746011,1000000.0
E02006040,689664,343500,300500,4.782374,1000000.0
E02006040,689665,344500,300500,4.785199,1000000.0
E02006040,689666,345500,300500,4.847982,1000000.0
E02006040,689667,346500,300500,4.941697,1000000.0
E02006040,689668,347500,300500,4.905907,1000000.0
E02006040,689669,348500,300500,4.986869,1000000.0
E02006040,689670,349500,300500,5.006306,1000000.0
E02006040,689671,350500,300500,5.0489,1000000.0
E02006040,689672,351500,300500,5.06814,1000000.0
E02006040,689673,352500,300500,5.068729,1000000.0
E02006040,689674,353500,300500,5.007238,1000000.0
E02006040,689675,354500,300500,5.058837,1000000.0
E02006040,689676,355500,300500,5.08021,1000000.0
E02006040,689677,356500,300500,5.100034,1000000.0
E02006040,689678,357500,300500,5.147705,1000000.0
E02006040,689679,358500,300500,5.224892,1000000.0
E02006040,689680,359500,300500,5.25243,1000000.0
E02006040,689681,360500,300500,5.455519,871292.6187727127
E02006040,689682,361500,300500,5.4666,39972.28540737357
E02006040,690351,340500,299500,4.746593,433810.12042865134
E02006040,690352,341500,299500,4.744126,999738.301139606
E02006040,690353,342500,299500,4.751143,1000000.0
E02006040,690354,343500,299500,4.777061,1000000.0
E02006040,690355,344500,299500,4.785178,1000000.0
E02006040,690356,345500,299500,4.884384,1000000.0
E02006040,690357,346500,299500,4.872113,1000000.0
E02006040,690358,347500,299500,4.946871,1000000.0
E02006040,690359,348500,299500,5.029714,1000000.0
E02006040,690360,349500,299500,5.005744,1000000.0
E02006040,690361,350500,299500,5.029627,1000000.0
E02006040,690362,351500,299500,4.958317,1000000.0
E02006040,690363,352500,299500,5.015248,1000000.0
E02006040,690364,353500,299500,4.960163,1000000.0
E02006040,690365,354500,299500,5.028727,1000000.0
E02006040,690366,355500,299500,5.064812,1000000.0
E02006040,690367,356500,299500,5.116812,1000000.0
E02006040,690368,357500,299500,5.154737,1000000.0
E02006040,690369,358500,299500,5.211521,1000000.0
E02006040,690370,359500,299500,5.292398,992188.66276898
E02006040,690371,360500,299500,5.418912,265771.19814756257
E02006040,691042,341500,298500,4.734807,408895.575921286
E02006040,691043,342500,298500,4.738067,993226.5816576799
E02006040,691044,343500,298500,4.771804,1000000.0
E02006040,691045,344500,298500,4.777239,1000000.0
E02006040,691046,345500,298500,4.844856,1000000.0
E02006040,691047,346500,298500,4.856871,1000000.0
E02006040,691048,347500,298500,4.949928,1000000.0
E02006040,691049,348500,298500,5.01875,1000000.0
E02006040,691050,349500,298500,5.014964,1000000.0
E02006040,691051,350500,298500,4.945777,1000000.0
E02006040,691052,351500,298500,4.906481,1000000.0
E02006040,691053,352500,298500,4.931631,1000000.0
E02006040,691054,353500,298500,4.970849,1000000.0
E02006040,691055,354500,298500,4.982573,1000000.0
E02006040,691056,355500,298500,5.069071,1000000.0
E02006040,691057,356500,298500,5.098269,1000000.0
E02006040,691058,357500,298500,5.1632,1000000.0
E02006040,691059,358500,298500,5.193923,987619.1334661236
E02006040,691060,359500,298500,5.39131,354116.5122218099
E02006040,691733,342500,297500,4.732309,228831.52624521684
E02006040,691734,343500,297500,4.740183,1000000.0
E02006040,691735,344500,297500,4.748345,1000000.0
E02006040,691736,345500,297500,4.813287,1000000.0
E02006040,691737,346500,297500,4.857148,1000000.0
E02006040,691738,347500,297500,4.924342,1000000.0
E02006040,691739,348500,297500,5.043818,1000000.0
E02006040,691740,349500,297500,4.892299,1000000.0
E02006040,691741,350500,297500,4.931495,1000000.0
E02006040,691742,351500,297500,4.932873,1000000.0
E02006040,691743,352500,297500,4.985256,1000000.0
E02006040,691744,353500,297500,4.993917,1000000.0
E02006040,691745,354500,297500,4.991325,1000000.0
E02006040,691746,355500,297500,5.094147,1000000.0
E02006040,691747,356500,297500,5.130318,1000000.0
E02006040,691748,357500,297500,5.169067,919042.6278833604
E02006040,691749,358500,297500,5.173305,284246.0788524029
E02006040,692423,342500,296500,4.735576,55595.06499483656
E02006040,692424,343500,296500,4.732443,704074.6269746987
E02006040,692425,344500,296500,4.738723,958845.150990659
E02006040,692426,345500,296500,4.815875,832176.1349133532
E02006040,692427,346500,296500,4.854094,539136.0269638154
E02006040,692428,347500,296500,5.009692,561960.3138574344
E02006040,692429,348500,296500,4.877614,996985.298463908
E02006040,692430,349500,296500,4.852521,1000000.0
E02006040,692431,350500,296500,4.933414,1000000.0
E02006040,692432,351500,296500,4.993981,1000000.0
E02006040,692433,352500,296500,5.012513,1000000.0
E02006040,692434,353500,296500,4.933252,1000000.0
E02006040,692435,354500,296500,5.06395,1000000.0
E02006040,692436,355500,296500,5.125123,753090.7510899685
E02006040,692437,356500,296500,5.118177,491631.45877800527
E02006040,692438,357500,296500,5.125349,149488.47955746794
E02006040,693115,344500,295500,4.746212,1881.98243591887
E02006040,693118,347500,295500,4.853674,37046.07679899565
E02006040,693119,348500,295500,4.815284,970468.8208521408
E02006040,693120,349500,295500,4.918098,1000000.0
E02006040,693121,350500,295500,4.949459,1000000.0
E02006040,693122,351500,295500,5.023895,1000000.0
E02006040,693123,352500,295500,4.990465,934689.2269258759
E02006040,693124,353500,295500,4.963045,657668.5990803665
E02006040,693125,354500,295500,4.995461,263679.3089252424
E02006040,693126,355500,295500,5.08686,187371.31581228567
E02006040,693808,347500,294500,4.751744,104949.66558863013
E02006040,693809,348500,294500,4.728839,889893.2570644369
E02006040,693810,349500,294500,4.7528,1000000.0
E02006040,693811,350500,294500,4.881577,862783.3817166951
E02006040,693812,351500,294500,4.96685,929146.09851464
E02006040,693813,352500,294500,4.949788,330529.514405698
E02006040,694499,348500,293500,4.744317,218003.04483208508
E02006040,694500,349500,293500,4.767662,818794.6817460213
E02006040,694501,350500,293500,4.924808,4962.609677523662
E02006040,694502,351500,293500,5.026647,1562.4089432920882
E02006040,695190,349500,292500,4.797021,30690.245860041738
E02006043,695884,353500,291500,5.035096,6756.871968815832
E02006043,695886,355500,291500,5.085455,5055.350859291714
E02006043,696571,350500,290500,5.000844,79790.53848085743
E02006043,696572,351500,290500,4.894474,444624.5959016541
E02006043,696573,352500,290500,4.919846,493568.8030724333
E02006043,696574,353500,290500,5.02297,867146.193054037
E02006043,696575,354500,290500,4.998306,642595.1432423093
E02006043,696576,355500,290500,5.007001,716997.053875159
E02006043,696577,356500,290500,4.977338,622750.5937446358
E02006043,696578,357500,290500,4.951002,99554.98439045131
E02006043,697260,349500,289500,4.821056,111203.48586050702
E02006043,697261,350500,289500,4.842006,860727.5166884236
E02006043,697262,351500,289500,4.800825,996605.2061315848
E02006043,697263,352500,289500,4.850875,1000000.0
E02006043,697264,353500,289500,4.821749,1000000.0
E02006043,697265,354500,289500,4.820418,1000000.0
E02006043,697266,355500,289500,4.887969,1000000.0
E02006043,697267,356500,289500,4.904485,1000000.0
E02006043,697268,357500,289500,4.905538,981099.152318488
E02006043,697269,358500,289500,4.898121,156173.91005055537
E02006043,697949,348500,288500,4.737046,201946.06871166115
E02006043,697950,349500,288500,4.799351,861103.7564163702
E02006043,697951,350500,288500,4.862925,1000000.0
E02006043,697952,351500,288500,4.827251,1000000.0
E02006043,697953,352500,288500,4.778368,1000000.0
E02006043,697954,353500,288500,4.812415,1000000.0
E02006043,697955,354500,288500,4.902499,1000000.0
E02006043,697956,355500,288500,4.905639,1000000.0
E02006043,697957,356500,288500,4.885816,1000000.0
E02006043,697958,357500,288500,4.894396,998939.4737705067
E02006043,697959,358500,288500,4.857598,586673.0274512486
E02006043,698637,346500,287500,4.82472,18980.514405771803
E02006043,698638,347500,287500,4.815102,489024.4651426048
E02006043,698639,348500,287500,4.782402,908586.6316349355
E02006043,698640,349500,287500,4.751432,1000000.0
E02006043,698641,350500,287500,4.899623,1000000.0
E02006043,698642,351500,287500,4.86526,1000000.0
E02006043,698643,352500,287500,4.80756,1000000.0
E02006043,698644,353500,287500,4.815591,1000000.0
E02006043,698645,354500,287500,4.888018,1000000.0
E02006043,698646,355500,287500,4.914,1000000.0
E02006043,698647,356500,287500,4.899513,1000000.0
E02006043,698648,357500,287500,4.893115,1000000.0
E02006043,698649,358500,287500,4.813175,949972.7667358947
E02006043,698650,359500,287500,4.776953,62949.3854369595
E02006043,699326,345500,286500,4.742361,78344.33094123681
E02006043,699327,346500,286500,4.7751,760267.2504848723
E02006043,699328,347500,286500,4.754786,1000000.0
E02006043,699329,348500,286500,4.841693,1000000.0
E02006043,699330,349500,286500,4.790821,1000000.0
E02006043,699331,350500,286500,4.87127,1000000.0
E02006043,699332,351500,286500,4.814939,1000000.0
E02006043,699333,352500,286500,4.837475,1000000.0
E02006043,699334,353500,286500,4.820601,1000000.0
E02006043,699335,354500,286500,4.789087,1000000.0
E02006043,699336,355500,286500,4.877541,1000000.0
E02006043,699337,356500,286500,4.831369,1000000.0
E02006043,699338,357500,286500,4.822297,1000000.0
E02006043,699339,358500,286500,4.751925,1000000.0
E02006043,699340,359500,286500,4.756726,508208.9587388117
E02006043,700015,344500,285500,4.82136,53525.953971352115
E02006043,700016,345500,285500,4.725408,778087.8121655683
E02006043,700017,346500,285500,4.751451,1000000.0
E02006043,700018,347500,285500,4.726394,1000000.0
E02006043,700019,348500,285500,4.85974,1000000.0
E02006043,700020,349500,285500,4.759257,1000000.0
E02006043,700021,350500,285500,4.79967,1000000.0
E02006043,700022,351500,285500,4.838145,1000000.0
E02006043,700023,352500,285500,4.765178,1000000.0
E02006043,700024,353500,285500,4.835355,1000000.0
E02006043,700025,354500,285500,4.769529,1000000.0
E02006043,700026,355500,285500,4.830411,1000000.0
E02006043,700027,356500,285500,4.84431,1000000.0
E02006043,700028,357500,285500,4.796969,1000000.0
E02006043,700029,358500,285500,4.749073,1000000.0
E02006043,700030,359500,285500,4.740624,659238.9740883297
E02006043,700704,343500,284500,4.791311,98147.96042610654
E02006043,700705,344500,284500,4.747214,480575.69926099863
E02006043,700706,345500,284500,4.79293,1000000.0
E02006043,700707,346500,284500,4.857703,1000000.0
E02006043,700708,347500,284500,4.78267,1000000.0
E02006043,700709,348500,284500,4.749186,1000000.0
E02006043,700710,349500,284500,4.748046,1000000.0
E02006043,700711,350500,284500,4.768473,1000000.0
E02006043,700712,351500,284500,4.809365,1000000.0
E02006043,700713,352500,284500,4.843302,1000000.0
E02006043,700714,353500,284500,4.866292,1000000.0
E02006043,700715,354500,284500,4.724223,1000000.0
E02006043,700716,355500,284500,4.751234,1000000.0
E02006043,700717,356500,284500,4.756945,1000000.0
E02006043,700718,357500,284500,4.74573,1000000.0
E02006043,700719,358500,284500,4.738896,1000000.0
E02006043,700720,359500,284500,4.740017,617744.9968383702
E02006043,700721,360500,284500,4.895534,16730.901235512596
E02006043,701393,342500,283500,4.724043,198642.9261284935
E02006043,701394,343500,283500,4.817211,847287.95821507
E02006043,701395,344500,283500,4.826586,1000000.0
E02006043,701396,345500,283500,4.858922,1000000.0
E02006043,701397,346500,283500,4.808988,1000000.0
E02006043,701398,347500,283500,4.778112,1000000.0
E02006043,701399,348500,283500,4.789812,1000000.0
E02006043,701400,349500,283500,4.79171,1000000.0
E02006043,701401,350500,283500,4.845269,1000000.0
E02006043,701402,351500,283500,4.802437,1000000.0
E02006043,701403,352500,283500,4.821834,1000000.0
E02006043,701404,353500,283500,4.807855,1000000.0
E02006043,701405,354500,283500,4.744282,1000000.0
E02006043,701406,355500,283500,4.775127,1000000.0
E02006043,701407,356500,283500,4.769501,1000000.0
E02006043,701408,357500,283500,4.79576,1000000.0
E02006043,701409,358500,283500,4.759607,1000000.0
E02006043,701410,359500,283500,4.764538,1000000.0
E02006043,701411,360500,283500,4.908279,911439.1562522968
E02006043,701412,361500,283500,4.992285,842639.7071100274
E02006043,701413,362500,283500,5.017977,275989.94071971654
E02006043,702082,341500,282500,4.742661,68220.71385785392
E02006043,702083,342500,282500,4.774965,793438.4422530252
E02006043,702084,343500,282500,4.895387,1000000.0
E02006043,702085,344500,282500,4.817037,1000000.0
E02006043,702086,345500,282500,4.819051,1000000.0
E02006043,702087,346500,282500,4.829229,1000000.0
E02006043,702088,347500,282500,4.753375,1000000.0
E02006043,702089,348500,282500,4.731865,1000000.0
E02006043,702090,349500,282500,4.759003,1000000.0
E02006043,702091,350500,282500,4.815346,1000000.0
E02006043,702092,351500,282500,4.874431,1000000.0
E02006043,702093,352500,282500,4.815018,1000000.0
E02006043,702094,353500,282500,4.769186,1000000.0
E02006043,702095,354500,282500,4.751722,1000000.0
E02006043,702096,355500,282500,4.766857,1000000.0
E02006043,702097,356500,282500,4.787165,1000000.0
E02006043,702098,357500,282500,4.832789,1000000.0
E02006043,702099,358500,282500,4.781734,1000000.0
E02006043,702100,359500,282500,4.781837,1000000.0
E02006043,702101,360500,282500,4.921255,1000000.0
E02006043,702102,361500,282500,4.989687,1000000.0
E02006043,702103,362500,282500,5.056352,597001.591874496
E02006043,702771,340500,281500,4.750513,35710.87021841975
E02006043,702772,341500,281500,4.761132,635770.7693736961
E02006043,702773,342500,281500,4.706173,1000000.0
E02006043,702774,343500,281500,4.739703,1000000.0
E02006043,702775,344500,281500,4.728688,1000000.0
E02006043,702776,345500,281500,4.839783,1000000.0
E02006043,702777,346500,281500,4.741085,1000000.0
E02006043,702778,347500,281500,4.737187,1000000.0
E02006043,702779,348500,281500,4.789081,1000000.0
E02006043,702780,349500,281500,4.816943,1000000.0
E02006043,702781,350500,281500,4.772905,1000000.0
E02006043,702782,351500,281500,4.761307,1000000.0
E02006043,702783,352500,281500,4.7377,1000000.0
E02006043,702784,353500,281500,4.733458,1000000.0
E02006043,702785,354500,281500,4.725811,1000000.0
E02006043,702786,355500,281500,4.807609,1000000.0
E02006043,702787,356500,281500,4.790745,1000000.0
E02006043,702788,357500,281500,4.834901,1000000.0
E02006043,702789,358500,281500,4.810376,1000000.0
E02006043,702790,359500,281500,4.788986,1000000.0
E02006043,702791,360500,281500,4.958298,1000000.0
E02006043,702792,361500,281500,4.924851,823684.2902909035
E02006043,702793,362500,281500,4.996683,401708.45682026795
E02006043,703461,340500,280500,4.741733,169684.39561245946
E02006043,703462,341500,280500,4.708064,904369.9513408098
E02006043,703463,342500,280500,4.700703,1000000.0
E02006043,703464,343500,280500,4.664985,1000000.0
E02006043,703465,344500,280500,4.732258,1000000.0
E02006043,703466,345500,280500,4.765301,1000000.0
E02006043,703467,346500,280500,4.717317,1000000.0
E02006043,703468,347500,280500,4.722317,1000000.0
E02006043,703469,348500,280500,4.858171,1000000.0
E02006043,703470,349500,280500,4.82897,1000000.0
E02006043,703471,350500,280500,4.77453,1000000.0
E02006043,703472,351500,280500,4.819617,1000000.0
E02006043,703473,352500,280500,4.7463,1000000.0
E02006043,703474,353500,280500,4.784174,1000000.0
E02006043,703475,354500,280500,4.753976,1000000.0
E02006043,703476,355500,280500,4.835865,1000000.0
E02006043,703477,356500,280500,4.837559,1000000.0
E02006043,703478,357500,280500,4.875814,1000000.0
E02006043,703479,358500,280500,4.832644,1000000.0
E02006043,703480,359500,280500,4.84647,1000000.0
E02006043,703481,360500,280500,5.01436,1000000.0
E02006043,703482,361500,280500,4.980604,800118.0971841245
E02006043,703483,362500,280500,5.0218,390096.00258615875
E02006043,704152,341500,279500,4.764424,81786.2302149268
E02006043,704153,342500,279500,4.859459,1000000.0
E02006043,704154,343500,279500,4.778509,1000000.0
E02006043,704155,344500,279500,4.792663,1000000.0
E02006043,704156,345500,279500,4.852961,1000000.0
E02006043,704157,346500,279500,4.814257,1000000.0
E02006043,704158,347500,279500,4.857977,1000000.0
E02006043,704159,348500,279500,4.91024,1000000.0
E02006043,704160,349500,279500,4.888815,1000000.0
E02006043,704161,350500,279500,4.88343,1000000.0
E02006043,704162,351500,279500,4.84249,1000000.0
E02006043,704163,352500,279500,4.872963,1000000.0
E02006043,704164,353500,279500,4.839369,1000000.0
E02006043,704165,354500,279500,4.877828,1000000.0
E02006043,704166,355500,279500,4.911672,1000000.0
E02006043,704167,356500,279500,4.977264,1000000.0
E02006043,704168,357500,279500,4.924275,1000000.0
E02006043,704169,358500,279500,4.834228,1000000.0
E02006043,704170,359500,279500,4.842612,1000000.0
E02006043,704171,360500,279500,5.019541,1000000.0
E02006043,704172,361500,279500,5.031692,994349.9758574078
E02006043,704173,362500,279500,4.998607,603161.6621290704
E02006043,704842,341500,278500,4.751892,107415.34507471186
E02006043,704843,342500,278500,4.806449,999977.3362976267
E02006043,704844,343500,278500,4.838065,1000000.0
E02006043,704845,344500,278500,4.852843,1000000.0
E02006043,704846,345500,278500,4.905508,1000000.0
E02006043,704847,346500,278500,4.923649,1000000.0
E02006043,704848,347500,278500,4.918136,1000000.0
E02006043,704849,348500,278500,4.931547,1000000.0
E02006043,704850,349500,278500,4.933078,1000000.0
E02006043,704851,350500,278500,4.871233,1000000.0
E02006043,704852,351500,278500,4.837764,1000000.0
E02006043,704853,352500,278500,4.885762,1000000.0
E02006043,704854,353500,278500,4.86886,1000000.0
E02006043,704855,354500,278500,4.928689,1000000.0
E02006043,704856,355500,278500,4.972875,1000000.0
E02006043,704857,356500,278500,4.955029,1000000.0
E02006043,704858,357500,278500,4.925436,1000000.0
E02006043,704859,358500,278500,4.833399,1000000.0
E02006043,704860,359500,278500,4.828844,1000000.0
E02006043,704861,360500,278500,4.998669,947026.1044772929
E02006043,704862,361500,278500,5.012566,262669.2613967671
E02006043,705532,341500,277500,4.761632,20874.451013271784
E02006043,705533,342500,277500,4.782105,332345.66784794186
E02006043,705534,343500,277500,4.76244,599821.6840914012
E02006043,705535,344500,277500,4.784484,770391.1153186198
E02006043,705536,345500,277500,4.871916,994594.4696377437
E02006043,705537,346500,277500,4.906024,1000000.0
E02006043,705538,347500,277500,4.896335,1000000.0
E02006043,705539,348500,277500,4.890065,1000000.0
E02006043,705540,349500,277500,4.890851,1000000.0
E02006043,705541,350500,277500,4.988455,1000000.0
E02006043,705542,351500,277500,4.948317,1000000.0
E02006043,705543,352500,277500,4.940375,1000000.0
E02006043,705544,353500,277500,4.919748,1000000.0
E02006043,705545,354500,277500,4.953242,1000000.0
E02006043,705546,355500,277500,4.961204,1000000.0
E02006043,705547,356500,277500,4.912009,1000000.0
E02006043,705548,357500,277500,4.903754,1000000.0
E02006043,705549,358500,277500,4.856105,1000000.0
E02006043,705550,359500,277500,4.912412,811252.8591986137
E02006043,705551,360500,277500,5.042005,256091.05649186124
E02006043,706225,344500,276500,4.847758,1601.0133916163445
E02006043,706226,345500,276500,4.843119,887898.3819080193
E02006043,706227,346500,276500,4.861211,1000000.0
E02006043,706228,347500,276500,4.930826,1000000.0
E02006043,706229,348500,276500,4.942915,1000000.0
E02006043,706230,349500,276500,4.976791,1000000.0
E02006043,706231,350500,276500,4.984405,935789.1607571216
E02006043,706232,351500,276500,4.946316,923425.740415503
E02006043,706233,352500,276500,4.979534,610311.0060368418
E02006043,706234,353500,276500,5.001508,673446.6652929846
E02006043,706235,354500,276500,4.948202,988650.49846806
E02006043,706236,355500,276500,4.990315,1000000.0
E02006043,706237,356500,276500,4.937029,1000000.0
E02006043,706238,357500,276500,4.899907,1000000.0
E02006043,706239,358500,276500,4.898204,873328.0853758606
E02006043,706240,359500,276500,5.180292,136125.0397144356
E02006043,706916,345500,275500,4.895707,510543.3808000508
E02006043,706917,346500,275500,4.845357,953214.926195871
E02006043,706918,347500,275500,4.918042,1000000.0
E02006043,706919,348500,275500,4.91279,1000000.0
E02006043,706920,349500,275500,4.935555,990081.031143719
E02006043,706921,350500,275500,4.935436,152150.52407406268
E02006043,706922,351500,275500,5.281206,154.17056144038344
E02006043,706924,353500,275500,4.951508,151383.6349279119
E02006043,706925,354500,275500,4.99968,997120.7832824093
E02006043,706926,355500,275500,5.046627,1000000.0
E02006043,706927,356500,275500,4.916401,999681.9983181275
E02006043,706928,357500,275500,4.885787,649268.0723876801
E02006043,706929,358500,275500,4.917791,66380.97123130817
E02006043,707606,345500,274500,4.829379,2380.2860841737775
E02006043,707607,346500,274500,4.877017,923755.1282837243
E02006043,707608,347500,274500,4.830385,1000000.0
E02006043,707609,348500,274500,4.838206,1000000.0
E02006043,707610,349500,274500,4.89589,648632.3039566949
E02006043,707614,353500,274500,5.004435,471891.40995834605
E02006043,707615,354500,274500,4.999621,891491.1739167625
E02006043,707616,355500,274500,5.031728,667434.9485785097
E02006043,707617,356500,274500,4.897075,505584.1246491586
E02006043,707618,357500,274500,4.884152,27269.437333841342
E02006043,708296,345500,273500,4.728165,21397.115255476107
E02006043,708297,346500,273500,4.718086,391623.0893488503
E02006043,708298,347500,273500,4.719287,313398.3481201781
E02006043,708299,348500,273500,4.728868,163346.16553882454
E02006043,708300,349500,273500,4.767442,1638.9667583008104
E02006043,708304,353500,273500,4.896661,34549.79753983708
E02006043,708305,354500,273500,4.87261,7906.265967730106
E02006046,704172,361500,279500,5.031692,5650.024142592173
E02006046,704173,362500,279500,4.998607,38048.420151233804
E02006046,704174,363500,279500,4.996239,1948.0797589546573
E02006046,704175,364500,279500,5.019416,288066.7663820155
E02006046,704176,365500,279500,5.223534,363543.55583235744
E02006046,704177,366500,279500,5.29204,16339.68409572987
E02006046,704861,360500,278500,4.998669,52973.895522707135
E02006046,704862,361500,278500,5.012566,737330.7386032329
E02006046,704863,362500,278500,5.009813,793689.6491400918
E02006046,704864,363500,278500,5.002622,901942.96257613
E02006046,704865,364500,278500,5.024966,1000000.0
E02006046,704866,365500,278500,5.318299,943503.8246588672
E02006046,704867,366500,278500,5.334305,74527.3982746294
E02006046,705550,359500,277500,4.912412,188747.14080138635
E02006046,705551,360500,277500,5.042005,743908.9435081388
E02006046,705552,361500,277500,5.017906,1000000.0
E02006046,705553,362500,277500,5.013615,1000000.0
E02006046,705554,363500,277500,5.010008,1000000.0
E02006046,705555,364500,277500,5.074892,1000000.0
E02006046,705556,365500,277500,5.369224,504699.478061995
E02006046,705557,366500,277500,5.337757,1612.1045709717112
E02006046,706239,358500,276500,4.898204,126671.91462413935
E02006046,706240,359500,276500,5.180292,863874.9602855643
E02006046,706241,360500,276500,5.093003,1000000.0
E02006046,706242,361500,276500,5.088929,1000000.0
E02006046,706243,362500,276500,5.04918,1000000.0
E02006046,706244,363500,276500,5.037179,1000000.0
E02006046,706245,364500,276500,5.028886,1000000.0
E02006046,706246,365500,276500,5.30969,905452.1026766766
E02006046,706247,366500,276500,5.275223,669931.5096574151
E02006046,706248,367500,276500,5.342091,362559.68253829423
E02006046,706249,368500,276500,5.35611,636906.7382150928
E02006046,706250,369500,276500,5.254215,368923.6692845039
E02006046,706251,370500,276500,5.368829,658965.9239506023
E02006046,706252,371500,276500,5.387109,470081.8976093576
E02006046,706253,372500,276500,5.401362,29985.707195193434
E02006046,706927,356500,275500,4.916401,318.00168187255235
E02006046,706928,357500,275500,4.885787,350731.92761232
E02006046,706929,358500,275500,4.917791,933619.0287686918
E02006046,706930,359500,275500,5.014169,1000000.0
E02006046,706931,360500,275500,5.120828,1000000.0
E02006046,706932,361500,275500,5.067655,1000000.0
E02006046,706933,362500,275500,5.067538,1000000.0
E02006046,706934,363500,275500,5.070736,1000000.0
E02006046,706935,364500,275500,5.146367,1000000.0
E02006046,706936,365500,275500,5.326178,1000000.0
E02006046,706937,366500,275500,5.327587,1000000.0
E02006046,706938,367500,275500,5.345188,1000000.0
E02006046,706939,368500,275500,5.280803,1000000.0
E02006046,706940,369500,275500,5.238378,1000000.0
E02006046,706941,370500,275500,5.392832,1000000.0
E02006046,706942,371500,275500,5.443618,932029.4364746667
E02006046,706943,372500,275500,5.471414,54525.79304873063
E02006046,707615,354500,274500,4.999621,108508.8260832377
E02006046,707616,355500,274500,5.031728,332565.0514214902
E02006046,707617,356500,274500,4.897075,494415.8753508414
E02006046,707618,357500,274500,4.884152,972730.5626661585
E02006046,707619,358500,274500,4.872536,1000000.0
E02006046,707620,359500,274500,4.888664,1000000.0
E02006046,707621,360500,274500,5.041042,1000000.0
E02006046,707622,361500,274500,5.094327,1000000.0
E02006046,707623,362500,274500,5.034734,1000000.0
E02006046,707624,363500,274500,5.040893,1000000.0
E02006046,707625,364500,274500,5.083493,1000000.0
E02006046,707626,365500,274500,5.21702,1000000.0
E02006046,707627,366500,274500,5.282906,1000000.0
E02006046,707628,367500,274500,5.220463,903578.1396392753
E02006046,707629,368500,274500,5.230586,660000.5068438873
E02006046,707630,369500,274500,5.229378,528650.395119023
E02006046,707631,370500,274500,5.293705,615206.6525347987
E02006046,707632,371500,274500,5.293232,535607.3140067402
E02006046,707633,372500,274500,5.337357,49856.46159826686
E02006046,708300,349500,273500,4.767442,396.86971855625006
E02006046,708301,350500,273500,4.883891,198109.48101212253
E02006046,708302,351500,273500,5.037395,4799.256259183019
E02006046,708304,353500,273500,4.896661,372369.1375735033
E02006046,708305,354500,273500,4.87261,992093.7340322699
E02006046,708306,355500,273500,4.941444,1000000.0
E02006046,708307,356500,273500,4.912942,1000000.0
E02006046,708308,357500,273500,4.904942,1000000.0
E02006046,708309,358500,273500,4.873928,1000000.0
E02006046,708310,359500,273500,4.901132,1000000.0
E02006046,708311,360500,273500,5.058043,1000000.0
E02006046,708312,361500,273500,5.036458,1000000.0
E02006046,708313,362500,273500,5.011199,1000000.0
E02006046,708314,363500,273500,5.050376,1000000.0
E02006046,708315,364500,273500,5.040383,1000000.0
E02006046,708316,365500,273500,5.2201,1000000.0
E02006046,708317,366500,273500,5.232663,971343.3925598821
E02006046,708318,367500,273500,5.234879,279490.7609673296
E02006046,708990,349500,272500,4.809932,220831.9946112713
E02006046,708991,350500,272500,4.953501,1000000.0
E02006046,708992,351500,272500,5.034562,527515.4553141714
E02006046,708993,352500,272500,4.912094,551532.0148442083
E02006046,708994,353500,272500,4.933655,995535.4618970944
E02006046,708995,354500,272500,4.91819,1000000.0
E02006046,708996,355500,272500,4.920148,1000000.0
E02006046,708997,356500,272500,4.98824,1000000.0
E02006046,708998,357500,272500,4.96677,1000000.0
E02006046,708999,358500,272500,4.944235,1000000.0
E02006046,709000,359500,272500,4.936966,1000000.0
E02006046,709001,360500,272500,5.066956,1000000.0
E02006046,709002,361500,272500,5.05798,1000000.0
E02006046,709003,362500,272500,5.030596,1000000.0
E02006046,709004,363500,272500,5.076776,1000000.0
E02006046,709005,364500,272500,5.078616,1000000.0
E02006046,709006,365500,272500,5.227885,1000000.0
E02006046,709007,366500,272500,5.223855,998083.1285088926
E02006046,709008,367500,272500,5.194116,186620.0341589547
E02006046,709678,347500,271500,4.735126,17556.59435389322
E02006046,709679,348500,271500,4.756526,85978.89521884143
E02006046,709680,349500,271500,4.778991,545517.1524928535
E02006046,709681,350500,271500,4.916667,1000000.0
E02006046,709682,351500,271500,4.997396,978331.0313333751
E02006046,709683,352500,271500,5.004193,1000000.0
E02006046,709684,353500,271500,4.99375,1000000.0
E02006046,709685,354500,271500,4.945731,485979.552877027
E02006046,709686,355500,271500,4.935888,838208.4003148513
E02006046,709687,356500,271500,4.984369,1000000.0
E02006046,709688,357500,271500,5.011845,1000000.0
E02006046,709689,358500,271500,4.91517,1000000.0
E02006046,709690,359500,271500,5.005921,1000000.0
E02006046,709691,360500,271500,5.140406,1000000.0
E02006046,709692,361500,271500,5.14442,1000000.0
E02006046,709693,362500,271500,5.088183,839245.3656651651
E02006046,709694,363500,271500,5.054387,201982.77349226238
E02006046,709695,364500,271500,5.086784,441759.8649041267
E02006046,709696,365500,271500,5.225947,959972.7699774349
E02006046,709697,366500,271500,5.200143,1000000.0
E02006046,709698,367500,271500,5.232541,320088.2206031274
E02006046,710368,347500,270500,4.791041,11281.145265936639
E02006046,710369,348500,270500,4.855671,601670.736837774
E02006046,710370,349500,270500,4.882163,961228.0246177103
E02006046,710371,350500,270500,4.920662,1000000.0
E02006046,710372,351500,270500,4.936245,1000000.0
E02006046,710373,352500,270500,4.922571,1000000.0
E02006046,710374,353500,270500,4.870096,863672.2598923808
E02006046,710375,354500,270500,4.95743,10356.73669801224
E02006046,710376,355500,270500,4.972082,221950.64635432212
E02006046,710377,356500,270500,4.971538,616089.3430166688
E02006046,710378,357500,270500,4.994403,1000000.0
E02006046,710379,358500,270500,4.914581,1000000.0
E02006046,710380,359500,270500,5.01051,1000000.0
E02006046,710381,360500,270500,5.159176,1000000.0
E02006046,710382,361500,270500,5.088083,864923.5625001098
E02006046,710383,362500,270500,5.070148,45584.823730701195
E02006046,710386,365500,270500,5.268056,576098.3081394671
E02006046,710387,366500,270500,5.264776,712158.6918114263
E02006046,710388,367500,270500,5.224677,188887.9571028629
E02006046,711060,349500,269500,4.857612,282106.54703004076
E02006046,711061,350500,269500,4.958381,712862.1993694163
E02006046,711062,351500,269500,4.966561,1000000.0
E02006046,711063,352500,269500,4.94999,1000000.0
E02006046,711064,353500,269500,4.983218,350656.2203352519
E02006046,711067,356500,269500,5.021779,70942.87314026954
E02006046,711068,357500,269500,4.971828,751802.0536945318
E02006046,711069,358500,269500,4.968556,1000000.0
E02006046,711070,359500,269500,5.100156,1000000.0
E02006046,711071,360500,269500,5.191406,1000000.0
E02006046,711072,361500,269500,5.088997,714158.2932911578
E02006046,711751,350500,268500,4.898387,0.23231826709923006
E02006046,711752,351500,268500,4.896248,740305.3915417122
E02006046,711753,352500,268500,4.981908,762264.377990653
E02006046,711754,353500,268500,4.932582,361714.0462918708
E02006046,711758,357500,268500,5.060883,543060.5120285399
E02006046,711759,358500,268500,5.060476,997171.1378648251
E02006046,711760,359500,268500,5.135893,585505.685050482
E02006046,711761,360500,268500,5.24277,243582.16294354346
E02006046,711762,361500,268500,5.193295,297422.37243479706
E02006046,712448,357500,267500,4.980913,43323.894166981605
E02006046,712449,358500,267500,4.966693,134554.07612030653
E02006118,676613,402500,319500,6.298995,2425.759188557739
E02006118,676614,403500,319500,6.522145,308716.2020580606
E02006118,676615,404500,319500,6.640784,167722.97260070138
E02006118,677300,399500,318500,6.098029,84822.88247805765
E02006118,677301,400500,318500,6.303021,386891.4023067426
E02006118,677302,401500,318500,6.236941,298481.71602454846
E02006118,677303,402500,318500,6.34646,759517.1250004916
E02006118,677304,403500,318500,6.600026,424273.8449426166
E02006118,677305,404500,318500,7.678402,405341.94096380385
E02006118,677306,405500,318500,6.600814,28.12488674938551
E02006118,677989,398500,317500,6.129344,39171.2691101357
E02006118,677990,399500,317500,6.129759,966015.6191501978
E02006118,677991,400500,317500,6.231321,1000000.0
E02006118,677992,401500,317500,6.257659,1000000.0
E02006118,677993,402500,317500,6.325244,990131.4620556177
E02006118,677994,403500,317500,6.512375,376460.9590388471
E02006118,678679,398500,316500,6.188487,48702.72938154244
E02006118,678680,399500,316500,6.196846,966120.283965537
E02006118,678681,400500,316500,6.29627,1000000.0
E02006118,678682,401500,316500,6.313754,1000000.0
E02006118,678683,402500,316500,6.401201,983291.4164437145
E02006118,678684,403500,316500,6.524714,426730.1706495096
E02006118,679369,398500,315500,6.290162,175158.9314717612
E02006118,679370,399500,315500,6.288908,56837.258902294474
E02006118,679371,400500,315500,6.386649,502207.1620511667
E02006118,679372,401500,315500,6.394873,807309.2181196678
E02006118,679373,402500,315500,6.438779,970385.1391887637
E02006118,679374,403500,315500,6.411212,807108.2977188765
E02006118,680063,402500,314500,6.487161,361078.14225058554
E02006118,680064,403500,314500,6.449017,968709.724206209
E02006118,680065,404500,314500,6.435202,299352.99825560383
E02006118,680753,402500,313500,6.59178,139.71152303148673
E02006118,680754,403500,313500,6.541413,579117.1502993252
E02006118,680755,404500,313500,6.51422,186789.64299662857
E02006119,676614,403500,319500,6.522145,77334.40656025798
E02006119,676615,404500,319500,6.640784,1695.462213507587
E02006119,677304,403500,318500,6.600026,575726.1550573834
E02006119,677305,404500,318500,7.678402,538932.1937033219
E02006119,677306,405500,318500,6.600814,46904.734038671486
E02006119,677993,402500,317500,6.325244,9868.537944382195
E02006119,677994,403500,317500,6.512375,614673.8107654602
E02006119,677995,404500,317500,6.723133,560158.4588117559
E02006119,678683,402500,316500,6.401201,16708.583556285466
E02006119,678684,403500,316500,6.524714,95100.77143066765
E02006119,678685,404500,316500,6.545333,11354.483249164037
E02006120,677305,404500,318500,7.678402,8.75753712985912
E02006120,677306,405500,318500,6.600814,205756.246450794
E02006120,677307,406500,318500,6.455995,196.1537737342756
E02006120,677994,403500,317500,6.512375,8865.230195692582
E02006120,677995,404500,317500,6.723133,439841.5411882441
E02006120,677996,405500,317500,6.660092,916343.000750564
E02006120,677997,406500,317500,6.46452,24714.752957854616
E02006120,678684,403500,316500,6.524714,478169.05791982275
E02006120,678685,404500,316500,6.545333,988645.5167508359
E02006120,678686,405500,316500,6.69618,965887.442845458
E02006120,678687,406500,316500,6.62695,5578.559182628151
E02006120,679374,403500,315500,6.411212,192891.7022811235
E02006120,679375,404500,315500,6.425287,1000000.0
E02006120,679376,405500,315500,6.507899,419503.6542368365
E02006120,680064,403500,314500,6.449017,31290.275793791006
E02006120,680065,404500,314500,6.435202,404031.82468114863
E02006120,680066,405500,314500,6.465009,2394.7637943482478
E02006121,678680,399500,316500,6.196846,28384.19810574439
E02006121,679369,398500,315500,6.290162,326084.2473117554
E02006121,679370,399500,315500,6.288908,943162.7410977056
E02006121,679371,400500,315500,6.386649,497792.83794883336
E02006121,679372,401500,315500,6.394873,192690.78188033216
E02006121,679373,402500,315500,6.438779,29614.860811236245
E02006121,680059,398500,314500,6.482829,651609.9292781098
E02006121,680060,399500,314500,6.454618,1000000.0
E02006121,680061,400500,314500,6.535073,1000000.0
E02006121,680062,401500,314500,6.527101,1000000.0
E02006121,680063,402500,314500,6.487161,638921.8577494144
E02006121,680749,398500,313500,6.773604,685830.1710601483
E02006121,680750,399500,313500,6.745013,375910.3932311178
E02006121,680751,400500,313500,6.795811,788591.8450192667
E02006121,680752,401500,313500,6.648068,918972.8514306239
E02006121,680753,402500,313500,6.59178,713295.2859446838
E02006121,680754,403500,313500,6.541413,51328.68182970106
E02006121,681439,398500,312500,6.866037,47271.88236804979
E02006121,681440,399500,312500,6.902689,123.54763024285597
E02006121,681441,400500,312500,6.930253,6847.093352415424
E02006121,681442,401500,312500,6.79536,36612.29884294852
E02006121,681443,402500,312500,6.781419,975.8406584628023
E02006122,680749,398500,313500,6.773604,116562.46750572287
E02006122,680750,399500,313500,6.745013,624089.6067688818
E02006122,680751,400500,313500,6.795811,170117.76128358633
E02006122,680752,401500,313500,6.648068,32.3987265454183
E02006122,681439,398500,312500,6.866037,237294.88409908593
E02006122,681440,399500,312500,6.902689,710595.6032974528
E02006122,681441,400500,312500,6.930253,683916.7458757502
E02006122,681442,401500,312500,6.79536,137548.41933867757
E02006123,680753,402500,313500,6.59178,286565.00253228477
E02006123,680754,403500,313500,6.541413,369554.1678709737
E02006123,680755,404500,313500,6.51422,246346.60372806387
E02006123,681442,401500,312500,6.79536,275477.35660518846
E02006123,681443,402500,312500,6.781419,999024.1593415373
E02006123,681444,403500,312500,6.656418,1000000.0
E02006123,681445,404500,312500,6.658697,957585.6859758463
E02006123,681446,405500,312500,6.65764,374429.5715900865
E02006123,682132,401500,311500,7.020665,603816.3516365159
E02006123,682133,402500,311500,6.927362,1000000.0
E02006123,682134,403500,311500,6.851216,998448.8199417979
E02006123,682135,404500,311500,6.762861,718002.2117165806
E02006123,682822,401500,310500,7.086036,109077.70032768238
E02006123,682823,402500,310500,7.023321,987645.4561122999
E02006123,682824,403500,310500,6.986454,594103.9211864537
E02006123,682825,404500,310500,6.993491,41796.317316149616
E02006123,683512,401500,309500,7.11993,23293.47865966068
E02006123,683513,402500,309500,7.089676,230652.35230396502
E02006123,683514,403500,309500,7.521986,79481.7141416672
E02006124,681439,398500,312500,6.866037,592740.8537049098
E02006124,682128,397500,311500,6.813401,308824.74155838403
E02006124,682129,398500,311500,7.043651,573733.7876591663
E02006124,682818,397500,310500,7.029997,1276.334128437133
E02006125,681439,398500,312500,6.866037,92380.44263699137
E02006125,681440,399500,312500,6.902689,285968.8513143296
E02006125,681441,400500,312500,6.930253,1270.6005252239324
E02006125,682129,398500,311500,7.043651,312388.6136553375
E02006125,682130,399500,311500,7.108963,837863.4818586704
E02006125,682131,400500,311500,7.149179,131011.36453288721
E02006125,682819,398500,310500,7.309669,8186.646392411801
E02006125,682820,399500,310500,7.254115,12760.31179626115
E02006126,680751,400500,313500,6.795811,41290.393697146916
E02006126,680752,401500,313500,6.648068,80994.74984283069
E02006126,681440,399500,312500,6.902689,3311.9977579748097
E02006126,681441,400500,312500,6.930253,307965.56024661055
E02006126,681442,401500,312500,6.79536,550361.9252131854
E02006126,682130,399500,311500,7.108963,6027.355832166006
E02006126,682131,400500,311500,7.149179,734200.7625263823
E02006126,682132,401500,311500,7.020665,396183.64836348395
E02006126,682821,400500,310500,7.2427,274187.739638841
E02006126,682822,401500,310500,7.086036,890922.2996723177
E02006126,682823,402500,310500,7.023321,12354.543887700094
E02006126,683511,400500,309500,7.169028,58103.40202215764
E02006126,683512,401500,309500,7.11993,364193.21175831754
E02006127,682130,399500,311500,7.108963,95514.51454624545
E02006127,682131,400500,311500,7.149179,134787.87294073042
E02006127,682820,399500,310500,7.254115,625084.6301865955
E02006127,682821,400500,310500,7.2427,724433.0468230256
E02006127,683510,399500,309500,7.283366,122093.06536831027
E02006127,683511,400500,309500,7.169028,20607.008248447233
E02006128,682127,396500,311500,6.59403,200.96468137394857
E02006128,682128,397500,311500,6.813401,306527.68097781565
E02006128,682129,398500,311500,7.043651,113764.61115433385
E02006128,682130,399500,311500,7.108963,60594.647762918205
E02006128,682817,396500,310500,6.784173,314394.9001901754
E02006128,682818,397500,310500,7.029997,983651.6832705091
E02006128,682819,398500,310500,7.309669,853502.0227121812
E02006128,682820,399500,310500,7.254115,362155.05801714334
E02006128,683507,396500,309500,7.063925,83128.58037522082
E02006128,683508,397500,309500,7.433352,239200.7017552543
E02006128,683509,398500,309500,7.515557,27300.073301874476
E02006128,683510,399500,309500,7.283366,22009.432797777292
E02006129,682818,397500,310500,7.029997,15071.982601053835
E02006129,682819,398500,310500,7.309669,138311.33089540692
E02006129,683507,396500,309500,7.063925,240177.86811880232
E02006129,683508,397500,309500,7.433352,760799.2982447457
E02006129,683509,398500,309500,7.515557,911341.4049586386
E02006129,683510,399500,309500,7.283366,20614.76412061254
E02006129,684197,396500,308500,7.171295,61079.85991417119
E02006129,684198,397500,308500,9.601569,620238.968341324
E02006129,684199,398500,308500,7.879489,510914.46707796695
E02006130,682821,400500,310500,7.2427,1379.2135381334897
E02006130,683509,398500,309500,7.515557,61358.52173948703
E02006130,683510,399500,309500,7.283366,835282.7377132998
E02006130,683511,400500,309500,7.169028,921289.5897293951
E02006130,683512,401500,309500,7.11993,612513.3095820218
E02006130,683513,402500,309500,7.089676,705961.8044068898
E02006130,683514,403500,309500,7.521986,4378.020316917665
E02006130,684199,398500,308500,7.879489,239590.08030065073
E02006130,684200,399500,308500,7.403669,990896.2484156023
E02006130,684201,400500,308500,7.133853,1000000.0
E02006130,684202,401500,308500,7.508515,1000000.0
E02006130,684203,402500,308500,7.208605,735940.7294465157
E02006130,684890,399500,307500,7.433836,57942.45240475789
E02006130,684891,400500,307500,7.411295,978714.4056681461
E02006130,684892,401500,307500,7.467374,1000000.0
E02006130,684893,402500,307500,7.313206,878372.4922120587
E02006130,684894,403500,307500,7.163952,21496.89159649002
E02006130,685581,400500,306500,7.160652,684607.0769136901
E02006130,685582,401500,306500,7.126853,1000000.0
E02006130,685583,402500,306500,7.255223,933005.6852401086
E02006130,685584,403500,306500,7.440699,38787.73657690325
E02006130,686271,400500,305500,7.172119,369585.02936855546
E02006130,686272,401500,305500,7.19087,978923.4625791853
E02006130,686273,402500,305500,7.268679,768317.4336881526
E02006130,686962,401500,304500,7.314026,243894.39515238485
E02006130,686963,402500,304500,7.473263,88863.51283522183
E02006131,655924,413500,349500,5.855312,12216.465303294563
E02006131,655925,414500,349500,5.863688,600339.0101094346
E02006131,655926,415500,349500,5.874296,543613.2640357463
E02006131,655927,416500,349500,5.878371,30554.849476878004
E02006131,656610,409500,348500,5.952136,261234.93667020905
E02006131,656611,410500,348500,5.926513,224382.49662757406
E02006131,656612,411500,348500,5.921379,269178.4071692332
E02006131,656613,412500,348500,5.92823,11145.764912433599
E02006131,656614,413500,348500,5.8934,47755.629221802985
E02006131,656615,414500,348500,5.889404,962515.8693811585
E02006131,656616,415500,348500,5.893708,1000000.0
E02006131,656617,416500,348500,5.928958,276039.4339477523
E02006131,657299,408500,347500,6.24369,103667.9189781087
E02006131,657300,409500,347500,5.955334,915979.2951427776
E02006131,657301,410500,347500,5.924552,1000000.0
E02006131,657302,411500,347500,5.913499,1000000.0
E02006131,657303,412500,347500,5.972817,920671.0917069281
E02006131,657304,413500,347500,5.902664,120237.54420771371
E02006131,657305,414500,347500,5.946239,796893.0604931768
E02006131,657306,415500,347500,5.904078,988324.955258395
E02006131,657307,416500,347500,5.985775,105916.45220957603
E02006131,657988,407500,346500,5.926203,188583.25237048828
E02006131,657989,408500,346500,6.147885,995758.8631991679
E02006131,657990,409500,346500,5.921832,1000000.0
E02006131,657991,410500,346500,5.904092,1000000.0
E02006131,657992,411500,346500,5.898241,1000000.0
E02006131,657993,412500,346500,5.901351,1000000.0
E02006131,657994,413500,346500,5.897604,758670.2400813154
E02006131,657995,414500,346500,5.946527,1000000.0
E02006131,657996,415500,346500,5.988601,993211.8130095787
E02006131,657997,416500,346500,5.996675,164367.7876513455
E02006131,658678,407500,345500,5.924213,7917.005723117427
E02006131,658679,408500,345500,5.92828,798442.4892159621
E02006131,658680,409500,345500,5.905199,1000000.0
E02006131,658681,410500,345500,5.915009,1000000.0
E02006131,658682,411500,345500,5.920911,1000000.0
E02006131,658683,412500,345500,5.885569,1000000.0
E02006131,658684,413500,345500,5.885559,1000000.0
E02006131,658685,414500,345500,5.912389,1000000.0
E02006131,658686,415500,345500,6.031698,851321.6523429126
E02006131,659369,408500,344500,5.95877,801368.4026659828
E02006131,659370,409500,344500,5.906821,1000000.0
E02006131,659371,410500,344500,6.000208,1000000.0
E02006131,659372,411500,344500,6.045097,1000000.0
E02006131,659373,412500,344500,5.986956,1000000.0
E02006131,659374,413500,344500,5.968275,1000000.0
E02006131,659375,414500,344500,5.995517,890422.4733960124
E02006131,659376,415500,344500,6.011397,496447.4249514863
E02006131,659377,416500,344500,6.080211,2485.40036424876
E02006131,660059,408500,343500,5.915568,155880.16345069482
E02006131,660060,409500,343500,5.892973,999907.9447051114
E02006131,660061,410500,343500,6.112521,1000000.0
E02006131,660062,411500,343500,6.065919,1000000.0
E02006131,660063,412500,343500,6.052147,1000000.0
E02006131,660064,413500,343500,5.998042,814311.4113018055
E02006131,660065,414500,343500,6.002742,151108.84368974023
E02006131,660750,409500,342500,5.913009,707244.725237649
E02006131,660751,410500,342500,6.083604,1000000.0
E02006131,660752,411500,342500,6.089355,901592.6448727465
E02006131,660753,412500,342500,6.036152,539842.647069586
E02006131,660754,413500,342500,6.047679,138933.4197141781
E02006131,661437,406500,341500,5.935515,158090.2185084809
E02006131,661438,407500,341500,5.983112,480680.1680727884
E02006131,661439,408500,341500,5.934079,654241.507493113
E02006131,661440,409500,341500,5.952832,958412.8397760844
E02006131,661441,410500,341500,6.133544,1000000.0
E02006131,661442,411500,341500,6.073167,567303.4215169064
E02006131,662125,404500,340500,5.996274,6347.254984968348
E02006131,662126,405500,340500,5.953973,739163.7519095602
E02006131,662127,406500,340500,5.999873,843598.5895585452
E02006131,662128,407500,340500,6.011492,1000000.0
E02006131,662129,408500,340500,5.909919,1000000.0
E02006131,662130,409500,340500,5.977333,1000000.0
E02006131,662131,410500,340500,6.172268,1000000.0
E02006131,662132,411500,340500,6.085763,657130.5893645745
E02006131,662816,405500,339500,6.025321,243329.96720020403
E02006131,662817,406500,339500,5.986852,980847.9444258558
E02006131,662818,407500,339500,5.970641,1000000.0
E02006131,662819,408500,339500,5.921837,1000000.0
E02006131,662820,409500,339500,6.021294,1000000.0
E02006131,662821,410500,339500,6.248345,1000000.0
E02006131,662822,411500,339500,6.126621,417657.3804655186
E02006131,663502,401500,338500,6.178934,7596.656130217904
E02006131,663503,402500,338500,6.132626,29535.81440304764
E02006131,663505,404500,338500,6.037931,17477.22784046572
E02006131,663506,405500,338500,6.00272,189631.45073108186
E02006131,663507,406500,338500,6.012372,647011.2773898683
E02006131,663508,407500,338500,5.964261,1000000.0
E02006131,663509,408500,338500,5.963157,1000000.0
E02006131,663510,409500,338500,6.015656,1000000.0
E02006131,663511,410500,338500,6.071423,956271.3760520795
E02006131,663512,411500,338500,6.034466,271820.08443486405
E02006131,664190,399500,337500,5.998675,181.0832984122067
E02006131,664191,400500,337500,6.190393,336827.38934228866
E02006131,664192,401500,337500,6.362883,623848.615410942
E02006131,664193,402500,337500,6.328595,816907.1110841169
E02006131,664194,403500,337500,6.156599,366654.85983566794
E02006131,664195,404500,337500,6.062973,410216.53145625733
E02006131,664196,405500,337500,6.019198,1000000.0
E02006131,664197,406500,337500,5.98157,1000000.0
E02006131,664198,407500,337500,5.976355,1000000.0
E02006131,664199,408500,337500,5.962913,1000000.0
E02006131,664200,409500,337500,6.033527,988663.4588872198
E02006131,664201,410500,337500,6.115489,288295.49503484124
E02006131,664878,397500,336500,6.019321,18179.98466658313
E02006131,664879,398500,336500,5.982818,316018.62430107145
E02006131,664880,399500,336500,5.99288,611214.6844383524
E02006131,664881,400500,336500,6.079875,999016.3460346401
E02006131,664882,401500,336500,6.06863,1000000.0
E02006131,664883,402500,336500,6.065451,1000000.0
E02006131,664884,403500,336500,6.270998,1000000.0
E02006131,664885,404500,336500,6.333237,1000000.0
E02006131,664886,405500,336500,6.079982,1000000.0
E02006131,664887,406500,336500,6.089898,1000000.0
E02006131,664888,407500,336500,6.057635,1000000.0
E02006131,664889,408500,336500,6.043183,1000000.0
E02006131,664890,409500,336500,6.137031,861000.5284539532
E02006131,664891,410500,336500,6.140318,28.887716263343947
E02006131,665568,397500,335500,5.982321,265932.5950619294
E02006131,665569,398500,335500,5.959682,996264.2123503904
E02006131,665570,399500,335500,5.94718,1000000.0
E02006131,665571,400500,335500,6.06952,1000000.0
E02006131,665572,401500,335500,6.04655,1000000.0
E02006131,665573,402500,335500,6.040475,1000000.0
E02006131,665574,403500,335500,6.054044,1000000.0
E02006131,665575,404500,335500,6.06781,1000000.0
E02006131,665576,405500,335500,6.274452,1000000.0
E02006131,665577,406500,335500,6.335942,990102.4093124706
E02006131,665578,407500,335500,6.188268,814555.5661362314
E02006131,665579,408500,335500,6.173441,994348.3593568746
E02006131,665580,409500,335500,6.11534,613901.9679829285
E02006131,665581,410500,335500,6.150156,125234.28958712994
E02006131,666259,398500,334500,6.040128,262754.56019893097
E02006131,666260,399500,334500,5.995699,947050.5605572076
E02006131,666261,400500,334500,6.055322,1000000.0
E02006131,666262,401500,334500,6.037212,1000000.0
E02006131,666263,402500,334500,6.006782,1000000.0
E02006131,666264,403500,334500,5.996305,1000000.0
E02006131,666265,404500,334500,6.015938,1000000.0
E02006131,666266,405500,334500,6.022517,1000000.0
E02006131,666267,406500,334500,6.116257,990984.2092204982
E02006131,666268,407500,334500,6.459168,167268.5895660988
E02006131,666269,408500,334500,6.629654,145251.01744872206
E02006131,666949,398500,333500,6.005576,4619.78385336445
E02006131,666950,399500,333500,5.988809,452763.6832554745
E02006131,666951,400500,333500,6.055619,995523.6989183779
E02006131,666952,401500,333500,6.075051,992555.5693443291
E02006131,666953,402500,333500,6.02277,1000000.0
E02006131,666954,403500,333500,6.092633,1000000.0
E02006131,666955,404500,333500,6.060767,1000000.0
E02006131,666956,405500,333500,6.07228,1000000.0
E02006131,666957,406500,333500,6.139033,664462.8674901992
E02006131,666958,407500,333500,6.204558,23197.488890199133
E02006131,667641,400500,332500,6.055176,104370.85449505466
E02006131,667642,401500,332500,6.172116,292358.1562759154
E02006131,667643,402500,332500,6.096835,991813.8499060263
E02006131,667644,403500,332500,6.10608,993554.2409927252
E02006131,667645,404500,332500,6.104351,1000000.0
E02006131,667646,405500,332500,6.079831,1000000.0
E02006131,667647,406500,332500,6.07176,544216.2880197554
E02006131,667648,407500,332500,6.098873,6.355942272337858
E02006131,667651,410500,332500,6.007344,8412.353401466551
E02006131,667652,411500,332500,6.014311,145052.88270584407
E02006131,667653,412500,332500,6.124468,7478.956660974027
E02006131,668333,402500,331500,6.041173,86073.67711059036
E02006131,668334,403500,331500,5.998686,129298.07813595356
E02006131,668335,404500,331500,6.039749,752193.611795831
E02006131,668336,405500,331500,6.057593,916000.916492934
E02006131,668337,406500,331500,6.008538,1000000.0
E02006131,668338,407500,331500,5.992503,908274.0818691901
E02006131,668339,408500,331500,5.987739,755995.5628075937
E02006131,668340,409500,331500,6.002669,821039.1913034014
E02006131,668341,410500,331500,5.961401,754726.668867581
E02006131,668342,411500,331500,6.076493,293180.690079259
E02006131,668343,412500,331500,6.039001,9309.119722749216
E02006131,669026,405500,330500,6.079427,207897.6578355552
E02006131,669027,406500,330500,6.009272,557339.6393593455
E02006131,669028,407500,330500,5.971612,988415.8881068778
E02006131,669029,408500,330500,5.969073,895788.7677371319
E02006131,669030,409500,330500,5.941083,281791.4657324247
E02006131,669031,410500,330500,5.950759,67048.2819367714
E02006131,669718,407500,329500,6.006038,540748.5417239759
E02006131,669719,408500,329500,6.010669,835525.4030239211
E02006131,669720,409500,329500,5.94523,2122.7837663812684
E02006132,665577,406500,335500,6.335942,9897.590687529477
E02006132,665578,407500,335500,6.188268,185444.43386376847
E02006132,665579,408500,335500,6.173441,5651.640643125359
E02006132,665580,409500,335500,6.11534,359575.35278535023
E02006132,665581,410500,335500,6.150156,204261.97289972744
E02006132,666267,406500,334500,6.116257,9015.790779501833
E02006132,666268,407500,334500,6.459168,832731.4104339012
E02006132,666269,408500,334500,6.629654,694535.4093087597
E02006132,666270,409500,334500,6.489028,393260.7681485197
E02006132,666271,410500,334500,6.346719,302212.0650383392
E02006132,666957,406500,333500,6.139033,335537.1325098008
E02006132,666958,407500,333500,6.204558,836142.2589575733
E02006132,666959,408500,333500,6.29856,235813.40219273325
E02006132,667647,406500,332500,6.07176,62567.07566812537
E02006132,667648,407500,332500,6.098873,8574.126416293611
E02006133,666269,408500,334500,6.629654,160213.57324251847
E02006133,666270,409500,334500,6.489028,606739.2318514802
E02006133,666271,410500,334500,6.346719,359503.39008872106
E02006133,666272,411500,334500,6.391311,17433.529884578656
E02006133,666958,407500,333500,6.204558,140660.25215222765
E02006133,666959,408500,333500,6.29856,764186.5978072667
E02006133,666960,409500,333500,6.338534,1000000.0
E02006133,666961,410500,333500,6.084936,1000000.0
E02006133,666962,411500,333500,6.054031,332092.7827757806
E02006133,667647,406500,332500,6.07176,393216.6363121194
E02006133,667648,407500,332500,6.098873,991419.517641434
E02006133,667649,408500,332500,6.15914,1000000.0
E02006133,667650,409500,332500,6.159754,1000000.0
E02006133,667651,410500,332500,6.007344,991587.6465985335
E02006133,667652,411500,332500,6.014311,239211.26970085542
E02006133,668338,407500,331500,5.992503,91725.9181308099
E02006133,668339,408500,331500,5.987739,244004.4371924062
E02006133,668340,409500,331500,6.002669,178960.8086965987
E02006133,668341,410500,331500,5.961401,144402.96452721354
E02006134,669730,419500,329500,6.187335,588502.4732802637
E02006134,669731,420500,329500,6.281919,580448.5182150669
E02006134,669732,421500,329500,7.411482,467293.572491821
E02006134,669733,422500,329500,6.451987,178863.56365740392
E02006134,670419,418500,328500,6.204796,185283.22203658102
E02006134,670420,419500,328500,6.228404,952590.7535805517
E02006134,670421,420500,328500,6.398946,1000000.0
E02006134,670422,421500,328500,6.473801,1000000.0
E02006134,670423,422500,328500,6.384886,992799.3239919082
E02006134,670424,423500,328500,6.401552,845845.6017514744
E02006134,670425,424500,328500,6.410611,589627.4078053328
E02006134,670426,425500,328500,6.471476,156706.51148381853
E02006134,671109,418500,327500,6.13139,58262.44202836588
E02006134,671110,419500,327500,6.219631,837129.6607881584
E02006134,671111,420500,327500,6.33147,1000000.0
E02006134,671112,421500,327500,6.371596,1000000.0
E02006134,671113,422500,327500,6.38941,1000000.0
E02006134,671114,423500,327500,6.520026,1000000.0
E02006134,671115,424500,327500,6.537586,962593.6097317573
E02006134,671116,425500,327500,6.561703,487512.8282202319
E02006134,671798,417500,326500,6.098298,10574.928618745584
E02006134,671799,418500,326500,6.125812,261912.25129692262
E02006134,671800,419500,326500,6.206601,986589.409994694
E02006134,671801,420500,326500,6.214133,1000000.0
E02006134,671802,421500,326500,6.317203,1000000.0
E02006134,671803,422500,326500,6.365334,1000000.0
E02006134,671804,423500,326500,6.495386,943778.6245182453
E02006134,671805,424500,326500,6.71851,312313.21832484344
E02006134,672488,417500,325500,6.1113,835082.7618606603
E02006134,672489,418500,325500,6.129241,999043.3956658246
E02006134,672490,419500,325500,6.193047,1000000.0
E02006134,672491,420500,325500,6.217701,1000000.0
E02006134,672492,421500,325500,6.347923,1000000.0
E02006134,672493,422500,325500,6.463286,1000000.0
E02006134,672494,423500,325500,6.681701,645323.1375290853
E02006134,672495,424500,325500,7.061587,17434.492804921687
E02006134,673178,417500,324500,6.131055,459696.49281416315
E02006134,673179,418500,324500,6.155447,894646.7578978342
E02006134,673180,419500,324500,6.131344,1000000.0
E02006134,673181,420500,324500,6.238543,1000000.0
E02006134,673182,421500,324500,6.323301,620125.6412402061
E02006134,673183,422500,324500,6.550588,670396.9250668818
E02006134,673184,423500,324500,6.94957,52263.04249226515
E02006134,673869,418500,323500,6.13392,2043.0804138576993
E02006134,673870,419500,323500,6.201928,96262.0313407504
E02006134,673871,420500,323500,6.269575,100612.53599612978
E02006134,673872,421500,323500,6.387796,17243.726320650574
E02006135,671115,424500,327500,6.537586,37406.390268242554
E02006135,671116,425500,327500,6.561703,364615.6251318239
E02006135,671117,426500,327500,6.73435,333344.5015312931
E02006135,671804,423500,326500,6.495386,56221.37548175452
E02006135,671805,424500,326500,6.71851,687686.7816751566
E02006135,671806,425500,326500,7.079803,960703.8518250155
E02006135,671807,426500,326500,7.111672,749511.7932970161
E02006135,671808,427500,326500,6.637117,3525.933729869837
E02006135,672494,423500,325500,6.681701,69.94812701187342
E02006135,672495,424500,325500,7.061587,329947.4575558433
E02006135,672496,425500,325500,7.093301,147840.81810545968
E02006135,672497,426500,325500,6.725122,73916.64737241624
E02006136,667643,402500,332500,6.096835,1385.61830420335
E02006136,667644,403500,332500,6.10608,6445.759007274815
E02006136,667654,413500,332500,6.073988,16513.216362403447
E02006136,668333,402500,331500,6.041173,764463.533416219
E02006136,668334,403500,331500,5.998686,870701.9218640465
E02006136,668335,404500,331500,6.039749,247806.38820416902
E02006136,668336,405500,331500,6.057593,83999.08350706594
E02006136,668341,410500,331500,5.961401,100870.36660520542
E02006136,668342,411500,331500,6.076493,680369.161095021
E02006136,668343,412500,331500,6.039001,639318.8094098415
E02006136,668344,413500,331500,6.101069,851672.288275009
E02006136,668345,414500,331500,6.103108,635880.5361106965
E02006136,668346,415500,331500,6.094446,375119.47585765005
E02006136,668347,416500,331500,6.264559,63438.091483268145
E02006136,669023,402500,330500,6.081389,401006.93125857686
E02006136,669024,403500,330500,6.045275,770741.4563689285
E02006136,669025,404500,330500,6.026664,885361.5730123093
E02006136,669026,405500,330500,6.079427,792102.3421644449
E02006136,669027,406500,330500,6.009272,442660.3606406545
E02006136,669028,407500,330500,5.971612,11584.111893122186
E02006136,669029,408500,330500,5.969073,104211.23226286792
E02006136,669030,409500,330500,5.941083,718208.5342675752
E02006136,669031,410500,330500,5.950759,932951.7180632286
E02006136,669032,411500,330500,5.989213,1000000.0
E02006136,669033,412500,330500,6.029239,1000000.0
E02006136,669034,413500,330500,6.068071,1000000.0
E02006136,669035,414500,330500,6.049676,1000000.0
E02006136,669036,415500,330500,6.014072,1000000.0
E02006136,669037,416500,330500,6.077366,800697.2413660774
E02006136,669038,417500,330500,6.126659,52275.95473109286
E02006136,669715,404500,329500,6.056117,594253.9957083059
E02006136,669716,405500,329500,6.0526,1000000.0
E02006136,669717,406500,329500,6.084008,1000000.0
E02006136,669718,407500,329500,6.006038,459251.45827602415
E02006136,669719,408500,329500,6.010669,164474.59697607878
E02006136,669720,409500,329500,5.94523,997877.2162336188
E02006136,669721,410500,329500,5.943278,1000000.0
E02006136,669722,411500,329500,5.928035,1000000.0
E02006136,669723,412500,329500,5.949148,1000000.0
E02006136,669724,413500,329500,5.99071,1000000.0
E02006136,669725,414500,329500,6.035941,1000000.0
E02006136,669726,415500,329500,6.04454,1000000.0
E02006136,669727,416500,329500,6.062213,997757.0982741547
E02006136,669728,417500,329500,6.077842,844779.9939067129
E02006136,669729,418500,329500,6.132267,422882.47435377317
E02006136,669730,419500,329500,6.187335,203357.0847960045
E02006136,670405,404500,328500,5.980741,612664.1357942043
E02006136,670406,405500,328500,6.008715,1000000.0
E02006136,670407,406500,328500,6.03892,1000000.0
E02006136,670408,407500,328500,5.956727,1000000.0
E02006136,670409,408500,328500,5.988601,1000000.0
E02006136,670410,409500,328500,5.964392,1000000.0
E02006136,670411,410500,328500,5.955161,1000000.0
E02006136,670412,411500,328500,5.937989,1000000.0
E02006136,670413,412500,328500,5.933836,1000000.0
E02006136,670414,413500,328500,5.970315,1000000.0
E02006136,670415,414500,328500,5.959181,1000000.0
E02006136,670416,415500,328500,6.037295,1000000.0
E02006136,670417,416500,328500,6.032215,1000000.0
E02006136,670418,417500,328500,6.095949,1000000.0
E02006136,670419,418500,328500,6.204796,814716.7779634189
E02006136,670420,419500,328500,6.228404,47409.24641944833
E02006136,671094,403500,327500,6.020079,336420.64889680676
E02006136,671095,404500,327500,6.013336,937238.7358349485
E02006136,671096,405500,327500,6.069503,1000000.0
E02006136,671097,406500,327500,6.097123,1000000.0
E02006136,671098,407500,327500,5.949892,1000000.0
E02006136,671099,408500,327500,6.05283,1000000.0
E02006136,671100,409500,327500,6.073796,1000000.0
E02006136,671101,410500,327500,6.048672,1000000.0
E02006136,671102,411500,327500,5.996385,1000000.0
E02006136,671103,412500,327500,6.006307,1000000.0
E02006136,671104,413500,327500,5.974269,1000000.0
E02006136,671105,414500,327500,5.973978,1000000.0
E02006136,671106,415500,327500,5.994867,1000000.0
E02006136,671107,416500,327500,5.99288,1000000.0
E02006136,671108,417500,327500,6.061419,1000000.0
E02006136,671109,418500,327500,6.13139,941737.5579716341
E02006136,671110,419500,327500,6.219631,162870.33921184155
E02006136,671784,403500,326500,6.075838,653935.1829533062
E02006136,671785,404500,326500,6.062252,1000000.0
E02006136,671786,405500,326500,6.047118,1000000.0
E02006136,671787,406500,326500,6.124063,1000000.0
E02006136,671788,407500,326500,5.998002,1000000.0
E02006136,671789,408500,326500,6.105618,1000000.0
E02006136,671790,409500,326500,6.066133,1000000.0
E02006136,671791,410500,326500,5.996774,1000000.0
E02006136,671792,411500,326500,5.99757,1000000.0
E02006136,671793,412500,326500,6.013792,1000000.0
E02006136,671794,413500,326500,5.988309,1000000.0
E02006136,671795,414500,326500,6.002236,1000000.0
E02006136,671796,415500,326500,6.009608,1000000.0
E02006136,671797,416500,326500,6.025144,1000000.0
E02006136,671798,417500,326500,6.098298,989425.0713812545
E02006136,671799,418500,326500,6.125812,738087.7487030773
E02006136,671800,419500,326500,6.206601,13410.590005305869
E02006136,672473,402500,325500,6.026927,355388.9404577116
E02006136,672474,403500,325500,6.030787,991363.2678539943
E02006136,672475,404500,325500,6.015855,1000000.0
E02006136,672476,405500,325500,6.040108,1000000.0
E02006136,672477,406500,325500,6.039287,1000000.0
E02006136,672478,407500,325500,6.079569,1000000.0
E02006136,672479,408500,325500,6.04059,1000000.0
E02006136,672480,409500,325500,6.024426,1000000.0
E02006136,672481,410500,325500,6.004478,1000000.0
E02006136,672482,411500,325500,6.039185,1000000.0
E02006136,672483,412500,325500,6.067492,1000000.0
E02006136,672484,413500,325500,6.038359,1000000.0
E02006136,672485,414500,325500,6.10758,1000000.0
E02006136,672486,415500,325500,6.109941,1000000.0
E02006136,672487,416500,325500,6.098059,1000000.0
E02006136,672488,417500,325500,6.1113,164917.2381393396
E02006136,672489,418500,325500,6.129241,956.6043341753782
E02006136,673163,402500,324500,6.090243,321271.53311726503
E02006136,673164,403500,324500,6.166896,1000000.0
E02006136,673165,404500,324500,6.084805,1000000.0
E02006136,673166,405500,324500,6.021741,1000000.0
E02006136,673167,406500,324500,6.032875,1000000.0
E02006136,673168,407500,324500,6.092512,1000000.0
E02006136,673169,408500,324500,6.104301,1000000.0
E02006136,673170,409500,324500,6.046514,1000000.0
E02006136,673171,410500,324500,6.030375,1000000.0
E02006136,673172,411500,324500,6.012046,1000000.0
E02006136,673173,412500,324500,6.028589,1000000.0
E02006136,673174,413500,324500,6.077784,1000000.0
E02006136,673175,414500,324500,6.083462,946347.0494349193
E02006136,673176,415500,324500,6.067311,403415.59563167254
E02006136,673177,416500,324500,6.083298,554626.0482260259
E02006136,673178,417500,324500,6.131055,224186.60475869157
E02006136,673853,402500,323500,6.199393,498.25683071138997
E02006136,673854,403500,323500,6.106586,501362.00928481686
E02006136,673855,404500,323500,6.104345,851981.7047252998
E02006136,673856,405500,323500,6.114821,1000000.0
E02006136,673857,406500,323500,6.075216,1000000.0
E02006136,673858,407500,323500,6.098752,1000000.0
E02006136,673859,408500,323500,6.142342,1000000.0
E02006136,673860,409500,323500,6.112833,1000000.0
E02006136,673861,410500,323500,6.095141,1000000.0
E02006136,673862,411500,323500,6.12474,1000000.0
E02006136,673863,412500,323500,6.096752,1000000.0
E02006136,673864,413500,323500,6.064862,1000000.0
E02006136,673865,414500,323500,6.056996,932994.8610670121
E02006136,673866,415500,323500,6.103384,100506.33788787217
E02006136,674545,404500,322500,6.193435,28703.926698760853
E02006136,674546,405500,322500,6.242112,424259.61887908494
E02006136,674547,406500,322500,6.228565,781489.1989839493
E02006136,674548,407500,322500,6.171627,698520.7462624669
E02006136,674549,408500,322500,6.153076,968706.7635379514
E02006136,674550,409500,322500,6.11935,1000000.0
E02006136,674551,410500,322500,6.137186,983994.4876815631
E02006136,674552,411500,322500,6.196569,997715.9526387464
E02006136,674553,412500,322500,6.201439,1000000.0
E02006136,674554,413500,322500,6.068748,1000000.0
E02006136,674555,414500,322500,6.081388,1000000.0
E02006136,674556,415500,322500,6.07109,753003.1876344916
E02006136,674557,416500,322500,6.121496,96548.97554814274
E02006136,675237,406500,321500,6.261309,2253.406978963633
E02006136,675239,408500,321500,6.166558,128554.49204627237
E02006136,675240,409500,321500,6.188374,830664.0426042388
E02006136,675241,410500,321500,6.217677,564107.9190714447
E02006136,675242,411500,321500,6.162979,107171.97630962258
E02006136,675243,412500,321500,6.12943,503904.2081403546
E02006136,675244,413500,321500,6.144455,1000000.0
E02006136,675245,414500,321500,6.140987,999844.2514891545
E02006136,675246,415500,321500,6.09484,816323.1473982615
E02006136,675247,416500,321500,6.126295,578147.7536578509
E02006136,675930,409500,320500,6.230047,149850.85355571206
E02006136,675931,410500,320500,6.271369,96504.31509955353
E02006136,675933,412500,320500,6.177528,198162.6698083907
E02006136,675934,413500,320500,6.127015,1000000.0
E02006136,675935,414500,320500,6.155805,999244.3590952911
E02006136,675936,415500,320500,6.171262,126850.819026304
E02006136,675937,416500,320500,6.140299,625409.6703348681
E02006136,675938,417500,320500,6.179041,851.6272121587724
E02006136,676622,411500,319500,6.275509,115551.461991335
E02006136,676623,412500,319500,6.222012,942642.0665443869
E02006136,676624,413500,319500,6.165539,1000000.0
E02006136,676625,414500,319500,6.245371,1000000.0
E02006136,676626,415500,319500,6.165844,715425.9791252107
E02006136,676627,416500,319500,6.191511,279.9474432879798
E02006136,677313,412500,318500,6.220235,839497.281226784
E02006136,677314,413500,318500,6.24139,1000000.0
E02006136,677315,414500,318500,6.213495,1000000.0
E02006136,677316,415500,318500,6.167059,762131.1476633858
E02006136,678003,412500,317500,6.294315,253034.88467205554
E02006136,678004,413500,317500,6.255619,501465.45665372134
E02006136,678005,414500,317500,6.207694,876566.088548437
E02006136,678006,415500,317500,6.235243,620576.4367849785
E02006136,678695,414500,316500,6.33341,244634.9503320322
E02006136,678696,415500,316500,6.38223,82363.83833205933
E02006137,672494,423500,325500,6.681701,354606.91434390284
E02006137,672495,424500,325500,7.061587,520422.3086802865
E02006137,673183,422500,324500,6.550588,5321.17438312158
E02006137,673184,423500,324500,6.94957,735618.1154331305
E02006137,673185,424500,324500,7.222045,185677.9613441897
E02006138,671806,425500,326500,7.079803,39296.14817498447
E02006138,672495,424500,325500,7.061587,132195.7409589486
E02006138,672496,425500,325500,7.093301,718006.5193361866
E02006138,672497,426500,325500,6.725122,1772.2900023755217
E02006138,673184,423500,324500,6.94957,19974.520606037935
E02006138,673185,424500,324500,7.222045,759221.0006386216
E02006138,673186,425500,324500,6.920323,195877.1460059119
E02006138,673875,424500,323500,6.999712,56292.761289743125
E02006139,673183,422500,324500,6.550588,28860.356168638136
E02006139,673184,423500,324500,6.94957,192144.3214685665
E02006139,673185,424500,324500,7.222045,26513.07083000087
E02006139,673873,422500,323500,6.718043,556892.7224626134
E02006139,673874,423500,323500,6.916942,1000000.0
E02006139,673875,424500,323500,6.999712,360672.14708314737
E02006139,674563,422500,322500,6.903702,310389.8913825453
E02006139,674564,423500,322500,6.74948,553210.8720859932
E02006139,674565,424500,322500,6.893407,1149.9760816293397
E02006140,673187,426500,324500,6.73032,140721.03644473475
E02006140,673876,425500,323500,6.805871,223962.43426424096
E02006140,673877,426500,323500,6.711349,971698.4779081345
E02006140,673878,427500,323500,6.646767,509340.81775745476
E02006140,674566,425500,322500,6.762337,25999.094433023874
E02006140,674567,426500,322500,6.684649,263486.3989565914
E02006140,674568,427500,322500,6.691559,224814.01995114933
E02006141,671807,426500,326500,7.111672,218146.3341359654
E02006141,671808,427500,326500,6.637117,410168.25317739765
E02006141,671809,428500,326500,6.6285,920.8776686370664
E02006141,672496,425500,325500,7.093301,134152.6625583537
E02006141,672497,426500,325500,6.725122,776399.2914049941
E02006141,672498,427500,325500,6.62262,236002.02835948596
E02006141,673185,424500,324500,7.222045,28587.96718718771
E02006141,673186,425500,324500,6.920323,804122.853994088
E02006141,673187,426500,324500,6.73032,407435.61524447124
E02006141,673875,424500,323500,6.999712,583035.0916271094
E02006141,673876,425500,323500,6.805871,773902.222727355
E02006141,673877,426500,323500,6.711349,27632.342602799094
E02006141,674564,423500,322500,6.74948,315293.92435151077
E02006141,674565,424500,322500,6.893407,998850.0239183707
E02006141,674566,425500,322500,6.762337,434331.9532392839
E02006141,675254,423500,321500,6.775037,63761.756675124096
E02006141,675255,424500,321500,6.647536,649420.6441293034
E02006141,675256,425500,321500,6.685771,76180.52151438256
E02006142,673876,425500,323500,6.805871,2135.3430084039737
E02006142,674566,425500,322500,6.762337,455492.090529942
E02006142,674567,426500,322500,6.684649,716695.8610679095
E02006142,674568,427500,322500,6.691559,277142.5840322009
E02006142,675256,425500,321500,6.685771,105065.8907129622
E02006142,675257,426500,321500,6.665698,445012.77663073305
E02006142,675258,427500,321500,6.577693,189.3164218999254
E02006143,673182,421500,324500,6.323301,379874.3587597939
E02006143,673183,422500,324500,6.550588,295421.54438135837
E02006143,673871,420500,323500,6.269575,642819.2087867664
E02006143,673872,421500,323500,6.387796,982756.2736793495
E02006143,673873,422500,323500,6.718043,443107.27753738663
E02006143,674561,420500,322500,6.240433,471270.8198701565
E02006143,674562,421500,322500,6.42507,1000000.0
E02006143,674563,422500,322500,6.903702,689610.1086174548
E02006143,674564,423500,322500,6.74948,131495.20356249597
E02006143,675251,420500,321500,6.33521,3620.342209671405
E02006143,675252,421500,321500,6.701405,606413.7956457301
E02006143,675253,422500,321500,7.013412,1000000.0
E02006143,675254,423500,321500,6.775037,936238.243324876
E02006143,675255,424500,321500,6.647536,164862.01498921716
E02006143,675942,421500,320500,6.762351,628108.1674774473
E02006143,675943,422500,320500,6.550385,468775.4288587487
E02006143,675944,423500,320500,6.458417,576892.5207105982
E02006143,675945,424500,320500,6.525239,98465.14621174363
E02006143,676632,421500,319500,6.710338,54043.46768341411
E02006143,676633,422500,319500,6.468602,115653.65119175473
E02006144,674566,425500,322500,6.762337,84176.86179775037
E02006144,675255,424500,321500,6.647536,179321.6618400182
E02006144,675256,425500,321500,6.685771,818753.5877726552
E02006144,675257,426500,321500,6.665698,105297.5321366202
E02006144,675945,424500,320500,6.525239,89807.39292162667
E02006144,675946,425500,320500,6.571361,394518.54653296334
E02006144,675947,426500,320500,6.529793,159091.05566360988
E02006145,673175,414500,324500,6.083462,53652.95056508077
E02006145,673176,415500,324500,6.067311,596584.4043683275
E02006145,673177,416500,324500,6.083298,445373.9517739741
E02006145,673178,417500,324500,6.131055,316116.9024271453
E02006145,673179,418500,324500,6.155447,105353.24210216582
E02006145,673865,414500,323500,6.056996,67005.13893298797
E02006145,673866,415500,323500,6.103384,899493.6621121278
E02006145,673867,416500,323500,6.064758,1000000.0
E02006145,673868,417500,323500,6.102935,1000000.0
E02006145,673869,418500,323500,6.13392,997956.9195861423
E02006145,673870,419500,323500,6.201928,903737.9686592496
E02006145,673871,420500,323500,6.269575,256568.25521710387
E02006145,674556,415500,322500,6.07109,246996.8123655084
E02006145,674557,416500,322500,6.121496,903451.0244518573
E02006145,674558,417500,322500,6.121587,1000000.0
E02006145,674559,418500,322500,6.107872,1000000.0
E02006145,674560,419500,322500,6.140153,1000000.0
E02006145,674561,420500,322500,6.240433,528729.1801298434
E02006145,675245,414500,321500,6.140987,155.74851084540728
E02006145,675246,415500,321500,6.09484,183676.85260173865
E02006145,675247,416500,321500,6.126295,421852.246342149
E02006145,675248,417500,321500,6.127365,1000000.0
E02006145,675249,418500,321500,6.138752,1000000.0
E02006145,675250,419500,321500,6.225725,1000000.0
E02006145,675251,420500,321500,6.33521,996379.6577903286
E02006145,675252,421500,321500,6.701405,393586.20435426995
E02006145,675935,414500,320500,6.155805,755.6409047089287
E02006145,675936,415500,320500,6.171262,873149.1809736959
E02006145,675937,416500,320500,6.140299,374590.32966513187
E02006145,675938,417500,320500,6.179041,999148.3727878411
E02006145,675939,418500,320500,6.176994,1000000.0
E02006145,675940,419500,320500,6.275936,1000000.0
E02006145,675941,420500,320500,6.435071,1000000.0
E02006145,675942,421500,320500,6.762351,371891.8325225527
E02006145,676626,415500,319500,6.165844,284574.0208747893
E02006145,676627,416500,319500,6.191511,999720.0525567121
E02006145,676628,417500,319500,6.202006,1000000.0
E02006145,676629,418500,319500,6.306316,1000000.0
E02006145,676630,419500,319500,6.346844,1000000.0
E02006145,676631,420500,319500,6.638292,1000000.0
E02006145,676632,421500,319500,6.710338,762549.7285286984
E02006145,676633,422500,319500,6.468602,68871.34815136663
E02006145,677316,415500,318500,6.167059,237868.8523366141
E02006145,677317,416500,318500,6.212252,1000000.0
E02006145,677318,417500,318500,6.316775,1000000.0
E02006145,677319,418500,318500,6.476728,1000000.0
E02006145,677320,419500,318500,6.484042,1000000.0
E02006145,677321,420500,318500,6.890908,1000000.0
E02006145,677322,421500,318500,6.477402,396546.27084607206
E02006145,678006,415500,317500,6.235243,365037.6237549279
E02006145,678007,416500,317500,6.309243,1000000.0
E02006145,678008,417500,317500,6.401719,1000000.0
E02006145,678009,418500,317500,6.468971,1000000.0
E02006145,678010,419500,317500,6.815319,1000000.0
E02006145,678011,420500,317500,6.484713,776900.5189933175
E02006145,678012,421500,317500,6.466252,48899.72464657516
E02006145,678696,415500,316500,6.38223,12288.705579128457
E02006145,678697,416500,316500,6.359305,679190.0986407698
E02006145,678698,417500,316500,6.442759,1000000.0
E02006145,678699,418500,316500,6.71293,1000000.0
E02006145,678700,419500,316500,6.597541,1000000.0
E02006145,678701,420500,316500,6.390089,651963.473454002
E02006145,679387,416500,315500,6.49473,55934.3273850714
E02006145,679388,417500,315500,6.76245,263456.05909836304
E02006145,679389,418500,315500,6.611728,345509.52983264887
E02006145,679390,419500,315500,6.536011,979330.4652072411
E02006145,679391,420500,315500,6.39796,411721.6168164074
E02006145,680080,419500,314500,6.387446,158168.37619523512
E02006145,680081,420500,314500,6.362563,4249.233788086227
E02006146,673854,403500,323500,6.106586,208621.34224960778
E02006146,673855,404500,323500,6.104345,148018.2952747002
E02006146,674543,402500,322500,6.237508,3525.0614022404943
E02006146,674544,403500,322500,6.13304,769186.8472348448
E02006146,674545,404500,322500,6.193435,971296.0733012392
E02006146,674546,405500,322500,6.242112,575740.3811209151
E02006146,674547,406500,322500,6.228565,218510.8010160506
E02006146,674548,407500,322500,6.171627,301479.2537375331
E02006146,674549,408500,322500,6.153076,31293.236462048626
E02006146,675234,403500,321500,6.231348,443035.55011076754
E02006146,675235,404500,321500,6.227583,1000000.0
E02006146,675236,405500,321500,6.282668,1000000.0
E02006146,675237,406500,321500,6.261309,997746.5930210364
E02006146,675238,407500,321500,6.251779,1000000.0
E02006146,675239,408500,321500,6.166558,871445.5079537276
E02006146,675240,409500,321500,6.188374,169335.95739576116
E02006146,675924,403500,320500,6.40211,455005.15554963675
E02006146,675925,404500,320500,6.400452,1000000.0
E02006146,675926,405500,320500,6.3874,1000000.0
E02006146,675927,406500,320500,6.283787,1000000.0
E02006146,675928,407500,320500,6.328074,1000000.0
E02006146,675929,408500,320500,6.265667,1000000.0
E02006146,675930,409500,320500,6.230047,451930.578565142
E02006146,676614,403500,319500,6.522145,96889.82862877699
E02006146,676615,404500,319500,6.640784,830581.565185791
E02006146,676616,405500,319500,6.541581,1000000.0
E02006146,676617,406500,319500,6.374835,1000000.0
E02006146,676618,407500,319500,6.364408,1000000.0
E02006146,676619,408500,319500,6.355307,1000000.0
E02006146,676620,409500,319500,6.284319,403685.1200226183
E02006146,677305,404500,318500,7.678402,55717.10779574438
E02006146,677306,405500,318500,6.600814,747310.8946237852
E02006146,677307,406500,318500,6.455995,999803.8462262657
E02006146,677308,407500,318500,6.445848,1000000.0
E02006146,677309,408500,318500,6.364653,1000000.0
E02006146,677310,409500,318500,6.361813,942710.2837186694
E02006146,677311,410500,318500,6.282459,20018.422606970056
E02006146,677996,405500,317500,6.660092,83656.99924943593
E02006146,677997,406500,317500,6.46452,975285.2470421453
E02006146,677998,407500,317500,6.399673,1000000.0
E02006146,677999,408500,317500,6.471597,1000000.0
E02006146,678000,409500,317500,6.38259,1000000.0
E02006146,678001,410500,317500,6.345333,356874.5405720556
E02006146,678686,405500,316500,6.69618,34112.557154541966
E02006146,678687,406500,316500,6.62695,994421.4408173718
E02006146,678688,407500,316500,6.582005,1000000.0
E02006146,678689,408500,316500,6.572459,1000000.0
E02006146,678690,409500,316500,6.591397,903389.2685306277
E02006146,678691,410500,316500,6.515825,136944.21170307088
E02006146,679376,405500,315500,6.507899,36536.53822930448
E02006146,679377,406500,315500,6.522793,748641.5913439186
E02006146,679378,407500,315500,6.458732,667364.4698245327
E02006146,679379,408500,315500,6.459859,876607.6511644304
E02006146,679380,409500,315500,6.594451,650964.3285047277
E02006146,680069,408500,314500,6.54972,14397.36300532421
E02006146,680070,409500,314500,6.467899,124141.37213203464
E02006147,674551,410500,322500,6.137186,16005.51231843692
E02006147,674552,411500,322500,6.196569,2284.0473612536166
E02006147,675241,410500,321500,6.217677,435892.08092855534
E02006147,675242,411500,321500,6.162979,892828.0236903774
E02006147,675243,412500,321500,6.12943,496095.79185964545
E02006147,675930,409500,320500,6.230047,398218.56787914596
E02006147,675931,410500,320500,6.271369,903495.6849004464
E02006147,675932,411500,320500,6.251537,1000000.0
E02006147,675933,412500,320500,6.177528,801837.3301916092
E02006147,676620,409500,319500,6.284319,596314.8799773817
E02006147,676621,410500,319500,6.237099,1000000.0
E02006147,676622,411500,319500,6.275509,884448.538008665
E02006147,676623,412500,319500,6.222012,57357.93345561316
E02006147,677310,409500,318500,6.361813,57289.71628133055
E02006147,677311,410500,318500,6.282459,979981.5773930299
E02006147,677312,411500,318500,6.245201,1000000.0
E02006147,677313,412500,318500,6.220235,160502.7187732159
E02006147,678001,410500,317500,6.345333,643125.4594279444
E02006147,678002,411500,317500,6.347105,1000000.0
E02006147,678003,412500,317500,6.294315,746965.1153279445
E02006147,678004,413500,317500,6.255619,498534.54334627866
E02006147,678005,414500,317500,6.207694,123433.91145156312
E02006147,678006,415500,317500,6.235243,14385.93946009357
E02006147,678690,409500,316500,6.591397,96610.73146937237
E02006147,678691,410500,316500,6.515825,863055.7882969292
E02006147,678692,411500,316500,6.468328,1000000.0
E02006147,678693,412500,316500,6.458108,1000000.0
E02006147,678694,413500,316500,6.435635,1000000.0
E02006147,678695,414500,316500,6.33341,755365.0496679678
E02006147,678696,415500,316500,6.38223,905347.4560888122
E02006147,678697,416500,316500,6.359305,320809.9013592301
E02006147,679380,409500,315500,6.594451,349035.67149527225
E02006147,679381,410500,315500,6.599818,1000000.0
E02006147,679382,411500,315500,6.583629,1000000.0
E02006147,679383,412500,315500,6.471891,1000000.0
E02006147,679384,413500,315500,6.474722,1000000.0
E02006147,679385,414500,315500,6.495335,1000000.0
E02006147,679386,415500,315500,6.512091,1000000.0
E02006147,679387,416500,315500,6.49473,944065.6726149287
E02006147,679388,417500,315500,6.76245,736543.9409016368
E02006147,679389,418500,315500,6.611728,654490.4701673513
E02006147,679390,419500,315500,6.536011,20669.534792758932
E02006147,680070,409500,314500,6.467899,285490.3639406555
E02006147,680071,410500,314500,6.523405,989498.5626462328
E02006147,680072,411500,314500,6.627851,1000000.0
E02006147,680073,412500,314500,6.574091,1000000.0
E02006147,680074,413500,314500,6.555555,1000000.0
E02006147,680075,414500,314500,6.627033,1000000.0
E02006147,680076,415500,314500,6.614615,1000000.0
E02006147,680077,416500,314500,6.678908,1000000.0
E02006147,680078,417500,314500,6.977846,1000000.0
E02006147,680079,418500,314500,6.531266,760568.3717556206
E02006147,680080,419500,314500,6.387446,26024.866664905934
E02006147,680761,410500,313500,6.513027,773692.2338524271
E02006147,680762,411500,313500,6.519213,1000000.0
E02006147,680763,412500,313500,6.632183,1000000.0
E02006147,680764,413500,313500,6.599219,1000000.0
E02006147,680765,414500,313500,6.615253,1000000.0
E02006147,680766,415500,313500,6.70936,1000000.0
E02006147,680767,416500,313500,6.845458,1000000.0
E02006147,680768,417500,313500,6.574267,1000000.0
E02006147,680769,418500,313500,6.481032,481442.73255750904
E02006147,681450,409500,312500,6.621579,384240.61231781106
E02006147,681451,410500,312500,6.557317,979180.4113769647
E02006147,681452,411500,312500,6.552639,1000000.0
E02006147,681453,412500,312500,6.661642,993458.7533836364
E02006147,681454,413500,312500,6.661345,933461.2503464266
E02006147,681455,414500,312500,6.672919,1000000.0
E02006147,681456,415500,312500,6.999674,1000000.0
E02006147,681457,416500,312500,6.706183,1000000.0
E02006147,681458,417500,312500,6.512879,1000000.0
E02006147,681459,418500,312500,6.429471,277733.626570754
E02006147,682140,409500,311500,6.734291,244652.32701199315
E02006147,682141,410500,311500,6.677957,717830.0730063294
E02006147,682142,411500,311500,6.72592,493929.5627661493
E02006147,682143,412500,311500,6.792184,267902.9222253713
E02006147,682144,413500,311500,6.756623,2036.9400109297808
E02006147,682145,414500,311500,6.841011,474871.85792852927
E02006147,682146,415500,311500,6.971837,831315.935530595
E02006147,682147,416500,311500,6.52651,344214.28075464617
E02006147,682148,417500,311500,6.444621,276365.527896015
E02006147,682149,418500,311500,6.452502,783.1856738538297
E02006147,682835,414500,310500,7.037671,776.7039205021882
E02006147,682836,415500,310500,6.662354,25395.592266878775
E02006148,679376,405500,315500,6.507899,543959.807533859
E02006148,679377,406500,315500,6.522793,251358.40865608145
E02006148,679378,407500,315500,6.458732,332635.5301754673
E02006148,679379,408500,315500,6.459859,123392.34883556963
E02006148,680065,404500,314500,6.435202,296615.1770632475
E02006148,680066,405500,314500,6.465009,997605.2362056517
E02006148,680067,406500,314500,6.484109,1000000.0
E02006148,680068,407500,314500,6.560144,1000000.0
E02006148,680069,408500,314500,6.54972,985602.6369946758
E02006148,680070,409500,314500,6.467899,590368.26392731
E02006148,680071,410500,314500,6.523405,10501.437353767185
E02006148,680755,404500,313500,6.51422,566863.7532753076
E02006148,680756,405500,313500,6.525564,1000000.0
E02006148,680757,406500,313500,6.563342,1000000.0
E02006148,680758,407500,313500,6.579033,1000000.0
E02006148,680759,408500,313500,6.567404,1000000.0
E02006148,680760,409500,313500,6.457265,1000000.0
E02006148,680761,410500,313500,6.513027,226307.7661475729
E02006148,681445,404500,312500,6.658697,42414.314024153784
E02006148,681446,405500,312500,6.65764,625570.4284099136
E02006148,681447,406500,312500,6.60438,1000000.0
E02006148,681448,407500,312500,6.629845,1000000.0
E02006148,681449,408500,312500,6.688089,1000000.0
E02006148,681450,409500,312500,6.621579,615759.3876821889
E02006148,681451,410500,312500,6.557317,20819.588623035444
E02006148,682135,404500,311500,6.762861,280135.02104741754
E02006148,682136,405500,311500,6.733767,1000000.0
E02006148,682137,406500,311500,6.680349,1000000.0
E02006148,682138,407500,311500,6.708248,1000000.0
E02006148,682139,408500,311500,6.674641,1000000.0
E02006148,682140,409500,311500,6.734291,751289.3499771308
E02006148,682141,410500,311500,6.677957,677.3672731400786
E02006148,682825,404500,310500,6.993491,82616.19737637186
E02006148,682826,405500,310500,6.918722,935082.190637563
E02006148,682827,406500,310500,6.883902,1000000.0
E02006148,682828,407500,310500,6.829987,1000000.0
E02006148,682829,408500,310500,6.779338,1000000.0
E02006148,682830,409500,310500,6.723131,1000000.0
E02006148,682831,410500,310500,6.817198,121313.18644103457
E02006148,683516,405500,309500,7.217244,326255.2331130462
E02006148,683517,406500,309500,7.07733,782109.8922025589
E02006148,683518,407500,309500,6.951669,1000000.0
E02006148,683519,408500,309500,6.810074,1000000.0
E02006148,683520,409500,309500,6.703182,722668.6313107441
E02006148,683521,410500,309500,6.750768,65584.63393471096
E02006148,684207,406500,308500,7.201635,138684.2462906308
E02006148,684208,407500,308500,7.113547,394380.8440132285
E02006148,684209,408500,308500,6.921406,322977.3519445586
E02006148,684210,409500,308500,6.798118,8896.159379061564
E02006149,682140,409500,311500,6.734291,4058.323010876201
E02006149,682141,410500,311500,6.677957,281492.55972053064
E02006149,682142,411500,311500,6.72592,150464.04067930335
E02006149,682143,412500,311500,6.792184,28433.426908235368
E02006149,682831,410500,310500,6.817198,260463.16013528002
E02006149,682832,411500,310500,6.835336,769216.9324076828
E02006149,682833,412500,310500,6.836617,208653.59272437208
E02006149,683521,410500,309500,6.750768,173948.99698232574
E02006149,683522,411500,309500,6.82991,891781.1437391492
E02006149,683523,412500,309500,6.862491,236900.24838722203
E02006149,684211,410500,308500,6.806269,145694.08914990287
E02006149,684212,411500,308500,6.881402,300790.8718935434
E02006150,682142,411500,311500,6.72592,355606.39655454736
E02006150,682143,412500,311500,6.792184,303871.94673773757
E02006150,682832,411500,310500,6.835336,25173.314277855578
E02006150,682833,412500,310500,6.836617,709759.9838051602
E02006150,682834,413500,310500,6.955929,162836.44229947389
E02006150,683523,412500,309500,6.862491,628586.6416698102
E02006150,683524,413500,309500,6.976981,886395.5559194655
E02006150,683525,414500,309500,6.84488,16788.157248826465
E02006150,684213,412500,308500,6.844366,530984.8851494574
E02006150,684214,413500,308500,7.027835,413360.7700134027
E02006150,684903,412500,307500,7.054355,122334.28257995473
E02006151,682134,403500,311500,6.851216,1551.180058202056
E02006151,682135,404500,311500,6.762861,1862.7672360018182
E02006151,682824,403500,310500,6.986454,405896.07881354634
E02006151,682825,404500,310500,6.993491,872422.9485410474
E02006151,682826,405500,310500,6.918722,64917.80936243705
E02006151,683513,402500,309500,7.089676,63385.84328914514
E02006151,683514,403500,309500,7.521986,916140.2655414151
E02006151,683515,404500,309500,7.150669,711649.1102158041
E02006151,683516,405500,309500,7.217244,15419.643209518272
E02006151,684203,402500,308500,7.208605,264059.2705534843
E02006151,684204,403500,308500,7.074874,1000000.0
E02006151,684205,404500,308500,7.181677,638292.3427088306
E02006151,684206,405500,308500,7.272773,0.26619803969524625
E02006151,684893,402500,307500,7.313206,95129.45393165876
E02006151,684894,403500,307500,7.163952,914130.4476484548
E02006151,684895,404500,307500,7.303988,974668.6490739936
E02006151,684896,405500,307500,7.514002,276325.78971356305
E02006151,685584,403500,306500,7.440699,184418.18759225847
E02006151,685585,404500,306500,7.49727,210450.17704956763
E02006151,685586,405500,306500,8.090341,193164.9730626062
E02006152,682831,410500,310500,6.817198,618223.6534236855
E02006152,682832,411500,310500,6.835336,205609.75331446162
E02006152,683520,409500,309500,6.703182,19704.22480516302
E02006152,683521,410500,309500,6.750768,751134.725097476
E02006152,683522,411500,309500,6.82991,108218.85626085056
E02006152,683523,412500,309500,6.862491,134513.1099429678
E02006152,684210,409500,308500,6.798118,544950.1468783375
E02006152,684211,410500,308500,6.806269,854305.9108500971
E02006152,684212,411500,308500,6.881402,699209.1281064565
E02006152,684213,412500,308500,6.844366,469013.52837308176
E02006152,684900,409500,307500,6.921911,24562.004454728576
E02006152,684901,410500,307500,6.848443,538143.045184467
E02006152,684902,411500,307500,6.738278,932041.2545679557
E02006152,684903,412500,307500,7.054355,426254.26281657186
E02006152,685591,410500,306500,7.088665,7322.208954929083
E02006152,685592,411500,306500,6.880151,86203.80090859401
E02006153,680079,418500,314500,6.531266,239431.6282443794
E02006153,680080,419500,314500,6.387446,815806.7571398589
E02006153,680081,420500,314500,6.362563,530569.0441755021
E02006153,680082,421500,314500,6.337492,441883.538361413
E02006153,680083,422500,314500,6.385906,83112.83511756048
E02006153,680769,418500,313500,6.481032,518557.2674424909
E02006153,680770,419500,313500,6.401481,1000000.0
E02006153,680771,420500,313500,6.435181,1000000.0
E02006153,680772,421500,313500,6.389684,1000000.0
E02006153,680773,422500,313500,6.381541,995572.879210998
E02006153,680774,423500,313500,6.368988,269722.10267036175
E02006153,681453,412500,312500,6.661642,6541.246616363723
E02006153,681454,413500,312500,6.661345,66538.74965357337
E02006153,681459,418500,312500,6.429471,722266.373429246
E02006153,681460,419500,312500,6.409833,1000000.0
E02006153,681461,420500,312500,6.421516,1000000.0
E02006153,681462,421500,312500,6.405838,1000000.0
E02006153,681463,422500,312500,6.38783,1000000.0
E02006153,681464,423500,312500,6.386295,314925.99186738
E02006153,682143,412500,311500,6.792184,399791.7041286557
E02006153,682144,413500,311500,6.756623,997963.0599890702
E02006153,682145,414500,311500,6.841011,525128.1420714707
E02006153,682146,415500,311500,6.971837,168684.06446940487
E02006153,682147,416500,311500,6.52651,655785.719245354
E02006153,682148,417500,311500,6.444621,723634.4721039851
E02006153,682149,418500,311500,6.452502,999216.8143261462
E02006153,682150,419500,311500,6.443685,1000000.0
E02006153,682151,420500,311500,6.431347,1000000.0
E02006153,682152,421500,311500,6.35681,1000000.0
E02006153,682153,422500,311500,6.400409,1000000.0
E02006153,682154,423500,311500,6.398174,624473.7542584685
E02006153,682155,424500,311500,6.401085,491084.9117363916
E02006153,682156,425500,311500,6.408031,355241.92095192865
E02006153,682157,426500,311500,6.411635,278261.7535781422
E02006153,682158,427500,311500,6.413323,266359.597235004
E02006153,682833,412500,310500,6.836617,81586.42347046785
E02006153,682834,413500,310500,6.955929,837163.5577005262
E02006153,682835,414500,310500,7.037671,999223.2960794978
E02006153,682836,415500,310500,6.662354,974604.4077331212
E02006153,682837,416500,310500,6.58167,1000000.0
E02006153,682838,417500,310500,6.488416,1000000.0
E02006153,682839,418500,310500,6.457563,1000000.0
E02006153,682840,419500,310500,6.45901,1000000.0
E02006153,682841,420500,310500,6.48252,1000000.0
E02006153,682842,421500,310500,6.431976,1000000.0
E02006153,682843,422500,310500,6.422177,1000000.0
E02006153,682844,423500,310500,6.425684,1000000.0
E02006153,682845,424500,310500,6.418853,1000000.0
E02006153,682846,425500,310500,6.440527,1000000.0
E02006153,682847,426500,310500,6.42497,1000000.0
E02006153,682848,427500,310500,6.423249,910251.2397353639
E02006153,682849,428500,310500,6.4365,2421.398024457071
E02006153,683524,413500,309500,6.976981,113604.44408053448
E02006153,683525,414500,309500,6.84488,983211.8427511735
E02006153,683526,415500,309500,6.669393,1000000.0
E02006153,683527,416500,309500,6.559116,1000000.0
E02006153,683528,417500,309500,6.491681,1000000.0
E02006153,683529,418500,309500,6.508968,1000000.0
E02006153,683530,419500,309500,6.459133,1000000.0
E02006153,683531,420500,309500,6.504272,1000000.0
E02006153,683532,421500,309500,6.409414,1000000.0
E02006153,683533,422500,309500,6.455449,1000000.0
E02006153,683534,423500,309500,6.448814,1000000.0
E02006153,683535,424500,309500,6.447813,1000000.0
E02006153,683536,425500,309500,6.451602,1000000.0
E02006153,683537,426500,309500,6.427146,980046.9098854047
E02006153,683538,427500,309500,6.427515,332613.8170843972
E02006153,684214,413500,308500,7.027835,404283.87091181555
E02006153,684215,414500,308500,6.649141,999750.353805894
E02006153,684216,415500,308500,6.677328,1000000.0
E02006153,684217,416500,308500,6.694303,1000000.0
E02006153,684218,417500,308500,6.625285,1000000.0
E02006153,684219,418500,308500,6.518758,1000000.0
E02006153,684220,419500,308500,6.444721,1000000.0
E02006153,684221,420500,308500,6.503845,1000000.0
E02006153,684222,421500,308500,6.473142,1000000.0
E02006153,684223,422500,308500,6.497134,1000000.0
E02006153,684224,423500,308500,6.489348,1000000.0
E02006153,684225,424500,308500,6.487561,1000000.0
E02006153,684226,425500,308500,6.461914,1000000.0
E02006153,684227,426500,308500,6.486799,528508.7850491748
E02006153,684905,414500,307500,6.619454,569878.1523245269
E02006153,684906,415500,307500,6.638058,1000000.0
E02006153,684907,416500,307500,6.623061,986304.509538203
E02006153,684908,417500,307500,6.632459,1000000.0
E02006153,684909,418500,307500,6.563652,1000000.0
E02006153,684910,419500,307500,6.582202,1000000.0
E02006153,684911,420500,307500,6.561278,1000000.0
E02006153,684912,421500,307500,6.564789,1000000.0
E02006153,684913,422500,307500,6.550008,1000000.0
E02006153,684914,423500,307500,6.55058,1000000.0
E02006153,684915,424500,307500,6.554334,957850.1183231482
E02006153,684916,425500,307500,6.522675,366823.60334878135
E02006153,684917,426500,307500,6.481181,4636.091622913083
E02006153,685595,414500,306500,6.587528,3433.9928864047
E02006153,685596,415500,306500,6.686934,403819.0524753858
E02006153,685597,416500,306500,6.626487,271953.2487933924
E02006153,685598,417500,306500,6.566175,1000000.0
E02006153,685599,418500,306500,6.647051,998721.651731834
E02006153,685600,419500,306500,6.694442,998212.2073247507
E02006153,685601,420500,306500,6.732641,1000000.0
E02006153,685602,421500,306500,6.681453,1000000.0
E02006153,685603,422500,306500,6.663192,942117.9092818239
E02006153,685604,423500,306500,6.659366,573507.8855335847
E02006153,685605,424500,306500,6.595059,128155.29495572239
E02006153,686287,416500,305500,6.6991,441544.3071884654
E02006153,686288,417500,305500,6.675327,999929.4737950877
E02006153,686289,418500,305500,6.727174,590832.3578493416
E02006153,686290,419500,305500,6.822299,51659.04113133072
E02006153,686291,420500,305500,6.904923,46672.00004459332
E02006153,686292,421500,305500,6.931664,238186.15897203298
E02006153,686293,422500,305500,6.75563,24376.75595538561
E02006153,686977,416500,304500,6.862277,113381.70759462165
E02006153,686978,417500,304500,6.833148,996187.5705126375
E02006153,686979,418500,304500,6.782823,134227.50770488693
E02006153,687667,416500,303500,6.906379,116077.06913015552
E02006153,687668,417500,303500,6.872808,688403.4960383225
E02006153,687669,418500,303500,6.965179,56161.80431917032
E02006154,682825,404500,310500,6.993491,3164.53676643112
E02006154,683515,404500,309500,7.150669,273879.45515099546
E02006154,683516,405500,309500,7.217244,553863.2094419424
E02006154,683517,406500,309500,7.07733,217890.10779744107
E02006154,684205,404500,308500,7.181677,19257.734405566276
E02006154,684206,405500,308500,7.272773,377735.911030252
E02006154,684207,406500,308500,7.201635,861315.7537093692
E02006154,684208,407500,308500,7.113547,605619.1559867716
E02006154,684209,408500,308500,6.921406,575722.2110480668
E02006154,684210,409500,308500,6.798118,75947.83156523283
E02006154,684895,404500,307500,7.303988,18713.723069789485
E02006154,684896,405500,307500,7.514002,723674.210286437
E02006154,684897,406500,307500,7.287618,1000000.0
E02006154,684898,407500,307500,7.101012,1000000.0
E02006154,684899,408500,307500,7.017775,782026.7198769872
E02006154,684900,409500,307500,6.921911,34024.440330635225
E02006154,685586,405500,306500,8.090341,260340.89276080858
E02006154,685587,406500,306500,7.62043,919321.8097434731
E02006154,685588,407500,306500,7.368805,918210.1150917469
E02006154,685589,408500,306500,7.276474,145324.18110232605
E02006154,686276,405500,305500,7.630042,123901.7043273333
E02006154,686277,406500,305500,7.452811,771716.929305943
E02006154,686278,407500,305500,7.359449,170382.6254903772
E02006155,683515,404500,309500,7.150669,14471.434633200393
E02006155,683516,405500,309500,7.217244,104461.91423549311
E02006155,684205,404500,308500,7.181677,342449.92288560304
E02006155,684206,405500,308500,7.272773,622263.8227717084
E02006156,683520,409500,309500,6.703182,257627.14388409277
E02006156,683521,410500,309500,6.750768,9331.643985487379
E02006156,684209,408500,308500,6.921406,101300.43700737457
E02006156,684210,409500,308500,6.798118,370205.8621773681
E02006156,684899,408500,307500,7.017775,217973.2801230128
E02006156,684900,409500,307500,6.921911,941413.5552146363
E02006156,684901,410500,307500,6.848443,461856.9548155331
E02006156,685588,407500,306500,7.368805,81789.88490825304
E02006156,685589,408500,306500,7.276474,854675.818897674
E02006156,685590,409500,306500,7.195129,1000000.0
E02006156,685591,410500,306500,7.088665,992677.791045071
E02006156,685592,411500,306500,6.880151,597370.7344641357
E02006156,685593,412500,306500,7.075152,110.02344892487635
E02006156,686277,406500,305500,7.452811,117771.25104734827
E02006156,686278,407500,305500,7.359449,829617.3745096229
E02006156,686279,408500,305500,7.071368,1000000.0
E02006156,686280,409500,305500,6.889419,1000000.0
E02006156,686281,410500,305500,6.938241,1000000.0
E02006156,686282,411500,305500,7.195783,1000000.0
E02006156,686283,412500,305500,6.980429,629902.6768094101
E02006156,686966,405500,304500,7.830139,37476.74928373459
E02006156,686967,406500,304500,7.631637,828098.8902075797
E02006156,686968,407500,304500,7.355549,1000000.0
E02006156,686969,408500,304500,7.104458,1000000.0
E02006156,686970,409500,304500,6.972188,1000000.0
E02006156,686971,410500,304500,6.961295,1000000.0
E02006156,686972,411500,304500,6.998819,1000000.0
E02006156,686973,412500,304500,7.08403,451051.2068469478
E02006156,687656,405500,303500,8.087726,736.8494120272353
E02006156,687657,406500,303500,7.712888,554679.8083280921
E02006156,687658,407500,303500,7.419394,999439.9583132919
E02006156,687659,408500,303500,7.133056,1000000.0
E02006156,687660,409500,303500,6.96156,1000000.0
E02006156,687661,410500,303500,6.895163,1000000.0
E02006156,687662,411500,303500,6.909938,1000000.0
E02006156,687663,412500,303500,6.905493,418844.39333900966
E02006156,688348,407500,302500,7.49462,563109.6505773796
E02006156,688349,408500,302500,7.207999,1000000.0
E02006156,688350,409500,302500,7.068535,1000000.0
E02006156,688351,410500,302500,6.955221,1000000.0
E02006156,688352,411500,302500,7.014434,1000000.0
E02006156,688353,412500,302500,6.940726,357577.6415975486
E02006156,689038,407500,301500,7.402365,170275.4017537214
E02006156,689039,408500,301500,7.220404,1000000.0
E02006156,689040,409500,301500,7.095852,1000000.0
E02006156,689041,410500,301500,7.042538,999889.135130562
E02006156,689042,411500,301500,7.038956,869522.6303245354
E02006156,689043,412500,301500,6.973628,378226.27293582517
E02006156,689728,407500,300500,7.395343,460558.92434504814
E02006156,689729,408500,300500,7.311312,1000000.0
E02006156,689730,409500,300500,7.295321,932953.2238904637
E02006156,689731,410500,300500,7.289942,217881.6880430843
E02006156,689733,412500,300500,7.092629,3438.5827679771955
E02006156,690418,407500,299500,7.460807,91987.88139618287
E02006156,690419,408500,299500,7.36627,933055.4131235938
E02006156,690420,409500,299500,7.392168,439959.59843922796
E02006156,691109,408500,298500,7.510983,175497.99381369964
E02006156,691110,409500,298500,7.311056,3318.50662019069
E02006157,684213,412500,308500,6.844366,1.5864774607704777
E02006157,684214,413500,308500,7.027835,182355.35907478174
E02006157,684215,414500,308500,6.649141,249.64619410594347
E02006157,684902,411500,307500,6.738278,67958.74543204429
E02006157,684903,412500,307500,7.054355,451411.4546034733
E02006157,684904,413500,307500,6.717709,1000000.0
E02006157,684905,414500,307500,6.619454,430121.8476754731
E02006157,684907,416500,307500,6.623061,13695.49046179701
E02006157,685592,411500,306500,6.880151,316425.46462727024
E02006157,685593,412500,306500,7.075152,999889.9765510751
E02006157,685594,413500,306500,6.680766,1000000.0
E02006157,685595,414500,306500,6.587528,996566.0071135953
E02006157,685596,415500,306500,6.686934,596180.9475246142
E02006157,685597,416500,306500,6.626487,728046.7512066077
E02006157,686283,412500,305500,6.980429,370097.32319058996
E02006157,686284,413500,305500,6.924655,1000000.0
E02006157,686285,414500,305500,6.71692,1000000.0
E02006157,686286,415500,305500,6.775048,1000000.0
E02006157,686287,416500,305500,6.6991,558455.6928115346
E02006157,686288,417500,305500,6.675327,70.52620491234507
E02006157,686973,412500,304500,7.08403,548948.7931530522
E02006157,686974,413500,304500,7.246659,1000000.0
E02006157,686975,414500,304500,6.984526,1000000.0
E02006157,686976,415500,304500,6.855057,1000000.0
E02006157,686977,416500,304500,6.862277,886618.2924053784
E02006157,686978,417500,304500,6.833148,2485.297789662447
E02006157,687663,412500,303500,6.905493,581155.6066609903
E02006157,687664,413500,303500,7.158146,1000000.0
E02006157,687665,414500,303500,6.825529,1000000.0
E02006157,687666,415500,303500,6.9465,1000000.0
E02006157,687667,416500,303500,6.906379,883922.9308698445
E02006157,687668,417500,303500,6.872808,311596.5039616775
E02006157,687669,418500,303500,6.965179,775740.71989092
E02006157,687670,419500,303500,6.972016,173262.2157442873
E02006157,688353,412500,302500,6.940726,642422.3584024513
E02006157,688354,413500,302500,7.19359,1000000.0
E02006157,688355,414500,302500,6.911218,1000000.0
E02006157,688356,415500,302500,6.815143,1000000.0
E02006157,688357,416500,302500,6.806224,1000000.0
E02006157,688358,417500,302500,6.964867,1000000.0
E02006157,688359,418500,302500,7.09808,1000000.0
E02006157,688360,419500,302500,7.094901,857696.1205241035
E02006157,688361,420500,302500,7.165281,131613.25931508548
E02006157,688362,421500,302500,7.360558,2299.528615459508
E02006157,689043,412500,301500,6.973628,609299.6259804096
E02006157,689044,413500,301500,7.204744,1000000.0
E02006157,689045,414500,301500,6.893242,1000000.0
E02006157,689046,415500,301500,6.908407,1000000.0
E02006157,689047,416500,301500,6.902107,1000000.0
E02006157,689048,417500,301500,6.918763,1000000.0
E02006157,689049,418500,301500,6.884544,1000000.0
E02006157,689050,419500,301500,6.891415,1000000.0
E02006157,689051,420500,301500,7.027704,994513.0587982454
E02006157,689052,421500,301500,7.22824,29699.178727243634
E02006157,689733,412500,300500,7.092629,120976.36987008191
E02006157,689734,413500,300500,7.266994,638875.5272857535
E02006157,689735,414500,300500,6.972661,1000000.0
E02006157,689736,415500,300500,6.943224,1000000.0
E02006157,689737,416500,300500,6.977635,1000000.0
E02006157,689738,417500,300500,6.878582,1000000.0
E02006157,689739,418500,300500,6.938122,1000000.0
E02006157,689740,419500,300500,6.954617,1000000.0
E02006157,689741,420500,300500,7.067937,857471.564099573
E02006157,689742,421500,300500,7.327587,25169.584548956856
E02006157,690424,413500,299500,7.282862,3912.8516633666895
E02006157,690425,414500,299500,7.372093,746405.9898751718
E02006157,690426,415500,299500,7.085474,761331.0773325542
E02006157,690427,416500,299500,6.952998,673261.0663612346
E02006157,690428,417500,299500,6.892334,553943.8135283267
E02006157,690429,418500,299500,6.931869,989717.0974622747
E02006157,690430,419500,299500,6.994594,980173.2796097314
E02006157,690431,420500,299500,7.043991,268717.22488189494
E02006157,691115,414500,298500,7.345214,8007.592113098914
E02006157,691119,418500,298500,7.009832,20409.187624557777
E02006157,691120,419500,298500,6.932827,27181.256066899343
E02006157,691121,420500,298500,7.082796,13591.983674428942
E02006173,659340,379500,344500,6.483351,39245.08896045999
E02006173,659341,380500,344500,6.687744,50604.752727659645
E02006173,659342,381500,344500,6.500871,603.5619383918382
E02006173,660030,379500,343500,6.028026,279964.8503490187
E02006173,660031,380500,343500,6.145403,892420.8798572945
E02006173,660032,381500,343500,6.507478,902631.7480063778
E02006173,660033,382500,343500,6.608904,589189.7460846865
E02006173,660034,383500,343500,6.654143,142836.64675993708
E02006173,660715,374500,342500,5.733449,24421.486684294687
E02006173,660716,375500,342500,5.785626,327559.64318327705
E02006173,660717,376500,342500,5.849375,363440.48184600915
E02006173,660718,377500,342500,5.892872,208997.49742277528
E02006173,660719,378500,342500,5.908365,536318.7276222704
E02006173,660720,379500,342500,5.903257,875475.4487163239
E02006173,660721,380500,342500,6.090698,1000000.0
E02006173,660722,381500,342500,6.124556,1000000.0
E02006173,660723,382500,342500,6.236027,1000000.0
E02006173,660724,383500,342500,6.569051,964877.3317853613
E02006173,660725,384500,342500,6.90583,483783.4986989228
E02006173,661405,374500,341500,5.744976,439060.6920395421
E02006173,661406,375500,341500,5.744645,1000000.0
E02006173,661407,376500,341500,5.762955,1000000.0
E02006173,661408,377500,341500,5.804841,1000000.0
E02006173,661409,378500,341500,5.8586,1000000.0
E02006173,661410,379500,341500,5.870049,1000000.0
E02006173,661411,380500,341500,6.048206,1000000.0
E02006173,661412,381500,341500,6.14512,1000000.0
E02006173,661413,382500,341500,6.228177,1000000.0
E02006173,661414,383500,341500,6.298604,777174.6920605098
E02006173,661415,384500,341500,6.642977,143476.85544457624
E02006173,662093,372500,340500,5.67355,278379.72535064304
E02006173,662094,373500,340500,5.730583,158487.1283388742
E02006173,662095,374500,340500,5.774858,572383.6200361801
E02006173,662096,375500,340500,5.780276,1000000.0
E02006173,662097,376500,340500,5.771126,1000000.0
E02006173,662098,377500,340500,5.766992,1000000.0
E02006173,662099,378500,340500,5.775526,1000000.0
E02006173,662100,379500,340500,5.942965,1000000.0
E02006173,662101,380500,340500,6.094957,1000000.0
E02006173,662102,381500,340500,6.08121,907464.6502469531
E02006173,662103,382500,340500,6.019932,182159.96845460671
E02006173,662104,383500,340500,6.079816,33462.69603165115
E02006173,662782,371500,339500,5.720933,126820.90429640224
E02006173,662783,372500,339500,5.776659,191902.61361678585
E02006173,662784,373500,339500,5.800807,723610.7918628787
E02006173,662785,374500,339500,5.81569,929106.3987083574
E02006173,662786,375500,339500,5.861924,1000000.0
E02006173,662787,376500,339500,5.86872,1000000.0
E02006173,662788,377500,339500,5.815534,1000000.0
E02006173,662789,378500,339500,5.872527,1000000.0
E02006173,662790,379500,339500,5.891116,1000000.0
E02006173,662791,380500,339500,6.021195,1000000.0
E02006173,662792,381500,339500,6.091275,553711.8839017825
E02006173,663471,370500,338500,5.769574,231416.34010414997
E02006173,663472,371500,338500,5.736228,947606.5051818867
E02006173,663473,372500,338500,5.820787,952976.6270758455
E02006173,663474,373500,338500,5.839472,1000000.0
E02006173,663475,374500,338500,5.800265,1000000.0
E02006173,663476,375500,338500,5.892683,1000000.0
E02006173,663477,376500,338500,5.931136,1000000.0
E02006173,663478,377500,338500,5.908868,1000000.0
E02006173,663479,378500,338500,5.812842,1000000.0
E02006173,663480,379500,338500,5.831704,1000000.0
E02006173,663481,380500,338500,6.056682,1000000.0
E02006173,663482,381500,338500,6.107563,686226.4783635818
E02006173,664161,370500,337500,5.668767,705741.0741355967
E02006173,664162,371500,337500,5.757852,1000000.0
E02006173,664163,372500,337500,5.767242,1000000.0
E02006173,664164,373500,337500,5.729897,1000000.0
E02006173,664165,374500,337500,5.749874,1000000.0
E02006173,664166,375500,337500,5.885215,1000000.0
E02006173,664167,376500,337500,5.874521,1000000.0
E02006173,664168,377500,337500,5.862755,1000000.0
E02006173,664169,378500,337500,5.931144,885867.5213794757
E02006173,664170,379500,337500,5.918258,890949.2060768451
E02006173,664171,380500,337500,6.026525,949758.1038831637
E02006173,664172,381500,337500,6.06575,998917.4381848989
E02006173,664173,382500,337500,6.04285,246824.3803843311
E02006173,664850,369500,336500,5.633687,388752.2308607998
E02006173,664851,370500,336500,5.659918,991478.240650534
E02006173,664852,371500,336500,5.73386,1000000.0
E02006173,664853,372500,336500,5.752155,1000000.0
E02006173,664854,373500,336500,5.814413,1000000.0
E02006173,664855,374500,336500,5.879482,1000000.0
E02006173,664856,375500,336500,5.821452,1000000.0
E02006173,664857,376500,336500,5.834188,1000000.0
E02006173,664858,377500,336500,5.770779,545797.5960380828
E02006173,664859,378500,336500,5.856978,883.3328030186444
E02006173,664861,380500,336500,6.00879,132771.86150737136
E02006173,664862,381500,336500,6.049386,528719.9662490664
E02006173,664863,382500,336500,6.014307,293991.3377088108
E02006173,665540,369500,335500,5.695595,647203.2478577838
E02006173,665541,370500,335500,5.788354,1000000.0
E02006173,665542,371500,335500,5.741886,1000000.0
E02006173,665543,372500,335500,5.845408,1000000.0
E02006173,665544,373500,335500,5.790664,1000000.0
E02006173,665545,374500,335500,5.810666,917821.4044022348
E02006173,665546,375500,335500,5.853906,459819.96548088803
E02006173,665547,376500,335500,5.784314,432084.8597273716
E02006173,665548,377500,335500,5.739646,5964.02292680026
E02006173,666229,368500,334500,5.909733,267855.87486640894
E02006173,666230,369500,334500,5.729926,965263.9574592457
E02006173,666231,370500,334500,5.665654,1000000.0
E02006173,666232,371500,334500,5.737377,1000000.0
E02006173,666233,372500,334500,5.689984,1000000.0
E02006173,666234,373500,334500,5.655149,1000000.0
E02006173,666235,374500,334500,5.727813,473273.89373200655
E02006173,666919,368500,333500,5.807032,397719.0672830507
E02006173,666920,369500,333500,5.733335,1000000.0
E02006173,666921,370500,333500,5.664015,1000000.0
E02006173,666922,371500,333500,5.627127,1000000.0
E02006173,666923,372500,333500,5.612943,1000000.0
E02006173,666924,373500,333500,5.603929,1000000.0
E02006173,666925,374500,333500,5.619095,424059.5955022202
E02006173,667609,368500,332500,5.757239,73955.50164383033
E02006173,667610,369500,332500,5.747615,882657.2880236156
E02006173,667611,370500,332500,5.733339,1000000.0
E02006173,667612,371500,332500,5.626783,965113.1326108037
E02006173,667613,372500,332500,5.588635,735122.6185857415
E02006173,667614,373500,332500,5.58477,545853.6641402041
E02006173,667615,374500,332500,5.646726,240548.95810953795
E02006173,668300,369500,331500,5.747808,529834.6323203837
E02006173,668301,370500,331500,5.735278,532679.8920559527
E02006173,668302,371500,331500,5.659375,165842.89108235965
E02006173,668990,369500,330500,5.662312,15372.012965608945
E02006173,668991,370500,330500,5.745607,24328.999389168428
E02006174,675910,389500,320500,6.10819,12756.298904477022
E02006174,675911,390500,320500,6.351165,492033.8001179173
E02006174,675912,391500,320500,6.823278,628.5598392514701
E02006174,675914,393500,320500,6.419364,332437.8332548971
E02006174,675915,394500,320500,6.560178,278148.97334033187
E02006174,675916,395500,320500,6.435942,12113.494129961146
E02006174,676600,389500,319500,6.044027,260535.5497499457
E02006174,676601,390500,319500,6.17951,999995.652744015
E02006174,676602,391500,319500,6.256388,655546.7033915108
E02006174,676603,392500,319500,6.701144,209665.99606495665
E02006174,676604,393500,319500,6.505548,722024.7013903414
E02006174,676605,394500,319500,6.356453,1000000.0
E02006174,676606,395500,319500,6.307308,388469.14261582226
E02006174,677290,389500,318500,6.107213,481168.0302736739
E02006174,677291,390500,318500,6.175155,1000000.0
E02006174,677292,391500,318500,6.297365,1000000.0
E02006174,677293,392500,318500,6.80216,1000000.0
E02006174,677294,393500,318500,6.665317,1000000.0
E02006174,677295,394500,318500,6.417838,998419.5085660842
E02006174,677296,395500,318500,6.286602,720928.8114184412
E02006174,677297,396500,318500,6.260508,451599.3492234353
E02006174,677298,397500,318500,6.128829,57333.28745734403
E02006174,677980,389500,317500,6.09625,610052.1859123904
E02006174,677981,390500,317500,6.119557,1000000.0
E02006174,677982,391500,317500,6.195868,1000000.0
E02006174,677983,392500,317500,6.36729,1000000.0
E02006174,677984,393500,317500,6.826907,1000000.0
E02006174,677985,394500,317500,6.419835,1000000.0
E02006174,677986,395500,317500,6.309793,1000000.0
E02006174,677987,396500,317500,6.260815,1000000.0
E02006174,677988,397500,317500,6.157658,517415.31939059356
E02006174,678669,388500,316500,5.986937,242073.44275205868
E02006174,678670,389500,316500,6.025827,683970.4420322508
E02006174,678671,390500,316500,6.078374,1000000.0
E02006174,678672,391500,316500,6.162188,1000000.0
E02006174,678673,392500,316500,6.332238,1000000.0
E02006174,678674,393500,316500,6.827418,1000000.0
E02006174,678675,394500,316500,6.431071,1000000.0
E02006174,678676,395500,316500,6.333988,1000000.0
E02006174,678677,396500,316500,6.290786,1000000.0
E02006174,678678,397500,316500,6.201862,868577.9003441076
E02006174,678679,398500,316500,6.188487,482.73336391114714
E02006174,679357,386500,315500,6.074282,82361.3288443944
E02006174,679358,387500,315500,6.021473,225744.67345303713
E02006174,679359,388500,315500,6.053639,948160.8626841736
E02006174,679360,389500,315500,6.115439,998096.4821088393
E02006174,679361,390500,315500,6.194318,1000000.0
E02006174,679362,391500,315500,6.146805,1000000.0
E02006174,679363,392500,315500,6.432439,1000000.0
E02006174,679364,393500,315500,6.83165,1000000.0
E02006174,679365,394500,315500,6.502746,1000000.0
E02006174,679366,395500,315500,6.328366,1000000.0
E02006174,679367,396500,315500,6.367572,1000000.0
E02006174,679368,397500,315500,6.312145,980482.2320909831
E02006174,679369,398500,315500,6.290162,169815.01430739302
E02006174,680047,386500,314500,6.034724,146777.7459343516
E02006174,680048,387500,314500,6.071883,484284.8595811807
E02006174,680049,388500,314500,6.059294,948125.0122814665
E02006174,680050,389500,314500,6.07483,1000000.0
E02006174,680051,390500,314500,6.155709,1000000.0
E02006174,680052,391500,314500,6.26063,1000000.0
E02006174,680053,392500,314500,6.552738,1000000.0
E02006174,680054,393500,314500,6.907264,1000000.0
E02006174,680055,394500,314500,6.472004,1000000.0
E02006174,680056,395500,314500,6.459045,986140.4047465569
E02006174,680057,396500,314500,6.345792,770155.8594699309
E02006174,680058,397500,314500,6.431246,313706.22571880766
E02006174,680739,388500,313500,6.110717,705417.8530515481
E02006174,680740,389500,313500,6.153904,1000000.0
E02006174,680741,390500,313500,6.25283,1000000.0
E02006174,680742,391500,313500,6.300617,1000000.0
E02006174,680743,392500,313500,6.818035,1000000.0
E02006174,680744,393500,313500,6.961153,1000000.0
E02006174,680745,394500,313500,6.562877,1000000.0
E02006174,680746,395500,313500,6.547342,935299.7500289534
E02006174,681429,388500,312500,6.027253,258243.5878941061
E02006174,681430,389500,312500,6.185038,571036.3331095763
E02006174,681431,390500,312500,6.261016,725582.0389997383
E02006174,681432,391500,312500,6.396423,1000000.0
E02006174,681433,392500,312500,6.53535,1000000.0
E02006174,681434,393500,312500,6.994723,1000000.0
E02006174,681435,394500,312500,6.572369,1000000.0
E02006174,681436,395500,312500,6.51744,911159.2895806375
E02006174,681437,396500,312500,6.538818,107.05382468848796
E02006174,682121,390500,311500,6.288243,366885.1840254176
E02006174,682122,391500,311500,6.434592,1000000.0
E02006174,682123,392500,311500,6.550851,1000000.0
E02006174,682124,393500,311500,6.999376,1000000.0
E02006174,682125,394500,311500,6.574598,990534.8964438458
E02006174,682126,395500,311500,6.615573,245773.10063004377
E02006174,682811,390500,310500,6.447092,156336.533242466
E02006174,682812,391500,310500,6.628098,887201.8116871576
E02006174,682813,392500,310500,6.910985,1000000.0
E02006174,682814,393500,310500,6.912736,996776.2511251592
E02006174,682815,394500,310500,6.723018,493116.15019317047
E02006174,683502,391500,309500,6.637684,652918.1554959099
E02006174,683503,392500,309500,6.618356,916996.1984545992
E02006174,683504,393500,309500,7.028526,220850.2048362007
E02006174,683505,394500,309500,6.816363,16415.30061859652
E02006174,684192,391500,308500,7.007374,33731.22974269577
E02006174,684193,392500,308500,6.662973,127221.87011051815
E02006175,679368,397500,315500,6.312145,19517.767909016868
E02006175,679369,398500,315500,6.290162,77749.80217080578
E02006175,680056,395500,314500,6.459045,13859.595253443087
E02006175,680057,396500,314500,6.345792,229844.14053006913
E02006175,680058,397500,314500,6.431246,686293.7742811923
E02006175,680059,398500,314500,6.482829,348390.0707218902
E02006175,680746,395500,313500,6.547342,64700.24997104652
E02006175,680747,396500,313500,6.556301,1000000.0
E02006175,680748,397500,313500,6.679193,1000000.0
E02006175,680749,398500,313500,6.773604,197607.36143412878
E02006175,681436,395500,312500,6.51744,88840.71041936257
E02006175,681437,396500,312500,6.538818,999892.9461753115
E02006175,681438,397500,312500,6.740713,1000000.0
E02006175,681439,398500,312500,6.866037,30311.93719096314
E02006175,682125,394500,311500,6.574598,9465.103556154181
E02006175,682126,395500,311500,6.615573,754226.8993699562
E02006175,682127,396500,311500,6.59403,999799.0353186261
E02006175,682128,397500,311500,6.813401,384647.5774638003
E02006175,682129,398500,311500,7.043651,112.98753116241794
E02006175,682814,393500,310500,6.912736,3223.7488748407623
E02006175,682815,394500,310500,6.723018,506883.8498068295
E02006175,682816,395500,310500,6.715498,1000000.0
E02006175,682817,396500,310500,6.784173,685605.0998098245
E02006175,683503,392500,309500,6.618356,83003.80154540084
E02006175,683504,393500,309500,7.028526,779149.7951637993
E02006175,683505,394500,309500,6.816363,983584.6993814036
E02006175,683506,395500,309500,6.89582,1000000.0
E02006175,683507,396500,309500,7.063925,676693.5515059769
E02006175,684193,392500,308500,6.662973,385408.6666722459
E02006175,684194,393500,308500,6.811512,995288.9947609315
E02006175,684195,394500,308500,7.179449,1000000.0
E02006175,684196,395500,308500,7.114038,1000000.0
E02006175,684197,396500,308500,7.171295,938920.1400858287
E02006175,684198,397500,308500,9.601569,309129.20104338974
E02006175,684884,393500,307500,6.759809,442921.03470238915
E02006175,684885,394500,307500,6.823638,894418.0507561815
E02006175,684886,395500,307500,7.439233,1000000.0
E02006175,684887,396500,307500,7.420199,1000000.0
E02006175,684888,397500,307500,7.450845,557772.5477810476
E02006175,685575,394500,306500,6.952836,36948.58634428257
E02006175,685576,395500,306500,7.388533,540168.4864529497
E02006175,685577,396500,306500,7.255225,959003.1968463514
E02006175,685578,397500,306500,7.487521,143850.3097674498
E02006175,686266,395500,305500,7.160926,630.6287048452368
E02006175,686267,396500,305500,7.436984,420267.8588033404
E02006175,686268,397500,305500,7.403628,595730.9801980268
E02006175,686958,397500,304500,7.336311,27977.197142378704
E02006176,678660,379500,316500,5.911211,5719.613830208579
E02006176,678661,380500,316500,6.028988,165851.64090721752
E02006176,678662,381500,316500,5.973025,24612.67713405215
E02006176,679349,378500,315500,5.972879,138706.65884949308
E02006176,679350,379500,315500,5.920976,911231.893649464
E02006176,679351,380500,315500,6.044594,996061.5382638552
E02006176,679352,381500,315500,6.030416,825839.0050740581
E02006176,679353,382500,315500,5.977951,98356.52586500222
E02006176,679356,385500,315500,6.113266,9211.825937419
E02006176,679357,386500,315500,6.074282,73.77061042439817
E02006176,680039,378500,314500,5.981932,199311.34734604848
E02006176,680040,379500,314500,5.954949,1000000.0
E02006176,680041,380500,314500,6.060062,1000000.0
E02006176,680042,381500,314500,5.997832,1000000.0
E02006176,680043,382500,314500,5.976982,648038.4755801097
E02006176,680045,384500,314500,6.111294,128795.12530096747
E02006176,680046,385500,314500,6.083503,744008.6959870395
E02006176,680047,386500,314500,6.034724,835278.5318600049
E02006176,680048,387500,314500,6.071883,515715.14041881927
E02006176,680049,388500,314500,6.059294,51874.987718533506
E02006176,680729,378500,313500,5.999546,45241.60232198226
E02006176,680730,379500,313500,6.031257,920998.1170888853
E02006176,680731,380500,313500,6.072814,1000000.0
E02006176,680732,381500,313500,5.993894,1000000.0
E02006176,680733,382500,313500,6.026942,771994.836168267
E02006176,680734,383500,313500,5.948269,257936.85756815318
E02006176,680735,384500,313500,6.037174,951938.8618247743
E02006176,680736,385500,313500,6.180273,1000000.0
E02006176,680737,386500,313500,6.078114,1000000.0
E02006176,680738,387500,313500,6.105872,1000000.0
E02006176,680739,388500,313500,6.110717,294582.14694845193
E02006176,681419,378500,312500,6.010254,560353.3100776289
E02006176,681420,379500,312500,5.84492,1000000.0
E02006176,681421,380500,312500,6.042255,1000000.0
E02006176,681422,381500,312500,5.972122,1000000.0
E02006176,681423,382500,312500,6.012177,1000000.0
E02006176,681424,383500,312500,5.98961,1000000.0
E02006176,681425,384500,312500,6.028209,1000000.0
E02006176,681426,385500,312500,6.199998,1000000.0
E02006176,681427,386500,312500,6.147794,1000000.0
E02006176,681428,387500,312500,6.130126,1000000.0
E02006176,681429,388500,312500,6.027253,741756.4121058938
E02006176,681430,389500,312500,6.185038,428963.6668904237
E02006176,681431,390500,312500,6.261016,274417.9610002617
E02006176,682109,378500,311500,6.054485,696868.389100244
E02006176,682110,379500,311500,5.933626,1000000.0
E02006176,682111,380500,311500,6.042663,1000000.0
E02006176,682112,381500,311500,5.965191,1000000.0
E02006176,682113,382500,311500,5.968472,1000000.0
E02006176,682114,383500,311500,5.990265,1000000.0
E02006176,682115,384500,311500,5.978947,1000000.0
E02006176,682116,385500,311500,6.129507,1000000.0
E02006176,682117,386500,311500,6.106117,1000000.0
E02006176,682118,387500,311500,6.110591,1000000.0
E02006176,682119,388500,311500,6.07307,1000000.0
E02006176,682120,389500,311500,6.193052,1000000.0
E02006176,682121,390500,311500,6.288243,633114.8159745823
E02006176,682799,378500,310500,6.081575,66634.46475669778
E02006176,682800,379500,310500,6.02423,766751.7602770791
E02006176,682801,380500,310500,5.968082,1000000.0
E02006176,682802,381500,310500,6.020165,1000000.0
E02006176,682803,382500,310500,6.022439,1000000.0
E02006176,682804,383500,310500,6.02102,1000000.0
E02006176,682805,384500,310500,6.002414,1000000.0
E02006176,682806,385500,310500,6.063956,1000000.0
E02006176,682807,386500,310500,6.063526,1000000.0
E02006176,682808,387500,310500,6.222973,1000000.0
E02006176,682809,388500,310500,6.185157,1000000.0
E02006176,682810,389500,310500,6.271003,1000000.0
E02006176,682811,390500,310500,6.447092,843663.4667575341
E02006176,682812,391500,310500,6.628098,112798.18831284237
E02006176,683490,379500,309500,5.989273,217175.57110038376
E02006176,683491,380500,309500,5.916885,591325.8764994204
E02006176,683492,381500,309500,5.975114,738025.2340886951
E02006176,683493,382500,309500,6.003831,585551.1681772246
E02006176,683494,383500,309500,6.075402,762794.6965983909
E02006176,683495,384500,309500,5.997283,1000000.0
E02006176,683496,385500,309500,6.022171,1000000.0
E02006176,683497,386500,309500,6.033654,1000000.0
E02006176,683498,387500,309500,6.194098,1000000.0
E02006176,683499,388500,309500,6.211752,1000000.0
E02006176,683500,389500,309500,6.298776,1000000.0
E02006176,683501,390500,309500,6.392501,1000000.0
E02006176,683502,391500,309500,6.637684,113145.03152424507
E02006176,684184,383500,308500,6.072393,292090.6228116442
E02006176,684185,384500,308500,6.071246,1000000.0
E02006176,684186,385500,308500,6.034909,1000000.0
E02006176,684187,386500,308500,6.071403,1000000.0
E02006176,684188,387500,308500,6.151375,1000000.0
E02006176,684189,388500,308500,6.321836,1000000.0
E02006176,684190,389500,308500,6.334367,1000000.0
E02006176,684191,390500,308500,6.403747,855021.7804109718
E02006176,684192,391500,308500,7.007374,156018.39967761116
E02006176,684874,383500,307500,6.033501,109409.90775838001
E02006176,684875,384500,307500,6.030383,1000000.0
E02006176,684876,385500,307500,6.101903,1000000.0
E02006176,684877,386500,307500,6.088866,1000000.0
E02006176,684878,387500,307500,6.121186,1000000.0
E02006176,684879,388500,307500,6.232805,1000000.0
E02006176,684880,389500,307500,6.368834,1000000.0
E02006176,684881,390500,307500,6.550764,643563.7173307805
E02006176,684882,391500,307500,6.671254,65444.31102501429
E02006176,685564,383500,306500,6.057676,220693.25506929166
E02006176,685565,384500,306500,6.022155,917557.8568704166
E02006176,685566,385500,306500,6.058197,1000000.0
E02006176,685567,386500,306500,6.098558,1000000.0
E02006176,685568,387500,306500,6.209447,1000000.0
E02006176,685569,388500,306500,6.322413,1000000.0
E02006176,685570,389500,306500,6.515041,1000000.0
E02006176,685571,390500,306500,6.647822,433585.6668708466
E02006176,686255,384500,305500,6.288228,567103.7080029412
E02006176,686256,385500,305500,6.33764,946980.1871321602
E02006176,686257,386500,305500,6.417111,997739.2414719914
E02006176,686258,387500,305500,6.510611,1000000.0
E02006176,686259,388500,305500,6.613444,1000000.0
E02006176,686260,389500,305500,6.614569,703565.4588896409
E02006176,686261,390500,305500,6.666687,91440.27366480147
E02006176,686945,384500,304500,6.091558,175.68185430632894
E02006176,686946,385500,304500,6.139977,5238.4191624658915
E02006176,686947,386500,304500,6.246439,180322.95045910342
E02006176,686948,387500,304500,6.384791,814935.1179230816
E02006176,686949,388500,304500,6.593703,1000000.0
E02006176,686950,389500,304500,6.824519,318792.94561999565
E02006176,687638,387500,303500,6.594761,46498.09249097488
E02006176,687639,388500,303500,6.631228,276670.6989545892
E02006176,687640,389500,303500,6.59305,41218.40857416074
E02006177,684198,397500,308500,9.601569,70631.83061528628
E02006177,684199,398500,308500,7.879489,249495.45262138228
E02006177,684200,399500,308500,7.403669,9103.751584397802
E02006177,684888,397500,307500,7.450845,442227.4522189524
E02006177,684889,398500,307500,7.571036,858119.0906950069
E02006177,684890,399500,307500,7.433836,661132.6288058672
E02006177,684891,400500,307500,7.411295,4165.960850258043
E02006177,685577,396500,306500,7.255225,40996.80315364854
E02006177,685578,397500,306500,7.487521,648022.5231793614
E02006177,685579,398500,306500,7.427581,261133.36905106663
E02006177,685580,399500,306500,7.27207,28411.190882572027
E02006177,686268,397500,305500,7.403628,25043.091520041373
E02006178,684889,398500,307500,7.571036,141880.90930499297
E02006178,684890,399500,307500,7.433836,280924.91878937505
E02006178,684891,400500,307500,7.411295,17119.63348159597
E02006178,685578,397500,306500,7.487521,208127.16705318866
E02006178,685579,398500,306500,7.427581,738866.6309489333
E02006178,685580,399500,306500,7.27207,971588.8091174279
E02006178,685581,400500,306500,7.160652,283312.48535077507
E02006178,686268,397500,305500,7.403628,173557.80475367236
E02006178,686269,398500,305500,7.183989,666689.4257450702
E02006178,686270,399500,305500,7.210362,765845.0386701336
E02006178,686271,400500,305500,7.172119,71510.35196033205
E02006179,683502,391500,309500,6.637684,233936.81297984504
E02006179,684191,390500,308500,6.403747,144978.21958902825
E02006179,684192,391500,308500,7.007374,810250.3705796931
E02006179,684193,392500,308500,6.662973,487369.46321723587
E02006179,684194,393500,308500,6.811512,4711.005239068479
E02006179,684881,390500,307500,6.550764,356436.2826692195
E02006179,684882,391500,307500,6.671254,934555.6889749857
E02006179,684883,392500,307500,6.74047,1000000.0
E02006179,684884,393500,307500,6.759809,557078.965297611
E02006179,684885,394500,307500,6.823638,105581.9492438185
E02006179,685571,390500,306500,6.647822,566414.3331291535
E02006179,685572,391500,306500,6.735303,1000000.0
E02006179,685573,392500,306500,6.687312,1000000.0
E02006179,685574,393500,306500,6.760107,1000000.0
E02006179,685575,394500,306500,6.952836,963051.4136557175
E02006179,685576,395500,306500,7.388533,459831.51354705036
E02006179,686261,390500,305500,6.666687,780743.7411205379
E02006179,686262,391500,305500,6.843515,1000000.0
E02006179,686263,392500,305500,6.910684,1000000.0
E02006179,686264,393500,305500,7.006086,910857.7886206813
E02006179,686265,394500,305500,7.153961,508714.48408571497
E02006179,686266,395500,305500,7.160926,464647.9243300835
E02006179,686267,396500,305500,7.436984,140559.5695248
E02006179,686951,390500,304500,6.875175,132390.42083146525
E02006179,686952,391500,304500,7.330455,641596.195768349
E02006179,686953,392500,304500,7.34806,715263.3291547328
E02006179,686954,393500,304500,7.270256,837759.0838072045
E02006179,686955,394500,304500,7.368927,11362.132037889482
E02006179,687642,391500,303500,7.384465,108.29366951709866
E02006179,687644,393500,303500,7.102287,25743.78906325393
E02006180,685581,400500,306500,7.160652,32080.437735534833
E02006180,686264,393500,305500,7.006086,89142.21137931883
E02006180,686265,394500,305500,7.153961,491285.51591428503
E02006180,686266,395500,305500,7.160926,534721.4469650713
E02006180,686267,396500,305500,7.436984,439172.5716718596
E02006180,686268,397500,305500,7.403628,205668.1235282596
E02006180,686269,398500,305500,7.183989,333310.57425492984
E02006180,686270,399500,305500,7.210362,234154.96132986643
E02006180,686271,400500,305500,7.172119,558904.6186711126
E02006180,686272,401500,305500,7.19087,21076.537420814726
E02006180,686954,393500,304500,7.270256,120419.84515214282
E02006180,686955,394500,304500,7.368927,988637.8679621106
E02006180,686956,395500,304500,7.359317,1000000.0
E02006180,686957,396500,304500,7.631968,1000000.0
E02006180,686958,397500,304500,7.336311,972022.8028576213
E02006180,686959,398500,304500,7.215487,1000000.0
E02006180,686960,399500,304500,7.240206,852518.0936324727
E02006180,686961,400500,304500,7.328538,512161.3339037657
E02006180,686962,401500,304500,7.314026,23885.475536305505
E02006180,687644,393500,303500,7.102287,548090.0510817913
E02006180,687645,394500,303500,7.131455,1000000.0
E02006180,687646,395500,303500,7.222626,1000000.0
E02006180,687647,396500,303500,7.638555,1000000.0
E02006180,687648,397500,303500,7.53744,1000000.0
E02006180,687649,398500,303500,7.3907,779229.2540277437
E02006180,687650,399500,303500,7.424332,35170.21161221004
E02006180,688334,393500,302500,7.224062,214909.65808605496
E02006180,688335,394500,302500,7.249239,908775.0363493047
E02006180,688336,395500,302500,7.373855,755280.4647450342
E02006180,688337,396500,302500,7.454093,359857.923084791
E02006180,688338,397500,302500,7.885117,539801.6629644453
E02006180,688339,398500,302500,7.776321,4447.5738302861055
E02006180,689025,394500,301500,7.404777,246857.9696113382
E02006180,689026,395500,301500,7.538965,186784.46258015206
E02006181,686260,389500,305500,6.614569,296434.54111035925
E02006181,686261,390500,305500,6.666687,127815.98521466067
E02006181,686947,386500,304500,6.246439,29855.642610828163
E02006181,686948,387500,304500,6.384791,31047.476381139208
E02006181,686950,389500,304500,6.824519,681207.0543800043
E02006181,686951,390500,304500,6.875175,867609.5791685347
E02006181,686952,391500,304500,7.330455,1257.280769548274
E02006181,687637,386500,303500,6.455849,283155.21352784795
E02006181,687638,387500,303500,6.594761,671064.340708961
E02006181,687639,388500,303500,6.631228,723329.3010454108
E02006181,687640,389500,303500,6.59305,831811.5574523986
E02006181,687641,390500,303500,6.935016,384208.1507862577
E02006181,687642,391500,303500,7.384465,1119.565329540653
E02006181,688328,387500,302500,6.561728,133343.86816661156
E02006181,688329,388500,302500,6.527739,558031.3665387036
E02006181,688330,389500,302500,6.828996,183017.85792632875
E02006182,686255,384500,305500,6.288228,221056.59636674603
E02006182,686256,385500,305500,6.33764,53019.81286783984
E02006182,686257,386500,305500,6.417111,2260.758528008583
E02006182,686944,383500,304500,6.142452,10715.428725537673
E02006182,686945,384500,304500,6.091558,904057.3869802571
E02006182,686946,385500,304500,6.139977,994761.580837534
E02006182,686947,386500,304500,6.246439,789821.4069300685
E02006182,686948,387500,304500,6.384791,154017.4056957791
E02006182,687634,383500,303500,6.065743,471435.128646894
E02006182,687635,384500,303500,6.060844,1000000.0
E02006182,687636,385500,303500,6.158717,1000000.0
E02006182,687637,386500,303500,6.455849,716844.786472152
E02006182,687638,387500,303500,6.594761,282437.5668000641
E02006182,688324,383500,302500,6.070605,103007.36051552877
E02006182,688325,384500,302500,6.103695,435518.5590738114
E02006182,688326,385500,302500,6.233542,738970.6640381812
E02006182,688327,386500,302500,6.363863,1000000.0
E02006182,688328,387500,302500,6.561728,866656.1318333884
E02006182,688329,388500,302500,6.527739,331392.2330285318
E02006182,689016,385500,301500,6.274599,15378.222880971345
E02006182,689017,386500,301500,6.308545,631444.6661173577
E02006182,689018,387500,301500,6.372561,930146.3086243938
E02006182,689019,388500,301500,6.529071,481847.38902544684
E02006182,689708,387500,300500,6.541755,45361.695180254246
E02006182,689709,388500,300500,6.65271,122.34612395263292
E02006185,693159,388500,295500,6.74133,145279.26439075
E02006185,693160,389500,295500,6.865277,211216.44755084516
E02006185,693161,390500,295500,7.019291,391285.5756025958
E02006185,693162,391500,295500,7.257318,4615.355714243302
E02006185,693848,387500,294500,6.530304,127288.0242564405
E02006185,693849,388500,294500,6.690845,976372.0793099462
E02006185,693850,389500,294500,6.725967,865143.7166964896
E02006185,693851,390500,294500,7.043254,499832.6073600804
E02006185,693852,391500,294500,7.322604,51.647216515798675
E02006185,694537,386500,293500,6.587978,95606.89573956901
E02006185,694538,387500,293500,6.669091,799602.745549337
E02006185,694539,388500,293500,6.718765,847047.1225135922
E02006185,695226,385500,292500,6.43135,189891.86584759285
E02006185,695227,386500,292500,6.789101,609077.4059014881
E02006185,695228,387500,292500,6.72244,398965.9728973932
E02006185,695229,388500,292500,6.676869,395634.03443509043
E02006185,695916,385500,291500,6.76906,233288.36580191198
E02006185,695917,386500,291500,6.550008,475044.5409954106
E02006185,695918,387500,291500,6.548589,16989.496256736278
E02006186,691776,385500,297500,6.335969,423943.2915359247
E02006186,691777,386500,297500,6.51201,845142.8971371645
E02006186,691778,387500,297500,6.575173,538290.6771755808
E02006186,692462,381500,296500,6.059174,21.316138486329578
E02006186,692463,382500,296500,6.123605,190394.13301889156
E02006186,692464,383500,296500,6.197078,405123.73651244503
E02006186,692465,384500,296500,6.212107,674674.2410565678
E02006186,692466,385500,296500,6.407334,989357.1315281935
E02006186,692467,386500,296500,6.420539,1000000.0
E02006186,692468,387500,296500,6.480082,966033.0722118655
E02006186,692469,388500,296500,6.76191,83020.7142233947
E02006186,693151,380500,295500,6.013595,3358.647048507826
E02006186,693152,381500,295500,6.121206,514435.0770791929
E02006186,693153,382500,295500,6.095932,1000000.0
E02006186,693154,383500,295500,6.138839,1000000.0
E02006186,693155,384500,295500,6.246763,1000000.0
E02006186,693156,385500,295500,6.431491,1000000.0
E02006186,693157,386500,295500,6.438821,1000000.0
E02006186,693158,387500,295500,6.450124,1000000.0
E02006186,693159,388500,295500,6.74133,218428.4767422934
E02006186,693842,381500,294500,6.096143,122352.39334769301
E02006186,693843,382500,294500,6.100463,808823.966983591
E02006186,693844,383500,294500,6.182202,1000000.0
E02006186,693845,384500,294500,6.220466,1000000.0
E02006186,693846,385500,294500,6.37616,1000000.0
E02006186,693847,386500,294500,6.414146,1000000.0
E02006186,693848,387500,294500,6.530304,872711.9757435595
E02006186,693849,388500,294500,6.690845,23627.920690053874
E02006186,693850,389500,294500,6.725967,134856.28330351037
E02006186,693851,390500,294500,7.043254,323467.033410118
E02006186,694533,382500,293500,6.102796,626794.973425679
E02006186,694534,383500,293500,6.166798,1000000.0
E02006186,694535,384500,293500,6.256325,1000000.0
E02006186,694536,385500,293500,6.394119,1000000.0
E02006186,694537,386500,293500,6.587978,904393.104260431
E02006186,694538,387500,293500,6.669091,200397.25445066288
E02006186,694539,388500,293500,6.718765,152952.87748640773
E02006186,694540,389500,293500,6.837453,1000000.0
E02006186,694541,390500,293500,8.451681,859163.2478575095
E02006186,695222,381500,292500,6.018372,40440.1493655738
E02006186,695223,382500,292500,6.132041,896738.5399277699
E02006186,695224,383500,292500,6.163791,1000000.0
E02006186,695225,384500,292500,6.25763,1000000.0
E02006186,695226,385500,292500,6.43135,810108.1341524071
E02006186,695227,386500,292500,6.789101,390922.59409851185
E02006186,695228,387500,292500,6.72244,601034.0271026068
E02006186,695229,388500,292500,6.676869,604365.9655649096
E02006186,695230,389500,292500,6.754866,976436.725734695
E02006186,695231,390500,292500,7.018533,367751.3106321315
E02006186,695912,381500,291500,6.005363,242229.96404071344
E02006186,695913,382500,291500,6.042603,874231.0638784185
E02006186,695914,383500,291500,6.079093,1000000.0
E02006186,695915,384500,291500,6.158435,1000000.0
E02006186,695916,385500,291500,6.76906,766711.634198088
E02006186,695917,386500,291500,6.550008,524955.4590045894
E02006186,695918,387500,291500,6.548589,983010.5037432637
E02006186,695919,388500,291500,6.692632,1000000.0
E02006186,695920,389500,291500,6.88074,980600.0599191022
E02006186,695921,390500,291500,7.145372,202488.4884855881
E02006186,696601,380500,290500,6.024501,535706.1319104801
E02006186,696602,381500,290500,6.04293,991807.9908272615
E02006186,696603,382500,290500,6.096274,1000000.0
E02006186,696604,383500,290500,6.070276,1000000.0
E02006186,696605,384500,290500,6.180956,1000000.0
E02006186,696606,385500,290500,6.392374,1000000.0
E02006186,696607,386500,290500,6.493302,1000000.0
E02006186,696608,387500,290500,6.607208,865392.0334024141
E02006186,696609,388500,290500,6.793085,415093.63388377824
E02006186,696610,389500,290500,6.982627,229312.66295764194
E02006186,696611,390500,290500,7.387814,31159.534359949976
E02006186,697290,379500,289500,5.761611,287501.13757702895
E02006186,697291,380500,289500,5.938731,997895.2280859218
E02006186,697292,381500,289500,6.000981,1000000.0
E02006186,697293,382500,289500,6.101804,1000000.0
E02006186,697294,383500,289500,6.088373,1000000.0
E02006186,697295,384500,289500,6.10939,1000000.0
E02006186,697296,385500,289500,6.343915,1000000.0
E02006186,697297,386500,289500,6.522094,889663.9570222946
E02006186,697298,387500,289500,6.647416,151559.95455001688
E02006186,697979,378500,288500,5.696064,16071.976394832114
E02006186,697980,379500,288500,5.80217,891088.0177540813
E02006186,697981,380500,288500,6.000885,1000000.0
E02006186,697982,381500,288500,5.971255,1000000.0
E02006186,697983,382500,288500,6.073449,1000000.0
E02006186,697984,383500,288500,6.119087,998719.5981372774
E02006186,697985,384500,288500,6.104909,801786.8336797811
E02006186,697986,385500,288500,6.328734,432397.0526910399
E02006186,697987,386500,288500,6.463581,164446.8578252163
E02006186,698669,378500,287500,5.665237,34412.85984679232
E02006186,698670,379500,287500,5.732718,870010.2498153978
E02006186,698671,380500,287500,5.93357,1000000.0
E02006186,698672,381500,287500,6.009025,1000000.0
E02006186,698673,382500,287500,6.054565,1000000.0
E02006186,698674,383500,287500,6.064243,739739.3361657835
E02006186,698675,384500,287500,6.036086,157136.25592074273
E02006186,699360,379500,286500,5.661256,161560.72442759247
E02006186,699361,380500,286500,5.889439,989546.5664217157
E02006186,699362,381500,286500,5.943107,1000000.0
E02006186,699363,382500,286500,5.971448,1000000.0
E02006186,699364,383500,286500,6.054516,651581.4621796187
E02006186,700051,380500,285500,5.84306,780958.0769336789
E02006186,700052,381500,285500,5.86717,956481.3110452167
E02006186,700053,382500,285500,6.012554,830689.7373159134
E02006186,700054,383500,285500,6.073505,587658.2627704518
E02006186,700741,380500,284500,5.758427,63529.121013653734
E02006186,700742,381500,284500,5.787908,642.5512988123451
E02006187,697297,386500,289500,6.522094,110336.04297770544
E02006187,697298,387500,289500,6.647416,196887.81827674044
E02006187,697984,383500,288500,6.119087,1280.401862722583
E02006187,697985,384500,288500,6.104909,198213.16632021885
E02006187,697986,385500,288500,6.328734,567602.9473089601
E02006187,697987,386500,288500,6.463581,835553.1421747837
E02006187,697988,387500,288500,6.652994,571175.7816420424
E02006187,698674,383500,287500,6.064243,260260.66383421654
E02006187,698675,384500,287500,6.036086,842863.7440792572
E02006187,698676,385500,287500,6.300292,1000000.0
E02006187,698677,386500,287500,6.494386,1000000.0
E02006187,698678,387500,287500,6.595879,967124.9402180399
E02006187,698679,388500,287500,6.805548,3996.3200225425267
E02006187,699364,383500,286500,6.054516,348418.53782038135
E02006187,699365,384500,286500,6.018843,1000000.0
E02006187,699366,385500,286500,6.269415,1000000.0
E02006187,699367,386500,286500,6.506601,1000000.0
E02006187,699368,387500,286500,6.570374,999797.5534204658
E02006187,699369,388500,286500,6.749258,209539.54378411866
E02006187,700052,381500,285500,5.86717,43518.68895478329
E02006187,700053,382500,285500,6.012554,169310.2626840867
E02006187,700054,383500,285500,6.073505,412341.73722954816
E02006187,700055,384500,285500,6.10794,1000000.0
E02006187,700056,385500,285500,6.369366,1000000.0
E02006187,700057,386500,285500,6.585534,1000000.0
E02006187,700058,387500,285500,6.528768,1000000.0
E02006187,700059,388500,285500,6.731317,492297.45180933014
E02006187,700741,380500,284500,5.758427,483795.8466875862
E02006187,700742,381500,284500,5.787908,999357.4487011876
E02006187,700743,382500,284500,5.986022,1000000.0
E02006187,700744,383500,284500,6.034702,1000000.0
E02006187,700745,384500,284500,6.095468,1000000.0
E02006187,700746,385500,284500,6.222572,1000000.0
E02006187,700747,386500,284500,6.430401,1000000.0
E02006187,700748,387500,284500,6.388947,1000000.0
E02006187,700749,388500,284500,6.580322,196996.34949600606
E02006187,701431,380500,283500,5.758096,611613.8811230271
E02006187,701432,381500,283500,5.824177,1000000.0
E02006187,701433,382500,283500,5.910285,1000000.0
E02006187,701434,383500,283500,5.971478,1000000.0
E02006187,701435,384500,283500,6.174107,1000000.0
E02006187,701436,385500,283500,6.285266,1000000.0
E02006187,701437,386500,283500,6.285635,1000000.0
E02006187,701438,387500,283500,6.36114,1000000.0
E02006187,701439,388500,283500,6.47192,248780.82353465157
E02006187,702121,380500,282500,5.708019,36139.77291909548
E02006187,702122,381500,282500,5.807005,461057.2733163185
E02006187,702123,382500,282500,5.852113,719807.4889345407
E02006187,702124,383500,282500,5.948364,848547.4032463554
E02006187,702125,384500,282500,6.143887,996225.382015607
E02006187,702126,385500,282500,6.232999,1000000.0
E02006187,702127,386500,282500,6.231081,1000000.0
E02006187,702128,387500,282500,6.264021,1000000.0
E02006187,702129,388500,282500,6.338326,483664.7986509016
E02006187,702815,384500,281500,6.071181,38746.4212325978
E02006187,702816,385500,281500,6.246315,353684.5867765125
E02006187,702817,386500,281500,6.154243,894953.8649195941
E02006187,702818,387500,281500,6.221051,1000000.0
E02006187,702819,388500,281500,6.362113,827170.5564611474
E02006187,703507,386500,280500,6.216728,84936.84906011907
E02006187,703508,387500,280500,6.292232,184982.92079489355
E02006187,703509,388500,280500,6.219621,249792.8573684058
E02006189,660725,384500,342500,6.90583,36329.24673597574
E02006189,660726,385500,342500,6.83224,459021.3062612391
E02006189,660727,386500,342500,7.014882,7382.874858087705
E02006189,660731,390500,342500,6.735483,10719.544860061542
E02006189,661414,383500,341500,6.298604,222825.30793949027
E02006189,661415,384500,341500,6.642977,856523.1445554238
E02006189,661416,385500,341500,6.71642,1000000.0
E02006189,661417,386500,341500,6.622265,361245.1862816238
E02006189,661420,389500,341500,6.641925,32864.09471924711
E02006189,661421,390500,341500,6.536825,882174.5479889055
E02006189,661422,391500,341500,6.424372,294758.27624823176
E02006189,662102,381500,340500,6.08121,92535.34975304679
E02006189,662103,382500,340500,6.019932,817840.0315453933
E02006189,662104,383500,340500,6.079816,966537.3039683489
E02006189,662105,384500,340500,6.308739,1000000.0
E02006189,662106,385500,340500,6.690282,1000000.0
E02006189,662107,386500,340500,6.379787,972694.3941398511
E02006189,662108,387500,340500,6.479754,25013.594937615617
E02006189,662110,389500,340500,6.467796,468203.38061166496
E02006189,662111,390500,340500,6.350417,998001.4477856006
E02006189,662112,391500,340500,6.296095,659042.0265996446
E02006189,662792,381500,339500,6.091275,446288.11609821755
E02006189,662793,382500,339500,6.042362,1000000.0
E02006189,662794,383500,339500,6.058293,1000000.0
E02006189,662795,384500,339500,6.214027,1000000.0
E02006189,662796,385500,339500,6.716772,1000000.0
E02006189,662797,386500,339500,6.344116,1000000.0
E02006189,662798,387500,339500,6.4253,313327.55181167106
E02006189,662799,388500,339500,7.134604,373507.6564494269
E02006189,662800,389500,339500,6.457747,909834.883137879
E02006189,662801,390500,339500,6.290317,1000000.0
E02006189,662802,391500,339500,6.222042,975757.1890025407
E02006189,662803,392500,339500,6.295231,59067.55063342693
E02006189,663482,381500,338500,6.107563,313773.52163641824
E02006189,663483,382500,338500,6.07493,1000000.0
E02006189,663484,383500,338500,6.11203,1000000.0
E02006189,663485,384500,338500,6.195497,1000000.0
E02006189,663486,385500,338500,6.647764,1000000.0
E02006189,663487,386500,338500,6.397356,1000000.0
E02006189,663488,387500,338500,6.393257,970747.086102301
E02006189,663489,388500,338500,6.458679,977009.2214233287
E02006189,663490,389500,338500,6.275337,1000000.0
E02006189,663491,390500,338500,6.20468,1000000.0
E02006189,663492,391500,338500,6.182827,1000000.0
E02006189,663493,392500,338500,6.17241,811723.4098667426
E02006189,663494,393500,338500,6.157686,434250.02795855765
E02006189,664172,381500,337500,6.06575,1082.5618151011115
E02006189,664173,382500,337500,6.04285,753175.619615669
E02006189,664174,383500,337500,6.013965,1000000.0
E02006189,664175,384500,337500,6.207307,1000000.0
E02006189,664176,385500,337500,6.629048,1000000.0
E02006189,664177,386500,337500,6.39408,1000000.0
E02006189,664178,387500,337500,6.342553,1000000.0
E02006189,664179,388500,337500,6.313712,1000000.0
E02006189,664180,389500,337500,6.195141,1000000.0
E02006189,664181,390500,337500,6.175581,1000000.0
E02006189,664182,391500,337500,6.173648,1000000.0
E02006189,664183,392500,337500,6.117517,1000000.0
E02006189,664184,393500,337500,6.117403,951995.2062813275
E02006189,664185,394500,337500,6.086251,99962.89537466172
E02006189,664863,382500,336500,6.014307,477918.2628809297
E02006189,664864,383500,336500,6.135314,669300.1954902967
E02006189,664865,384500,336500,6.194935,1000000.0
E02006189,664866,385500,336500,6.480968,1000000.0
E02006189,664867,386500,336500,6.613475,1000000.0
E02006189,664868,387500,336500,6.362932,1000000.0
E02006189,664869,388500,336500,6.249941,1000000.0
E02006189,664870,389500,336500,6.247558,1000000.0
E02006189,664871,390500,336500,6.196739,1000000.0
E02006189,664872,391500,336500,6.182666,1000000.0
E02006189,664873,392500,336500,6.133471,1000000.0
E02006189,664874,393500,336500,6.165861,1000000.0
E02006189,664875,394500,336500,6.089178,609985.8149745258
E02006189,665554,383500,335500,6.117266,15.03513110618635
E02006189,665555,384500,335500,6.160249,630716.5082306678
E02006189,665556,385500,335500,6.192534,1000000.0
E02006189,665557,386500,335500,6.67777,1000000.0
E02006189,665558,387500,335500,6.392941,1000000.0
E02006189,665559,388500,335500,6.323082,999692.8149148485
E02006189,665560,389500,335500,6.337712,722549.1907372233
E02006189,665561,390500,335500,6.329597,911822.2869479281
E02006189,665562,391500,335500,6.272962,984636.7134680544
E02006189,665563,392500,335500,6.174463,1000000.0
E02006189,665564,393500,335500,6.201035,933441.9112460584
E02006189,665565,394500,335500,6.131855,302575.02206281066
E02006189,666245,384500,334500,6.014119,95106.01186180467
E02006189,666246,385500,334500,6.100129,879749.0450367549
E02006189,666247,386500,334500,6.222394,706097.2657532322
E02006189,666248,387500,334500,6.580034,918578.2319978538
E02006189,666249,388500,334500,6.366407,997214.9587183889
E02006189,666250,389500,334500,6.567821,118162.00312959772
E02006189,666251,390500,334500,6.599953,10590.678982527419
E02006189,666252,391500,334500,6.380899,47934.09519710997
E02006189,666253,392500,334500,6.2455,486645.6158439748
E02006189,666254,393500,334500,6.134854,219384.38224287613
E02006189,666936,385500,333500,6.058879,36247.05906337216
E02006189,666938,387500,333500,6.621818,410569.55821332237
E02006189,666939,388500,333500,6.415826,783911.8016469523
E02006189,666940,389500,333500,6.499443,149579.29093170573
E02006189,667629,388500,332500,6.678032,5.210133075791248
E02006190,665559,388500,335500,6.323082,307.185085151558
E02006190,665560,389500,335500,6.337712,277450.80926277675
E02006190,665561,390500,335500,6.329597,88177.71305207195
E02006190,665562,391500,335500,6.272962,15363.286531945589
E02006190,666249,388500,334500,6.366407,2785.041281611054
E02006190,666250,389500,334500,6.567821,881837.9968704022
E02006190,666251,390500,334500,6.599953,989409.3210174725
E02006190,666252,391500,334500,6.380899,674554.1795772156
E02006190,666939,388500,333500,6.415826,7938.047122773783
E02006190,666940,389500,333500,6.499443,846457.5978221686
E02006190,666941,390500,333500,6.749088,886927.6288651705
E02006190,666942,391500,333500,6.537697,421580.63157222397
E02006190,667630,389500,332500,6.50493,327170.6016001375
E02006190,667631,390500,332500,6.807239,98759.00461942061
E02006190,667632,391500,332500,6.585843,5832.125659719972
E02006191,664875,394500,336500,6.089178,290113.04165515787
E02006191,664876,395500,336500,6.064935,346272.4845875893
E02006191,664877,396500,336500,6.083066,630.7807162340914
E02006191,665564,393500,335500,6.201035,66558.08875394151
E02006191,665565,394500,335500,6.131855,697424.9779371894
E02006191,665566,395500,335500,6.0509,1000000.0
E02006191,665567,396500,335500,6.043625,775502.1660584961
E02006191,665568,397500,335500,5.982321,375887.1787787579
E02006191,665569,398500,335500,5.959682,3735.7876496096073
E02006191,666252,391500,334500,6.380899,277511.72522567445
E02006191,666253,392500,334500,6.2455,513354.3841560252
E02006191,666254,393500,334500,6.134854,780615.6177571239
E02006191,666255,394500,334500,6.110903,1000000.0
E02006191,666256,395500,334500,6.055809,1000000.0
E02006191,666257,396500,334500,6.036581,1000000.0
E02006191,666258,397500,334500,6.015432,1000000.0
E02006191,666259,398500,334500,6.040128,737245.439801069
E02006191,666260,399500,334500,5.995699,52949.439442792354
E02006191,666939,388500,333500,6.415826,202944.71893953093
E02006191,666940,389500,333500,6.499443,3963.111246125606
E02006191,666941,390500,333500,6.749088,113072.3711348294
E02006191,666942,391500,333500,6.537697,578419.3684277761
E02006191,666943,392500,333500,6.252214,1000000.0
E02006191,666944,393500,333500,6.127183,1000000.0
E02006191,666945,394500,333500,6.051263,1000000.0
E02006191,666946,395500,333500,6.03087,1000000.0
E02006191,666947,396500,333500,5.999933,1000000.0
E02006191,666948,397500,333500,6.002209,1000000.0
E02006191,666949,398500,333500,6.005576,995380.2161466356
E02006191,666950,399500,333500,5.988809,547236.3167445256
E02006191,666951,400500,333500,6.055619,4476.301081622077
E02006191,666952,401500,333500,6.075051,2300.1677705909615
E02006191,667629,388500,332500,6.678032,574787.156639341
E02006191,667630,389500,332500,6.50493,672829.3983998626
E02006191,667631,390500,332500,6.807239,901240.9953805794
E02006191,667632,391500,332500,6.585843,994167.87434028
E02006191,667633,392500,332500,6.229527,1000000.0
E02006191,667634,393500,332500,6.107609,1000000.0
E02006191,667635,394500,332500,6.031265,1000000.0
E02006191,667636,395500,332500,6.028682,1000000.0
E02006191,667637,396500,332500,6.007621,1000000.0
E02006191,667638,397500,332500,6.027616,1000000.0
E02006191,667639,398500,332500,6.004122,1000000.0
E02006191,667640,399500,332500,5.980596,1000000.0
E02006191,667641,400500,332500,6.055176,724838.2442672509
E02006191,667642,401500,332500,6.172116,441.0911579644393
E02006191,668319,388500,331500,6.486162,136825.06739252867
E02006191,668320,389500,331500,6.333897,1000000.0
E02006191,668321,390500,331500,6.256645,1000000.0
E02006191,668322,391500,331500,6.321504,1000000.0
E02006191,668323,392500,331500,6.225904,1000000.0
E02006191,668324,393500,331500,6.129574,1000000.0
E02006191,668325,394500,331500,6.065544,1000000.0
E02006191,668326,395500,331500,6.057359,1000000.0
E02006191,668327,396500,331500,6.055599,1000000.0
E02006191,668328,397500,331500,6.005615,1000000.0
E02006191,668329,398500,331500,6.031041,1000000.0
E02006191,668330,399500,331500,5.994691,1000000.0
E02006191,668331,400500,331500,6.115545,717239.1454844734
E02006191,669009,388500,330500,6.410872,52142.385778947406
E02006191,669010,389500,330500,6.425676,745614.5525586306
E02006191,669011,390500,330500,6.248648,951749.0968353662
E02006191,669012,391500,330500,6.19483,1000000.0
E02006191,669013,392500,330500,6.204883,935353.7732870354
E02006191,669014,393500,330500,6.169046,999373.3270481651
E02006191,669015,394500,330500,6.061769,1000000.0
E02006191,669016,395500,330500,6.093435,1000000.0
E02006191,669017,396500,330500,6.029305,985110.9796252559
E02006191,669018,397500,330500,5.983186,375371.60944065795
E02006191,669019,398500,330500,6.038714,599225.8079656566
E02006191,669020,399500,330500,6.032711,974674.9605581972
E02006191,669021,400500,330500,6.146905,260268.75511273995
E02006191,669701,390500,329500,6.154277,181429.60074160082
E02006191,669702,391500,329500,6.160556,149454.11566446378
E02006191,669703,392500,329500,6.136018,1263.9869179981858
E02006191,669704,393500,329500,6.159866,406215.31878372503
E02006191,669705,394500,329500,6.133045,954487.6818660334
E02006191,669706,395500,329500,6.065877,1000000.0
E02006191,669707,396500,329500,6.014865,830030.5533783938
E02006191,669708,397500,329500,6.013324,6503.6470742926585
E02006191,669709,398500,329500,6.052708,108067.18181702284
E02006191,669710,399500,329500,6.059201,157818.4018471622
E02006191,670395,394500,328500,6.076866,56863.3948844575
E02006191,670396,395500,328500,6.185648,536348.9254066565
E02006191,670397,396500,328500,6.09746,902980.9936074158
E02006191,670398,397500,328500,6.044765,1725.974210969671
E02006191,671087,396500,327500,6.224099,13304.214806128603
E02006192,664169,378500,337500,5.931144,114132.47862052439
E02006192,664170,379500,337500,5.918258,109050.793923155
E02006192,664171,380500,337500,6.026525,50241.896116836375
E02006192,664858,377500,336500,5.770779,454202.40396191704
E02006192,664859,378500,336500,5.856978,999116.6671969813
E02006192,664860,379500,336500,5.888566,1000000.0
E02006192,664861,380500,336500,6.00879,867228.1384926286
E02006192,664862,381500,336500,6.049386,471280.03375093354
E02006192,664863,382500,336500,6.014307,228090.39941025944
E02006192,664864,383500,336500,6.135314,330699.80450970336
E02006192,665545,374500,335500,5.810666,82178.5955977651
E02006192,665546,375500,335500,5.853906,540180.034519112
E02006192,665547,376500,335500,5.784314,567915.1402726285
E02006192,665548,377500,335500,5.739646,994035.9770731996
E02006192,665549,378500,335500,5.757432,1000000.0
E02006192,665550,379500,335500,5.912868,1000000.0
E02006192,665551,380500,335500,6.023363,1000000.0
E02006192,665552,381500,335500,6.033308,1000000.0
E02006192,665553,382500,335500,6.007981,1000000.0
E02006192,665554,383500,335500,6.117266,999984.9648688938
E02006192,665555,384500,335500,6.160249,369283.4917693322
E02006192,666235,374500,334500,5.727813,526726.1062679936
E02006192,666236,375500,334500,5.874097,1000000.0
E02006192,666237,376500,334500,5.738139,1000000.0
E02006192,666238,377500,334500,5.754881,1000000.0
E02006192,666239,378500,334500,5.826074,1000000.0
E02006192,666240,379500,334500,5.813942,1000000.0
E02006192,666241,380500,334500,5.978018,1000000.0
E02006192,666242,381500,334500,5.96047,1000000.0
E02006192,666243,382500,334500,6.00606,1000000.0
E02006192,666244,383500,334500,6.06619,1000000.0
E02006192,666245,384500,334500,6.014119,904893.9881381954
E02006192,666246,385500,334500,6.100129,120250.95496324499
E02006192,666247,386500,334500,6.222394,293902.7342467679
E02006192,666248,387500,334500,6.580034,81421.76800214608
E02006192,666925,374500,333500,5.619095,575940.4044977798
E02006192,666926,375500,333500,5.743616,1000000.0
E02006192,666927,376500,333500,5.708625,1000000.0
E02006192,666928,377500,333500,5.73547,1000000.0
E02006192,666929,378500,333500,5.778358,1000000.0
E02006192,666930,379500,333500,5.752826,1000000.0
E02006192,666931,380500,333500,5.872952,1000000.0
E02006192,666932,381500,333500,5.892589,1000000.0
E02006192,666933,382500,333500,5.952481,1000000.0
E02006192,666934,383500,333500,5.954865,1000000.0
E02006192,666935,384500,333500,5.934686,1000000.0
E02006192,666936,385500,333500,6.058879,963752.9409366278
E02006192,666937,386500,333500,6.180692,1000000.0
E02006192,666938,387500,333500,6.621818,589430.4417866777
E02006192,666939,388500,333500,6.415826,5205.432290742996
E02006192,667615,374500,332500,5.646726,296121.33345925465
E02006192,667616,375500,332500,5.723737,1000000.0
E02006192,667617,376500,332500,5.700892,1000000.0
E02006192,667618,377500,332500,5.695115,1000000.0
E02006192,667619,378500,332500,5.742516,1000000.0
E02006192,667620,379500,332500,5.749732,1000000.0
E02006192,667621,380500,332500,5.946037,1000000.0
E02006192,667622,381500,332500,5.939075,1000000.0
E02006192,667623,382500,332500,5.937336,1000000.0
E02006192,667624,383500,332500,5.970981,1000000.0
E02006192,667625,384500,332500,5.908568,1000000.0
E02006192,667626,385500,332500,6.044689,1000000.0
E02006192,667627,386500,332500,6.13751,1000000.0
E02006192,667628,387500,332500,6.158056,1000000.0
E02006192,667629,388500,332500,6.678032,425207.6332275832
E02006192,668305,374500,331500,5.60014,499138.1427998194
E02006192,668306,375500,331500,5.637355,1000000.0
E02006192,668307,376500,331500,5.631204,1000000.0
E02006192,668308,377500,331500,5.733896,1000000.0
E02006192,668309,378500,331500,5.768491,1000000.0
E02006192,668310,379500,331500,5.722447,1000000.0
E02006192,668311,380500,331500,5.807601,1000000.0
E02006192,668312,381500,331500,5.885578,1000000.0
E02006192,668313,382500,331500,5.918719,1000000.0
E02006192,668314,383500,331500,5.927125,1000000.0
E02006192,668315,384500,331500,6.030968,1000000.0
E02006192,668316,385500,331500,6.06336,1000000.0
E02006192,668317,386500,331500,6.078781,1000000.0
E02006192,668318,387500,331500,6.144992,1000000.0
E02006192,668319,388500,331500,6.486162,863174.9326074714
E02006192,668995,374500,330500,5.617595,554532.1452669974
E02006192,668996,375500,330500,5.650636,1000000.0
E02006192,668997,376500,330500,5.665002,1000000.0
E02006192,668998,377500,330500,5.667375,1000000.0
E02006192,668999,378500,330500,5.708732,1000000.0
E02006192,669000,379500,330500,5.719106,1000000.0
E02006192,669001,380500,330500,5.825849,1000000.0
E02006192,669002,381500,330500,5.81577,1000000.0
E02006192,669003,382500,330500,5.948608,1000000.0
E02006192,669004,383500,330500,5.909198,1000000.0
E02006192,669005,384500,330500,6.005466,1000000.0
E02006192,669006,385500,330500,6.053366,1000000.0
E02006192,669007,386500,330500,5.996436,1000000.0
E02006192,669008,387500,330500,6.054799,1000000.0
E02006192,669009,388500,330500,6.410872,930677.7676721504
E02006192,669010,389500,330500,6.425676,9419.782675507096
E02006192,669684,373500,329500,5.626318,13415.208178584304
E02006192,669685,374500,329500,5.686449,885143.1175824292
E02006192,669686,375500,329500,5.695089,1000000.0
E02006192,669687,376500,329500,5.641652,1000000.0
E02006192,669688,377500,329500,5.772385,1000000.0
E02006192,669689,378500,329500,5.696953,1000000.0
E02006192,669690,379500,329500,5.675609,1000000.0
E02006192,669691,380500,329500,5.813642,1000000.0
E02006192,669692,381500,329500,5.833206,1000000.0
E02006192,669693,382500,329500,5.89985,1000000.0
E02006192,669694,383500,329500,6.020522,1000000.0
E02006192,669695,384500,329500,5.985933,1000000.0
E02006192,669696,385500,329500,5.996926,1000000.0
E02006192,669697,386500,329500,5.965895,1000000.0
E02006192,669698,387500,329500,6.047804,1000000.0
E02006192,669699,388500,329500,6.258865,878732.4366916514
E02006192,669700,389500,329500,6.4475,29478.66111086807
E02006192,670374,373500,328500,5.695564,155213.3964613898
E02006192,670375,374500,328500,5.746089,1000000.0
E02006192,670376,375500,328500,5.799695,1000000.0
E02006192,670377,376500,328500,5.809453,1000000.0
E02006192,670378,377500,328500,5.78635,1000000.0
E02006192,670379,378500,328500,5.772264,1000000.0
E02006192,670380,379500,328500,5.739837,1000000.0
E02006192,670381,380500,328500,5.894361,1000000.0
E02006192,670382,381500,328500,5.9019,1000000.0
E02006192,670383,382500,328500,5.979614,1000000.0
E02006192,670384,383500,328500,6.060234,1000000.0
E02006192,670385,384500,328500,5.99675,1000000.0
E02006192,670386,385500,328500,5.948177,1000000.0
E02006192,670387,386500,328500,6.061791,1000000.0
E02006192,670388,387500,328500,6.096075,651702.9858341774
E02006192,670389,388500,328500,6.081993,421572.66373035277
E02006192,671064,373500,327500,5.823237,372570.73263882863
E02006192,671065,374500,327500,5.80865,999373.4890865013
E02006192,671066,375500,327500,5.835573,792172.1087333581
E02006192,671067,376500,327500,5.828085,968319.4001373568
E02006192,671068,377500,327500,5.745461,834336.4862386526
E02006192,671069,378500,327500,5.788862,471615.53895391274
E02006192,671070,379500,327500,5.736321,946406.2905692569
E02006192,671071,380500,327500,5.902454,892371.436937087
E02006192,671072,381500,327500,5.96034,1000000.0
E02006192,671073,382500,327500,5.95072,970109.8558290957
E02006192,671074,383500,327500,6.004376,667645.0985862248
E02006192,671075,384500,327500,5.996862,738791.318658287
E02006192,671076,385500,327500,6.02764,1000000.0
E02006192,671077,386500,327500,6.074952,979059.2515996165
E02006192,671078,387500,327500,6.126138,64285.21605210286
E02006192,671079,388500,327500,6.110911,15921.421839295595
E02006192,671753,372500,326500,5.74764,228042.90470915518
E02006192,671754,373500,326500,5.769947,648095.9471971847
E02006192,671755,374500,326500,5.835216,817922.3713394143
E02006192,671757,376500,326500,5.911046,130342.43384686648
E02006192,671758,377500,326500,5.775857,76237.38890551192
E02006192,671760,379500,326500,5.762939,50.30978050934595
E02006192,671761,380500,326500,5.952167,19865.7763529669
E02006192,671762,381500,326500,5.995203,803448.8081325818
E02006192,671763,382500,326500,6.001333,71763.1704953868
E02006192,671765,384500,326500,5.999182,96123.81544233546
E02006192,671766,385500,326500,6.02009,398229.4994157385
E02006192,671767,386500,326500,6.046008,432648.56983898545
E02006192,671768,387500,326500,6.0513,31431.258247325102
E02006192,672443,372500,325500,5.76075,643991.9754888277
E02006192,672444,373500,325500,5.772308,1000000.0
E02006192,672445,374500,325500,5.789824,894653.8961671774
E02006192,672452,381500,325500,5.99681,10537.919665924717
E02006192,673133,372500,324500,5.72398,595.927779199172
E02006192,673134,373500,324500,5.776827,368344.0103184548
E02006192,673135,374500,324500,5.781245,911220.427716456
E02006192,673136,375500,324500,5.861517,302193.0877351818
E02006192,673825,374500,323500,5.809686,26828.748655930787
E02006193,669009,388500,330500,6.410872,17179.846548902242
E02006193,669010,389500,330500,6.425676,244965.66476586237
E02006193,669011,390500,330500,6.248648,48250.903164633746
E02006193,669013,392500,330500,6.204883,64646.22671296464
E02006193,669014,393500,330500,6.169046,626.67295183487
E02006193,669699,388500,329500,6.258865,121267.5633083486
E02006193,669700,389500,329500,6.4475,970521.338889132
E02006193,669701,390500,329500,6.154277,818570.3992583991
E02006193,669702,391500,329500,6.160556,850545.8843355363
E02006193,669703,392500,329500,6.136018,998736.0130820017
E02006193,669704,393500,329500,6.159866,593784.6812162751
E02006193,669705,394500,329500,6.133045,24788.817195663407
E02006193,670388,387500,328500,6.096075,348297.0141658226
E02006193,670389,388500,328500,6.081993,578427.3362696472
E02006193,670390,389500,328500,6.469175,1000000.0
E02006193,670391,390500,328500,6.223233,1000000.0
E02006193,670392,391500,328500,6.16273,1000000.0
E02006193,670393,392500,328500,6.113376,1000000.0
E02006193,670394,393500,328500,6.118823,525106.5731950456
E02006193,670395,394500,328500,6.076866,2540.241317934322
E02006193,671077,386500,327500,6.074952,20940.748400383574
E02006193,671078,387500,327500,6.126138,935714.7839478973
E02006193,671079,388500,327500,6.110911,984078.5781607043
E02006193,671080,389500,327500,6.481511,909121.384021936
E02006193,671081,390500,327500,6.376025,1000000.0
E02006193,671082,391500,327500,6.231974,1000000.0
E02006193,671083,392500,327500,6.185876,755779.7156179677
E02006193,671084,393500,327500,6.115375,42240.5947510188
E02006193,671767,386500,326500,6.046008,7341.607817575556
E02006193,671768,387500,326500,6.0513,674302.8077972856
E02006193,671769,388500,326500,6.129952,660118.041820862
E02006193,671770,389500,326500,6.376185,695840.2467445458
E02006193,671771,390500,326500,6.54792,1000000.0
E02006193,671772,391500,326500,6.595766,998965.064106149
E02006193,671773,392500,326500,6.316344,182226.61368802836
E02006193,672460,389500,325500,6.190462,509247.84298173944
E02006193,672461,390500,325500,6.830832,865613.4639043303
E02006193,672462,391500,325500,6.633955,451626.706955837
E02006193,672463,392500,325500,6.391263,912175.8000587089
E02006193,672464,393500,325500,6.318626,8629.544245204288
E02006193,673150,389500,324500,6.537992,25553.808126258948
E02006193,673151,390500,324500,6.356413,111953.7552087912
E02006193,673152,391500,324500,6.549143,42973.798417977945
E02006193,673153,392500,324500,6.659464,203539.329079338
E02006193,673154,393500,324500,6.626718,46699.09611601115
E02006194,672460,389500,325500,6.190462,74.1229868167433
E02006194,672461,390500,325500,6.830832,134386.5360956698
E02006194,672462,391500,325500,6.633955,548373.2930441628
E02006194,673150,389500,324500,6.537992,286280.7893488796
E02006194,673151,390500,324500,6.356413,888046.2447912089
E02006194,673152,391500,324500,6.549143,668323.0730616836
E02006194,673840,389500,323500,6.533762,244053.24184956553
E02006194,673841,390500,323500,6.484699,674528.0821924753
E02006194,673842,391500,323500,6.493578,361181.64393893647
E02006195,666952,401500,333500,6.075051,5144.262885079929
E02006195,667641,400500,332500,6.055176,170790.90123769437
E02006195,667642,401500,332500,6.172116,707200.7525661202
E02006195,667643,402500,332500,6.096835,6800.53178977044
E02006195,668331,400500,331500,6.115545,282760.8545155265
E02006195,668332,401500,331500,6.116581,1000000.0
E02006195,668333,402500,331500,6.041173,149462.7894731906
E02006195,669017,396500,330500,6.029305,14889.020374744137
E02006195,669018,397500,330500,5.983186,624628.390559342
E02006195,669019,398500,330500,6.038714,400774.1920343434
E02006195,669020,399500,330500,6.032711,25325.039441802764
E02006195,669021,400500,330500,6.146905,739731.24488726
E02006195,669022,401500,330500,6.192935,1000000.0
E02006195,669023,402500,330500,6.081389,598993.0687414232
E02006195,669024,403500,330500,6.045275,229258.54363107146
E02006195,669025,404500,330500,6.026664,114638.42698769065
E02006195,669705,394500,329500,6.133045,20723.500938303263
E02006195,669707,396500,329500,6.014865,169969.44662160624
E02006195,669708,397500,329500,6.013324,993496.3529257074
E02006195,669709,398500,329500,6.052708,891932.8181829771
E02006195,669710,399500,329500,6.059201,842181.5981528378
E02006195,669711,400500,329500,6.175219,1000000.0
E02006195,669712,401500,329500,6.190777,1000000.0
E02006195,669713,402500,329500,6.133434,1000000.0
E02006195,669714,403500,329500,6.098187,1000000.0
E02006195,669715,404500,329500,6.056117,405746.00429169415
E02006195,670394,393500,328500,6.118823,474893.4268049544
E02006195,670395,394500,328500,6.076866,940596.3637976081
E02006195,670396,395500,328500,6.185648,463651.0745933435
E02006195,670397,396500,328500,6.09746,97019.00639258412
E02006195,670398,397500,328500,6.044765,998274.0257890304
E02006195,670399,398500,328500,6.027375,1000000.0
E02006195,670400,399500,328500,6.087361,1000000.0
E02006195,670401,400500,328500,6.162855,1000000.0
E02006195,670402,401500,328500,6.13876,1000000.0
E02006195,670403,402500,328500,6.023954,1000000.0
E02006195,670404,403500,328500,6.024421,1000000.0
E02006195,670405,404500,328500,5.980741,387335.86420579563
E02006195,671083,392500,327500,6.185876,19026.940004456257
E02006195,671084,393500,327500,6.115375,659923.9250418863
E02006195,671085,394500,327500,6.101633,991868.5744290116
E02006195,671086,395500,327500,6.097259,1000000.0
E02006195,671087,396500,327500,6.224099,986695.7851938715
E02006195,671088,397500,327500,6.234928,1000000.0
E02006195,671089,398500,327500,6.123207,1000000.0
E02006195,671090,399500,327500,6.120708,1000000.0
E02006195,671091,400500,327500,6.131061,1000000.0
E02006195,671092,401500,327500,6.10414,1000000.0
E02006195,671093,402500,327500,6.075565,1000000.0
E02006195,671094,403500,327500,6.020079,663579.3511031932
E02006195,671095,404500,327500,6.013336,62761.26416505163
E02006195,671775,394500,326500,6.2163,167364.9738866579
E02006195,671776,395500,326500,6.160748,378114.2539229802
E02006195,671777,396500,326500,6.221433,550692.2920556708
E02006195,671778,397500,326500,6.256746,806006.1976447856
E02006195,671779,398500,326500,6.185685,1000000.0
E02006195,671780,399500,326500,6.206306,1000000.0
E02006195,671781,400500,326500,6.162889,1000000.0
E02006195,671782,401500,326500,6.066383,1000000.0
E02006195,671783,402500,326500,6.058611,1000000.0
E02006195,671784,403500,326500,6.075838,346064.81704669376
E02006195,672468,397500,325500,6.17922,52551.81243500866
E02006195,672469,398500,325500,6.257652,643032.7971815862
E02006195,672470,399500,325500,6.1802,999982.176059128
E02006195,672471,400500,325500,6.184527,1000000.0
E02006195,672472,401500,325500,6.097413,1000000.0
E02006195,672473,402500,325500,6.026927,644611.0595422884
E02006195,672474,403500,325500,6.030787,8636.732146005848
E02006195,673159,398500,324500,6.131164,1865.8302003676638
E02006195,673160,399500,324500,6.215817,676730.0936373412
E02006195,673161,400500,324500,6.140831,1000000.0
E02006195,673162,401500,324500,6.096906,1000000.0
E02006195,673163,402500,324500,6.090243,678728.466882735
E02006195,673849,398500,323500,6.191738,2934.924107574941
E02006195,673850,399500,323500,6.223053,718422.8899087963
E02006195,673851,400500,323500,6.279084,1000000.0
E02006195,673852,401500,323500,6.255701,1000000.0
E02006195,673853,402500,323500,6.199393,999501.7431692887
E02006195,673854,403500,323500,6.106586,290016.6484655754
E02006195,674539,398500,322500,6.229752,122303.19215528632
E02006195,674540,399500,322500,6.286372,941999.0999695533
E02006195,674541,400500,322500,6.377311,1000000.0
E02006195,674542,401500,322500,6.296983,1000000.0
E02006195,674543,402500,322500,6.237508,996474.9385977595
E02006195,674544,403500,322500,6.13304,230813.15276515525
E02006195,675228,397500,321500,6.267913,38563.44162694921
E02006195,675229,398500,321500,6.14265,945331.7821187926
E02006195,675230,399500,321500,6.185234,1000000.0
E02006195,675231,400500,321500,6.389113,1000000.0
E02006195,675232,401500,321500,6.318789,1000000.0
E02006195,675233,402500,321500,6.21352,1000000.0
E02006195,675234,403500,321500,6.231348,556964.4498892325
E02006195,675919,398500,320500,6.110448,503637.62261792546
E02006195,675920,399500,320500,6.09721,1000000.0
E02006195,675921,400500,320500,6.197195,1000000.0
E02006195,675922,401500,320500,6.301698,1000000.0
E02006195,675923,402500,320500,6.354937,1000000.0
E02006195,675924,403500,320500,6.40211,544994.8444503633
E02006195,676609,398500,319500,6.080045,197299.1524363067
E02006195,676610,399500,319500,6.068521,1000000.0
E02006195,676611,400500,319500,6.172682,1000000.0
E02006195,676612,401500,319500,6.221659,1000000.0
E02006195,676613,402500,319500,6.298995,997574.2408114423
E02006195,676614,403500,319500,6.522145,517059.5627529044
E02006195,677299,398500,318500,6.095934,289251.0998848023
E02006195,677300,399500,318500,6.098029,915177.1175219424
E02006195,677301,400500,318500,6.303021,613108.5976932574
E02006195,677302,401500,318500,6.236941,701518.2839754516
E02006195,677303,402500,318500,6.34646,240482.8749995084
E02006195,677989,398500,317500,6.129344,7615.496009374828
E02006195,677990,399500,317500,6.129759,113.9632017353376
E02006196,673153,392500,324500,6.659464,161377.10765711212
E02006196,673154,393500,324500,6.626718,238063.37986711558
E02006196,673843,392500,323500,6.698611,485318.51343047235
E02006196,673844,393500,323500,6.73232,545495.5642546157
E02006196,674533,392500,322500,6.714465,4927.1793188272095
E02006196,674534,393500,322500,6.54103,73649.1644349483
E02006197,672463,392500,325500,6.391263,21594.317368276068
E02006197,673152,391500,324500,6.549143,288703.1285203384
E02006197,673153,392500,324500,6.659464,635083.5632635499
E02006197,673154,393500,324500,6.626718,161731.55767156248
E02006197,673842,391500,323500,6.493578,457968.98205189145
E02006197,673843,392500,323500,6.698611,514681.48656952765
E02006197,674532,391500,322500,6.561451,36646.84390420836
E02006197,674533,392500,322500,6.714465,818922.47036541
E02006197,674534,393500,322500,6.54103,174248.60368727747
E02006197,675223,392500,321500,6.705356,4995.396976954395
E02006198,671083,392500,327500,6.185876,225193.34437757614
E02006198,671084,393500,327500,6.115375,297835.4802070948
E02006198,671085,394500,327500,6.101633,8131.425570988419
E02006198,671772,391500,326500,6.595766,1034.935893851045
E02006198,671773,392500,326500,6.316344,817773.3863119717
E02006198,671774,393500,326500,6.197104,1000000.0
E02006198,671775,394500,326500,6.2163,832635.026113342
E02006198,671776,395500,326500,6.160748,621885.7460770197
E02006198,671777,396500,326500,6.221433,449307.7079443293
E02006198,671778,397500,326500,6.256746,193993.80235521437
E02006198,672463,392500,325500,6.391263,66229.88257301501
E02006198,672464,393500,325500,6.318626,991370.4557547957
E02006198,672465,394500,325500,6.319974,1000000.0
E02006198,672466,395500,325500,6.231289,1000000.0
E02006198,672467,396500,325500,6.179317,1000000.0
E02006198,672468,397500,325500,6.17922,947448.1875649913
E02006198,672469,398500,325500,6.257652,356967.20281841385
E02006198,672470,399500,325500,6.1802,17.82394087201219
E02006198,673154,393500,324500,6.626718,553505.9663453108
E02006198,673155,394500,324500,6.436625,1000000.0
E02006198,673156,395500,324500,6.307287,1000000.0
E02006198,673157,396500,324500,6.310667,1000000.0
E02006198,673158,397500,324500,6.170169,1000000.0
E02006198,673159,398500,324500,6.131164,998134.1697996324
E02006198,673160,399500,324500,6.215817,323269.9063626587
E02006198,673844,393500,323500,6.73232,454504.43574538437
E02006198,673845,394500,323500,6.634085,1000000.0
E02006198,673846,395500,323500,6.374136,1000000.0
E02006198,673847,396500,323500,6.298593,1000000.0
E02006198,673848,397500,323500,6.257945,1000000.0
E02006198,673849,398500,323500,6.191738,997065.0758924251
E02006198,673850,399500,323500,6.223053,281577.11009120377
E02006198,674533,392500,322500,6.714465,9731.772961343859
E02006198,674534,393500,322500,6.54103,713863.2818568506
E02006198,674535,394500,322500,6.619341,609115.6595536466
E02006198,674536,395500,322500,6.499527,740882.6518732948
E02006198,674537,396500,322500,6.311451,1000000.0
E02006198,674538,397500,322500,6.227824,1000000.0
E02006198,674539,398500,322500,6.229752,877696.8078447137
E02006198,674540,399500,322500,6.286372,58000.9000304468
E02006198,675223,392500,321500,6.705356,48.93362303417433
E02006198,675224,393500,321500,6.621178,212405.62042760797
E02006198,675225,394500,321500,6.672546,10.686685816987048
E02006198,675226,395500,321500,6.582655,13335.815764151412
E02006198,675227,396500,321500,6.405951,606176.7148550311
E02006198,675228,397500,321500,6.267913,961436.5583730509
E02006198,675229,398500,321500,6.14265,54668.21788120728
E02006198,675917,396500,320500,6.317947,180167.18940431
E02006198,675918,397500,320500,6.172219,862275.6525024739
E02006198,675919,398500,320500,6.110448,378726.8918018743
E02006198,676608,397500,319500,6.140718,19308.979271070883
E02006199,671073,382500,327500,5.95072,29890.144170904296
E02006199,671074,383500,327500,6.004376,332354.9014137753
E02006199,671075,384500,327500,5.996862,261208.6813417129
E02006199,671080,389500,327500,6.481511,90878.61597806406
E02006199,671762,381500,326500,5.995203,5409.96002262442
E02006199,671763,382500,326500,6.001333,928236.8295046133
E02006199,671764,383500,326500,5.943014,1000000.0
E02006199,671765,384500,326500,5.999182,903876.1845576646
E02006199,671766,385500,326500,6.02009,601770.5005842616
E02006199,671767,386500,326500,6.046008,560009.822343439
E02006199,671768,387500,326500,6.0513,294265.9339553893
E02006199,671769,388500,326500,6.129952,339881.958179138
E02006199,671770,389500,326500,6.376185,304159.7532554541
E02006199,672452,381500,325500,5.99681,36990.96145271331
E02006199,672453,382500,325500,5.995544,935881.2846472387
E02006199,672454,383500,325500,5.989049,1000000.0
E02006199,672455,384500,325500,5.924525,1000000.0
E02006199,672456,385500,325500,5.948584,1000000.0
E02006199,672457,386500,325500,5.996665,1000000.0
E02006199,672458,387500,325500,5.967077,1000000.0
E02006199,672459,388500,325500,6.079109,1000000.0
E02006199,672460,389500,325500,6.190462,490678.03403144376
E02006199,673143,382500,324500,5.972994,506711.91351860075
E02006199,673144,383500,324500,5.918506,1000000.0
E02006199,673145,384500,324500,5.8868,1000000.0
E02006199,673146,385500,324500,6.019266,1000000.0
E02006199,673147,386500,324500,5.975578,1000000.0
E02006199,673148,387500,324500,5.983921,1000000.0
E02006199,673149,388500,324500,6.041137,1000000.0
E02006199,673150,389500,324500,6.537992,688165.4025248614
E02006199,673833,382500,323500,6.006288,13586.629680191894
E02006199,673834,383500,323500,6.023212,905041.1535247394
E02006199,673835,384500,323500,5.944352,1000000.0
E02006199,673836,385500,323500,6.009808,1000000.0
E02006199,673837,386500,323500,5.977246,1000000.0
E02006199,673838,387500,323500,6.008361,1000000.0
E02006199,673839,388500,323500,6.068473,1000000.0
E02006199,673840,389500,323500,6.533762,755946.7581504345
E02006199,673841,390500,323500,6.484699,325471.91780752485
E02006199,673842,391500,323500,6.493578,180849.37400917214
E02006199,674524,383500,322500,5.993074,224789.45325899907
E02006199,674525,384500,322500,5.938191,654066.1058887716
E02006199,674526,385500,322500,5.95941,699138.7234260367
E02006199,674527,386500,322500,5.979691,721765.5725068883
E02006199,674528,387500,322500,5.985649,741883.791965794
E02006199,674529,388500,322500,6.149213,1000000.0
E02006199,674530,389500,322500,6.635997,1000000.0
E02006199,674531,390500,322500,6.498625,997938.5164284722
E02006199,674532,391500,322500,6.561451,946533.5252089296
E02006199,674533,392500,322500,6.714465,143155.62188898475
E02006199,675218,387500,321500,6.037656,228568.69224210852
E02006199,675219,388500,321500,6.228228,632822.3478933844
E02006199,675220,389500,321500,6.444185,968935.9450371001
E02006199,675221,390500,321500,6.820088,624210.3826674775
E02006199,675222,391500,321500,6.671797,349420.55763436167
E02006199,675223,392500,321500,6.705356,229359.95211749763
E02006199,675910,389500,320500,6.10819,632119.1562297405
E02006199,675911,390500,320500,6.351165,507267.2006532051
E02006199,675912,391500,320500,6.823278,665566.0460028545
E02006199,675913,392500,320500,6.851128,11177.737658996117
E02006199,676600,389500,319500,6.044027,65567.32713458332
E02006199,676601,390500,319500,6.17951,4.347255984970419
E02006199,676602,391500,319500,6.256388,344453.29660848924
E02006199,676603,392500,319500,6.701144,233296.4847180527
E02006200,674531,390500,322500,6.498625,2061.483571527749
E02006200,674532,391500,322500,6.561451,16819.630886861985
E02006200,675221,390500,321500,6.820088,375789.6173325226
E02006200,675222,391500,321500,6.671797,650579.4423656384
E02006200,675223,392500,321500,6.705356,292119.09425641573
E02006200,675911,390500,320500,6.351165,160.4322948477266
E02006200,675912,391500,320500,6.823278,320211.67839734856
E02006200,675913,392500,320500,6.851128,81652.19315093655
E02006201,674534,393500,322500,6.54103,11621.156304102758
E02006201,674535,394500,322500,6.619341,390884.34044635337
E02006201,674536,395500,322500,6.499527,259117.3481267051
E02006201,675224,393500,321500,6.621178,234749.24800859892
E02006201,675225,394500,321500,6.672546,999989.3133141831
E02006201,675226,395500,321500,6.582655,986664.1842358486
E02006201,675227,396500,321500,6.405951,393823.2851449688
E02006201,675914,393500,320500,6.419364,202306.66273355467
E02006201,675915,394500,320500,6.560178,721851.0266596681
E02006201,675916,395500,320500,6.435942,987886.5058700389
E02006201,675917,396500,320500,6.317947,819832.81059569
E02006201,675918,397500,320500,6.172219,137724.3474975263
E02006201,675919,398500,320500,6.110448,117635.48558020024
E02006201,676606,395500,319500,6.307308,611530.8573841777
E02006201,676607,396500,319500,6.219461,1000000.0
E02006201,676608,397500,319500,6.140718,980691.0207289291
E02006201,676609,398500,319500,6.080045,802700.8475636933
E02006201,677295,394500,318500,6.417838,1580.4914339158274
E02006201,677296,395500,318500,6.286602,279071.18858155876
E02006201,677297,396500,318500,6.260508,548400.6507765647
E02006201,677298,397500,318500,6.128829,942666.712542656
E02006201,677299,398500,318500,6.095934,710748.9001151978
E02006201,677988,397500,317500,6.157658,482584.68060940644
E02006201,677989,398500,317500,6.129344,953213.2348804895
E02006201,677990,399500,317500,6.129759,33870.417648066825
E02006201,678678,397500,316500,6.201862,131422.09965589235
E02006201,678679,398500,316500,6.188487,950814.5372545464
E02006201,678680,399500,316500,6.196846,5495.517928718602
E02006201,679369,398500,315500,6.290162,251192.0047382846
E02006202,671065,374500,327500,5.80865,626.5109134987681
E02006202,671066,375500,327500,5.835573,207827.8912666419
E02006202,671067,376500,327500,5.828085,31680.599862643263
E02006202,671068,377500,327500,5.745461,165663.51376134736
E02006202,671069,378500,327500,5.788862,528384.4610460873
E02006202,671070,379500,327500,5.736321,53593.70943074304
E02006202,671071,380500,327500,5.902454,107628.56306291309
E02006202,671755,374500,326500,5.835216,182077.62866058564
E02006202,671756,375500,326500,5.906617,1000000.0
E02006202,671757,376500,326500,5.911046,869657.5661531335
E02006202,671758,377500,326500,5.775857,923762.6110944881
E02006202,671759,378500,326500,5.750237,1000000.0
E02006202,671760,379500,326500,5.762939,999949.6902194907
E02006202,671761,380500,326500,5.952167,980134.2236470331
E02006202,671762,381500,326500,5.995203,191141.2318447938
E02006202,672445,374500,325500,5.789824,105346.1038328227
E02006202,672446,375500,325500,5.841104,1000000.0
E02006202,672447,376500,325500,5.82169,1000000.0
E02006202,672448,377500,325500,5.811558,1000000.0
E02006202,672449,378500,325500,5.787687,1000000.0
E02006202,672450,379500,325500,5.826513,1000000.0
E02006202,672451,380500,325500,5.981524,1000000.0
E02006202,672452,381500,325500,5.99681,952471.118881362
E02006202,672453,382500,325500,5.995544,64118.71535276131
E02006202,673135,374500,324500,5.781245,26159.758986947403
E02006202,673136,375500,324500,5.861517,697806.9122648182
E02006202,673137,376500,324500,5.876612,1000000.0
E02006202,673138,377500,324500,5.836798,1000000.0
E02006202,673139,378500,324500,5.888562,1000000.0
E02006202,673140,379500,324500,5.912354,1000000.0
E02006202,673141,380500,324500,5.994956,1000000.0
E02006202,673142,381500,324500,6.001461,1000000.0
E02006202,673143,382500,324500,5.972994,493288.08648139937
E02006202,673825,374500,323500,5.809686,313150.54495111294
E02006202,673826,375500,323500,5.881742,1000000.0
E02006202,673827,376500,323500,5.894304,1000000.0
E02006202,673828,377500,323500,5.875726,1000000.0
E02006202,673829,378500,323500,5.862656,1000000.0
E02006202,673830,379500,323500,5.929817,1000000.0
E02006202,673831,380500,323500,6.019688,1000000.0
E02006202,673832,381500,323500,5.983681,1000000.0
E02006202,673833,382500,323500,6.006288,986413.3703198081
E02006202,673834,383500,323500,6.023212,94958.84647526057
E02006202,674515,374500,322500,5.840027,57391.32894550535
E02006202,674516,375500,322500,5.917947,977693.7208511315
E02006202,674517,376500,322500,5.945148,1000000.0
E02006202,674518,377500,322500,5.936702,1000000.0
E02006202,674519,378500,322500,5.849352,1000000.0
E02006202,674520,379500,322500,5.855603,1000000.0
E02006202,674521,380500,322500,5.926371,1000000.0
E02006202,674522,381500,322500,5.941593,1000000.0
E02006202,674523,382500,322500,6.009543,1000000.0
E02006202,674524,383500,322500,5.993074,775210.5467410008
E02006202,674525,384500,322500,5.938191,345933.89411122835
E02006202,674526,385500,322500,5.95941,300861.2765739634
E02006202,674527,386500,322500,5.979691,278234.42749311175
E02006202,674528,387500,322500,5.985649,258116.20803420586
E02006202,675205,374500,321500,5.874833,592184.3020925677
E02006202,675206,375500,321500,5.98634,999294.414862051
E02006202,675207,376500,321500,5.863538,1000000.0
E02006202,675208,377500,321500,5.892052,1000000.0
E02006202,675209,378500,321500,5.886645,1000000.0
E02006202,675210,379500,321500,5.868664,1000000.0
E02006202,675211,380500,321500,6.011318,1000000.0
E02006202,675212,381500,321500,5.97971,1000000.0
E02006202,675213,382500,321500,6.108307,1000000.0
E02006202,675214,383500,321500,6.054822,1000000.0
E02006202,675215,384500,321500,5.962265,1000000.0
E02006202,675216,385500,321500,5.940926,1000000.0
E02006202,675217,386500,321500,5.948074,1000000.0
E02006202,675218,387500,321500,6.037656,771431.3077578915
E02006202,675219,388500,321500,6.228228,367177.6521066156
E02006202,675220,389500,321500,6.444185,31064.054962899856
E02006202,675895,374500,320500,6.067125,102056.98094052234
E02006202,675896,375500,320500,6.082936,740713.9280785152
E02006202,675897,376500,320500,5.973312,1000000.0
E02006202,675898,377500,320500,5.842464,1000000.0
E02006202,675899,378500,320500,5.883298,1000000.0
E02006202,675900,379500,320500,5.90515,1000000.0
E02006202,675901,380500,320500,6.00611,1000000.0
E02006202,675902,381500,320500,6.097193,1000000.0
E02006202,675903,382500,320500,6.200764,1000000.0
E02006202,675904,383500,320500,6.102054,1000000.0
E02006202,675905,384500,320500,6.081275,1000000.0
E02006202,675906,385500,320500,6.03742,1000000.0
E02006202,675907,386500,320500,6.022505,1000000.0
E02006202,675908,387500,320500,5.994073,1000000.0
E02006202,675909,388500,320500,6.100286,1000000.0
E02006202,675910,389500,320500,6.10819,355124.5448657826
E02006202,675911,390500,320500,6.351165,538.5669340299352
E02006202,676586,375500,319500,6.352248,154656.64165334913
E02006202,676587,376500,319500,5.975431,890927.5946750593
E02006202,676588,377500,319500,5.902967,1000000.0
E02006202,676589,378500,319500,5.917608,1000000.0
E02006202,676590,379500,319500,5.89795,1000000.0
E02006202,676591,380500,319500,5.899395,1000000.0
E02006202,676592,381500,319500,6.039234,1000000.0
E02006202,676593,382500,319500,6.146786,1000000.0
E02006202,676594,383500,319500,6.076059,1000000.0
E02006202,676595,384500,319500,6.079633,1000000.0
E02006202,676596,385500,319500,6.01506,1000000.0
E02006202,676597,386500,319500,5.979732,1000000.0
E02006202,676598,387500,319500,5.961809,1000000.0
E02006202,676599,388500,319500,6.082911,1000000.0
E02006202,676600,389500,319500,6.044027,673897.123115471
E02006202,677277,376500,318500,6.050961,164845.73118845007
E02006202,677278,377500,318500,5.924499,926942.8834595565
E02006202,677279,378500,318500,5.910754,1000000.0
E02006202,677280,379500,318500,5.898561,1000000.0
E02006202,677281,380500,318500,6.021067,1000000.0
E02006202,677282,381500,318500,6.02331,1000000.0
E02006202,677283,382500,318500,6.055661,1000000.0
E02006202,677284,383500,318500,6.094104,1000000.0
E02006202,677285,384500,318500,6.004411,1000000.0
E02006202,677286,385500,318500,6.021644,1000000.0
E02006202,677287,386500,318500,6.047285,1000000.0
E02006202,677288,387500,318500,5.990314,1000000.0
E02006202,677289,388500,318500,6.028107,1000000.0
E02006202,677290,389500,318500,6.107213,518831.9697263261
E02006202,677968,377500,317500,5.975287,175300.98607060307
E02006202,677969,378500,317500,5.918648,966961.0219373584
E02006202,677970,379500,317500,5.914413,1000000.0
E02006202,677971,380500,317500,5.9795,1000000.0
E02006202,677972,381500,317500,6.01921,1000000.0
E02006202,677973,382500,317500,6.028172,1000000.0
E02006202,677974,383500,317500,6.066101,1000000.0
E02006202,677975,384500,317500,5.962901,1000000.0
E02006202,677976,385500,317500,6.053181,1000000.0
E02006202,677977,386500,317500,6.085614,1000000.0
E02006202,677978,387500,317500,5.974297,1000000.0
E02006202,677979,388500,317500,5.99871,1000000.0
E02006202,677980,389500,317500,6.09625,389947.81408760964
E02006202,678659,378500,316500,5.958982,326615.3460455658
E02006202,678660,379500,316500,5.911211,994280.3861697913
E02006202,678661,380500,316500,6.028988,834148.3590927825
E02006202,678662,381500,316500,5.973025,975387.3228659478
E02006202,678663,382500,316500,5.94205,1000000.0
E02006202,678664,383500,316500,6.04915,1000000.0
E02006202,678665,384500,316500,6.077891,1000000.0
E02006202,678666,385500,316500,6.047657,1000000.0
E02006202,678667,386500,316500,6.012387,1000000.0
E02006202,678668,387500,316500,5.948285,1000000.0
E02006202,678669,388500,316500,5.986937,757926.5572479414
E02006202,678670,389500,316500,6.025827,316029.5579677492
E02006202,679349,378500,315500,5.972879,23.10028194033014
E02006202,679350,379500,315500,5.920976,87919.88613830242
E02006202,679351,380500,315500,6.044594,3938.461736144869
E02006202,679352,381500,315500,6.030416,174160.9949259419
E02006202,679353,382500,315500,5.977951,901643.4741349978
E02006202,679354,383500,315500,5.977711,1000000.0
E02006202,679355,384500,315500,6.123497,1000000.0
E02006202,679356,385500,315500,6.113266,990788.174062581
E02006202,679357,386500,315500,6.074282,917564.9005451812
E02006202,679358,387500,315500,6.021473,774255.326546963
E02006202,679359,388500,315500,6.053639,51839.137315826374
E02006202,679360,389500,315500,6.115439,1903.5178911606995
E02006202,680043,382500,314500,5.976982,351961.52441989037
E02006202,680044,383500,314500,6.008981,1000000.0
E02006202,680045,384500,314500,6.111294,871204.8746990324
E02006202,680046,385500,314500,6.083503,255991.3040129606
E02006202,680047,386500,314500,6.034724,17943.722205643513
E02006202,680733,382500,313500,6.026942,228005.16383173305
E02006202,680734,383500,313500,5.948269,742063.1424318468
E02006202,680735,384500,313500,6.037174,48061.138175225686
E02006203,674533,392500,322500,6.714465,23262.955465434192
E02006203,674534,393500,322500,6.54103,26617.793716820994
E02006203,675223,392500,321500,6.705356,473476.6230260981
E02006203,675224,393500,321500,6.621178,552845.131563793
E02006203,675912,391500,320500,6.823278,13593.71576054558
E02006203,675913,392500,320500,6.851128,907170.0691900674
E02006203,675914,393500,320500,6.419364,465255.50401154824
E02006203,676603,392500,319500,6.701144,557037.5192169907
E02006203,676604,393500,319500,6.505548,277975.2986096586
E02006217,685599,418500,306500,6.647051,1278.3482681659682
E02006217,685600,419500,306500,6.694442,1787.7926752491824
E02006217,685603,422500,306500,6.663192,57882.09071817616
E02006217,685604,423500,306500,6.659366,426492.11446641537
E02006217,685605,424500,306500,6.595059,165050.32382647376
E02006217,686289,418500,305500,6.727174,349738.03209936694
E02006217,686290,419500,305500,6.822299,902400.9471187425
E02006217,686291,420500,305500,6.904923,677648.9117021122
E02006217,686292,421500,305500,6.931664,697494.8477910348
E02006217,686293,422500,305500,6.75563,506391.2883952335
E02006217,686294,423500,305500,6.752228,858553.0238178072
E02006217,686295,424500,305500,6.65581,476843.4627786036
E02006217,686979,418500,304500,6.782823,87390.31433075911
E02006217,686980,419500,304500,6.925427,330751.0269258372
E02006217,686981,420500,304500,7.037964,83925.64903925372
E02006217,686982,421500,304500,6.952413,163612.4499965594
E02006217,686984,423500,304500,6.973155,107497.06590086901
E02006217,686985,424500,304500,6.912552,9242.624658759054
E02006218,686289,418500,305500,6.727174,59429.61005129145
E02006218,686290,419500,305500,6.822299,45940.011749926714
E02006218,686291,420500,305500,6.904923,275679.08825329464
E02006218,686292,421500,305500,6.931664,41.0016970936281
E02006218,686978,417500,304500,6.833148,1327.1316976999797
E02006218,686979,418500,304500,6.782823,778382.1779643539
E02006218,686980,419500,304500,6.925427,669248.9730741627
E02006218,686981,420500,304500,7.037964,912297.314879756
E02006218,686982,421500,304500,6.952413,331721.98593390506
E02006218,687669,418500,303500,6.965179,168097.4757899097
E02006218,687670,419500,303500,6.972016,445935.82560316037
E02006218,687671,420500,303500,7.124144,531128.5244489714
E02006219,686292,421500,305500,6.931664,64277.99153983855
E02006219,686293,422500,305500,6.75563,469231.955649381
E02006219,686294,423500,305500,6.752228,141446.9761821928
E02006219,686295,424500,305500,6.65581,111176.52366808568
E02006219,686982,421500,304500,6.952413,200511.67057228254
E02006219,686983,422500,304500,6.961032,691659.3127674665
E02006219,686984,423500,304500,6.973155,892346.0346906338
E02006219,686985,424500,304500,6.912552,457057.6853928477
E02006219,687673,422500,303500,7.133788,3720.8009748959385
E02006219,687674,423500,303500,7.079945,807120.9233902125
E02006219,687675,424500,303500,6.970915,418694.2836063158
E02006219,688363,422500,302500,7.415824,26471.06256929179
E02006219,688364,423500,302500,7.208673,297024.45304287935
E02006219,688365,424500,302500,7.077453,113570.6898333125
E02006220,686982,421500,304500,6.952413,258750.2829514519
E02006220,686983,422500,304500,6.961032,308340.6872325334
E02006220,686984,423500,304500,6.973155,156.89940849729447
E02006220,687672,421500,303500,7.136805,245767.80014095508
E02006220,687673,422500,303500,7.133788,666593.0786282159
E02006220,687674,423500,303500,7.079945,174622.27485313898
E02006221,686981,420500,304500,7.037964,3777.036080990356
E02006221,686982,421500,304500,6.952413,45403.61054580109
E02006221,687670,419500,303500,6.972016,380801.95865255233
E02006221,687671,420500,303500,7.124144,468871.4755510287
E02006221,687672,421500,303500,7.136805,685211.7187254095
E02006221,687673,422500,303500,7.133788,607.558737260301
E02006221,688360,419500,302500,7.094901,142303.87947589642
E02006221,688361,420500,302500,7.165281,867886.0792118981
E02006221,688362,421500,302500,7.360558,194548.56855520376
E02006222,687672,421500,303500,7.136805,69020.48113363548
E02006222,687673,422500,303500,7.133788,201098.61189773958
E02006222,688362,421500,302500,7.360558,682656.911358243
E02006222,688363,422500,302500,7.415824,272129.94178274216
E02006222,689052,421500,301500,7.22824,55896.723792222096
E02006222,689053,422500,301500,7.475321,38816.0208546391
E02006223,687673,422500,303500,7.133788,127979.94976188816
E02006223,687674,423500,303500,7.079945,18256.801756648452
E02006223,688363,422500,302500,7.415824,431938.01513007586
E02006223,688364,423500,302500,7.208673,553337.0326388606
E02006223,688365,424500,302500,7.077453,28723.55806599583
E02006223,689053,422500,301500,7.475321,7773.742406747822
E02006223,689054,423500,301500,7.528292,40305.02578838668
E02006223,689055,424500,301500,7.319884,26334.897595166756
E02006224,688363,422500,302500,7.415824,153.8721506202554
E02006224,688364,423500,302500,7.208673,149638.51431826013
E02006224,688365,424500,302500,7.077453,341025.53193135274
E02006224,689053,422500,301500,7.475321,153072.50538747138
E02006224,689054,423500,301500,7.528292,886555.3382221679
E02006224,689055,424500,301500,7.319884,460903.1225093449
E02006224,689744,423500,300500,7.469707,373860.53519032116
E02006224,689745,424500,300500,7.356747,94862.57025958318
E02006225,688361,420500,302500,7.165281,500.66147301633157
E02006225,688362,421500,302500,7.360558,112511.06012977187
E02006225,689051,420500,301500,7.027704,5486.941201754635
E02006225,689052,421500,301500,7.22824,746811.889558888
E02006225,689741,420500,300500,7.067937,142528.43590042685
E02006225,689742,421500,300500,7.327587,832339.2760786391
E02006225,690431,420500,299500,7.043991,548798.1213690208
E02006225,690432,421500,299500,8.734996,559509.1615385783
E02006226,688362,421500,302500,7.360558,7983.931341322071
E02006226,688363,422500,302500,7.415824,269307.1083672699
E02006226,689052,421500,301500,7.22824,167592.2079216463
E02006226,689053,422500,301500,7.475321,800337.7313511415
E02006226,689054,423500,301500,7.528292,73139.63598944539
E02006226,689742,421500,300500,7.327587,142491.139372404
E02006226,689743,422500,300500,8.900976,1000000.0
E02006226,689744,423500,300500,7.469707,536361.1899042656
E02006226,690432,421500,299500,8.734996,76496.44270586685
E02006226,690433,422500,299500,7.33969,458534.88503681205
E02006226,690434,423500,299500,7.350106,103139.20907307451
E02006468,682848,427500,310500,6.423249,1190.7620344930212
E02006468,683537,426500,309500,6.427146,19953.090114595256
E02006468,683538,427500,309500,6.427515,662648.1967844132
E02006468,683539,428500,309500,6.406137,388490.7351701417
E02006468,683540,429500,309500,6.437095,53200.39528726294
E02006468,684227,426500,308500,6.486799,471491.2149508253
E02006468,684228,427500,308500,6.445967,1000000.0
E02006468,684229,428500,308500,6.461504,1000000.0
E02006468,684230,429500,308500,6.698852,590156.1175351831
E02006468,684231,430500,308500,6.561204,24756.240548479116
E02006468,684915,424500,307500,6.554334,42149.88167685184
E02006468,684916,425500,307500,6.522675,633176.3966512186
E02006468,684917,426500,307500,6.481181,995363.908377087
E02006468,684918,427500,307500,6.494476,1000000.0
E02006468,684919,428500,307500,6.629557,1000000.0
E02006468,684920,429500,307500,6.656218,1000000.0
E02006468,684921,430500,307500,6.480547,521685.4757270597
E02006468,685605,424500,306500,6.595059,706794.3812178039
E02006468,685606,425500,306500,6.581354,1000000.0
E02006468,685607,426500,306500,6.596684,1000000.0
E02006468,685608,427500,306500,6.640047,1000000.0
E02006468,685609,428500,306500,6.751439,1000000.0
E02006468,685610,429500,306500,6.463243,1000000.0
E02006468,685611,430500,306500,6.435905,852057.7969591214
E02006468,685612,431500,306500,6.465292,3059.5796420696715
E02006468,686295,424500,305500,6.65581,411980.01355331077
E02006468,686296,425500,305500,6.643538,1000000.0
E02006468,686297,426500,305500,6.676375,1000000.0
E02006468,686298,427500,305500,6.902089,1000000.0
E02006468,686299,428500,305500,6.519568,1000000.0
E02006468,686300,429500,305500,6.474309,1000000.0
E02006468,686301,430500,305500,6.427512,914269.9813810178
E02006468,686302,431500,305500,6.400577,2587.8882297126243
E02006468,686985,424500,304500,6.912552,533699.6899483933
E02006468,686986,425500,304500,6.737374,1000000.0
E02006468,686987,426500,304500,7.011576,1000000.0
E02006468,686988,427500,304500,6.796843,1000000.0
E02006468,686989,428500,304500,6.576991,1000000.0
E02006468,686990,429500,304500,6.531246,657190.4429740733
E02006468,686991,430500,304500,6.484366,139859.0746597856
E02006468,687675,424500,303500,6.970915,581305.7163936843
E02006468,687676,425500,303500,7.1162,1000000.0
E02006468,687677,426500,303500,6.869197,1000000.0
E02006468,687678,427500,303500,6.645652,1000000.0
E02006468,687679,428500,303500,6.598028,1000000.0
E02006468,687680,429500,303500,6.532203,460367.76610903296
E02006468,688365,424500,302500,7.077453,516680.22016933904
E02006468,688366,425500,302500,7.196708,1000000.0
E02006468,688367,426500,302500,6.80563,1000000.0
E02006468,688368,427500,302500,6.659182,1000000.0
E02006468,688369,428500,302500,6.611366,697979.8092541678
E02006468,688370,429500,302500,6.527619,95286.33930233563
E02006468,689055,424500,301500,7.319884,345853.5268105266
E02006468,689056,425500,301500,6.929586,800619.1703392124
E02006468,689057,426500,301500,6.745349,651256.4988733926
E02006468,689058,427500,301500,6.688894,735158.9300683066
E02006468,689059,428500,301500,6.570626,351826.41789351957
E02006468,689746,425500,300500,6.971782,6428.815722354496
E02006468,689749,428500,300500,6.623986,28533.221723423638
E02006469,689055,424500,301500,7.319884,166908.4530849617
E02006469,689056,425500,301500,6.929586,199380.8296607876
E02006469,689057,426500,301500,6.745349,348743.50112660753
E02006469,689058,427500,301500,6.688894,264841.06993169343
E02006469,689059,428500,301500,6.570626,988.6843108367223
E02006469,689744,423500,300500,7.469707,89778.27490541329
E02006469,689745,424500,300500,7.356747,905137.4297404168
E02006469,689746,425500,300500,6.971782,993571.1842776455
E02006469,689747,426500,300500,6.718066,1000000.0
E02006469,689748,427500,300500,6.578436,1000000.0
E02006469,689749,428500,300500,6.623986,499175.18006159476
E02006469,690432,421500,299500,8.734996,299255.53569467727
E02006469,690433,422500,299500,7.33969,541465.114963188
E02006469,690434,423500,299500,7.350106,896860.7909269255
E02006469,690435,424500,299500,6.915033,1000000.0
E02006469,690436,425500,299500,6.762176,1000000.0
E02006469,690437,426500,299500,6.724606,1000000.0
E02006469,690438,427500,299500,6.705401,518803.1064046277
E02006469,690439,428500,299500,6.673716,975.6199267845847
E02006469,691122,421500,298500,7.385684,228515.25855477114
E02006469,691123,422500,298500,7.405532,1000000.0
E02006469,691124,423500,298500,7.120641,1000000.0
E02006469,691125,424500,298500,6.867475,1000000.0
E02006469,691126,425500,298500,6.685448,1000000.0
E02006469,691127,426500,298500,6.652761,1000000.0
E02006469,691128,427500,298500,6.609627,230724.09345598446
E02006469,691812,421500,297500,7.420278,190307.42748045374
E02006469,691813,422500,297500,7.015675,1000000.0
E02006469,691814,423500,297500,6.823971,1000000.0
E02006469,691815,424500,297500,6.781645,1000000.0
E02006469,691816,425500,297500,6.68598,518917.52829548635
E02006469,691817,426500,297500,6.634007,354695.30171405844
E02006469,691818,427500,297500,6.573922,83300.54642838542
E02006469,692502,421500,296500,7.144728,86638.53087251488
E02006469,692503,422500,296500,6.954961,1000000.0
E02006469,692504,423500,296500,6.792138,1000000.0
E02006469,692505,424500,296500,6.773217,1000000.0
E02006469,692506,425500,296500,6.650877,788887.598936901
E02006469,692507,426500,296500,6.624561,16134.033234002003
E02006469,693192,421500,295500,7.079199,34025.08408408963
E02006469,693193,422500,295500,6.918099,961795.9924527354
E02006469,693194,423500,295500,6.83138,1000000.0
E02006469,693195,424500,295500,6.764958,1000000.0
E02006469,693196,425500,295500,6.694047,1000000.0
E02006469,693197,426500,295500,6.608193,578537.0664316145
E02006469,693883,422500,294500,6.945127,709455.7490043883
E02006469,693884,423500,294500,6.870463,985606.0373244928
E02006469,693885,424500,294500,6.774354,914106.2029182685
E02006469,693886,425500,294500,6.736276,1000000.0
E02006469,693887,426500,294500,6.668457,594035.8849229747
E02006469,694573,422500,293500,6.991117,23386.789801068746
E02006469,694574,423500,293500,6.876965,68679.29761796781
E02006469,694575,424500,293500,6.793654,7311.552368005882
E02006469,694576,425500,293500,6.738564,407611.85362485325
E02006469,694577,426500,293500,6.654786,40411.670617049844
E02006470,690441,430500,299500,6.578006,174694.70722828287
E02006470,690442,431500,299500,6.589972,87009.12693140366
E02006470,691130,429500,298500,6.743004,68752.00077705346
E02006470,691131,430500,298500,6.798838,907094.1095144142
E02006470,691132,431500,298500,6.689707,879402.8534288357
E02006470,691133,432500,298500,6.667798,95495.11345471811
E02006470,691821,430500,297500,6.744501,670648.9993322754
E02006470,691822,431500,297500,6.842201,1000000.0
E02006470,691823,432500,297500,6.795851,327185.9102776588
E02006470,692510,429500,296500,6.480127,16308.707633752501
E02006470,692511,430500,296500,6.578011,829450.6845204708
E02006470,692512,431500,296500,6.75882,1000000.0
E02006470,692513,432500,296500,6.770468,958400.3978270338
E02006470,692514,433500,296500,6.883827,420784.5633349346
E02006470,693200,429500,295500,6.505726,497269.31940498436
E02006470,693201,430500,295500,6.780435,1000000.0
E02006470,693202,431500,295500,6.641688,999553.4063369336
E02006470,693203,432500,295500,6.767056,904046.5875429501
E02006470,693204,433500,295500,7.417938,137511.12303112185
E02006470,693890,429500,294500,6.563959,556633.7494481779
E02006470,693891,430500,294500,6.63049,708019.9564161393
E02006470,693892,431500,294500,6.621479,167931.67057380965
E02006470,693893,432500,294500,6.767995,1732.2033293416016
E02006470,694580,429500,293500,6.556682,1437.916402487003
E02006471,690425,414500,299500,7.372093,58619.29921977269
E02006471,690426,415500,299500,7.085474,238668.92266744596
E02006471,690427,416500,299500,6.952998,326738.93363876536
E02006471,690428,417500,299500,6.892334,446056.18647167337
E02006471,690429,418500,299500,6.931869,10282.902537725266
E02006471,690430,419500,299500,6.994594,19826.720390268543
E02006471,690431,420500,299500,7.043991,182484.65374908442
E02006471,690432,421500,299500,8.734996,64738.8600608775
E02006471,691115,414500,298500,7.345214,420525.8763739818
E02006471,691116,415500,298500,7.285889,1000000.0
E02006471,691117,416500,298500,7.047813,1000000.0
E02006471,691118,417500,298500,7.044954,1000000.0
E02006471,691119,418500,298500,7.009832,979590.8123754422
E02006471,691120,419500,298500,6.932827,972818.7439331006
E02006471,691121,420500,298500,7.082796,986408.016325571
E02006471,691122,421500,298500,7.385684,771484.7414452289
E02006471,691805,414500,297500,7.26017,2775.7965806798575
E02006471,691806,415500,297500,7.469629,568163.5162556486
E02006471,691807,416500,297500,7.135489,994963.352413147
E02006471,691808,417500,297500,7.084618,1000000.0
E02006471,691809,418500,297500,7.085258,1000000.0
E02006471,691810,419500,297500,7.010098,1000000.0
E02006471,691811,420500,297500,7.204429,1000000.0
E02006471,691812,421500,297500,7.420278,809692.5725195464
E02006471,692496,415500,296500,7.455868,299052.9310948165
E02006471,692497,416500,296500,7.412602,986038.1755168156
E02006471,692498,417500,296500,7.198425,1000000.0
E02006471,692499,418500,296500,7.121071,1000000.0
E02006471,692500,419500,296500,7.149152,1000000.0
E02006471,692501,420500,296500,7.377617,1000000.0
E02006471,692502,421500,296500,7.144728,913361.4691274852
E02006471,693186,415500,295500,7.423877,49413.33907278266
E02006471,693187,416500,295500,7.344296,746138.6566764454
E02006471,693188,417500,295500,7.449281,1000000.0
E02006471,693189,418500,295500,7.289517,1000000.0
E02006471,693190,419500,295500,7.453534,1000000.0
E02006471,693191,420500,295500,7.310074,1000000.0
E02006471,693192,421500,295500,7.079199,965974.9159159104
E02006471,693193,422500,295500,6.918099,38204.0075472646
E02006471,693877,416500,294500,7.431919,227437.04936121075
E02006471,693878,417500,294500,7.466327,1000000.0
E02006471,693879,418500,294500,7.640626,1000000.0
E02006471,693880,419500,294500,7.5632,1000000.0
E02006471,693881,420500,294500,7.276838,1000000.0
E02006471,693882,421500,294500,7.071099,1000000.0
E02006471,693883,422500,294500,6.945127,290544.2509956116
E02006471,693884,423500,294500,6.870463,14393.962675507111
E02006471,693885,424500,294500,6.774354,85893.79708173146
E02006471,694567,416500,293500,7.583654,810.571523151264
E02006471,694568,417500,293500,7.604768,883238.1369783729
E02006471,694569,418500,293500,7.889157,1000000.0
E02006471,694570,419500,293500,7.440898,1000000.0
E02006471,694571,420500,293500,7.310687,1000000.0
E02006471,694572,421500,293500,7.107219,1000000.0
E02006471,694573,422500,293500,6.991117,976613.2101989313
E02006471,694574,423500,293500,6.876965,931320.7023820322
E02006471,694575,424500,293500,6.793654,992688.4476319941
E02006471,694576,425500,293500,6.738564,106733.99178369925
E02006471,695258,417500,292500,7.757143,360302.3301742784
E02006471,695259,418500,292500,7.870357,897669.139788843
E02006471,695260,419500,292500,7.491177,1000000.0
E02006471,695261,420500,292500,7.693668,1000000.0
E02006471,695262,421500,292500,7.144945,1000000.0
E02006471,695263,422500,292500,6.975831,1000000.0
E02006471,695264,423500,292500,6.891902,1000000.0
E02006471,695265,424500,292500,6.774898,497407.66067785036
E02006471,695266,425500,292500,6.737801,20025.84945511904
E02006471,695949,418500,291500,7.868204,122872.32106799683
E02006471,695950,419500,291500,7.550772,589457.0142287008
E02006471,695951,420500,291500,7.343484,757826.2777791959
E02006471,695952,421500,291500,7.095334,450064.934174979
E02006471,695953,422500,291500,6.959073,476906.61334242247
E02006471,695954,423500,291500,6.882975,411020.65359051735
E02006471,695955,424500,291500,6.783144,13060.924483393726
E02006472,688369,428500,302500,6.611366,302020.190745832
E02006472,688370,429500,302500,6.527619,578009.3487360247
E02006472,688371,430500,302500,6.482748,10522.750342758804
E02006472,689059,428500,301500,6.570626,647184.8977956437
E02006472,689060,429500,301500,6.55437,1000000.0
E02006472,689061,430500,301500,6.489459,162767.22206240267
E02006472,689749,428500,300500,6.623986,472291.59821498167
E02006472,689750,429500,300500,6.530268,985561.1330958148
E02006472,689751,430500,300500,6.511856,59254.436896846666
E02006472,690438,427500,299500,6.705401,481196.8935953724
E02006472,690439,428500,299500,6.673716,999024.3800732155
E02006472,690440,429500,299500,6.632976,988047.7170381418
E02006472,690441,430500,299500,6.578006,380171.72432062036
E02006472,691128,427500,298500,6.609627,769275.9065440154
E02006472,691129,428500,298500,6.614402,1000000.0
E02006472,691130,429500,298500,6.743004,931247.9992229465
E02006472,691131,430500,298500,6.798838,92905.89048558578
E02006472,691816,425500,297500,6.68598,481082.4717045136
E02006472,691817,426500,297500,6.634007,645304.6982859415
E02006472,691818,427500,297500,6.573922,916699.4535716146
E02006472,691819,428500,297500,6.527081,1000000.0
E02006472,691820,429500,297500,6.506968,1000000.0
E02006472,691821,430500,297500,6.744501,329351.00066772464
E02006472,692506,425500,296500,6.650877,211112.4010630991
E02006472,692507,426500,296500,6.624561,983865.9667659979
E02006472,692508,427500,296500,6.611141,1000000.0
E02006472,692509,428500,296500,6.517426,1000000.0
E02006472,692510,429500,296500,6.480127,983691.2923662476
E02006472,692511,430500,296500,6.578011,170549.31547952915
E02006472,692514,433500,296500,6.883827,135504.1552144473
E02006472,692515,434500,296500,6.848076,105135.36633599753
E02006472,693197,426500,295500,6.608193,421462.93356838543
E02006472,693198,427500,295500,6.576184,1000000.0
E02006472,693199,428500,295500,6.496641,1000000.0
E02006472,693200,429500,295500,6.505726,502730.6805950157
E02006472,693202,431500,295500,6.641688,446.59366306633683
E02006472,693203,432500,295500,6.767056,95953.41245704991
E02006472,693204,433500,295500,7.417938,862488.8769688781
E02006472,693205,434500,295500,6.848361,973068.6461945742
E02006472,693206,435500,295500,6.855837,606290.7464724218
E02006472,693207,436500,295500,6.818368,138148.14369771542
E02006472,693887,426500,294500,6.668457,405964.1150770252
E02006472,693888,427500,294500,6.631159,1000000.0
E02006472,693889,428500,294500,6.612456,1000000.0
E02006472,693890,429500,294500,6.563959,443366.25055182213
E02006472,693891,430500,294500,6.63049,291980.0435838607
E02006472,693892,431500,294500,6.621479,832068.3294261904
E02006472,693893,432500,294500,6.767995,998267.7966706585
E02006472,693894,433500,294500,6.834192,1000000.0
E02006472,693895,434500,294500,6.836949,1000000.0
E02006472,693896,435500,294500,6.832229,729255.7143309335
E02006472,693897,436500,294500,6.905156,140582.36199515263
E02006472,694577,426500,293500,6.654786,751875.9502941915
E02006472,694578,427500,293500,6.623629,1000000.0
E02006472,694579,428500,293500,6.610003,1000000.0
E02006472,694580,429500,293500,6.556682,998562.083597513
E02006472,694581,430500,293500,6.675339,992017.9342642318
E02006472,694582,431500,293500,6.753958,898778.0450767752
E02006472,694583,432500,293500,6.885712,712173.5943448154
E02006472,694584,433500,293500,6.915514,523548.1890078261
E02006472,694585,434500,293500,6.902908,205675.87508693364
E02006472,694586,435500,293500,6.956432,17146.20910941893
E02006472,695267,426500,292500,6.665688,88937.14127529721
E02006472,695268,427500,292500,6.668432,897561.3066638152
E02006472,695269,428500,292500,6.652956,1000000.0
E02006472,695270,429500,292500,6.641272,1000000.0
E02006472,695271,430500,292500,6.755208,329665.7765051115
E02006472,695958,427500,291500,6.645373,397209.4836277163
E02006472,695959,428500,291500,6.649816,642291.3815391508
E02006472,695960,429500,291500,6.655349,1000000.0
E02006472,695961,430500,291500,6.743543,296634.3113437513
E02006472,696649,428500,290500,6.646887,121695.92012699478
E02006472,696650,429500,290500,6.623669,786984.3044148504
E02006472,696651,430500,290500,6.713514,92832.59876859047
E02006472,697340,429500,289500,6.740092,290592.05178633565
E02006473,695947,416500,291500,8.763087,135324.06438025925
E02006473,695948,417500,291500,7.817919,481880.7562168124
E02006473,695949,418500,291500,7.868204,758906.477032429
E02006473,695950,419500,291500,7.550772,369600.72557084716
E02006473,696637,416500,290500,8.125281,95144.0434778687
E02006473,696638,417500,290500,8.013343,865955.5328700908
E02006473,696639,418500,290500,7.922861,1000000.0
E02006473,696640,419500,290500,7.637617,999946.1865686284
E02006473,696641,420500,290500,7.376435,561925.3191051269
E02006473,696642,421500,290500,7.134606,377.65443128496236
E02006473,697328,417500,289500,7.918705,304184.87905267463
E02006473,697329,418500,289500,7.680721,1000000.0
E02006473,697330,419500,289500,7.594631,1000000.0
E02006473,697331,420500,289500,7.376465,905000.1730274063
E02006473,697332,421500,289500,7.116993,17444.727850121508
E02006473,698018,417500,288500,7.790823,12675.385148846928
E02006473,698019,418500,288500,7.693308,868407.904775119
E02006473,698020,419500,288500,7.640365,1000000.0
E02006473,698021,420500,288500,7.410897,918884.1535876711
E02006473,698022,421500,288500,7.133312,457075.54695279634
E02006473,698709,418500,287500,7.701816,265310.60791250796
E02006473,698710,419500,287500,7.673,985749.5868374292
E02006473,698711,420500,287500,7.478513,1000000.0
E02006473,698712,421500,287500,7.227983,582641.4558341786
E02006473,698713,422500,287500,7.086462,48014.723397573995
E02006473,699400,419500,286500,7.810706,422526.48588606925
E02006473,699401,420500,286500,7.619414,1000000.0
E02006473,699402,421500,286500,7.459183,691849.2768933261
E02006473,699403,422500,286500,7.3887,64213.836683915106
E02006473,700090,419500,285500,7.509352,135796.64891490003
E02006473,700091,420500,285500,7.448376,331919.5595100195
E02006473,700092,421500,285500,7.123047,22556.02140416804
E02006474,694576,425500,293500,6.738564,485654.1545914475
E02006474,694577,426500,293500,6.654786,207712.3790887587
E02006474,695265,424500,292500,6.774898,502592.33932214964
E02006474,695266,425500,292500,6.737801,979974.150544881
E02006474,695267,426500,292500,6.665688,911062.8587247028
E02006474,695268,427500,292500,6.668432,102438.69333618485
E02006474,695950,419500,291500,7.550772,40942.26020045197
E02006474,695951,420500,291500,7.343484,242173.72222080408
E02006474,695952,421500,291500,7.095334,549935.0658250211
E02006474,695953,422500,291500,6.959073,523093.3866575776
E02006474,695954,423500,291500,6.882975,588979.3464094825
E02006474,695955,424500,291500,6.783144,986939.0755166062
E02006474,695956,425500,291500,6.715097,1000000.0
E02006474,695957,426500,291500,6.675776,1000000.0
E02006474,695958,427500,291500,6.645373,602790.5163722837
E02006474,695959,428500,291500,6.649816,357708.61846084916
E02006474,695961,430500,291500,6.743543,9007.73478068299
E02006474,696640,419500,290500,7.637617,53.81343137157839
E02006474,696641,420500,290500,7.376435,438074.68089487305
E02006474,696642,421500,290500,7.134606,999622.345568715
E02006474,696643,422500,290500,7.027936,1000000.0
E02006474,696644,423500,290500,6.875363,1000000.0
E02006474,696645,424500,290500,6.832607,1000000.0
E02006474,696646,425500,290500,6.72564,1000000.0
E02006474,696647,426500,290500,6.677379,1000000.0
E02006474,696648,427500,290500,6.65895,1000000.0
E02006474,696649,428500,290500,6.646887,878304.0798730052
E02006474,696650,429500,290500,6.623669,213015.69558514954
E02006474,696651,430500,290500,6.713514,555785.435495025
E02006474,696652,431500,290500,6.697507,30319.35942835638
E02006474,697331,420500,289500,7.376465,94999.82697259373
E02006474,697332,421500,289500,7.116993,982555.2721498784
E02006474,697333,422500,289500,6.993111,1000000.0
E02006474,697334,423500,289500,6.884124,1000000.0
E02006474,697335,424500,289500,6.83731,1000000.0
E02006474,697336,425500,289500,6.789676,1000000.0
E02006474,697337,426500,289500,6.760417,1000000.0
E02006474,697338,427500,289500,6.72754,1000000.0
E02006474,697339,428500,289500,6.709233,1000000.0
E02006474,697340,429500,289500,6.740092,709407.9482136643
E02006474,697341,430500,289500,6.778052,1000000.0
E02006474,697342,431500,289500,6.772344,629452.3774575517
E02006474,698021,420500,288500,7.410897,81115.84641232895
E02006474,698022,421500,288500,7.133312,542924.4530472036
E02006474,698023,422500,288500,6.969546,1000000.0
E02006474,698024,423500,288500,6.893264,1000000.0
E02006474,698025,424500,288500,6.810338,1000000.0
E02006474,698026,425500,288500,6.76068,1000000.0
E02006474,698027,426500,288500,6.760966,1000000.0
E02006474,698028,427500,288500,6.731385,1000000.0
E02006474,698029,428500,288500,6.716622,1000000.0
E02006474,698030,429500,288500,6.711616,1000000.0
E02006474,698031,430500,288500,6.768213,1000000.0
E02006474,698032,431500,288500,6.729403,993071.9613981921
E02006474,698033,432500,288500,6.789105,341601.59228786017
E02006474,698712,421500,287500,7.227983,417358.54416582145
E02006474,698713,422500,287500,7.086462,951985.2766024261
E02006474,698714,423500,287500,6.968267,1000000.0
E02006474,698715,424500,287500,6.794677,1000000.0
E02006474,698716,425500,287500,6.766622,1000000.0
E02006474,698717,426500,287500,6.724925,1000000.0
E02006474,698718,427500,287500,6.694832,1000000.0
E02006474,698719,428500,287500,6.750813,1000000.0
E02006474,698720,429500,287500,6.71516,1000000.0
E02006474,698721,430500,287500,6.803412,1000000.0
E02006474,698722,431500,287500,6.796106,1000000.0
E02006474,698723,432500,287500,6.850653,878828.6840278461
E02006474,698724,433500,287500,6.881598,35068.02573690632
E02006474,699402,421500,286500,7.459183,308150.7231066739
E02006474,699403,422500,286500,7.3887,935786.1633160849
E02006474,699404,423500,286500,7.001261,1000000.0
E02006474,699405,424500,286500,6.894289,1000000.0
E02006474,699406,425500,286500,6.885955,1000000.0
E02006474,699407,426500,286500,6.816772,1000000.0
E02006474,699408,427500,286500,6.848838,1000000.0
E02006474,699409,428500,286500,6.805987,1000000.0
E02006474,699410,429500,286500,6.820073,1000000.0
E02006474,699411,430500,286500,7.177529,999956.4643914948
E02006474,699412,431500,286500,6.985641,733502.775733741
E02006474,699413,432500,286500,6.91046,466549.23573493736
E02006474,699414,433500,286500,7.162003,41254.604154206034
E02006474,700090,419500,285500,7.509352,24845.925115057802
E02006474,700091,420500,285500,7.448376,667267.9085990144
E02006474,700092,421500,285500,7.123047,977443.978595832
E02006474,700093,422500,285500,7.011154,1000000.0
E02006474,700094,423500,285500,7.2026,1000000.0
E02006474,700095,424500,285500,7.179458,1000000.0
E02006474,700096,425500,285500,7.176591,935007.8328799023
E02006474,700097,426500,285500,7.14965,956910.3264517598
E02006474,700098,427500,285500,7.157313,1000000.0
E02006474,700099,428500,285500,7.112988,1000000.0
E02006474,700100,429500,285500,7.148292,1000000.0
E02006474,700101,430500,285500,6.874152,1000000.0
E02006474,700102,431500,285500,7.221939,575563.0363378983
E02006474,700103,432500,285500,7.330902,4.174175115048149
E02006474,700781,420500,284500,7.267405,567076.0506100544
E02006474,700782,421500,284500,6.980304,1000000.0
E02006474,700783,422500,284500,6.795124,1000000.0
E02006474,700784,423500,284500,6.708653,1000000.0
E02006474,700785,424500,284500,6.716552,1000000.0
E02006474,700786,425500,284500,6.758805,462847.90161346796
E02006474,700787,426500,284500,6.722659,241087.76382741108
E02006474,700788,427500,284500,6.696223,476161.45628996915
E02006474,700789,428500,284500,6.699492,317595.94659450056
E02006474,700790,429500,284500,6.76841,636472.4924722009
E02006474,700791,430500,284500,6.844553,476456.3418060831
E02006474,700792,431500,284500,6.936569,3477.8591173392365
E02006474,701471,420500,283500,7.318422,39273.068100815224
E02006474,701472,421500,283500,7.127916,818919.0265339998
E02006474,701473,422500,283500,6.81327,1000000.0
E02006474,701474,423500,283500,6.682225,1000000.0
E02006474,701475,424500,283500,6.677428,852526.7535328433
E02006474,701476,425500,283500,6.774775,18919.790871979123
E02006474,702162,421500,282500,6.875926,252491.25288488876
E02006474,702163,422500,282500,6.7495,787745.7633117256
E02006474,702164,423500,282500,6.789281,289058.78909791127
E02006474,702165,424500,282500,6.81978,109957.10115362164
E02006474,702853,422500,281500,6.69227,15.382246978280374
E02006475,693207,436500,295500,6.818368,2472.6245240780418
E02006475,693896,435500,294500,6.832229,270744.2856690664
E02006475,693897,436500,294500,6.905156,851694.2166155361
E02006475,693898,437500,294500,6.943702,616146.1828764249
E02006475,693899,438500,294500,6.914969,86955.80788362809
E02006475,694585,434500,293500,6.902908,186606.119754784
E02006475,694586,435500,293500,6.956432,913603.0725778252
E02006475,694587,436500,293500,7.042489,1000000.0
E02006475,694588,437500,293500,6.982779,846843.6235923936
E02006475,694589,438500,293500,7.043888,652145.9968769507
E02006475,694590,439500,293500,7.140469,50542.81891490311
E02006475,695276,435500,292500,7.11813,58760.83530620127
E02006475,695277,436500,292500,7.226699,521783.59035353124
E02006475,695278,437500,292500,7.144637,62426.01337326235
E02006475,695279,438500,292500,7.184128,10539.277146522678
E02006476,694583,432500,293500,6.885712,54200.83972333485
E02006476,694584,433500,293500,6.915514,476451.81099217397
E02006476,694585,434500,293500,6.902908,607718.0051582824
E02006476,694586,435500,293500,6.956432,59016.49868158746
E02006476,695273,432500,292500,6.90007,511.7360083299062
E02006476,695274,433500,292500,6.991573,734595.6661460851
E02006476,695275,434500,292500,7.014426,703738.4425674054
E02006476,695276,435500,292500,7.11813,209116.89184477314
E02006477,694588,437500,293500,6.982779,153156.3764076065
E02006477,694589,438500,293500,7.043888,287532.9649435721
E02006477,694590,439500,293500,7.140469,300194.0978975373
E02006477,695277,436500,292500,7.226699,249761.77952772853
E02006477,695278,437500,292500,7.144637,937573.9866267376
E02006477,695279,438500,292500,7.184128,989460.7228534773
E02006477,695280,439500,292500,7.09694,296988.972891094
E02006477,695967,436500,291500,7.298558,69409.01840777101
E02006477,695968,437500,291500,7.173413,437343.5714607914
E02006477,695969,438500,291500,7.125695,734269.3890219837
E02006477,695970,439500,291500,7.058036,75054.55959498449
E02006478,694581,430500,293500,6.675339,7982.065735768102
E02006478,694582,431500,293500,6.753958,101221.9549232248
E02006478,694583,432500,293500,6.885712,233625.56593184976
E02006478,695271,430500,292500,6.755208,670334.2234948885
E02006478,695272,431500,292500,6.779117,1000000.0
E02006478,695273,432500,292500,6.90007,999488.2639916701
E02006478,695274,433500,292500,6.991573,183615.7441811341
E02006478,695961,430500,291500,6.743543,481621.6787571889
E02006478,695962,431500,291500,6.736952,399056.42111348314
E02006478,695963,432500,291500,6.866936,354915.87651452195
E02006478,695964,433500,291500,6.943933,138425.38585247722
E02006479,694586,435500,293500,6.956432,10234.219631168422
E02006479,695275,434500,292500,7.014426,20482.201149334287
E02006479,695276,435500,292500,7.11813,732122.2728490256
E02006479,695277,436500,292500,7.226699,228310.96336675654
E02006479,695965,434500,291500,7.088452,12180.450405965079
E02006479,695966,435500,291500,7.262439,565676.4721762593
E02006479,695967,436500,291500,7.298558,416569.364982702
E02006480,695274,433500,292500,6.991573,81788.58967278074
E02006480,695275,434500,292500,7.014426,275779.3562832605
E02006480,695964,433500,291500,6.943933,162042.4127920094
E02006480,695965,434500,291500,7.088452,880330.5197608959
E02006480,695966,435500,291500,7.262439,298852.0530810556
E02006480,696654,433500,290500,6.783502,1814.5196041697445
E02006480,696655,434500,290500,6.959683,13969.615751878362
E02006480,696656,435500,290500,7.192821,70379.36717563952
E02006481,695961,430500,291500,6.743543,171960.69220708904
E02006481,695962,431500,291500,6.736952,576691.4569704718
E02006481,695963,432500,291500,6.866936,561453.5273084372
E02006481,695964,433500,291500,6.943933,696594.0172475153
E02006481,696652,431500,290500,6.697507,2676.634893460574
E02006481,696654,433500,290500,6.783502,24381.25550813072
E02006482,695961,430500,291500,6.743543,40775.582911287696
E02006482,695962,431500,291500,6.736952,24252.121916045115
E02006482,695963,432500,291500,6.866936,83630.59617704082
E02006482,695964,433500,291500,6.943933,2938.1841079980477
E02006482,695965,434500,291500,7.088452,107489.02983313905
E02006482,695966,435500,291500,7.262439,21594.869897750723
E02006482,696651,430500,290500,6.713514,351381.96573638456
E02006482,696652,431500,290500,6.697507,967004.005678183
E02006482,696653,432500,290500,6.726085,1000000.0
E02006482,696654,433500,290500,6.783502,973804.2248876996
E02006482,696655,434500,290500,6.959683,986030.3842481216
E02006482,696656,435500,290500,7.192821,736477.021996232
E02006482,697342,431500,289500,6.772344,370547.6225424482
E02006482,697343,432500,289500,6.759514,1000000.0
E02006482,697344,433500,289500,6.736639,1000000.0
E02006482,697345,434500,289500,6.891562,1000000.0
E02006482,697346,435500,289500,7.210795,715591.9027064965
E02006482,698032,431500,288500,6.729403,6928.038601807927
E02006482,698033,432500,288500,6.789105,447400.5706406734
E02006482,698034,433500,288500,6.811345,787877.4161944495
E02006482,698035,434500,288500,6.867523,904277.486683658
E02006482,698036,435500,288500,7.165562,412032.2058681643
E02006482,698725,434500,287500,7.07494,14015.910181794046
E02006482,698726,435500,287500,7.332143,990.1285779209298
E02006483,695966,435500,291500,7.262439,113876.6048449345
E02006483,695967,436500,291500,7.298558,287934.65472062794
E02006483,696656,435500,290500,7.192821,193143.6108281285
E02006483,696657,436500,290500,7.361844,878334.8040916882
E02006483,696658,437500,290500,7.253218,149862.5587179557
E02006483,697346,435500,289500,7.210795,275574.1565387042
E02006483,697347,436500,289500,7.291993,993048.7546358301
E02006483,697348,437500,289500,7.213049,296175.2762070154
E02006483,698036,435500,288500,7.165562,1046.1131543877946
E02006483,698037,436500,288500,7.378157,510444.58326864865
E02006484,695277,436500,292500,7.226699,143.66675198364499
E02006484,695967,436500,291500,7.298558,226086.961888899
E02006484,695968,437500,291500,7.173413,107303.19486174983
E02006484,696657,436500,290500,7.361844,121665.19590831167
E02006484,696658,437500,290500,7.253218,491837.9916933916
E02006484,696659,438500,290500,7.14632,12525.623523485994
E02006484,697348,437500,289500,7.213049,560647.7049913497
E02006484,697349,438500,289500,7.174913,375037.86035664665
E02006484,698038,437500,288500,7.208576,15143.34235495112
E02006484,698039,438500,288500,7.15333,35573.431703177615
E02006485,695968,437500,291500,7.173413,455353.23367745883
E02006485,695969,438500,291500,7.125695,242267.21664331426
E02006485,695970,439500,291500,7.058036,74492.24008034356
E02006485,695971,440500,291500,7.04406,13321.055185138957
E02006485,696658,437500,290500,7.253218,358299.4495886526
E02006485,696659,438500,290500,7.14632,983914.7905227591
E02006485,696660,439500,290500,6.998456,973384.7768542818
E02006485,696661,440500,290500,7.032804,378395.01708920795
E02006485,697349,438500,289500,7.174913,624962.1396433534
E02006485,697350,439500,289500,7.015494,1000000.0
E02006485,697351,440500,289500,7.051887,275813.0644950341
E02006485,698039,438500,288500,7.15333,20104.588535363706
E02006485,698040,439500,288500,7.091901,116828.42619992563
E02006485,698041,440500,288500,7.06108,1312.3998133837179
E02006486,697346,435500,289500,7.210795,8833.940754799221
E02006486,698033,432500,288500,6.789105,210997.83707146652
E02006486,698034,433500,288500,6.811345,212122.58380555047
E02006486,698035,434500,288500,6.867523,95722.51331634216
E02006486,698036,435500,288500,7.165562,552574.2870576833
E02006486,698037,436500,288500,7.378157,24069.367270187875
E02006486,698723,432500,287500,6.850653,121171.31597215391
E02006486,698724,433500,287500,6.881598,964931.9742630937
E02006486,698725,434500,287500,7.07494,985984.0898182059
E02006486,698726,435500,287500,7.332143,804484.6712917391
E02006486,699414,433500,286500,7.162003,139287.75110889974
E02006486,699415,434500,286500,7.382918,349756.2355184899
E02006486,699416,435500,286500,7.549807,11660.005920931548
E02006487,698036,435500,288500,7.165562,34347.39391976463
E02006487,698037,436500,288500,7.378157,196481.62393135816
E02006487,698726,435500,287500,7.332143,194525.20013033997
E02006487,698727,436500,287500,7.398931,536663.9758597407
E02006487,699415,434500,286500,7.382918,97248.8150224993
E02006487,699416,435500,286500,7.549807,499559.1847604438
E02006487,699417,436500,286500,7.550224,20115.089173934994
E02006488,697347,436500,289500,7.291993,6951.245364170037
E02006488,697348,437500,289500,7.213049,143177.01880163487
E02006488,697351,440500,289500,7.051887,211266.41153824682
E02006488,698037,436500,288500,7.378157,269004.4255298053
E02006488,698038,437500,288500,7.208576,984856.6576450489
E02006488,698039,438500,288500,7.15333,944321.9797614588
E02006488,698040,439500,288500,7.091901,883171.5738000744
E02006488,698041,440500,288500,7.06108,288601.78635867755
E02006488,698727,436500,287500,7.398931,109416.00415272723
E02006488,698728,437500,287500,7.259327,968642.349069169
E02006488,698729,438500,287500,7.100172,1000000.0
E02006488,698730,439500,287500,7.028854,1000000.0
E02006488,698731,440500,287500,7.119847,341035.9281639534
E02006488,699417,436500,286500,7.550224,209828.14813454624
E02006488,699418,437500,286500,7.275097,949491.491208744
E02006488,699419,438500,286500,7.179005,1000000.0
E02006488,699420,439500,286500,7.122836,1000000.0
E02006488,699421,440500,286500,7.289171,353923.16150615807
E02006488,700107,436500,285500,7.492233,549396.205408606
E02006488,700108,437500,285500,7.204299,918888.4580236892
E02006488,700109,438500,285500,7.135783,367470.0936146633
E02006488,700110,439500,285500,7.070767,625289.1862219191
E02006488,700111,440500,285500,7.273638,83752.51479952999
E02006488,700797,436500,284500,7.539297,346621.26128311164
E02006488,700798,437500,284500,7.362342,159656.81579759388
E02006489,698727,436500,287500,7.398931,353920.0199875321
E02006489,698728,437500,287500,7.259327,31357.650930830954
E02006489,699416,435500,286500,7.549807,245017.8301646308
E02006489,699417,436500,286500,7.550224,770056.7626915188
E02006489,699418,437500,286500,7.275097,50508.508791256
E02006489,700106,435500,285500,9.004817,706986.9731348044
E02006489,700107,436500,285500,7.492233,450603.794591394
E02006489,700796,435500,284500,8.018657,435578.8995381387
E02006489,700797,436500,284500,7.539297,162220.6030355973
E02006490,699411,430500,286500,7.177529,43.53560850517498
E02006490,699412,431500,286500,6.985641,266497.22426625894
E02006490,699413,432500,286500,6.91046,533450.7642650626
E02006490,699414,433500,286500,7.162003,819457.6447368942
E02006490,699415,434500,286500,7.382918,481156.79153142043
E02006490,700102,431500,285500,7.221939,7116.211228456006
E02006490,700103,432500,285500,7.330902,263626.87372734776
E02006490,700104,433500,285500,7.53302,490884.1707184679
E02006490,700105,434500,285500,7.746237,531558.4978935932
E02006494,705638,447500,277500,6.651118,9621.276542259548
E02006494,705639,448500,277500,6.760818,620610.656265913
E02006494,705640,449500,277500,6.966837,481269.237547617
E02006494,706329,448500,276500,6.806508,351848.0043511504
E02006494,706330,449500,276500,7.054329,907600.5069264487
E02006494,706331,450500,276500,7.388532,273125.40762975276
E02006494,706332,451500,276500,7.180628,32.252514672460244
E02006494,707020,449500,275500,7.175419,235135.32081792885
E02006494,707021,450500,275500,8.610229,671702.3664822582
E02006494,707022,451500,275500,7.160635,29765.744889728943
E02006495,704939,438500,278500,7.537644,183255.8194742019
E02006495,704940,439500,278500,7.141457,304407.4392091813
E02006495,704941,440500,278500,6.905975,211141.12653990916
E02006495,705629,438500,277500,7.412086,410134.7666341136
E02006495,705630,439500,277500,7.083634,1000000.0
E02006495,705631,440500,277500,6.837838,912366.4879728474
E02006495,705632,441500,277500,6.797589,722779.7686455305
E02006495,705633,442500,277500,6.796661,867985.6369625251
E02006495,705634,443500,277500,6.787481,519441.4071100978
E02006495,706317,436500,276500,7.279098,13859.153085821454
E02006495,706318,437500,276500,7.338056,389023.84848520224
E02006495,706319,438500,276500,6.990677,977777.418027985
E02006495,706320,439500,276500,6.796171,1000000.0
E02006495,706321,440500,276500,6.770925,1000000.0
E02006495,706322,441500,276500,6.798794,1000000.0
E02006495,706323,442500,276500,6.725922,1000000.0
E02006495,706324,443500,276500,6.780418,583118.8018336621
E02006495,707007,436500,275500,7.353554,295978.42201562127
E02006495,707008,437500,275500,7.071924,1000000.0
E02006495,707009,438500,275500,6.810754,1000000.0
E02006495,707010,439500,275500,6.749677,1000000.0
E02006495,707011,440500,275500,6.743868,1000000.0
E02006495,707012,441500,275500,6.819425,1000000.0
E02006495,707013,442500,275500,6.741528,1000000.0
E02006495,707014,443500,275500,6.691152,623710.889036088
E02006495,707697,436500,274500,6.864929,304370.6611121419
E02006495,707698,437500,274500,6.935862,1000000.0
E02006495,707699,438500,274500,6.948019,1000000.0
E02006495,707700,439500,274500,6.897515,1000000.0
E02006495,707701,440500,274500,6.795094,1000000.0
E02006495,707702,441500,274500,6.728622,1000000.0
E02006495,707703,442500,274500,6.664248,1000000.0
E02006495,707704,443500,274500,6.628657,673278.8893756232
E02006495,708387,436500,273500,6.813438,169183.66045889267
E02006495,708388,437500,273500,6.778609,788769.9024098294
E02006495,708389,438500,273500,6.755492,1000000.0
E02006495,708390,439500,273500,6.680533,1000000.0
E02006495,708391,440500,273500,6.825705,523665.62323459086
E02006495,708392,441500,273500,6.840984,615671.2527309011
E02006495,708393,442500,273500,6.767795,800744.7104947496
E02006495,708394,443500,273500,6.675134,898652.6580748096
E02006495,708395,444500,273500,6.684994,201501.9247787453
E02006495,709078,437500,272500,6.669996,657148.865302651
E02006495,709079,438500,272500,6.627095,931754.158134268
E02006495,709080,439500,272500,6.710978,295751.0968927661
E02006495,709081,440500,272500,6.6915,29.262234740377053
E02006495,709083,442500,272500,6.763931,4211.685408705344
E02006495,709084,443500,272500,6.802313,24615.943613613403
E02006495,709085,444500,272500,6.768523,302472.7079958607
E02006495,709769,438500,271500,6.588488,9337.21123514934
E02006497,705639,448500,277500,6.760818,295.48142447557746
E02006497,706328,447500,276500,6.715887,2259.052990090212
E02006497,706329,448500,276500,6.806508,559247.8817072255
E02006497,706330,449500,276500,7.054329,78272.22074032325
E02006497,707018,447500,275500,6.852964,16233.500746825624
E02006497,707019,448500,275500,7.084449,885933.0720022353
E02006497,707020,449500,275500,7.175419,764864.6791820711
E02006497,707021,450500,275500,8.610229,1590.367811698019
E02006497,707709,448500,274500,6.988459,217238.23931983896
E02006497,707710,449500,274500,7.03284,514268.53807559103
E02006497,707711,450500,274500,6.997748,14326.85769340909
E02006498,704944,443500,278500,6.808964,345264.5600352246
E02006498,704945,444500,278500,6.740893,665104.767221711
E02006498,704946,445500,278500,6.733443,510785.04191086337
E02006498,704947,446500,278500,6.6701,215778.5392549401
E02006498,705634,443500,277500,6.787481,449405.70831224194
E02006498,705635,444500,277500,6.756535,1000000.0
E02006498,705636,445500,277500,6.724219,1000000.0
E02006498,705637,446500,277500,6.67103,958691.3739394443
E02006498,705638,447500,277500,6.651118,296329.85206383956
E02006498,706324,443500,276500,6.780418,416881.19816633797
E02006498,706325,444500,276500,6.7535,1000000.0
E02006498,706326,445500,276500,6.719406,1000000.0
E02006498,706327,446500,276500,6.692033,1000000.0
E02006498,706328,447500,276500,6.715887,997354.6741917804
E02006498,706329,448500,276500,6.806508,88508.9493580104
E02006498,707014,443500,275500,6.691152,376289.11096391187
E02006498,707015,444500,275500,6.699539,1000000.0
E02006498,707016,445500,275500,6.76077,1000000.0
E02006498,707017,446500,275500,6.732939,1000000.0
E02006498,707018,447500,275500,6.852964,983766.4992531743
E02006498,707019,448500,275500,7.084449,114066.92799776464
E02006498,707704,443500,274500,6.628657,326721.1106243769
E02006498,707705,444500,274500,6.734798,1000000.0
E02006498,707706,445500,274500,6.780118,1000000.0
E02006498,707707,446500,274500,6.783767,1000000.0
E02006498,707708,447500,274500,6.984807,1000000.0
E02006498,707709,448500,274500,6.988459,521549.4828264152
E02006498,708394,443500,273500,6.675134,10371.62940051211
E02006498,708395,444500,273500,6.684994,798498.0752212546
E02006498,708396,445500,273500,6.74011,979600.3276819166
E02006498,708397,446500,273500,6.848966,443241.0286396411
E02006498,708398,447500,273500,6.955707,712882.3686304374
E02006498,708399,448500,273500,6.846186,145026.22545563892
E02006498,709085,444500,272500,6.768523,134080.1817568643
E02006498,709086,445500,272500,6.79109,271324.19123601116
E02006503,708391,440500,273500,6.825705,476334.37676540914
E02006503,708392,441500,273500,6.840984,384328.7472690989
E02006503,708393,442500,273500,6.767795,199255.28950525046
E02006503,708394,443500,273500,6.675134,90975.71252467828
E02006503,708396,445500,273500,6.74011,20399.67231808325
E02006503,708397,446500,273500,6.848966,556758.9713603589
E02006503,708398,447500,273500,6.955707,287117.6313695626
E02006503,708399,448500,273500,6.846186,67159.810045896
E02006503,709078,437500,272500,6.669996,2868.4840230249865
E02006503,709079,438500,272500,6.627095,68245.84186573203
E02006503,709080,439500,272500,6.710978,704248.9031072338
E02006503,709081,440500,272500,6.6915,999970.7377652596
E02006503,709082,441500,272500,6.690243,1000000.0
E02006503,709083,442500,272500,6.763931,995788.3145912946
E02006503,709084,443500,272500,6.802313,975384.0563863865
E02006503,709085,444500,272500,6.768523,563447.1102472749
E02006503,709086,445500,272500,6.79109,728675.8087639888
E02006503,709087,446500,272500,6.766805,1000000.0
E02006503,709088,447500,272500,6.719477,1000000.0
E02006503,709089,448500,272500,6.711638,539829.2600991571
E02006503,709090,449500,272500,6.748025,416688.6419699068
E02006503,709091,450500,272500,6.706221,100700.26656897174
E02006503,709768,437500,271500,6.669883,91054.77200766644
E02006503,709769,438500,271500,6.588488,971523.9865187831
E02006503,709770,439500,271500,6.618098,1000000.0
E02006503,709771,440500,271500,6.620141,1000000.0
E02006503,709772,441500,271500,6.63341,1000000.0
E02006503,709773,442500,271500,6.663642,1000000.0
E02006503,709774,443500,271500,6.662038,1000000.0
E02006503,709775,444500,271500,6.667698,1000000.0
E02006503,709776,445500,271500,6.724084,1000000.0
E02006503,709777,446500,271500,6.781635,1000000.0
E02006503,709778,447500,271500,6.647777,1000000.0
E02006503,709779,448500,271500,6.646061,1000000.0
E02006503,709780,449500,271500,6.606373,1000000.0
E02006503,709781,450500,271500,6.624399,596056.7664396242
E02006503,710459,438500,270500,6.61922,645821.7895067856
E02006503,710460,439500,270500,6.642021,998761.5676942861
E02006503,710461,440500,270500,6.618583,1000000.0
E02006503,710462,441500,270500,6.578013,1000000.0
E02006503,710463,442500,270500,6.593956,1000000.0
E02006503,710464,443500,270500,6.634721,1000000.0
E02006503,710465,444500,270500,6.574147,1000000.0
E02006503,710466,445500,270500,6.505928,1000000.0
E02006503,710467,446500,270500,6.505511,1000000.0
E02006503,710468,447500,270500,6.548458,1000000.0
E02006503,710469,448500,270500,6.60107,1000000.0
E02006503,710470,449500,270500,6.549772,1000000.0
E02006503,710471,450500,270500,6.588583,358135.6379964345
E02006503,711150,439500,269500,6.654465,105140.27241717538
E02006503,711151,440500,269500,6.6405,830161.9801348958
E02006503,711152,441500,269500,6.579042,1000000.0
E02006503,711153,442500,269500,6.557718,1000000.0
E02006503,711154,443500,269500,6.56601,1000000.0
E02006503,711155,444500,269500,6.597575,1000000.0
E02006503,711156,445500,269500,6.484914,1000000.0
E02006503,711157,446500,269500,6.471671,1000000.0
E02006503,711158,447500,269500,6.524011,1000000.0
E02006503,711159,448500,269500,6.526307,1000000.0
E02006503,711160,449500,269500,6.431797,1000000.0
E02006503,711161,450500,269500,6.538021,970343.0510115228
E02006503,711162,451500,269500,6.484874,617919.787845689
E02006503,711163,452500,269500,6.415185,352821.7496198825
E02006503,711164,453500,269500,6.377931,83593.80654424366
E02006503,711840,439500,268500,6.602942,176563.2951719745
E02006503,711841,440500,268500,6.580434,762425.6722306642
E02006503,711842,441500,268500,6.627618,1000000.0
E02006503,711843,442500,268500,6.575835,1000000.0
E02006503,711844,443500,268500,6.549433,1000000.0
E02006503,711845,444500,268500,6.577909,1000000.0
E02006503,711846,445500,268500,6.574842,1000000.0
E02006503,711847,446500,268500,6.526445,1000000.0
E02006503,711848,447500,268500,6.535878,1000000.0
E02006503,711849,448500,268500,6.529329,1000000.0
E02006503,711850,449500,268500,6.510614,1000000.0
E02006503,711851,450500,268500,6.444664,1000000.0
E02006503,711852,451500,268500,6.462749,1000000.0
E02006503,711853,452500,268500,6.42873,1000000.0
E02006503,711854,453500,268500,6.377916,791295.1168127519
E02006503,711855,454500,268500,6.424649,107.63872810595961
E02006503,712530,439500,267500,6.600007,190214.48727415805
E02006503,712531,440500,267500,6.581924,581910.873450671
E02006503,712532,441500,267500,6.614016,799722.2421787294
E02006503,712533,442500,267500,6.588089,1000000.0
E02006503,712534,443500,267500,6.532983,1000000.0
E02006503,712535,444500,267500,6.538731,1000000.0
E02006503,712536,445500,267500,6.494775,1000000.0
E02006503,712537,446500,267500,6.503629,1000000.0
E02006503,712538,447500,267500,6.520901,1000000.0
E02006503,712539,448500,267500,6.502383,1000000.0
E02006503,712540,449500,267500,6.387056,1000000.0
E02006503,712541,450500,267500,6.42766,1000000.0
E02006503,712542,451500,267500,6.409416,1000000.0
E02006503,712543,452500,267500,6.367978,954117.0001157474
E02006503,712544,453500,267500,6.352595,153455.2549690792
E02006503,713222,441500,266500,6.625827,12737.7658943145
E02006503,713223,442500,266500,6.546621,533392.8888620231
E02006503,713224,443500,266500,6.481368,993822.8431641607
E02006503,713225,444500,266500,6.510886,1000000.0
E02006503,713226,445500,266500,6.541091,1000000.0
E02006503,713227,446500,266500,6.52086,1000000.0
E02006503,713228,447500,266500,6.486161,1000000.0
E02006503,713229,448500,266500,6.445213,1000000.0
E02006503,713230,449500,266500,6.43502,1000000.0
E02006503,713231,450500,266500,6.38625,1000000.0
E02006503,713232,451500,266500,6.312917,1000000.0
E02006503,713233,452500,266500,6.360481,550901.9451161654
E02006503,713914,443500,265500,6.488272,499951.22480730497
E02006503,713915,444500,265500,6.499223,1000000.0
E02006503,713916,445500,265500,6.479485,1000000.0
E02006503,713917,446500,265500,6.45241,1000000.0
E02006503,713918,447500,265500,6.410186,1000000.0
E02006503,713919,448500,265500,6.368546,1000000.0
E02006503,713920,449500,265500,6.456643,1000000.0
E02006503,713921,450500,265500,6.362896,1000000.0
E02006503,713922,451500,265500,6.334466,1000000.0
E02006503,713923,452500,265500,6.366653,950219.2123090192
E02006503,713924,453500,265500,6.460126,66780.85089564366
E02006503,714604,443500,264500,6.616519,22016.744751158312
E02006503,714605,444500,264500,6.516996,406213.54923871026
E02006503,714606,445500,264500,6.438165,938767.8065037564
E02006503,714607,446500,264500,6.440797,1000000.0
E02006503,714608,447500,264500,6.384644,1000000.0
E02006503,714609,448500,264500,6.345468,981492.524628233
E02006503,714610,449500,264500,6.366175,1000000.0
E02006503,714611,450500,264500,6.406597,1000000.0
E02006503,714612,451500,264500,6.452566,1000000.0
E02006503,714613,452500,264500,6.460704,1000000.0
E02006503,714614,453500,264500,6.477278,261823.3157728046
E02006503,715296,445500,263500,6.385998,120236.81824686642
E02006503,715297,446500,263500,6.349942,596136.0427328632
E02006503,715298,447500,263500,6.299778,978465.5030717957
E02006503,715299,448500,263500,6.278499,396454.63062188786
E02006503,715300,449500,263500,6.358163,598524.7687540426
E02006503,715301,450500,263500,6.414318,1000000.0
E02006503,715302,451500,263500,6.444676,1000000.0
E02006503,715303,452500,263500,6.412398,1000000.0
E02006503,715304,453500,263500,6.439351,519457.56822298217
E02006503,715987,446500,262500,6.403143,1820.8967865983932
E02006503,715988,447500,262500,6.378752,248186.31652897684
E02006503,715990,449500,262500,6.289593,43937.186580079004
E02006503,715991,450500,262500,6.4301,537975.5601950088
E02006503,715992,451500,262500,6.430867,949054.6890677377
E02006503,715993,452500,262500,6.439176,862798.400359353
E02006503,715994,453500,262500,6.462714,111910.03900507675
E02006503,716682,451500,261500,6.4267,48173.18079985744
E02006503,716683,452500,261500,6.428821,37533.421432473086
E02006504,707669,408500,274500,6.794388,125360.11136583913
E02006504,707670,409500,274500,6.740781,340154.63851844677
E02006504,707671,410500,274500,6.765971,238333.98807383256
E02006504,707672,411500,274500,6.744218,295489.98214678455
E02006504,707673,412500,274500,6.789355,250682.4285463885
E02006504,707674,413500,274500,7.038356,78586.2199565376
E02006504,708358,407500,273500,6.941213,167847.86028538266
E02006504,708359,408500,273500,6.839751,925431.3428693597
E02006504,708360,409500,273500,6.7207,1000000.0
E02006504,708361,410500,273500,6.724465,1000000.0
E02006504,708362,411500,273500,6.74122,1000000.0
E02006504,708363,412500,273500,6.741944,1000000.0
E02006504,708364,413500,273500,7.072623,732026.0974746036
E02006504,708365,414500,273500,6.718318,109201.76356433576
E02006504,709048,407500,272500,7.063798,9580.15529548294
E02006504,709049,408500,272500,7.141573,817390.2015873912
E02006504,709050,409500,272500,7.023203,1000000.0
E02006504,709051,410500,272500,7.031605,1000000.0
E02006504,709052,411500,272500,6.961722,1000000.0
E02006504,709053,412500,272500,6.940248,1000000.0
E02006504,709054,413500,272500,6.993898,1000000.0
E02006504,709055,414500,272500,6.675066,847458.6164435436
E02006504,709056,415500,272500,6.729527,99627.93875565348
E02006504,709739,408500,271500,6.83453,378774.71834434866
E02006504,709740,409500,271500,6.650877,1000000.0
E02006504,709741,410500,271500,6.605869,1000000.0
E02006504,709742,411500,271500,6.535658,1000000.0
E02006504,709743,412500,271500,6.616874,1000000.0
E02006504,709744,413500,271500,6.588611,1000000.0
E02006504,709745,414500,271500,6.835604,1000000.0
E02006504,709746,415500,271500,6.55796,528423.0420974203
E02006504,710429,408500,270500,6.684164,36473.08350938103
E02006504,710430,409500,270500,6.696315,904114.2299249261
E02006504,710431,410500,270500,6.488407,1000000.0
E02006504,710432,411500,270500,6.478986,1000000.0
E02006504,710433,412500,270500,6.435872,1000000.0
E02006504,710434,413500,270500,6.437657,1000000.0
E02006504,710435,414500,270500,6.40799,1000000.0
E02006504,710436,415500,270500,6.733709,817119.5706803001
E02006504,711120,409500,269500,6.695571,838116.0728728864
E02006504,711121,410500,269500,6.492822,1000000.0
E02006504,711122,411500,269500,6.4447,1000000.0
E02006504,711123,412500,269500,6.359463,1000000.0
E02006504,711124,413500,269500,6.328424,1000000.0
E02006504,711125,414500,269500,6.343866,887468.3577284734
E02006504,711126,415500,269500,6.34994,408615.1454750504
E02006504,711809,408500,268500,6.835848,181071.71394930955
E02006504,711810,409500,268500,6.622784,938209.3964148194
E02006504,711811,410500,268500,6.413392,1000000.0
E02006504,711812,411500,268500,6.38423,1000000.0
E02006504,711813,412500,268500,6.292647,1000000.0
E02006504,711814,413500,268500,6.253602,1000000.0
E02006504,711815,414500,268500,6.268517,864106.6252898411
E02006504,711816,415500,268500,6.287561,25063.207673287518
E02006504,712499,408500,267500,6.842735,542218.3045959577
E02006504,712500,409500,267500,6.514907,1000000.0
E02006504,712501,410500,267500,6.372598,1000000.0
E02006504,712502,411500,267500,6.307575,1000000.0
E02006504,712503,412500,267500,6.265177,1000000.0
E02006504,712504,413500,267500,6.27994,1000000.0
E02006504,712505,414500,267500,6.235293,711696.4459001283
E02006504,712506,415500,267500,6.289856,216056.14865971185
E02006504,713188,407500,266500,6.896886,205.25958726260694
E02006504,713189,408500,266500,6.624079,818581.5944924859
E02006504,713190,409500,266500,6.487848,1000000.0
E02006504,713191,410500,266500,6.386726,1000000.0
E02006504,713192,411500,266500,6.298682,1000000.0
E02006504,713193,412500,266500,6.284109,1000000.0
E02006504,713194,413500,266500,6.277055,885135.5786582322
E02006504,713195,414500,266500,6.220464,186.33340807003722
E02006504,713878,407500,265500,6.668743,291569.538766008
E02006504,713879,408500,265500,6.511034,541905.9986703966
E02006504,713880,409500,265500,6.392269,299833.6429664625
E02006504,713881,410500,265500,6.324649,840033.7162248789
E02006504,713882,411500,265500,6.251681,1000000.0
E02006504,713883,412500,265500,6.318741,1000000.0
E02006504,713884,413500,265500,6.22505,552485.78115586
E02006504,713885,414500,265500,6.265326,14148.710578781207
E02006504,714565,404500,264500,6.663229,155723.10815216065
E02006504,714566,405500,264500,6.527719,191114.0234115408
E02006504,714567,406500,264500,6.470047,334.45927503425673
E02006504,714568,407500,264500,6.491912,168367.24069576204
E02006504,714570,409500,264500,6.243041,19320.788186791367
E02006504,714571,410500,264500,6.246768,851596.2947255136
E02006504,714572,411500,264500,6.195409,848814.6473186744
E02006504,714573,412500,264500,6.235127,323149.2427733696
E02006504,714574,413500,264500,6.210486,14751.128308119265
E02006504,715255,404500,263500,6.339139,644879.2864910878
E02006504,715256,405500,263500,6.367116,997264.7487057156
E02006504,715257,406500,263500,6.512576,348266.4282550297
E02006504,715259,408500,263500,6.305487,117555.96354583683
E02006504,715260,409500,263500,6.207115,423620.4077849852
E02006504,715261,410500,263500,6.206985,1000000.0
E02006504,715262,411500,263500,6.258354,343154.33246806695
E02006504,715945,404500,262500,6.322792,479749.97583694005
E02006504,715946,405500,262500,6.324919,1000000.0
E02006504,715947,406500,262500,6.289002,995084.5145717426
E02006504,715948,407500,262500,6.350863,585769.0246946081
E02006504,715949,408500,262500,6.215065,772763.7849270978
E02006504,715950,409500,262500,6.232445,1000000.0
E02006504,715951,410500,262500,6.178728,972528.8164599782
E02006504,715952,411500,262500,6.193495,3804.927340574708
E02006504,716635,404500,261500,6.19301,337491.6593671087
E02006504,716636,405500,261500,6.267295,736663.484261293
E02006504,716637,406500,261500,6.255851,1000000.0
E02006504,716638,407500,261500,6.289712,1000000.0
E02006504,716639,408500,261500,6.199811,1000000.0
E02006504,716640,409500,261500,6.200363,1000000.0
E02006504,716641,410500,261500,6.180187,380894.27415730775
E02006504,716642,411500,261500,6.115418,283.6034330913655
E02006504,717326,405500,260500,6.210012,176578.2545197886
E02006504,717327,406500,260500,6.128669,823620.7794557189
E02006504,717328,407500,260500,6.218174,1000000.0
E02006504,717329,408500,260500,6.156141,1000000.0
E02006504,717330,409500,260500,6.174248,1000000.0
E02006504,717331,410500,260500,6.240781,516438.1081635515
E02006504,718017,406500,259500,6.248427,134294.1276306768
E02006504,718018,407500,259500,6.286983,458533.36305121245
E02006504,718019,408500,259500,6.364876,555622.8987190053
E02006504,718020,409500,259500,6.341629,918790.4337826885
E02006504,718021,410500,259500,6.348919,239300.5129899737
E02006504,718709,408500,258500,6.394078,131206.00786022673
E02006504,718710,409500,258500,6.436487,142695.25701961052
E02006505,711125,414500,269500,6.343866,112531.64227152662
E02006505,711126,415500,269500,6.34994,488971.4819147742
E02006505,711815,414500,268500,6.268517,135893.37471015897
E02006505,711816,415500,268500,6.287561,953322.9722390488
E02006505,711817,416500,268500,6.357998,147655.77684932709
E02006505,712505,414500,267500,6.235293,288303.5540998717
E02006505,712506,415500,267500,6.289856,783943.8513402882
E02006505,712507,416500,267500,6.31271,735766.0519824824
E02006505,712508,417500,267500,6.321323,251795.7268416438
E02006505,713194,413500,266500,6.277055,114864.4213417677
E02006505,713195,414500,266500,6.220464,999813.66659193
E02006505,713196,415500,266500,6.290657,1000000.0
E02006505,713197,416500,266500,6.310416,1000000.0
E02006505,713198,417500,266500,6.288045,976727.4234960341
E02006505,713199,418500,266500,6.30179,483414.08994457463
E02006505,713200,419500,266500,6.278692,188349.44947501362
E02006505,713884,413500,265500,6.22505,447514.21884413995
E02006505,713885,414500,265500,6.265326,985851.2894212188
E02006505,713886,415500,265500,6.368955,1000000.0
E02006505,713887,416500,265500,6.261529,1000000.0
E02006505,713888,417500,265500,6.288664,1000000.0
E02006505,713889,418500,265500,6.285496,1000000.0
E02006505,713890,419500,265500,6.249805,921208.5449854579
E02006505,713891,420500,265500,6.334065,798422.6417345928
E02006505,713892,421500,265500,6.34255,194013.44492878797
E02006505,713893,422500,265500,6.69435,317381.17273344466
E02006505,714572,411500,264500,6.195409,151185.3526813256
E02006505,714573,412500,264500,6.235127,676850.7572266305
E02006505,714574,413500,264500,6.210486,985248.8716918807
E02006505,714575,414500,264500,6.198341,1000000.0
E02006505,714576,415500,264500,6.289294,1000000.0
E02006505,714577,416500,264500,6.259435,1000000.0
E02006505,714578,417500,264500,6.264982,1000000.0
E02006505,714579,418500,264500,6.227594,1000000.0
E02006505,714580,419500,264500,6.214287,1000000.0
E02006505,714581,420500,264500,6.337767,1000000.0
E02006505,714582,421500,264500,6.29863,1000000.0
E02006505,714583,422500,264500,6.377324,498614.89752829634
E02006505,715262,411500,263500,6.258354,154854.86368192045
E02006505,715263,412500,263500,6.149486,765848.722648488
E02006505,715264,413500,263500,6.169289,1000000.0
E02006505,715265,414500,263500,6.205693,1000000.0
E02006505,715266,415500,263500,6.263445,1000000.0
E02006505,715267,416500,263500,6.312573,1000000.0
E02006505,715268,417500,263500,6.185717,1000000.0
E02006505,715269,418500,263500,6.15229,1000000.0
E02006505,715270,419500,263500,6.154681,975830.959033167
E02006505,715271,420500,263500,6.253173,616562.536043362
E02006505,715272,421500,263500,6.25246,665664.0361669423
E02006505,715273,422500,263500,6.300559,158171.68427232365
E02006505,715953,412500,262500,6.164042,28651.629488853738
E02006505,715954,413500,262500,6.175982,499114.65435556864
E02006505,715955,414500,262500,6.201118,991996.1172068471
E02006505,715956,415500,262500,6.177855,1000000.0
E02006505,715957,416500,262500,6.214011,1000000.0
E02006505,715958,417500,262500,6.219606,1000000.0
E02006505,715959,418500,262500,6.194809,1000000.0
E02006505,715960,419500,262500,6.171718,980860.2290366585
E02006505,715961,420500,262500,6.318013,71246.96087661575
E02006505,716645,414500,261500,6.116234,429454.71660834824
E02006505,716646,415500,261500,6.134048,824674.5344531321
E02006505,716647,416500,261500,6.204827,1000000.0
E02006505,716648,417500,261500,6.211864,1000000.0
E02006505,716649,418500,261500,6.235913,1000000.0
E02006505,716650,419500,261500,6.176168,869303.3937218285
E02006505,716651,420500,261500,6.261848,29993.03214362961
E02006505,717336,415500,260500,6.154747,13627.091363941141
E02006505,717337,416500,260500,6.256462,407902.3784072232
E02006505,717338,417500,260500,6.264187,1000000.0
E02006505,717339,418500,260500,6.175246,990897.4480402046
E02006505,717340,419500,260500,6.125974,189300.47196265621
E02006505,718027,416500,259500,6.338637,92253.31961600127
E02006505,718028,417500,259500,6.359109,418849.91345053125
E02006505,718029,418500,259500,6.312965,729721.4521846481
E02006505,718719,418500,258500,6.296218,19333.161406141815
E02006506,713877,406500,265500,6.677503,8100.584095171014
E02006506,713878,407500,265500,6.668743,7112.4865572733615
E02006506,713879,408500,265500,6.511034,458094.0013296035
E02006506,713880,409500,265500,6.392269,700166.3570335376
E02006506,713881,410500,265500,6.324649,159966.28377512115
E02006506,714566,405500,264500,6.527719,620.6779621103924
E02006506,714567,406500,264500,6.470047,573538.0107428893
E02006506,714568,407500,264500,6.491912,829318.2699474293
E02006506,714569,408500,264500,6.353105,1000000.0
E02006506,714570,409500,264500,6.243041,980679.2118132086
E02006506,714571,410500,264500,6.246768,148403.70527448654
E02006506,715256,405500,263500,6.367116,2735.251294284291
E02006506,715257,406500,263500,6.512576,651733.5717449702
E02006506,715258,407500,263500,6.474796,1000000.0
E02006506,715259,408500,263500,6.305487,882444.0364541633
E02006506,715260,409500,263500,6.207115,576379.592215015
E02006506,715947,406500,262500,6.289002,4915.485428257435
E02006506,715948,407500,262500,6.350863,414230.97530539194
E02006506,715949,408500,262500,6.215065,227236.21507290218
E02006507,713914,443500,265500,6.488272,64763.85261654318
E02006507,714603,442500,264500,6.623852,447268.3677711321
E02006507,714604,443500,264500,6.616519,958211.3340398706
E02006507,714605,444500,264500,6.516996,593786.4507612897
E02006507,714606,445500,264500,6.438165,61232.19349624352
E02006507,714609,448500,264500,6.345468,18507.47537176692
E02006507,715291,440500,263500,6.576546,14700.208961325416
E02006507,715292,441500,263500,6.728469,508751.52913032385
E02006507,715293,442500,263500,6.630705,907922.9776050112
E02006507,715294,443500,263500,6.606138,1000000.0
E02006507,715295,444500,263500,6.484784,1000000.0
E02006507,715296,445500,263500,6.385998,879763.1817531335
E02006507,715297,446500,263500,6.349942,403863.9572671368
E02006507,715298,447500,263500,6.299778,21534.496928204353
E02006507,715299,448500,263500,6.278499,603545.3693781121
E02006507,715300,449500,263500,6.358163,401475.2312459575
E02006507,715981,440500,262500,6.474905,426361.06095362606
E02006507,715982,441500,262500,6.701747,1000000.0
E02006507,715983,442500,262500,6.655138,1000000.0
E02006507,715984,443500,262500,6.520394,1000000.0
E02006507,715985,444500,262500,6.466434,1000000.0
E02006507,715986,445500,262500,6.442835,1000000.0
E02006507,715987,446500,262500,6.403143,998179.1032134016
E02006507,715988,447500,262500,6.378752,751813.6834710231
E02006507,715989,448500,262500,6.308328,1000000.0
E02006507,715990,449500,262500,6.289593,956062.813419921
E02006507,715991,450500,262500,6.4301,462024.43980499124
E02006507,715992,451500,262500,6.430867,50945.31093226234
E02006507,716671,440500,261500,6.459003,737884.4227535848
E02006507,716672,441500,261500,6.669209,1000000.0
E02006507,716673,442500,261500,6.725394,1000000.0
E02006507,716674,443500,261500,6.49942,1000000.0
E02006507,716675,444500,261500,6.450408,1000000.0
E02006507,716676,445500,261500,6.395195,1000000.0
E02006507,716677,446500,261500,6.367976,1000000.0
E02006507,716678,447500,261500,6.340057,1000000.0
E02006507,716679,448500,261500,6.304416,1000000.0
E02006507,716680,449500,261500,6.257567,1000000.0
E02006507,716681,450500,261500,6.418789,966626.978788838
E02006507,716682,451500,261500,6.4267,540015.3800611636
E02006507,716683,452500,261500,6.428821,200568.37576564326
E02006507,717361,440500,260500,6.47226,706290.5661681553
E02006507,717362,441500,260500,6.566773,998780.6502112577
E02006507,717363,442500,260500,6.506454,971383.7809434031
E02006507,717364,443500,260500,6.447194,1000000.0
E02006507,717365,444500,260500,6.368677,1000000.0
E02006507,717366,445500,260500,6.327065,1000000.0
E02006507,717367,446500,260500,6.318916,1000000.0
E02006507,717368,447500,260500,6.345869,1000000.0
E02006507,717369,448500,260500,6.393242,860286.0239347343
E02006507,717370,449500,260500,6.359337,790721.5032361
E02006507,717371,450500,260500,6.398527,306051.02164344734
E02006507,718051,440500,259500,6.532284,157469.8137437958
E02006507,718052,441500,259500,6.543152,147326.67398139482
E02006507,718053,442500,259500,6.500337,16990.957473976334
E02006507,718054,443500,259500,6.471565,422068.90504538047
E02006507,718055,444500,259500,6.434948,858061.5449967005
E02006507,718056,445500,259500,6.410695,996433.1712605148
E02006507,718057,446500,259500,6.339863,1000000.0
E02006507,718058,447500,259500,6.309641,568902.9004636238
E02006507,718059,448500,259500,6.401232,11058.528436305369
E02006507,718061,450500,259500,6.407823,5959.138068446485
E02006507,718745,444500,258500,6.438767,74026.4334268676
E02006507,718746,445500,258500,6.355974,102033.69176387759
E02006507,718747,446500,258500,6.387139,214624.91783256258
E02006507,718748,447500,258500,6.404103,8569.76769139121
E02006508,712530,439500,267500,6.600007,267370.3932828739
E02006508,712531,440500,267500,6.581924,418089.12654932897
E02006508,712532,441500,267500,6.614016,200277.75782127067
E02006508,713218,437500,266500,6.622954,115333.77168574647
E02006508,713219,438500,266500,6.594737,393864.7924276498
E02006508,713220,439500,266500,6.590028,779601.9875247314
E02006508,713221,440500,266500,6.583292,1000000.0
E02006508,713222,441500,266500,6.625827,987262.2341056855
E02006508,713223,442500,266500,6.546621,466607.1111379768
E02006508,713224,443500,266500,6.481368,6177.156835839232
E02006508,713908,437500,265500,6.587713,66892.49141633767
E02006508,713909,438500,265500,6.5721,949021.3587181863
E02006508,713910,439500,265500,6.576851,1000000.0
E02006508,713911,440500,265500,6.565128,1000000.0
E02006508,713912,441500,265500,6.606819,1000000.0
E02006508,713913,442500,265500,6.52106,1000000.0
E02006508,713914,443500,265500,6.488272,435284.92257615185
E02006508,714599,438500,264500,6.536574,511258.4671160383
E02006508,714600,439500,264500,6.555573,1000000.0
E02006508,714601,440500,264500,6.54595,1000000.0
E02006508,714602,441500,264500,6.582407,1000000.0
E02006508,714603,442500,264500,6.623852,552731.632228868
E02006508,714604,443500,264500,6.616519,19771.921208970987
E02006508,715287,436500,263500,6.603898,126132.43554883832
E02006508,715288,437500,263500,6.559303,827416.5659940885
E02006508,715289,438500,263500,6.501506,936982.6797336612
E02006508,715290,439500,263500,6.538933,1000000.0
E02006508,715291,440500,263500,6.576546,985299.7910386747
E02006508,715292,441500,263500,6.728469,491248.4708696762
E02006508,715293,442500,263500,6.630705,92077.02239498877
E02006508,715976,435500,262500,6.573754,346505.7549268359
E02006508,715977,436500,262500,6.551358,992083.9155813555
E02006508,715978,437500,262500,6.54105,1000000.0
E02006508,715979,438500,262500,6.465769,1000000.0
E02006508,715980,439500,262500,6.495657,1000000.0
E02006508,715981,440500,262500,6.474905,573638.939046374
E02006508,716665,434500,261500,6.553512,40774.18764362172
E02006508,716666,435500,261500,6.515673,916321.4126129476
E02006508,716667,436500,261500,6.444938,1000000.0
E02006508,716668,437500,261500,6.452935,1000000.0
E02006508,716669,438500,261500,6.432687,1000000.0
E02006508,716670,439500,261500,6.539338,1000000.0
E02006508,716671,440500,261500,6.459003,262115.57724641523
E02006508,717353,432500,260500,6.598976,14254.836003682343
E02006508,717354,433500,260500,6.546761,454731.4197181537
E02006508,717355,434500,260500,6.488427,578751.3375849759
E02006508,717356,435500,260500,6.472303,1000000.0
E02006508,717357,436500,260500,6.413251,1000000.0
E02006508,717358,437500,260500,6.450147,1000000.0
E02006508,717359,438500,260500,6.447105,1000000.0
E02006508,717360,439500,260500,6.404956,1000000.0
E02006508,717361,440500,260500,6.47226,293709.43383184465
E02006508,717362,441500,260500,6.566773,1219.3497887422789
E02006508,717363,442500,260500,6.506454,28616.21905659698
E02006508,717369,448500,260500,6.393242,134716.34426212314
E02006508,717370,449500,260500,6.359337,6277.305586719889
E02006508,718043,432500,259500,6.850869,218677.15721936576
E02006508,718044,433500,259500,6.621282,1000000.0
E02006508,718045,434500,259500,6.579228,1000000.0
E02006508,718046,435500,259500,6.472445,1000000.0
E02006508,718047,436500,259500,6.580973,1000000.0
E02006508,718048,437500,259500,6.579867,1000000.0
E02006508,718049,438500,259500,6.564889,1000000.0
E02006508,718050,439500,259500,6.527277,1000000.0
E02006508,718051,440500,259500,6.532284,842530.1862562043
E02006508,718052,441500,259500,6.543152,852673.3260186051
E02006508,718053,442500,259500,6.500337,983009.0425260237
E02006508,718054,443500,259500,6.471565,577931.0949546195
E02006508,718055,444500,259500,6.434948,141938.45500329943
E02006508,718056,445500,259500,6.410695,3566.8287394853674
E02006508,718058,447500,259500,6.309641,431097.09953637625
E02006508,718059,448500,259500,6.401232,988941.4715636946
E02006508,718060,449500,259500,6.429307,345229.3931951754
E02006508,718733,432500,258500,6.651324,272446.3273398059
E02006508,718734,433500,258500,6.855297,967121.4381519143
E02006508,718735,434500,258500,6.568137,1000000.0
E02006508,718736,435500,258500,6.52084,1000000.0
E02006508,718737,436500,258500,6.532031,1000000.0
E02006508,718738,437500,258500,6.46958,1000000.0
E02006508,718739,438500,258500,6.558161,1000000.0
E02006508,718740,439500,258500,6.530357,1000000.0
E02006508,718741,440500,258500,6.50807,1000000.0
E02006508,718742,441500,258500,6.479318,1000000.0
E02006508,718743,442500,258500,6.418731,1000000.0
E02006508,718744,443500,258500,6.44472,1000000.0
E02006508,718745,444500,258500,6.438767,925973.5665731324
E02006508,718746,445500,258500,6.355974,897966.3082361225
E02006508,718747,446500,258500,6.387139,785375.0821674375
E02006508,718748,447500,258500,6.404103,991430.2323086088
E02006508,718749,448500,258500,6.382667,1000000.0
E02006508,718750,449500,258500,6.403316,675831.1504199409
E02006508,718751,450500,258500,6.327435,4074.89928965091
E02006508,719424,433500,257500,6.622617,524460.8817728733
E02006508,719425,434500,257500,6.85923,1000000.0
E02006508,719426,435500,257500,6.694599,1000000.0
E02006508,719427,436500,257500,6.574283,1000000.0
E02006508,719428,437500,257500,6.552932,1000000.0
E02006508,719429,438500,257500,6.53795,1000000.0
E02006508,719430,439500,257500,6.535174,1000000.0
E02006508,719431,440500,257500,6.446268,1000000.0
E02006508,719432,441500,257500,6.494458,1000000.0
E02006508,719433,442500,257500,6.460515,1000000.0
E02006508,719434,443500,257500,6.445674,1000000.0
E02006508,719435,444500,257500,6.431521,1000000.0
E02006508,719436,445500,257500,6.396384,1000000.0
E02006508,719437,446500,257500,6.38091,1000000.0
E02006508,719438,447500,257500,6.443612,1000000.0
E02006508,719439,448500,257500,6.450053,1000000.0
E02006508,719440,449500,257500,6.384459,1000000.0
E02006508,719441,450500,257500,6.435499,598277.9426482749
E02006508,720114,433500,256500,6.460869,1057.1823516603765
E02006508,720115,434500,256500,6.476579,275427.2691001189
E02006508,720116,435500,256500,6.963376,956782.609663888
E02006508,720117,436500,256500,6.734187,1000000.0
E02006508,720118,437500,256500,6.561449,1000000.0
E02006508,720119,438500,256500,6.518275,1000000.0
E02006508,720120,439500,256500,6.499497,1000000.0
E02006508,720121,440500,256500,6.421425,1000000.0
E02006508,720122,441500,256500,6.416258,1000000.0
E02006508,720123,442500,256500,6.472181,1000000.0
E02006508,720124,443500,256500,6.457411,1000000.0
E02006508,720125,444500,256500,6.446264,1000000.0
E02006508,720126,445500,256500,6.416756,1000000.0
E02006508,720127,446500,256500,6.39635,1000000.0
E02006508,720128,447500,256500,6.458785,1000000.0
E02006508,720129,448500,256500,6.412862,1000000.0
E02006508,720130,449500,256500,6.459703,1000000.0
E02006508,720131,450500,256500,6.43372,894051.9225511705
E02006508,720132,451500,256500,6.474216,22.785683735760756
E02006508,720806,435500,255500,6.663277,229513.48020011437
E02006508,720807,436500,255500,6.943322,498666.83652952855
E02006508,720808,437500,255500,6.672463,771713.2308571059
E02006508,720809,438500,255500,6.53385,999092.344540853
E02006508,720810,439500,255500,6.517972,905846.6377387902
E02006508,720811,440500,255500,6.393651,833422.2886718092
E02006508,720812,441500,255500,6.367196,985464.0957374378
E02006508,720813,442500,255500,6.385222,1000000.0
E02006508,720814,443500,255500,6.435461,1000000.0
E02006508,720815,444500,255500,6.450869,1000000.0
E02006508,720816,445500,255500,6.459355,1000000.0
E02006508,720817,446500,255500,6.447751,1000000.0
E02006508,720818,447500,255500,6.392647,989277.4792011952
E02006508,720819,448500,255500,6.450966,918337.1478105788
E02006508,720820,449500,255500,6.461403,571091.4869089442
E02006508,720821,450500,255500,6.440904,376135.28230598
E02006508,720822,451500,255500,6.487706,4799.707682669378
E02006508,721499,438500,254500,6.566315,60178.818236055755
E02006508,721502,441500,254500,6.48219,553471.8774384487
E02006508,721503,442500,254500,6.481726,1000000.0
E02006508,721504,443500,254500,6.436771,1000000.0
E02006508,721505,444500,254500,6.460142,1000000.0
E02006508,721506,445500,254500,6.471801,1000000.0
E02006508,721507,446500,254500,6.449852,867675.705001547
E02006508,721508,447500,254500,6.472906,78164.79542433613
E02006508,722191,440500,253500,6.485063,148937.4697115663
E02006508,722192,441500,253500,6.45118,911696.8309239082
E02006508,722193,442500,253500,6.491899,1000000.0
E02006508,722194,443500,253500,6.490499,1000000.0
E02006508,722195,444500,253500,6.405796,1000000.0
E02006508,722196,445500,253500,6.480133,953966.0898917343
E02006508,722197,446500,253500,6.480529,163898.77757493034
E02006508,722881,440500,252500,6.500739,423389.95451603906
E02006508,722882,441500,252500,6.444379,1000000.0
E02006508,722883,442500,252500,6.451245,1000000.0
E02006508,722884,443500,252500,6.503706,1000000.0
E02006508,722885,444500,252500,6.478839,1000000.0
E02006508,722886,445500,252500,6.478405,747811.1722657006
E02006508,723571,440500,251500,6.463628,457572.92390422634
E02006508,723572,441500,251500,6.43373,1000000.0
E02006508,723573,442500,251500,6.495321,1000000.0
E02006508,723574,443500,251500,6.498991,1000000.0
E02006508,723575,444500,251500,6.468101,1000000.0
E02006508,723576,445500,251500,6.466352,491596.5957662818
E02006508,724260,439500,250500,6.812523,444843.4968982846
E02006508,724261,440500,250500,6.445306,961547.4766785771
E02006508,724262,441500,250500,6.517033,1000000.0
E02006508,724263,442500,250500,6.414841,1000000.0
E02006508,724264,443500,250500,6.442135,1000000.0
E02006508,724265,444500,250500,6.489891,1000000.0
E02006508,724266,445500,250500,6.532244,87693.1366867911
E02006508,724950,439500,249500,6.492075,544108.5097400817
E02006508,724951,440500,249500,6.775951,999388.2899056781
E02006508,724952,441500,249500,6.549695,995770.7809484026
E02006508,724953,442500,249500,6.49303,1000000.0
E02006508,724954,443500,249500,6.487006,1000000.0
E02006508,724955,444500,249500,6.509591,780381.5559556285
E02006508,724956,445500,249500,6.545164,37359.5211957276
E02006508,725641,440500,248500,6.583887,121441.04359682059
E02006508,725642,441500,248500,6.832425,125558.7671916406
E02006508,725643,442500,248500,6.557975,813416.5679528195
E02006508,725644,443500,248500,6.50052,300715.9288725025
E02006508,725645,444500,248500,6.545265,161590.39030377043
E02006508,726333,442500,247500,6.873309,23905.765992088396
E02006509,716635,404500,261500,6.19301,53953.23381233071
E02006509,716636,405500,261500,6.267295,263336.515738707
E02006509,717325,404500,260500,6.104891,27102.04613541173
E02006509,717326,405500,260500,6.210012,697330.5223804928
E02006509,717327,406500,260500,6.128669,176379.2205442811
E02006509,718016,405500,259500,6.220435,666241.0358593588
E02006509,718017,406500,259500,6.248427,865705.8723693232
E02006509,718018,407500,259500,6.286983,541466.6369487876
E02006509,718019,408500,259500,6.364876,444377.1012809947
E02006509,718706,405500,258500,6.160449,330204.6923235266
E02006509,718707,406500,258500,6.203707,1000000.0
E02006509,718708,407500,258500,6.283298,1000000.0
E02006509,718709,408500,258500,6.394078,868793.9921397732
E02006509,718710,409500,258500,6.436487,287370.57194128365
E02006509,719396,405500,257500,6.189513,357333.4817564599
E02006509,719397,406500,257500,6.180355,1000000.0
E02006509,719398,407500,257500,6.281852,1000000.0
E02006509,719399,408500,257500,6.408051,1000000.0
E02006509,719400,409500,257500,6.369132,534770.8872920662
E02006509,719401,410500,257500,6.297517,18594.192812045407
E02006509,720085,404500,256500,6.170738,262170.82935315947
E02006509,720086,405500,256500,6.136452,878506.5455513813
E02006509,720087,406500,256500,6.250525,1000000.0
E02006509,720088,407500,256500,6.22637,1000000.0
E02006509,720089,408500,256500,6.396873,552275.6389560947
E02006509,720090,409500,256500,6.319738,55414.08971922298
E02006509,720775,404500,255500,6.152926,530864.4656601016
E02006509,720776,405500,255500,6.192713,1000000.0
E02006509,720777,406500,255500,6.163348,1000000.0
E02006509,720778,407500,255500,6.166503,996106.6730068239
E02006509,720779,408500,255500,6.358999,149174.46077504443
E02006509,721465,404500,254500,6.000508,234440.19871136436
E02006509,721466,405500,254500,6.199164,610955.3576674908
E02006509,721467,406500,254500,6.121484,623550.4417866942
E02006509,721468,407500,254500,6.180898,630394.0504166094
E02006509,721469,408500,254500,6.352998,269292.92088434333
E02006510,715262,411500,263500,6.258354,501990.8038500126
E02006510,715263,412500,263500,6.149486,234151.27735151205
E02006510,715951,410500,262500,6.178728,27471.183540021782
E02006510,715952,411500,262500,6.193495,996195.0726594253
E02006510,715953,412500,262500,6.164042,971348.3705111463
E02006510,715954,413500,262500,6.175982,500885.34564443136
E02006510,715955,414500,262500,6.201118,8003.882793152976
E02006510,716641,410500,261500,6.180187,619105.7258426923
E02006510,716642,411500,261500,6.115418,999716.3965669087
E02006510,716643,412500,261500,6.185934,1000000.0
E02006510,716644,413500,261500,6.18773,1000000.0
E02006510,716645,414500,261500,6.116234,570545.2833916517
E02006510,716646,415500,261500,6.134048,175325.46554686793
E02006510,717331,410500,260500,6.240781,483561.8918364485
E02006510,717332,411500,260500,6.104712,1000000.0
E02006510,717333,412500,260500,6.124984,1000000.0
E02006510,717334,413500,260500,6.149233,1000000.0
E02006510,717335,414500,260500,6.160478,1000000.0
E02006510,717336,415500,260500,6.154747,986372.9086360589
E02006510,717337,416500,260500,6.256462,592097.6215927767
E02006510,718020,409500,259500,6.341629,81209.56621731159
E02006510,718021,410500,259500,6.348919,760699.4870100262
E02006510,718022,411500,259500,6.229438,1000000.0
E02006510,718023,412500,259500,6.216551,1000000.0
E02006510,718024,413500,259500,6.247695,1000000.0
E02006510,718025,414500,259500,6.228561,1000000.0
E02006510,718026,415500,259500,6.307203,1000000.0
E02006510,718027,416500,259500,6.338637,907746.6803839988
E02006510,718028,417500,259500,6.359109,581150.0865494688
E02006510,718029,418500,259500,6.312965,51388.12251184142
E02006510,718710,409500,258500,6.436487,569934.1710391057
E02006510,718711,410500,258500,6.293433,1000000.0
E02006510,718712,411500,258500,6.174897,1000000.0
E02006510,718713,412500,258500,6.154135,1000000.0
E02006510,718714,413500,258500,6.246891,1000000.0
E02006510,718715,414500,258500,6.276794,1000000.0
E02006510,718716,415500,258500,6.290314,1000000.0
E02006510,718717,416500,258500,6.310749,1000000.0
E02006510,718718,417500,258500,6.312843,1000000.0
E02006510,718719,418500,258500,6.296218,828026.7531213345
E02006510,718720,419500,258500,6.33878,187006.85757099942
E02006510,719400,409500,257500,6.369132,465229.11270793376
E02006510,719401,410500,257500,6.297517,981405.8071879547
E02006510,719402,411500,257500,6.297626,1000000.0
E02006510,719403,412500,257500,6.213852,1000000.0
E02006510,719404,413500,257500,6.250314,1000000.0
E02006510,719405,414500,257500,6.273801,1000000.0
E02006510,719406,415500,257500,6.292808,1000000.0
E02006510,719407,416500,257500,6.302374,1000000.0
E02006510,719408,417500,257500,6.353076,1000000.0
E02006510,719409,418500,257500,6.342076,998824.8091174567
E02006510,719410,419500,257500,6.564542,595411.0830384314
E02006510,720089,408500,256500,6.396873,447724.3610439054
E02006510,720090,409500,256500,6.319738,944585.9102807769
E02006510,720091,410500,256500,6.27535,1000000.0
E02006510,720092,411500,256500,6.331239,1000000.0
E02006510,720093,412500,256500,6.309109,1000000.0
E02006510,720094,413500,256500,6.340709,1000000.0
E02006510,720095,414500,256500,6.323576,1000000.0
E02006510,720096,415500,256500,6.299681,1000000.0
E02006510,720097,416500,256500,6.296494,1000000.0
E02006510,720098,417500,256500,6.427404,1000000.0
E02006510,720099,418500,256500,6.741542,555505.0943411369
E02006510,720778,407500,255500,6.166503,3893.3269931760433
E02006510,720779,408500,255500,6.358999,715382.9560124691
E02006510,720780,409500,255500,6.207337,952021.7621983868
E02006510,720781,410500,255500,6.217787,1000000.0
E02006510,720782,411500,255500,6.258996,1000000.0
E02006510,720783,412500,255500,6.286427,1000000.0
E02006510,720784,413500,255500,6.257355,1000000.0
E02006510,720785,414500,255500,6.318944,1000000.0
E02006510,720786,415500,255500,6.35814,1000000.0
E02006510,720787,416500,255500,6.36527,1000000.0
E02006510,720788,417500,255500,6.542307,829281.0841515786
E02006510,720789,418500,255500,6.663952,16475.841060231473
E02006510,721469,408500,254500,6.352998,10529.21559287441
E02006510,721470,409500,254500,6.25701,252695.29982163844
E02006510,721471,410500,254500,6.293188,815625.4867024928
E02006510,721472,411500,254500,6.266242,1000000.0
E02006510,721473,412500,254500,6.253518,1000000.0
E02006510,721474,413500,254500,6.254353,1000000.0
E02006510,721475,414500,254500,6.258676,1000000.0
E02006510,721476,415500,254500,6.269624,1000000.0
E02006510,721477,416500,254500,6.219315,1000000.0
E02006510,721478,417500,254500,6.369484,998777.7312509377
E02006510,721479,418500,254500,6.452151,127787.68826846771
E02006510,722161,410500,253500,6.334742,200.78920589875696
E02006510,722162,411500,253500,6.303162,498429.72080606443
E02006510,722163,412500,253500,6.266528,1000000.0
E02006510,722164,413500,253500,6.237587,1000000.0
E02006510,722165,414500,253500,6.226974,973269.9979173398
E02006510,722166,415500,253500,6.251838,997258.0548220488
E02006510,722167,416500,253500,6.285163,1000000.0
E02006510,722168,417500,253500,6.345469,995601.4067374631
E02006510,722169,418500,253500,6.301893,299188.60767661233
E02006510,722852,411500,252500,6.24911,67982.338089186
E02006510,722853,412500,252500,6.262942,990412.7144452403
E02006510,722854,413500,252500,6.259825,951784.8220832396
E02006510,722855,414500,252500,6.225334,161406.4782958942
E02006510,722856,415500,252500,6.281556,634170.495663055
E02006510,722857,416500,252500,6.50608,767943.3089241374
E02006510,722858,417500,252500,6.349418,244503.29847408627
E02006510,723542,411500,251500,6.21787,27793.33949504707
E02006510,723543,412500,251500,6.187831,285555.0972971531
E02006510,723544,413500,251500,6.209648,494744.5158205378
E02006510,723545,414500,251500,6.24591,139052.98423409756
E02006511,715270,419500,263500,6.154681,24169.040966832872
E02006511,715271,420500,263500,6.253173,383437.46395663806
E02006511,715272,421500,263500,6.25246,334335.9638330577
E02006511,715273,422500,263500,6.300559,77495.05199600395
E02006511,715960,419500,262500,6.171718,19139.770963341456
E02006511,715961,420500,262500,6.318013,928753.0391233843
E02006511,715962,421500,262500,6.318903,1000000.0
E02006511,715963,422500,262500,6.302085,611612.7927010331
E02006511,715964,423500,262500,6.300845,104373.57342362413
E02006511,715965,424500,262500,6.399045,100730.38172005709
E02006511,716650,419500,261500,6.176168,130696.60627817153
E02006511,716651,420500,261500,6.261848,970006.9678563703
E02006511,716652,421500,261500,6.308769,1000000.0
E02006511,716653,422500,261500,6.314607,1000000.0
E02006511,716654,423500,261500,6.270587,1000000.0
E02006511,716655,424500,261500,6.342727,692245.2556962295
E02006511,716656,425500,261500,6.656382,27505.109872448007
E02006511,717339,418500,260500,6.175246,9102.551959795388
E02006511,717340,419500,260500,6.125974,810699.5280373438
E02006511,717341,420500,260500,6.190158,1000000.0
E02006511,717342,421500,260500,6.270497,1000000.0
E02006511,717343,422500,260500,6.250487,1000000.0
E02006511,717344,423500,260500,6.361979,1000000.0
E02006511,717345,424500,260500,6.334462,1000000.0
E02006511,717346,425500,260500,6.476282,755855.7428277206
E02006511,717347,426500,260500,6.579252,31411.418975731525
E02006511,718029,418500,259500,6.312965,218890.42530351042
E02006511,718030,419500,259500,6.249581,1000000.0
E02006511,718031,420500,259500,6.295694,1000000.0
E02006511,718032,421500,259500,6.419642,1000000.0
E02006511,718033,422500,259500,6.336659,1000000.0
E02006511,718034,423500,259500,6.356153,1000000.0
E02006511,718035,424500,259500,6.325696,1000000.0
E02006511,718036,425500,259500,6.534944,999693.5898434825
E02006511,718037,426500,259500,6.521422,780187.2399039352
E02006511,718038,427500,259500,6.619482,3442.6474336505325
E02006511,718040,429500,259500,6.58038,1803.5981571084837
E02006511,718041,430500,259500,6.54466,153781.49520596128
E02006511,718042,431500,259500,6.918244,15.525351786304755
E02006511,718719,418500,258500,6.296218,152640.0854725237
E02006511,718720,419500,258500,6.33878,812993.1424290006
E02006511,718721,420500,258500,6.423316,1000000.0
E02006511,718722,421500,258500,6.254148,1000000.0
E02006511,718723,422500,258500,6.341388,1000000.0
E02006511,718724,423500,258500,6.347756,1000000.0
E02006511,718725,424500,258500,6.306849,1000000.0
E02006511,718726,425500,258500,6.503649,773360.299068369
E02006511,718727,426500,258500,6.502655,62972.44222351067
E02006511,718728,427500,258500,6.592513,527934.8471717533
E02006511,718729,428500,258500,6.506749,278422.61354374915
E02006511,718730,429500,258500,6.551258,205130.24497693242
E02006511,718731,430500,258500,6.502099,974543.7937817932
E02006511,718732,431500,258500,6.526546,906860.5437201117
E02006511,718733,432500,258500,6.651324,573489.8922621368
E02006511,718734,433500,258500,6.855297,28700.226082870802
E02006511,719410,419500,257500,6.564542,55866.90152877438
E02006511,719411,420500,257500,6.362423,813179.1330942848
E02006511,719412,421500,257500,6.292298,931414.2472360515
E02006511,719413,422500,257500,6.363951,868760.9977674986
E02006511,719414,423500,257500,6.343014,838628.0297802009
E02006511,719415,424500,257500,6.300898,1000000.0
E02006511,719416,425500,257500,6.500563,998309.5343143027
E02006511,719417,426500,257500,6.482369,806552.6150786652
E02006511,719418,427500,257500,6.581502,1000000.0
E02006511,719419,428500,257500,6.529151,966209.0432939557
E02006511,719420,429500,257500,6.509973,862979.3254660349
E02006511,719421,430500,257500,6.497573,1000000.0
E02006511,719422,431500,257500,6.500163,1000000.0
E02006511,719423,432500,257500,6.497573,830801.7116010116
E02006511,719424,433500,257500,6.622617,8106.3240940253645
E02006511,720101,420500,256500,6.45388,68719.51565943944
E02006511,720102,421500,256500,6.351984,29009.5927995781
E02006511,720103,422500,256500,6.269627,38045.36195148997
E02006511,720104,423500,256500,6.329538,254013.9289752149
E02006511,720105,424500,256500,6.292685,959879.7948156378
E02006511,720106,425500,256500,6.461771,1000000.0
E02006511,720107,426500,256500,6.463656,1000000.0
E02006511,720108,427500,256500,6.623567,1000000.0
E02006511,720109,428500,256500,6.57281,1000000.0
E02006511,720110,429500,256500,6.456838,1000000.0
E02006511,720111,430500,256500,6.485679,1000000.0
E02006511,720112,431500,256500,6.477712,1000000.0
E02006511,720113,432500,256500,6.481133,334141.53772531427
E02006511,720794,423500,255500,6.329045,5002.702612018453
E02006511,720795,424500,255500,6.276919,815173.1714454351
E02006511,720796,425500,255500,6.50748,1000000.0
E02006511,720797,426500,255500,6.495985,1000000.0
E02006511,720798,427500,255500,6.701887,1000000.0
E02006511,720799,428500,255500,6.616308,1000000.0
E02006511,720800,429500,255500,6.461133,1000000.0
E02006511,720801,430500,255500,6.431178,1000000.0
E02006511,720802,431500,255500,6.448253,808837.6966993121
E02006511,720803,432500,255500,6.421587,6348.69926051498
E02006511,721485,424500,254500,6.247138,535566.0169305964
E02006511,721486,425500,254500,6.227695,1000000.0
E02006511,721487,426500,254500,6.242783,1000000.0
E02006511,721488,427500,254500,6.485096,1000000.0
E02006511,721489,428500,254500,6.294028,1000000.0
E02006511,721490,429500,254500,6.228161,1000000.0
E02006511,721491,430500,254500,6.432192,1000000.0
E02006511,721492,431500,254500,6.420805,304697.6178697041
E02006511,722175,424500,253500,6.243495,27986.57159650948
E02006511,722176,425500,253500,6.191035,339747.027763173
E02006511,722177,426500,253500,6.147783,800804.9192431114
E02006511,722178,427500,253500,6.278649,818896.25827744
E02006511,722179,428500,253500,6.243519,1000000.0
E02006511,722180,429500,253500,6.209287,1000000.0
E02006511,722181,430500,253500,6.43046,767385.0833221879
E02006511,722182,431500,253500,6.47118,2737.9751088140506
E02006511,722868,427500,252500,6.296671,757972.8059564529
E02006511,722869,428500,252500,6.191522,1000000.0
E02006511,722870,429500,252500,6.232444,977893.6004217098
E02006511,722871,430500,252500,6.39084,167010.21756313104
E02006511,723558,427500,251500,6.336867,616110.2471333436
E02006511,723559,428500,251500,6.24087,795868.1509294367
E02006511,723560,429500,251500,6.20567,525164.0513204038
E02006511,724249,428500,250500,6.186608,193021.5863012906
E02006511,724250,429500,250500,6.13126,27594.835391121942
E02006512,719409,418500,257500,6.342076,1175.1908825433
E02006512,719410,419500,257500,6.564542,348722.0154327943
E02006512,719411,420500,257500,6.362423,186820.86690571526
E02006512,719412,421500,257500,6.292298,68585.75276394852
E02006512,719413,422500,257500,6.363951,12828.263983464642
E02006512,720099,418500,256500,6.741542,444494.9056588631
E02006512,720100,419500,256500,6.701795,1000000.0
E02006512,720101,420500,256500,6.45388,931280.4843405605
E02006512,720102,421500,256500,6.351984,897068.5128274738
E02006512,720103,422500,256500,6.269627,461980.0568225333
E02006512,720789,418500,255500,6.663952,455545.7082546664
E02006512,720790,419500,255500,6.705407,905921.8777990353
E02006512,720791,420500,255500,6.652261,980499.1683394158
E02006512,720792,421500,255500,6.384127,95368.87411192754
E02006512,721481,420500,254500,6.577386,47141.16648223878
E02006513,719413,422500,257500,6.363951,118410.73824903676
E02006513,719414,423500,257500,6.343014,161371.97021979908
E02006513,720102,421500,256500,6.351984,73921.89437294815
E02006513,720103,422500,256500,6.269627,499974.58122597676
E02006513,720104,423500,256500,6.329538,745986.071024785
E02006513,720105,424500,256500,6.292685,40120.20518436224
E02006513,720791,420500,255500,6.652261,18849.452349377396
E02006513,720792,421500,255500,6.384127,904631.1258880723
E02006513,720793,422500,255500,6.440067,1000000.0
E02006513,720794,423500,255500,6.329045,994997.2973879816
E02006513,720795,424500,255500,6.276919,184826.82855456488
E02006513,721481,420500,254500,6.577386,682847.7572484707
E02006513,721482,421500,254500,6.460258,1000000.0
E02006513,721483,422500,254500,6.396491,1000000.0
E02006513,721484,423500,254500,6.278948,1000000.0
E02006513,721485,424500,254500,6.247138,464433.98306940356
E02006513,722170,419500,253500,6.363546,145287.13207301497
E02006513,722171,420500,253500,6.426375,996999.1321071701
E02006513,722172,421500,253500,6.496955,1000000.0
E02006513,722173,422500,253500,6.320754,1000000.0
E02006513,722174,423500,253500,6.259733,993563.4220814122
E02006513,722175,424500,253500,6.243495,203623.0960586044
E02006513,722860,419500,252500,6.280866,178674.3624959465
E02006513,722861,420500,252500,6.322468,872698.3713489335
E02006513,722862,421500,252500,6.262555,873279.0290137202
E02006513,722863,422500,252500,6.276711,703844.9592450378
E02006513,722864,423500,252500,6.244446,762678.0759859992
E02006513,722865,424500,252500,6.192547,21493.36165561501
E02006513,723553,422500,251500,6.242377,43061.48922169078
E02006513,723554,423500,251500,6.176623,159826.58446099024
E02006514,720788,417500,255500,6.542307,170718.9158484214
E02006514,720789,418500,255500,6.663952,527978.450685102
E02006514,720790,419500,255500,6.705407,94078.12220096463
E02006514,720791,420500,255500,6.652261,651.3793112067902
E02006514,721478,417500,254500,6.369484,1222.2687490622711
E02006514,721479,418500,254500,6.452151,872212.3117315323
E02006514,721480,419500,254500,6.645483,1000000.0
E02006514,721481,420500,254500,6.577386,270011.0762692905
E02006514,722169,418500,253500,6.301893,401782.18662467785
E02006514,722170,419500,253500,6.363546,543705.9573196667
E02006514,722171,420500,253500,6.426375,3000.867892829946
E02006516,718734,433500,258500,6.855297,4178.335765214962
E02006516,719423,432500,257500,6.497573,169198.28839898837
E02006516,719424,433500,257500,6.622617,467432.79413310124
E02006516,720113,432500,256500,6.481133,665858.4622746857
E02006516,720114,433500,256500,6.460869,998942.8176483396
E02006516,720115,434500,256500,6.476579,724572.7308998811
E02006516,720116,435500,256500,6.963376,43217.390336111916
E02006516,720802,431500,255500,6.448253,191162.30330068799
E02006516,720803,432500,255500,6.421587,993651.3007394851
E02006516,720804,433500,255500,6.441005,1000000.0
E02006516,720805,434500,255500,6.487683,1000000.0
E02006516,720806,435500,255500,6.663277,770486.5197998856
E02006516,720807,436500,255500,6.943322,501333.16347047145
E02006516,720808,437500,255500,6.672463,228286.76914289402
E02006516,720809,438500,255500,6.53385,907.6554591469627
E02006516,720810,439500,255500,6.517972,94153.36226120975
E02006516,720811,440500,255500,6.393651,166577.71132819078
E02006516,720812,441500,255500,6.367196,14535.904262562079
E02006516,721492,431500,254500,6.420805,695302.3821302959
E02006516,721493,432500,254500,6.45442,1000000.0
E02006516,721494,433500,254500,6.425185,1000000.0
E02006516,721495,434500,254500,6.46603,1000000.0
E02006516,721496,435500,254500,6.540409,1000000.0
E02006516,721497,436500,254500,6.576832,1000000.0
E02006516,721498,437500,254500,6.899612,1000000.0
E02006516,721499,438500,254500,6.566315,939821.1817639442
E02006516,721500,439500,254500,6.506908,1000000.0
E02006516,721501,440500,254500,6.448997,1000000.0
E02006516,721502,441500,254500,6.48219,446528.12256155134
E02006516,722181,430500,253500,6.43046,232614.91667781217
E02006516,722182,431500,253500,6.47118,997262.0248911859
E02006516,722183,432500,253500,6.472378,1000000.0
E02006516,722184,433500,253500,6.483541,1000000.0
E02006516,722185,434500,253500,6.447775,1000000.0
E02006516,722186,435500,253500,6.496737,1000000.0
E02006516,722187,436500,253500,6.518103,1000000.0
E02006516,722188,437500,253500,6.717209,1000000.0
E02006516,722189,438500,253500,6.703416,1000000.0
E02006516,722190,439500,253500,6.539392,1000000.0
E02006516,722191,440500,253500,6.485063,851062.5302884337
E02006516,722192,441500,253500,6.45118,88303.16907609184
E02006516,722870,429500,252500,6.232444,22106.39957829022
E02006516,722871,430500,252500,6.39084,832989.782436869
E02006516,722872,431500,252500,6.473895,1000000.0
E02006516,722873,432500,252500,6.477616,1000000.0
E02006516,722874,433500,252500,6.456313,1000000.0
E02006516,722875,434500,252500,6.476243,1000000.0
E02006516,722876,435500,252500,6.481275,1000000.0
E02006516,722877,436500,252500,6.483528,1000000.0
E02006516,722878,437500,252500,6.426477,1000000.0
E02006516,722879,438500,252500,6.890961,1000000.0
E02006516,722880,439500,252500,6.5026,1000000.0
E02006516,722881,440500,252500,6.500739,576610.045483961
E02006516,723560,429500,251500,6.20567,474835.9486795962
E02006516,723561,430500,251500,6.417764,1000000.0
E02006516,723562,431500,251500,6.477181,1000000.0
E02006516,723563,432500,251500,6.446227,1000000.0
E02006516,723564,433500,251500,6.51441,1000000.0
E02006516,723565,434500,251500,6.498677,1000000.0
E02006516,723566,435500,251500,6.473896,1000000.0
E02006516,723567,436500,251500,6.416789,1000000.0
E02006516,723568,437500,251500,6.370231,1000000.0
E02006516,723569,438500,251500,6.613689,1000000.0
E02006516,723570,439500,251500,6.748013,1000000.0
E02006516,723571,440500,251500,6.463628,542427.0760957737
E02006516,724248,427500,250500,6.200951,43149.080005523276
E02006516,724249,428500,250500,6.186608,627647.1254894173
E02006516,724250,429500,250500,6.13126,972405.1646088781
E02006516,724251,430500,250500,6.416789,1000000.0
E02006516,724252,431500,250500,6.474658,1000000.0
E02006516,724253,432500,250500,6.476952,1000000.0
E02006516,724254,433500,250500,6.465937,1000000.0
E02006516,724255,434500,250500,6.425567,1000000.0
E02006516,724256,435500,250500,6.438816,1000000.0
E02006516,724257,436500,250500,6.449917,1000000.0
E02006516,724258,437500,250500,6.40759,1000000.0
E02006516,724259,438500,250500,6.481591,1000000.0
E02006516,724260,439500,250500,6.812523,555156.5031017155
E02006516,724261,440500,250500,6.445306,38452.52332142296
E02006516,724938,427500,249500,6.23888,257206.3657660866
E02006516,724939,428500,249500,6.222667,1000000.0
E02006516,724940,429500,249500,6.211119,1000000.0
E02006516,724941,430500,249500,6.446766,1000000.0
E02006516,724942,431500,249500,6.449927,1000000.0
E02006516,724943,432500,249500,6.447744,1000000.0
E02006516,724944,433500,249500,6.412155,1000000.0
E02006516,724945,434500,249500,6.362317,1000000.0
E02006516,724946,435500,249500,6.402174,1000000.0
E02006516,724947,436500,249500,6.441366,1000000.0
E02006516,724948,437500,249500,6.411054,1000000.0
E02006516,724949,438500,249500,6.415655,1000000.0
E02006516,724950,439500,249500,6.492075,455891.4902599183
E02006516,724951,440500,249500,6.775951,611.7100943218517
E02006516,724952,441500,249500,6.549695,4229.219051597488
E02006516,725628,427500,248500,6.268365,26429.999395140527
E02006516,725629,428500,248500,6.167257,930050.5824045723
E02006516,725630,429500,248500,6.166216,1000000.0
E02006516,725631,430500,248500,6.396113,1000000.0
E02006516,725632,431500,248500,6.434379,1000000.0
E02006516,725633,432500,248500,6.440097,1000000.0
E02006516,725634,433500,248500,6.410945,1000000.0
E02006516,725635,434500,248500,6.407071,1000000.0
E02006516,725636,435500,248500,6.406939,1000000.0
E02006516,725637,436500,248500,6.442307,1000000.0
E02006516,725638,437500,248500,6.393786,1000000.0
E02006516,725639,438500,248500,6.373242,1000000.0
E02006516,725640,439500,248500,6.392124,1000000.0
E02006516,725641,440500,248500,6.583887,878558.9564031793
E02006516,725642,441500,248500,6.832425,874441.2328083594
E02006516,725643,442500,248500,6.557975,101367.87721229036
E02006516,726319,428500,247500,6.181968,619119.5411211967
E02006516,726320,429500,247500,6.162644,1000000.0
E02006516,726321,430500,247500,6.346032,1000000.0
E02006516,726322,431500,247500,6.373042,1000000.0
E02006516,726323,432500,247500,6.436507,1000000.0
E02006516,726324,433500,247500,6.356055,1000000.0
E02006516,726325,434500,247500,6.39811,1000000.0
E02006516,726326,435500,247500,6.423592,1000000.0
E02006516,726327,436500,247500,6.369726,1000000.0
E02006516,726328,437500,247500,6.405988,1000000.0
E02006516,726329,438500,247500,6.383004,1000000.0
E02006516,726330,439500,247500,6.412095,1000000.0
E02006516,726331,440500,247500,6.455922,1000000.0
E02006516,726332,441500,247500,6.444424,904971.2012581576
E02006516,726333,442500,247500,6.873309,37644.78458476938
E02006516,727009,428500,246500,6.176714,43468.690778196535
E02006516,727010,429500,246500,6.182395,937997.5128395723
E02006516,727011,430500,246500,6.411881,1000000.0
E02006516,727012,431500,246500,6.386517,1000000.0
E02006516,727013,432500,246500,6.412904,1000000.0
E02006516,727014,433500,246500,6.308711,1000000.0
E02006516,727015,434500,246500,6.353118,1000000.0
E02006516,727016,435500,246500,6.427562,1000000.0
E02006516,727017,436500,246500,6.354001,1000000.0
E02006516,727018,437500,246500,6.393405,801323.0937073044
E02006516,727019,438500,246500,6.415862,423943.64529019495
E02006516,727020,439500,246500,6.421549,239380.92443211388
E02006516,727021,440500,246500,6.411611,765501.3317950607
E02006516,727022,441500,246500,6.467043,900254.0545041768
E02006516,727023,442500,246500,6.595135,764822.7173760666
E02006516,727024,443500,246500,6.875656,209565.62427127582
E02006516,727699,428500,245500,6.180699,102310.04900301612
E02006516,727700,429500,245500,6.157132,985723.687035824
E02006516,727701,430500,245500,6.399712,1000000.0
E02006516,727702,431500,245500,6.375281,1000000.0
E02006516,727703,432500,245500,6.407619,1000000.0
E02006516,727704,433500,245500,6.311583,1000000.0
E02006516,727705,434500,245500,6.338697,1000000.0
E02006516,727706,435500,245500,6.346336,1000000.0
E02006516,727707,436500,245500,6.392631,1000000.0
E02006516,727708,437500,245500,6.390699,832724.5147479147
E02006516,727711,440500,245500,6.399035,17154.238894510585
E02006516,727712,441500,245500,6.458204,889020.8602070988
E02006516,727713,442500,245500,6.453747,1000000.0
E02006516,727714,443500,245500,6.769435,854556.6462749585
E02006516,727715,444500,245500,6.807718,9133.760479630959
E02006516,728389,428500,244500,6.18088,4620.534220951708
E02006516,728390,429500,244500,6.177917,675672.8220165353
E02006516,728391,430500,244500,6.189328,1000000.0
E02006516,728392,431500,244500,6.19737,1000000.0
E02006516,728393,432500,244500,6.195006,1000000.0
E02006516,728394,433500,244500,6.126521,1000000.0
E02006516,728395,434500,244500,6.162145,1000000.0
E02006516,728396,435500,244500,6.340193,775892.991495484
E02006516,728397,436500,244500,6.313269,410019.1663328932
E02006516,728398,437500,244500,6.361175,444369.9605959093
E02006516,728402,441500,244500,6.454656,121037.08173360064
E02006516,728403,442500,244500,6.493764,597088.8280577252
E02006516,728404,443500,244500,6.554542,163799.65774451976
E02006516,728405,444500,244500,6.975936,2047.5792380450462
E02006516,729080,429500,243500,6.128479,75664.88498817619
E02006516,729081,430500,243500,6.18767,888328.298207144
E02006516,729082,431500,243500,6.191129,896306.9830234325
E02006516,729083,432500,243500,6.164923,1000000.0
E02006516,729084,433500,243500,6.22269,1000000.0
E02006516,729085,434500,243500,6.138175,999792.9519359237
E02006516,729086,435500,243500,6.31405,225212.45275179535
E02006516,729771,430500,242500,6.155282,58018.35328145597
E02006516,729772,431500,242500,6.181034,50272.5078735964
E02006516,729773,432500,242500,6.140703,715066.4873378661
E02006516,729774,433500,242500,6.148351,1000000.0
E02006516,729775,434500,242500,6.092534,885846.8365324556
E02006516,729776,435500,242500,6.373935,180.0144537181062
E02006516,730463,432500,241500,6.193045,63358.877605008674
E02006516,730464,433500,241500,6.152641,788783.4039786321
E02006516,730465,434500,241500,6.095352,336878.4030861879
E02006516,731154,433500,240500,6.169682,3377.458797681068
E02006516,731155,434500,240500,6.153105,52338.950289939814
E02006519,706307,426500,276500,6.734533,95510.23836596534
E02006519,706308,427500,276500,6.865271,709141.7536156839
E02006519,706309,428500,276500,6.887604,444429.8932962492
E02006519,706310,429500,276500,7.028469,16945.468150697838
E02006519,706997,426500,275500,6.697119,399428.3650637046
E02006519,706998,427500,275500,6.756276,1000000.0
E02006519,706999,428500,275500,6.812988,929887.5124741155
E02006519,707000,429500,275500,6.847785,1082.109344852509
E02006519,707685,424500,274500,6.492422,38239.55412505497
E02006519,707686,425500,274500,6.687196,416313.31480768154
E02006519,707687,426500,274500,6.681653,982476.3746302786
E02006519,707688,427500,274500,6.701638,1000000.0
E02006519,707689,428500,274500,6.809718,983466.7540461571
E02006519,707690,429500,274500,6.858348,80699.68061056435
E02006519,708375,424500,273500,6.474133,581352.2570595894
E02006519,708376,425500,273500,6.706582,1000000.0
E02006519,708377,426500,273500,6.72073,1000000.0
E02006519,708378,427500,273500,6.760761,1000000.0
E02006519,708379,428500,273500,6.764881,585330.0200441797
E02006519,708380,429500,273500,6.851951,82530.75157987689
E02006519,709065,424500,272500,6.437189,174800.13532253023
E02006519,709066,425500,272500,6.60752,691201.8392270916
E02006519,709067,426500,272500,6.652642,958493.2534222446
E02006519,709068,427500,272500,6.697221,1000000.0
E02006519,709069,428500,272500,6.832081,920916.9599617113
E02006519,709070,429500,272500,6.951284,224221.6011628017
E02006519,709757,426500,271500,6.686583,906380.9170661372
E02006519,709758,427500,271500,6.677833,976592.6528736665
E02006519,709759,428500,271500,6.853263,628596.0481946834
E02006519,709760,429500,271500,6.953174,98541.61949351513
E02006519,710447,426500,270500,6.619183,41846.27360888673
E02006519,710448,427500,270500,6.643251,35131.85004309914
E02006519,710449,428500,270500,6.749498,11963.185624957454
E02006520,708379,428500,273500,6.764881,414669.9799558203
E02006520,708380,429500,273500,6.851951,609868.6780048178
E02006520,708381,430500,273500,6.901152,184586.52553692236
E02006520,708382,431500,273500,7.043743,464006.0927736655
E02006520,708383,432500,273500,7.135147,265.48726757939266
E02006520,709069,428500,272500,6.832081,79083.04003828864
E02006520,709070,429500,272500,6.951284,772006.1930587476
E02006520,709071,430500,272500,6.895139,994396.9748911298
E02006520,709072,431500,272500,7.087727,475663.63766811497
E02006520,709760,429500,271500,6.953174,235922.2563474834
E02006520,709761,430500,271500,7.12038,727588.1447379015
E02006520,709762,431500,271500,6.798281,6960.76431035118
E02006520,710450,429500,270500,7.043798,24370.690443648724
E02006520,710451,430500,270500,7.034022,70652.08785790444
E02006521,709070,429500,272500,6.951284,3772.2057784508106
E02006521,709757,426500,271500,6.686583,7777.648195050299
E02006521,709758,427500,271500,6.677833,23407.347126333614
E02006521,709759,428500,271500,6.853263,371403.9518053166
E02006521,709760,429500,271500,6.953174,665536.1241590016
E02006521,710447,426500,270500,6.619183,690229.8408815833
E02006521,710448,427500,270500,6.643251,964868.1499569009
E02006521,710449,428500,270500,6.749498,933521.3996344245
E02006521,710450,429500,270500,7.043798,558706.9216395466
E02006521,710451,430500,270500,7.034022,24068.294016761116
E02006521,711137,426500,269500,6.623094,68316.28105759175
E02006521,711138,427500,269500,6.631176,434964.0235497031
E02006521,711139,428500,269500,6.726891,219269.90842018803
E02006522,707676,415500,274500,6.725961,124122.38428011481
E02006522,707677,416500,274500,6.792268,21784.973903397182
E02006522,707678,417500,274500,6.686046,22474.391710017717
E02006522,707679,418500,274500,6.551142,726694.2695454869
E02006522,707680,419500,274500,6.52321,239651.01600792093
E02006522,707682,421500,274500,6.513796,2285.680544986305
E02006522,707683,422500,274500,6.467397,63300.378751774966
E02006522,707684,423500,274500,6.475093,51324.74328833365
E02006522,708366,415500,273500,6.798936,807587.3090477834
E02006522,708367,416500,273500,6.729027,578296.1033091729
E02006522,708368,417500,273500,6.547158,260319.5353038156
E02006522,708369,418500,273500,6.517556,1000000.0
E02006522,708370,419500,273500,6.479725,325971.95665592095
E02006522,708371,420500,273500,6.494538,18673.622785665342
E02006522,708372,421500,273500,6.478461,446278.2107409728
E02006522,708373,422500,273500,6.422907,995556.835456798
E02006522,708374,423500,273500,6.454441,738692.4316238245
E02006522,708375,424500,273500,6.474133,233198.29208911466
E02006522,709056,415500,272500,6.729527,542037.6555106093
E02006522,709057,416500,272500,6.567576,1000000.0
E02006522,709058,417500,272500,6.467949,1000000.0
E02006522,709059,418500,272500,6.493508,1000000.0
E02006522,709060,419500,272500,6.5111,1000000.0
E02006522,709061,420500,272500,6.51906,934413.3127885518
E02006522,709062,421500,272500,6.475396,940416.7541921979
E02006522,709063,422500,272500,6.434492,1000000.0
E02006522,709064,423500,272500,6.476054,1000000.0
E02006522,709065,424500,272500,6.437189,825199.8646774697
E02006522,709066,425500,272500,6.60752,308798.16077290836
E02006522,709067,426500,272500,6.652642,41506.74657775542
E02006522,709746,415500,271500,6.55796,471576.9579025797
E02006522,709747,416500,271500,6.536145,1000000.0
E02006522,709748,417500,271500,6.562359,1000000.0
E02006522,709749,418500,271500,6.571405,1000000.0
E02006522,709750,419500,271500,6.473592,1000000.0
E02006522,709751,420500,271500,6.440544,1000000.0
E02006522,709752,421500,271500,6.406428,1000000.0
E02006522,709753,422500,271500,6.447114,1000000.0
E02006522,709754,423500,271500,6.415359,1000000.0
E02006522,709755,424500,271500,6.421274,1000000.0
E02006522,709756,425500,271500,6.611899,1000000.0
E02006522,709757,426500,271500,6.686583,85841.43473881253
E02006522,710436,415500,270500,6.733709,182880.4293196998
E02006522,710437,416500,270500,6.704312,1000000.0
E02006522,710438,417500,270500,6.730473,1000000.0
E02006522,710439,418500,270500,6.549878,1000000.0
E02006522,710440,419500,270500,6.493116,1000000.0
E02006522,710441,420500,270500,6.465167,1000000.0
E02006522,710442,421500,270500,6.42316,1000000.0
E02006522,710443,422500,270500,6.423083,1000000.0
E02006522,710444,423500,270500,6.477103,1000000.0
E02006522,710445,424500,270500,6.438159,1000000.0
E02006522,710446,425500,270500,6.597408,1000000.0
E02006522,710447,426500,270500,6.619183,267923.88550953
E02006522,710449,428500,270500,6.749498,54515.41474061799
E02006522,710450,429500,270500,7.043798,395592.93026092276
E02006522,710451,430500,270500,7.034022,37190.31649651727
E02006522,711126,415500,269500,6.34994,102413.37261017544
E02006522,711127,416500,269500,6.373837,1000000.0
E02006522,711128,417500,269500,6.514706,1000000.0
E02006522,711129,418500,269500,6.837447,1000000.0
E02006522,711130,419500,269500,6.680306,1000000.0
E02006522,711131,420500,269500,6.480687,1000000.0
E02006522,711132,421500,269500,6.447085,1000000.0
E02006522,711133,422500,269500,6.445223,1000000.0
E02006522,711134,423500,269500,6.388566,1000000.0
E02006522,711135,424500,269500,6.459662,1000000.0
E02006522,711136,425500,269500,6.64589,1000000.0
E02006522,711137,426500,269500,6.623094,931683.7189424082
E02006522,711138,427500,269500,6.631176,565035.9764502968
E02006522,711139,428500,269500,6.726891,780730.091579812
E02006522,711140,429500,269500,7.038264,1000000.0
E02006522,711141,430500,269500,6.876633,499892.57084198296
E02006522,711142,431500,269500,6.806828,8766.40842380285
E02006522,711816,415500,268500,6.287561,21613.82008766374
E02006522,711817,416500,268500,6.357998,852344.223150673
E02006522,711818,417500,268500,6.365315,1000000.0
E02006522,711819,418500,268500,6.411051,1000000.0
E02006522,711820,419500,268500,6.759065,1000000.0
E02006522,711821,420500,268500,6.576127,1000000.0
E02006522,711822,421500,268500,6.442501,1000000.0
E02006522,711823,422500,268500,6.431456,920484.9646075899
E02006522,711824,423500,268500,6.439507,1000000.0
E02006522,711825,424500,268500,6.436162,1000000.0
E02006522,711826,425500,268500,6.657833,894300.9245512212
E02006522,711827,426500,268500,6.655893,764919.5394498113
E02006522,711828,427500,268500,6.634393,1000000.0
E02006522,711829,428500,268500,6.6802,1000000.0
E02006522,711830,429500,268500,6.98991,1000000.0
E02006522,711831,430500,268500,6.796893,987122.7156307631
E02006522,711832,431500,268500,6.880155,198014.1637483151
E02006522,712507,416500,267500,6.31271,264233.94801751757
E02006522,712508,417500,267500,6.321323,748204.2731583562
E02006522,712509,418500,267500,6.339595,1000000.0
E02006522,712510,419500,267500,6.351727,1000000.0
E02006522,712511,420500,267500,6.773121,1000000.0
E02006522,712512,421500,267500,6.486251,1000000.0
E02006522,712513,422500,267500,6.432951,750895.2020530095
E02006522,712514,423500,267500,6.462168,203292.34687330664
E02006522,712515,424500,267500,6.439144,220880.5543341774
E02006522,712516,425500,267500,6.733531,390211.5279219291
E02006522,712517,426500,267500,6.725739,155534.97237174178
E02006522,712518,427500,267500,6.780363,759063.6651441441
E02006522,712519,428500,267500,6.948484,820204.1710250356
E02006522,712520,429500,267500,7.068495,372791.72598048084
E02006522,712521,430500,267500,6.937833,61488.43482260143
E02006522,713198,417500,266500,6.288045,23272.576503965895
E02006522,713199,418500,266500,6.30179,516585.9100554254
E02006522,713200,419500,266500,6.278692,811650.5505249865
E02006522,713201,420500,266500,6.380427,1000000.0
E02006522,713202,421500,266500,6.753585,1000000.0
E02006522,713203,422500,266500,6.592073,616347.1434371014
E02006522,713210,429500,266500,6.911409,43645.377654173986
E02006522,713890,419500,265500,6.249805,78791.4550145421
E02006522,713891,420500,265500,6.334065,201577.35826540703
E02006522,713892,421500,265500,6.34255,805986.5550712121
E02006522,713893,422500,265500,6.69435,433746.02063033625
E02006523,706310,429500,276500,7.028469,152801.51774257963
E02006523,706999,428500,275500,6.812988,70112.48752588447
E02006523,707000,429500,275500,6.847785,909635.9037464225
E02006523,707001,430500,275500,6.930416,121034.57814328698
E02006523,707002,431500,275500,6.936857,279101.7706419205
E02006523,707003,432500,275500,7.105801,512532.5159358322
E02006523,707004,433500,275500,7.39375,270620.5767784763
E02006523,707005,434500,275500,7.388027,592125.0461952962
E02006523,707006,435500,275500,7.272332,421544.31045719626
E02006523,707007,436500,275500,7.353554,291959.0137255869
E02006523,707689,428500,274500,6.809718,16533.245953842856
E02006523,707690,429500,274500,6.858348,919300.3193894357
E02006523,707691,430500,274500,6.906847,437703.55057358503
E02006523,707692,431500,274500,6.921392,886828.0039672629
E02006523,707693,432500,274500,7.151599,995149.3315992398
E02006523,707694,433500,274500,7.158818,926476.1314141788
E02006523,707695,434500,274500,6.922526,1000000.0
E02006523,707696,435500,274500,6.882626,1000000.0
E02006523,707697,436500,274500,6.864929,695629.3388878581
E02006523,708380,429500,273500,6.851951,307600.5704153052
E02006523,708381,430500,273500,6.901152,815413.4744630777
E02006523,708382,431500,273500,7.043743,535993.9072263344
E02006523,708383,432500,273500,7.135147,999734.5127324207
E02006523,708384,433500,273500,6.888312,1000000.0
E02006523,708385,434500,273500,6.85114,1000000.0
E02006523,708386,435500,273500,6.785141,1000000.0
E02006523,708387,436500,273500,6.813438,830816.3395411073
E02006523,708388,437500,273500,6.778609,211230.09759017057
E02006523,709071,430500,272500,6.895139,5603.02510887025
E02006523,709072,431500,272500,7.087727,524336.362331885
E02006523,709073,432500,272500,6.848494,1000000.0
E02006523,709074,433500,272500,6.754328,1000000.0
E02006523,709075,434500,272500,6.79881,1000000.0
E02006523,709076,435500,272500,6.750881,1000000.0
E02006523,709077,436500,272500,6.83891,1000000.0
E02006523,709078,437500,272500,6.669996,339982.6506743242
E02006523,709761,430500,271500,7.12038,272411.8552620986
E02006523,709762,431500,271500,6.798281,993039.2356896489
E02006523,709763,432500,271500,6.745566,1000000.0
E02006523,709764,433500,271500,6.710083,1000000.0
E02006523,709765,434500,271500,6.769191,1000000.0
E02006523,709766,435500,271500,6.737916,1000000.0
E02006523,709767,436500,271500,6.732691,1000000.0
E02006523,709768,437500,271500,6.669883,908945.2279923336
E02006523,709769,438500,271500,6.588488,19138.802246067597
E02006523,710450,429500,270500,7.043798,21329.45765588179
E02006523,710451,430500,270500,7.034022,868089.3016288172
E02006523,710452,431500,270500,6.807028,1000000.0
E02006523,710453,432500,270500,6.727318,1000000.0
E02006523,710454,433500,270500,6.764735,1000000.0
E02006523,710455,434500,270500,6.793925,1000000.0
E02006523,710456,435500,270500,6.685673,1000000.0
E02006523,710457,436500,270500,6.681453,1000000.0
E02006523,710458,437500,270500,6.626452,1000000.0
E02006523,710459,438500,270500,6.61922,354178.2104932143
E02006523,710460,439500,270500,6.642021,1238.4323057139372
E02006523,711141,430500,269500,6.876633,500107.4291580171
E02006523,711142,431500,269500,6.806828,991233.5915761972
E02006523,711143,432500,269500,6.848424,1000000.0
E02006523,711144,433500,269500,6.837214,1000000.0
E02006523,711145,434500,269500,6.827487,1000000.0
E02006523,711146,435500,269500,6.768031,1000000.0
E02006523,711147,436500,269500,6.708821,1000000.0
E02006523,711148,437500,269500,6.64241,1000000.0
E02006523,711149,438500,269500,6.624334,1000000.0
E02006523,711150,439500,269500,6.654465,894859.7275828246
E02006523,711151,440500,269500,6.6405,169838.01986510432
E02006523,711831,430500,268500,6.796893,12877.284369236953
E02006523,711832,431500,268500,6.880155,801985.8362516849
E02006523,711833,432500,268500,6.899756,730102.9660943546
E02006523,711834,433500,268500,6.884012,942961.2704790012
E02006523,711835,434500,268500,6.860374,1000000.0
E02006523,711836,435500,268500,6.776063,1000000.0
E02006523,711837,436500,268500,6.67903,1000000.0
E02006523,711838,437500,268500,6.607058,1000000.0
E02006523,711839,438500,268500,6.583495,1000000.0
E02006523,711840,439500,268500,6.602942,823436.7048280255
E02006523,711841,440500,268500,6.580434,237574.32776933582
E02006523,712520,429500,267500,7.068495,615967.7171652057
E02006523,712521,430500,267500,6.937833,778772.7415767623
E02006523,712522,431500,267500,6.974192,566927.1644322743
E02006523,712523,432500,267500,6.97403,16314.02301200625
E02006523,712524,433500,267500,6.935447,528163.9842577458
E02006523,712525,434500,267500,6.779492,1000000.0
E02006523,712526,435500,267500,6.740351,1000000.0
E02006523,712527,436500,267500,6.663131,1000000.0
E02006523,712528,437500,267500,6.635705,1000000.0
E02006523,712529,438500,267500,6.58084,1000000.0
E02006523,712530,439500,267500,6.600007,542415.1194429682
E02006523,713210,429500,266500,6.911409,212942.6400606927
E02006523,713211,430500,266500,6.952497,161893.27263824403
E02006523,713214,433500,266500,6.767957,12965.648120388914
E02006523,713215,434500,266500,6.698307,778906.836988908
E02006523,713216,435500,266500,6.712375,1000000.0
E02006523,713217,436500,266500,6.657754,1000000.0
E02006523,713218,437500,266500,6.622954,884666.2283142535
E02006523,713219,438500,266500,6.594737,606135.2075723503
E02006523,713220,439500,266500,6.590028,220398.0124752686
E02006523,713904,433500,265500,6.783867,17617.335420033705
E02006523,713905,434500,265500,6.687195,322767.1252531179
E02006523,713906,435500,265500,6.613868,1000000.0
E02006523,713907,436500,265500,6.64642,1000000.0
E02006523,713908,437500,265500,6.587713,933107.5085836623
E02006523,713909,438500,265500,6.5721,50978.6412818138
E02006523,714594,433500,264500,6.920543,362650.6331349923
E02006523,714595,434500,264500,6.81397,977814.2762453897
E02006523,714596,435500,264500,6.646955,1000000.0
E02006523,714597,436500,264500,6.620202,1000000.0
E02006523,714598,437500,264500,6.581185,1000000.0
E02006523,714599,438500,264500,6.536574,488741.5328839617
E02006523,715284,433500,263500,6.759634,515496.4065686959
E02006523,715285,434500,263500,6.663875,1000000.0
E02006523,715286,435500,263500,6.629405,1000000.0
E02006523,715287,436500,263500,6.603898,873867.5644511618
E02006523,715288,437500,263500,6.559303,172583.43400591143
E02006523,715289,438500,263500,6.501506,63017.320266338735
E02006523,715974,433500,262500,6.610148,496622.6062683158
E02006523,715975,434500,262500,6.576935,999946.3375378267
E02006523,715976,435500,262500,6.573754,653494.245073164
E02006523,715977,436500,262500,6.551358,7916.084418644545
E02006523,716665,434500,261500,6.553512,539844.5955700199
E02006523,716666,435500,261500,6.515673,83678.58738705242
E02006524,711834,433500,268500,6.884012,282.62573977104046
E02006524,712523,432500,267500,6.97403,217060.72276639784
E02006524,712524,433500,267500,6.935447,427190.8462738532
E02006524,713213,432500,266500,7.019218,187174.2629916133
E02006524,713214,433500,266500,6.767957,125244.1186293897
E02006525,711833,432500,268500,6.899756,269897.0339056453
E02006525,711834,433500,268500,6.884012,56756.10378122772
E02006525,712522,431500,267500,6.974192,282646.228229944
E02006525,712523,432500,267500,6.97403,766625.2542215959
E02006525,712524,433500,267500,6.935447,37013.92078614713
E02006525,713212,431500,266500,7.076987,601661.2986621653
E02006525,713213,432500,266500,7.019218,443413.4714095932
E02006525,713902,431500,265500,7.061883,200027.60304736788
E02006525,713903,432500,265500,7.041911,17183.45692936984
E02006526,712517,426500,267500,6.725739,87175.66233107478
E02006526,712518,427500,267500,6.780363,239403.53444524872
E02006526,712519,428500,267500,6.948484,179795.82897496448
E02006526,712520,429500,267500,7.068495,11240.556854313543
E02006526,713207,426500,266500,6.8834,247708.84670349158
E02006526,713208,427500,266500,7.107126,951797.0982242664
E02006526,713209,428500,266500,7.026586,953950.9054256162
E02006526,713210,429500,266500,6.911409,743411.9822851332
E02006526,713211,430500,266500,6.952497,26803.06923703798
E02006526,713897,426500,265500,7.012686,73741.34917608704
E02006526,713898,427500,265500,6.888097,100426.50535678063
E02006526,713899,428500,265500,6.998371,5845.847371775933
E02006526,713900,429500,265500,6.945919,284559.869823942
E02006526,713901,430500,265500,7.005956,29057.230229945973
E02006527,712521,430500,267500,6.937833,159738.8236006363
E02006527,712522,431500,267500,6.974192,150426.6073377816
E02006527,713211,430500,266500,6.952497,811303.658124718
E02006527,713212,431500,266500,7.076987,398338.7013378347
E02006527,713901,430500,265500,7.005956,515230.06415426935
E02006527,713902,431500,265500,7.061883,481135.5690366585
E02006527,713903,432500,265500,7.041911,239.7199713836426
E02006528,712524,433500,267500,6.935447,7631.248682253874
E02006528,713213,432500,266500,7.019218,369412.2655987936
E02006528,713214,433500,266500,6.767957,861790.2332502215
E02006528,713215,434500,266500,6.698307,221093.16301109214
E02006528,713902,431500,265500,7.061883,47806.31485845835
E02006528,713903,432500,265500,7.041911,935890.6330024832
E02006528,713904,433500,265500,6.783867,982382.6645799663
E02006528,713905,434500,265500,6.687195,677232.8747468821
E02006528,714593,432500,264500,7.001163,252796.1594136213
E02006528,714594,433500,264500,6.920543,478876.99946508877
E02006528,714595,434500,264500,6.81397,22185.7237546102
E02006529,713208,427500,266500,7.107126,48202.9017757336
E02006529,713209,428500,266500,7.026586,46049.094574383824
E02006529,713897,426500,265500,7.012686,323509.9788808179
E02006529,713898,427500,265500,6.888097,899573.4946432194
E02006529,713899,428500,265500,6.998371,751771.203604044
E02006529,714586,425500,264500,6.731673,17567.73402166131
E02006529,714587,426500,264500,7.003312,809459.5664502071
E02006529,714588,427500,264500,6.83733,871828.4397970922
E02006529,714589,428500,264500,6.820771,66829.56138748316
E02006529,715276,425500,263500,6.871701,278328.1020539265
E02006529,715277,426500,263500,7.224215,1000000.0
E02006529,715278,427500,263500,6.838619,620327.1607973474
E02006529,715966,425500,262500,6.891932,149777.21177635537
E02006529,715967,426500,262500,7.168553,872763.1935350588
E02006529,715968,427500,262500,6.99704,501470.3707600579
E02006529,716657,426500,261500,6.602044,217868.5791508493
E02006529,716658,427500,261500,6.555207,492000.0418411875
E02006529,717347,426500,260500,6.579252,3058.1398730338287
E02006530,713899,428500,265500,6.998371,242382.94902418004
E02006530,713900,429500,265500,6.945919,715440.1301760579
E02006530,713901,430500,265500,7.005956,413238.66675789544
E02006530,714588,427500,264500,6.83733,128171.56020290786
E02006530,714589,428500,264500,6.820771,933170.4386125167
E02006530,714590,429500,264500,6.824478,1000000.0
E02006530,714591,430500,264500,7.019791,999969.7032674714
E02006530,714592,431500,264500,7.032311,233043.19294616007
E02006530,715278,427500,263500,6.838619,374300.2778665475
E02006530,715279,428500,263500,6.677495,711959.6870291808
E02006530,715280,429500,263500,6.733403,575375.4669570951
E02006530,715281,430500,263500,7.019056,983406.9444535945
E02006530,715282,431500,263500,7.162635,687052.5663279165
E02006530,715968,427500,262500,6.99704,2190.686842952901
E02006530,715971,430500,262500,6.855614,464021.6655917809
E02006530,715972,431500,262500,6.919359,81910.7911209999
E02006531,713901,430500,265500,7.005956,42474.03885788928
E02006531,713902,431500,265500,7.061883,271030.51305751526
E02006531,713903,432500,265500,7.041911,46686.19009676329
E02006531,714591,430500,264500,7.019791,30.296732528611546
E02006531,714592,431500,264500,7.032311,766551.5113279509
E02006531,714593,432500,264500,7.001163,689907.9831382909
E02006531,715282,431500,263500,7.162635,48153.22106792455
E02006531,715283,432500,263500,6.908888,28864.195055487544
E02006532,711823,422500,268500,6.431456,79515.03539241006
E02006532,711826,425500,268500,6.657833,105699.07544877882
E02006532,711827,426500,268500,6.655893,235080.46055018867
E02006532,712513,422500,267500,6.432951,249104.79794699038
E02006532,712514,423500,267500,6.462168,796707.6531266933
E02006532,712515,424500,267500,6.439144,779119.4456658226
E02006532,712516,425500,267500,6.733531,609788.472078071
E02006532,712517,426500,267500,6.725739,757289.3652971835
E02006532,712518,427500,267500,6.780363,1532.800410607317
E02006532,713203,422500,266500,6.592073,383652.85656289867
E02006532,713204,423500,266500,6.462377,1000000.0
E02006532,713205,424500,266500,6.494987,1000000.0
E02006532,713206,425500,266500,6.716548,1000000.0
E02006532,713207,426500,266500,6.8834,752291.1532965085
E02006532,713893,422500,265500,6.69435,248872.8066362191
E02006532,713894,423500,265500,6.567238,1000000.0
E02006532,713895,424500,265500,6.411819,1000000.0
E02006532,713896,425500,265500,6.652537,1000000.0
E02006532,713897,426500,265500,7.012686,602748.671943095
E02006532,714583,422500,264500,6.377324,501385.1024717036
E02006532,714584,423500,264500,6.74714,1000000.0
E02006532,714585,424500,264500,6.425992,1000000.0
E02006532,714586,425500,264500,6.731673,982432.2659783387
E02006532,714587,426500,264500,7.003312,190540.4335497929
E02006532,715273,422500,263500,6.300559,764333.2637316724
E02006532,715274,423500,263500,6.394773,1000000.0
E02006532,715275,424500,263500,6.750694,1000000.0
E02006532,715276,425500,263500,6.871701,721671.8979460734
E02006532,715278,427500,263500,6.838619,5372.561336104987
E02006532,715279,428500,263500,6.677495,288040.3129708192
E02006532,715280,429500,263500,6.733403,424624.53304290486
E02006532,715281,430500,263500,7.019056,16593.05554640551
E02006532,715282,431500,263500,7.162635,6358.1404890120275
E02006532,715963,422500,262500,6.302085,388387.20729896706
E02006532,715964,423500,262500,6.300845,895626.4265763758
E02006532,715965,424500,262500,6.399045,899269.6182799429
E02006532,715966,425500,262500,6.891932,850222.7882236447
E02006532,715967,426500,262500,7.168553,127236.80646494121
E02006532,715968,427500,262500,6.99704,496338.94239698927
E02006532,715969,428500,262500,6.9287,1000000.0
E02006532,715970,429500,262500,6.753357,1000000.0
E02006532,715971,430500,262500,6.855614,535978.3344082192
E02006532,715972,431500,262500,6.919359,881335.8651330953
E02006532,715973,432500,262500,6.739025,338237.6828181307
E02006532,716655,424500,261500,6.342727,307754.74430377054
E02006532,716656,425500,261500,6.656382,972494.890127552
E02006532,716657,426500,261500,6.602044,782131.4208491506
E02006532,716658,427500,261500,6.555207,507999.9581588125
E02006532,716659,428500,261500,6.753773,1000000.0
E02006532,716660,429500,261500,6.887842,1000000.0
E02006532,716661,430500,261500,6.774837,1000000.0
E02006532,716662,431500,261500,6.679377,1000000.0
E02006532,716663,432500,261500,6.642695,931562.261070144
E02006532,716664,433500,261500,6.563448,153654.178440592
E02006532,717346,425500,260500,6.476282,244144.25717227935
E02006532,717347,426500,260500,6.579252,965530.4411512347
E02006532,717348,427500,260500,6.526632,1000000.0
E02006532,717349,428500,260500,6.530511,1000000.0
E02006532,717350,429500,260500,6.678326,1000000.0
E02006532,717351,430500,260500,6.877723,1000000.0
E02006532,717352,431500,260500,6.68224,1000000.0
E02006532,717353,432500,260500,6.598976,985745.1639963177
E02006532,717354,433500,260500,6.546761,489055.1494236879
E02006532,717355,434500,260500,6.488427,92988.42744246444
E02006532,718036,425500,259500,6.534944,306.41015651751053
E02006532,718037,426500,259500,6.521422,219812.76009606489
E02006532,718038,427500,259500,6.619482,996557.3525663494
E02006532,718039,428500,259500,6.571528,1000000.0
E02006532,718040,429500,259500,6.58038,998196.4018428915
E02006532,718041,430500,259500,6.54466,846218.5047940387
E02006532,718042,431500,259500,6.918244,999984.4746482138
E02006532,718043,432500,259500,6.850869,781322.8427806343
E02006532,718726,425500,258500,6.503649,226639.7009316311
E02006532,718727,426500,258500,6.502655,937027.5577764892
E02006532,718728,427500,258500,6.592513,472065.1528282467
E02006532,718729,428500,258500,6.506749,721577.3864562509
E02006532,718730,429500,258500,6.551258,794869.7550230676
E02006532,718731,430500,258500,6.502099,25456.20621820688
E02006532,718732,431500,258500,6.526546,93139.45627988823
E02006532,718733,432500,258500,6.651324,154063.78039805716
E02006532,719416,425500,257500,6.500563,1690.4656856973013
E02006532,719417,426500,257500,6.482369,193447.38492133486
E02006532,719419,428500,257500,6.529151,33790.95670604426
E02006532,719420,429500,257500,6.509973,137020.67453396507
E02006533,714592,431500,264500,7.032311,405.2957258889388
E02006533,714593,432500,264500,7.001163,57295.85744808786
E02006533,714594,433500,264500,6.920543,158472.3673999189
E02006533,715282,431500,263500,7.162635,258436.072115147
E02006533,715283,432500,263500,6.908888,971135.8049445124
E02006533,715284,433500,263500,6.759634,484503.59343130415
E02006533,715972,431500,262500,6.919359,36753.34374590485
E02006533,715973,432500,262500,6.739025,661762.3171818693
E02006533,715974,433500,262500,6.610148,503377.39373168413
E02006533,715975,434500,262500,6.576935,53.662462173272054
E02006533,716663,432500,261500,6.642695,68437.738929856
E02006533,716664,433500,261500,6.563448,846345.821559408
E02006533,716665,434500,261500,6.553512,419381.21678635833
E02006533,717354,433500,260500,6.546761,56213.43085815834
E02006533,717355,434500,260500,6.488427,328260.2349725597
E02006696,701444,393500,283500,6.794302,9868.808085155433
E02006696,702133,392500,282500,6.649889,322500.8969849724
E02006696,702134,393500,282500,6.612243,905354.1169083972
E02006696,702135,394500,282500,6.738006,61518.63205749671
E02006696,702819,388500,281500,6.362113,26834.539551145775
E02006696,702820,389500,281500,6.34076,164946.95960310884
E02006696,702821,390500,281500,6.491721,14148.330878954397
E02006696,702822,391500,281500,6.59823,579692.4942459627
E02006696,702823,392500,281500,6.575183,957785.9688943786
E02006696,702824,393500,281500,6.534318,937482.7641592703
E02006696,702825,394500,281500,6.544801,252197.62799746194
E02006696,703509,388500,280500,6.219621,93869.48686111056
E02006696,703510,389500,280500,6.300957,999818.3586832979
E02006696,703511,390500,280500,6.60114,938109.1877296708
E02006696,703512,391500,280500,6.574962,699565.7281078423
E02006696,703513,392500,280500,6.379206,544645.4005598868
E02006696,703514,393500,280500,6.359763,84154.61966660661
E02006696,704199,388500,279500,6.28436,7683.550221103333
E02006696,704200,389500,279500,6.417097,725860.7800116426
E02006696,704201,390500,279500,6.506278,758228.8430005166
E02006696,704202,391500,279500,6.537741,376449.45844280854
E02006697,702137,396500,282500,6.994364,480996.6485097485
E02006697,702138,397500,282500,6.949378,268259.32136856415
E02006697,702824,393500,281500,6.534318,62517.2358407297
E02006697,702825,394500,281500,6.544801,465430.5754871525
E02006697,702826,395500,281500,6.693982,524912.377784917
E02006697,702827,396500,281500,6.802673,931782.597886166
E02006697,702828,397500,281500,6.834597,548241.0192356041
E02006697,702829,398500,281500,7.260424,544900.6805651878
E02006697,702830,399500,281500,7.222626,117858.95442644016
E02006697,703512,391500,280500,6.574962,300434.2718921578
E02006697,703513,392500,280500,6.379206,455354.5994401132
E02006697,703514,393500,280500,6.359763,915845.3803333933
E02006697,703515,394500,280500,6.403484,1000000.0
E02006697,703516,395500,280500,6.584339,1000000.0
E02006697,703517,396500,280500,6.694491,1000000.0
E02006697,703518,397500,280500,6.770539,1000000.0
E02006697,703519,398500,280500,7.187256,1000000.0
E02006697,703520,399500,280500,6.915782,939942.6558513752
E02006697,703521,400500,280500,7.062393,40274.17337495136
E02006697,704201,390500,279500,6.506278,69295.63501718159
E02006697,704202,391500,279500,6.537741,617313.0464449379
E02006697,704203,392500,279500,6.47706,1000000.0
E02006697,704204,393500,279500,6.385131,1000000.0
E02006697,704205,394500,279500,6.4059,1000000.0
E02006697,704206,395500,279500,6.550411,1000000.0
E02006697,704207,396500,279500,6.653605,1000000.0
E02006697,704208,397500,279500,6.760149,1000000.0
E02006697,704209,398500,279500,7.108023,1000000.0
E02006697,704210,399500,279500,6.879283,932605.4384433294
E02006697,704211,400500,279500,7.259055,486262.5998289746
E02006697,704212,401500,279500,7.408852,1904.0146346919614
E02006697,704892,391500,278500,6.372939,649226.2223733715
E02006697,704893,392500,278500,6.441824,1000000.0
E02006697,704894,393500,278500,6.397244,1000000.0
E02006697,704895,394500,278500,6.39097,1000000.0
E02006697,704896,395500,278500,6.494515,1000000.0
E02006697,704897,396500,278500,6.772781,1000000.0
E02006697,704898,397500,278500,7.030962,780023.7669264104
E02006697,704899,398500,278500,6.880077,285187.25414088834
E02006697,704900,399500,278500,7.015525,66129.84316174405
E02006697,705581,390500,277500,6.32145,137625.64464375738
E02006697,705582,391500,277500,6.308954,967103.1371778077
E02006697,705583,392500,277500,6.349514,1000000.0
E02006697,705584,393500,277500,6.431171,1000000.0
E02006697,705585,394500,277500,6.427852,1000000.0
E02006697,705586,395500,277500,6.572725,1000000.0
E02006697,705587,396500,277500,6.962982,1000000.0
E02006697,705588,397500,277500,6.727841,386732.7323096017
E02006697,706272,391500,276500,6.294845,811450.1436731886
E02006697,706273,392500,276500,6.331321,1000000.0
E02006697,706274,393500,276500,6.384018,1000000.0
E02006697,706275,394500,276500,6.529652,1000000.0
E02006697,706276,395500,276500,6.648649,1000000.0
E02006697,706277,396500,276500,6.99547,920123.5612873991
E02006697,706278,397500,276500,6.698505,47411.364530651146
E02006697,706962,391500,275500,6.26998,480189.7389928439
E02006697,706963,392500,275500,6.255856,1000000.0
E02006697,706964,393500,275500,6.336699,1000000.0
E02006697,706965,394500,275500,6.426908,1000000.0
E02006697,706966,395500,275500,6.619024,1000000.0
E02006697,706967,396500,275500,7.051586,789691.2277414221
E02006697,707652,391500,274500,6.146029,222170.24795843379
E02006697,707653,392500,274500,6.221331,1000000.0
E02006697,707654,393500,274500,6.240633,1000000.0
E02006697,707655,394500,274500,6.382571,1000000.0
E02006697,707656,395500,274500,6.947739,786517.7302442353
E02006697,707657,396500,274500,7.088841,167422.4272315685
E02006697,708342,391500,273500,6.074368,405383.47221148416
E02006697,708343,392500,273500,6.144132,1000000.0
E02006697,708344,393500,273500,6.232092,1000000.0
E02006697,708345,394500,273500,6.334969,1000000.0
E02006697,708346,395500,273500,6.879878,371674.19203116826
E02006697,709031,390500,272500,6.188738,82045.67988760801
E02006697,709032,391500,272500,6.117167,876410.3739047738
E02006697,709033,392500,272500,6.196265,1000000.0
E02006697,709034,393500,272500,6.24837,1000000.0
E02006697,709035,394500,272500,6.57334,982598.1129633017
E02006697,709036,395500,272500,6.982043,137678.25300501197
E02006697,709722,391500,271500,6.099762,258070.81423561898
E02006697,709723,392500,271500,6.173985,884806.4164710512
E02006697,709724,393500,271500,6.289283,1000000.0
E02006697,709725,394500,271500,6.743926,491886.44906259864
E02006697,710413,392500,270500,6.219285,875380.102386997
E02006697,710414,393500,270500,6.362944,1000000.0
E02006697,710415,394500,270500,6.722404,379727.5809410401
E02006697,711103,392500,269500,6.209102,906427.3354017226
E02006697,711104,393500,269500,6.68715,1000000.0
E02006697,711105,394500,269500,6.718006,508788.50114273914
E02006697,711792,391500,268500,6.177715,120199.32923323181
E02006697,711793,392500,268500,6.202808,566226.7022101784
E02006697,711794,393500,268500,6.690034,497270.0204691597
E02006697,711795,394500,268500,6.51833,61538.154232440356
E02006698,704898,397500,278500,7.030962,173596.87926497616
E02006698,704899,398500,278500,6.880077,34026.31629424718
E02006698,705588,397500,277500,6.727841,613267.2676903983
E02006698,705589,398500,277500,6.997628,853635.7699876203
E02006698,705590,399500,277500,7.04757,64468.1211514909
E02006698,706277,396500,276500,6.99547,79876.4387126009
E02006698,706278,397500,276500,6.698505,952588.635469349
E02006698,706279,398500,276500,6.791553,992549.4139256515
E02006698,706280,399500,276500,6.787358,243005.5791419136
E02006698,706967,396500,275500,7.051586,83387.19043938469
E02006698,706968,397500,275500,6.752762,789996.9470638039
E02006698,706969,398500,275500,6.585827,178001.39058592828
E02006699,704908,407500,278500,7.252509,148056.77288494876
E02006699,704909,408500,278500,7.251716,102206.9480562867
E02006699,705598,407500,277500,7.099399,406618.66241265275
E02006699,705599,408500,277500,7.161518,836330.7998888138
E02006699,705600,409500,277500,6.983573,104.33623044360289
E02006699,706288,407500,276500,6.97719,38304.70280907357
E02006699,706289,408500,276500,7.104801,663327.6539769301
E02006700,704906,405500,278500,7.383032,133267.44019877288
E02006700,704907,406500,278500,7.194479,497056.90787618567
E02006700,704908,407500,278500,7.252509,294320.9688134404
E02006700,704909,408500,278500,7.251716,120842.58701408705
E02006700,704910,409500,278500,7.221942,408082.43127458263
E02006700,704911,410500,278500,7.249035,84979.54649847708
E02006700,705595,404500,277500,7.239405,25112.49377030009
E02006700,705596,405500,277500,7.116559,740876.0720054645
E02006700,705597,406500,277500,7.008761,1000000.0
E02006700,705598,407500,277500,7.099399,593381.3375873473
E02006700,705599,408500,277500,7.161518,160479.42835436884
E02006700,705600,409500,277500,6.983573,999895.6637695564
E02006700,705601,410500,277500,7.077394,415310.9739736972
E02006700,706285,404500,276500,6.965508,204638.2432313198
E02006700,706286,405500,276500,6.932199,944386.2384160851
E02006700,706287,406500,276500,6.92681,1000000.0
E02006700,706288,407500,276500,6.97719,961695.2971909264
E02006700,706289,408500,276500,7.104801,336672.34602306975
E02006700,706290,409500,276500,6.909411,746062.0299370352
E02006700,706291,410500,276500,6.946619,4427.522683583085
E02006700,706976,405500,275500,6.83451,395601.41426119796
E02006700,706977,406500,275500,6.805238,1000000.0
E02006700,706978,407500,275500,6.928823,1000000.0
E02006700,706979,408500,275500,6.915719,1000000.0
E02006700,706980,409500,275500,6.859491,415110.7606435777
E02006700,707666,405500,274500,6.791703,10723.418707830988
E02006700,707667,406500,274500,6.741944,930275.1905442297
E02006700,707668,407500,274500,6.93941,1000000.0
E02006700,707669,408500,274500,6.794388,853730.1468414882
E02006700,707670,409500,274500,6.740781,26948.00448189948
E02006700,708357,406500,273500,6.871383,323644.9150248033
E02006700,708358,407500,273500,6.941213,414958.99744835094
E02006700,708359,408500,273500,6.839751,74568.65713064033
E02006701,705593,402500,277500,7.233038,10483.47293626765
E02006701,706279,398500,276500,6.791553,7450.586074348505
E02006701,706280,399500,276500,6.787358,287078.904256419
E02006701,706281,400500,276500,7.005564,52455.61830219725
E02006701,706282,401500,276500,7.14747,587004.8354728499
E02006701,706283,402500,276500,7.043136,619946.9267297083
E02006701,706968,397500,275500,6.752762,34105.44817717283
E02006701,706969,398500,275500,6.585827,821998.6094140718
E02006701,706970,399500,275500,6.62433,1000000.0
E02006701,706971,400500,275500,6.958065,959268.2693156055
E02006701,706972,401500,275500,6.913544,884267.651984053
E02006701,706973,402500,275500,6.885061,194284.94002034114
E02006701,707658,397500,274500,6.772517,944.9091573329414
E02006701,707659,398500,274500,6.619059,204199.10526472112
E02006701,707660,399500,274500,6.606836,987332.0904562639
E02006701,707661,400500,274500,6.826407,1000000.0
E02006701,707662,401500,274500,6.813749,821730.1832425334
E02006701,707663,402500,274500,6.850005,5829.848668720249
E02006701,708349,398500,273500,6.907836,17561.249668003835
E02006701,708350,399500,273500,6.564817,696306.5207766879
E02006701,708351,400500,273500,6.859289,999440.1076337255
E02006701,708352,401500,273500,7.087702,882031.3783148014
E02006701,708353,402500,273500,7.196288,85330.2578022182
E02006701,709040,399500,272500,6.803771,315678.64188493293
E02006701,709041,400500,272500,7.034813,139730.62597729164
E02006702,706967,396500,275500,7.051586,126921.58181919312
E02006702,706968,397500,275500,6.752762,23509.21594033178
E02006702,707656,395500,274500,6.947739,213482.2697557648
E02006702,707657,396500,274500,7.088841,790395.0315717995
E02006702,707658,397500,274500,6.772517,2606.5414516565284
E02006702,708346,395500,273500,6.879878,615939.0488482867
E02006702,708347,396500,273500,7.112992,630264.0293090986
E02006702,709036,395500,272500,6.982043,72624.55066760733
E02006703,706968,397500,275500,6.752762,152388.38881869143
E02006703,707657,396500,274500,7.088841,42182.541196631944
E02006703,707658,397500,274500,6.772517,996448.5493910105
E02006703,707659,398500,274500,6.619059,795800.8947352789
E02006703,707660,399500,274500,6.606836,12667.909543736168
E02006703,708346,395500,273500,6.879878,12386.759120544964
E02006703,708347,396500,273500,7.112992,369735.97069090133
E02006703,708348,397500,273500,6.955424,1000000.0
E02006703,708349,398500,273500,6.907836,982438.7503319961
E02006703,708350,399500,273500,6.564817,303693.4792233121
E02006703,709036,395500,272500,6.982043,99516.86593414439
E02006703,709037,396500,272500,6.956675,795042.6468892209
E02006703,709038,397500,272500,6.627509,1000000.0
E02006703,709039,398500,272500,6.487964,1000000.0
E02006703,709040,399500,272500,6.803771,470230.38019673305
E02006703,709727,396500,271500,6.844164,305085.24884854496
E02006703,709728,397500,271500,6.535868,464418.8605614173
E02006703,709729,398500,271500,6.399382,770842.7444627606
E02006703,709730,399500,271500,6.411976,24711.136358192918
E02006703,710418,397500,270500,6.664117,253654.64365164973
E02006703,710419,398500,270500,6.451682,79594.1961673292
E02006704,705594,403500,277500,7.26556,89331.32348995957
E02006704,706283,402500,276500,7.043136,235666.74841464573
E02006704,706284,403500,276500,6.997165,977542.726241537
E02006704,706285,404500,276500,6.965508,637805.0405909261
E02006704,706286,405500,276500,6.932199,55613.76158391484
E02006704,706972,401500,275500,6.913544,115732.34801594696
E02006704,706973,402500,275500,6.885061,805715.0599796589
E02006704,706974,403500,275500,6.951744,1000000.0
E02006704,706975,404500,275500,6.825003,1000000.0
E02006704,706976,405500,275500,6.83451,604398.585738802
E02006704,707662,401500,274500,6.813749,178269.81675746656
E02006704,707663,402500,274500,6.850005,994170.1513312798
E02006704,707664,403500,274500,6.898962,1000000.0
E02006704,707665,404500,274500,6.801181,1000000.0
E02006704,707666,405500,274500,6.791703,989276.581292169
E02006704,707667,406500,274500,6.741944,69724.80945577039
E02006704,708351,400500,273500,6.859289,559.8923662745206
E02006704,708352,401500,273500,7.087702,117968.62168519857
E02006704,708353,402500,273500,7.196288,914669.7421977819
E02006704,708354,403500,273500,7.175951,1000000.0
E02006704,708355,404500,273500,7.062592,1000000.0
E02006704,708356,405500,273500,6.934831,1000000.0
E02006704,708357,406500,273500,6.871383,676355.0849751966
E02006704,708358,407500,273500,6.941213,417193.1422662664
E02006704,709041,400500,272500,7.034813,67880.72970932611
E02006704,709042,401500,272500,6.638078,945864.6160708945
E02006704,709043,402500,272500,6.876878,1000000.0
E02006704,709044,403500,272500,6.771139,1000000.0
E02006704,709045,404500,272500,6.619787,1000000.0
E02006704,709046,405500,272500,6.836701,1000000.0
E02006704,709047,406500,272500,6.899235,1000000.0
E02006704,709048,407500,272500,7.063798,990419.844704517
E02006704,709049,408500,272500,7.141573,182609.79841260877
E02006704,709732,401500,271500,6.541225,58716.859156886625
E02006704,709733,402500,271500,6.622416,245081.56755650713
E02006704,709734,403500,271500,6.596964,930192.6311237043
E02006704,709735,404500,271500,6.559704,1000000.0
E02006704,709736,405500,271500,6.56048,1000000.0
E02006704,709737,406500,271500,6.598861,1000000.0
E02006704,709738,407500,271500,6.664576,1000000.0
E02006704,709739,408500,271500,6.83453,621225.2816556513
E02006704,710424,403500,270500,6.543977,800944.3372483983
E02006704,710425,404500,270500,6.643749,1000000.0
E02006704,710426,405500,270500,6.597078,1000000.0
E02006704,710427,406500,270500,6.60898,1000000.0
E02006704,710428,407500,270500,6.650071,1000000.0
E02006704,710429,408500,270500,6.684164,963526.9164906191
E02006704,710430,409500,270500,6.696315,95885.77007507389
E02006704,711114,403500,269500,6.657269,196773.14449131372
E02006704,711115,404500,269500,6.622299,482616.22563086444
E02006704,711116,405500,269500,6.682633,568986.8570033754
E02006704,711117,406500,269500,6.803669,697904.723466947
E02006704,711118,407500,269500,6.766431,850722.8181002307
E02006704,711119,408500,269500,6.697424,1000000.0
E02006704,711120,409500,269500,6.695571,161883.92712711357
E02006704,711808,407500,268500,6.989152,151655.62651613815
E02006704,711809,408500,268500,6.835848,766521.0685716345
E02006704,711810,409500,268500,6.622784,61790.60358518059
E02006705,709035,394500,272500,6.57334,17401.887036698332
E02006705,709036,395500,272500,6.982043,690180.3303932361
E02006705,709037,396500,272500,6.956675,204957.35311077916
E02006705,709725,394500,271500,6.743926,110965.78971570794
E02006705,709726,395500,271500,6.894848,733942.2308733109
E02006705,709727,396500,271500,6.844164,260612.26392881954
E02006705,710416,395500,270500,6.720327,1108.0655667115507
E02006706,709725,394500,271500,6.743926,397147.7612216934
E02006706,709726,395500,271500,6.894848,266057.769126689
E02006706,709727,396500,271500,6.844164,324336.4090871338
E02006706,710415,394500,270500,6.722404,481896.6360702971
E02006706,710416,395500,270500,6.720327,968562.0473074885
E02006706,710417,396500,270500,6.845477,313114.56731966475
E02006706,711106,395500,269500,6.726486,44048.643149446536
E02006707,709727,396500,271500,6.844164,109966.07813550177
E02006707,709728,397500,271500,6.535868,535581.1394385827
E02006707,710416,395500,270500,6.720327,13107.391041815958
E02006707,710417,396500,270500,6.845477,686885.4326803351
E02006707,710418,397500,270500,6.664117,595949.0521372491
E02006707,711106,395500,269500,6.726486,195574.76507783518
E02006707,711107,396500,269500,6.744586,495045.9067635176
E02006707,711108,397500,269500,6.477974,122008.9499447578
E02006708,710415,394500,270500,6.722404,138375.78298866272
E02006708,710416,395500,270500,6.720327,17222.496083983966
E02006708,711105,394500,269500,6.718006,424955.323885321
E02006708,711106,395500,269500,6.726486,749073.5447912073
E02006708,711107,396500,269500,6.744586,403903.6506421777
E02006708,711796,395500,268500,6.513771,156168.21065753253
E02006708,711797,396500,268500,6.37955,214470.67154799978
E02006709,709040,399500,272500,6.803771,214090.9779183341
E02006709,709041,400500,272500,7.034813,792388.6443133822
E02006709,709042,401500,272500,6.638078,54135.38392910554
E02006709,709729,398500,271500,6.399382,229157.25553723937
E02006709,709730,399500,271500,6.411976,975288.863641807
E02006709,709731,400500,271500,6.623353,1000000.0
E02006709,709732,401500,271500,6.541225,941283.1408431134
E02006709,709733,402500,271500,6.622416,754918.4324434929
E02006709,709734,403500,271500,6.596964,69807.3688762957
E02006709,710418,397500,270500,6.664117,150396.30421110117
E02006709,710419,398500,270500,6.451682,920405.8038326708
E02006709,710420,399500,270500,6.389603,1000000.0
E02006709,710421,400500,270500,6.627287,1000000.0
E02006709,710422,401500,270500,6.535929,1000000.0
E02006709,710423,402500,270500,6.480048,1000000.0
E02006709,710424,403500,270500,6.543977,199055.6627516017
E02006709,711105,394500,269500,6.718006,66256.17497193991
E02006709,711106,395500,269500,6.726486,11303.046981510837
E02006709,711107,396500,269500,6.744586,101050.44259430477
E02006709,711108,397500,269500,6.477974,877991.0500552423
E02006709,711109,398500,269500,6.357483,1000000.0
E02006709,711110,399500,269500,6.40978,1000000.0
E02006709,711111,400500,269500,6.532084,1000000.0
E02006709,711112,401500,269500,6.486804,1000000.0
E02006709,711113,402500,269500,6.516562,1000000.0
E02006709,711114,403500,269500,6.657269,597696.2339927941
E02006709,711115,404500,269500,6.622299,230.9465602135806
E02006709,711794,393500,268500,6.690034,86004.13327340706
E02006709,711795,394500,268500,6.51833,822154.5647185558
E02006709,711796,395500,268500,6.513771,843831.7893424676
E02006709,711797,396500,268500,6.37955,785529.3284520003
E02006709,711798,397500,268500,6.354025,1000000.0
E02006709,711799,398500,268500,6.25944,1000000.0
E02006709,711800,399500,268500,6.235242,1000000.0
E02006709,711801,400500,268500,6.475023,1000000.0
E02006709,711802,401500,268500,6.399119,1000000.0
E02006709,711803,402500,268500,6.663634,497576.1595731434
E02006709,711804,403500,268500,7.21028,11110.335149173317
E02006709,712484,393500,267500,6.360997,12251.255308604825
E02006709,712485,394500,267500,6.294673,910906.3122613195
E02006709,712486,395500,267500,6.327988,1000000.0
E02006709,712487,396500,267500,6.232191,1000000.0
E02006709,712488,397500,267500,6.202482,1000000.0
E02006709,712489,398500,267500,6.174983,1000000.0
E02006709,712490,399500,267500,6.111865,1000000.0
E02006709,712491,400500,267500,6.386461,1000000.0
E02006709,712492,401500,267500,6.547287,563347.9189288554
E02006709,712493,402500,267500,6.690049,121.66734104275496
E02006709,713175,394500,266500,6.289281,800780.5870649518
E02006709,713176,395500,266500,6.196318,1000000.0
E02006709,713177,396500,266500,6.091842,1000000.0
E02006709,713178,397500,266500,6.073592,1000000.0
E02006709,713179,398500,266500,6.06482,1000000.0
E02006709,713180,399500,266500,6.124946,1000000.0
E02006709,713181,400500,266500,6.346516,1000000.0
E02006709,713182,401500,266500,6.495875,220157.95835122952
E02006709,713864,393500,265500,6.283516,18992.149289865025
E02006709,713865,394500,265500,6.15452,348293.18707322964
E02006709,713866,395500,265500,6.114399,640238.1296201947
E02006709,713867,396500,265500,6.085102,675191.8832741749
E02006709,713868,397500,265500,6.072485,767991.6256460549
E02006709,713869,398500,265500,6.076028,1000000.0
E02006709,713870,399500,265500,6.059877,998363.6331816807
E02006709,713871,400500,265500,6.2786,288086.9540485359
E02006709,713872,401500,265500,6.310657,15922.27569898891
E02006709,714558,397500,264500,6.01399,11653.91626533274
E02006709,714559,398500,264500,6.012375,356227.1702490508
E02006709,714560,399500,264500,6.002158,484369.3399879209
E02006709,714561,400500,264500,6.231126,29531.49912125991
E02006710,707628,367500,274500,5.220463,96421.86036072468
E02006710,707629,368500,274500,5.230586,339999.49315611273
E02006710,707630,369500,274500,5.229378,471349.6048809771
E02006710,707631,370500,274500,5.293705,384793.34746520134
E02006710,707632,371500,274500,5.293232,352644.9637928997
E02006710,708317,366500,273500,5.232663,28656.60744011778
E02006710,708318,367500,273500,5.234879,720509.2390326705
E02006710,708319,368500,273500,5.285336,1000000.0
E02006710,708320,369500,273500,5.234546,1000000.0
E02006710,708321,370500,273500,5.307312,1000000.0
E02006710,708322,371500,273500,5.325984,947117.7129275592
E02006710,708323,372500,273500,5.394921,15463.838804556513
E02006710,709007,366500,272500,5.223855,1916.8714911073585
E02006710,709008,367500,272500,5.194116,813379.9658410454
E02006710,709009,368500,272500,5.236806,1000000.0
E02006710,709010,369500,272500,5.241989,1000000.0
E02006710,709011,370500,272500,5.329636,1000000.0
E02006710,709012,371500,272500,5.354125,497227.6434150107
E02006710,709693,362500,271500,5.088183,160754.63433483482
E02006710,709694,363500,271500,5.054387,798017.2265077377
E02006710,709695,364500,271500,5.086784,558240.1350958733
E02006710,709696,365500,271500,5.225947,40027.230022565025
E02006710,709698,367500,271500,5.232541,679911.7793968727
E02006710,709699,368500,271500,5.234324,1000000.0
E02006710,709700,369500,271500,5.277369,1000000.0
E02006710,709701,370500,271500,5.344103,1000000.0
E02006710,709702,371500,271500,5.355978,349428.8961479675
E02006710,710382,361500,270500,5.088083,135076.43749989016
E02006710,710383,362500,270500,5.070148,954415.1762692989
E02006710,710384,363500,270500,5.106115,1000000.0
E02006710,710385,364500,270500,5.104615,1000000.0
E02006710,710386,365500,270500,5.268056,423901.6918605328
E02006710,710387,366500,270500,5.264776,287841.30818857363
E02006710,710388,367500,270500,5.224677,811112.0428971371
E02006710,710389,368500,270500,5.217238,1000000.0
E02006710,710390,369500,270500,5.285785,1000000.0
E02006710,710391,370500,270500,5.320198,847010.7570351168
E02006710,710392,371500,270500,5.343423,132576.94020907427
E02006710,711072,361500,269500,5.088997,285841.70670884213
E02006710,711073,362500,269500,5.134758,1000000.0
E02006710,711074,363500,269500,5.132434,1000000.0
E02006710,711075,364500,269500,5.120039,1000000.0
E02006710,711076,365500,269500,5.323004,1000000.0
E02006710,711077,366500,269500,5.306382,1000000.0
E02006710,711078,367500,269500,5.244962,1000000.0
E02006710,711079,368500,269500,5.239148,1000000.0
E02006710,711080,369500,269500,5.305573,1000000.0
E02006710,711081,370500,269500,5.333384,639852.1711791728
E02006710,711757,356500,268500,5.024059,3222.4660093548855
E02006710,711759,358500,268500,5.060476,2828.8621351749157
E02006710,711760,359500,268500,5.135893,414494.31494951795
E02006710,711761,360500,268500,5.24277,756417.8370564565
E02006710,711762,361500,268500,5.193295,702577.627565203
E02006710,711763,362500,268500,5.22,1000000.0
E02006710,711764,363500,268500,5.254063,1000000.0
E02006710,711765,364500,268500,5.196752,1000000.0
E02006710,711766,365500,268500,5.266913,1000000.0
E02006710,711767,366500,268500,5.273761,1000000.0
E02006710,711768,367500,268500,5.297197,1000000.0
E02006710,711769,368500,268500,5.378275,1000000.0
E02006710,711770,369500,268500,5.343513,1000000.0
E02006710,711771,370500,268500,5.347277,866458.8878486648
E02006710,711772,371500,268500,5.35276,463313.1522684628
E02006710,711773,372500,268500,5.335733,10837.897966755856
E02006710,712445,354500,267500,4.884763,23806.73510379881
E02006710,712446,355500,267500,4.927521,644859.6091219403
E02006710,712447,356500,267500,4.993227,897941.4319192488
E02006710,712448,357500,267500,4.980913,752332.8686578714
E02006710,712449,358500,267500,4.966693,865445.9238796935
E02006710,712450,359500,267500,5.074414,1000000.0
E02006710,712451,360500,267500,5.142693,1000000.0
E02006710,712452,361500,267500,5.144289,1000000.0
E02006710,712453,362500,267500,5.155534,1000000.0
E02006710,712454,363500,267500,5.176495,1000000.0
E02006710,712455,364500,267500,5.137941,1000000.0
E02006710,712456,365500,267500,5.227422,1000000.0
E02006710,712457,366500,267500,5.229865,1000000.0
E02006710,712458,367500,267500,5.23771,1000000.0
E02006710,712459,368500,267500,5.266169,1000000.0
E02006710,712460,369500,267500,5.355082,1000000.0
E02006710,712461,370500,267500,5.425717,1000000.0
E02006710,712462,371500,267500,5.487845,1000000.0
E02006710,712463,372500,267500,5.343486,201746.25564681448
E02006710,713136,355500,266500,4.966384,275985.56985717965
E02006710,713137,356500,266500,5.005816,941799.8772453349
E02006710,713138,357500,266500,4.966446,1000000.0
E02006710,713139,358500,266500,4.893587,1000000.0
E02006710,713140,359500,266500,4.914422,1000000.0
E02006710,713141,360500,266500,5.130701,1000000.0
E02006710,713142,361500,266500,5.159937,1000000.0
E02006710,713143,362500,266500,5.200151,1000000.0
E02006710,713144,363500,266500,5.183496,1000000.0
E02006710,713145,364500,266500,5.107805,1000000.0
E02006710,713146,365500,266500,5.241869,1000000.0
E02006710,713147,366500,266500,5.273188,1000000.0
E02006710,713148,367500,266500,5.249794,1000000.0
E02006710,713149,368500,266500,5.245928,1000000.0
E02006710,713150,369500,266500,5.26965,1000000.0
E02006710,713151,370500,266500,5.413244,1000000.0
E02006710,713152,371500,266500,5.430707,992938.6274671417
E02006710,713153,372500,266500,5.381537,109780.99770041238
E02006710,713154,373500,266500,5.38948,166030.09920912003
E02006710,713155,374500,266500,5.390019,48068.7086545485
E02006710,713827,356500,265500,5.01581,314199.8889388383
E02006710,713828,357500,265500,4.990654,528269.8435949689
E02006710,713829,358500,265500,4.943072,464868.75751029374
E02006710,713830,359500,265500,4.973146,921596.7960960697
E02006710,713831,360500,265500,5.140829,1000000.0
E02006710,713832,361500,265500,5.185105,1000000.0
E02006710,713833,362500,265500,5.167364,1000000.0
E02006710,713834,363500,265500,5.147163,1000000.0
E02006710,713835,364500,265500,5.057597,1000000.0
E02006710,713836,365500,265500,5.255548,1000000.0
E02006710,713837,366500,265500,5.284509,999783.4779239331
E02006710,713838,367500,265500,5.24924,689767.5830448949
E02006710,713839,368500,265500,5.286484,735239.3930493797
E02006710,713840,369500,265500,5.233655,906986.8811551132
E02006710,713841,370500,265500,5.322626,1000000.0
E02006710,713842,371500,265500,5.34936,1000000.0
E02006710,713843,372500,265500,5.437644,956380.3777459391
E02006710,713844,373500,265500,5.359199,1000000.0
E02006710,713845,374500,265500,5.369149,243732.0279252682
E02006710,714519,358500,264500,4.944031,125037.40400456487
E02006710,714520,359500,264500,4.926471,813777.7381417839
E02006710,714521,360500,264500,5.081467,1000000.0
E02006710,714522,361500,264500,5.046036,1000000.0
E02006710,714523,362500,264500,5.064672,1000000.0
E02006710,714524,363500,264500,5.094645,1000000.0
E02006710,714525,364500,264500,5.031519,1000000.0
E02006710,714526,365500,264500,5.202762,861194.277308424
E02006710,714527,366500,264500,5.289754,326040.48344007396
E02006710,714530,369500,264500,5.242502,182999.4574401896
E02006710,714531,370500,264500,5.339159,813613.106169095
E02006710,714532,371500,264500,5.380465,1000000.0
E02006710,714533,372500,264500,5.304249,1000000.0
E02006710,714534,373500,264500,5.31284,1000000.0
E02006710,714535,374500,264500,5.372332,250093.74882226018
E02006710,715208,357500,263500,4.919088,9292.897585918876
E02006710,715209,358500,263500,4.879215,700205.5477939952
E02006710,715210,359500,263500,4.960945,1000000.0
E02006710,715211,360500,263500,5.116177,1000000.0
E02006710,715212,361500,263500,5.085529,1000000.0
E02006710,715213,362500,263500,5.132244,1000000.0
E02006710,715214,363500,263500,5.075903,1000000.0
E02006710,715215,364500,263500,5.094612,1000000.0
E02006710,715216,365500,263500,5.249989,904983.409010458
E02006710,715217,366500,263500,5.292412,112242.59807158115
E02006710,715220,369500,263500,5.240492,22623.13878670874
E02006710,715221,370500,263500,5.337864,591755.0551477406
E02006710,715222,371500,263500,5.305498,1000000.0
E02006710,715223,372500,263500,5.348752,1000000.0
E02006710,715224,373500,263500,5.344279,1000000.0
E02006710,715225,374500,263500,5.663597,729032.8341048709
E02006710,715226,375500,263500,5.609453,187238.2755784905
E02006710,715898,357500,262500,5.002979,780842.9832743746
E02006710,715899,358500,262500,4.901452,1000000.0
E02006710,715900,359500,262500,4.992923,1000000.0
E02006710,715901,360500,262500,5.070295,1000000.0
E02006710,715902,361500,262500,5.058351,1000000.0
E02006710,715903,362500,262500,5.079659,1000000.0
E02006710,715904,363500,262500,5.065914,1000000.0
E02006710,715905,364500,262500,5.083438,985223.5288015506
E02006710,715906,365500,262500,5.262661,820997.5809056392
E02006710,715907,366500,262500,5.23655,266220.0869647885
E02006710,715909,368500,262500,5.334852,368972.5667290888
E02006710,715910,369500,262500,5.285299,929306.4513299338
E02006710,715911,370500,262500,5.360472,1000000.0
E02006710,715912,371500,262500,5.343167,1000000.0
E02006710,715913,372500,262500,5.307773,1000000.0
E02006710,715914,373500,262500,5.431325,1000000.0
E02006710,715915,374500,262500,5.435027,575661.6687536504
E02006710,716587,356500,261500,4.927402,108654.33669425792
E02006710,716588,357500,261500,4.894006,997451.0475546086
E02006710,716589,358500,261500,4.89543,1000000.0
E02006710,716590,359500,261500,4.984192,983553.7156170247
E02006710,716591,360500,261500,5.116229,666419.965007635
E02006710,716592,361500,261500,5.062774,375978.2993807243
E02006710,716593,362500,261500,5.041778,411282.92777087115
E02006710,716594,363500,261500,5.123745,327866.39686081454
E02006710,716595,364500,261500,5.151117,353655.9883802115
E02006710,716598,367500,261500,5.301794,186615.52685246425
E02006710,716599,368500,261500,5.292551,997714.4390226332
E02006710,716600,369500,261500,5.232518,1000000.0
E02006710,716601,370500,261500,5.356634,1000000.0
E02006710,716602,371500,261500,5.4149,1000000.0
E02006710,716603,372500,261500,5.318887,1000000.0
E02006710,716604,373500,261500,5.420292,842930.8897389217
E02006710,716605,374500,261500,5.413962,46915.890026857836
E02006710,717277,356500,260500,4.945982,12213.92964881274
E02006710,717278,357500,260500,4.865745,405771.54844112607
E02006710,717279,358500,260500,4.874837,294945.95888456993
E02006710,717280,359500,260500,4.877915,99880.39636218562
E02006710,717288,367500,260500,5.299932,175741.9869272392
E02006710,717289,368500,260500,5.2644,963526.9422805663
E02006710,717290,369500,260500,5.25712,1000000.0
E02006710,717291,370500,260500,5.277082,998594.4799344148
E02006710,717292,371500,260500,5.328655,1000000.0
E02006710,717293,372500,260500,5.35035,1000000.0
E02006710,717294,373500,260500,5.387318,950343.1328336928
E02006710,717295,374500,260500,5.440244,237242.01003435813
E02006710,717979,368500,259500,5.392116,164958.02647282486
E02006710,717980,369500,259500,5.346832,126715.04308980521
E02006710,717981,370500,259500,5.398948,64776.405562301945
E02006710,717982,371500,259500,5.427385,331597.87392195093
E02006710,717983,372500,259500,5.452368,704001.5832192217
E02006710,717984,373500,259500,5.526811,709234.1342216921
E02006710,717985,374500,259500,5.543363,75282.03607321522
E02006710,718674,373500,258500,5.504495,49667.272048886516
E02006711,709709,378500,271500,5.693156,188542.81358828716
E02006711,709710,379500,271500,5.871448,86304.61762936188
E02006711,710398,377500,270500,5.67509,315.68009186925127
E02006711,710399,378500,270500,5.738622,882032.8158629487
E02006711,710400,379500,270500,5.890833,312294.0413548703
E02006711,710402,381500,270500,6.25665,19159.386934818504
E02006711,711081,370500,269500,5.333384,58588.39242711395
E02006711,711082,371500,269500,5.325541,527020.9664110506
E02006711,711083,372500,269500,5.367483,731846.5133383877
E02006711,711084,373500,269500,5.384331,431362.15771709365
E02006711,711085,374500,269500,5.437964,564270.8924456135
E02006711,711087,376500,269500,5.542546,147600.28559544912
E02006711,711088,377500,269500,5.518962,177527.98030365602
E02006711,711089,378500,269500,5.693684,995441.2583361984
E02006711,711090,379500,269500,5.816421,757231.4200843745
E02006711,711091,380500,269500,6.135369,693725.6348915944
E02006711,711092,381500,269500,6.066534,845951.7822190315
E02006711,711093,382500,269500,6.117254,4343.025260048772
E02006711,711771,370500,268500,5.347277,133541.1121513352
E02006711,711772,371500,268500,5.35276,536686.8477315373
E02006711,711773,372500,268500,5.335733,989162.1020332442
E02006711,711774,373500,268500,5.370211,1000000.0
E02006711,711775,374500,268500,5.536912,969058.3647563611
E02006711,711776,375500,268500,5.529442,773973.8664384914
E02006711,711777,376500,268500,5.516446,998941.3050704744
E02006711,711778,377500,268500,5.559997,1000000.0
E02006711,711779,378500,268500,5.637835,1000000.0
E02006711,711780,379500,268500,5.656907,1000000.0
E02006711,711781,380500,268500,5.937098,1000000.0
E02006711,711782,381500,268500,6.039596,646954.0762724986
E02006711,712463,372500,267500,5.343486,798253.7443531854
E02006711,712464,373500,267500,5.402262,1000000.0
E02006711,712465,374500,267500,5.427218,1000000.0
E02006711,712466,375500,267500,5.464108,1000000.0
E02006711,712467,376500,267500,5.4354,1000000.0
E02006711,712468,377500,267500,5.615481,1000000.0
E02006711,712469,378500,267500,5.606164,1000000.0
E02006711,712470,379500,267500,5.659023,1000000.0
E02006711,712471,380500,267500,5.904988,1000000.0
E02006711,712472,381500,267500,6.003484,331337.5986765897
E02006711,713152,371500,266500,5.430707,7061.372532858186
E02006711,713153,372500,266500,5.381537,890219.0022995877
E02006711,713154,373500,266500,5.38948,833969.9007908801
E02006711,713155,374500,266500,5.390019,951931.2913454516
E02006711,713156,375500,266500,5.486123,1000000.0
E02006711,713157,376500,266500,5.520799,1000000.0
E02006711,713158,377500,266500,5.580032,1000000.0
E02006711,713159,378500,266500,5.61595,1000000.0
E02006711,713160,379500,266500,5.602696,1000000.0
E02006711,713161,380500,266500,5.793808,1000000.0
E02006711,713162,381500,266500,5.914573,327909.36917458184
E02006711,713843,372500,265500,5.437644,43619.62225406088
E02006711,713845,374500,265500,5.369149,756267.9720747318
E02006711,713846,375500,265500,5.532615,1000000.0
E02006711,713847,376500,265500,5.55128,1000000.0
E02006711,713848,377500,265500,5.572185,1000000.0
E02006711,713849,378500,265500,5.611629,1000000.0
E02006711,713850,379500,265500,5.633744,1000000.0
E02006711,713851,380500,265500,5.800747,1000000.0
E02006711,713852,381500,265500,5.888086,542706.3455518633
E02006711,714535,374500,264500,5.372332,749906.2511777398
E02006711,714536,375500,264500,5.518121,1000000.0
E02006711,714537,376500,264500,5.522424,1000000.0
E02006711,714538,377500,264500,5.603005,1000000.0
E02006711,714539,378500,264500,5.642566,1000000.0
E02006711,714540,379500,264500,5.64947,1000000.0
E02006711,714541,380500,264500,5.837946,1000000.0
E02006711,714542,381500,264500,5.951558,504936.69295014476
E02006711,715225,374500,263500,5.663597,270967.1658951291
E02006711,715226,375500,263500,5.609453,812761.7244215095
E02006711,715227,376500,263500,5.588195,1000000.0
E02006711,715228,377500,263500,5.530973,1000000.0
E02006711,715229,378500,263500,5.62163,1000000.0
E02006711,715230,379500,263500,5.646993,1000000.0
E02006711,715231,380500,263500,5.877769,1000000.0
E02006711,715232,381500,263500,5.94697,671419.1403371019
E02006711,715233,382500,263500,6.002933,319235.9944277365
E02006711,715234,383500,263500,6.006927,3193.0154455738193
E02006711,715915,374500,262500,5.435027,424338.33124634955
E02006711,715916,375500,262500,5.535042,1000000.0
E02006711,715917,376500,262500,5.510564,1000000.0
E02006711,715918,377500,262500,5.528814,1000000.0
E02006711,715919,378500,262500,5.570087,1000000.0
E02006711,715920,379500,262500,5.576243,1000000.0
E02006711,715921,380500,262500,5.79245,1000000.0
E02006711,715922,381500,262500,5.852139,1000000.0
E02006711,715923,382500,262500,5.916822,1000000.0
E02006711,715924,383500,262500,5.998968,471907.14813128114
E02006711,716604,373500,261500,5.420292,157069.11026107837
E02006711,716605,374500,261500,5.413962,953084.109973142
E02006711,716606,375500,261500,5.488498,1000000.0
E02006711,716607,376500,261500,5.577035,1000000.0
E02006711,716608,377500,261500,5.597189,1000000.0
E02006711,716609,378500,261500,5.569678,1000000.0
E02006711,716610,379500,261500,5.492517,1000000.0
E02006711,716611,380500,261500,5.711641,1000000.0
E02006711,716612,381500,261500,5.748384,1000000.0
E02006711,716613,382500,261500,5.866062,1000000.0
E02006711,716614,383500,261500,6.008763,980374.241671601
E02006711,716615,384500,261500,6.12772,138292.81658794393
E02006711,717294,373500,260500,5.387318,49656.86716630706
E02006711,717295,374500,260500,5.440244,762757.9899656419
E02006711,717296,375500,260500,5.537162,1000000.0
E02006711,717297,376500,260500,5.507343,1000000.0
E02006711,717298,377500,260500,5.515361,1000000.0
E02006711,717299,378500,260500,5.601586,1000000.0
E02006711,717300,379500,260500,5.541208,1000000.0
E02006711,717301,380500,260500,5.767135,1000000.0
E02006711,717302,381500,260500,5.820958,1000000.0
E02006711,717303,382500,260500,5.866233,1000000.0
E02006711,717304,383500,260500,6.018736,999998.2975733844
E02006711,717305,384500,260500,6.103544,90606.7102858235
E02006711,717984,373500,259500,5.526811,164775.87930894602
E02006711,717985,374500,259500,5.543363,924717.9639267848
E02006711,717986,375500,259500,5.672136,1000000.0
E02006711,717987,376500,259500,5.607238,1000000.0
E02006711,717988,377500,259500,5.640066,1000000.0
E02006711,717989,378500,259500,5.700178,1000000.0
E02006711,717990,379500,259500,5.692686,1000000.0
E02006711,717991,380500,259500,5.791839,1000000.0
E02006711,717992,381500,259500,5.914478,1000000.0
E02006711,717993,382500,259500,5.929458,1000000.0
E02006711,717994,383500,259500,5.992699,749925.8149386473
E02006711,717995,384500,259500,6.157355,43017.14117803737
E02006711,718673,372500,258500,5.458099,137654.53058371533
E02006711,718674,373500,258500,5.504495,530216.6097637175
E02006711,718675,374500,258500,5.498647,1000000.0
E02006711,718676,375500,258500,5.651534,1000000.0
E02006711,718677,376500,258500,5.594891,1000000.0
E02006711,718678,377500,258500,5.633782,1000000.0
E02006711,718679,378500,258500,5.695801,1000000.0
E02006711,718680,379500,258500,5.71329,1000000.0
E02006711,718681,380500,258500,5.798989,714313.5290814315
E02006711,718682,381500,258500,5.868601,633438.6688610017
E02006711,718683,382500,258500,5.999583,868282.3568468185
E02006711,718684,383500,258500,6.064012,555774.8541094965
E02006711,719363,372500,257500,5.443308,229183.85297463162
E02006711,719364,373500,257500,5.422014,969031.2909028163
E02006711,719365,374500,257500,5.474542,797911.4060388947
E02006711,719366,375500,257500,5.624568,472167.5974470988
E02006711,719367,376500,257500,5.542732,897727.0263181874
E02006711,719368,377500,257500,5.582324,1000000.0
E02006711,719369,378500,257500,5.604362,1000000.0
E02006711,719370,379500,257500,5.609458,735050.8556920667
E02006711,719371,380500,257500,5.786775,61.17372035787638
E02006711,719373,382500,257500,5.97823,403247.96421212115
E02006711,719374,383500,257500,6.088902,699399.5092526983
E02006711,719375,384500,257500,6.278656,2422.523723930217
E02006711,720054,373500,256500,5.468492,48554.240149286896
E02006711,720055,374500,256500,5.512618,18321.770089374553
E02006711,720057,376500,256500,5.558848,32503.483549568846
E02006711,720058,377500,256500,5.58769,334640.4801606282
E02006711,720059,378500,256500,5.597677,510655.72387682955
E02006711,720060,379500,256500,5.578006,162586.53499485957
E02006711,720063,382500,256500,6.081913,25724.18933576467
E02006711,720064,383500,256500,6.165237,83995.93813135807
E02006712,718681,380500,258500,5.798989,285686.4709185685
E02006712,718682,381500,258500,5.868601,366561.3311389984
E02006712,718683,382500,258500,5.999583,131717.6431531815
E02006712,719364,373500,257500,5.422014,11757.99450226612
E02006712,719365,374500,257500,5.474542,202088.59396110545
E02006712,719366,375500,257500,5.624568,527832.4025529011
E02006712,719367,376500,257500,5.542732,102272.97368181265
E02006712,719370,379500,257500,5.609458,264949.1443079332
E02006712,719371,380500,257500,5.786775,999938.8262796422
E02006712,719372,381500,257500,5.922438,1000000.0
E02006712,719373,382500,257500,5.97823,596752.0357878789
E02006712,720053,372500,256500,5.475853,239289.4700268445
E02006712,720054,373500,256500,5.468492,848170.8332324671
E02006712,720055,374500,256500,5.512618,981678.2299106254
E02006712,720056,375500,256500,5.538828,1000000.0
E02006712,720057,376500,256500,5.558848,967496.5164504312
E02006712,720058,377500,256500,5.58769,665359.5198393719
E02006712,720059,378500,256500,5.597677,489344.27612317045
E02006712,720060,379500,256500,5.578006,837413.4650051404
E02006712,720061,380500,256500,5.794785,1000000.0
E02006712,720062,381500,256500,5.943875,1000000.0
E02006712,720063,382500,256500,6.081913,974275.8106642354
E02006712,720064,383500,256500,6.165237,111117.53698527617
E02006712,720742,371500,255500,5.448819,4789.749499769516
E02006712,720743,372500,255500,5.474557,887800.133691104
E02006712,720744,373500,255500,5.449878,1000000.0
E02006712,720745,374500,255500,5.56154,1000000.0
E02006712,720746,375500,255500,5.635478,1000000.0
E02006712,720747,376500,255500,5.645984,1000000.0
E02006712,720748,377500,255500,5.608775,1000000.0
E02006712,720749,378500,255500,5.681489,1000000.0
E02006712,720750,379500,255500,5.665836,1000000.0
E02006712,720751,380500,255500,5.773485,1000000.0
E02006712,720752,381500,255500,5.943933,1000000.0
E02006712,720753,382500,255500,6.067,713905.1810338962
E02006712,720754,383500,255500,6.232138,21503.598140593836
E02006712,721432,371500,254500,5.383832,373333.26342034957
E02006712,721433,372500,254500,5.389402,1000000.0
E02006712,721434,373500,254500,5.389046,1000000.0
E02006712,721435,374500,254500,5.486281,1000000.0
E02006712,721436,375500,254500,5.595345,1000000.0
E02006712,721437,376500,254500,5.590061,1000000.0
E02006712,721438,377500,254500,5.656188,1000000.0
E02006712,721439,378500,254500,5.64712,1000000.0
E02006712,721440,379500,254500,5.639692,1000000.0
E02006712,721441,380500,254500,5.795933,1000000.0
E02006712,721442,381500,254500,5.894382,1000000.0
E02006712,721443,382500,254500,6.093922,224603.3035019527
E02006712,722122,371500,253500,5.426474,746317.4467023371
E02006712,722123,372500,253500,5.410266,1000000.0
E02006712,722124,373500,253500,5.405919,1000000.0
E02006712,722125,374500,253500,5.551733,1000000.0
E02006712,722126,375500,253500,5.545622,1000000.0
E02006712,722127,376500,253500,5.641823,1000000.0
E02006712,722128,377500,253500,5.631009,1000000.0
E02006712,722129,378500,253500,5.687914,1000000.0
E02006712,722130,379500,253500,5.707747,1000000.0
E02006712,722131,380500,253500,5.928139,1000000.0
E02006712,722132,381500,253500,5.992462,999320.445588222
E02006712,722133,382500,253500,6.105823,856120.4400108529
E02006712,722134,383500,253500,6.102797,89762.53610200027
E02006712,722811,370500,252500,5.440557,436929.68836908607
E02006712,722812,371500,252500,5.433131,953728.454149487
E02006712,722813,372500,252500,5.521217,1000000.0
E02006712,722814,373500,252500,5.411928,1000000.0
E02006712,722815,374500,252500,5.436778,1000000.0
E02006712,722816,375500,252500,5.527427,1000000.0
E02006712,722817,376500,252500,5.539037,1000000.0
E02006712,722818,377500,252500,5.682832,1000000.0
E02006712,722819,378500,252500,5.719573,1000000.0
E02006712,722820,379500,252500,5.706859,1000000.0
E02006712,722821,380500,252500,5.852242,321843.79142491217
E02006712,722822,381500,252500,5.9559,255162.29486058577
E02006712,722823,382500,252500,5.930719,555020.3342449926
E02006712,722824,383500,252500,6.149117,148961.98696718703
E02006712,723501,370500,251500,5.408345,152545.1217185611
E02006712,723502,371500,251500,5.445338,996759.2926592043
E02006712,723503,372500,251500,5.532366,1000000.0
E02006712,723504,373500,251500,5.445415,1000000.0
E02006712,723505,374500,251500,5.456817,1000000.0
E02006712,723506,375500,251500,5.518989,1000000.0
E02006712,723507,376500,251500,5.656399,1000000.0
E02006712,723508,377500,251500,5.709865,1000000.0
E02006712,723509,378500,251500,5.772104,1000000.0
E02006712,723510,379500,251500,5.741819,1000000.0
E02006712,723511,380500,251500,5.87873,159814.50592202457
E02006712,724192,371500,250500,5.448254,809106.6014786939
E02006712,724193,372500,250500,5.513785,980986.5534046356
E02006712,724194,373500,250500,5.469799,629664.5684146663
E02006712,724195,374500,250500,5.489268,400829.846548971
E02006712,724196,375500,250500,5.542575,734172.5349256006
E02006712,724197,376500,250500,5.699347,996583.9210795324
E02006712,724198,377500,250500,5.790785,828667.4776583782
E02006712,724199,378500,250500,5.786333,699604.9909376664
E02006712,724200,379500,250500,5.749916,771077.7171117472
E02006712,724201,380500,250500,5.94049,115923.73353045872
E02006712,724882,371500,249500,5.466517,92027.96355815786
E02006712,724883,372500,249500,5.501003,72561.39411696936
E02006712,724884,373500,249500,5.478702,14645.650577960898
E02006712,724886,375500,249500,5.548635,32819.63864107961
E02006712,724887,376500,249500,5.643659,400460.2234819032
E02006712,724890,379500,249500,5.900561,7804.353338089721
E02006721,711114,403500,269500,6.657269,72600.44127470542
E02006721,711115,404500,269500,6.622299,517152.8278089219
E02006721,711116,405500,269500,6.682633,431013.1429966246
E02006721,711117,406500,269500,6.803669,302095.27653305297
E02006721,711118,407500,269500,6.766431,149277.1818997693
E02006721,711804,403500,268500,7.21028,222294.82789468902
E02006721,711805,404500,268500,6.811334,857140.7867670759
E02006721,711806,405500,268500,6.851047,620726.7045989436
E02006721,711807,406500,268500,7.086567,287598.90423956164
E02006721,711808,407500,268500,6.989152,373832.87307302124
E02006721,712495,404500,267500,6.950915,10578.040453775066
E02006722,711806,405500,268500,6.851047,138088.18128651485
E02006722,711807,406500,268500,7.086567,711186.7970254255
E02006722,711808,407500,268500,6.989152,357686.2244165256
E02006722,711809,408500,268500,6.835848,24057.801769658672
E02006722,712496,405500,267500,6.893731,495.03094295572043
E02006722,712497,406500,267500,6.894937,42592.50852952793
E02006723,711114,403500,269500,6.657269,132930.1802411867
E02006723,711803,402500,268500,6.663634,502423.84042685665
E02006723,711804,403500,268500,7.21028,602320.3834494416
E02006723,712492,401500,267500,6.547287,306394.96767501533
E02006723,712493,402500,267500,6.690049,756209.3588398626
E02006723,712494,403500,267500,6.749779,204379.26048886357
E02006724,711804,403500,268500,7.21028,164274.45350669595
E02006724,711805,404500,268500,6.811334,142859.2132329241
E02006724,711806,405500,268500,6.851047,240812.65172576354
E02006724,712494,403500,267500,6.749779,128841.15321695119
E02006724,712495,404500,267500,6.950915,892064.8134400153
E02006724,712496,405500,267500,6.893731,575627.5661960042
E02006724,712497,406500,267500,6.894937,1554.783999538446
E02006724,713185,404500,266500,6.911028,2707.35338914532
E02006725,711807,406500,268500,7.086567,435.89141467861
E02006725,711808,407500,268500,6.989152,116825.27599431506
E02006725,711809,408500,268500,6.835848,28349.41570939729
E02006725,712497,406500,267500,6.894937,53876.38403033744
E02006725,712498,407500,267500,6.928946,887552.9942169661
E02006725,712499,408500,267500,6.842735,309022.77954554185
E02006725,713188,407500,266500,6.896886,142659.99726048953
E02006725,713189,408500,266500,6.624079,3032.0683422378024
E02006726,712493,402500,267500,6.690049,197248.04524184554
E02006726,712494,403500,267500,6.749779,666779.5862941854
E02006726,712495,404500,267500,6.950915,46204.90312193679
E02006726,713183,402500,266500,6.598636,98278.13567178085
E02006726,713184,403500,266500,6.769497,546461.5296237945
E02006726,713185,404500,266500,6.911028,902449.4284904848
E02006726,713186,405500,266500,6.854133,101685.90872887381
E02006726,713875,404500,265500,6.875718,76435.35119543952
E02006727,711806,405500,268500,6.851047,372.4623887780856
E02006727,711807,406500,268500,7.086567,778.4073203339767
E02006727,712495,404500,267500,6.950915,51152.24298427282
E02006727,712496,405500,267500,6.893731,423877.4028610401
E02006727,712497,406500,267500,6.894937,901976.3234405963
E02006727,712498,407500,267500,6.928946,4754.0685308552065
E02006727,713185,404500,266500,6.911028,76641.76904008772
E02006727,713186,405500,266500,6.854133,777217.4516166035
E02006727,713187,406500,266500,6.806807,898596.9102499263
E02006727,713188,407500,266500,6.896886,177714.35901143984
E02006727,713876,405500,265500,6.86633,22810.346926995862
E02006727,713877,406500,265500,6.677503,87873.3556055281
E02006728,712492,401500,267500,6.547287,130257.11339612924
E02006728,712493,402500,267500,6.690049,46420.92857724916
E02006728,713182,401500,266500,6.495875,779842.0416487703
E02006728,713183,402500,266500,6.598636,901721.8643282192
E02006728,713184,403500,266500,6.769497,302721.9818992833
E02006728,713872,401500,265500,6.310657,619865.2686400822
E02006728,713873,402500,265500,6.355621,899574.7539837305
E02006728,713874,403500,265500,6.727825,114232.79508881734
E02006728,714563,402500,264500,6.323833,6131.017147802084
E02006729,712498,407500,267500,6.928946,107692.93725217869
E02006729,712499,408500,267500,6.842735,148758.9158585004
E02006729,713187,406500,266500,6.806807,69025.33037201637
E02006729,713188,407500,266500,6.896886,679420.3841408079
E02006729,713189,408500,266500,6.624079,178386.33716527632
E02006729,713876,405500,265500,6.86633,89485.694400307
E02006729,713877,406500,265500,6.677503,749636.5419231483
E02006729,713878,407500,265500,6.668743,701317.9746767187
E02006729,714566,405500,264500,6.527719,295071.48661581584
E02006729,714567,406500,264500,6.470047,417124.01669324783
E02006729,714568,407500,264500,6.491912,2314.4893568086486
E02006730,713185,404500,266500,6.911028,8315.527091671242
E02006730,713186,405500,266500,6.854133,121096.63965452272
E02006730,713187,406500,266500,6.806807,32377.759378057377
E02006730,713875,404500,265500,6.875718,328419.4486144665
E02006730,713876,405500,265500,6.86633,887703.958672697
E02006730,713877,406500,265500,6.677503,154389.51837615247
E02006730,714565,404500,264500,6.663229,4508.792586048734
E02006730,714566,405500,264500,6.527719,20640.504148295586
E02006730,714567,406500,264500,6.470047,9003.513288828599
E02006731,713184,403500,266500,6.769497,150816.48847692218
E02006731,713185,404500,266500,6.911028,9885.921988610786
E02006731,713874,403500,265500,6.727825,285831.0514871878
E02006731,713875,404500,265500,6.875718,593565.6188821292
E02006731,714565,404500,264500,6.663229,546214.1284525248
E02006731,714566,405500,264500,6.527719,492553.30786223745
E02006732,713873,402500,265500,6.355621,82814.25418189466
E02006732,713874,403500,265500,6.727825,599936.1534239949
E02006732,713875,404500,265500,6.875718,1579.5813079647996
E02006732,714562,401500,264500,6.217703,35224.99902819186
E02006732,714563,402500,264500,6.323833,383575.70748145995
E02006732,714564,403500,264500,6.583227,651530.0443197383
E02006732,714565,404500,264500,6.663229,144075.40207133588
E02006733,713870,399500,265500,6.059877,1636.3668183193836
E02006733,713871,400500,265500,6.2786,711913.0459514642
E02006733,713872,401500,265500,6.310657,364212.4556609289
E02006733,713873,402500,265500,6.355621,17610.991834374945
E02006733,714560,399500,264500,6.002158,114746.74018686985
E02006733,714561,400500,264500,6.231126,970468.5008787401
E02006733,714562,401500,264500,6.217703,964775.0009718081
E02006733,714563,402500,264500,6.323833,610293.275370738
E02006733,714564,403500,264500,6.583227,348469.9556802618
E02006733,714565,404500,264500,6.663229,149478.56873793004
E02006733,715250,399500,263500,5.956787,626998.773376006
E02006733,715251,400500,263500,6.201703,1000000.0
E02006733,715252,401500,263500,6.168075,1000000.0
E02006733,715253,402500,263500,6.189829,1000000.0
E02006733,715254,403500,263500,6.28637,1000000.0
E02006733,715255,404500,263500,6.339139,355120.7135089123
E02006733,715940,399500,262500,5.898782,740151.4951484251
E02006733,715941,400500,262500,6.212331,1000000.0
E02006733,715942,401500,262500,6.146523,1000000.0
E02006733,715943,402500,262500,6.169636,1000000.0
E02006733,715944,403500,262500,6.2048,1000000.0
E02006733,715945,404500,262500,6.322792,520250.02416306
E02006733,716629,398500,261500,5.944522,14811.852729085462
E02006733,716630,399500,261500,5.890934,926027.2782481364
E02006733,716631,400500,261500,6.14093,1000000.0
E02006733,716632,401500,261500,6.109856,1000000.0
E02006733,716633,402500,261500,6.108468,1000000.0
E02006733,716634,403500,261500,6.130531,843321.6220267521
E02006733,716635,404500,261500,6.19301,266249.9577611731
E02006733,717319,398500,260500,5.883156,135584.3828869278
E02006733,717320,399500,260500,5.86286,1000000.0
E02006733,717321,400500,260500,6.136311,965067.1721774049
E02006733,717322,401500,260500,6.051438,997553.8843386481
E02006733,717323,402500,260500,6.079904,845558.6428690659
E02006733,717324,403500,260500,6.108802,152526.9527022253
E02006733,718009,398500,259500,6.037158,7266.756619173599
E02006733,718010,399500,259500,5.99062,205738.78182388857
E02006733,718011,400500,259500,6.283689,149503.7636822623
E02006733,718012,401500,259500,6.161662,64528.94714190456
E02006733,718013,402500,259500,6.244503,35274.09371986746
E02006734,717995,384500,259500,6.157355,52503.85803341231
E02006734,717996,385500,259500,6.357943,26383.52663790082
E02006734,718684,383500,258500,6.064012,128436.57749503467
E02006734,718685,384500,258500,6.211539,774830.8126469707
E02006734,718686,385500,258500,6.458277,770644.8389694684
E02006734,718687,386500,258500,6.649187,285439.6363124514
E02006734,719374,383500,257500,6.088902,296986.6680548357
E02006734,719375,384500,257500,6.278656,953940.2462588447
E02006734,719376,385500,257500,6.382092,724749.0886782763
E02006734,719377,386500,257500,6.565239,235623.02369935115
E02006734,720065,384500,256500,6.373564,291153.69860095176
E02006735,719377,386500,257500,6.565239,61379.43783871967
E02006735,719378,387500,257500,6.722939,284688.831299995
E02006735,720067,386500,256500,6.577413,8452.934305083769
E02006735,720068,387500,256500,6.613799,503496.60134609457
E02006736,718687,386500,258500,6.649187,136288.4327804053
E02006736,718688,387500,258500,6.609252,60784.89269089929
E02006736,719377,386500,257500,6.565239,493191.5416853711
E02006736,719378,387500,257500,6.722939,686653.0074392647
E02006736,719379,388500,257500,6.636262,647288.8403382234
E02006736,719380,389500,257500,6.844048,81380.177940409
E02006736,720067,386500,256500,6.577413,90370.49417442943
E02006736,720068,387500,256500,6.613799,289125.6031385299
E02006736,720069,388500,256500,6.625621,944274.1370610346
E02006736,720070,389500,256500,6.727285,95253.63926068641
E02006736,720759,388500,255500,6.896441,78593.12365521587
E02006737,719375,384500,257500,6.278656,41683.849936739025
E02006737,719376,385500,257500,6.382092,275250.9113217239
E02006737,719377,386500,257500,6.565239,185259.2592285053
E02006737,720065,384500,256500,6.373564,239630.68175555504
E02006737,720066,385500,256500,6.583478,894738.2776709164
E02006737,720067,386500,256500,6.577413,107011.04731171283
E02006737,720756,385500,255500,6.598995,179967.87862494402
E02006738,719377,386500,257500,6.565239,24546.737548052857
E02006738,719378,387500,257500,6.722939,272.14186010554175
E02006738,720066,385500,256500,6.583478,67373.51007202321
E02006738,720067,386500,256500,6.577413,794165.5242087739
E02006738,720068,387500,256500,6.613799,121682.38544515436
E02006738,720756,385500,255500,6.598995,153195.10685795997
E02006738,720757,386500,255500,6.581042,562727.7159778207
E02006738,720758,387500,255500,6.514425,58669.97713862972
E02006739,719374,383500,257500,6.088902,3613.822692466105
E02006739,719375,384500,257500,6.278656,1953.3800804859684
E02006739,720064,383500,256500,6.165237,726911.8414712215
E02006739,720065,384500,256500,6.373564,9950.359133019301
E02006739,720753,382500,255500,6.067,9190.067284756786
E02006739,720754,383500,255500,6.232138,701362.6302213467
E02006739,720755,384500,255500,6.440065,107189.53948577796
E02006739,721444,383500,254500,6.22525,29114.30580745804
E02006739,721445,384500,254500,6.401539,46620.91975017398
E02006740,720064,383500,256500,6.165237,77974.68341214431
E02006740,720065,384500,256500,6.373564,459265.2605104738
E02006740,720066,385500,256500,6.583478,37888.2122570603
E02006740,720754,383500,255500,6.232138,47395.69363292429
E02006740,720755,384500,255500,6.440065,889921.2581859976
E02006740,720756,385500,255500,6.598995,279170.96046132006
E02006740,721445,384500,254500,6.401539,109434.67738034409
E02006740,721446,385500,254500,6.612166,1611.7829414600546
E02006741,720068,387500,256500,6.613799,85695.4100702211
E02006741,720069,388500,256500,6.625621,48247.676239565226
E02006741,720757,386500,255500,6.581042,79700.00579695907
E02006741,720758,387500,255500,6.514425,875658.7673183888
E02006741,720759,388500,255500,6.896441,647393.6708778645
E02006741,721448,387500,254500,6.400673,94780.82175671073
E02006741,721449,388500,254500,6.851326,472756.34795114724
E02006741,722138,387500,253500,6.557941,193.1882101265552
E02006748,708334,383500,273500,6.23304,476243.36646271177
E02006748,708335,384500,273500,6.320033,648382.7984265309
E02006748,708336,385500,273500,6.393749,238132.73939482108
E02006748,709023,382500,272500,6.276888,3279.0488298783657
E02006748,709024,383500,272500,6.225629,822175.1007697905
E02006748,709025,384500,272500,6.274887,1000000.0
E02006748,709026,385500,272500,6.448543,958554.9761096722
E02006748,709027,386500,272500,6.449514,78659.19635325484
E02006748,709030,389500,272500,6.161831,1691.260421206247
E02006748,709031,390500,272500,6.188738,198352.8450778483
E02006748,709032,391500,272500,6.117167,116985.97536670728
E02006748,709713,382500,271500,6.262043,425312.22762582876
E02006748,709714,383500,271500,6.229036,995134.2627808733
E02006748,709715,384500,271500,6.292042,1000000.0
E02006748,709716,385500,271500,6.69829,1000000.0
E02006748,709717,386500,271500,6.663018,684119.7681515511
E02006748,709718,387500,271500,6.347821,754.118819540438
E02006748,709720,389500,271500,6.13276,223745.5646463465
E02006748,709721,390500,271500,6.096294,991590.7496314384
E02006748,709722,391500,271500,6.099762,741929.185764381
E02006748,709723,392500,271500,6.173985,115193.5835289488
E02006748,710402,381500,270500,6.25665,153386.66051430383
E02006748,710403,382500,270500,6.161032,921755.3481914882
E02006748,710404,383500,270500,6.233239,1000000.0
E02006748,710405,384500,270500,6.460314,1000000.0
E02006748,710406,385500,270500,9.402032,1000000.0
E02006748,710407,386500,270500,6.602283,983552.7112322272
E02006748,710408,387500,270500,6.25502,283932.7642926085
E02006748,710409,388500,270500,6.155938,161017.79789139246
E02006748,710410,389500,270500,6.087706,593418.1461955942
E02006748,710411,390500,270500,6.133636,1000000.0
E02006748,710412,391500,270500,6.13972,1000000.0
E02006748,710413,392500,270500,6.219285,124619.89761300308
E02006748,711092,381500,269500,6.066534,6561.923404443027
E02006748,711093,382500,269500,6.117254,909258.8547325764
E02006748,711094,383500,269500,6.166962,1000000.0
E02006748,711095,384500,269500,6.366367,1000000.0
E02006748,711096,385500,269500,6.317903,1000000.0
E02006748,711097,386500,269500,6.149081,1000000.0
E02006748,711098,387500,269500,6.125773,1000000.0
E02006748,711099,388500,269500,6.100632,445575.1636775781
E02006748,711100,389500,269500,6.045126,999957.0747091896
E02006748,711101,390500,269500,6.113618,1000000.0
E02006748,711102,391500,269500,6.101268,1000000.0
E02006748,711103,392500,269500,6.209102,93572.66459827744
E02006748,711782,381500,268500,6.039596,353045.9237275014
E02006748,711783,382500,268500,6.05788,1000000.0
E02006748,711784,383500,268500,6.108548,987505.9166456008
E02006748,711785,384500,268500,6.278614,838435.2099798222
E02006748,711786,385500,268500,6.213739,998933.1542021575
E02006748,711787,386500,268500,6.050034,1000000.0
E02006748,711788,387500,268500,6.076046,1000000.0
E02006748,711789,388500,268500,6.015201,902986.6836498593
E02006748,711790,389500,268500,5.967997,1000000.0
E02006748,711791,390500,268500,6.172785,1000000.0
E02006748,711792,391500,268500,6.177715,879800.6707667682
E02006748,711793,392500,268500,6.202808,433773.2977898217
E02006748,711794,393500,268500,6.690034,416725.8462574333
E02006748,711795,394500,268500,6.51833,116307.28104900377
E02006748,712472,381500,267500,6.003484,64259.12908350395
E02006748,712473,382500,267500,5.973342,230824.0927741547
E02006748,712474,383500,267500,6.046229,57530.291765163085
E02006748,712476,385500,267500,6.110638,584516.8459510627
E02006748,712477,386500,267500,6.032934,696961.8290215711
E02006748,712478,387500,267500,6.023898,1000000.0
E02006748,712479,388500,267500,6.07157,1000000.0
E02006748,712480,389500,267500,6.088032,1000000.0
E02006748,712481,390500,267500,6.156721,1000000.0
E02006748,712482,391500,267500,6.263751,1000000.0
E02006748,712483,392500,267500,6.604438,1000000.0
E02006748,712484,393500,267500,6.360997,987748.7446913951
E02006748,712485,394500,267500,6.294673,89093.68773868051
E02006748,713167,386500,266500,6.061057,251001.26516221542
E02006748,713168,387500,266500,6.06427,1000000.0
E02006748,713169,388500,266500,6.164845,1000000.0
E02006748,713170,389500,266500,6.197382,1000000.0
E02006748,713171,390500,266500,6.256294,1000000.0
E02006748,713172,391500,266500,6.510813,1000000.0
E02006748,713173,392500,266500,6.586876,1000000.0
E02006748,713174,393500,266500,6.288252,1000000.0
E02006748,713175,394500,266500,6.289281,199219.41293504823
E02006748,713857,386500,265500,6.064501,220302.40839338297
E02006748,713858,387500,265500,6.089242,1000000.0
E02006748,713859,388500,265500,6.284705,995551.8259560806
E02006748,713860,389500,265500,6.301682,959714.2804936407
E02006748,713861,390500,265500,6.348522,1000000.0
E02006748,713862,391500,265500,6.704323,1000000.0
E02006748,713863,392500,265500,6.392797,1000000.0
E02006748,713864,393500,265500,6.283516,942823.409299748
E02006748,713865,394500,265500,6.15452,651706.8129267703
E02006748,713866,395500,265500,6.114399,359761.8703798052
E02006748,713867,396500,265500,6.085102,31542.176228454067
E02006748,714547,386500,264500,6.013572,235428.9747148603
E02006748,714548,387500,264500,6.127024,1000000.0
E02006748,714549,388500,264500,6.319143,643077.8865221196
E02006748,714550,389500,264500,6.356032,383404.7804921848
E02006748,714551,390500,264500,6.375337,871936.7872743757
E02006748,714552,391500,264500,6.645233,1000000.0
E02006748,714553,392500,264500,6.26509,518244.82912737195
E02006748,714554,393500,264500,6.186879,50543.13154470548
E02006748,714555,394500,264500,6.126942,138737.32041938737
E02006748,714556,395500,264500,6.058046,262271.450133383
E02006748,714557,396500,264500,6.070027,13573.532471427108
E02006748,715237,386500,263500,6.101719,201019.75995884003
E02006748,715238,387500,263500,6.147721,996184.1523009087
E02006748,715239,388500,263500,6.334341,348696.41222700523
E02006748,715241,390500,263500,6.701228,83220.59132143106
E02006748,715242,391500,263500,6.641744,477155.68579380814
E02006748,715243,392500,263500,6.204733,101280.36727040622
E02006748,715927,386500,262500,6.061758,117360.07962427702
E02006748,715928,387500,262500,6.114911,935260.5514115995
E02006748,715929,388500,262500,6.43819,107317.42554427803
E02006748,716617,386500,261500,6.060331,605737.154393343
E02006748,716618,387500,261500,6.155297,1000000.0
E02006748,716619,388500,261500,6.402328,884993.0713954674
E02006748,716620,389500,261500,6.540141,151478.5032659595
E02006748,716621,390500,261500,6.864184,27533.01734328251
E02006748,717307,386500,260500,6.159256,33590.7536557753
E02006748,717308,387500,260500,6.231857,118649.78399350686
E02006748,717309,388500,260500,6.213878,280608.61965951655
E02006748,717310,389500,260500,6.229904,908230.9868084225
E02006748,717311,390500,260500,6.648493,881850.0964608843
E02006748,718000,389500,259500,6.352165,172876.92031427834
E02006748,718001,390500,259500,6.711441,548795.0982639807
E02006748,718691,390500,258500,6.686197,5937.421355644781
E02006749,713859,388500,265500,6.284705,4448.174043919416
E02006749,713860,389500,265500,6.301682,40285.71950635927
E02006749,714549,388500,264500,6.319143,356922.11347788037
E02006749,714550,389500,264500,6.356032,569678.0151909057
E02006749,715238,387500,263500,6.147721,219.5719166910647
E02006749,715239,388500,263500,6.334341,598222.022100124
E02006749,715240,389500,263500,6.506789,205141.97734927785
E02006749,715928,387500,262500,6.114911,64739.448588400475
E02006749,715929,388500,262500,6.43819,531545.5774850941
E02006750,714550,389500,264500,6.356032,46917.20431690959
E02006750,714551,390500,264500,6.375337,128063.2127256243
E02006750,715240,389500,263500,6.506789,379361.91460866726
E02006750,715241,390500,263500,6.701228,885042.8145796413
E02006750,715242,391500,263500,6.641744,14735.527034302824
E02006750,715930,389500,262500,6.578928,32614.783388086336
E02006750,715931,390500,262500,6.87614,723158.9762852987
E02006750,716620,389500,261500,6.540141,4313.172788643551
E02006750,716621,390500,261500,6.864184,40674.987626808244
E02006751,715239,388500,263500,6.334341,53081.565672870645
E02006751,715240,389500,263500,6.506789,415496.1080420549
E02006751,715241,390500,263500,6.701228,5356.72576302088
E02006751,715929,388500,262500,6.43819,258608.0667663597
E02006751,715930,389500,262500,6.578928,718105.9984218817
E02006751,715931,390500,262500,6.87614,49167.321630072685
E02006752,715929,388500,262500,6.43819,102528.93020426822
E02006752,715930,389500,262500,6.578928,249279.218190032
E02006752,715931,390500,262500,6.87614,800.3253319526898
E02006752,716619,388500,261500,6.402328,115006.92860453269
E02006752,716620,389500,261500,6.540141,844208.3239453969
E02006752,716621,390500,261500,6.864184,878257.2371938474
E02006752,717310,389500,260500,6.229904,1115.3469773522793
E02006752,717311,390500,260500,6.648493,45562.550643408824
E02006753,711784,383500,268500,6.108548,12494.08335439916
E02006753,711785,384500,268500,6.278614,161564.79002017775
E02006753,711786,385500,268500,6.213739,1066.8457978424765
E02006753,712472,381500,267500,6.003484,604403.2722399062
E02006753,712473,382500,267500,5.973342,769175.9072258453
E02006753,712474,383500,267500,6.046229,942469.7082348369
E02006753,712475,384500,267500,6.153392,1000000.0
E02006753,712476,385500,267500,6.110638,415483.1540489373
E02006753,712477,386500,267500,6.032934,303038.17097842885
E02006753,713162,381500,266500,5.914573,672090.630825418
E02006753,713163,382500,266500,5.986281,1000000.0
E02006753,713164,383500,266500,6.006872,1000000.0
E02006753,713165,384500,266500,6.107351,1000000.0
E02006753,713166,385500,266500,6.074147,1000000.0
E02006753,713167,386500,266500,6.061057,748998.7348377845
E02006753,713852,381500,265500,5.888086,457293.6544481367
E02006753,713853,382500,265500,5.975816,1000000.0
E02006753,713854,383500,265500,5.943992,1000000.0
E02006753,713855,384500,265500,6.089015,1000000.0
E02006753,713856,385500,265500,6.05152,1000000.0
E02006753,713857,386500,265500,6.064501,779697.5916066171
E02006753,714542,381500,264500,5.951558,495063.30704985524
E02006753,714543,382500,264500,5.947586,1000000.0
E02006753,714544,383500,264500,5.971486,1000000.0
E02006753,714545,384500,264500,6.145992,1000000.0
E02006753,714546,385500,264500,6.071123,1000000.0
E02006753,714547,386500,264500,6.013572,764571.0252851398
E02006753,715232,381500,263500,5.94697,328580.8596628981
E02006753,715233,382500,263500,6.002933,680764.0055722635
E02006753,715234,383500,263500,6.006927,996806.9845544262
E02006753,715235,384500,263500,6.085037,1000000.0
E02006753,715236,385500,263500,6.099882,1000000.0
E02006753,715237,386500,263500,6.101719,798980.24004116
E02006753,715238,387500,263500,6.147721,3596.275782400324
E02006753,715924,383500,262500,5.998968,528092.8518687189
E02006753,715925,384500,262500,6.055754,1000000.0
E02006753,715926,385500,262500,6.065303,1000000.0
E02006753,715927,386500,262500,6.061758,882639.9203757229
E02006753,716614,383500,261500,6.008763,19625.758328399083
E02006753,716615,384500,261500,6.12772,861707.1834120561
E02006753,716616,385500,261500,6.079787,1000000.0
E02006753,716617,386500,261500,6.060331,394262.845606657
E02006753,717304,383500,260500,6.018736,1.7024266157103525
E02006753,717305,384500,260500,6.103544,909393.2897141764
E02006753,717306,385500,260500,6.08675,1000000.0
E02006753,717307,386500,260500,6.159256,966409.2463442247
E02006753,717308,387500,260500,6.231857,881350.2160064932
E02006753,717309,388500,260500,6.213878,719391.3803404834
E02006753,717310,389500,260500,6.229904,90653.66621422517
E02006753,717994,383500,259500,5.992699,250074.1850613527
E02006753,717995,384500,259500,6.157355,904479.0007885504
E02006753,717996,385500,259500,6.357943,973616.4733620991
E02006753,717997,386500,259500,6.437011,1000000.0
E02006753,717998,387500,259500,6.449624,1000000.0
E02006753,717999,388500,259500,6.351943,1000000.0
E02006753,718000,389500,259500,6.352165,827123.0796857218
E02006753,718001,390500,259500,6.711441,80484.209890664
E02006753,718684,383500,258500,6.064012,315788.56839546893
E02006753,718685,384500,258500,6.211539,225169.18735302924
E02006753,718686,385500,258500,6.458277,229355.1610305316
E02006753,718687,386500,258500,6.649187,578271.9309071434
E02006753,718688,387500,258500,6.609252,939215.1073091007
E02006753,718689,388500,258500,6.533841,1000000.0
E02006753,718690,389500,258500,6.552707,975965.6931430118
E02006753,718691,390500,258500,6.686197,173981.18447321083
E02006753,719378,387500,257500,6.722939,28386.019400634785
E02006753,719379,388500,257500,6.636262,352711.1596617766
E02006753,719380,389500,257500,6.844048,391671.5168063728
E02006754,713864,393500,265500,6.283516,38184.44141038706
E02006754,713867,396500,265500,6.085102,293265.940497371
E02006754,713868,397500,265500,6.072485,232008.3743539452
E02006754,714553,392500,264500,6.26509,481755.17087262805
E02006754,714554,393500,264500,6.186879,949456.8684552946
E02006754,714555,394500,264500,6.126942,861262.6795806127
E02006754,714556,395500,264500,6.058046,737728.549866617
E02006754,714557,396500,264500,6.070027,986426.4675285729
E02006754,714558,397500,264500,6.01399,988346.0837346673
E02006754,714559,398500,264500,6.012375,643772.8297509492
E02006754,714560,399500,264500,6.002158,400883.91982520925
E02006754,715241,390500,263500,6.701228,26379.86833590672
E02006754,715242,391500,263500,6.641744,508108.7871718891
E02006754,715243,392500,263500,6.204733,898719.6327295938
E02006754,715244,393500,263500,6.163629,1000000.0
E02006754,715245,394500,263500,6.039695,1000000.0
E02006754,715246,395500,263500,6.07863,1000000.0
E02006754,715247,396500,263500,6.076624,1000000.0
E02006754,715248,397500,263500,5.984564,1000000.0
E02006754,715249,398500,263500,6.004751,1000000.0
E02006754,715250,399500,263500,5.956787,373001.226623994
E02006754,715931,390500,262500,6.87614,226873.37675267583
E02006754,715932,391500,262500,6.356545,1000000.0
E02006754,715933,392500,262500,6.225021,1000000.0
E02006754,715934,393500,262500,6.11248,1000000.0
E02006754,715935,394500,262500,6.091653,1000000.0
E02006754,715936,395500,262500,6.030277,1000000.0
E02006754,715937,396500,262500,5.990772,1000000.0
E02006754,715938,397500,262500,5.969873,1000000.0
E02006754,715939,398500,262500,5.950078,1000000.0
E02006754,715940,399500,262500,5.898782,259848.5048515749
E02006754,716621,390500,261500,6.864184,53534.757836062054
E02006754,716622,391500,261500,6.300794,1000000.0
E02006754,716623,392500,261500,6.142585,1000000.0
E02006754,716624,393500,261500,6.030528,1000000.0
E02006754,716625,394500,261500,6.030406,1000000.0
E02006754,716626,395500,261500,5.945815,1000000.0
E02006754,716627,396500,261500,5.941741,1000000.0
E02006754,716628,397500,261500,5.946628,1000000.0
E02006754,716629,398500,261500,5.944522,985188.1472709145
E02006754,716630,399500,261500,5.890934,73972.72175186359
E02006754,717311,390500,260500,6.648493,72587.35289570692
E02006754,717312,391500,260500,6.214612,1000000.0
E02006754,717313,392500,260500,6.052132,1000000.0
E02006754,717314,393500,260500,6.015276,1000000.0
E02006754,717315,394500,260500,5.90847,1000000.0
E02006754,717316,395500,260500,6.053818,1000000.0
E02006754,717317,396500,260500,5.935892,1000000.0
E02006754,717318,397500,260500,5.940021,1000000.0
E02006754,717319,398500,260500,5.883156,864415.6171130722
E02006754,718001,390500,259500,6.711441,370720.6918453554
E02006754,718002,391500,259500,6.336742,1000000.0
E02006754,718003,392500,259500,6.169279,1000000.0
E02006754,718004,393500,259500,6.099433,1000000.0
E02006754,718005,394500,259500,6.032906,1000000.0
E02006754,718006,395500,259500,6.136833,1000000.0
E02006754,718007,396500,259500,6.111099,1000000.0
E02006754,718008,397500,259500,6.111528,1000000.0
E02006754,718009,398500,259500,6.037158,960284.1124234783
E02006754,718010,399500,259500,5.99062,471623.34353798704
E02006754,718690,389500,258500,6.552707,24034.306856988234
E02006754,718691,390500,258500,6.686197,820081.3941711443
E02006754,718692,391500,258500,6.29767,1000000.0
E02006754,718693,392500,258500,6.14384,1000000.0
E02006754,718694,393500,258500,6.162624,1000000.0
E02006754,718695,394500,258500,6.138361,1000000.0
E02006754,718696,395500,258500,6.056884,1000000.0
E02006754,718697,396500,258500,6.021926,872726.7879324419
E02006754,718698,397500,258500,6.046603,740919.3954495472
E02006754,718699,398500,258500,6.031551,174419.89334920672
E02006754,719380,389500,257500,6.844048,526948.3052532183
E02006754,719381,390500,257500,6.370095,1000000.0
E02006754,719382,391500,257500,6.202349,1000000.0
E02006754,719383,392500,257500,6.140827,1000000.0
E02006754,719384,393500,257500,6.126582,1000000.0
E02006754,719385,394500,257500,6.117731,1000000.0
E02006754,719386,395500,257500,6.122818,662985.696164373
E02006754,719387,396500,257500,6.062222,192618.19034874035
E02006754,719388,397500,257500,5.953933,8917.5915585522
E02006754,720069,388500,256500,6.625621,7478.1866994001575
E02006754,720070,389500,256500,6.727285,904746.3607393135
E02006754,720071,390500,256500,6.343366,1000000.0
E02006754,720072,391500,256500,6.201521,1000000.0
E02006754,720073,392500,256500,6.140683,1000000.0
E02006754,720074,393500,256500,6.069336,1000000.0
E02006754,720075,394500,256500,6.084147,984922.9113383262
E02006754,720076,395500,256500,6.068356,279676.4445777501
E02006754,720759,388500,255500,6.896441,274013.20546691964
E02006754,720760,389500,255500,6.488928,1000000.0
E02006754,720761,390500,255500,6.334544,1000000.0
E02006754,720762,391500,255500,6.141036,1000000.0
E02006754,720763,392500,255500,6.116865,1000000.0
E02006754,720764,393500,255500,6.035528,1000000.0
E02006754,720765,394500,255500,6.010004,601146.3940691225
E02006754,721449,388500,254500,6.851326,504878.6466920075
E02006754,721450,389500,254500,6.425604,1000000.0
E02006754,721451,390500,254500,6.335775,1000000.0
E02006754,721452,391500,254500,6.249456,1000000.0
E02006754,721453,392500,254500,6.093216,1000000.0
E02006754,721454,393500,254500,6.080099,1000000.0
E02006754,721455,394500,254500,6.022764,760980.196680122
E02006754,721456,395500,254500,6.048033,222159.20739081563
E02006754,722139,388500,253500,6.756017,170787.69370582438
E02006754,722140,389500,253500,6.463767,987498.6039210901
E02006754,722141,390500,253500,6.513911,1000000.0
E02006754,722142,391500,253500,6.193375,1000000.0
E02006754,722143,392500,253500,6.128005,1000000.0
E02006754,722144,393500,253500,6.09394,1000000.0
E02006754,722145,394500,253500,6.050874,1000000.0
E02006754,722146,395500,253500,6.014687,960862.5538915191
E02006754,722147,396500,253500,5.945188,370769.98673900677
E02006754,722830,389500,252500,6.156167,116227.05388735048
E02006754,722831,390500,252500,6.174709,217344.0254009476
E02006754,722832,391500,252500,6.159581,848125.2156997181
E02006754,722833,392500,252500,6.101816,1000000.0
E02006754,722834,393500,252500,6.044153,1000000.0
E02006754,722835,394500,252500,5.975883,908881.3746018364
E02006754,722836,395500,252500,6.012412,236795.66125369706
E02006754,723522,391500,251500,6.081405,339218.15665229736
E02006754,723523,392500,251500,6.067175,978309.2191742919
E02006754,723524,393500,251500,6.030716,1000000.0
E02006754,723525,394500,251500,5.995709,1000000.0
E02006754,723526,395500,251500,5.961027,851593.0811237157
E02006754,723527,396500,251500,5.985535,20541.11393846494
E02006754,724213,392500,250500,6.085635,166544.13073672264
E02006754,724214,393500,250500,6.004704,629779.8213437158
E02006754,724215,394500,250500,5.978241,1000000.0
E02006754,724216,395500,250500,6.064909,999562.0729996319
E02006754,724217,396500,250500,6.079376,234648.4622682969
E02006754,724904,393500,249500,6.028185,266225.87323034485
E02006754,724905,394500,249500,5.99598,53211.62486918044
E02006754,724906,395500,249500,6.088403,13461.779252453363
E02006755,716634,403500,261500,6.130531,156678.3779732479
E02006755,716635,404500,261500,6.19301,342305.14905938745
E02006755,717321,400500,260500,6.136311,34932.827822595114
E02006755,717322,401500,260500,6.051438,2446.115661351929
E02006755,717323,402500,260500,6.079904,154441.35713093416
E02006755,717324,403500,260500,6.108802,847473.0472977748
E02006755,717325,404500,260500,6.104891,972897.9538645883
E02006755,717326,405500,260500,6.210012,126091.22309971873
E02006755,718009,398500,259500,6.037158,32449.13095734809
E02006755,718010,399500,259500,5.99062,322637.8746381244
E02006755,718011,400500,259500,6.283689,850496.2363177377
E02006755,718012,401500,259500,6.161662,935471.0528580955
E02006755,718013,402500,259500,6.244503,964725.9062801326
E02006755,718014,403500,259500,6.214872,1000000.0
E02006755,718015,404500,259500,6.236429,1000000.0
E02006755,718016,405500,259500,6.220435,333758.96414064115
E02006755,718697,396500,258500,6.021926,127273.2120675581
E02006755,718698,397500,258500,6.046603,259080.60455045276
E02006755,718699,398500,258500,6.031551,825580.1066507933
E02006755,718700,399500,258500,6.034337,1000000.0
E02006755,718701,400500,258500,6.196468,1000000.0
E02006755,718702,401500,258500,6.211154,1000000.0
E02006755,718703,402500,258500,6.19395,1000000.0
E02006755,718704,403500,258500,6.191387,1000000.0
E02006755,718705,404500,258500,6.187314,1000000.0
E02006755,718706,405500,258500,6.160449,669795.3076764735
E02006755,719386,395500,257500,6.122818,337014.30383562704
E02006755,719387,396500,257500,6.062222,807381.8096512596
E02006755,719388,397500,257500,5.953933,991082.4084414479
E02006755,719389,398500,257500,6.012031,1000000.0
E02006755,719390,399500,257500,6.018589,1000000.0
E02006755,719391,400500,257500,6.196822,1000000.0
E02006755,719392,401500,257500,6.252861,1000000.0
E02006755,719393,402500,257500,6.216612,1000000.0
E02006755,719394,403500,257500,6.227204,1000000.0
E02006755,719395,404500,257500,6.212535,1000000.0
E02006755,719396,405500,257500,6.189513,642666.5182435401
E02006755,720075,394500,256500,6.084147,15077.088661673924
E02006755,720076,395500,256500,6.068356,720323.55542225
E02006755,720077,396500,256500,6.014919,1000000.0
E02006755,720078,397500,256500,5.931085,1000000.0
E02006755,720079,398500,256500,6.016607,1000000.0
E02006755,720080,399500,256500,6.053939,1000000.0
E02006755,720081,400500,256500,6.189639,1000000.0
E02006755,720082,401500,256500,6.206993,1000000.0
E02006755,720083,402500,256500,6.211944,1000000.0
E02006755,720084,403500,256500,6.21271,1000000.0
E02006755,720085,404500,256500,6.170738,737829.1706468405
E02006755,720086,405500,256500,6.136452,121493.45444861866
E02006755,720765,394500,255500,6.010004,398853.6059308775
E02006755,720766,395500,255500,6.109263,1000000.0
E02006755,720767,396500,255500,6.048231,1000000.0
E02006755,720768,397500,255500,5.968427,1000000.0
E02006755,720769,398500,255500,5.962941,1000000.0
E02006755,720770,399500,255500,5.984756,1000000.0
E02006755,720771,400500,255500,6.149287,1000000.0
E02006755,720772,401500,255500,6.205795,1000000.0
E02006755,720773,402500,255500,6.217819,1000000.0
E02006755,720774,403500,255500,6.206949,1000000.0
E02006755,720775,404500,255500,6.152926,469135.5343398985
E02006755,721455,394500,254500,6.022764,239019.80331987794
E02006755,721456,395500,254500,6.048033,777840.7926091844
E02006755,721457,396500,254500,5.977977,1000000.0
E02006755,721458,397500,254500,5.942114,1000000.0
E02006755,721459,398500,254500,5.911807,1000000.0
E02006755,721460,399500,254500,5.962009,1000000.0
E02006755,721461,400500,254500,6.039062,1000000.0
E02006755,721462,401500,254500,6.107817,1000000.0
E02006755,721463,402500,254500,6.0201,1000000.0
E02006755,721464,403500,254500,6.011,1000000.0
E02006755,721465,404500,254500,6.000508,396393.1719959883
E02006755,722146,395500,253500,6.014687,39137.446108480915
E02006755,722147,396500,253500,5.945188,629230.0132609933
E02006755,722148,397500,253500,5.981545,1000000.0
E02006755,722149,398500,253500,5.956485,1000000.0
E02006755,722150,399500,253500,5.976601,1000000.0
E02006755,722151,400500,253500,6.046007,1000000.0
E02006755,722152,401500,253500,6.003172,1000000.0
E02006755,722153,402500,253500,5.96977,1000000.0
E02006755,722154,403500,253500,6.034369,995259.0001312752
E02006755,722155,404500,253500,6.071872,143291.82083061602
E02006755,722835,394500,252500,5.975883,91118.6253981636
E02006755,722836,395500,252500,6.012412,763204.3387463031
E02006755,722837,396500,252500,5.962234,1000000.0
E02006755,722838,397500,252500,6.041421,771530.4719051832
E02006755,722839,398500,252500,6.036728,560003.7802189806
E02006755,722840,399500,252500,5.999017,963689.4100333039
E02006755,722841,400500,252500,6.054455,996745.6351749852
E02006755,722842,401500,252500,5.941126,1000000.0
E02006755,722843,402500,252500,5.960834,848928.9994483797
E02006755,722844,403500,252500,5.963706,477278.61235071893
E02006755,722845,404500,252500,6.016887,235195.75468976493
E02006755,723526,395500,251500,5.961027,148406.91887628433
E02006755,723527,396500,251500,5.985535,671970.7631433087
E02006755,723528,397500,251500,6.050822,1854.4683254232887
E02006755,723530,399500,251500,6.000341,104474.63839904193
E02006755,723531,400500,251500,6.001361,780334.9770217307
E02006755,723532,401500,251500,5.960952,1000000.0
E02006755,723533,402500,251500,5.996788,1000000.0
E02006755,723534,403500,251500,5.996438,1000000.0
E02006755,723535,404500,251500,6.02885,349561.06878767925
E02006755,724221,400500,250500,5.975889,117105.36932611903
E02006755,724222,401500,250500,6.008395,899525.7650480682
E02006755,724223,402500,250500,6.013409,1000000.0
E02006755,724224,403500,250500,6.082153,685338.3401665607
E02006755,724225,404500,250500,6.083692,2911.9273259518827
E02006755,724911,400500,249500,6.046579,138057.3946727475
E02006755,724912,401500,249500,6.068121,971642.8381399626
E02006755,724913,402500,249500,6.07716,1000000.0
E02006755,724914,403500,249500,6.075742,381203.6431128265
E02006755,725601,400500,248500,6.017668,210698.63450774498
E02006755,725602,401500,248500,6.0986,957740.3657723718
E02006755,725603,402500,248500,6.061152,809435.8233335786
E02006755,725604,403500,248500,6.079101,49883.4933296409
E02006755,726292,401500,247500,6.058882,239807.9431495226
E02006755,726293,402500,247500,6.014874,50503.2032723931
E02006767,701431,380500,283500,5.758096,11233.168451914811
E02006767,702121,380500,282500,5.708019,469859.84098142944
E02006767,702122,381500,282500,5.807005,538942.7266836814
E02006767,702123,382500,282500,5.852113,280192.5110654594
E02006767,702124,383500,282500,5.948364,151452.59675364458
E02006767,702125,384500,282500,6.143887,3774.6179843930267
E02006767,702810,379500,281500,5.576226,19469.913645876823
E02006767,702811,380500,281500,5.718389,815045.3959612015
E02006767,702812,381500,281500,5.857296,1000000.0
E02006767,702813,382500,281500,5.876724,1000000.0
E02006767,702814,383500,281500,6.036778,1000000.0
E02006767,702815,384500,281500,6.071181,961253.5787674022
E02006767,702816,385500,281500,6.246315,646315.4132234876
E02006767,702817,386500,281500,6.154243,105046.13508040595
E02006767,703500,379500,280500,5.627645,49703.56777603958
E02006767,703501,380500,280500,5.783842,930698.4322713126
E02006767,703502,381500,280500,5.866032,1000000.0
E02006767,703503,382500,280500,5.975304,1000000.0
E02006767,703504,383500,280500,6.105289,1000000.0
E02006767,703505,384500,280500,6.263263,1000000.0
E02006767,703506,385500,280500,6.244836,1000000.0
E02006767,703507,386500,280500,6.216728,915063.1509398809
E02006767,703508,387500,280500,6.292232,815017.0792051065
E02006767,703509,388500,280500,6.219621,656337.6557704837
E02006767,704191,380500,279500,5.902388,174725.95062630696
E02006767,704192,381500,279500,5.983974,949683.8742637989
E02006767,704193,382500,279500,6.15692,1000000.0
E02006767,704194,383500,279500,6.255102,1000000.0
E02006767,704195,384500,279500,6.344934,1000000.0
E02006767,704196,385500,279500,6.346547,1000000.0
E02006767,704197,386500,279500,6.3354,1000000.0
E02006767,704198,387500,279500,6.309434,1000000.0
E02006767,704199,388500,279500,6.28436,992316.4497788966
E02006767,704200,389500,279500,6.417097,274139.2199883573
E02006767,704201,390500,279500,6.506278,172475.52198230184
E02006767,704202,391500,279500,6.537741,6237.495112253444
E02006767,704882,381500,278500,6.124495,432924.3321213644
E02006767,704883,382500,278500,6.327429,613285.3745639089
E02006767,704884,383500,278500,6.373668,703040.0074157907
E02006767,704885,384500,278500,6.557044,606091.2268715616
E02006767,704886,385500,278500,6.446141,940881.4401815349
E02006767,704887,386500,278500,6.314571,1000000.0
E02006767,704888,387500,278500,6.29695,1000000.0
E02006767,704889,388500,278500,6.343692,1000000.0
E02006767,704890,389500,278500,6.373261,1000000.0
E02006767,704891,390500,278500,6.400581,1000000.0
E02006767,704892,391500,278500,6.372939,350773.77762662864
E02006767,705576,385500,277500,6.465477,810512.8755663524
E02006767,705577,386500,277500,6.3563,1000000.0
E02006767,705578,387500,277500,6.293924,1000000.0
E02006767,705579,388500,277500,6.263754,1000000.0
E02006767,705580,389500,277500,6.330718,1000000.0
E02006767,705581,390500,277500,6.32145,862374.3553562426
E02006767,705582,391500,277500,6.308954,32896.86282219227
E02006767,706266,385500,276500,6.470394,548267.8815986593
E02006767,706267,386500,276500,6.313491,1000000.0
E02006767,706268,387500,276500,6.247299,1000000.0
E02006767,706269,388500,276500,6.29962,1000000.0
E02006767,706270,389500,276500,6.293497,1000000.0
E02006767,706271,390500,276500,6.29795,1000000.0
E02006767,706272,391500,276500,6.294845,188549.85632681134
E02006767,706955,384500,275500,6.467956,37905.57823902308
E02006767,706956,385500,275500,6.400667,788184.4077029082
E02006767,706957,386500,275500,6.26963,1000000.0
E02006767,706958,387500,275500,6.325469,1000000.0
E02006767,706959,388500,275500,6.295644,1000000.0
E02006767,706960,389500,275500,6.27769,1000000.0
E02006767,706961,390500,275500,6.320282,1000000.0
E02006767,706962,391500,275500,6.26998,519810.2610071561
E02006767,707645,384500,274500,6.397248,295588.2641616386
E02006767,707646,385500,274500,6.256138,1000000.0
E02006767,707647,386500,274500,6.350035,1000000.0
E02006767,707648,387500,274500,6.326757,1000000.0
E02006767,707649,388500,274500,6.27042,1000000.0
E02006767,707650,389500,274500,6.272934,1000000.0
E02006767,707651,390500,274500,6.219272,1000000.0
E02006767,707652,391500,274500,6.146029,777829.7520415662
E02006767,708335,384500,273500,6.320033,266362.9803344564
E02006767,708336,385500,273500,6.393749,761867.260605179
E02006767,708337,386500,273500,6.298368,1000000.0
E02006767,708338,387500,273500,6.318669,1000000.0
E02006767,708339,388500,273500,6.180208,1000000.0
E02006767,708340,389500,273500,6.190715,1000000.0
E02006767,708341,390500,273500,6.111781,1000000.0
E02006767,708342,391500,273500,6.074368,594616.5277885157
E02006767,709026,385500,272500,6.448543,41445.023890327735
E02006767,709027,386500,272500,6.449514,921340.8036467452
E02006767,709028,387500,272500,6.306578,1000000.0
E02006767,709029,388500,272500,6.191431,1000000.0
E02006767,709030,389500,272500,6.161831,998308.7395787938
E02006767,709031,390500,272500,6.188738,719601.4750345438
E02006767,709032,391500,272500,6.117167,6603.650728518811
E02006767,709717,386500,271500,6.663018,315880.2318484489
E02006767,709718,387500,271500,6.347821,999245.8811804595
E02006767,709719,388500,271500,6.220167,1000000.0
E02006767,709720,389500,271500,6.13276,776254.4353536535
E02006767,709721,390500,271500,6.096294,8409.250368561525
E02006767,710407,386500,270500,6.602283,16447.28876777285
E02006767,710408,387500,270500,6.25502,716067.2357073915
E02006767,710409,388500,270500,6.155938,838982.2021086076
E02006767,710410,389500,270500,6.087706,406581.85380440584
E02006767,711099,388500,269500,6.100632,554424.8363224219
E02006767,711100,389500,269500,6.045126,42.925290810447635
E02006767,711789,388500,268500,6.015201,97013.31635014071
E02006768,704882,381500,278500,6.124495,192882.35058670878
E02006768,704883,382500,278500,6.327429,386714.6254360911
E02006768,704884,383500,278500,6.373668,20234.39634771405
E02006768,705572,381500,277500,6.333967,422969.2200548921
E02006768,705573,382500,277500,6.546203,741026.6634611964
E02006768,705574,383500,277500,6.802612,10811.302038525482
E02006768,706263,382500,276500,6.84367,67793.41748206122
E02006769,704884,383500,278500,6.373668,23273.79138525016
E02006769,704885,384500,278500,6.557044,385957.3841469318
E02006769,704886,385500,278500,6.446141,59118.55981846513
E02006769,705574,383500,277500,6.802612,124961.29111705857
E02006769,705575,384500,277500,6.723145,981985.9260615386
E02006769,705576,385500,277500,6.465477,161973.97404360562
E02006769,706264,383500,276500,6.882885,104346.23713062824
E02006769,706265,384500,276500,6.755061,70921.6574038395
E02006770,704884,383500,278500,6.373668,253451.80485124502
E02006770,704885,384500,278500,6.557044,7951.388981506549
E02006770,705573,382500,277500,6.546203,132206.6122544268
E02006770,705574,383500,277500,6.802612,864227.4068444158
E02006770,705575,384500,277500,6.723145,3338.4034585653367
E02006770,706263,382500,276500,6.84367,21017.478643042676
E02006770,706264,383500,276500,6.882885,723302.6397644787
E02006770,706265,384500,276500,6.755061,2693.1744869625136
E02006770,706953,382500,275500,6.71256,26832.671055997205
E02006770,706954,383500,275500,6.651599,310678.02534449677
E02006771,700741,380500,284500,5.758427,23661.949165894053
E02006771,701430,379500,283500,5.561943,290294.8762978839
E02006771,701431,380500,283500,5.758096,304651.913058153
E02006771,702116,375500,282500,5.452531,286190.6112675599
E02006771,702117,376500,282500,5.475015,330460.52455502085
E02006771,702118,377500,282500,5.504708,124336.92589432737
E02006771,702119,378500,282500,5.522861,150049.37801414382
E02006771,702120,379500,282500,5.565431,940518.2487129478
E02006771,702121,380500,282500,5.708019,494000.38609947514
E02006771,702806,375500,281500,5.462056,628989.8645157816
E02006771,702807,376500,281500,5.505443,1000000.0
E02006771,702808,377500,281500,5.518174,999341.2004687554
E02006771,702809,378500,281500,5.537422,1000000.0
E02006771,702810,379500,281500,5.576226,980530.0863541232
E02006771,702811,380500,281500,5.718389,184954.6040387986
E02006771,703496,375500,280500,5.510286,731882.010123976
E02006771,703497,376500,280500,5.530282,1000000.0
E02006771,703498,377500,280500,5.567022,1000000.0
E02006771,703499,378500,280500,5.520967,1000000.0
E02006771,703500,379500,280500,5.627645,950296.4322239604
E02006771,703501,380500,280500,5.783842,69301.56772868744
E02006771,704186,375500,279500,5.591287,853270.4310066095
E02006771,704187,376500,279500,5.589965,1000000.0
E02006771,704188,377500,279500,5.574587,1000000.0
E02006771,704189,378500,279500,5.650535,1000000.0
E02006771,704190,379500,279500,5.679508,1000000.0
E02006771,704191,380500,279500,5.902388,825274.0493736931
E02006771,704192,381500,279500,5.983974,50316.12573620103
E02006771,704875,374500,278500,5.4537,44295.39440484529
E02006771,704876,375500,278500,5.532458,920741.5939000216
E02006771,704877,376500,278500,5.535468,1000000.0
E02006771,704878,377500,278500,5.604485,1000000.0
E02006771,704879,378500,278500,5.698839,1000000.0
E02006771,704880,379500,278500,5.703489,1000000.0
E02006771,704881,380500,278500,5.942976,1000000.0
E02006771,704882,381500,278500,6.124495,374193.31729192677
E02006771,705566,375500,277500,5.547867,87443.46776643192
E02006771,705567,376500,277500,5.57404,593874.1498836163
E02006771,705568,377500,277500,5.647204,990926.3453220916
E02006771,705569,378500,277500,5.725688,1000000.0
E02006771,705570,379500,277500,5.762401,1000000.0
E02006771,705571,380500,277500,6.017438,975393.3468197878
E02006771,705572,381500,277500,6.333967,156651.81954619824
E02006771,706258,377500,276500,5.690669,533888.0074026093
E02006771,706259,378500,276500,5.756463,1000000.0
E02006771,706260,379500,276500,5.941129,1000000.0
E02006771,706261,380500,276500,6.102873,908850.0946844657
E02006771,706262,381500,276500,6.438893,6651.274471571632
E02006771,706948,377500,275500,5.821277,51478.98679102199
E02006771,706949,378500,275500,5.982086,674558.8322663165
E02006771,706950,379500,275500,6.057864,992959.2754657047
E02006771,706951,380500,275500,6.119639,919332.2688815551
E02006771,706952,381500,275500,6.383227,6677.594837000907
E02006771,707640,379500,274500,6.002466,725735.7837614787
E02006771,707641,380500,274500,6.120321,954333.4081509548
E02006771,707642,381500,274500,6.370367,71680.65111237
E02006771,708329,378500,273500,5.741871,198611.28032555024
E02006771,708330,379500,273500,5.916811,596048.2388056768
E02006771,708331,380500,273500,6.166444,171041.20874223395
E02006771,708332,381500,273500,6.302503,17490.90081217083
E02006771,709019,378500,272500,5.689523,38124.5699189867
E02006771,709020,379500,272500,5.846539,14863.882438632516
E02006772,705571,380500,277500,6.017438,24606.653180212168
E02006772,705572,381500,277500,6.333967,420378.9603989096
E02006772,705573,382500,277500,6.546203,126766.72428437677
E02006772,706261,380500,276500,6.102873,91149.90531553434
E02006772,706262,381500,276500,6.438893,843045.2752238145
E02006772,706263,382500,276500,6.84367,376106.7684581744
E02006772,706264,383500,276500,6.882885,9004.382868769871
E02006772,706952,381500,275500,6.383227,638.0952902668676
E02006773,705575,384500,277500,6.723145,14675.67047989606
E02006773,705576,385500,277500,6.465477,27513.150390041956
E02006773,706264,383500,276500,6.882885,162826.6150172833
E02006773,706265,384500,276500,6.755061,926385.1681091981
E02006773,706266,385500,276500,6.470394,451732.11840134073
E02006773,706954,383500,275500,6.651599,366981.9284422883
E02006773,706955,384500,275500,6.467956,769413.508909421
E02006773,706956,385500,275500,6.400667,211559.119386353
E02006773,707644,383500,274500,6.479246,14760.582122188296
E02006773,707645,384500,274500,6.397248,29.510047927890504
E02006774,706262,381500,276500,6.438893,150303.4503046138
E02006774,706263,382500,276500,6.84367,535082.3354167218
E02006774,706264,383500,276500,6.882885,520.1252188398538
E02006774,706951,380500,275500,6.119639,49605.64132949207
E02006774,706952,381500,275500,6.383227,750026.8579232015
E02006774,706953,382500,275500,6.71256,515878.8817825881
E02006775,706951,380500,275500,6.119639,31062.089788952944
E02006775,706952,381500,275500,6.383227,242657.45194953078
E02006775,706953,382500,275500,6.71256,292274.4992294044
E02006775,707641,380500,274500,6.120321,45666.59184904521
E02006775,707642,381500,274500,6.370367,928319.34888763
E02006775,707643,382500,274500,6.538355,791248.5479282587
E02006775,708332,381500,273500,6.302503,289939.1500412139
E02006775,708333,382500,273500,6.332116,374843.0266440155
E02006776,706953,382500,275500,6.71256,165013.94793201025
E02006776,706954,383500,275500,6.651599,322340.04621321487
E02006776,706955,384500,275500,6.467956,192680.9128515559
E02006776,706956,385500,275500,6.400667,256.4729107388981
E02006776,707643,382500,274500,6.538355,208751.4520717413
E02006776,707644,383500,274500,6.479246,985239.4178778117
E02006776,707645,384500,274500,6.397248,704382.2257904336
E02006776,708333,382500,273500,6.332116,86970.03497107486
E02006776,708334,383500,273500,6.23304,312631.953808109
E02006776,708335,384500,273500,6.320033,85254.22123901262
E02006777,706252,371500,276500,5.387109,8494.157610146813
E02006777,706253,372500,276500,5.401362,312292.85509760963
E02006777,706254,373500,276500,5.421264,246242.7362393204
E02006777,706255,374500,276500,5.436223,366394.0072655722
E02006777,706256,375500,276500,5.519893,702911.0507078557
E02006777,706257,376500,276500,5.571827,525729.8005939834
E02006777,706258,377500,276500,5.690669,286039.73651795794
E02006777,706942,371500,275500,5.443618,67970.56352533329
E02006777,706943,372500,275500,5.471414,945474.2069512693
E02006777,706944,373500,275500,5.462802,1000000.0
E02006777,706945,374500,275500,5.442966,1000000.0
E02006777,706946,375500,275500,5.524518,1000000.0
E02006777,706947,376500,275500,5.576766,1000000.0
E02006777,706948,377500,275500,5.821277,948521.013208978
E02006777,706949,378500,275500,5.982086,325441.1677336835
E02006777,706950,379500,275500,6.057864,7040.724534295233
E02006777,707632,371500,274500,5.293232,111747.72220036015
E02006777,707633,372500,274500,5.337357,950143.5384017332
E02006777,707634,373500,274500,5.365047,1000000.0
E02006777,707635,374500,274500,5.362518,1000000.0
E02006777,707636,375500,274500,5.573075,1000000.0
E02006777,707637,376500,274500,5.638356,1000000.0
E02006777,707638,377500,274500,5.802465,1000000.0
E02006777,707639,378500,274500,5.873327,1000000.0
E02006777,707640,379500,274500,6.002466,274264.21623852133
E02006777,708322,371500,273500,5.325984,52882.287072440886
E02006777,708323,372500,273500,5.394921,984536.1611954435
E02006777,708324,373500,273500,5.422901,1000000.0
E02006777,708325,374500,273500,5.422532,1000000.0
E02006777,708326,375500,273500,5.577921,1000000.0
E02006777,708327,376500,273500,5.622002,1000000.0
E02006777,708328,377500,273500,5.699129,1000000.0
E02006777,708329,378500,273500,5.741871,801388.7196744498
E02006777,708330,379500,273500,5.916811,847.36615917488
E02006777,709012,371500,272500,5.354125,502772.3565849893
E02006777,709013,372500,272500,5.399837,1000000.0
E02006777,709014,373500,272500,5.394438,1000000.0
E02006777,709015,374500,272500,5.410217,1000000.0
E02006777,709016,375500,272500,5.625126,1000000.0
E02006777,709017,376500,272500,5.650016,1000000.0
E02006777,709018,377500,272500,5.731307,1000000.0
E02006777,709019,378500,272500,5.689523,943952.7729976374
E02006777,709020,379500,272500,5.846539,161352.06347954035
E02006777,709702,371500,271500,5.355978,650571.1038520326
E02006777,709703,372500,271500,5.353492,1000000.0
E02006777,709704,373500,271500,5.379529,1000000.0
E02006777,709705,374500,271500,5.462051,1000000.0
E02006777,709706,375500,271500,5.644778,1000000.0
E02006777,709707,376500,271500,5.704324,1000000.0
E02006777,709708,377500,271500,5.74704,1000000.0
E02006777,709709,378500,271500,5.693156,811457.1864117128
E02006777,709710,379500,271500,5.871448,535463.8834658872
E02006777,710391,370500,270500,5.320198,152989.24296488313
E02006777,710392,371500,270500,5.343423,867423.0597909257
E02006777,710393,372500,270500,5.422313,1000000.0
E02006777,710394,373500,270500,5.410268,1000000.0
E02006777,710395,374500,270500,5.49468,1000000.0
E02006777,710396,375500,270500,5.60715,1000000.0
E02006777,710397,376500,270500,5.558548,1000000.0
E02006777,710398,377500,270500,5.67509,999684.3199081308
E02006777,710399,378500,270500,5.738622,117967.18413705133
E02006777,711081,370500,269500,5.333384,301559.4363937132
E02006777,711082,371500,269500,5.325541,472979.0335889494
E02006777,711083,372500,269500,5.367483,268153.4866616123
E02006777,711084,373500,269500,5.384331,568637.8422829064
E02006777,711085,374500,269500,5.437964,435729.10755438654
E02006777,711086,375500,269500,5.468459,1000000.0
E02006777,711087,376500,269500,5.542546,852399.714404551
E02006777,711088,377500,269500,5.518962,822472.019696344
E02006777,711089,378500,269500,5.693684,4558.74166380162
E02006777,711775,374500,268500,5.536912,30941.63524363893
E02006777,711776,375500,268500,5.529442,226026.13356150856
E02006777,711777,376500,268500,5.516446,1058.6949295255067
E02006778,708330,379500,273500,5.916811,403104.39503514837
E02006778,708331,380500,273500,6.166444,828958.791257766
E02006778,708332,381500,273500,6.302503,683077.887327855
E02006778,708333,382500,273500,6.332116,6041.689630220422
E02006778,709019,378500,272500,5.689523,17922.657083375972
E02006778,709020,379500,272500,5.846539,819396.7200686929
E02006778,709021,380500,272500,7.195043,958619.0822365928
E02006778,709022,381500,272500,6.461152,769334.0686851619
E02006778,709710,379500,271500,5.871448,175242.99053146012
E02006778,709711,380500,271500,6.201701,124937.197170396
E02006778,709712,381500,271500,6.498179,63182.376656130546
E02006779,708332,381500,273500,6.302503,9492.061818760198
E02006779,708333,382500,273500,6.332116,532145.248754689
E02006779,708334,383500,273500,6.23304,211124.6797291793
E02006779,709020,379500,272500,5.846539,4387.33401313422
E02006779,709021,380500,272500,7.195043,41380.91776340717
E02006779,709022,381500,272500,6.461152,230665.9313148381
E02006779,709023,382500,272500,6.276888,996720.9511701217
E02006779,709024,383500,272500,6.225629,177824.89923020962
E02006779,709710,379500,271500,5.871448,68552.25625669814
E02006779,709711,380500,271500,6.201701,697287.9651792642
E02006779,709712,381500,271500,6.498179,936817.6233438695
E02006779,709713,382500,271500,6.262043,574687.7723741711
E02006779,709714,383500,271500,6.229036,4865.737219126599
E02006779,710401,380500,270500,6.236071,4255.453144503131
E02006779,710402,381500,270500,6.25665,545788.571979828
E02006779,710403,382500,270500,6.161032,78244.65180851177
E02006779,711092,381500,269500,6.066534,135897.7174520039
E02006779,711093,382500,269500,6.117254,86398.1200073748
E02006780,709710,379500,271500,5.871448,134436.25211659272
E02006780,709711,380500,271500,6.201701,177774.83765033985
E02006780,710400,379500,270500,5.890833,687705.9586451297
E02006780,710401,380500,270500,6.236071,995744.5468554969
E02006780,710402,381500,270500,6.25665,281665.3805710497
E02006780,711090,379500,269500,5.816421,242768.5799156255
E02006780,711091,380500,269500,6.135369,306274.36510840565
E02006780,711092,381500,269500,6.066534,11588.576924521589
E02006805,701483,432500,283500,7.117768,26596.572616945105
E02006805,701484,433500,283500,7.364661,545691.288892531
E02006805,701485,434500,283500,7.609112,124457.13303064201
E02006805,702173,432500,282500,7.27248,97433.45984155414
E02006805,702174,433500,282500,7.503936,450290.8398918183
E02006805,702175,434500,282500,7.835268,71040.44343511398
E02006806,699415,434500,286500,7.382918,71838.15792759034
E02006806,699416,435500,286500,7.549807,243762.97915399386
E02006806,700102,431500,285500,7.221939,340412.8939155085
E02006806,700103,432500,285500,7.330902,736368.9520975372
E02006806,700104,433500,285500,7.53302,509115.8292815321
E02006806,700105,434500,285500,7.746237,468441.5021064068
E02006806,700106,435500,285500,9.004817,293013.02686519554
E02006806,700792,431500,284500,6.936569,139678.26313212543
E02006806,700793,432500,284500,7.161945,685915.3663100757
E02006806,700794,433500,284500,7.199756,1000000.0
E02006806,700795,434500,284500,7.756959,747132.4680541853
E02006806,700796,435500,284500,8.018657,85661.27267298679
E02006806,701483,432500,283500,7.117768,3111.3613507627797
E02006806,701484,433500,283500,7.364661,200149.63794048998
E02006806,701485,434500,283500,7.609112,69768.42930484786
E02006807,703530,409500,280500,7.388385,1573.337808113206
E02006807,703531,410500,280500,7.419329,441903.6146105009
E02006807,703532,411500,280500,7.410848,276879.18403932237
E02006807,704220,409500,279500,7.435488,831.1479949226003
E02006807,704221,410500,279500,7.422657,641432.7569002484
E02006807,704222,411500,279500,7.428757,80710.11480727575
E02006808,703532,411500,280500,7.410848,19749.206648880558
E02006808,704221,410500,279500,7.422657,140743.2295289215
E02006808,704222,411500,279500,7.428757,720806.0277719141
E02006808,704911,410500,278500,7.249035,46825.30421464908
E02006808,704912,411500,278500,7.254099,460802.16601542063
E02006808,704913,412500,278500,7.329772,16220.945208542069
E02006809,695243,402500,292500,8.146437,155788.56807942234
E02006809,695244,403500,292500,7.842943,625216.2178323016
E02006809,695245,404500,292500,8.011644,725271.8537037736
E02006809,695246,405500,292500,8.148472,100902.97171196844
E02006809,695933,402500,291500,8.182482,97451.91226741852
E02006809,695934,403500,291500,7.899372,606927.9103213506
E02006809,695935,404500,291500,8.059135,847220.0142764394
E02006809,695936,405500,291500,8.047734,567259.6311493082
E02006810,693862,401500,294500,8.257259,555747.1278846127
E02006810,693863,402500,294500,8.431034,813211.2984890597
E02006810,693864,403500,294500,8.395402,242679.3698345154
E02006810,694551,400500,293500,8.1839,12556.087204413314
E02006810,694552,401500,293500,8.179895,940870.5709071469
E02006810,694553,402500,293500,8.308478,808882.669618926
E02006810,694554,403500,293500,8.152674,39730.59364060083
E02006810,695241,400500,292500,8.29926,77519.1128753175
E02006810,695242,401500,292500,8.078526,52877.0596999745
E02006810,695243,402500,292500,8.146437,473026.33195607085
E02006894,691092,391500,298500,7.85017,205682.04357678044
E02006894,691093,392500,298500,7.821322,202388.82701808098
E02006894,691781,390500,297500,7.440263,181614.1543730095
E02006894,691782,391500,297500,7.653575,994789.2612919871
E02006894,691783,392500,297500,7.750969,630379.8974319458
E02006894,692471,390500,296500,7.272457,195102.22953813578
E02006894,692472,391500,296500,7.484047,329944.6725628469
E02006894,692473,392500,296500,7.626258,301555.71393014607
E02006894,693163,392500,295500,7.63933,1837.8403533428116
E02006895,699387,406500,286500,8.56278,188375.20943153574
E02006895,699388,407500,286500,8.348885,14911.754606543185
E02006895,700077,406500,285500,8.202128,534563.9181124829
E02006895,700078,407500,285500,8.167388,121114.76546955346
E02006895,700767,406500,284500,7.884017,4875.564880568892
E02006896,699387,406500,286500,8.56278,241148.7719396776
E02006896,699388,407500,286500,8.348885,480896.36816509906
E02006896,699389,408500,286500,8.353239,61591.06129631574
E02006896,700077,406500,285500,8.202128,22417.802928915735
E02006896,700078,407500,285500,8.167388,362223.18043017446
E02006896,700079,408500,285500,8.142221,85741.8267592492
E02006897,698696,405500,287500,8.205251,1196.0497452614366
E02006897,699385,404500,286500,7.852323,77159.52988325694
E02006897,699386,405500,286500,8.234587,629705.2266994438
E02006897,699387,406500,286500,8.56278,118035.16242746696
E02006897,700076,405500,285500,8.005268,1499.6693084073283
E02006897,700077,406500,285500,8.202128,8783.02741127377
E02006898,698696,405500,287500,8.205251,487438.56762290385
E02006898,698697,406500,287500,8.576388,153854.69791266025
E02006898,699386,405500,286500,8.234587,288716.7863985556
E02006898,699387,406500,286500,8.56278,107464.0907907875
E02006899,698696,405500,287500,8.205251,3401.117367353953
E02006899,698697,406500,287500,8.576388,550375.9132805612
E02006899,698698,407500,287500,8.713346,87562.1517674506
E02006899,699387,406500,286500,8.56278,344976.76541053224
E02006899,699388,407500,286500,8.348885,136885.24218920254
E02006900,699388,407500,286500,8.348885,104320.92336565307
E02006900,699389,408500,286500,8.353239,604922.6783151967
E02006900,699390,409500,286500,8.094183,438553.5009714629
E02006900,699391,410500,286500,8.137181,475049.82213967066
E02006900,700080,409500,285500,8.156143,76567.51423333421
E02006900,700081,410500,285500,8.142347,297870.2974702743
E02006900,700082,411500,285500,8.075492,10713.66748922766
E02006900,700771,410500,284500,8.556974,2134.4686135673182
E02006919,675951,430500,320500,7.145715,67633.53545868397
E02006919,676638,427500,319500,6.578803,7478.7438522469865
E02006919,676639,428500,319500,6.77599,46344.93867528369
E02006919,676640,429500,319500,7.038355,20200.089954231902
E02006919,676641,430500,319500,8.381077,645025.8561292364
E02006919,676642,431500,319500,7.218369,153987.46951217874
E02006919,677328,427500,318500,6.64929,140540.7252419071
E02006919,677329,428500,318500,6.840803,816871.2630251393
E02006919,677330,429500,318500,6.915566,896298.9633057561
E02006919,677331,430500,318500,6.84149,453699.31571187824
E02006919,677332,431500,318500,7.045173,1.1781971345739706
E02006919,678019,428500,317500,6.710994,204172.79021168576
E02006919,678020,429500,317500,6.641674,695264.2075581481
E02006919,678021,430500,317500,6.743908,13948.38386428863
E02006920,675263,432500,321500,6.78659,31419.18846399161
E02006920,675951,430500,320500,7.145715,20127.13852043529
E02006920,675952,431500,320500,7.117085,149508.3183158861
E02006920,675953,432500,320500,6.885647,876653.4838613005
E02006920,675954,433500,320500,6.741907,535380.0097417134
E02006920,675955,434500,320500,6.590764,1238.1864717679523
E02006920,676641,430500,319500,8.381077,31287.092336488167
E02006920,676642,431500,319500,7.218369,817788.2615882605
E02006920,676643,432500,319500,7.037515,1000000.0
E02006920,676644,433500,319500,6.890117,876401.1411066336
E02006920,676645,434500,319500,6.63718,112625.39876758364
E02006920,677331,430500,318500,6.84149,139428.9919241551
E02006920,677332,431500,318500,7.045173,714820.1070474101
E02006920,677333,432500,318500,8.416528,175190.62779226774
E02006920,677334,433500,318500,6.951144,9602.107998737027
E02006943,697313,402500,289500,8.09726,78542.0305700282
E02006943,697314,403500,289500,8.270652,236122.80458979582
E02006943,697315,404500,289500,8.184775,5102.603396062484
E02006943,698002,401500,288500,8.006527,5964.594926530513
E02006943,698003,402500,288500,8.065523,782304.8506953686
E02006943,698004,403500,288500,8.116847,899768.4469299602
E02006943,698005,404500,288500,8.07125,31079.576496374666
E02006943,698693,402500,287500,7.937921,95294.18262305632
E02006943,698694,403500,287500,8.006171,70072.64420012309
E02006944,698004,403500,288500,8.116847,14439.751063581525
E02006944,698693,402500,287500,7.937921,303509.5838235561
E02006944,698694,403500,287500,8.006171,377185.3824745603
E02006982,687634,383500,303500,6.065743,8477.877697809194
E02006982,688323,382500,302500,6.06298,63.48211083405915
E02006982,688324,383500,302500,6.070605,754591.8368088234
E02006982,688325,384500,302500,6.103695,564481.4409261886
E02006982,688326,385500,302500,6.233542,261029.33596181878
E02006982,689009,378500,301500,5.873761,717741.8077314219
E02006982,689010,379500,301500,5.898117,128192.59154127854
E02006982,689011,380500,301500,6.019322,76144.97210800007
E02006982,689012,381500,301500,6.021397,161202.04823826882
E02006982,689013,382500,301500,6.070355,482975.22273921827
E02006982,689014,383500,301500,6.038947,1000000.0
E02006982,689015,384500,301500,6.099052,1000000.0
E02006982,689016,385500,301500,6.274599,984621.7771190286
E02006982,689017,386500,301500,6.308545,364210.76710342173
E02006982,689699,378500,300500,5.875472,869084.1953572832
E02006982,689700,379500,300500,5.891141,1000000.0
E02006982,689701,380500,300500,5.974407,992093.8440198713
E02006982,689702,381500,300500,6.028969,983954.5588605747
E02006982,689703,382500,300500,6.007424,1000000.0
E02006982,689704,383500,300500,6.128736,1000000.0
E02006982,689705,384500,300500,6.173351,1000000.0
E02006982,689706,385500,300500,6.27526,1000000.0
E02006982,689707,386500,300500,6.357363,961499.4164923565
E02006982,689708,387500,300500,6.541755,128828.2944747233
E02006982,690389,378500,299500,5.89775,361949.1611142166
E02006982,690390,379500,299500,5.91247,670883.3709377785
E02006982,690391,380500,299500,6.067575,1000000.0
E02006982,690392,381500,299500,6.061576,1000000.0
E02006982,690393,382500,299500,6.151345,1000000.0
E02006982,690394,383500,299500,6.10984,1000000.0
E02006982,690395,384500,299500,6.195296,1000000.0
E02006982,690396,385500,299500,6.360927,1000000.0
E02006982,690397,386500,299500,6.500604,995350.3466337568
E02006982,690398,387500,299500,6.627413,314003.11974342895
E02006982,691080,379500,298500,5.921579,62.082238451546836
E02006982,691081,380500,298500,6.066557,328095.28502397204
E02006982,691082,381500,298500,6.122318,838243.5865450123
E02006982,691083,382500,298500,6.176625,1000000.0
E02006982,691084,383500,298500,6.130873,1000000.0
E02006982,691085,384500,298500,6.220288,1000000.0
E02006982,691086,385500,298500,6.296294,1000000.0
E02006982,691087,386500,298500,6.471598,360907.5133647489
E02006982,691088,387500,298500,6.651085,1110.8970851961344
E02006982,691772,381500,297500,6.094249,169370.83849921063
E02006982,691773,382500,297500,6.115488,959454.852479123
E02006982,691774,383500,297500,6.142513,1000000.0
E02006982,691775,384500,297500,6.237359,1000000.0
E02006982,691776,385500,297500,6.335969,576056.7084640751
E02006982,691777,386500,297500,6.51201,75363.78390154729
E02006982,692463,382500,296500,6.123605,507298.30891212804
E02006982,692464,383500,296500,6.197078,594876.263487555
E02006982,692465,384500,296500,6.212107,325325.75894343224
E02006982,692466,385500,296500,6.407334,10642.868471806518
E02007038,695252,411500,292500,8.085439,144009.90499597535
E02007038,695253,412500,292500,7.990213,29003.796249443785
E02007038,695942,411500,291500,8.156365,636048.8169526827
E02007038,695943,412500,291500,8.255135,458535.0821558619
E02007038,695944,413500,291500,8.34682,111972.60530783604
E02007038,696632,411500,290500,8.482875,686174.1585451404
E02007038,696633,412500,290500,9.731886,953209.4098607232
E02007038,696634,413500,290500,8.553631,338037.3553340968
E02007038,696635,414500,290500,8.240719,13829.312194354643
E02007038,697322,411500,289500,8.515959,104062.99176892545
E02007038,697323,412500,289500,8.391788,270403.0326123669
E02007038,697324,413500,289500,8.104775,546603.2740127973
E02007038,697325,414500,289500,7.925184,10007.753232548419
E02007039,700080,409500,285500,8.156143,23829.621649862693
E02007039,700770,409500,284500,9.112759,426598.6640162811
E02007039,700771,410500,284500,8.556974,473107.5887851198
E02007039,700772,411500,284500,8.082638,3040.9291994427685
E02007039,701459,408500,283500,7.780573,54286.17413874782
E02007039,701460,409500,283500,7.883026,464790.8938386313
E02007039,701461,410500,283500,7.905747,87194.83106787586
E02007039,701462,411500,283500,7.839489,7249.59835517237
E02007039,702150,409500,282500,7.611543,19942.77929076857
E02007040,701460,409500,283500,7.883026,350738.52095664793
E02007040,701461,410500,283500,7.905747,372807.91688660544
E02007040,702150,409500,282500,7.611543,76266.7412343546
E02007040,702151,410500,282500,7.774236,19902.29508244396
E02007048,694590,439500,293500,7.140469,31871.049635155756
E02007048,695280,439500,292500,7.09694,702084.1604267858
E02007048,695281,440500,292500,7.212386,673704.886323656
E02007048,695282,441500,292500,7.183056,121362.4452361878
E02007048,695969,438500,291500,7.125695,23463.394334702072
E02007048,695970,439500,291500,7.058036,850453.2003246719
E02007048,695971,440500,291500,7.04406,986678.944814861
E02007048,695972,441500,291500,7.102837,960964.5387930422
E02007048,695973,442500,291500,7.13693,480814.48574469564
E02007048,695974,443500,291500,7.227802,23182.3825501256
E02007048,696659,438500,290500,7.14632,3559.5859537549895
E02007048,696660,439500,290500,6.998456,26615.22314571812
E02007048,696661,440500,290500,7.032804,621604.9829107921
E02007048,696662,441500,290500,7.010088,1000000.0
E02007048,696663,442500,290500,7.231768,1000000.0
E02007048,696664,443500,290500,7.139036,865259.5773746215
E02007048,696665,444500,290500,6.970102,298231.1114422652
E02007048,697351,440500,289500,7.051887,512920.52396671905
E02007048,697352,441500,289500,7.0137,1000000.0
E02007048,697353,442500,289500,7.104017,1000000.0
E02007048,697354,443500,289500,6.934153,1000000.0
E02007048,697355,444500,289500,6.884325,999370.1129526965
E02007048,697356,445500,289500,6.90451,686004.5485035928
E02007048,697357,446500,289500,6.819092,131078.81209109502
E02007048,698041,440500,288500,7.06108,710085.8138279387
E02007048,698042,441500,288500,7.175917,1000000.0
E02007048,698043,442500,288500,6.89945,1000000.0
E02007048,698044,443500,288500,6.843822,1000000.0
E02007048,698045,444500,288500,6.839236,1000000.0
E02007048,698046,445500,288500,6.795135,1000000.0
E02007048,698047,446500,288500,6.760681,964529.7288513413
E02007048,698048,447500,288500,6.831911,315747.0131348287
E02007048,698731,440500,287500,7.119847,658964.0718360466
E02007048,698732,441500,287500,7.112317,1000000.0
E02007048,698733,442500,287500,6.943888,1000000.0
E02007048,698734,443500,287500,6.817997,1000000.0
E02007048,698735,444500,287500,6.805343,1000000.0
E02007048,698736,445500,287500,6.767962,1000000.0
E02007048,698737,446500,287500,6.745484,1000000.0
E02007048,698738,447500,287500,6.735885,958662.5149399205
E02007048,698739,448500,287500,6.793025,178239.74326315548
E02007048,699421,440500,286500,7.289171,646076.8384938419
E02007048,699422,441500,286500,7.007256,1000000.0
E02007048,699423,442500,286500,6.852733,1000000.0
E02007048,699424,443500,286500,6.793412,1000000.0
E02007048,699425,444500,286500,6.783117,1000000.0
E02007048,699426,445500,286500,6.750532,1000000.0
E02007048,699427,446500,286500,6.728308,1000000.0
E02007048,699428,447500,286500,6.705877,1000000.0
E02007048,699429,448500,286500,6.744155,840567.416573269
E02007048,699430,449500,286500,6.724405,43118.29747121256
E02007048,700108,437500,285500,7.204299,81111.54197631073
E02007048,700109,438500,285500,7.135783,632529.9063853368
E02007048,700110,439500,285500,7.070767,374710.8137780809
E02007048,700111,440500,285500,7.273638,916247.48520047
E02007048,700112,441500,285500,6.98525,1000000.0
E02007048,700113,442500,285500,6.795342,1000000.0
E02007048,700114,443500,285500,6.738519,1000000.0
E02007048,700115,444500,285500,6.69913,1000000.0
E02007048,700116,445500,285500,6.740013,1000000.0
E02007048,700117,446500,285500,6.702796,1000000.0
E02007048,700118,447500,285500,6.693638,1000000.0
E02007048,700119,448500,285500,6.630812,1000000.0
E02007048,700120,449500,285500,6.745034,617512.2276961338
E02007048,700797,436500,284500,7.539297,56736.982407047486
E02007048,700798,437500,284500,7.362342,840343.184202406
E02007048,700799,438500,284500,7.192749,1000000.0
E02007048,700800,439500,284500,7.341516,1000000.0
E02007048,700801,440500,284500,7.047374,1000000.0
E02007048,700802,441500,284500,6.958039,1000000.0
E02007048,700803,442500,284500,6.900832,1000000.0
E02007048,700804,443500,284500,6.781329,1000000.0
E02007048,700805,444500,284500,6.739599,1000000.0
E02007048,700806,445500,284500,6.770187,1000000.0
E02007048,700807,446500,284500,6.735715,1000000.0
E02007048,700808,447500,284500,6.713827,1000000.0
E02007048,700809,448500,284500,6.679478,1000000.0
E02007048,700810,449500,284500,6.653453,999818.8267288206
E02007048,700811,450500,284500,6.733111,348173.7242077483
E02007048,701487,436500,283500,7.777723,4252.336059228685
E02007048,701488,437500,283500,7.905903,477967.5929930176
E02007048,701489,438500,283500,7.282541,1000000.0
E02007048,701490,439500,283500,7.34533,1000000.0
E02007048,701491,440500,283500,7.034157,1000000.0
E02007048,701492,441500,283500,6.988057,1000000.0
E02007048,701493,442500,283500,6.943617,1000000.0
E02007048,701494,443500,283500,6.897946,1000000.0
E02007048,701495,444500,283500,6.841867,1000000.0
E02007048,701496,445500,283500,6.796015,1000000.0
E02007048,701497,446500,283500,6.74805,1000000.0
E02007048,701498,447500,283500,6.674783,1000000.0
E02007048,701499,448500,283500,6.683064,1000000.0
E02007048,701500,449500,283500,6.684422,1000000.0
E02007048,701501,450500,283500,6.742039,932990.0143740753
E02007048,701502,451500,283500,6.803799,97276.32071979863
E02007048,702178,437500,282500,7.699564,56202.89143281082
E02007048,702179,438500,282500,7.840398,592273.2796797545
E02007048,702180,439500,282500,7.548052,989200.7194847753
E02007048,702181,440500,282500,7.409819,1000000.0
E02007048,702182,441500,282500,7.276405,1000000.0
E02007048,702183,442500,282500,7.25929,1000000.0
E02007048,702184,443500,282500,7.19975,1000000.0
E02007048,702185,444500,282500,7.040404,1000000.0
E02007048,702186,445500,282500,6.861899,1000000.0
E02007048,702187,446500,282500,6.754633,1000000.0
E02007048,702188,447500,282500,6.7479,1000000.0
E02007048,702189,448500,282500,6.705421,1000000.0
E02007048,702190,449500,282500,6.675599,1000000.0
E02007048,702191,450500,282500,6.700286,1000000.0
E02007048,702192,451500,282500,6.781907,775298.0098661482
E02007048,702193,452500,282500,6.683718,19524.738132022987
E02007048,702870,439500,281500,7.355865,811606.2006554132
E02007048,702871,440500,281500,6.966715,1000000.0
E02007048,702872,441500,281500,6.930941,1000000.0
E02007048,702873,442500,281500,6.902702,1000000.0
E02007048,702874,443500,281500,6.828558,1000000.0
E02007048,702875,444500,281500,7.083565,1000000.0
E02007048,702876,445500,281500,7.091014,1000000.0
E02007048,702877,446500,281500,7.023479,1000000.0
E02007048,702878,447500,281500,6.782946,1000000.0
E02007048,702879,448500,281500,6.759276,1000000.0
E02007048,702880,449500,281500,6.711696,1000000.0
E02007048,702881,450500,281500,6.631328,1000000.0
E02007048,702882,451500,281500,6.652719,1000000.0
E02007048,702883,452500,281500,6.853062,447465.76357499
E02007048,703559,438500,280500,7.308007,112188.86878944878
E02007048,703560,439500,280500,7.09321,994386.2017491817
E02007048,703561,440500,280500,6.931226,1000000.0
E02007048,703562,441500,280500,6.878183,1000000.0
E02007048,703563,442500,280500,6.828631,1000000.0
E02007048,703564,443500,280500,6.807516,1000000.0
E02007048,703565,444500,280500,6.730602,1000000.0
E02007048,703566,445500,280500,6.744271,1000000.0
E02007048,703567,446500,280500,6.820547,1000000.0
E02007048,703568,447500,280500,7.111883,1000000.0
E02007048,703569,448500,280500,6.984786,1000000.0
E02007048,703570,449500,280500,6.743226,1000000.0
E02007048,703571,450500,280500,6.807106,1000000.0
E02007048,703572,451500,280500,6.853748,1000000.0
E02007048,703573,452500,280500,7.087801,943218.8185841048
E02007048,703574,453500,280500,7.145712,80859.23347671086
E02007048,704249,438500,279500,7.44987,494947.9534041179
E02007048,704250,439500,279500,7.05372,1000000.0
E02007048,704251,440500,279500,6.942613,1000000.0
E02007048,704252,441500,279500,6.879595,1000000.0
E02007048,704253,442500,279500,6.825203,1000000.0
E02007048,704254,443500,279500,6.81623,1000000.0
E02007048,704255,444500,279500,6.752793,1000000.0
E02007048,704256,445500,279500,6.787034,1000000.0
E02007048,704257,446500,279500,6.760242,1000000.0
E02007048,704258,447500,279500,6.796247,1000000.0
E02007048,704259,448500,279500,6.979276,1000000.0
E02007048,704260,449500,279500,7.158346,623209.7587538217
E02007048,704261,450500,279500,7.274697,752927.0723166858
E02007048,704262,451500,279500,7.488913,1000000.0
E02007048,704263,452500,279500,7.331336,669561.1638492278
E02007048,704264,453500,279500,7.055141,237979.2702779191
E02007048,704939,438500,278500,7.537644,169309.50997333365
E02007048,704940,439500,278500,7.141457,695592.5607908188
E02007048,704941,440500,278500,6.905975,788858.8734600907
E02007048,704942,441500,278500,6.862353,1000000.0
E02007048,704943,442500,278500,6.822948,1000000.0
E02007048,704944,443500,278500,6.808964,654735.4399647755
E02007048,704945,444500,278500,6.740893,334895.23277828906
E02007048,704946,445500,278500,6.733443,489214.95808913663
E02007048,704947,446500,278500,6.6701,784221.4607450599
E02007048,704948,447500,278500,6.710964,1000000.0
E02007048,704949,448500,278500,6.736708,994339.7532241307
E02007048,704950,449500,278500,6.911536,51208.64637001342
E02007048,704951,450500,278500,7.076896,216112.84659501698
E02007048,704952,451500,278500,7.932412,498673.69366982963
E02007048,704953,452500,278500,7.030151,181508.25326216093
E02007048,705631,440500,277500,6.837838,87633.51202715258
E02007048,705632,441500,277500,6.797589,277220.2313544694
E02007048,705633,442500,277500,6.796661,132014.36303747495
E02007048,705634,443500,277500,6.787481,31152.884577660294
E02007048,705637,446500,277500,6.67103,41308.62606055566
E02007048,705638,447500,277500,6.651118,694048.8713939008
E02007048,705639,448500,277500,6.760818,353088.0288003817
E02007048,706328,447500,276500,6.715887,386.2728181293647
E02007048,706329,448500,276500,6.806508,395.16458361367154
E02007050,682787,366500,310500,6.245831,1241.3951548684827
E02007050,682788,367500,310500,6.311623,188198.88275846725
E02007050,682789,368500,310500,6.466433,73771.92661938719
E02007050,683478,367500,309500,6.303254,755830.9689723928
E02007050,683479,368500,309500,6.346694,988858.8405131294
E02007050,683480,369500,309500,6.42719,729676.346794028
E02007050,683481,370500,309500,6.586935,257556.48357839737
E02007050,684168,367500,308500,6.15251,140977.70905650713
E02007050,684169,368500,308500,6.233638,435669.60505174805
E02007050,684170,369500,308500,6.243967,180841.72950133026
E02007050,684171,370500,308500,6.41791,38125.73217133843
E02007051,684167,366500,308500,5.887387,312295.5999810879
E02007051,684168,367500,308500,6.15251,818353.849331486
E02007051,684169,368500,308500,6.233638,100329.49190658442
E02007051,684857,366500,307500,5.776708,233869.6439722502
E02007051,684858,367500,307500,5.99804,651618.0452431036
E02007051,685547,366500,306500,5.784334,413208.3675720647
E02007051,685548,367500,306500,5.960544,916634.579725944
E02007051,685549,368500,306500,6.005453,335.46406080933303
E02007051,686237,366500,305500,5.679665,101661.52125496024
E02007051,686238,367500,305500,5.797272,773165.2972550826
E02007051,686239,368500,305500,5.915916,203809.47141908703
