Period,Country,Area type,Area code,Area name,Sex,Sex code,HLE,LCI,UCI,Proportion (%),LE imputed,Health prevalence imputed
2019 to 2023,England,MSOA,E02001827,Birmingham 001,Male,1,68.4,65.5,71.3,85,0,0
2019 to 2023,England,MSOA,E02001827,Birmingham 001,Female,2,68.3,66.4,70.2,82,0,0
2019 to 2023,England,MSOA,E02001828,Birmingham 002,Male,1,69.5,67.8,71.3,84,0,0
2019 to 2023,England,MSOA,E02001828,Birmingham 002,Female,2,72.6,71.3,73.9,83,0,0
2019 to 2023,England,MSOA,E02001829,Birmingham 003,Male,1,73.3,72.0,74.7,86,0,0
2019 to 2023,England,MSOA,E02001829,Birmingham 003,Female,2,73.3,71.9,74.7,84,0,0
2019 to 2023,England,MSOA,E02001830,Birmingham 004,Male,1,71.7,70.0,73.4,88,0,0
2019 to 2023,England,MSOA,E02001830,Birmingham 004,Female,2,72.4,70.6,74.2,87,0,0
2019 to 2023,England,MSOA,E02001831,Birmingham 005,Male,1,63.7,62.4,64.9,80,0,0
2019 to 2023,England,MSOA,E02001831,Birmingham 005,Female,2,63.9,62.7,65.2,78,0,0
2019 to 2023,England,MSOA,E02001832,Birmingham 006,Male,1,69.5,67.6,71.3,85,0,0
2019 to 2023,England,MSOA,E02001832,Birmingham 006,Female,2,71.8,70.3,73.2,82,0,0
2019 to 2023,England,MSOA,E02001833,Birmingham 007,Male,1,67.3,65.5,69.0,83,0,0
2019 to 2023,England,MSOA,E02001833,Birmingham 007,Female,2,71.0,69.6,72.5,82,0,0
2019 to 2023,England,MSOA,E02001834,Birmingham 008,Male,1,59.7,57.9,61.6,76,0,0
2019 to 2023,England,MSOA,E02001834,Birmingham 008,Female,2,60.8,59.2,62.4,75,0,0
2019 to 2023,England,MSOA,E02001835,Birmingham 009,Male,1,67.9,66.6,69.3,86,0,0
2019 to 2023,England,MSOA,E02001835,Birmingham 009,Female,2,68.1,66.5,69.6,83,0,0
2019 to 2023,England,MSOA,E02001836,Birmingham 010,Male,1,70.6,69.2,72.1,83,0,0
2019 to 2023,England,MSOA,E02001836,Birmingham 010,Female,2,70.3,69.1,71.5,82,0,0
2019 to 2023,England,MSOA,E02001837,Birmingham 011,Male,1,54.9,53.7,56.1,74,0,0
2019 to 2023,England,MSOA,E02001837,Birmingham 011,Female,2,55.7,54.4,57.0,72,0,0
2019 to 2023,England,MSOA,E02001838,Birmingham 012,Male,1,70.1,68.7,71.6,86,0,0
2019 to 2023,England,MSOA,E02001838,Birmingham 012,Female,2,70.6,69.3,71.9,85,0,0
2019 to 2023,England,MSOA,E02001839,Birmingham 013,Male,1,61.9,60.5,63.4,79,0,0
2019 to 2023,England,MSOA,E02001839,Birmingham 013,Female,2,63.9,62.4,65.5,77,0,0
2019 to 2023,England,MSOA,E02001840,Birmingham 014,Male,1,54.3,53.0,55.6,75,0,0
2019 to 2023,England,MSOA,E02001840,Birmingham 014,Female,2,54.9,53.8,56.0,70,0,0
2019 to 2023,England,MSOA,E02001841,Birmingham 015,Male,1,71.7,70.1,73.2,86,0,0
2019 to 2023,England,MSOA,E02001841,Birmingham 015,Female,2,70.9,68.8,72.9,84,0,0
2019 to 2023,England,MSOA,E02001842,Birmingham 016,Male,1,65.9,64.4,67.3,81,0,0
2019 to 2023,England,MSOA,E02001842,Birmingham 016,Female,2,66.0,64.6,67.4,78,0,0
2019 to 2023,England,MSOA,E02001843,Birmingham 017,Male,1,62.2,60.5,63.8,80,0,0
2019 to 2023,England,MSOA,E02001843,Birmingham 017,Female,2,65.4,64.0,66.8,77,0,0
2019 to 2023,England,MSOA,E02001844,Birmingham 018,Male,1,62.9,61.7,64.1,84,0,0
2019 to 2023,England,MSOA,E02001844,Birmingham 018,Female,2,64.8,63.6,65.9,80,0,0
2019 to 2023,England,MSOA,E02001845,Birmingham 019,Male,1,64.6,63.0,66.2,81,1,0
2019 to 2023,England,MSOA,E02001845,Birmingham 019,Female,2,65.9,64.5,67.3,79,0,0
2019 to 2023,England,MSOA,E02001846,Birmingham 020,Male,1,56.8,55.5,58.1,76,0,0
2019 to 2023,England,MSOA,E02001846,Birmingham 020,Female,2,59.0,57.7,60.3,74,0,0
2019 to 2023,England,MSOA,E02001847,Birmingham 021,Male,1,65.8,63.9,67.7,82,0,0
2019 to 2023,England,MSOA,E02001847,Birmingham 021,Female,2,68.7,67.0,70.4,80,0,0
2019 to 2023,England,MSOA,E02001848,Birmingham 022,Male,1,57.9,56.4,59.5,78,0,0
2019 to 2023,England,MSOA,E02001848,Birmingham 022,Female,2,58.0,56.8,59.2,75,0,0
2019 to 2023,England,MSOA,E02001849,Birmingham 023,Male,1,58.7,57.2,60.3,79,0,0
2019 to 2023,England,MSOA,E02001849,Birmingham 023,Female,2,60.2,58.7,61.6,76,0,0
2019 to 2023,England,MSOA,E02001850,Birmingham 024,Male,1,62.4,60.8,63.9,82,0,0
2019 to 2023,England,MSOA,E02001850,Birmingham 024,Female,2,64.8,63.1,66.4,78,0,0
2019 to 2023,England,MSOA,E02001851,Birmingham 025,Male,1,59.8,58.5,61.1,79,0,0
2019 to 2023,England,MSOA,E02001851,Birmingham 025,Female,2,60.4,58.9,62.0,76,0,0
2019 to 2023,England,MSOA,E02001852,Birmingham 026,Male,1,58.1,56.4,59.8,78,0,0
2019 to 2023,England,MSOA,E02001852,Birmingham 026,Female,2,59.3,57.5,61.1,75,0,0
2019 to 2023,England,MSOA,E02001855,Birmingham 029,Male,1,55.0,53.7,56.3,76,0,0
2019 to 2023,England,MSOA,E02001855,Birmingham 029,Female,2,54.6,53.5,55.6,71,0,0
2019 to 2023,England,MSOA,E02001856,Birmingham 030,Male,1,57.1,55.5,58.6,78,0,0
2019 to 2023,England,MSOA,E02001856,Birmingham 030,Female,2,60.2,58.8,61.7,75,0,0
2019 to 2023,England,MSOA,E02001857,Birmingham 031,Male,1,54.2,53.1,55.3,76,0,0
2019 to 2023,England,MSOA,E02001857,Birmingham 031,Female,2,57.1,55.9,58.2,73,0,0
2019 to 2023,England,MSOA,E02001858,Birmingham 032,Male,1,61.3,59.9,62.6,81,0,0
2019 to 2023,England,MSOA,E02001858,Birmingham 032,Female,2,60.3,58.8,61.7,73,0,0
2019 to 2023,England,MSOA,E02001859,Birmingham 033,Male,1,57.0,55.7,58.4,78,0,0
2019 to 2023,England,MSOA,E02001859,Birmingham 033,Female,2,57.0,55.7,58.2,70,0,0
2019 to 2023,England,MSOA,E02001860,Birmingham 034,Male,1,58.6,57.2,60.1,78,0,0
2019 to 2023,England,MSOA,E02001860,Birmingham 034,Female,2,57.9,56.5,59.4,71,0,0
2019 to 2023,England,MSOA,E02001861,Birmingham 035,Male,1,57.6,56.2,58.9,76,0,0
2019 to 2023,England,MSOA,E02001861,Birmingham 035,Female,2,55.9,54.7,57.1,69,0,0
2019 to 2023,England,MSOA,E02001862,Birmingham 036,Male,1,58.3,56.9,59.7,78,0,0
2019 to 2023,England,MSOA,E02001862,Birmingham 036,Female,2,59.0,57.7,60.4,72,0,0
2019 to 2023,England,MSOA,E02001863,Birmingham 037,Male,1,55.7,54.2,57.1,75,0,0
2019 to 2023,England,MSOA,E02001863,Birmingham 037,Female,2,54.0,52.5,55.4,68,0,0
2019 to 2023,England,MSOA,E02001865,Birmingham 039,Male,1,57.6,56.3,58.9,78,0,0
2019 to 2023,England,MSOA,E02001865,Birmingham 039,Female,2,57.0,55.7,58.3,71,0,0
2019 to 2023,England,MSOA,E02001866,Birmingham 040,Male,1,54.1,52.7,55.5,75,0,0
2019 to 2023,England,MSOA,E02001866,Birmingham 040,Female,2,53.7,52.3,55.1,67,0,0
2019 to 2023,England,MSOA,E02001867,Birmingham 041,Male,1,55.7,54.3,57.1,75,0,0
2019 to 2023,England,MSOA,E02001867,Birmingham 041,Female,2,55.9,54.3,57.5,69,0,0
2019 to 2023,England,MSOA,E02001868,Birmingham 042,Male,1,61.3,59.8,62.7,80,0,0
2019 to 2023,England,MSOA,E02001868,Birmingham 042,Female,2,60.8,59.4,62.1,75,0,0
2019 to 2023,England,MSOA,E02001869,Birmingham 043,Male,1,55.3,53.6,57.1,78,0,0
2019 to 2023,England,MSOA,E02001869,Birmingham 043,Female,2,56.7,55.0,58.4,72,0,0
2019 to 2023,England,MSOA,E02001870,Birmingham 044,Male,1,58.1,57.0,59.3,78,0,0
2019 to 2023,England,MSOA,E02001870,Birmingham 044,Female,2,58.1,56.9,59.3,73,0,0
2019 to 2023,England,MSOA,E02001871,Birmingham 045,Male,1,56.6,55.1,58.0,76,0,0
2019 to 2023,England,MSOA,E02001871,Birmingham 045,Female,2,57.3,56.0,58.6,72,0,0
2019 to 2023,England,MSOA,E02001872,Birmingham 046,Male,1,59.1,57.8,60.5,77,0,0
2019 to 2023,England,MSOA,E02001872,Birmingham 046,Female,2,56.6,55.1,58.1,73,0,0
2019 to 2023,England,MSOA,E02001873,Birmingham 047,Male,1,56.4,55.0,57.7,77,0,0
2019 to 2023,England,MSOA,E02001873,Birmingham 047,Female,2,56.9,55.5,58.2,71,0,0
2019 to 2023,England,MSOA,E02001874,Birmingham 048,Male,1,56.0,54.5,57.5,76,0,0
2019 to 2023,England,MSOA,E02001874,Birmingham 048,Female,2,54.6,53.2,56.0,67,0,0
2019 to 2023,England,MSOA,E02001875,Birmingham 049,Male,1,57.4,55.7,59.0,76,0,0
2019 to 2023,England,MSOA,E02001875,Birmingham 049,Female,2,56.2,54.7,57.8,70,0,0
2019 to 2023,England,MSOA,E02001876,Birmingham 050,Male,1,56.2,54.8,57.6,79,0,0
2019 to 2023,England,MSOA,E02001876,Birmingham 050,Female,2,57.2,55.7,58.8,73,0,0
2019 to 2023,England,MSOA,E02001877,Birmingham 051,Male,1,57.3,56.0,58.5,75,0,0
2019 to 2023,England,MSOA,E02001877,Birmingham 051,Female,2,54.9,53.7,56.0,68,0,0
2019 to 2023,England,MSOA,E02001878,Birmingham 052,Male,1,55.8,54.4,57.2,75,0,0
2019 to 2023,England,MSOA,E02001878,Birmingham 052,Female,2,53.0,51.7,54.3,67,0,0
2019 to 2023,England,MSOA,E02001879,Birmingham 053,Male,1,54.6,53.2,56.0,76,0,0
2019 to 2023,England,MSOA,E02001879,Birmingham 053,Female,2,54.5,53.4,55.7,71,0,0
2019 to 2023,England,MSOA,E02001880,Birmingham 054,Male,1,55.7,54.4,57.0,76,0,0
2019 to 2023,England,MSOA,E02001880,Birmingham 054,Female,2,55.3,54.2,56.5,70,0,0
2019 to 2023,England,MSOA,E02001881,Birmingham 055,Male,1,55.9,54.5,57.3,75,0,0
2019 to 2023,England,MSOA,E02001881,Birmingham 055,Female,2,55.5,54.1,56.9,69,0,0
2019 to 2023,England,MSOA,E02001882,Birmingham 056,Male,1,54.9,53.4,56.5,75,0,0
2019 to 2023,England,MSOA,E02001882,Birmingham 056,Female,2,58.2,56.9,59.6,74,0,0
2019 to 2023,England,MSOA,E02001883,Birmingham 057,Male,1,54.7,53.1,56.3,74,0,0
2019 to 2023,England,MSOA,E02001883,Birmingham 057,Female,2,57.1,55.7,58.5,72,0,0
2019 to 2023,England,MSOA,E02001884,Birmingham 058,Male,1,55.2,53.7,56.8,76,0,0
2019 to 2023,England,MSOA,E02001884,Birmingham 058,Female,2,55.4,53.9,56.9,69,0,0
2019 to 2023,England,MSOA,E02001886,Birmingham 060,Male,1,60.8,59.3,62.4,80,0,0
2019 to 2023,England,MSOA,E02001886,Birmingham 060,Female,2,62.1,60.6,63.6,75,0,0
2019 to 2023,England,MSOA,E02001888,Birmingham 062,Male,1,56.8,55.3,58.3,76,0,0
2019 to 2023,England,MSOA,E02001888,Birmingham 062,Female,2,57.5,56.2,58.9,73,0,0
2019 to 2023,England,MSOA,E02001889,Birmingham 063,Male,1,55.9,54.4,57.3,74,0,0
2019 to 2023,England,MSOA,E02001889,Birmingham 063,Female,2,55.3,53.9,56.7,70,0,0
2019 to 2023,England,MSOA,E02001890,Birmingham 064,Male,1,64.3,62.8,65.8,81,0,0
2019 to 2023,England,MSOA,E02001890,Birmingham 064,Female,2,68.2,66.6,69.9,82,0,0
2019 to 2023,England,MSOA,E02001892,Birmingham 066,Male,1,56.9,55.6,58.2,76,0,0
2019 to 2023,England,MSOA,E02001892,Birmingham 066,Female,2,56.0,54.8,57.2,71,0,0
2019 to 2023,England,MSOA,E02001893,Birmingham 067,Male,1,60.8,59.3,62.2,79,0,0
2019 to 2023,England,MSOA,E02001893,Birmingham 067,Female,2,61.4,60.2,62.6,75,0,0
2019 to 2023,England,MSOA,E02001895,Birmingham 069,Male,1,57.2,55.9,58.5,77,0,0
2019 to 2023,England,MSOA,E02001895,Birmingham 069,Female,2,58.0,56.7,59.2,74,0,0
2019 to 2023,England,MSOA,E02001896,Birmingham 070,Male,1,57.2,55.8,58.5,75,0,0
2019 to 2023,England,MSOA,E02001896,Birmingham 070,Female,2,54.3,53.1,55.6,66,0,0
2019 to 2023,England,MSOA,E02001897,Birmingham 071,Male,1,53.7,52.3,55.1,73,0,0
2019 to 2023,England,MSOA,E02001897,Birmingham 071,Female,2,53.7,52.3,55.1,67,0,0
2019 to 2023,England,MSOA,E02001898,Birmingham 072,Male,1,66.0,64.1,67.8,82,0,0
2019 to 2023,England,MSOA,E02001898,Birmingham 072,Female,2,67.7,66.2,69.3,79,0,0
2019 to 2023,England,MSOA,E02001899,Birmingham 073,Male,1,69.5,67.9,71.2,85,0,0
2019 to 2023,England,MSOA,E02001899,Birmingham 073,Female,2,71.1,69.6,72.6,83,0,0
2019 to 2023,England,MSOA,E02001900,Birmingham 074,Male,1,60.5,58.6,62.3,80,0,0
2019 to 2023,England,MSOA,E02001900,Birmingham 074,Female,2,61.7,60.3,63.2,76,0,0
2019 to 2023,England,MSOA,E02001901,Birmingham 075,Male,1,68.6,67.2,70.0,85,0,0
2019 to 2023,England,MSOA,E02001901,Birmingham 075,Female,2,72.6,70.8,74.4,83,0,0
2019 to 2023,England,MSOA,E02001902,Birmingham 076,Male,1,61.9,60.4,63.4,81,0,0
2019 to 2023,England,MSOA,E02001902,Birmingham 076,Female,2,66.0,64.3,67.7,78,0,0
2019 to 2023,England,MSOA,E02001903,Birmingham 077,Male,1,55.8,54.3,57.2,73,0,0
2019 to 2023,England,MSOA,E02001903,Birmingham 077,Female,2,52.9,51.5,54.2,66,0,0
2019 to 2023,England,MSOA,E02001904,Birmingham 078,Male,1,55.9,54.4,57.5,77,0,0
2019 to 2023,England,MSOA,E02001904,Birmingham 078,Female,2,59.3,57.9,60.8,73,0,0
2019 to 2023,England,MSOA,E02001905,Birmingham 079,Male,1,69.4,67.6,71.3,86,0,0
2019 to 2023,England,MSOA,E02001905,Birmingham 079,Female,2,70.2,68.5,71.9,85,0,0
2019 to 2023,England,MSOA,E02001906,Birmingham 080,Male,1,65.4,64.0,66.8,81,0,0
2019 to 2023,England,MSOA,E02001906,Birmingham 080,Female,2,66.5,65.2,67.8,78,0,0
2019 to 2023,England,MSOA,E02001907,Birmingham 081,Male,1,63.9,62.6,65.2,80,0,0
2019 to 2023,England,MSOA,E02001907,Birmingham 081,Female,2,65.6,64.5,66.8,78,0,0
2019 to 2023,England,MSOA,E02001908,Birmingham 082,Male,1,56.7,55.1,58.2,75,0,0
2019 to 2023,England,MSOA,E02001908,Birmingham 082,Female,2,53.4,52.1,54.7,65,0,0
2019 to 2023,England,MSOA,E02001909,Birmingham 083,Male,1,55.4,53.8,57.1,76,0,0
2019 to 2023,England,MSOA,E02001909,Birmingham 083,Female,2,53.8,52.5,55.0,68,0,0
2019 to 2023,England,MSOA,E02001910,Birmingham 084,Male,1,56.0,54.6,57.5,74,0,0
2019 to 2023,England,MSOA,E02001910,Birmingham 084,Female,2,56.2,54.8,57.6,66,0,0
2019 to 2023,England,MSOA,E02001911,Birmingham 085,Male,1,58.2,56.7,59.7,75,0,0
2019 to 2023,England,MSOA,E02001911,Birmingham 085,Female,2,60.0,58.7,61.3,72,0,0
2019 to 2023,England,MSOA,E02001913,Birmingham 087,Male,1,60.1,58.6,61.7,79,0,0
2019 to 2023,England,MSOA,E02001913,Birmingham 087,Female,2,61.8,60.1,63.4,78,0,0
2019 to 2023,England,MSOA,E02001914,Birmingham 088,Male,1,60.6,58.9,62.3,81,0,0
2019 to 2023,England,MSOA,E02001914,Birmingham 088,Female,2,61.6,60.1,63.2,75,0,0
2019 to 2023,England,MSOA,E02001915,Birmingham 089,Male,1,58.5,57.2,59.8,79,0,0
2019 to 2023,England,MSOA,E02001915,Birmingham 089,Female,2,61.2,60.1,62.3,77,0,0
2019 to 2023,England,MSOA,E02001916,Birmingham 090,Male,1,59.6,58.0,61.1,79,0,0
2019 to 2023,England,MSOA,E02001916,Birmingham 090,Female,2,58.9,57.5,60.4,73,0,0
2019 to 2023,England,MSOA,E02001918,Birmingham 092,Male,1,59.7,58.3,61.0,79,0,0
2019 to 2023,England,MSOA,E02001918,Birmingham 092,Female,2,62.4,60.9,63.8,78,0,0
2019 to 2023,England,MSOA,E02001919,Birmingham 093,Male,1,62.8,61.0,64.6,80,0,0
2019 to 2023,England,MSOA,E02001919,Birmingham 093,Female,2,62.7,60.9,64.4,77,0,0
2019 to 2023,England,MSOA,E02001920,Birmingham 094,Male,1,58.1,56.4,59.7,76,0,0
2019 to 2023,England,MSOA,E02001920,Birmingham 094,Female,2,58.9,57.3,60.4,71,0,0
2019 to 2023,England,MSOA,E02001921,Birmingham 095,Male,1,60.7,59.2,62.2,78,0,0
2019 to 2023,England,MSOA,E02001921,Birmingham 095,Female,2,62.6,60.9,64.3,76,0,0
2019 to 2023,England,MSOA,E02001922,Birmingham 096,Male,1,56.0,53.8,58.3,77,0,0
2019 to 2023,England,MSOA,E02001922,Birmingham 096,Female,2,59.5,56.9,62.0,74,0,0
2019 to 2023,England,MSOA,E02001923,Birmingham 097,Male,1,59.8,58.3,61.3,77,0,0
2019 to 2023,England,MSOA,E02001923,Birmingham 097,Female,2,61.1,59.9,62.3,73,0,0
2019 to 2023,England,MSOA,E02001924,Birmingham 098,Male,1,61.0,59.5,62.6,77,0,0
2019 to 2023,England,MSOA,E02001924,Birmingham 098,Female,2,62.5,60.9,64.0,77,0,0
2019 to 2023,England,MSOA,E02001925,Birmingham 099,Male,1,66.4,64.9,67.9,82,0,0
2019 to 2023,England,MSOA,E02001925,Birmingham 099,Female,2,66.7,65.4,68.1,80,0,0
2019 to 2023,England,MSOA,E02001926,Birmingham 100,Male,1,62.1,60.6,63.6,81,0,0
2019 to 2023,England,MSOA,E02001926,Birmingham 100,Female,2,64.2,62.9,65.5,79,0,0
2019 to 2023,England,MSOA,E02001927,Birmingham 101,Male,1,58.0,56.4,59.6,78,1,0
2019 to 2023,England,MSOA,E02001927,Birmingham 101,Female,2,58.2,56.8,59.6,76,0,0
2019 to 2023,England,MSOA,E02001928,Birmingham 102,Male,1,59.5,58.0,61.1,77,0,0
2019 to 2023,England,MSOA,E02001928,Birmingham 102,Female,2,60.4,58.7,62.0,75,0,0
2019 to 2023,England,MSOA,E02001929,Birmingham 103,Male,1,55.9,54.7,57.2,75,0,0
2019 to 2023,England,MSOA,E02001929,Birmingham 103,Female,2,56.8,55.5,58.0,72,0,0
2019 to 2023,England,MSOA,E02001930,Birmingham 104,Male,1,63.8,62.3,65.4,81,0,0
2019 to 2023,England,MSOA,E02001930,Birmingham 104,Female,2,66.0,64.4,67.6,79,0,0
2019 to 2023,England,MSOA,E02001931,Birmingham 105,Male,1,64.2,62.8,65.5,80,0,0
2019 to 2023,England,MSOA,E02001931,Birmingham 105,Female,2,65.7,64.3,67.0,76,0,0
2019 to 2023,England,MSOA,E02001932,Birmingham 106,Male,1,58.4,56.9,59.8,74,0,0
2019 to 2023,England,MSOA,E02001932,Birmingham 106,Female,2,58.0,56.5,59.4,72,0,0
2019 to 2023,England,MSOA,E02001933,Birmingham 107,Male,1,60.1,58.6,61.6,80,0,0
2019 to 2023,England,MSOA,E02001933,Birmingham 107,Female,2,61.3,59.8,62.7,77,0,0
2019 to 2023,England,MSOA,E02001934,Birmingham 108,Male,1,66.0,64.3,67.6,81,0,0
2019 to 2023,England,MSOA,E02001934,Birmingham 108,Female,2,65.4,64.0,66.8,78,0,0
2019 to 2023,England,MSOA,E02001935,Birmingham 109,Male,1,65.9,64.4,67.4,80,0,0
2019 to 2023,England,MSOA,E02001935,Birmingham 109,Female,2,66.6,65.1,68.1,78,0,0
2019 to 2023,England,MSOA,E02001936,Birmingham 110,Male,1,66.4,64.7,68.2,82,0,0
2019 to 2023,England,MSOA,E02001936,Birmingham 110,Female,2,69.4,67.9,70.9,81,0,0
2019 to 2023,England,MSOA,E02001937,Birmingham 111,Male,1,58.4,57.0,59.7,77,0,0
2019 to 2023,England,MSOA,E02001937,Birmingham 111,Female,2,58.8,57.6,60.1,74,0,0
2019 to 2023,England,MSOA,E02001938,Birmingham 112,Male,1,62.5,60.9,64.2,80,0,0
2019 to 2023,England,MSOA,E02001938,Birmingham 112,Female,2,64.6,63.2,66.1,78,0,0
2019 to 2023,England,MSOA,E02001939,Birmingham 113,Male,1,63.0,61.4,64.5,78,0,0
2019 to 2023,England,MSOA,E02001939,Birmingham 113,Female,2,64.4,63.0,65.8,76,0,0
2019 to 2023,England,MSOA,E02001941,Birmingham 115,Male,1,57.0,55.3,58.6,77,0,0
2019 to 2023,England,MSOA,E02001941,Birmingham 115,Female,2,56.6,55.1,58.1,73,0,0
2019 to 2023,England,MSOA,E02001942,Birmingham 116,Male,1,63.0,61.4,64.6,80,0,0
2019 to 2023,England,MSOA,E02001942,Birmingham 116,Female,2,65.2,63.4,66.9,80,0,0
2019 to 2023,England,MSOA,E02001943,Birmingham 117,Male,1,62.8,61.0,64.6,80,0,0
2019 to 2023,England,MSOA,E02001943,Birmingham 117,Female,2,62.5,60.5,64.4,76,0,0
2019 to 2023,England,MSOA,E02001944,Birmingham 118,Male,1,60.2,58.5,61.9,81,0,0
2019 to 2023,England,MSOA,E02001944,Birmingham 118,Female,2,63.1,61.6,64.6,78,0,0
2019 to 2023,England,MSOA,E02001945,Birmingham 119,Male,1,56.4,54.8,57.9,76,0,0
2019 to 2023,England,MSOA,E02001945,Birmingham 119,Female,2,58.8,57.5,60.2,73,0,0
2019 to 2023,England,MSOA,E02001946,Birmingham 120,Male,1,65.0,63.3,66.8,81,0,0
2019 to 2023,England,MSOA,E02001946,Birmingham 120,Female,2,66.8,65.3,68.3,80,0,0
2019 to 2023,England,MSOA,E02001947,Birmingham 121,Male,1,53.0,51.4,54.5,71,0,0
2019 to 2023,England,MSOA,E02001947,Birmingham 121,Female,2,55.4,53.7,57.1,70,0,0
2019 to 2023,England,MSOA,E02001948,Birmingham 122,Male,1,60.8,59.3,62.4,79,0,0
2019 to 2023,England,MSOA,E02001948,Birmingham 122,Female,2,63.3,61.7,64.8,75,0,0
2019 to 2023,England,MSOA,E02001949,Birmingham 123,Male,1,61.2,59.6,62.9,80,0,0
2019 to 2023,England,MSOA,E02001949,Birmingham 123,Female,2,62.4,61.0,63.8,77,0,0
2019 to 2023,England,MSOA,E02001950,Birmingham 124,Male,1,65.3,64.0,66.7,82,0,0
2019 to 2023,England,MSOA,E02001950,Birmingham 124,Female,2,65.6,64.4,66.8,78,0,0
2019 to 2023,England,MSOA,E02001951,Birmingham 125,Male,1,55.2,53.8,56.6,74,0,0
2019 to 2023,England,MSOA,E02001951,Birmingham 125,Female,2,56.4,55.1,57.8,70,0,0
2019 to 2023,England,MSOA,E02001952,Birmingham 126,Male,1,55.1,53.8,56.4,73,0,0
2019 to 2023,England,MSOA,E02001952,Birmingham 126,Female,2,58.0,56.7,59.3,72,0,0
2019 to 2023,England,MSOA,E02001953,Birmingham 127,Male,1,63.8,61.9,65.6,81,0,0
2019 to 2023,England,MSOA,E02001953,Birmingham 127,Female,2,66.7,65.4,68.1,80,0,0
2019 to 2023,England,MSOA,E02001954,Birmingham 128,Male,1,56.0,54.6,57.5,73,0,0
2019 to 2023,England,MSOA,E02001954,Birmingham 128,Female,2,56.8,55.3,58.2,70,0,0
2019 to 2023,England,MSOA,E02001955,Birmingham 129,Male,1,61.3,60.0,62.6,79,0,0
2019 to 2023,England,MSOA,E02001955,Birmingham 129,Female,2,61.5,60.2,62.8,77,0,0
2019 to 2023,England,MSOA,E02001956,Birmingham 130,Male,1,62.5,61.0,64.1,79,0,0
2019 to 2023,England,MSOA,E02001956,Birmingham 130,Female,2,65.7,64.3,67.2,77,0,0
2019 to 2023,England,MSOA,E02001957,Birmingham 131,Male,1,64.8,63.5,66.1,82,0,0
2019 to 2023,England,MSOA,E02001957,Birmingham 131,Female,2,64.5,63.0,66.0,79,0,0
2019 to 2023,England,MSOA,E02001958,Coventry 001,Male,1,60.0,58.2,61.8,79,0,0
2019 to 2023,England,MSOA,E02001958,Coventry 001,Female,2,61.2,59.7,62.8,75,0,0
2019 to 2023,England,MSOA,E02001959,Coventry 002,Male,1,64.0,62.3,65.8,82,0,0
2019 to 2023,England,MSOA,E02001959,Coventry 002,Female,2,64.3,62.8,65.8,78,0,0
2019 to 2023,England,MSOA,E02001961,Coventry 004,Male,1,58.2,56.7,59.6,78,0,0
2019 to 2023,England,MSOA,E02001961,Coventry 004,Female,2,57.6,56.3,58.9,73,0,0
2019 to 2023,England,MSOA,E02001962,Coventry 005,Male,1,60.6,58.9,62.3,80,0,0
2019 to 2023,England,MSOA,E02001962,Coventry 005,Female,2,60.4,59.0,61.7,75,0,0
2019 to 2023,England,MSOA,E02001963,Coventry 006,Male,1,61.5,59.4,63.5,81,0,0
2019 to 2023,England,MSOA,E02001963,Coventry 006,Female,2,66.0,64.6,67.4,80,0,0
2019 to 2023,England,MSOA,E02001964,Coventry 007,Male,1,55.7,54.4,57.0,77,0,0
2019 to 2023,England,MSOA,E02001964,Coventry 007,Female,2,56.1,54.9,57.4,73,0,0
2019 to 2023,England,MSOA,E02001965,Coventry 008,Male,1,65.1,63.8,66.5,80,0,0
2019 to 2023,England,MSOA,E02001965,Coventry 008,Female,2,65.8,64.3,67.3,79,0,0
2019 to 2023,England,MSOA,E02001966,Coventry 009,Male,1,57.8,56.4,59.3,77,0,0
2019 to 2023,England,MSOA,E02001966,Coventry 009,Female,2,54.8,53.0,56.6,66,0,0
2019 to 2023,England,MSOA,E02001967,Coventry 010,Male,1,68.8,67.3,70.3,85,0,0
2019 to 2023,England,MSOA,E02001967,Coventry 010,Female,2,70.4,69.1,71.8,83,0,0
2019 to 2023,England,MSOA,E02001968,Coventry 011,Male,1,62.5,61.0,64.0,79,0,0
2019 to 2023,England,MSOA,E02001968,Coventry 011,Female,2,63.4,62.0,64.9,76,0,0
2019 to 2023,England,MSOA,E02001969,Coventry 012,Male,1,58.7,57.2,60.1,76,0,0
2019 to 2023,England,MSOA,E02001969,Coventry 012,Female,2,58.4,57.0,59.9,75,0,0
2019 to 2023,England,MSOA,E02001970,Coventry 013,Male,1,62.8,60.9,64.7,80,0,0
2019 to 2023,England,MSOA,E02001970,Coventry 013,Female,2,65.5,64.0,67.1,78,0,0
2019 to 2023,England,MSOA,E02001971,Coventry 014,Male,1,65.7,63.8,67.6,82,0,0
2019 to 2023,England,MSOA,E02001971,Coventry 014,Female,2,67.5,66.1,69.0,80,0,0
2019 to 2023,England,MSOA,E02001972,Coventry 015,Male,1,57.2,56.0,58.3,77,0,0
2019 to 2023,England,MSOA,E02001972,Coventry 015,Female,2,55.9,54.7,57.2,72,0,0
2019 to 2023,England,MSOA,E02001973,Coventry 016,Male,1,57.7,56.2,59.1,79,0,0
2019 to 2023,England,MSOA,E02001973,Coventry 016,Female,2,59.1,57.8,60.4,75,0,0
2019 to 2023,England,MSOA,E02001974,Coventry 017,Male,1,67.9,66.7,69.1,83,0,0
2019 to 2023,England,MSOA,E02001974,Coventry 017,Female,2,69.2,67.8,70.5,82,0,0
2019 to 2023,England,MSOA,E02001975,Coventry 018,Male,1,64.0,62.4,65.6,83,0,0
2019 to 2023,England,MSOA,E02001975,Coventry 018,Female,2,64.9,63.3,66.5,80,0,0
2019 to 2023,England,MSOA,E02001976,Coventry 019,Male,1,61.9,60.1,63.7,82,0,0
2019 to 2023,England,MSOA,E02001976,Coventry 019,Female,2,63.6,62.1,65.1,78,0,0
2019 to 2023,England,MSOA,E02001977,Coventry 020,Male,1,56.2,54.9,57.5,76,0,0
2019 to 2023,England,MSOA,E02001977,Coventry 020,Female,2,57.1,55.6,58.6,75,0,0
2019 to 2023,England,MSOA,E02001978,Coventry 021,Male,1,62.9,61.2,64.5,82,0,0
2019 to 2023,England,MSOA,E02001978,Coventry 021,Female,2,65.2,63.6,66.8,79,0,0
2019 to 2023,England,MSOA,E02001979,Coventry 022,Male,1,69.0,67.4,70.7,85,0,0
2019 to 2023,England,MSOA,E02001979,Coventry 022,Female,2,68.2,66.7,69.6,81,0,0
2019 to 2023,England,MSOA,E02001980,Coventry 023,Male,1,68.1,65.9,70.4,86,0,0
2019 to 2023,England,MSOA,E02001980,Coventry 023,Female,2,71.3,69.5,73.1,83,0,0
2019 to 2023,England,MSOA,E02001981,Coventry 024,Male,1,56.8,55.6,58.0,78,0,0
2019 to 2023,England,MSOA,E02001981,Coventry 024,Female,2,57.0,55.8,58.3,71,0,0
2019 to 2023,England,MSOA,E02001982,Coventry 025,Male,1,68.1,66.6,69.5,85,0,0
2019 to 2023,England,MSOA,E02001982,Coventry 025,Female,2,68.9,67.7,70.1,81,0,0
2019 to 2023,England,MSOA,E02001983,Coventry 026,Male,1,63.7,62.0,65.3,82,0,0
2019 to 2023,England,MSOA,E02001983,Coventry 026,Female,2,65.9,64.3,67.5,79,0,0
2019 to 2023,England,MSOA,E02001984,Coventry 027,Male,1,63.9,62.8,65.1,83,0,0
2019 to 2023,England,MSOA,E02001984,Coventry 027,Female,2,63.2,62.0,64.3,80,0,0
2019 to 2023,England,MSOA,E02001985,Coventry 028,Male,1,57.8,56.0,59.5,78,0,0
2019 to 2023,England,MSOA,E02001985,Coventry 028,Female,2,59.1,57.4,60.7,75,0,0
2019 to 2023,England,MSOA,E02001986,Coventry 029,Male,1,57.4,55.9,58.9,77,0,0
2019 to 2023,England,MSOA,E02001986,Coventry 029,Female,2,59.7,58.2,61.1,75,0,0
2019 to 2023,England,MSOA,E02001987,Coventry 030,Male,1,61.2,59.4,63.1,81,0,0
2019 to 2023,England,MSOA,E02001987,Coventry 030,Female,2,63.2,61.5,65.0,78,0,0
2019 to 2023,England,MSOA,E02001988,Coventry 031,Male,1,55.8,54.3,57.3,77,0,0
2019 to 2023,England,MSOA,E02001988,Coventry 031,Female,2,60.5,58.7,62.3,76,0,0
2019 to 2023,England,MSOA,E02001989,Coventry 032,Male,1,65.4,63.9,67.0,81,0,0
2019 to 2023,England,MSOA,E02001989,Coventry 032,Female,2,66.2,64.4,68.0,79,0,0
2019 to 2023,England,MSOA,E02001990,Coventry 033,Male,1,68.7,67.5,70.0,84,0,0
2019 to 2023,England,MSOA,E02001990,Coventry 033,Female,2,68.7,67.7,69.7,81,0,0
2019 to 2023,England,MSOA,E02001991,Coventry 034,Male,1,68.9,67.5,70.2,86,0,0
2019 to 2023,England,MSOA,E02001991,Coventry 034,Female,2,70.5,69.3,71.7,84,0,0
2019 to 2023,England,MSOA,E02001992,Coventry 035,Male,1,58.0,56.7,59.3,79,0,0
2019 to 2023,England,MSOA,E02001992,Coventry 035,Female,2,59.7,58.5,60.9,75,0,0
2019 to 2023,England,MSOA,E02001993,Coventry 036,Male,1,61.0,59.1,62.8,81,0,0
2019 to 2023,England,MSOA,E02001993,Coventry 036,Female,2,62.5,61.0,64.0,78,0,0
2019 to 2023,England,MSOA,E02001994,Coventry 037,Male,1,65.0,63.7,66.3,82,0,0
2019 to 2023,England,MSOA,E02001994,Coventry 037,Female,2,66.3,65.1,67.5,80,0,0
2019 to 2023,England,MSOA,E02001995,Coventry 038,Male,1,62.6,61.2,63.9,82,0,0
2019 to 2023,England,MSOA,E02001995,Coventry 038,Female,2,63.0,61.9,64.2,78,0,0
2019 to 2023,England,MSOA,E02001996,Coventry 039,Male,1,54.3,52.9,55.8,76,0,0
2019 to 2023,England,MSOA,E02001996,Coventry 039,Female,2,56.2,54.6,57.7,71,0,0
2019 to 2023,England,MSOA,E02001997,Coventry 040,Male,1,70.2,68.8,71.7,85,0,0
2019 to 2023,England,MSOA,E02001997,Coventry 040,Female,2,70.8,69.4,72.1,82,0,0
2019 to 2023,England,MSOA,E02001998,Coventry 041,Male,1,71.0,69.6,72.5,85,0,0
2019 to 2023,England,MSOA,E02001998,Coventry 041,Female,2,69.8,67.8,71.8,82,0,0
2019 to 2023,England,MSOA,E02001999,Coventry 042,Male,1,69.6,68.1,71.2,86,0,0
2019 to 2023,England,MSOA,E02001999,Coventry 042,Female,2,69.1,67.5,70.7,81,0,0
2019 to 2023,England,MSOA,E02002000,Dudley 001,Male,1,60.7,59.4,62.1,78,0,0
2019 to 2023,England,MSOA,E02002000,Dudley 001,Female,2,62.3,61.0,63.6,76,0,0
2019 to 2023,England,MSOA,E02002001,Dudley 002,Male,1,63.8,62.3,65.3,81,0,0
2019 to 2023,England,MSOA,E02002001,Dudley 002,Female,2,64.2,62.7,65.8,77,0,0
2019 to 2023,England,MSOA,E02002002,Dudley 003,Male,1,68.2,66.8,69.6,82,0,0
2019 to 2023,England,MSOA,E02002002,Dudley 003,Female,2,70.1,68.7,71.5,82,0,0
2019 to 2023,England,MSOA,E02002003,Dudley 004,Male,1,61.8,60.5,63.1,78,0,0
2019 to 2023,England,MSOA,E02002003,Dudley 004,Female,2,64.3,63.0,65.6,79,0,0
2019 to 2023,England,MSOA,E02002004,Dudley 005,Male,1,60.2,58.8,61.7,77,0,0
2019 to 2023,England,MSOA,E02002004,Dudley 005,Female,2,61.8,60.4,63.2,75,0,0
2019 to 2023,England,MSOA,E02002005,Dudley 006,Male,1,57.5,56.0,59.0,77,0,0
2019 to 2023,England,MSOA,E02002005,Dudley 006,Female,2,58.6,57.5,59.8,74,0,0
2019 to 2023,England,MSOA,E02002006,Dudley 007,Male,1,59.6,58.0,61.3,79,0,0
2019 to 2023,England,MSOA,E02002006,Dudley 007,Female,2,62.9,61.5,64.4,75,0,0
2019 to 2023,England,MSOA,E02002007,Dudley 008,Male,1,64.3,63.0,65.6,80,0,0
2019 to 2023,England,MSOA,E02002007,Dudley 008,Female,2,66.0,64.6,67.3,78,0,0
2019 to 2023,England,MSOA,E02002008,Dudley 009,Male,1,67.0,65.7,68.4,84,0,0
2019 to 2023,England,MSOA,E02002008,Dudley 009,Female,2,66.8,65.7,68.0,82,0,0
2019 to 2023,England,MSOA,E02002009,Dudley 010,Male,1,58.6,57.1,60.1,77,0,0
2019 to 2023,England,MSOA,E02002009,Dudley 010,Female,2,58.6,57.0,60.2,71,0,0
2019 to 2023,England,MSOA,E02002010,Dudley 011,Male,1,57.1,55.9,58.3,77,0,0
2019 to 2023,England,MSOA,E02002010,Dudley 011,Female,2,58.7,57.4,60.1,74,0,0
2019 to 2023,England,MSOA,E02002011,Dudley 012,Male,1,68.7,67.1,70.4,85,0,0
2019 to 2023,England,MSOA,E02002011,Dudley 012,Female,2,68.8,67.2,70.4,82,0,0
2019 to 2023,England,MSOA,E02002012,Dudley 013,Male,1,57.0,55.8,58.3,76,0,0
2019 to 2023,England,MSOA,E02002012,Dudley 013,Female,2,56.3,55.0,57.7,72,0,0
2019 to 2023,England,MSOA,E02002013,Dudley 014,Male,1,67.6,66.2,69.0,83,0,0
2019 to 2023,England,MSOA,E02002013,Dudley 014,Female,2,68.6,67.2,70.0,83,0,0
2019 to 2023,England,MSOA,E02002014,Dudley 015,Male,1,57.0,55.3,58.8,77,0,0
2019 to 2023,England,MSOA,E02002014,Dudley 015,Female,2,60.1,58.8,61.4,75,0,0
2019 to 2023,England,MSOA,E02002015,Dudley 016,Male,1,64.1,62.3,65.9,81,0,0
2019 to 2023,England,MSOA,E02002015,Dudley 016,Female,2,64.2,62.5,65.8,79,0,0
2019 to 2023,England,MSOA,E02002016,Dudley 017,Male,1,57.2,55.8,58.5,75,0,0
2019 to 2023,England,MSOA,E02002016,Dudley 017,Female,2,56.1,54.7,57.6,71,0,0
2019 to 2023,England,MSOA,E02002017,Dudley 018,Male,1,59.0,57.7,60.3,79,0,0
2019 to 2023,England,MSOA,E02002017,Dudley 018,Female,2,58.5,57.1,59.9,74,0,0
2019 to 2023,England,MSOA,E02002018,Dudley 019,Male,1,68.8,67.5,70.0,84,0,0
2019 to 2023,England,MSOA,E02002018,Dudley 019,Female,2,68.1,66.7,69.6,81,0,0
2019 to 2023,England,MSOA,E02002019,Dudley 020,Male,1,59.7,58.2,61.2,78,0,0
2019 to 2023,England,MSOA,E02002019,Dudley 020,Female,2,59.9,58.4,61.5,75,0,0
2019 to 2023,England,MSOA,E02002020,Dudley 021,Male,1,66.1,64.7,67.5,84,0,0
2019 to 2023,England,MSOA,E02002020,Dudley 021,Female,2,67.0,65.8,68.2,81,0,0
2019 to 2023,England,MSOA,E02002021,Dudley 022,Male,1,56.0,54.6,57.4,76,0,0
2019 to 2023,England,MSOA,E02002021,Dudley 022,Female,2,57.5,56.2,58.9,72,0,0
2019 to 2023,England,MSOA,E02002022,Dudley 023,Male,1,60.7,59.4,61.9,78,0,0
2019 to 2023,England,MSOA,E02002022,Dudley 023,Female,2,60.6,59.4,61.9,77,0,0
2019 to 2023,England,MSOA,E02002023,Dudley 024,Male,1,65.7,64.4,67.1,81,0,0
2019 to 2023,England,MSOA,E02002023,Dudley 024,Female,2,68.0,66.6,69.5,80,0,0
2019 to 2023,England,MSOA,E02002024,Dudley 025,Male,1,62.6,61.3,63.9,80,0,0
2019 to 2023,England,MSOA,E02002024,Dudley 025,Female,2,62.4,61.1,63.7,77,0,0
2019 to 2023,England,MSOA,E02002025,Dudley 026,Male,1,63.5,62.2,64.8,80,0,0
2019 to 2023,England,MSOA,E02002025,Dudley 026,Female,2,63.6,62.2,65.0,77,0,0
2019 to 2023,England,MSOA,E02002026,Dudley 027,Male,1,66.2,64.8,67.6,81,0,0
2019 to 2023,England,MSOA,E02002026,Dudley 027,Female,2,67.7,66.4,69.0,80,0,0
2019 to 2023,England,MSOA,E02002027,Dudley 028,Male,1,70.6,69.2,72.1,85,0,0
2019 to 2023,England,MSOA,E02002027,Dudley 028,Female,2,71.3,69.6,73.0,82,0,0
2019 to 2023,England,MSOA,E02002028,Dudley 029,Male,1,65.9,64.1,67.8,82,0,0
2019 to 2023,England,MSOA,E02002028,Dudley 029,Female,2,67.7,66.3,69.1,81,0,0
2019 to 2023,England,MSOA,E02002029,Dudley 030,Male,1,66.6,64.8,68.4,82,0,0
2019 to 2023,England,MSOA,E02002029,Dudley 030,Female,2,67.4,66.1,68.7,80,0,0
2019 to 2023,England,MSOA,E02002030,Dudley 031,Male,1,61.5,60.0,63.0,79,0,0
2019 to 2023,England,MSOA,E02002030,Dudley 031,Female,2,62.2,60.6,63.7,77,0,0
2019 to 2023,England,MSOA,E02002031,Dudley 032,Male,1,61.7,60.2,63.2,79,0,0
2019 to 2023,England,MSOA,E02002031,Dudley 032,Female,2,63.4,61.8,65.0,77,0,0
2019 to 2023,England,MSOA,E02002032,Dudley 033,Male,1,60.9,59.8,62.0,77,0,0
2019 to 2023,England,MSOA,E02002032,Dudley 033,Female,2,61.3,60.0,62.6,74,0,0
2019 to 2023,England,MSOA,E02002033,Dudley 034,Male,1,66.5,65.2,67.8,81,0,0
2019 to 2023,England,MSOA,E02002033,Dudley 034,Female,2,66.7,65.0,68.5,80,0,0
2019 to 2023,England,MSOA,E02002034,Dudley 035,Male,1,63.3,61.7,64.8,81,0,0
2019 to 2023,England,MSOA,E02002034,Dudley 035,Female,2,65.7,64.1,67.3,80,0,0
2019 to 2023,England,MSOA,E02002035,Dudley 036,Male,1,69.5,67.7,71.3,84,0,0
2019 to 2023,England,MSOA,E02002035,Dudley 036,Female,2,71.7,70.5,73.0,83,0,0
2019 to 2023,England,MSOA,E02002036,Dudley 037,Male,1,56.9,55.3,58.6,78,0,0
2019 to 2023,England,MSOA,E02002036,Dudley 037,Female,2,60.9,59.2,62.5,73,0,0
2019 to 2023,England,MSOA,E02002037,Dudley 038,Male,1,64.9,63.1,66.7,82,0,0
2019 to 2023,England,MSOA,E02002037,Dudley 038,Female,2,68.2,66.8,69.6,79,0,0
2019 to 2023,England,MSOA,E02002038,Dudley 039,Male,1,62.9,61.6,64.2,80,0,0
2019 to 2023,England,MSOA,E02002038,Dudley 039,Female,2,64.7,63.2,66.2,77,0,0
2019 to 2023,England,MSOA,E02002039,Dudley 040,Male,1,67.4,65.7,69.0,83,0,0
2019 to 2023,England,MSOA,E02002039,Dudley 040,Female,2,69.9,68.7,71.2,82,0,0
2019 to 2023,England,MSOA,E02002040,Dudley 041,Male,1,68.7,66.6,70.9,86,0,0
2019 to 2023,England,MSOA,E02002040,Dudley 041,Female,2,73.0,71.7,74.3,84,0,0
2019 to 2023,England,MSOA,E02002041,Dudley 042,Male,1,71.2,69.7,72.7,84,0,0
2019 to 2023,England,MSOA,E02002041,Dudley 042,Female,2,69.3,67.9,70.8,82,0,0
2019 to 2023,England,MSOA,E02002042,Dudley 043,Male,1,68.0,66.0,70.1,85,0,0
2019 to 2023,England,MSOA,E02002042,Dudley 043,Female,2,69.8,68.6,71.0,82,0,0
2019 to 2023,England,MSOA,E02002043,Sandwell 001,Male,1,57.9,56.4,59.4,77,0,0
2019 to 2023,England,MSOA,E02002043,Sandwell 001,Female,2,58.9,57.8,60.0,74,0,0
2019 to 2023,England,MSOA,E02002044,Sandwell 002,Male,1,62.5,61.1,63.8,80,0,0
2019 to 2023,England,MSOA,E02002044,Sandwell 002,Female,2,61.6,60.2,63.0,75,0,0
2019 to 2023,England,MSOA,E02002045,Sandwell 003,Male,1,59.3,57.8,60.9,78,0,0
2019 to 2023,England,MSOA,E02002045,Sandwell 003,Female,2,61.5,60.1,62.9,75,0,0
2019 to 2023,England,MSOA,E02002046,Sandwell 004,Male,1,54.3,52.5,56.0,74,0,0
2019 to 2023,England,MSOA,E02002046,Sandwell 004,Female,2,56.0,54.6,57.4,70,0,0
2019 to 2023,England,MSOA,E02002047,Sandwell 005,Male,1,56.3,54.8,57.8,78,0,0
2019 to 2023,England,MSOA,E02002047,Sandwell 005,Female,2,59.2,57.7,60.7,75,0,0
2019 to 2023,England,MSOA,E02002048,Sandwell 006,Male,1,67.3,65.3,69.2,84,0,0
2019 to 2023,England,MSOA,E02002048,Sandwell 006,Female,2,68.7,67.1,70.2,80,0,0
2019 to 2023,England,MSOA,E02002049,Sandwell 007,Male,1,62.1,60.7,63.6,80,2,0
2019 to 2023,England,MSOA,E02002049,Sandwell 007,Female,2,61.9,60.7,63.2,76,0,0
2019 to 2023,England,MSOA,E02002051,Sandwell 009,Male,1,55.9,54.4,57.5,75,0,0
2019 to 2023,England,MSOA,E02002051,Sandwell 009,Female,2,57.2,55.7,58.7,72,0,0
2019 to 2023,England,MSOA,E02002052,Sandwell 010,Male,1,58.3,57.1,59.6,78,0,0
2019 to 2023,England,MSOA,E02002052,Sandwell 010,Female,2,59.4,58.3,60.6,73,0,0
2019 to 2023,England,MSOA,E02002053,Sandwell 011,Male,1,64.3,62.7,65.8,82,0,0
2019 to 2023,England,MSOA,E02002053,Sandwell 011,Female,2,65.7,64.1,67.3,78,0,0
2019 to 2023,England,MSOA,E02002054,Sandwell 012,Male,1,64.2,62.5,65.9,83,0,0
2019 to 2023,England,MSOA,E02002054,Sandwell 012,Female,2,63.6,61.5,65.7,77,0,0
2019 to 2023,England,MSOA,E02002055,Sandwell 013,Male,1,58.6,57.4,59.8,77,0,0
2019 to 2023,England,MSOA,E02002055,Sandwell 013,Female,2,59.6,58.6,60.7,74,0,0
2019 to 2023,England,MSOA,E02002056,Sandwell 014,Male,1,55.1,53.9,56.3,75,0,0
2019 to 2023,England,MSOA,E02002056,Sandwell 014,Female,2,56.2,55.0,57.4,72,0,0
2019 to 2023,England,MSOA,E02002057,Sandwell 015,Male,1,56.4,55.2,57.5,77,0,0
2019 to 2023,England,MSOA,E02002057,Sandwell 015,Female,2,57.4,56.2,58.7,74,0,0
2019 to 2023,England,MSOA,E02002058,Sandwell 016,Male,1,59.8,58.7,60.8,78,0,0
2019 to 2023,England,MSOA,E02002058,Sandwell 016,Female,2,59.3,58.4,60.3,74,0,0
2019 to 2023,England,MSOA,E02002059,Sandwell 017,Male,1,59.3,58.1,60.4,78,0,0
2019 to 2023,England,MSOA,E02002059,Sandwell 017,Female,2,60.2,59.0,61.3,75,0,0
2019 to 2023,England,MSOA,E02002060,Sandwell 018,Male,1,56.7,55.1,58.4,77,0,0
2019 to 2023,England,MSOA,E02002060,Sandwell 018,Female,2,58.6,57.3,59.9,73,0,0
2019 to 2023,England,MSOA,E02002061,Sandwell 019,Male,1,56.1,54.7,57.5,76,0,0
2019 to 2023,England,MSOA,E02002061,Sandwell 019,Female,2,57.5,56.0,59.1,73,0,0
2019 to 2023,England,MSOA,E02002062,Sandwell 020,Male,1,56.6,55.2,57.9,78,0,0
2019 to 2023,England,MSOA,E02002062,Sandwell 020,Female,2,57.0,55.7,58.3,73,0,0
2019 to 2023,England,MSOA,E02002063,Sandwell 021,Male,1,60.9,59.6,62.2,79,0,0
2019 to 2023,England,MSOA,E02002063,Sandwell 021,Female,2,61.3,60.1,62.5,75,0,0
2019 to 2023,England,MSOA,E02002064,Sandwell 022,Male,1,61.3,60.1,62.4,80,0,0
2019 to 2023,England,MSOA,E02002064,Sandwell 022,Female,2,61.2,60.1,62.4,77,0,0
2019 to 2023,England,MSOA,E02002065,Sandwell 023,Male,1,58.4,57.4,59.5,77,0,0
2019 to 2023,England,MSOA,E02002065,Sandwell 023,Female,2,57.9,56.9,58.9,72,0,0
2019 to 2023,England,MSOA,E02002066,Sandwell 024,Male,1,57.5,56.0,59.0,77,0,0
2019 to 2023,England,MSOA,E02002066,Sandwell 024,Female,2,59.0,57.8,60.2,71,0,0
2019 to 2023,England,MSOA,E02002067,Sandwell 025,Male,1,63.5,61.8,65.1,82,0,0
2019 to 2023,England,MSOA,E02002067,Sandwell 025,Female,2,65.2,63.7,66.7,78,0,0
2019 to 2023,England,MSOA,E02002069,Sandwell 027,Male,1,59.3,58.0,60.6,76,0,0
2019 to 2023,England,MSOA,E02002069,Sandwell 027,Female,2,58.9,57.5,60.3,74,0,0
2019 to 2023,England,MSOA,E02002070,Sandwell 028,Male,1,56.7,55.5,57.9,78,0,0
2019 to 2023,England,MSOA,E02002070,Sandwell 028,Female,2,57.8,56.7,58.9,74,0,0
2019 to 2023,England,MSOA,E02002071,Sandwell 029,Male,1,58.0,56.3,59.8,76,0,0
2019 to 2023,England,MSOA,E02002071,Sandwell 029,Female,2,59.9,58.4,61.3,72,0,0
2019 to 2023,England,MSOA,E02002072,Sandwell 030,Male,1,62.9,61.5,64.2,80,0,0
2019 to 2023,England,MSOA,E02002072,Sandwell 030,Female,2,62.8,61.5,64.0,76,0,0
2019 to 2023,England,MSOA,E02002073,Sandwell 031,Male,1,58.4,56.9,59.9,77,0,0
2019 to 2023,England,MSOA,E02002073,Sandwell 031,Female,2,57.2,56.0,58.5,74,0,0
2019 to 2023,England,MSOA,E02002074,Sandwell 032,Male,1,60.7,59.3,62.2,80,0,0
2019 to 2023,England,MSOA,E02002074,Sandwell 032,Female,2,60.7,59.4,62.0,75,0,0
2019 to 2023,England,MSOA,E02002075,Sandwell 033,Male,1,59.2,57.9,60.6,78,0,0
2019 to 2023,England,MSOA,E02002075,Sandwell 033,Female,2,60.3,59.1,61.6,75,0,0
2019 to 2023,England,MSOA,E02002076,Sandwell 034,Male,1,63.8,62.5,65.0,82,0,0
2019 to 2023,England,MSOA,E02002076,Sandwell 034,Female,2,64.9,63.7,66.1,78,0,0
2019 to 2023,England,MSOA,E02002077,Sandwell 035,Male,1,58.5,57.3,59.7,76,0,0
2019 to 2023,England,MSOA,E02002077,Sandwell 035,Female,2,60.1,58.9,61.3,73,0,0
2019 to 2023,England,MSOA,E02002078,Sandwell 036,Male,1,67.2,65.3,69.1,82,0,0
2019 to 2023,England,MSOA,E02002078,Sandwell 036,Female,2,68.6,67.3,69.8,80,0,0
2019 to 2023,England,MSOA,E02002079,Sandwell 037,Male,1,61.4,59.9,62.8,79,0,0
2019 to 2023,England,MSOA,E02002079,Sandwell 037,Female,2,63.0,61.9,64.2,76,0,0
2019 to 2023,England,MSOA,E02002080,Sandwell 038,Male,1,59.8,58.1,61.5,78,0,0
2019 to 2023,England,MSOA,E02002080,Sandwell 038,Female,2,60.5,59.2,61.8,75,0,0
2019 to 2023,England,MSOA,E02002081,Solihull 001,Male,1,66.3,64.2,68.4,82,0,0
2019 to 2023,England,MSOA,E02002081,Solihull 001,Female,2,66.6,64.8,68.4,78,0,0
2019 to 2023,England,MSOA,E02002082,Solihull 002,Male,1,56.6,55.0,58.3,76,1,0
2019 to 2023,England,MSOA,E02002082,Solihull 002,Female,2,57.9,56.5,59.4,73,0,0
2019 to 2023,England,MSOA,E02002083,Solihull 003,Male,1,68.4,66.7,70.2,84,0,0
2019 to 2023,England,MSOA,E02002083,Solihull 003,Female,2,70.7,69.2,72.2,81,0,0
2019 to 2023,England,MSOA,E02002084,Solihull 004,Male,1,57.1,55.4,58.7,76,0,0
2019 to 2023,England,MSOA,E02002084,Solihull 004,Female,2,59.1,57.5,60.7,73,0,0
2019 to 2023,England,MSOA,E02002085,Solihull 005,Male,1,59.9,58.2,61.6,78,0,0
2019 to 2023,England,MSOA,E02002085,Solihull 005,Female,2,63.0,61.5,64.4,74,0,0
2019 to 2023,England,MSOA,E02002086,Solihull 006,Male,1,55.8,54.2,57.3,76,0,0
2019 to 2023,England,MSOA,E02002086,Solihull 006,Female,2,59.0,57.6,60.5,74,0,0
2019 to 2023,England,MSOA,E02002087,Solihull 007,Male,1,55.7,54.1,57.3,75,0,0
2019 to 2023,England,MSOA,E02002087,Solihull 007,Female,2,55.7,54.1,57.3,69,0,0
2019 to 2023,England,MSOA,E02002088,Solihull 008,Male,1,55.3,54.1,56.5,74,0,0
2019 to 2023,England,MSOA,E02002088,Solihull 008,Female,2,55.8,54.6,57.0,73,0,0
2019 to 2023,England,MSOA,E02002089,Solihull 009,Male,1,64.8,63.2,66.3,83,0,0
2019 to 2023,England,MSOA,E02002089,Solihull 009,Female,2,66.0,64.4,67.6,81,0,0
2019 to 2023,England,MSOA,E02002090,Solihull 010,Male,1,64.8,62.6,67.0,82,0,0
2019 to 2023,England,MSOA,E02002090,Solihull 010,Female,2,68.4,66.9,70.0,81,0,0
2019 to 2023,England,MSOA,E02002091,Solihull 011,Male,1,67.6,66.3,68.9,84,0,0
2019 to 2023,England,MSOA,E02002091,Solihull 011,Female,2,68.4,66.9,69.8,81,0,0
2019 to 2023,England,MSOA,E02002092,Solihull 012,Male,1,64.3,62.7,65.9,82,0,0
2019 to 2023,England,MSOA,E02002092,Solihull 012,Female,2,63.5,61.5,65.5,78,0,0
2019 to 2023,England,MSOA,E02002093,Solihull 013,Male,1,63.9,62.2,65.6,82,0,0
2019 to 2023,England,MSOA,E02002093,Solihull 013,Female,2,65.2,63.6,66.7,79,0,0
2019 to 2023,England,MSOA,E02002094,Solihull 014,Male,1,70.8,68.8,72.8,85,0,0
2019 to 2023,England,MSOA,E02002094,Solihull 014,Female,2,73.2,72.0,74.4,84,0,0
2019 to 2023,England,MSOA,E02002095,Solihull 015,Male,1,68.5,67.1,69.9,85,0,0
2019 to 2023,England,MSOA,E02002095,Solihull 015,Female,2,70.1,68.6,71.6,83,0,0
2019 to 2023,England,MSOA,E02002096,Solihull 016,Male,1,69.9,68.7,71.1,86,0,0
2019 to 2023,England,MSOA,E02002096,Solihull 016,Female,2,70.0,68.9,71.1,83,0,0
2019 to 2023,England,MSOA,E02002097,Solihull 017,Male,1,69.7,67.8,71.6,84,0,0
2019 to 2023,England,MSOA,E02002097,Solihull 017,Female,2,71.3,70.1,72.5,83,0,0
2019 to 2023,England,MSOA,E02002098,Solihull 018,Male,1,67.2,65.6,68.8,84,0,0
2019 to 2023,England,MSOA,E02002098,Solihull 018,Female,2,69.2,68.0,70.3,80,0,0
2019 to 2023,England,MSOA,E02002099,Solihull 019,Male,1,74.5,73.4,75.6,88,0,0
2019 to 2023,England,MSOA,E02002099,Solihull 019,Female,2,76.1,74.8,77.3,86,0,0
2019 to 2023,England,MSOA,E02002101,Solihull 021,Male,1,65.6,63.8,67.4,83,0,0
2019 to 2023,England,MSOA,E02002101,Solihull 021,Female,2,68.3,67.0,69.7,81,0,0
2019 to 2023,England,MSOA,E02002102,Solihull 022,Male,1,67.9,66.6,69.2,85,0,0
2019 to 2023,England,MSOA,E02002102,Solihull 022,Female,2,68.6,67.4,69.8,83,0,0
2019 to 2023,England,MSOA,E02002103,Solihull 023,Male,1,68.4,66.7,70.2,84,0,0
2019 to 2023,England,MSOA,E02002103,Solihull 023,Female,2,69.9,68.7,71.2,81,0,0
2019 to 2023,England,MSOA,E02002104,Solihull 024,Male,1,75.4,73.9,76.9,89,0,0
2019 to 2023,England,MSOA,E02002104,Solihull 024,Female,2,73.8,72.3,75.3,88,0,0
2019 to 2023,England,MSOA,E02002105,Solihull 025,Male,1,72.2,71.0,73.5,87,0,0
2019 to 2023,England,MSOA,E02002105,Solihull 025,Female,2,73.0,71.9,74.2,86,0,0
2019 to 2023,England,MSOA,E02002106,Solihull 026,Male,1,70.6,68.9,72.3,88,0,0
2019 to 2023,England,MSOA,E02002106,Solihull 026,Female,2,74.0,72.9,75.2,87,0,0
2019 to 2023,England,MSOA,E02002107,Solihull 027,Male,1,73.3,72.0,74.7,87,0,0
2019 to 2023,England,MSOA,E02002107,Solihull 027,Female,2,74.4,73.0,75.9,84,0,0
2019 to 2023,England,MSOA,E02002108,Solihull 028,Male,1,72.5,70.8,74.1,87,0,0
2019 to 2023,England,MSOA,E02002108,Solihull 028,Female,2,76.2,75.0,77.4,87,0,0
2019 to 2023,England,MSOA,E02002109,Solihull 029,Male,1,71.3,70.0,72.7,86,0,0
2019 to 2023,England,MSOA,E02002109,Solihull 029,Female,2,73.7,72.4,74.9,86,0,0
2019 to 2023,England,MSOA,E02002110,Walsall 001,Male,1,62.7,61.2,64.1,80,0,0
2019 to 2023,England,MSOA,E02002110,Walsall 001,Female,2,63.6,62.2,64.9,78,0,0
2019 to 2023,England,MSOA,E02002111,Walsall 002,Male,1,58.9,57.2,60.7,77,0,0
2019 to 2023,England,MSOA,E02002111,Walsall 002,Female,2,60.0,58.5,61.4,74,0,0
2019 to 2023,England,MSOA,E02002112,Walsall 003,Male,1,64.3,62.6,66.1,82,0,0
2019 to 2023,England,MSOA,E02002112,Walsall 003,Female,2,65.3,63.4,67.2,77,0,0
2019 to 2023,England,MSOA,E02002113,Walsall 004,Male,1,63.4,61.6,65.1,80,0,0
2019 to 2023,England,MSOA,E02002113,Walsall 004,Female,2,61.9,60.4,63.3,76,0,0
2019 to 2023,England,MSOA,E02002114,Walsall 005,Male,1,64.7,63.0,66.5,81,0,0
2019 to 2023,England,MSOA,E02002114,Walsall 005,Female,2,65.2,63.6,66.7,79,0,0
2019 to 2023,England,MSOA,E02002115,Walsall 006,Male,1,59.3,57.8,60.9,76,0,0
2019 to 2023,England,MSOA,E02002115,Walsall 006,Female,2,61.5,60.2,62.8,74,0,0
2019 to 2023,England,MSOA,E02002116,Walsall 007,Male,1,65.0,63.5,66.6,83,0,0
2019 to 2023,England,MSOA,E02002116,Walsall 007,Female,2,67.5,66.1,68.9,81,0,0
2019 to 2023,England,MSOA,E02002117,Walsall 008,Male,1,61.1,59.2,62.9,78,0,0
2019 to 2023,England,MSOA,E02002117,Walsall 008,Female,2,63.9,62.5,65.4,78,0,0
2019 to 2023,England,MSOA,E02002118,Walsall 009,Male,1,58.6,57.1,60.1,76,0,0
2019 to 2023,England,MSOA,E02002118,Walsall 009,Female,2,57.6,56.2,58.9,72,0,0
2019 to 2023,England,MSOA,E02002119,Walsall 010,Male,1,63.1,61.5,64.7,80,0,0
2019 to 2023,England,MSOA,E02002119,Walsall 010,Female,2,64.3,62.7,65.8,78,0,0
2019 to 2023,England,MSOA,E02002120,Walsall 011,Male,1,66.2,64.7,67.8,81,0,0
2019 to 2023,England,MSOA,E02002120,Walsall 011,Female,2,66.4,64.7,68.2,78,0,0
2019 to 2023,England,MSOA,E02002121,Walsall 012,Male,1,54.6,53.2,55.9,74,0,0
2019 to 2023,England,MSOA,E02002121,Walsall 012,Female,2,55.3,53.9,56.8,75,0,0
2019 to 2023,England,MSOA,E02002122,Walsall 013,Male,1,57.0,55.5,58.6,76,0,0
2019 to 2023,England,MSOA,E02002122,Walsall 013,Female,2,58.3,56.9,59.8,76,0,0
2019 to 2023,England,MSOA,E02002123,Walsall 014,Male,1,60.8,59.2,62.4,79,0,0
2019 to 2023,England,MSOA,E02002123,Walsall 014,Female,2,62.3,60.9,63.7,77,0,0
2019 to 2023,England,MSOA,E02002124,Walsall 015,Male,1,63.3,61.9,64.7,81,0,0
2019 to 2023,England,MSOA,E02002124,Walsall 015,Female,2,65.3,63.9,66.6,77,0,0
2019 to 2023,England,MSOA,E02002125,Walsall 016,Male,1,60.0,58.1,62.0,78,0,0
2019 to 2023,England,MSOA,E02002125,Walsall 016,Female,2,59.3,57.6,60.9,75,0,0
2019 to 2023,England,MSOA,E02002126,Walsall 017,Male,1,52.4,50.8,54.0,72,0,0
2019 to 2023,England,MSOA,E02002126,Walsall 017,Female,2,55.5,54.1,56.9,70,0,0
2019 to 2023,England,MSOA,E02002127,Walsall 018,Male,1,56.8,55.6,58.0,77,0,0
2019 to 2023,England,MSOA,E02002127,Walsall 018,Female,2,56.7,55.5,57.8,73,0,0
2019 to 2023,England,MSOA,E02002128,Walsall 019,Male,1,62.7,60.9,64.5,79,0,0
2019 to 2023,England,MSOA,E02002128,Walsall 019,Female,2,63.1,61.7,64.5,77,0,0
2019 to 2023,England,MSOA,E02002129,Walsall 020,Male,1,62.9,61.0,64.8,79,0,0
2019 to 2023,England,MSOA,E02002129,Walsall 020,Female,2,65.4,63.9,66.8,78,0,0
2019 to 2023,England,MSOA,E02002130,Walsall 021,Male,1,56.8,55.3,58.3,75,0,0
2019 to 2023,England,MSOA,E02002130,Walsall 021,Female,2,57.2,55.7,58.6,72,0,0
2019 to 2023,England,MSOA,E02002131,Walsall 022,Male,1,67.1,65.4,68.9,84,0,0
2019 to 2023,England,MSOA,E02002131,Walsall 022,Female,2,70.8,69.7,71.9,82,0,0
2019 to 2023,England,MSOA,E02002132,Walsall 023,Male,1,58.4,56.6,60.3,79,0,0
2019 to 2023,England,MSOA,E02002132,Walsall 023,Female,2,58.2,56.7,59.7,73,0,0
2019 to 2023,England,MSOA,E02002133,Walsall 024,Male,1,61.0,59.2,62.8,78,0,0
2019 to 2023,England,MSOA,E02002133,Walsall 024,Female,2,63.0,61.4,64.6,77,0,0
2019 to 2023,England,MSOA,E02002134,Walsall 025,Male,1,59.9,58.6,61.3,78,0,0
2019 to 2023,England,MSOA,E02002134,Walsall 025,Female,2,58.8,57.5,60.0,73,0,0
2019 to 2023,England,MSOA,E02002135,Walsall 026,Male,1,57.7,56.3,59.2,76,0,0
2019 to 2023,England,MSOA,E02002135,Walsall 026,Female,2,55.9,54.6,57.2,70,0,0
2019 to 2023,England,MSOA,E02002136,Walsall 027,Male,1,59.5,58.0,60.9,78,0,0
2019 to 2023,England,MSOA,E02002136,Walsall 027,Female,2,60.9,59.4,62.4,74,0,0
2019 to 2023,England,MSOA,E02002137,Walsall 028,Male,1,70.7,68.2,73.3,87,0,0
2019 to 2023,England,MSOA,E02002137,Walsall 028,Female,2,72.0,70.8,73.3,83,0,0
2019 to 2023,England,MSOA,E02002138,Walsall 029,Male,1,64.6,62.7,66.4,81,0,0
2019 to 2023,England,MSOA,E02002138,Walsall 029,Female,2,65.8,64.2,67.4,76,0,0
2019 to 2023,England,MSOA,E02002139,Walsall 030,Male,1,56.0,54.8,57.2,77,0,0
2019 to 2023,England,MSOA,E02002139,Walsall 030,Female,2,58.1,56.8,59.4,72,0,0
2019 to 2023,England,MSOA,E02002140,Walsall 031,Male,1,58.0,56.7,59.3,77,0,0
2019 to 2023,England,MSOA,E02002140,Walsall 031,Female,2,57.8,56.7,59.0,72,0,0
2019 to 2023,England,MSOA,E02002141,Walsall 032,Male,1,71.0,69.7,72.3,85,0,0
2019 to 2023,England,MSOA,E02002141,Walsall 032,Female,2,72.3,71.1,73.6,83,0,0
2019 to 2023,England,MSOA,E02002142,Walsall 033,Male,1,56.7,55.3,58.1,77,0,0
2019 to 2023,England,MSOA,E02002142,Walsall 033,Female,2,57.7,56.1,59.3,73,0,0
2019 to 2023,England,MSOA,E02002143,Walsall 034,Male,1,57.7,56.3,59.0,75,0,0
2019 to 2023,England,MSOA,E02002143,Walsall 034,Female,2,55.6,54.4,56.8,69,0,0
2019 to 2023,England,MSOA,E02002144,Walsall 035,Male,1,69.5,67.7,71.3,85,0,0
2019 to 2023,England,MSOA,E02002144,Walsall 035,Female,2,70.7,69.4,72.1,82,0,0
2019 to 2023,England,MSOA,E02002145,Walsall 036,Male,1,59.1,57.7,60.6,77,0,0
2019 to 2023,England,MSOA,E02002145,Walsall 036,Female,2,57.0,55.7,58.3,72,0,0
2019 to 2023,England,MSOA,E02002146,Walsall 037,Male,1,59.3,57.4,61.1,79,0,0
2019 to 2023,England,MSOA,E02002146,Walsall 037,Female,2,60.2,58.5,61.9,76,0,0
2019 to 2023,England,MSOA,E02002147,Walsall 038,Male,1,57.0,55.8,58.3,77,0,0
2019 to 2023,England,MSOA,E02002147,Walsall 038,Female,2,57.7,56.4,59.0,75,0,0
2019 to 2023,England,MSOA,E02002148,Walsall 039,Male,1,67.2,66.0,68.4,83,0,0
2019 to 2023,England,MSOA,E02002148,Walsall 039,Female,2,68.3,67.3,69.3,80,0,0
2019 to 2023,England,MSOA,E02002149,Wolverhampton 001,Male,1,62.3,61.0,63.5,80,0,0
2019 to 2023,England,MSOA,E02002149,Wolverhampton 001,Female,2,63.0,62.0,64.0,77,0,0
2019 to 2023,England,MSOA,E02002150,Wolverhampton 002,Male,1,60.9,58.9,62.9,82,0,0
2019 to 2023,England,MSOA,E02002150,Wolverhampton 002,Female,2,61.2,59.4,63.0,75,0,0
2019 to 2023,England,MSOA,E02002151,Wolverhampton 003,Male,1,58.6,57.0,60.2,79,0,0
2019 to 2023,England,MSOA,E02002151,Wolverhampton 003,Female,2,60.0,58.4,61.5,75,0,0
2019 to 2023,England,MSOA,E02002152,Wolverhampton 004,Male,1,56.6,54.9,58.2,76,0,0
2019 to 2023,England,MSOA,E02002152,Wolverhampton 004,Female,2,55.6,54.0,57.1,73,0,0
2019 to 2023,England,MSOA,E02002153,Wolverhampton 005,Male,1,60.2,58.8,61.6,78,0,0
2019 to 2023,England,MSOA,E02002153,Wolverhampton 005,Female,2,61.2,59.7,62.8,74,0,0
2019 to 2023,England,MSOA,E02002154,Wolverhampton 006,Male,1,60.2,58.8,61.6,80,0,0
2019 to 2023,England,MSOA,E02002154,Wolverhampton 006,Female,2,61.3,59.8,62.8,76,0,0
2019 to 2023,England,MSOA,E02002155,Wolverhampton 007,Male,1,56.9,55.2,58.6,76,0,0
2019 to 2023,England,MSOA,E02002155,Wolverhampton 007,Female,2,55.5,54.2,56.8,70,0,0
2019 to 2023,England,MSOA,E02002156,Wolverhampton 008,Male,1,62.8,61.2,64.3,81,0,0
2019 to 2023,England,MSOA,E02002156,Wolverhampton 008,Female,2,61.9,60.4,63.4,77,0,0
2019 to 2023,England,MSOA,E02002157,Wolverhampton 009,Male,1,67.4,66.2,68.7,83,0,0
2019 to 2023,England,MSOA,E02002157,Wolverhampton 009,Female,2,69.2,67.8,70.7,81,0,0
2019 to 2023,England,MSOA,E02002158,Wolverhampton 010,Male,1,60.3,58.9,61.7,78,0,0
2019 to 2023,England,MSOA,E02002158,Wolverhampton 010,Female,2,61.2,59.7,62.7,76,0,0
2019 to 2023,England,MSOA,E02002159,Wolverhampton 011,Male,1,58.6,56.8,60.4,78,0,0
2019 to 2023,England,MSOA,E02002159,Wolverhampton 011,Female,2,60.0,58.5,61.5,74,0,0
2019 to 2023,England,MSOA,E02002160,Wolverhampton 012,Male,1,63.7,62.1,65.2,81,0,0
2019 to 2023,England,MSOA,E02002160,Wolverhampton 012,Female,2,62.4,61.1,63.7,77,0,0
2019 to 2023,England,MSOA,E02002161,Wolverhampton 013,Male,1,59.8,58.2,61.4,79,0,0
2019 to 2023,England,MSOA,E02002161,Wolverhampton 013,Female,2,58.7,57.2,60.2,74,0,0
2019 to 2023,England,MSOA,E02002162,Wolverhampton 014,Male,1,66.7,65.5,67.9,84,0,0
2019 to 2023,England,MSOA,E02002162,Wolverhampton 014,Female,2,68.5,67.1,70.0,82,0,0
2019 to 2023,England,MSOA,E02002163,Wolverhampton 015,Male,1,57.9,56.7,59.1,77,0,0
2019 to 2023,England,MSOA,E02002163,Wolverhampton 015,Female,2,58.7,57.6,59.8,72,0,0
2019 to 2023,England,MSOA,E02002164,Wolverhampton 016,Male,1,57.1,55.5,58.7,77,1,0
2019 to 2023,England,MSOA,E02002164,Wolverhampton 016,Female,2,57.9,56.1,59.7,68,0,0
2019 to 2023,England,MSOA,E02002165,Wolverhampton 017,Male,1,60.4,59.1,61.8,80,0,0
2019 to 2023,England,MSOA,E02002165,Wolverhampton 017,Female,2,60.5,59.0,61.9,77,0,0
2019 to 2023,England,MSOA,E02002166,Wolverhampton 018,Male,1,56.5,55.1,57.9,76,0,0
2019 to 2023,England,MSOA,E02002166,Wolverhampton 018,Female,2,56.1,54.8,57.4,72,0,0
2019 to 2023,England,MSOA,E02002167,Wolverhampton 019,Male,1,66.7,64.9,68.5,82,0,0
2019 to 2023,England,MSOA,E02002167,Wolverhampton 019,Female,2,66.8,64.9,68.6,80,0,0
2019 to 2023,England,MSOA,E02002168,Wolverhampton 020,Male,1,57.4,56.2,58.6,78,0,0
2019 to 2023,England,MSOA,E02002168,Wolverhampton 020,Female,2,58.4,57.2,59.6,73,0,0
2019 to 2023,England,MSOA,E02002169,Wolverhampton 021,Male,1,66.9,65.5,68.3,84,0,0
2019 to 2023,England,MSOA,E02002169,Wolverhampton 021,Female,2,68.7,67.4,69.9,82,0,0
2019 to 2023,England,MSOA,E02002170,Wolverhampton 022,Male,1,60.8,59.2,62.4,78,0,0
2019 to 2023,England,MSOA,E02002170,Wolverhampton 022,Female,2,60.4,59.0,61.7,76,0,0
2019 to 2023,England,MSOA,E02002171,Wolverhampton 023,Male,1,58.5,57.0,60.0,77,0,0
2019 to 2023,England,MSOA,E02002171,Wolverhampton 023,Female,2,59.8,58.6,61.1,73,0,0
2019 to 2023,England,MSOA,E02002174,Wolverhampton 026,Male,1,62.8,61.3,64.2,81,0,0
2019 to 2023,England,MSOA,E02002174,Wolverhampton 026,Female,2,65.3,64.0,66.6,80,0,0
2019 to 2023,England,MSOA,E02002175,Wolverhampton 027,Male,1,57.4,55.9,58.9,77,0,0
2019 to 2023,England,MSOA,E02002175,Wolverhampton 027,Female,2,58.5,57.2,59.8,73,0,0
2019 to 2023,England,MSOA,E02002176,Wolverhampton 028,Male,1,64.1,62.7,65.5,80,0,0
2019 to 2023,England,MSOA,E02002176,Wolverhampton 028,Female,2,64.1,62.7,65.4,78,0,0
2019 to 2023,England,MSOA,E02002177,Wolverhampton 029,Male,1,59.5,58.4,60.7,79,0,0
2019 to 2023,England,MSOA,E02002177,Wolverhampton 029,Female,2,59.6,58.5,60.7,75,0,0
2019 to 2023,England,MSOA,E02002178,Wolverhampton 030,Male,1,64.4,62.9,65.9,83,0,0
2019 to 2023,England,MSOA,E02002178,Wolverhampton 030,Female,2,64.0,62.6,65.4,80,0,0
2019 to 2023,England,MSOA,E02002179,Wolverhampton 031,Male,1,67.9,66.6,69.2,83,0,0
2019 to 2023,England,MSOA,E02002179,Wolverhampton 031,Female,2,66.5,64.7,68.3,81,0,0
2019 to 2023,England,MSOA,E02002180,Wolverhampton 032,Male,1,61.6,59.8,63.4,80,0,0
2019 to 2023,England,MSOA,E02002180,Wolverhampton 032,Female,2,62.7,61.4,63.9,75,0,0
2019 to 2023,England,MSOA,E02002181,Wolverhampton 033,Male,1,57.8,56.5,59.2,77,0,0
2019 to 2023,England,MSOA,E02002181,Wolverhampton 033,Female,2,58.9,57.6,60.3,73,0,0
2019 to 2023,England,MSOA,E02002182,Wolverhampton 034,Male,1,60.1,58.6,61.5,78,0,0
2019 to 2023,England,MSOA,E02002182,Wolverhampton 034,Female,2,59.2,57.8,60.7,74,0,0
2019 to 2023,England,MSOA,E02002809,Derby 014,Male,1,61.5,59.7,63.3,80,0,0
2019 to 2023,England,MSOA,E02002809,Derby 014,Female,2,61.7,60.5,63.0,78,0,0
2019 to 2023,England,MSOA,E02002812,Derby 017,Male,1,63.9,62.6,65.2,82,0,0
2019 to 2023,England,MSOA,E02002812,Derby 017,Female,2,63.9,62.4,65.3,80,0,0
2019 to 2023,England,MSOA,E02002813,Derby 018,Male,1,55.5,54.3,56.7,77,0,0
2019 to 2023,England,MSOA,E02002813,Derby 018,Female,2,54.5,53.3,55.6,70,0,0
2019 to 2023,England,MSOA,E02002814,Derby 019,Male,1,67.5,65.9,69.1,85,0,0
2019 to 2023,England,MSOA,E02002814,Derby 019,Female,2,68.7,67.4,70.0,83,0,0
2019 to 2023,England,MSOA,E02002815,Derby 020,Male,1,61.0,59.5,62.6,79,0,0
2019 to 2023,England,MSOA,E02002815,Derby 020,Female,2,56.9,55.3,58.5,70,0,0
2019 to 2023,England,MSOA,E02002816,Derby 021,Male,1,71.1,69.4,72.8,84,0,0
2019 to 2023,England,MSOA,E02002816,Derby 021,Female,2,70.5,69.0,72.1,80,0,0
2019 to 2023,England,MSOA,E02002817,Derby 022,Male,1,67.3,65.7,68.8,83,0,0
2019 to 2023,England,MSOA,E02002817,Derby 022,Female,2,67.2,66.0,68.5,80,0,0
2019 to 2023,England,MSOA,E02002818,Derby 023,Male,1,57.4,56.1,58.7,79,1,0
2019 to 2023,England,MSOA,E02002818,Derby 023,Female,2,57.3,56.0,58.6,75,0,0
2019 to 2023,England,MSOA,E02002819,Derby 024,Male,1,58.5,57.1,60.0,78,0,0
2019 to 2023,England,MSOA,E02002819,Derby 024,Female,2,58.9,57.4,60.3,75,0,0
2019 to 2023,England,MSOA,E02002820,Derby 025,Male,1,59.4,58.0,60.7,78,0,0
2019 to 2023,England,MSOA,E02002820,Derby 025,Female,2,58.9,57.6,60.3,74,0,0
2019 to 2023,England,MSOA,E02002821,Derby 026,Male,1,55.9,54.6,57.1,77,0,0
2019 to 2023,England,MSOA,E02002821,Derby 026,Female,2,56.7,55.5,57.8,72,0,0
2019 to 2023,England,MSOA,E02002822,Derby 027,Male,1,63.9,62.4,65.4,80,0,0
2019 to 2023,England,MSOA,E02002822,Derby 027,Female,2,63.5,62.1,65.0,76,0,0
2019 to 2023,England,MSOA,E02002823,Derby 028,Male,1,60.6,59.1,62.1,79,0,0
2019 to 2023,England,MSOA,E02002823,Derby 028,Female,2,60.4,59.0,61.8,74,0,0
2019 to 2023,England,MSOA,E02002824,Derby 029,Male,1,61.1,59.8,62.3,78,0,0
2019 to 2023,England,MSOA,E02002824,Derby 029,Female,2,60.0,58.7,61.3,74,0,0
2019 to 2023,England,MSOA,E02002825,Derby 030,Male,1,63.5,61.9,65.0,82,0,0
2019 to 2023,England,MSOA,E02002825,Derby 030,Female,2,65.3,64.2,66.5,80,0,0
2019 to 2023,England,MSOA,E02002826,Derby 031,Male,1,67.2,65.3,69.1,83,0,0
2019 to 2023,England,MSOA,E02002826,Derby 031,Female,2,68.9,67.3,70.5,79,0,0
2019 to 2023,England,MSOA,E02002905,Herefordshire 001,Male,1,68.8,67.1,70.6,85,0,0
2019 to 2023,England,MSOA,E02002905,Herefordshire 001,Female,2,67.8,63.8,71.8,83,0,0
2019 to 2023,England,MSOA,E02002908,Herefordshire 004,Male,1,69.0,67.2,70.9,85,0,0
2019 to 2023,England,MSOA,E02002908,Herefordshire 004,Female,2,72.1,70.7,73.6,83,0,0
2019 to 2023,England,MSOA,E02002909,Herefordshire 005,Male,1,66.6,65.2,68.0,83,0,0
2019 to 2023,England,MSOA,E02002909,Herefordshire 005,Female,2,67.9,66.6,69.1,81,0,0
2019 to 2023,England,MSOA,E02002928,Telford and Wrekin 001,Male,1,67.4,65.8,69.0,82,0,0
2019 to 2023,England,MSOA,E02002928,Telford and Wrekin 001,Female,2,68.2,66.8,69.6,81,0,0
2019 to 2023,England,MSOA,E02002929,Telford and Wrekin 002,Male,1,69.2,67.5,70.8,85,0,0
2019 to 2023,England,MSOA,E02002929,Telford and Wrekin 002,Female,2,69.7,67.5,71.9,85,0,0
2019 to 2023,England,MSOA,E02002930,Telford and Wrekin 003,Male,1,65.6,64.0,67.2,82,0,0
2019 to 2023,England,MSOA,E02002930,Telford and Wrekin 003,Female,2,67.6,65.9,69.4,79,0,0
2019 to 2023,England,MSOA,E02002931,Telford and Wrekin 004,Male,1,69.7,68.1,71.4,84,0,0
2019 to 2023,England,MSOA,E02002931,Telford and Wrekin 004,Female,2,70.2,68.7,71.6,82,0,0
2019 to 2023,England,MSOA,E02002932,Telford and Wrekin 005,Male,1,59.0,57.7,60.3,77,0,0
2019 to 2023,England,MSOA,E02002932,Telford and Wrekin 005,Female,2,58.7,57.3,60.1,72,0,0
2019 to 2023,England,MSOA,E02002933,Telford and Wrekin 006,Male,1,65.2,64.0,66.5,80,0,0
2019 to 2023,England,MSOA,E02002933,Telford and Wrekin 006,Female,2,66.2,64.9,67.4,78,0,0
2019 to 2023,England,MSOA,E02002934,Telford and Wrekin 007,Male,1,63.8,62.1,65.4,82,0,0
2019 to 2023,England,MSOA,E02002934,Telford and Wrekin 007,Female,2,64.6,63.1,66.2,79,0,0
2019 to 2023,England,MSOA,E02002935,Telford and Wrekin 008,Male,1,62.9,61.5,64.4,80,0,0
2019 to 2023,England,MSOA,E02002935,Telford and Wrekin 008,Female,2,62.9,61.4,64.5,76,0,0
2019 to 2023,England,MSOA,E02002936,Telford and Wrekin 009,Male,1,61.3,60.2,62.5,80,0,0
2019 to 2023,England,MSOA,E02002936,Telford and Wrekin 009,Female,2,61.9,60.6,63.1,75,0,0
2019 to 2023,England,MSOA,E02002937,Telford and Wrekin 010,Male,1,67.7,66.5,68.9,85,0,0
2019 to 2023,England,MSOA,E02002937,Telford and Wrekin 010,Female,2,68.3,67.1,69.6,82,0,0
2019 to 2023,England,MSOA,E02002938,Telford and Wrekin 011,Male,1,61.0,59.2,62.7,79,0,0
2019 to 2023,England,MSOA,E02002938,Telford and Wrekin 011,Female,2,61.9,60.2,63.6,74,0,0
2019 to 2023,England,MSOA,E02002939,Telford and Wrekin 012,Male,1,61.8,60.4,63.1,80,0,0
2019 to 2023,England,MSOA,E02002939,Telford and Wrekin 012,Female,2,64.3,62.9,65.7,79,0,0
2019 to 2023,England,MSOA,E02002940,Telford and Wrekin 013,Male,1,62.1,60.4,63.9,79,0,0
2019 to 2023,England,MSOA,E02002940,Telford and Wrekin 013,Female,2,62.5,60.9,64.1,77,0,0
2019 to 2023,England,MSOA,E02002941,Telford and Wrekin 014,Male,1,61.1,59.7,62.5,79,0,0
2019 to 2023,England,MSOA,E02002941,Telford and Wrekin 014,Female,2,61.2,60.0,62.5,76,0,0
2019 to 2023,England,MSOA,E02002942,Telford and Wrekin 015,Male,1,69.0,67.7,70.4,86,0,0
2019 to 2023,England,MSOA,E02002942,Telford and Wrekin 015,Female,2,68.9,67.5,70.2,85,0,0
2019 to 2023,England,MSOA,E02002944,Telford and Wrekin 017,Male,1,56.6,55.3,57.8,74,0,0
2019 to 2023,England,MSOA,E02002944,Telford and Wrekin 017,Female,2,56.5,55.2,57.8,71,0,0
2019 to 2023,England,MSOA,E02002945,Telford and Wrekin 018,Male,1,60.2,58.6,61.9,78,0,0
2019 to 2023,England,MSOA,E02002945,Telford and Wrekin 018,Female,2,62.5,61.2,63.8,76,0,0
2019 to 2023,England,MSOA,E02002946,Telford and Wrekin 019,Male,1,59.8,58.2,61.4,78,0,0
2019 to 2023,England,MSOA,E02002946,Telford and Wrekin 019,Female,2,62.1,60.7,63.4,76,0,0
2019 to 2023,England,MSOA,E02002947,Telford and Wrekin 020,Male,1,59.2,57.5,61.0,78,0,0
2019 to 2023,England,MSOA,E02002947,Telford and Wrekin 020,Female,2,61.0,59.4,62.6,75,0,0
2019 to 2023,England,MSOA,E02002948,Telford and Wrekin 021,Male,1,55.6,54.0,57.3,74,0,0
2019 to 2023,England,MSOA,E02002948,Telford and Wrekin 021,Female,2,55.2,53.6,56.7,70,0,0
2019 to 2023,England,MSOA,E02002949,Telford and Wrekin 022,Male,1,60.3,58.0,62.5,78,0,0
2019 to 2023,England,MSOA,E02002949,Telford and Wrekin 022,Female,2,63.1,61.4,64.7,76,0,0
2019 to 2023,England,MSOA,E02002950,Telford and Wrekin 023,Male,1,56.4,54.3,58.6,77,0,0
2019 to 2023,England,MSOA,E02002950,Telford and Wrekin 023,Female,2,58.1,56.2,59.9,74,0,0
2019 to 2023,England,MSOA,E02004077,Derbyshire Dales 010,Male,1,71.1,69.3,73.0,85,0,0
2019 to 2023,England,MSOA,E02004077,Derbyshire Dales 010,Female,2,73.3,71.9,74.6,86,0,0
2019 to 2023,England,MSOA,E02004086,Erewash 009,Male,1,67.1,65.7,68.5,84,0,0
2019 to 2023,England,MSOA,E02004086,Erewash 009,Female,2,68.4,67.1,69.8,82,0,0
2019 to 2023,England,MSOA,E02004088,Erewash 011,Male,1,69.3,68.1,70.5,86,0,0
2019 to 2023,England,MSOA,E02004088,Erewash 011,Female,2,70.9,69.6,72.1,83,0,0
2019 to 2023,England,MSOA,E02004090,Erewash 013,Male,1,66.4,64.2,68.6,83,0,0
2019 to 2023,England,MSOA,E02004090,Erewash 013,Female,2,66.7,64.8,68.6,82,0,0
2019 to 2023,England,MSOA,E02004091,Erewash 014,Male,1,66.6,65.4,67.8,83,0,0
2019 to 2023,England,MSOA,E02004091,Erewash 014,Female,2,68.2,67.1,69.3,82,0,0
2019 to 2023,England,MSOA,E02004092,Erewash 015,Male,1,63.8,62.2,65.3,81,0,0
2019 to 2023,England,MSOA,E02004092,Erewash 015,Female,2,64.3,62.9,65.7,77,0,0
2019 to 2023,England,MSOA,E02004118,South Derbyshire 001,Male,1,68.3,66.4,70.2,85,0,0
2019 to 2023,England,MSOA,E02004118,South Derbyshire 001,Female,2,68.6,66.8,70.4,82,0,0
2019 to 2023,England,MSOA,E02004119,South Derbyshire 002,Male,1,69.4,68.2,70.6,86,0,0
2019 to 2023,England,MSOA,E02004119,South Derbyshire 002,Female,2,69.3,68.2,70.4,83,0,0
2019 to 2023,England,MSOA,E02004120,South Derbyshire 003,Male,1,67.2,65.9,68.6,83,0,0
2019 to 2023,England,MSOA,E02004120,South Derbyshire 003,Female,2,67.9,66.7,69.0,81,0,0
2019 to 2023,England,MSOA,E02004121,South Derbyshire 004,Male,1,69.4,68.0,70.7,85,0,0
2019 to 2023,England,MSOA,E02004121,South Derbyshire 004,Female,2,70.5,69.4,71.6,82,0,0
2019 to 2023,England,MSOA,E02004122,South Derbyshire 005,Male,1,69.7,67.6,71.8,87,0,0
2019 to 2023,England,MSOA,E02004122,South Derbyshire 005,Female,2,71.7,69.8,73.6,86,0,0
2019 to 2023,England,MSOA,E02004123,South Derbyshire 006,Male,1,69.1,67.4,70.9,85,0,0
2019 to 2023,England,MSOA,E02004123,South Derbyshire 006,Female,2,71.2,69.5,72.8,84,0,0
2019 to 2023,England,MSOA,E02004124,South Derbyshire 007,Male,1,63.6,62.1,65.2,80,0,0
2019 to 2023,England,MSOA,E02004124,South Derbyshire 007,Female,2,65.1,63.8,66.5,78,0,0
2019 to 2023,England,MSOA,E02004125,South Derbyshire 008,Male,1,61.1,59.7,62.6,79,0,0
2019 to 2023,England,MSOA,E02004125,South Derbyshire 008,Female,2,63.0,61.8,64.2,77,0,0
2019 to 2023,England,MSOA,E02004126,South Derbyshire 009,Male,1,61.0,59.6,62.4,79,0,0
2019 to 2023,England,MSOA,E02004126,South Derbyshire 009,Female,2,62.1,60.5,63.6,76,0,0
2019 to 2023,England,MSOA,E02004128,South Derbyshire 011,Male,1,65.1,63.9,66.4,82,0,0
2019 to 2023,England,MSOA,E02004128,South Derbyshire 011,Female,2,66.8,65.8,67.9,81,0,0
2019 to 2023,England,MSOA,E02005335,Blaby 003,Male,1,69.0,67.4,70.6,85,0,0
2019 to 2023,England,MSOA,E02005335,Blaby 003,Female,2,70.8,69.4,72.1,84,0,0
2019 to 2023,England,MSOA,E02005342,Blaby 010,Male,1,68.1,66.7,69.6,84,0,0
2019 to 2023,England,MSOA,E02005342,Blaby 010,Female,2,70.2,68.9,71.5,81,0,0
2019 to 2023,England,MSOA,E02005344,Blaby 012,Male,1,69.3,68.2,70.5,85,0,0
2019 to 2023,England,MSOA,E02005344,Blaby 012,Female,2,68.9,67.5,70.2,83,0,0
2019 to 2023,England,MSOA,E02005349,Charnwood 005,Male,1,66.3,64.8,67.7,83,0,0
2019 to 2023,England,MSOA,E02005349,Charnwood 005,Female,2,66.4,64.9,68.0,81,0,0
2019 to 2023,England,MSOA,E02005350,Charnwood 006,Male,1,63.6,62.0,65.1,82,0,0
2019 to 2023,England,MSOA,E02005350,Charnwood 006,Female,2,66.1,64.9,67.2,80,0,0
2019 to 2023,England,MSOA,E02005372,Harborough 006,Male,1,70.9,69.7,72.2,87,0,0
2019 to 2023,England,MSOA,E02005372,Harborough 006,Female,2,73.8,72.6,75.0,86,0,0
2019 to 2023,England,MSOA,E02005377,Hinckley and Bosworth 001,Male,1,67.8,66.6,69.1,83,0,0
2019 to 2023,England,MSOA,E02005377,Hinckley and Bosworth 001,Female,2,69.4,68.2,70.6,81,0,0
2019 to 2023,England,MSOA,E02005380,Hinckley and Bosworth 004,Male,1,69.9,68.7,71.1,86,0,0
2019 to 2023,England,MSOA,E02005380,Hinckley and Bosworth 004,Female,2,70.2,68.8,71.7,83,0,0
2019 to 2023,England,MSOA,E02005381,Hinckley and Bosworth 005,Male,1,67.7,66.3,69.0,84,0,0
2019 to 2023,England,MSOA,E02005381,Hinckley and Bosworth 005,Female,2,67.8,66.1,69.5,82,0,0
2019 to 2023,England,MSOA,E02005382,Hinckley and Bosworth 006,Male,1,62.9,61.6,64.2,81,0,0
2019 to 2023,England,MSOA,E02005382,Hinckley and Bosworth 006,Female,2,65.1,64.1,66.2,78,0,0
2019 to 2023,England,MSOA,E02005383,Hinckley and Bosworth 007,Male,1,63.7,62.3,65.1,81,0,0
2019 to 2023,England,MSOA,E02005383,Hinckley and Bosworth 007,Female,2,63.5,62.0,65.0,80,0,0
2019 to 2023,England,MSOA,E02005384,Hinckley and Bosworth 008,Male,1,68.9,67.2,70.5,84,0,0
2019 to 2023,England,MSOA,E02005384,Hinckley and Bosworth 008,Female,2,71.4,69.9,72.9,84,0,0
2019 to 2023,England,MSOA,E02005385,Hinckley and Bosworth 009,Male,1,68.8,67.2,70.4,85,0,0
2019 to 2023,England,MSOA,E02005385,Hinckley and Bosworth 009,Female,2,71.0,69.5,72.6,82,0,0
2019 to 2023,England,MSOA,E02005386,Hinckley and Bosworth 010,Male,1,61.2,59.7,62.8,81,0,0
2019 to 2023,England,MSOA,E02005386,Hinckley and Bosworth 010,Female,2,63.3,61.8,64.9,79,0,0
2019 to 2023,England,MSOA,E02005387,Hinckley and Bosworth 011,Male,1,64.6,63.2,65.9,81,0,0
2019 to 2023,England,MSOA,E02005387,Hinckley and Bosworth 011,Female,2,67.3,66.0,68.5,81,0,0
2019 to 2023,England,MSOA,E02005388,Hinckley and Bosworth 012,Male,1,64.2,62.6,65.7,82,0,0
2019 to 2023,England,MSOA,E02005388,Hinckley and Bosworth 012,Female,2,66.3,64.7,67.8,78,0,0
2019 to 2023,England,MSOA,E02005389,Hinckley and Bosworth 013,Male,1,64.8,63.0,66.7,82,0,0
2019 to 2023,England,MSOA,E02005389,Hinckley and Bosworth 013,Female,2,65.7,64.1,67.3,80,0,0
2019 to 2023,England,MSOA,E02005390,Hinckley and Bosworth 014,Male,1,70.9,69.7,72.1,85,0,0
2019 to 2023,England,MSOA,E02005390,Hinckley and Bosworth 014,Female,2,72.6,71.4,73.7,83,0,0
2019 to 2023,England,MSOA,E02005397,North West Leicestershire 001,Male,1,67.2,65.8,68.6,84,0,0
2019 to 2023,England,MSOA,E02005397,North West Leicestershire 001,Female,2,67.9,66.6,69.3,81,0,0
2019 to 2023,England,MSOA,E02005398,North West Leicestershire 002,Male,1,69.7,68.1,71.4,85,0,0
2019 to 2023,England,MSOA,E02005398,North West Leicestershire 002,Female,2,70.9,69.4,72.4,83,0,0
2019 to 2023,England,MSOA,E02005399,North West Leicestershire 003,Male,1,68.6,67.0,70.2,84,0,0
2019 to 2023,England,MSOA,E02005399,North West Leicestershire 003,Female,2,68.7,67.3,70.1,83,0,0
2019 to 2023,England,MSOA,E02005400,North West Leicestershire 004,Male,1,66.7,65.2,68.3,84,0,0
2019 to 2023,England,MSOA,E02005400,North West Leicestershire 004,Female,2,66.0,64.4,67.6,81,0,0
2019 to 2023,England,MSOA,E02005401,North West Leicestershire 005,Male,1,70.3,68.9,71.7,85,0,0
2019 to 2023,England,MSOA,E02005401,North West Leicestershire 005,Female,2,71.7,70.3,73.2,84,0,0
2019 to 2023,England,MSOA,E02005402,North West Leicestershire 006,Male,1,67.5,65.9,69.1,84,0,0
2019 to 2023,England,MSOA,E02005402,North West Leicestershire 006,Female,2,67.6,66.1,69.1,82,0,0
2019 to 2023,England,MSOA,E02005403,North West Leicestershire 007,Male,1,64.9,63.6,66.2,81,0,0
2019 to 2023,England,MSOA,E02005403,North West Leicestershire 007,Female,2,65.4,63.8,67.1,79,0,0
2019 to 2023,England,MSOA,E02005404,North West Leicestershire 008,Male,1,65.8,64.5,67.1,82,0,0
2019 to 2023,England,MSOA,E02005404,North West Leicestershire 008,Female,2,65.9,64.5,67.3,79,0,0
2019 to 2023,England,MSOA,E02005405,North West Leicestershire 009,Male,1,62.0,60.4,63.7,79,0,0
2019 to 2023,England,MSOA,E02005405,North West Leicestershire 009,Female,2,61.8,60.4,63.2,76,0,0
2019 to 2023,England,MSOA,E02005406,North West Leicestershire 010,Male,1,60.5,59.1,61.8,80,0,0
2019 to 2023,England,MSOA,E02005406,North West Leicestershire 010,Female,2,62.1,60.9,63.4,79,0,0
2019 to 2023,England,MSOA,E02005407,North West Leicestershire 011,Male,1,66.6,65.2,67.9,82,0,0
2019 to 2023,England,MSOA,E02005407,North West Leicestershire 011,Female,2,67.4,66.1,68.7,80,0,0
2019 to 2023,England,MSOA,E02005408,North West Leicestershire 012,Male,1,65.2,63.5,66.9,82,0,0
2019 to 2023,England,MSOA,E02005408,North West Leicestershire 012,Female,2,68.4,67.2,69.6,81,0,0
2019 to 2023,England,MSOA,E02005409,North West Leicestershire 013,Male,1,64.6,63.4,65.8,82,0,0
2019 to 2023,England,MSOA,E02005409,North West Leicestershire 013,Female,2,66.2,65.1,67.4,80,0,0
2019 to 2023,England,MSOA,E02006008,Shropshire 025,Male,1,68.0,66.8,69.2,84,0,0
2019 to 2023,England,MSOA,E02006008,Shropshire 025,Female,2,69.0,67.9,70.0,82,0,0
2019 to 2023,England,MSOA,E02006009,Shropshire 027,Male,1,69.4,68.1,70.7,84,0,0
2019 to 2023,England,MSOA,E02006009,Shropshire 027,Female,2,68.2,66.9,69.5,81,0,0
2019 to 2023,England,MSOA,E02006010,Shropshire 029,Male,1,67.7,66.3,69.1,84,0,0
2019 to 2023,England,MSOA,E02006010,Shropshire 029,Female,2,68.4,67.1,69.7,82,0,0
2019 to 2023,England,MSOA,E02006011,Shropshire 031,Male,1,67.2,65.8,68.7,84,0,0
2019 to 2023,England,MSOA,E02006011,Shropshire 031,Female,2,68.9,67.5,70.3,82,0,0
2019 to 2023,England,MSOA,E02006012,Shropshire 033,Male,1,66.7,65.4,68.0,82,0,0
2019 to 2023,England,MSOA,E02006012,Shropshire 033,Female,2,67.8,66.4,69.2,82,0,0
2019 to 2023,England,MSOA,E02006013,Shropshire 034,Male,1,68.4,66.9,69.9,85,0,0
2019 to 2023,England,MSOA,E02006013,Shropshire 034,Female,2,70.4,69.4,71.5,84,0,0
2019 to 2023,England,MSOA,E02006014,Shropshire 035,Male,1,68.6,67.6,69.7,84,0,0
2019 to 2023,England,MSOA,E02006014,Shropshire 035,Female,2,70.0,69.0,70.9,83,0,0
2019 to 2023,England,MSOA,E02006016,Shropshire 002,Male,1,68.8,67.1,70.5,85,0,0
2019 to 2023,England,MSOA,E02006016,Shropshire 002,Female,2,69.8,68.4,71.2,81,0,0
2019 to 2023,England,MSOA,E02006018,Shropshire 005,Male,1,65.8,64.5,67.0,82,0,0
2019 to 2023,England,MSOA,E02006018,Shropshire 005,Female,2,67.1,65.9,68.4,80,0,0
2019 to 2023,England,MSOA,E02006020,Shropshire 009,Male,1,64.5,62.8,66.3,82,0,0
2019 to 2023,England,MSOA,E02006020,Shropshire 009,Female,2,67.2,65.4,69.0,81,0,0
2019 to 2023,England,MSOA,E02006022,Shropshire 013,Male,1,67.6,65.9,69.4,85,0,0
2019 to 2023,England,MSOA,E02006022,Shropshire 013,Female,2,69.8,68.1,71.6,84,0,0
2019 to 2023,England,MSOA,E02006038,Shropshire 024,Male,1,68.7,67.4,69.9,84,0,0
2019 to 2023,England,MSOA,E02006038,Shropshire 024,Female,2,69.7,68.5,70.8,82,0,0
2019 to 2023,England,MSOA,E02006040,Shropshire 028,Male,1,70.6,69.0,72.2,85,0,0
2019 to 2023,England,MSOA,E02006040,Shropshire 028,Female,2,73.1,71.7,74.5,85,0,0
2019 to 2023,England,MSOA,E02006043,Shropshire 036,Male,1,66.6,65.0,68.2,82,0,0
2019 to 2023,England,MSOA,E02006043,Shropshire 036,Female,2,69.2,67.2,71.2,82,0,0
2019 to 2023,England,MSOA,E02006046,Shropshire 039,Male,1,66.9,65.2,68.6,83,0,0
2019 to 2023,England,MSOA,E02006046,Shropshire 039,Female,2,71.1,70.0,72.2,82,0,0
2019 to 2023,England,MSOA,E02006118,Cannock Chase 001,Male,1,68.8,67.0,70.5,84,0,0
2019 to 2023,England,MSOA,E02006118,Cannock Chase 001,Female,2,68.8,67.2,70.5,81,0,0
2019 to 2023,England,MSOA,E02006119,Cannock Chase 002,Male,1,59.7,58.2,61.2,78,0,0
2019 to 2023,England,MSOA,E02006119,Cannock Chase 002,Female,2,60.5,59.4,61.7,74,0,0
2019 to 2023,England,MSOA,E02006120,Cannock Chase 003,Male,1,61.5,60.1,62.9,79,0,0
2019 to 2023,England,MSOA,E02006120,Cannock Chase 003,Female,2,62.1,60.8,63.5,76,0,0
2019 to 2023,England,MSOA,E02006121,Cannock Chase 004,Male,1,62.7,61.1,64.3,80,0,0
2019 to 2023,England,MSOA,E02006121,Cannock Chase 004,Female,2,64.2,62.5,65.8,77,0,0
2019 to 2023,England,MSOA,E02006122,Cannock Chase 005,Male,1,64.6,62.9,66.3,81,0,0
2019 to 2023,England,MSOA,E02006122,Cannock Chase 005,Female,2,63.6,62.1,65.2,75,0,0
2019 to 2023,England,MSOA,E02006123,Cannock Chase 006,Male,1,63.2,61.9,64.6,82,0,0
2019 to 2023,England,MSOA,E02006123,Cannock Chase 006,Female,2,63.7,61.9,65.6,80,0,0
2019 to 2023,England,MSOA,E02006124,Cannock Chase 007,Male,1,57.2,55.7,58.6,75,0,0
2019 to 2023,England,MSOA,E02006124,Cannock Chase 007,Female,2,57.0,55.5,58.5,72,0,0
2019 to 2023,England,MSOA,E02006125,Cannock Chase 008,Male,1,59.5,57.9,61.1,78,0,0
2019 to 2023,England,MSOA,E02006125,Cannock Chase 008,Female,2,61.3,59.8,62.7,75,0,0
2019 to 2023,England,MSOA,E02006126,Cannock Chase 009,Male,1,64.1,62.5,65.7,82,0,0
2019 to 2023,England,MSOA,E02006126,Cannock Chase 009,Female,2,64.5,63.0,65.9,79,0,0
2019 to 2023,England,MSOA,E02006127,Cannock Chase 010,Male,1,66.2,64.6,67.8,86,0,0
2019 to 2023,England,MSOA,E02006127,Cannock Chase 010,Female,2,68.2,66.9,69.4,83,0,0
2019 to 2023,England,MSOA,E02006128,Cannock Chase 011,Male,1,65.6,64.4,66.8,81,0,0
2019 to 2023,England,MSOA,E02006128,Cannock Chase 011,Female,2,66.3,65.1,67.5,79,0,0
2019 to 2023,England,MSOA,E02006129,Cannock Chase 012,Male,1,58.3,57.1,59.4,77,0,0
2019 to 2023,England,MSOA,E02006129,Cannock Chase 012,Female,2,60.7,59.3,62.1,73,0,0
2019 to 2023,England,MSOA,E02006130,Cannock Chase 013,Male,1,63.5,62.0,65.0,81,0,0
2019 to 2023,England,MSOA,E02006130,Cannock Chase 013,Female,2,65.1,63.7,66.4,79,0,0
2019 to 2023,England,MSOA,E02006131,East Staffordshire 001,Male,1,68.2,66.9,69.5,84,0,0
2019 to 2023,England,MSOA,E02006131,East Staffordshire 001,Female,2,68.0,66.0,69.9,83,0,0
2019 to 2023,England,MSOA,E02006132,East Staffordshire 002,Male,1,65.1,63.6,66.7,82,0,0
2019 to 2023,England,MSOA,E02006132,East Staffordshire 002,Female,2,65.1,63.5,66.6,78,0,0
2019 to 2023,England,MSOA,E02006133,East Staffordshire 003,Male,1,65.8,64.4,67.2,83,0,0
2019 to 2023,England,MSOA,E02006133,East Staffordshire 003,Female,2,67.2,65.5,68.9,81,0,0
2019 to 2023,England,MSOA,E02006134,East Staffordshire 004,Male,1,69.1,67.9,70.2,85,0,0
2019 to 2023,England,MSOA,E02006134,East Staffordshire 004,Female,2,71.1,69.8,72.4,83,0,0
2019 to 2023,England,MSOA,E02006135,East Staffordshire 005,Male,1,67.0,64.8,69.1,83,0,0
2019 to 2023,England,MSOA,E02006135,East Staffordshire 005,Female,2,70.9,69.6,72.3,82,0,0
2019 to 2023,England,MSOA,E02006136,East Staffordshire 006,Male,1,66.6,65.1,68.2,83,0,0
2019 to 2023,England,MSOA,E02006136,East Staffordshire 006,Female,2,73.2,71.8,74.5,86,0,0
2019 to 2023,England,MSOA,E02006137,East Staffordshire 007,Male,1,61.1,59.8,62.5,79,0,0
2019 to 2023,England,MSOA,E02006137,East Staffordshire 007,Female,2,60.8,59.5,62.2,76,0,0
2019 to 2023,England,MSOA,E02006138,East Staffordshire 008,Male,1,60.2,58.7,61.7,79,0,0
2019 to 2023,England,MSOA,E02006138,East Staffordshire 008,Female,2,61.0,59.4,62.6,73,0,0
2019 to 2023,England,MSOA,E02006139,East Staffordshire 009,Male,1,60.8,59.5,62.2,80,0,0
2019 to 2023,England,MSOA,E02006139,East Staffordshire 009,Female,2,60.2,58.8,61.6,77,0,0
2019 to 2023,England,MSOA,E02006140,East Staffordshire 010,Male,1,62.3,60.8,63.8,81,0,0
2019 to 2023,England,MSOA,E02006140,East Staffordshire 010,Female,2,63.6,62.3,65.0,78,0,0
2019 to 2023,England,MSOA,E02006141,East Staffordshire 011,Male,1,59.2,58.0,60.4,80,0,0
2019 to 2023,England,MSOA,E02006141,East Staffordshire 011,Female,2,60.4,59.1,61.7,77,0,0
2019 to 2023,England,MSOA,E02006142,East Staffordshire 012,Male,1,69.1,67.8,70.4,84,0,0
2019 to 2023,England,MSOA,E02006142,East Staffordshire 012,Female,2,71.0,69.6,72.4,84,0,0
2019 to 2023,England,MSOA,E02006143,East Staffordshire 013,Male,1,66.1,64.5,67.8,83,0,0
2019 to 2023,England,MSOA,E02006143,East Staffordshire 013,Female,2,68.0,66.6,69.4,81,0,0
2019 to 2023,England,MSOA,E02006144,East Staffordshire 014,Male,1,58.1,56.7,59.4,77,0,0
2019 to 2023,England,MSOA,E02006144,East Staffordshire 014,Female,2,58.5,57.0,60.0,75,0,0
2019 to 2023,England,MSOA,E02006145,East Staffordshire 015,Male,1,71.2,69.5,73.0,86,0,0
2019 to 2023,England,MSOA,E02006145,East Staffordshire 015,Female,2,71.3,69.9,72.7,84,0,0
2019 to 2023,England,MSOA,E02006146,Lichfield 001,Male,1,64.6,63.4,65.8,81,0,0
2019 to 2023,England,MSOA,E02006146,Lichfield 001,Female,2,65.8,64.6,67.0,80,0,0
2019 to 2023,England,MSOA,E02006147,Lichfield 002,Male,1,69.0,67.4,70.7,85,0,0
2019 to 2023,England,MSOA,E02006147,Lichfield 002,Female,2,71.5,70.3,72.6,84,0,0
2019 to 2023,England,MSOA,E02006148,Lichfield 003,Male,1,71.6,70.1,73.1,85,0,0
2019 to 2023,England,MSOA,E02006148,Lichfield 003,Female,2,71.5,70.2,72.9,83,0,0
2019 to 2023,England,MSOA,E02006149,Lichfield 004,Male,1,63.1,61.9,64.3,80,0,0
2019 to 2023,England,MSOA,E02006149,Lichfield 004,Female,2,65.5,64.4,66.7,78,0,0
2019 to 2023,England,MSOA,E02006150,Lichfield 005,Male,1,68.4,67.1,69.6,85,0,0
2019 to 2023,England,MSOA,E02006150,Lichfield 005,Female,2,70.1,68.9,71.3,84,0,0
2019 to 2023,England,MSOA,E02006151,Lichfield 006,Male,1,64.8,63.5,66.1,81,0,0
2019 to 2023,England,MSOA,E02006151,Lichfield 006,Female,2,65.2,64.1,66.4,79,0,0
2019 to 2023,England,MSOA,E02006152,Lichfield 007,Male,1,69.6,68.3,71.0,85,0,0
2019 to 2023,England,MSOA,E02006152,Lichfield 007,Female,2,71.1,69.9,72.2,82,0,0
2019 to 2023,England,MSOA,E02006153,Lichfield 008,Male,1,69.5,67.9,71.0,87,0,0
2019 to 2023,England,MSOA,E02006153,Lichfield 008,Female,2,71.5,70.4,72.6,86,0,0
2019 to 2023,England,MSOA,E02006154,Lichfield 009,Male,1,67.5,66.4,68.5,83,0,0
2019 to 2023,England,MSOA,E02006154,Lichfield 009,Female,2,67.9,66.8,69.0,81,0,0
2019 to 2023,England,MSOA,E02006155,Lichfield 010,Male,1,60.7,59.1,62.4,78,0,0
2019 to 2023,England,MSOA,E02006155,Lichfield 010,Female,2,59.4,57.8,61.0,75,0,0
2019 to 2023,England,MSOA,E02006156,Lichfield 011,Male,1,71.9,70.6,73.1,88,0,0
2019 to 2023,England,MSOA,E02006156,Lichfield 011,Female,2,72.2,70.6,73.9,87,0,0
2019 to 2023,England,MSOA,E02006157,Lichfield 012,Male,1,65.4,63.9,66.9,80,0,0
2019 to 2023,England,MSOA,E02006157,Lichfield 012,Female,2,67.6,66.4,68.9,81,0,0
2019 to 2023,England,MSOA,E02006173,Newcastle-under-Lyme 016,Male,1,68.6,66.6,70.6,85,0,0
2019 to 2023,England,MSOA,E02006173,Newcastle-under-Lyme 016,Female,2,71.6,70.1,73.1,83,0,0
2019 to 2023,England,MSOA,E02006174,South Staffordshire 001,Male,1,68.3,66.9,69.6,84,0,0
2019 to 2023,England,MSOA,E02006174,South Staffordshire 001,Female,2,69.7,68.5,71.0,82,0,0
2019 to 2023,England,MSOA,E02006175,South Staffordshire 002,Male,1,64.7,63.3,66.1,82,0,0
2019 to 2023,England,MSOA,E02006175,South Staffordshire 002,Female,2,65.8,64.5,67.1,79,0,0
2019 to 2023,England,MSOA,E02006176,South Staffordshire 003,Male,1,69.0,67.2,70.7,85,0,0
2019 to 2023,England,MSOA,E02006176,South Staffordshire 003,Female,2,71.1,69.6,72.6,83,0,0
2019 to 2023,England,MSOA,E02006177,South Staffordshire 004,Male,1,66.2,64.8,67.6,82,0,0
2019 to 2023,England,MSOA,E02006177,South Staffordshire 004,Female,2,67.9,66.6,69.2,81,0,0
2019 to 2023,England,MSOA,E02006178,South Staffordshire 005,Male,1,63.0,61.5,64.6,82,0,0
2019 to 2023,England,MSOA,E02006178,South Staffordshire 005,Female,2,65.2,64.0,66.3,79,0,0
2019 to 2023,England,MSOA,E02006179,South Staffordshire 006,Male,1,62.0,60.9,63.1,77,0,0
2019 to 2023,England,MSOA,E02006179,South Staffordshire 006,Female,2,68.1,66.1,70.2,82,0,0
2019 to 2023,England,MSOA,E02006180,South Staffordshire 007,Male,1,61.5,59.9,63.1,81,0,0
2019 to 2023,England,MSOA,E02006180,South Staffordshire 007,Female,2,64.0,62.5,65.4,79,0,0
2019 to 2023,England,MSOA,E02006181,South Staffordshire 008,Male,1,63.7,61.3,66.0,80,0,0
2019 to 2023,England,MSOA,E02006181,South Staffordshire 008,Female,2,65.1,63.2,66.9,79,0,0
2019 to 2023,England,MSOA,E02006182,South Staffordshire 009,Male,1,68.8,66.7,70.8,87,0,0
2019 to 2023,England,MSOA,E02006182,South Staffordshire 009,Female,2,72.6,71.3,73.8,85,0,0
2019 to 2023,England,MSOA,E02006185,South Staffordshire 012,Male,1,65.1,63.6,66.6,83,0,0
2019 to 2023,England,MSOA,E02006185,South Staffordshire 012,Female,2,66.9,65.6,68.1,80,0,0
2019 to 2023,England,MSOA,E02006186,South Staffordshire 013,Male,1,69.5,68.4,70.6,86,0,0
2019 to 2023,England,MSOA,E02006186,South Staffordshire 013,Female,2,70.5,69.6,71.4,84,0,0
2019 to 2023,England,MSOA,E02006187,South Staffordshire 014,Male,1,68.8,67.2,70.5,85,0,0
2019 to 2023,England,MSOA,E02006187,South Staffordshire 014,Female,2,70.9,69.6,72.2,84,0,0
2019 to 2023,England,MSOA,E02006189,Stafford 002,Male,1,67.6,65.9,69.3,84,0,0
2019 to 2023,England,MSOA,E02006189,Stafford 002,Female,2,70.4,69.2,71.5,83,0,0
2019 to 2023,England,MSOA,E02006190,Stafford 003,Male,1,65.0,63.7,66.4,83,0,0
2019 to 2023,England,MSOA,E02006190,Stafford 003,Female,2,65.6,64.3,66.9,80,0,0
2019 to 2023,England,MSOA,E02006191,Stafford 004,Male,1,70.7,68.9,72.5,87,0,0
2019 to 2023,England,MSOA,E02006191,Stafford 004,Female,2,72.3,71.1,73.5,84,0,0
2019 to 2023,England,MSOA,E02006192,Stafford 005,Male,1,70.9,69.4,72.4,85,0,0
2019 to 2023,England,MSOA,E02006192,Stafford 005,Female,2,70.0,68.4,71.5,83,0,0
2019 to 2023,England,MSOA,E02006193,Stafford 006,Male,1,68.4,66.9,69.9,84,0,0
2019 to 2023,England,MSOA,E02006193,Stafford 006,Female,2,70.6,69.4,71.9,81,0,0
2019 to 2023,England,MSOA,E02006194,Stafford 007,Male,1,63.2,61.7,64.7,82,0,0
2019 to 2023,England,MSOA,E02006194,Stafford 007,Female,2,64.1,62.6,65.6,79,0,0
2019 to 2023,England,MSOA,E02006195,Stafford 008,Male,1,68.5,66.3,70.8,85,0,0
2019 to 2023,England,MSOA,E02006195,Stafford 008,Female,2,71.7,70.5,72.8,82,0,0
2019 to 2023,England,MSOA,E02006196,Stafford 009,Male,1,58.6,57.1,60.1,76,0,0
2019 to 2023,England,MSOA,E02006196,Stafford 009,Female,2,62.6,61.0,64.2,76,0,0
2019 to 2023,England,MSOA,E02006197,Stafford 010,Male,1,60.3,59.1,61.5,81,0,0
2019 to 2023,England,MSOA,E02006197,Stafford 010,Female,2,61.3,59.9,62.8,77,0,0
2019 to 2023,England,MSOA,E02006198,Stafford 011,Male,1,69.4,68.0,70.8,86,0,0
2019 to 2023,England,MSOA,E02006198,Stafford 011,Female,2,69.7,68.7,70.8,84,0,0
2019 to 2023,England,MSOA,E02006199,Stafford 012,Male,1,68.0,66.7,69.3,85,0,0
2019 to 2023,England,MSOA,E02006199,Stafford 012,Female,2,70.0,68.9,71.2,84,0,0
2019 to 2023,England,MSOA,E02006200,Stafford 013,Male,1,58.8,57.0,60.6,77,0,0
2019 to 2023,England,MSOA,E02006200,Stafford 013,Female,2,59.8,58.2,61.5,75,0,0
2019 to 2023,England,MSOA,E02006201,Stafford 014,Male,1,72.2,71.0,73.5,86,0,0
2019 to 2023,England,MSOA,E02006201,Stafford 014,Female,2,73.4,72.4,74.4,84,0,0
2019 to 2023,England,MSOA,E02006202,Stafford 015,Male,1,70.6,69.1,72.1,85,0,0
2019 to 2023,England,MSOA,E02006202,Stafford 015,Female,2,71.5,70.3,72.6,83,0,0
2019 to 2023,England,MSOA,E02006203,Stafford 016,Male,1,60.9,59.2,62.7,78,0,0
2019 to 2023,England,MSOA,E02006203,Stafford 016,Female,2,63.2,61.7,64.7,76,0,0
2019 to 2023,England,MSOA,E02006217,Tamworth 001,Male,1,67.3,66.1,68.6,84,0,0
2019 to 2023,England,MSOA,E02006217,Tamworth 001,Female,2,67.7,66.5,68.9,82,0,0
2019 to 2023,England,MSOA,E02006218,Tamworth 002,Male,1,59.5,58.1,60.9,78,0,0
2019 to 2023,England,MSOA,E02006218,Tamworth 002,Female,2,61.1,59.7,62.4,75,0,0
2019 to 2023,England,MSOA,E02006219,Tamworth 003,Male,1,64.1,62.5,65.7,79,0,0
2019 to 2023,England,MSOA,E02006219,Tamworth 003,Female,2,64.9,63.3,66.4,77,0,0
2019 to 2023,England,MSOA,E02006220,Tamworth 004,Male,1,63.8,62.3,65.4,79,0,0
2019 to 2023,England,MSOA,E02006220,Tamworth 004,Female,2,65.5,63.9,67.1,78,0,0
2019 to 2023,England,MSOA,E02006221,Tamworth 005,Male,1,65.8,64.2,67.3,81,0,0
2019 to 2023,England,MSOA,E02006221,Tamworth 005,Female,2,66.2,64.5,67.9,81,0,0
2019 to 2023,England,MSOA,E02006222,Tamworth 006,Male,1,61.3,59.6,63.0,81,0,0
2019 to 2023,England,MSOA,E02006222,Tamworth 006,Female,2,62.6,61.3,63.9,79,0,0
2019 to 2023,England,MSOA,E02006223,Tamworth 007,Male,1,54.6,53.0,56.1,75,0,0
2019 to 2023,England,MSOA,E02006223,Tamworth 007,Female,2,55.6,54.2,57.1,70,0,0
2019 to 2023,England,MSOA,E02006224,Tamworth 008,Male,1,67.1,65.7,68.5,83,0,0
2019 to 2023,England,MSOA,E02006224,Tamworth 008,Female,2,65.8,64.1,67.4,79,0,0
2019 to 2023,England,MSOA,E02006225,Tamworth 009,Male,1,66.9,65.2,68.7,84,0,0
2019 to 2023,England,MSOA,E02006225,Tamworth 009,Female,2,68.0,66.3,69.7,81,0,0
2019 to 2023,England,MSOA,E02006226,Tamworth 010,Male,1,62.9,61.5,64.3,81,0,0
2019 to 2023,England,MSOA,E02006226,Tamworth 010,Female,2,65.6,64.3,66.9,79,0,0
2019 to 2023,England,MSOA,E02006468,North Warwickshire 001,Male,1,65.5,64.3,66.6,82,0,0
2019 to 2023,England,MSOA,E02006468,North Warwickshire 001,Female,2,66.6,65.5,67.7,81,0,0
2019 to 2023,England,MSOA,E02006469,North Warwickshire 002,Male,1,62.9,61.6,64.2,79,0,0
2019 to 2023,England,MSOA,E02006469,North Warwickshire 002,Female,2,61.9,60.4,63.4,77,0,0
2019 to 2023,England,MSOA,E02006470,North Warwickshire 003,Male,1,60.8,59.8,61.9,80,0,0
2019 to 2023,England,MSOA,E02006470,North Warwickshire 003,Female,2,61.8,60.8,62.9,78,0,0
2019 to 2023,England,MSOA,E02006471,North Warwickshire 004,Male,1,68.8,67.1,70.4,85,0,0
2019 to 2023,England,MSOA,E02006471,North Warwickshire 004,Female,2,70.0,68.6,71.3,83,0,0
2019 to 2023,England,MSOA,E02006472,North Warwickshire 005,Male,1,63.0,61.4,64.5,83,0,0
2019 to 2023,England,MSOA,E02006472,North Warwickshire 005,Female,2,65.8,64.6,66.9,79,0,0
2019 to 2023,England,MSOA,E02006473,North Warwickshire 006,Male,1,66.5,65.3,67.7,84,0,0
2019 to 2023,England,MSOA,E02006473,North Warwickshire 006,Female,2,69.0,67.9,70.1,83,0,0
2019 to 2023,England,MSOA,E02006474,North Warwickshire 007,Male,1,66.2,65.0,67.4,83,0,0
2019 to 2023,England,MSOA,E02006474,North Warwickshire 007,Female,2,67.3,65.9,68.8,81,0,0
2019 to 2023,England,MSOA,E02006475,Nuneaton and Bedworth 001,Male,1,68.4,67.3,69.6,84,0,0
2019 to 2023,England,MSOA,E02006475,Nuneaton and Bedworth 001,Female,2,69.2,68.0,70.4,83,0,0
2019 to 2023,England,MSOA,E02006476,Nuneaton and Bedworth 002,Male,1,58.5,57.1,59.9,78,0,0
2019 to 2023,England,MSOA,E02006476,Nuneaton and Bedworth 002,Female,2,59.1,57.9,60.4,74,0,0
2019 to 2023,England,MSOA,E02006477,Nuneaton and Bedworth 003,Male,1,69.6,68.4,70.8,85,0,0
2019 to 2023,England,MSOA,E02006477,Nuneaton and Bedworth 003,Female,2,69.7,68.4,71.0,84,0,0
2019 to 2023,England,MSOA,E02006478,Nuneaton and Bedworth 004,Male,1,63.7,62.1,65.3,83,0,0
2019 to 2023,England,MSOA,E02006478,Nuneaton and Bedworth 004,Female,2,65.2,63.4,67.0,79,0,0
2019 to 2023,England,MSOA,E02006479,Nuneaton and Bedworth 005,Male,1,57.9,56.6,59.3,78,0,0
2019 to 2023,England,MSOA,E02006479,Nuneaton and Bedworth 005,Female,2,61.2,59.9,62.4,74,0,0
2019 to 2023,England,MSOA,E02006480,Nuneaton and Bedworth 006,Male,1,60.0,58.5,61.4,79,0,0
2019 to 2023,England,MSOA,E02006480,Nuneaton and Bedworth 006,Female,2,61.0,59.5,62.4,76,0,0
2019 to 2023,England,MSOA,E02006481,Nuneaton and Bedworth 007,Male,1,60.1,58.6,61.5,78,0,0
2019 to 2023,England,MSOA,E02006481,Nuneaton and Bedworth 007,Female,2,60.7,59.0,62.3,74,0,0
2019 to 2023,England,MSOA,E02006482,Nuneaton and Bedworth 008,Male,1,63.6,62.0,65.3,82,0,0
2019 to 2023,England,MSOA,E02006482,Nuneaton and Bedworth 008,Female,2,65.9,64.7,67.2,79,0,0
2019 to 2023,England,MSOA,E02006483,Nuneaton and Bedworth 009,Male,1,58.1,56.7,59.4,77,0,0
2019 to 2023,England,MSOA,E02006483,Nuneaton and Bedworth 009,Female,2,58.3,57.1,59.5,74,0,0
2019 to 2023,England,MSOA,E02006484,Nuneaton and Bedworth 010,Male,1,62.4,60.9,64.0,80,0,0
2019 to 2023,England,MSOA,E02006484,Nuneaton and Bedworth 010,Female,2,62.8,61.5,64.0,76,0,0
2019 to 2023,England,MSOA,E02006485,Nuneaton and Bedworth 011,Male,1,71.1,69.7,72.5,86,0,0
2019 to 2023,England,MSOA,E02006485,Nuneaton and Bedworth 011,Female,2,72.6,70.8,74.4,84,0,0
2019 to 2023,England,MSOA,E02006486,Nuneaton and Bedworth 012,Male,1,63.9,62.2,65.5,81,0,0
2019 to 2023,England,MSOA,E02006486,Nuneaton and Bedworth 012,Female,2,64.8,63.3,66.3,78,0,0
2019 to 2023,England,MSOA,E02006487,Nuneaton and Bedworth 013,Male,1,57.5,56.0,59.0,76,0,0
2019 to 2023,England,MSOA,E02006487,Nuneaton and Bedworth 013,Female,2,59.8,58.3,61.3,75,0,0
2019 to 2023,England,MSOA,E02006488,Nuneaton and Bedworth 014,Male,1,66.1,64.2,68.0,83,0,0
2019 to 2023,England,MSOA,E02006488,Nuneaton and Bedworth 014,Female,2,68.7,67.4,69.9,80,0,0
2019 to 2023,England,MSOA,E02006489,Nuneaton and Bedworth 015,Male,1,61.6,60.4,62.8,80,0,0
2019 to 2023,England,MSOA,E02006489,Nuneaton and Bedworth 015,Female,2,60.9,59.4,62.4,76,0,0
2019 to 2023,England,MSOA,E02006490,Nuneaton and Bedworth 016,Male,1,61.4,59.9,63.0,80,0,0
2019 to 2023,England,MSOA,E02006490,Nuneaton and Bedworth 016,Female,2,62.8,61.4,64.1,78,0,0
2019 to 2023,England,MSOA,E02006494,Rugby 003,Male,1,59.1,57.3,60.8,81,0,0
2019 to 2023,England,MSOA,E02006494,Rugby 003,Female,2,59.1,57.5,60.7,76,0,0
2019 to 2023,England,MSOA,E02006495,Rugby 004,Male,1,68.0,66.3,69.7,84,0,0
2019 to 2023,England,MSOA,E02006495,Rugby 004,Female,2,70.3,68.9,71.8,82,0,0
2019 to 2023,England,MSOA,E02006497,Rugby 006,Male,1,62.9,61.4,64.4,81,0,0
2019 to 2023,England,MSOA,E02006497,Rugby 006,Female,2,64.5,62.8,66.3,78,0,0
2019 to 2023,England,MSOA,E02006498,Rugby 007,Male,1,67.8,66.6,69.1,83,0,0
2019 to 2023,England,MSOA,E02006498,Rugby 007,Female,2,68.0,66.9,69.0,80,0,0
2019 to 2023,England,MSOA,E02006503,Rugby 012,Male,1,71.4,69.9,72.8,86,0,0
2019 to 2023,England,MSOA,E02006503,Rugby 012,Female,2,73.3,72.3,74.4,84,0,0
2019 to 2023,England,MSOA,E02006504,Stratford-on-Avon 001,Male,1,72.9,71.6,74.1,88,0,0
2019 to 2023,England,MSOA,E02006504,Stratford-on-Avon 001,Female,2,73.9,72.8,75.1,88,0,0
2019 to 2023,England,MSOA,E02006505,Stratford-on-Avon 002,Male,1,70.1,68.7,71.5,86,0,0
2019 to 2023,England,MSOA,E02006505,Stratford-on-Avon 002,Female,2,71.2,69.7,72.8,84,0,0
2019 to 2023,England,MSOA,E02006506,Stratford-on-Avon 003,Male,1,65.3,63.7,67.0,83,0,0
2019 to 2023,England,MSOA,E02006506,Stratford-on-Avon 003,Female,2,68.4,66.8,70.0,81,0,0
2019 to 2023,England,MSOA,E02006507,Stratford-on-Avon 004,Male,1,68.3,67.0,69.5,85,0,0
2019 to 2023,England,MSOA,E02006507,Stratford-on-Avon 004,Female,2,69.3,68.0,70.6,83,0,0
2019 to 2023,England,MSOA,E02006508,Stratford-on-Avon 005,Male,1,70.2,68.8,71.6,86,0,0
2019 to 2023,England,MSOA,E02006508,Stratford-on-Avon 005,Female,2,73.0,71.9,74.2,84,0,0
2019 to 2023,England,MSOA,E02006509,Stratford-on-Avon 006,Male,1,65.0,62.8,67.2,83,0,0
2019 to 2023,England,MSOA,E02006509,Stratford-on-Avon 006,Female,2,68.0,66.3,69.6,81,0,0
2019 to 2023,England,MSOA,E02006510,Stratford-on-Avon 007,Male,1,71.2,69.6,72.7,87,0,0
2019 to 2023,England,MSOA,E02006510,Stratford-on-Avon 007,Female,2,72.0,70.7,73.3,85,0,0
2019 to 2023,England,MSOA,E02006511,Stratford-on-Avon 008,Male,1,68.9,67.3,70.5,86,0,0
2019 to 2023,England,MSOA,E02006511,Stratford-on-Avon 008,Female,2,72.4,71.2,73.5,84,0,0
2019 to 2023,England,MSOA,E02006512,Stratford-on-Avon 009,Male,1,66.9,65.6,68.1,84,0,0
2019 to 2023,England,MSOA,E02006512,Stratford-on-Avon 009,Female,2,68.5,67.4,69.6,82,0,0
2019 to 2023,England,MSOA,E02006513,Stratford-on-Avon 010,Male,1,72.6,70.9,74.4,89,0,0
2019 to 2023,England,MSOA,E02006513,Stratford-on-Avon 010,Female,2,74.3,72.8,75.7,86,0,0
2019 to 2023,England,MSOA,E02006514,Stratford-on-Avon 011,Male,1,70.8,69.6,72.0,85,0,0
2019 to 2023,England,MSOA,E02006514,Stratford-on-Avon 011,Female,2,71.8,70.6,73.0,84,0,0
2019 to 2023,England,MSOA,E02006516,Stratford-on-Avon 013,Male,1,71.3,70.2,72.4,86,0,0
2019 to 2023,England,MSOA,E02006516,Stratford-on-Avon 013,Female,2,70.5,69.3,71.8,84,0,0
2019 to 2023,England,MSOA,E02006519,Warwick 001,Male,1,69.7,67.6,71.8,87,0,0
2019 to 2023,England,MSOA,E02006519,Warwick 001,Female,2,73.1,71.7,74.4,85,0,0
2019 to 2023,England,MSOA,E02006520,Warwick 002,Male,1,70.6,68.8,72.3,87,0,0
2019 to 2023,England,MSOA,E02006520,Warwick 002,Female,2,72.8,71.4,74.2,85,0,0
2019 to 2023,England,MSOA,E02006521,Warwick 003,Male,1,70.4,68.9,71.9,86,0,0
2019 to 2023,England,MSOA,E02006521,Warwick 003,Female,2,73.1,71.8,74.4,84,0,0
2019 to 2023,England,MSOA,E02006522,Warwick 004,Male,1,74.8,73.4,76.3,89,0,0
2019 to 2023,England,MSOA,E02006522,Warwick 004,Female,2,76.6,74.9,78.3,87,0,0
2019 to 2023,England,MSOA,E02006523,Warwick 005,Male,1,70.7,69.4,71.9,86,0,0
2019 to 2023,England,MSOA,E02006523,Warwick 005,Female,2,70.6,69.6,71.6,84,0,0
2019 to 2023,England,MSOA,E02006524,Warwick 006,Male,1,62.6,60.8,64.4,80,0,0
2019 to 2023,England,MSOA,E02006524,Warwick 006,Female,2,64.4,62.6,66.3,79,0,0
2019 to 2023,England,MSOA,E02006525,Warwick 007,Male,1,68.9,67.6,70.1,86,0,0
2019 to 2023,England,MSOA,E02006525,Warwick 007,Female,2,71.8,70.7,72.8,85,0,0
2019 to 2023,England,MSOA,E02006526,Warwick 008,Male,1,65.5,64.0,67.1,83,0,0
2019 to 2023,England,MSOA,E02006526,Warwick 008,Female,2,65.9,64.4,67.4,81,0,0
2019 to 2023,England,MSOA,E02006527,Warwick 009,Male,1,68.6,67.2,70.0,87,0,0
2019 to 2023,England,MSOA,E02006527,Warwick 009,Female,2,71.2,70.1,72.4,86,0,0
2019 to 2023,England,MSOA,E02006528,Warwick 010,Male,1,64.3,63.1,65.6,84,0,0
2019 to 2023,England,MSOA,E02006528,Warwick 010,Female,2,65.2,63.7,66.6,81,0,0
2019 to 2023,England,MSOA,E02006529,Warwick 011,Male,1,67.4,66.2,68.5,83,0,0
2019 to 2023,England,MSOA,E02006529,Warwick 011,Female,2,66.7,65.4,68.0,81,0,0
2019 to 2023,England,MSOA,E02006530,Warwick 012,Male,1,70.1,68.9,71.2,86,0,0
2019 to 2023,England,MSOA,E02006530,Warwick 012,Female,2,72.1,70.9,73.2,83,0,0
2019 to 2023,England,MSOA,E02006531,Warwick 013,Male,1,60.3,58.9,61.7,80,0,0
2019 to 2023,England,MSOA,E02006531,Warwick 013,Female,2,62.1,60.8,63.3,76,0,0
2019 to 2023,England,MSOA,E02006532,Warwick 014,Male,1,71.3,69.7,72.9,86,0,0
2019 to 2023,England,MSOA,E02006532,Warwick 014,Female,2,71.6,70.1,73.1,84,0,0
2019 to 2023,England,MSOA,E02006533,Warwick 015,Male,1,66.5,65.2,67.8,84,0,0
2019 to 2023,England,MSOA,E02006533,Warwick 015,Female,2,67.8,66.5,69.1,82,0,0
2019 to 2023,England,MSOA,E02006696,Bromsgrove 001,Male,1,72.1,70.6,73.6,87,0,0
2019 to 2023,England,MSOA,E02006696,Bromsgrove 001,Female,2,74.4,72.9,76.0,87,0,0
2019 to 2023,England,MSOA,E02006697,Bromsgrove 002,Male,1,70.2,68.7,71.7,86,0,0
2019 to 2023,England,MSOA,E02006697,Bromsgrove 002,Female,2,71.7,70.5,72.9,86,0,0
2019 to 2023,England,MSOA,E02006698,Bromsgrove 003,Male,1,66.8,65.2,68.4,83,0,0
2019 to 2023,England,MSOA,E02006698,Bromsgrove 003,Female,2,68.4,66.9,70.0,81,0,0
2019 to 2023,England,MSOA,E02006699,Bromsgrove 004,Male,1,68.5,65.9,71.1,85,0,0
2019 to 2023,England,MSOA,E02006699,Bromsgrove 004,Female,2,71.0,69.5,72.5,83,0,0
2019 to 2023,England,MSOA,E02006700,Bromsgrove 005,Male,1,69.0,67.5,70.6,87,0,0
2019 to 2023,England,MSOA,E02006700,Bromsgrove 005,Female,2,69.7,68.3,71.1,85,0,0
2019 to 2023,England,MSOA,E02006701,Bromsgrove 006,Male,1,72.7,70.9,74.5,88,0,0
2019 to 2023,England,MSOA,E02006701,Bromsgrove 006,Female,2,74.5,73.0,76.0,87,0,0
2019 to 2023,England,MSOA,E02006702,Bromsgrove 007,Male,1,64.1,62.2,66.0,81,0,0
2019 to 2023,England,MSOA,E02006702,Bromsgrove 007,Female,2,66.6,65.3,68.0,80,0,0
2019 to 2023,England,MSOA,E02006703,Bromsgrove 008,Male,1,69.1,66.9,71.2,86,0,0
2019 to 2023,England,MSOA,E02006703,Bromsgrove 008,Female,2,71.3,69.8,72.8,84,0,0
2019 to 2023,England,MSOA,E02006704,Bromsgrove 009,Male,1,69.8,68.3,71.3,86,0,0
2019 to 2023,England,MSOA,E02006704,Bromsgrove 009,Female,2,72.4,71.1,73.6,84,0,0
2019 to 2023,England,MSOA,E02006705,Bromsgrove 010,Male,1,64.6,63.1,66.0,82,0,0
2019 to 2023,England,MSOA,E02006705,Bromsgrove 010,Female,2,65.6,63.8,67.3,80,0,0
2019 to 2023,England,MSOA,E02006706,Bromsgrove 011,Male,1,64.8,63.2,66.5,83,0,0
2019 to 2023,England,MSOA,E02006706,Bromsgrove 011,Female,2,67.9,66.6,69.1,81,0,0
2019 to 2023,England,MSOA,E02006707,Bromsgrove 012,Male,1,73.5,71.9,75.0,87,0,0
2019 to 2023,England,MSOA,E02006707,Bromsgrove 012,Female,2,72.7,70.8,74.6,85,0,0
2019 to 2023,England,MSOA,E02006708,Bromsgrove 013,Male,1,63.2,61.7,64.7,81,0,0
2019 to 2023,England,MSOA,E02006708,Bromsgrove 013,Female,2,64.9,63.5,66.3,79,0,0
2019 to 2023,England,MSOA,E02006709,Bromsgrove 014,Male,1,66.2,64.9,67.4,83,0,0
2019 to 2023,England,MSOA,E02006709,Bromsgrove 014,Female,2,70.8,69.4,72.1,85,0,0
2019 to 2023,England,MSOA,E02006710,Malvern Hills 001,Male,1,68.5,66.9,70.1,85,0,0
2019 to 2023,England,MSOA,E02006710,Malvern Hills 001,Female,2,70.2,68.7,71.8,83,0,0
2019 to 2023,England,MSOA,E02006711,Malvern Hills 002,Male,1,71.0,69.4,72.5,85,0,0
2019 to 2023,England,MSOA,E02006711,Malvern Hills 002,Female,2,71.7,70.4,73.0,85,0,0
2019 to 2023,England,MSOA,E02006712,Malvern Hills 003,Male,1,70.0,68.5,71.5,86,0,0
2019 to 2023,England,MSOA,E02006712,Malvern Hills 003,Female,2,71.6,69.9,73.4,85,0,0
2019 to 2023,England,MSOA,E02006721,Redditch 001,Male,1,68.1,66.3,70.0,83,0,0
2019 to 2023,England,MSOA,E02006721,Redditch 001,Female,2,68.2,66.4,70.0,82,0,0
2019 to 2023,England,MSOA,E02006722,Redditch 002,Male,1,59.4,57.4,61.3,77,0,0
2019 to 2023,England,MSOA,E02006722,Redditch 002,Female,2,59.9,58.1,61.6,73,0,0
2019 to 2023,England,MSOA,E02006723,Redditch 003,Male,1,62.0,60.8,63.2,82,0,0
2019 to 2023,England,MSOA,E02006723,Redditch 003,Female,2,61.7,60.5,62.9,78,0,0
2019 to 2023,England,MSOA,E02006724,Redditch 004,Male,1,58.9,57.5,60.4,77,0,0
2019 to 2023,England,MSOA,E02006724,Redditch 004,Female,2,59.0,57.5,60.5,74,0,0
2019 to 2023,England,MSOA,E02006725,Redditch 005,Male,1,61.6,59.8,63.4,79,0,0
2019 to 2023,England,MSOA,E02006725,Redditch 005,Female,2,63.2,61.4,65.1,76,0,0
2019 to 2023,England,MSOA,E02006726,Redditch 006,Male,1,64.1,62.5,65.7,81,0,0
2019 to 2023,England,MSOA,E02006726,Redditch 006,Female,2,63.8,62.2,65.4,78,0,0
2019 to 2023,England,MSOA,E02006727,Redditch 007,Male,1,66.6,65.2,68.0,82,0,0
2019 to 2023,England,MSOA,E02006727,Redditch 007,Female,2,66.9,65.3,68.5,79,0,0
2019 to 2023,England,MSOA,E02006728,Redditch 008,Male,1,67.1,65.4,68.8,86,0,0
2019 to 2023,England,MSOA,E02006728,Redditch 008,Female,2,69.9,68.5,71.3,84,0,0
2019 to 2023,England,MSOA,E02006729,Redditch 009,Male,1,65.1,63.7,66.5,82,0,0
2019 to 2023,England,MSOA,E02006729,Redditch 009,Female,2,65.9,64.6,67.2,79,0,0
2019 to 2023,England,MSOA,E02006730,Redditch 010,Male,1,59.5,57.6,61.3,79,0,0
2019 to 2023,England,MSOA,E02006730,Redditch 010,Female,2,58.4,56.8,60.0,75,0,0
2019 to 2023,England,MSOA,E02006731,Redditch 011,Male,1,64.7,62.9,66.4,81,0,0
2019 to 2023,England,MSOA,E02006731,Redditch 011,Female,2,65.1,63.7,66.5,78,0,0
2019 to 2023,England,MSOA,E02006732,Redditch 012,Male,1,68.6,67.3,69.9,85,0,0
2019 to 2023,England,MSOA,E02006732,Redditch 012,Female,2,70.3,68.6,71.9,85,0,0
2019 to 2023,England,MSOA,E02006733,Redditch 013,Male,1,70.8,69.2,72.3,86,0,0
2019 to 2023,England,MSOA,E02006733,Redditch 013,Female,2,73.3,71.8,74.9,83,0,0
2019 to 2023,England,MSOA,E02006734,Worcester 001,Male,1,69.3,67.6,71.0,86,0,0
2019 to 2023,England,MSOA,E02006734,Worcester 001,Female,2,72.1,71.0,73.3,85,0,0
2019 to 2023,England,MSOA,E02006735,Worcester 002,Male,1,54.7,53.0,56.4,74,0,0
2019 to 2023,England,MSOA,E02006735,Worcester 002,Female,2,55.9,54.0,57.8,71,0,0
2019 to 2023,England,MSOA,E02006736,Worcester 003,Male,1,68.2,66.0,70.5,85,0,0
2019 to 2023,England,MSOA,E02006736,Worcester 003,Female,2,70.7,68.6,72.8,80,0,0
2019 to 2023,England,MSOA,E02006737,Worcester 004,Male,1,65.2,63.6,66.8,84,0,0
2019 to 2023,England,MSOA,E02006737,Worcester 004,Female,2,67.3,65.6,69.0,81,0,0
2019 to 2023,England,MSOA,E02006738,Worcester 005,Male,1,59.1,57.7,60.5,78,0,0
2019 to 2023,England,MSOA,E02006738,Worcester 005,Female,2,59.3,58.0,60.6,74,0,0
2019 to 2023,England,MSOA,E02006739,Worcester 006,Male,1,69.5,68.0,70.9,84,0,0
2019 to 2023,England,MSOA,E02006739,Worcester 006,Female,2,67.5,65.9,69.0,82,0,0
2019 to 2023,England,MSOA,E02006740,Worcester 007,Male,1,62.4,60.7,64.1,81,0,0
2019 to 2023,England,MSOA,E02006740,Worcester 007,Female,2,66.2,64.5,67.9,80,0,0
2019 to 2023,England,MSOA,E02006741,Worcester 008,Male,1,67.4,65.6,69.1,87,0,0
2019 to 2023,England,MSOA,E02006741,Worcester 008,Female,2,67.6,66.2,69.1,84,0,0
2019 to 2023,England,MSOA,E02006748,Wychavon 001,Male,1,68.4,66.9,70.0,84,0,0
2019 to 2023,England,MSOA,E02006748,Wychavon 001,Female,2,70.8,69.6,72.0,83,0,0
2019 to 2023,England,MSOA,E02006749,Wychavon 002,Male,1,59.4,57.6,61.2,79,0,0
2019 to 2023,England,MSOA,E02006749,Wychavon 002,Female,2,60.4,58.5,62.2,76,0,0
2019 to 2023,England,MSOA,E02006750,Wychavon 003,Male,1,64.7,62.4,67.0,84,0,0
2019 to 2023,England,MSOA,E02006750,Wychavon 003,Female,2,67.7,66.3,69.1,80,0,0
2019 to 2023,England,MSOA,E02006751,Wychavon 004,Male,1,62.9,61.2,64.6,80,0,0
2019 to 2023,England,MSOA,E02006751,Wychavon 004,Female,2,65.5,63.9,67.0,79,0,0
2019 to 2023,England,MSOA,E02006752,Wychavon 005,Male,1,71.4,70.2,72.6,85,0,0
2019 to 2023,England,MSOA,E02006752,Wychavon 005,Female,2,73.1,71.8,74.3,85,0,0
2019 to 2023,England,MSOA,E02006753,Wychavon 006,Male,1,70.1,68.7,71.6,85,0,0
2019 to 2023,England,MSOA,E02006753,Wychavon 006,Female,2,71.4,70.2,72.6,84,0,0
2019 to 2023,England,MSOA,E02006754,Wychavon 007,Male,1,71.0,68.5,73.5,88,0,0
2019 to 2023,England,MSOA,E02006754,Wychavon 007,Female,2,74.2,72.3,76.2,85,0,0
2019 to 2023,England,MSOA,E02006755,Wychavon 008,Male,1,72.6,71.0,74.2,87,0,0
2019 to 2023,England,MSOA,E02006755,Wychavon 008,Female,2,72.5,70.7,74.2,85,0,0
2019 to 2023,England,MSOA,E02006767,Wyre Forest 001,Male,1,68.0,66.6,69.3,84,0,0
2019 to 2023,England,MSOA,E02006767,Wyre Forest 001,Female,2,69.2,67.8,70.7,82,0,0
2019 to 2023,England,MSOA,E02006768,Wyre Forest 002,Male,1,65.7,64.0,67.3,82,0,0
2019 to 2023,England,MSOA,E02006768,Wyre Forest 002,Female,2,66.6,65.2,67.9,80,0,0
2019 to 2023,England,MSOA,E02006769,Wyre Forest 003,Male,1,65.5,63.8,67.1,83,0,0
2019 to 2023,England,MSOA,E02006769,Wyre Forest 003,Female,2,68.4,67.2,69.7,82,0,0
2019 to 2023,England,MSOA,E02006770,Wyre Forest 004,Male,1,57.7,56.2,59.3,76,0,0
2019 to 2023,England,MSOA,E02006770,Wyre Forest 004,Female,2,60.0,58.7,61.4,76,0,0
2019 to 2023,England,MSOA,E02006771,Wyre Forest 005,Male,1,66.6,64.8,68.5,84,0,0
2019 to 2023,England,MSOA,E02006771,Wyre Forest 005,Female,2,67.6,65.9,69.3,80,0,0
2019 to 2023,England,MSOA,E02006772,Wyre Forest 006,Male,1,63.0,61.2,64.7,82,0,0
2019 to 2023,England,MSOA,E02006772,Wyre Forest 006,Female,2,65.0,63.7,66.4,79,0,0
2019 to 2023,England,MSOA,E02006773,Wyre Forest 007,Male,1,62.1,60.3,63.9,80,0,0
2019 to 2023,England,MSOA,E02006773,Wyre Forest 007,Female,2,64.0,62.5,65.5,79,0,0
2019 to 2023,England,MSOA,E02006774,Wyre Forest 008,Male,1,63.3,61.7,65.0,80,0,0
2019 to 2023,England,MSOA,E02006774,Wyre Forest 008,Female,2,64.8,63.5,66.1,78,0,0
2019 to 2023,England,MSOA,E02006775,Wyre Forest 009,Male,1,56.4,54.6,58.3,77,0,0
2019 to 2023,England,MSOA,E02006775,Wyre Forest 009,Female,2,57.8,56.4,59.2,72,0,0
2019 to 2023,England,MSOA,E02006776,Wyre Forest 010,Male,1,67.7,66.5,69.0,83,0,0
2019 to 2023,England,MSOA,E02006776,Wyre Forest 010,Female,2,68.2,66.8,69.6,83,0,0
2019 to 2023,England,MSOA,E02006777,Wyre Forest 011,Male,1,68.7,67.3,70.0,84,0,0
2019 to 2023,England,MSOA,E02006777,Wyre Forest 011,Female,2,69.6,67.1,72.0,84,0,0
2019 to 2023,England,MSOA,E02006778,Wyre Forest 012,Male,1,66.4,65.1,67.7,84,0,0
2019 to 2023,England,MSOA,E02006778,Wyre Forest 012,Female,2,65.1,63.2,67.0,81,0,0
2019 to 2023,England,MSOA,E02006779,Wyre Forest 013,Male,1,63.9,62.1,65.8,83,0,0
2019 to 2023,England,MSOA,E02006779,Wyre Forest 013,Female,2,67.2,65.8,68.6,79,0,0
2019 to 2023,England,MSOA,E02006780,Wyre Forest 014,Male,1,63.7,61.9,65.5,80,0,0
2019 to 2023,England,MSOA,E02006780,Wyre Forest 014,Female,2,64.3,62.6,66.1,79,0,0
2019 to 2023,England,MSOA,E02006805,Coventry 043,Male,1,59.4,58.0,60.7,79,0,0
2019 to 2023,England,MSOA,E02006805,Coventry 043,Female,2,60.2,59.0,61.4,75,0,0
2019 to 2023,England,MSOA,E02006806,Nuneaton and Bedworth 018,Male,1,62.1,60.7,63.5,81,0,0
2019 to 2023,England,MSOA,E02006806,Nuneaton and Bedworth 018,Female,2,63.5,62.3,64.7,79,0,0
2019 to 2023,England,MSOA,E02006807,Birmingham 132,Male,1,65.9,64.3,67.4,82,0,0
2019 to 2023,England,MSOA,E02006807,Birmingham 132,Female,2,68.2,66.8,69.5,80,0,0
2019 to 2023,England,MSOA,E02006808,Solihull 030,Male,1,67.6,65.8,69.4,84,0,0
2019 to 2023,England,MSOA,E02006808,Solihull 030,Female,2,68.4,66.7,70.1,83,0,0
2019 to 2023,England,MSOA,E02006809,Birmingham 133,Male,1,64.7,63.1,66.3,83,0,0
2019 to 2023,England,MSOA,E02006809,Birmingham 133,Female,2,62.5,61.0,64.0,77,0,0
2019 to 2023,England,MSOA,E02006810,Sandwell 039,Male,1,63.6,62.3,64.9,81,0,0
2019 to 2023,England,MSOA,E02006810,Sandwell 039,Female,2,63.5,62.2,64.7,78,0,0
2019 to 2023,England,MSOA,E02006894,Wolverhampton 035,Male,1,59.4,58.3,60.5,80,0,0
2019 to 2023,England,MSOA,E02006894,Wolverhampton 035,Female,2,59.3,58.3,60.3,73,0,0
2019 to 2023,England,MSOA,E02006895,Birmingham 134,Male,1,58.1,56.6,59.6,82,1,0
2019 to 2023,England,MSOA,E02006895,Birmingham 134,Female,2,58.0,56.4,59.5,74,0,0
2019 to 2023,England,MSOA,E02006896,Birmingham 135,Male,1,57.7,55.9,59.5,78,0,0
2019 to 2023,England,MSOA,E02006896,Birmingham 135,Female,2,57.0,54.5,59.5,69,0,0
2019 to 2023,England,MSOA,E02006897,Birmingham 136,Male,1,58.7,57.0,60.3,78,0,0
2019 to 2023,England,MSOA,E02006897,Birmingham 136,Female,2,58.6,56.6,60.6,75,0,0
2019 to 2023,England,MSOA,E02006898,Birmingham 137,Male,1,62.5,60.5,64.5,81,1,0
2019 to 2023,England,MSOA,E02006898,Birmingham 137,Female,2,60.7,58.8,62.5,80,0,0
2019 to 2023,England,MSOA,E02006899,Birmingham 138,Male,1,59.8,57.1,62.5,83,1,0
2019 to 2023,England,MSOA,E02006899,Birmingham 138,Female,2,67.3,62.9,71.7,79,0,0
2019 to 2023,England,MSOA,E02006900,Birmingham 139,Male,1,58.2,57.0,59.4,75,0,0
2019 to 2023,England,MSOA,E02006900,Birmingham 139,Female,2,55.0,54.0,56.1,67,0,0
2019 to 2023,England,MSOA,E02006919,South Derbyshire 012,Male,1,61.6,60.3,63.0,80,0,0
2019 to 2023,England,MSOA,E02006919,South Derbyshire 012,Female,2,63.5,62.2,64.7,78,0,0
2019 to 2023,England,MSOA,E02006920,South Derbyshire 013,Male,1,62.4,60.8,64.0,80,0,0
2019 to 2023,England,MSOA,E02006920,South Derbyshire 013,Female,2,64.4,63.1,65.7,78,0,0
2019 to 2023,England,MSOA,E02006943,Sandwell 040,Male,1,57.8,56.3,59.3,78,0,0
2019 to 2023,England,MSOA,E02006943,Sandwell 040,Female,2,56.8,55.3,58.2,71,0,0
2019 to 2023,England,MSOA,E02006944,Sandwell 041,Male,1,58.4,57.1,59.8,80,0,0
2019 to 2023,England,MSOA,E02006944,Sandwell 041,Female,2,56.6,54.8,58.3,70,0,0
2019 to 2023,England,MSOA,E02006982,South Staffordshire 015,Male,1,68.7,67.5,69.9,85,0,0
2019 to 2023,England,MSOA,E02006982,South Staffordshire 015,Female,2,69.8,68.7,70.9,82,0,0
2019 to 2023,England,MSOA,E02007038,Birmingham 141,Male,1,60.3,59.2,61.4,78,0,0
2019 to 2023,England,MSOA,E02007038,Birmingham 141,Female,2,60.7,59.6,61.8,75,0,0
2019 to 2023,England,MSOA,E02007039,Birmingham 142,Male,1,57.9,56.4,59.4,77,0,0
2019 to 2023,England,MSOA,E02007039,Birmingham 142,Female,2,55.4,54.0,56.9,67,0,0
2019 to 2023,England,MSOA,E02007040,Birmingham 143,Male,1,57.9,56.1,59.7,78,0,0
2019 to 2023,England,MSOA,E02007040,Birmingham 143,Female,2,57.3,55.7,58.9,71,0,0
2019 to 2023,England,MSOA,E02007048,Rugby 013,Male,1,68.8,67.3,70.3,85,0,0
2019 to 2023,England,MSOA,E02007048,Rugby 013,Female,2,70.2,68.9,71.4,84,0,0
2019 to 2023,England,MSOA,E02007050,Telford and Wrekin 024,Male,1,62.5,61.1,63.8,81,0,0
2019 to 2023,England,MSOA,E02007050,Telford and Wrekin 024,Female,2,64.9,63.4,66.5,79,0,0
2019 to 2023,England,MSOA,E02007051,Telford and Wrekin 025,Male,1,63.9,62.6,65.2,84,0,0
2019 to 2023,England,MSOA,E02007051,Telford and Wrekin 025,Female,2,64.6,63.4,65.8,82,0,0
