Crime ID,Month,Reported by,Falls within,Longitude,Latitude,Location,LSOA code,LSOA name,Crime type,Last outcome category,Context,source_file,LSOA21CD,MSOA21CD,LAD22NM
4deda59ab099b07433af4c2a59c73256a55d904a2ca45707846209f2f1e682ce,2024-01,Derbyshire Constabulary,Derbyshire Constabulary,-1.410970,52.914761,On or near Derwent Road,E01013595,Derby 014B,Violence and sexual offences,Investigation complete; no suspect identified,,2024-01/2024-01-derbyshire-street.csv,E01013595,E02002809,Derby
6118ef01a2a0c9fee7b56655d954e0d1bf3f4106a90fcb42613051f4186929b4,2024-01,Derbyshire Constabulary,Derbyshire Constabulary,-1.401668,52.912063,On or near Nottingham Road,E01013595,Derby 014B,Violence and sexual offences,Status update unavailable,,2024-01/2024-01-derbyshire-street.csv,E01013595,E02002809,Derby
4deda59ab099b07433af4c2a59c73256a55d904a2ca45707846209f2f1e682ce,2024-01,Derbyshire Constabulary,Derbyshire Constabulary,-1.421197,52.917346,On or near Aspen Drive,E01013595,Derby 014B,Violence and sexual offences,Status update unavailable,,2024-01/2024-01-derbyshire-street.csv,E01013595,E02002809,Derby
ca3a8ab9ed48e74c5c6a94dd209ce3ea3a912d1591af18a5c782256d1581c2fd,2024-01,Derbyshire Constabulary,Derbyshire Constabulary,-1.505900,52.906330,On or near Heath Avenue,E01013546,Derby 017D,Violence and sexual offences,Further investigation is not in the public interest,,2024-01/2024-01-derbyshire-street.csv,E01013546,E02002812,Derby
db4437487938425efeafe95ce322e809a5d470b8ed78e731b5cce60765e7edac,2024-01,Derbyshire Constabulary,Derbyshire Constabulary,-1.475379,52.912186,On or near Harriet Street,E01013481,Derby 018A,Possession of weapons,Status update unavailable,,2024-01/2024-01-derbyshire-street.csv,E01013481,E02002813,Derby
02bbcd5ab9148475002879cdcc9e93dd820119b91a7adc1172f5e71e1eea0754,2024-01,Derbyshire Constabulary,Derbyshire Constabulary,-1.475379,52.912186,On or near Harriet Street,E01013481,Derby 018A,Violence and sexual offences,Status update unavailable,,2024-01/2024-01-derbyshire-street.csv,E01013481,E02002813,Derby
02bbcd5ab9148475002879cdcc9e93dd820119b91a7adc1172f5e71e1eea0754,2024-01,Derbyshire Constabulary,Derbyshire Constabulary,-1.471883,52.912350,On or near Arboretum Square,E01013481,Derby 018A,Violence and sexual offences,Investigation complete; no suspect identified,,2024-01/2024-01-derbyshire-street.csv,E01013481,E02002813,Derby
6d03775d244d432877d0ad9796aa2e78137417c3a581b54aaea9e52b91aad9be,2024-01,Derbyshire Constabulary,Derbyshire Constabulary,-1.477675,52.908034,On or near Corden Street,E01013484,Derby 018C,Violence and sexual offences,Status update unavailable,,2024-01/2024-01-derbyshire-street.csv,E01013484,E02002813,Derby
db4437487938425efeafe95ce322e809a5d470b8ed78e731b5cce60765e7edac,2024-01,Derbyshire Constabulary,Derbyshire Constabulary,-1.471366,52.913256,On or near Morleston Street,E01033166,Derby 018F,Possession of weapons,Unable to prosecute suspect,,2024-01/2024-01-derbyshire-street.csv,E01033166,E02002813,Derby
54b879606f45b2dc76bb11cd7fd966a04697961a4e942464fc6edda1d41e0a44,2024-01,Derbyshire Constabulary,Derbyshire Constabulary,-1.467329,52.917481,On or near Castleward Boulevard,E01033166,Derby 018F,Violence and sexual offences,Unable to prosecute suspect,,2024-01/2024-01-derbyshire-street.csv,E01033166,E02002813,Derby
54b879606f45b2dc76bb11cd7fd966a04697961a4e942464fc6edda1d41e0a44,2024-01,Derbyshire Constabulary,Derbyshire Constabulary,-1.467329,52.917481,On or near Castleward Boulevard,E01033166,Derby 018F,Violence and sexual offences,Status update unavailable,,2024-01/2024-01-derbyshire-street.csv,E01033166,E02002813,Derby
85d4c1f0b9731df1ce56dc72633bb316ddbb68f0485ce28d3ffe35e62639eb90,2024-01,Derbyshire Constabulary,Derbyshire Constabulary,-1.528585,52.897109,On or near Pastures Avenue,E01013540,Derby 019A,Violence and sexual offences,Status update unavailable,,2024-01/2024-01-derbyshire-street.csv,E01013540,E02002814,Derby
13591c8a900d2d05300fafa2e692893551cde61f3bed79a28f82555830d823c6,2024-01,Derbyshire Constabulary,Derbyshire Constabulary,-1.494930,52.903560,On or near Parking Area,E01013568,Derby 020C,Violence and sexual offences,Status update unavailable,,2024-01/2024-01-derbyshire-street.csv,E01013568,E02002815,Derby
13591c8a900d2d05300fafa2e692893551cde61f3bed79a28f82555830d823c6,2024-01,Derbyshire Constabulary,Derbyshire Constabulary,-1.494930,52.903560,On or near Parking Area,E01013568,Derby 020C,Violence and sexual offences,Unable to prosecute suspect,,2024-01/2024-01-derbyshire-street.csv,E01013568,E02002815,Derby
6d03775d244d432877d0ad9796aa2e78137417c3a581b54aaea9e52b91aad9be,2024-01,Derbyshire Constabulary,Derbyshire Constabulary,-1.474924,52.900642,On or near Pear Tree Crescent,E01013569,Derby 020D,Violence and sexual offences,Unable to prosecute suspect,,2024-01/2024-01-derbyshire-street.csv,E01013569,E02002815,Derby
ac3be1146b92914a75703d84b94d2b392c736f2de0ea31c4dc9d7336bac4705b,2024-01,Derbyshire Constabulary,Derbyshire Constabulary,-1.535250,52.891094,On or near Rykneld Road,E01013541,Derby 021B,Violence and sexual offences,Status update unavailable,,2024-01/2024-01-derbyshire-street.csv,E01013541,E02002816,Derby
4ef48495ae4faa52fc12ec784f41bb1e4f2bb19f5317b2764c57d5b50a006fbe,2024-01,Derbyshire Constabulary,Derbyshire Constabulary,-1.531663,52.892685,On or near Supermarket,E01013541,Derby 021B,Violence and sexual offences,Further investigation is not in the public interest,,2024-01/2024-01-derbyshire-street.csv,E01013541,E02002816,Derby
ca3a8ab9ed48e74c5c6a94dd209ce3ea3a912d1591af18a5c782256d1581c2fd,2024-01,Derbyshire Constabulary,Derbyshire Constabulary,-1.525944,52.891273,On or near Meadow Brook Close,E01013541,Derby 021B,Violence and sexual offences,Status update unavailable,,2024-01/2024-01-derbyshire-street.csv,E01013541,E02002816,Derby
85d4c1f0b9731df1ce56dc72633bb316ddbb68f0485ce28d3ffe35e62639eb90,2024-01,Derbyshire Constabulary,Derbyshire Constabulary,-1.525252,52.897446,On or near Badgerdale Way,E01013544,Derby 021D,Violence and sexual offences,Unable to prosecute suspect,,2024-01/2024-01-derbyshire-street.csv,E01013544,E02002816,Derby
dd1a0991229278bd2027dd43561d78ca3cd441e00648e0e51c1b00ad6ffc481c,2024-01,Derbyshire Constabulary,Derbyshire Constabulary,-1.503031,52.898497,On or near Willson Avenue,E01013489,Derby 022B,Violence and sexual offences,Status update unavailable,,2024-01/2024-01-derbyshire-street.csv,E01013489,E02002817,Derby
ac7823442657a423607aceb64a429c260d522c431682e405c4d7fb0a2da91001,2024-01,Derbyshire Constabulary,Derbyshire Constabulary,-1.508459,52.896992,On or near Rowley Gardens,E01013489,Derby 022B,Violence and sexual offences,Status update unavailable,,2024-01/2024-01-derbyshire-street.csv,E01013489,E02002817,Derby
40619769de2c1dfb6a7ba05f4ba63586b388b64a04de9b0c4dda93c1881dbd35,2024-01,Derbyshire Constabulary,Derbyshire Constabulary,-1.493638,52.900849,On or near Foremark Avenue,E01013491,Derby 022D,Violence and sexual offences,Unable to prosecute suspect,,2024-01/2024-01-derbyshire-street.csv,E01013491,E02002817,Derby
dd1a0991229278bd2027dd43561d78ca3cd441e00648e0e51c1b00ad6ffc481c,2024-01,Derbyshire Constabulary,Derbyshire Constabulary,-1.479028,52.903042,On or near Aimploy Court,E01013570,Derby 023A,Violence and sexual offences,Unable to prosecute suspect,,2024-01/2024-01-derbyshire-street.csv,E01013570,E02002818,Derby
0cc5d72ef1bbbb20872bbd494a77476824cd8534affd21a4f0fef3c4f6f918c2,2024-01,Derbyshire Constabulary,Derbyshire Constabulary,-1.482254,52.901771,On or near Brunswick Street,E01013570,Derby 023A,Public order,Status update unavailable,,2024-01/2024-01-derbyshire-street.csv,E01013570,E02002818,Derby
5f3a7cbb20d0f5b7b451f0024bac83f4309a9c9b54711c998f1131ee013bbea9,2024-01,Derbyshire Constabulary,Derbyshire Constabulary,-1.479957,52.901194,On or near Havelock Road,E01013570,Derby 023A,Violence and sexual offences,Local resolution,,2024-01/2024-01-derbyshire-street.csv,E01013570,E02002818,Derby
2c5d6974a36cea0fc59c0cb15b5f0b89e74a7d506dfcbf6ba38b44c219eb85da,2024-01,Derbyshire Constabulary,Derbyshire Constabulary,-1.487964,52.900465,On or near Offerton Avenue,E01013570,Derby 023A,Violence and sexual offences,Status update unavailable,,2024-01/2024-01-derbyshire-street.csv,E01013570,E02002818,Derby
d2060d1f1b44cd16e1329f7c624343f1ca8cbcf6154855d7d22dc50d86327051,2024-01,Derbyshire Constabulary,Derbyshire Constabulary,-1.488046,52.899782,On or near Bamford Avenue,E01013570,Derby 023A,Violence and sexual offences,Further action is not in the public interest,,2024-01/2024-01-derbyshire-street.csv,E01013570,E02002818,Derby
6e970102c2e5492f4493d153bd610fe732572d3834b8cabc3123d21df9efec82,2024-01,Derbyshire Constabulary,Derbyshire Constabulary,-1.480017,52.896178,On or near Rawlinson Avenue,E01013571,Derby 023B,Violence and sexual offences,Investigation complete; no suspect identified,,2024-01/2024-01-derbyshire-street.csv,E01013571,E02002818,Derby
ac7823442657a423607aceb64a429c260d522c431682e405c4d7fb0a2da91001,2024-01,Derbyshire Constabulary,Derbyshire Constabulary,-1.480247,52.898112,On or near Newdigate Street,E01013571,Derby 023B,Violence and sexual offences,Unable to prosecute suspect,,2024-01/2024-01-derbyshire-street.csv,E01013571,E02002818,Derby
d2060d1f1b44cd16e1329f7c624343f1ca8cbcf6154855d7d22dc50d86327051,2024-01,Derbyshire Constabulary,Derbyshire Constabulary,-1.476728,52.896515,On or near Foresters Way,E01013571,Derby 023B,Violence and sexual offences,Status update unavailable,,2024-01/2024-01-derbyshire-street.csv,E01013571,E02002818,Derby
6e970102c2e5492f4493d153bd610fe732572d3834b8cabc3123d21df9efec82,2024-01,Derbyshire Constabulary,Derbyshire Constabulary,-1.477991,52.897797,On or near Hampden Street,E01013571,Derby 023B,Violence and sexual offences,Status update unavailable,,2024-01/2024-01-derbyshire-street.csv,E01013571,E02002818,Derby
855bfdd8047a6b88fc2733efa1704ab2263f50d7fc640cdfc33797467170f4e6,2024-01,Derbyshire Constabulary,Derbyshire Constabulary,-1.484092,52.894722,On or near Austin Square,E01013573,Derby 023D,Violence and sexual offences,Unable to prosecute suspect,,2024-01/2024-01-derbyshire-street.csv,E01013573,E02002818,Derby
855bfdd8047a6b88fc2733efa1704ab2263f50d7fc640cdfc33797467170f4e6,2024-01,Derbyshire Constabulary,Derbyshire Constabulary,-1.484092,52.894722,On or near Austin Square,E01013573,Derby 023D,Violence and sexual offences,Status update unavailable,,2024-01/2024-01-derbyshire-street.csv,E01013573,E02002818,Derby
8d657ee280ebd6cde947be0ed1720b3fec226aed1024af91d1275c7543217e38,2024-01,Derbyshire Constabulary,Derbyshire Constabulary,-1.417624,52.895422,On or near Alum Close,E01013470,Derby 024A,Violence and sexual offences,Status update unavailable,,2024-01/2024-01-derbyshire-street.csv,E01013470,E02002819,Derby
01cba8d1fbd630bf932fe4419a7cea2e1792f39fcfef0115f32b5999d5946cf6,2024-01,Derbyshire Constabulary,Derbyshire Constabulary,-1.445577,52.899511,On or near Keynsham Close,E01033171,Derby 024E,Public order,Status update unavailable,,2024-01/2024-01-derbyshire-street.csv,E01033171,E02002819,Derby
300496118623c0b255cbdc0357c956722f1917796a23c375b5385288eb0e2bff,2024-01,Derbyshire Constabulary,Derbyshire Constabulary,-1.448146,52.905626,On or near Rugby Street,E01033172,Derby 024F,Violence and sexual offences,Unable to prosecute suspect,,2024-01/2024-01-derbyshire-street.csv,E01033172,E02002819,Derby
ceffd5f1ab156a175868807c711339f43e217549fd5de2d14b825d9fad1a3cc7,2024-01,Derbyshire Constabulary,Derbyshire Constabulary,-1.440248,52.893130,On or near Neilson Street,E01013475,Derby 025C,Criminal damage and arson,Status update unavailable,,2024-01/2024-01-derbyshire-street.csv,E01013475,E02002820,Derby
ad8c39c9ab22b9dab82eb9863b003d3533a31330984630e0473b083a5a5dbc7e,2024-01,Derbyshire Constabulary,Derbyshire Constabulary,-1.438249,52.890262,On or near Anthony Drive,E01013503,Derby 025F,Criminal damage and arson,Status update unavailable,,2024-01/2024-01-derbyshire-street.csv,E01013503,E02002820,Derby
c0fb1ec7c675969ac012ab54fa5a4f647020c8f2a29e3490d6f15993b4c5a56e,2024-01,Derbyshire Constabulary,Derbyshire Constabulary,-1.441810,52.888400,On or near Holtlands Drive,E01013503,Derby 025F,Public order,Status update unavailable,,2024-01/2024-01-derbyshire-street.csv,E01013503,E02002820,Derby
ceffd5f1ab156a175868807c711339f43e217549fd5de2d14b825d9fad1a3cc7,2024-01,Derbyshire Constabulary,Derbyshire Constabulary,-1.439041,52.895677,On or near Radford Street,E01013472,Derby 026A,Criminal damage and arson,Local resolution,,2024-01/2024-01-derbyshire-street.csv,E01013472,E02002821,Derby
6ca741989dce899297476087ce205e6810f73da5b514dc9f222de03883efeeeb,2024-01,Derbyshire Constabulary,Derbyshire Constabulary,-1.447793,52.892410,On or near Kettlewell Close,E01013472,Derby 026A,Violence and sexual offences,Unable to prosecute suspect,,2024-01/2024-01-derbyshire-street.csv,E01013472,E02002821,Derby
6ca741989dce899297476087ce205e6810f73da5b514dc9f222de03883efeeeb,2024-01,Derbyshire Constabulary,Derbyshire Constabulary,-1.449594,52.893434,On or near Wilkins Drive,E01013472,Derby 026A,Violence and sexual offences,Status update unavailable,,2024-01/2024-01-derbyshire-street.csv,E01013472,E02002821,Derby
6086671389e9ca8de0fe32db7c20bbc0906982f77907e942c5a1f54f0b7a8aa1,2024-01,Derbyshire Constabulary,Derbyshire Constabulary,-1.451218,52.889567,On or near A514,E01013504,Derby 026C,Public order,Unable to prosecute suspect,,2024-01/2024-01-derbyshire-street.csv,E01013504,E02002821,Derby
28201a574a7a443a1757d9be114c64f67d73d3ef69e4d1496ea381635b131b84,2024-01,Derbyshire Constabulary,Derbyshire Constabulary,-1.453062,52.890673,On or near Parking Area,E01013504,Derby 026C,Criminal damage and arson,Unable to prosecute suspect,,2024-01/2024-01-derbyshire-street.csv,E01013504,E02002821,Derby
01cba8d1fbd630bf932fe4419a7cea2e1792f39fcfef0115f32b5999d5946cf6,2024-01,Derbyshire Constabulary,Derbyshire Constabulary,-1.446560,52.890004,On or near Jubalton Close,E01013504,Derby 026C,Public order,Local resolution,,2024-01/2024-01-derbyshire-street.csv,E01013504,E02002821,Derby
bd89024e0dd74f49a2acb741bdd48466434849a01d17e1180845f59713fc7906,2024-01,Derbyshire Constabulary,Derbyshire Constabulary,-1.449003,52.890771,On or near Cockayne Street South,E01013504,Derby 026C,Violence and sexual offences,Status update unavailable,,2024-01/2024-01-derbyshire-street.csv,E01013504,E02002821,Derby
6086671389e9ca8de0fe32db7c20bbc0906982f77907e942c5a1f54f0b7a8aa1,2024-01,Derbyshire Constabulary,Derbyshire Constabulary,-1.456062,52.893204,On or near Adrian Street,E01013583,Derby 026D,Public order,Status update unavailable,,2024-01/2024-01-derbyshire-street.csv,E01013583,E02002821,Derby
c0fb1ec7c675969ac012ab54fa5a4f647020c8f2a29e3490d6f15993b4c5a56e,2024-01,Derbyshire Constabulary,Derbyshire Constabulary,-1.458890,52.895284,On or near Durward Close,E01013583,Derby 026D,Public order,Action to be taken by another organisation,,2024-01/2024-01-derbyshire-street.csv,E01013583,E02002821,Derby
c2138fddd60300fbec2d0cd6a0f520c96d555c4f85aea01ce3fb39be00f3cd05,2024-01,Derbyshire Constabulary,Derbyshire Constabulary,-1.455024,52.893046,On or near Varley Street,E01013583,Derby 026D,Vehicle crime,Unable to prosecute suspect,,2024-01/2024-01-derbyshire-street.csv,E01013583,E02002821,Derby
ad8c39c9ab22b9dab82eb9863b003d3533a31330984630e0473b083a5a5dbc7e,2024-01,Derbyshire Constabulary,Derbyshire Constabulary,-1.465421,52.897273,On or near Mortimer Street,E01013590,Derby 026E,Criminal damage and arson,Unable to prosecute suspect,,2024-01/2024-01-derbyshire-street.csv,E01013590,E02002821,Derby
0cc5d72ef1bbbb20872bbd494a77476824cd8534affd21a4f0fef3c4f6f918c2,2024-01,Derbyshire Constabulary,Derbyshire Constabulary,-1.463981,52.902766,On or near Police Station,E01013590,Derby 026E,Public order,Investigation complete; no suspect identified,,2024-01/2024-01-derbyshire-street.csv,E01013590,E02002821,Derby
28201a574a7a443a1757d9be114c64f67d73d3ef69e4d1496ea381635b131b84,2024-01,Derbyshire Constabulary,Derbyshire Constabulary,-1.460863,52.895617,On or near Marlborough Road,E01013591,Derby 026F,Criminal damage and arson,Status update unavailable,,2024-01/2024-01-derbyshire-street.csv,E01013591,E02002821,Derby
c2138fddd60300fbec2d0cd6a0f520c96d555c4f85aea01ce3fb39be00f3cd05,2024-01,Derbyshire Constabulary,Derbyshire Constabulary,-1.460614,52.901342,On or near Grosvenor Street,E01013591,Derby 026F,Vehicle crime,Status update unavailable,,2024-01/2024-01-derbyshire-street.csv,E01013591,E02002821,Derby
4ef48495ae4faa52fc12ec784f41bb1e4f2bb19f5317b2764c57d5b50a006fbe,2024-01,Derbyshire Constabulary,Derbyshire Constabulary,-1.504587,52.887159,On or near Oaklands Avenue,E01013494,Derby 027C,Violence and sexual offences,Status update unavailable,,2024-01/2024-01-derbyshire-street.csv,E01013494,E02002822,Derby
40619769de2c1dfb6a7ba05f4ba63586b388b64a04de9b0c4dda93c1881dbd35,2024-01,Derbyshire Constabulary,Derbyshire Constabulary,-1.503816,52.885771,On or near Bretby Square,E01013494,Derby 027C,Violence and sexual offences,Status update unavailable,,2024-01/2024-01-derbyshire-street.csv,E01013494,E02002822,Derby
2c5d6974a36cea0fc59c0cb15b5f0b89e74a7d506dfcbf6ba38b44c219eb85da,2024-01,Derbyshire Constabulary,Derbyshire Constabulary,-1.490866,52.884998,On or near Saxon Court,E01013585,Derby 029B,Violence and sexual offences,Unable to prosecute suspect,,2024-01/2024-01-derbyshire-street.csv,E01013585,E02002824,Derby
300496118623c0b255cbdc0357c956722f1917796a23c375b5385288eb0e2bff,2024-01,Derbyshire Constabulary,Derbyshire Constabulary,-1.480794,52.892119,On or near Parking Area,E01013585,Derby 029B,Violence and sexual offences,Status update unavailable,,2024-01/2024-01-derbyshire-street.csv,E01013585,E02002824,Derby
06e8e51080127b4fc233addbd6a4b90d8f2b2785eaab2bed1729f5eecf9c8361,2024-01,Derbyshire Constabulary,Derbyshire Constabulary,-1.446369,52.882857,On or near Woodlands Avenue,E01013518,Derby 030C,Public order,Local resolution,,2024-01/2024-01-derbyshire-street.csv,E01013518,E02002825,Derby
06e8e51080127b4fc233addbd6a4b90d8f2b2785eaab2bed1729f5eecf9c8361,2024-01,Derbyshire Constabulary,Derbyshire Constabulary,-1.446369,52.882857,On or near Woodlands Avenue,E01013518,Derby 030C,Public order,Status update unavailable,,2024-01/2024-01-derbyshire-street.csv,E01013518,E02002825,Derby
9615665bfb478f9f4bd7fda5c7f17729512b639ebfd99468a0ffd2942221d3a5,2024-01,Derbyshire Constabulary,Derbyshire Constabulary,-1.438366,52.867384,On or near Supermarket,E01033170,Derby 030G,Violence and sexual offences,Status update unavailable,,2024-01/2024-01-derbyshire-street.csv,E01033170,E02002825,Derby
e3949c9b73d2d24d7800ee12ac23ca39f20d5624d018576ba225a95e0538f8e2,2024-01,Derbyshire Constabulary,Derbyshire Constabulary,-1.437158,52.870013,On or near Manor Road,E01013515,Derby 031B,Public order,Status update unavailable,,2024-01/2024-01-derbyshire-street.csv,E01013515,E02002826,Derby
bd89024e0dd74f49a2acb741bdd48466434849a01d17e1180845f59713fc7906,2024-01,Derbyshire Constabulary,Derbyshire Constabulary,-1.434631,52.864436,On or near Second Avenue,E01013515,Derby 031B,Violence and sexual offences,Unable to prosecute suspect,,2024-01/2024-01-derbyshire-street.csv,E01013515,E02002826,Derby
9615665bfb478f9f4bd7fda5c7f17729512b639ebfd99468a0ffd2942221d3a5,2024-01,Derbyshire Constabulary,Derbyshire Constabulary,-1.427546,52.873428,On or near Acrefield Way,E01013519,Derby 031C,Violence and sexual offences,Action to be taken by another organisation,,2024-01/2024-01-derbyshire-street.csv,E01013519,E02002826,Derby
8d657ee280ebd6cde947be0ed1720b3fec226aed1024af91d1275c7543217e38,2024-01,Derbyshire Constabulary,Derbyshire Constabulary,-1.431391,52.873662,On or near Pingreaves Drive,E01013519,Derby 031C,Violence and sexual offences,Local resolution,,2024-01/2024-01-derbyshire-street.csv,E01013519,E02002826,Derby
e3949c9b73d2d24d7800ee12ac23ca39f20d5624d018576ba225a95e0538f8e2,2024-01,Derbyshire Constabulary,Derbyshire Constabulary,-1.431482,52.876952,On or near Park Nook Close,E01013520,Derby 031D,Public order,Action to be taken by another organisation,,2024-01/2024-01-derbyshire-street.csv,E01013520,E02002826,Derby
fde42f24492c49ab72719e65f1cd22c96bc769b0f5efc3ead454a99a2545430d,2024-01,Derbyshire Constabulary,Derbyshire Constabulary,-1.729440,52.997939,On or near Wyaston Road,E01019607,Derbyshire Dales 010B,Violence and sexual offences,Status update unavailable,,2024-01/2024-01-derbyshire-street.csv,E01019607,E02004077,Derbyshire Dales
fde42f24492c49ab72719e65f1cd22c96bc769b0f5efc3ead454a99a2545430d,2024-01,Derbyshire Constabulary,Derbyshire Constabulary,-1.800235,52.938382,On or near Pearl Bank,E01019629,Derbyshire Dales 010D,Violence and sexual offences,Local resolution,,2024-01/2024-01-derbyshire-street.csv,E01019629,E02004077,Derbyshire Dales
976a9ad3014d63115f393cebbd2a8db0db59267a2fcf9dea03604e75e28de002,2024-01,Derbyshire Constabulary,Derbyshire Constabulary,-1.637532,52.815031,On or near Parker Street,E01029426,East Staffordshire 008A,Violence and sexual offences,Unable to prosecute suspect,,2024-01/2024-01-derbyshire-street.csv,E01029426,E02006138,East Staffordshire
e38eaaf1cd0d191211cc03a53dd272ebd92c886ecfe9a8a31925bbc0c8c1be22,2024-01,Derbyshire Constabulary,Derbyshire Constabulary,-1.306763,52.881432,On or near Haddon Way,E01019697,Erewash 015A,Violence and sexual offences,Unable to prosecute suspect,,2024-01/2024-01-derbyshire-street.csv,E01019697,E02004092,Erewash
e38eaaf1cd0d191211cc03a53dd272ebd92c886ecfe9a8a31925bbc0c8c1be22,2024-01,Derbyshire Constabulary,Derbyshire Constabulary,-1.298876,52.880307,On or near Arnold Crescent,E01019700,Erewash 015C,Violence and sexual offences,Status update unavailable,,2024-01/2024-01-derbyshire-street.csv,E01019700,E02004092,Erewash
4c406316c5c6313e9f51499bcdba0c4dcd3453d1b74b59b85c61a2ad33de06b0,2024-01,Derbyshire Constabulary,Derbyshire Constabulary,-1.532909,52.761636,On or near Oakway Drive,E01025950,North West Leicestershire 008A,Other theft,Status update unavailable,,2024-01/2024-01-derbyshire-street.csv,E01025950,E02005404,North West Leicestershire
a7d734dde491fd33b341670a9f378fad58e09d9a0387f1d6d90c8fb6f5376cf3,2024-01,Derbyshire Constabulary,Derbyshire Constabulary,-1.511312,52.767384,On or near Ashby Road,E01025952,North West Leicestershire 008C,Violence and sexual offences,Status update unavailable,,2024-01/2024-01-derbyshire-street.csv,E01025952,E02005404,North West Leicestershire
ac3be1146b92914a75703d84b94d2b392c736f2de0ea31c4dc9d7336bac4705b,2024-01,Derbyshire Constabulary,Derbyshire Constabulary,-1.559281,52.895753,On or near Wren Way,E01019839,South Derbyshire 001A,Violence and sexual offences,Unable to prosecute suspect,,2024-01/2024-01-derbyshire-street.csv,E01019839,E02004118,South Derbyshire
a2b643033501fd3d98e3760301ed778eb2ccd061170ff36d0cd8874ce1cb83aa,2024-01,Derbyshire Constabulary,Derbyshire Constabulary,-1.633826,52.869478,On or near Soar Close,E01033533,South Derbyshire 002G,Other crime,Further investigation is not in the public interest,,2024-01/2024-01-derbyshire-street.csv,E01033533,E02004119,South Derbyshire
7f6daa5b2c79bd3e599ac216cc25bec72e3ae3da5e7192f7b3cd36d9a6b81113,2024-01,Derbyshire Constabulary,Derbyshire Constabulary,-1.563907,52.855389,On or near Derwent Court,E01019882,South Derbyshire 003E,Violence and sexual offences,Investigation complete; no suspect identified,,2024-01/2024-01-derbyshire-street.csv,E01019882,E02004120,South Derbyshire
7f6daa5b2c79bd3e599ac216cc25bec72e3ae3da5e7192f7b3cd36d9a6b81113,2024-01,Derbyshire Constabulary,Derbyshire Constabulary,-1.564047,52.853286,On or near Willington,E01019882,South Derbyshire 003E,Violence and sexual offences,Status update unavailable,,2024-01/2024-01-derbyshire-street.csv,E01019882,E02004120,South Derbyshire
5f3a7cbb20d0f5b7b451f0024bac83f4309a9c9b54711c998f1131ee013bbea9,2024-01,Derbyshire Constabulary,Derbyshire Constabulary,-1.527564,52.887181,On or near Allington Place,E01034650,South Derbyshire 003F,Violence and sexual offences,Status update unavailable,,2024-01/2024-01-derbyshire-street.csv,E01034650,E02004120,South Derbyshire
6118ef01a2a0c9fee7b56655d954e0d1bf3f4106a90fcb42613051f4186929b4,2024-01,Derbyshire Constabulary,Derbyshire Constabulary,-1.540649,52.837260,On or near Hill View,E01019868,South Derbyshire 005B,Violence and sexual offences,Unable to prosecute suspect,,2024-01/2024-01-derbyshire-street.csv,E01019868,E02004122,South Derbyshire
81a2c3727f50b6b1abf9ba528c82a2cbccbf544f8e6616b219bb75f6d6645c18,2024-01,Derbyshire Constabulary,Derbyshire Constabulary,-1.536077,52.780104,On or near Truro Close,E01019844,South Derbyshire 007A,Violence and sexual offences,Status update unavailable,,2024-01/2024-01-derbyshire-street.csv,E01019844,E02004124,South Derbyshire
80667cbb7bf26614357194c227417922ff3a09453327a60a56cd562259b85c6b,2024-01,Derbyshire Constabulary,Derbyshire Constabulary,-1.567217,52.789814,On or near The Bee Hives,E01019857,South Derbyshire 007C,Violence and sexual offences,Status update unavailable,,2024-01/2024-01-derbyshire-street.csv,E01019857,E02004124,South Derbyshire
11b200bfbdd0ddf4ac3ce4a628388cf42c4cd134349426b8f5816e66929dd726,2024-01,Derbyshire Constabulary,Derbyshire Constabulary,-1.557899,52.785968,On or near Acacia Avenue,E01019858,South Derbyshire 007D,Violence and sexual offences,Status update unavailable,,2024-01/2024-01-derbyshire-street.csv,E01019858,E02004124,South Derbyshire
4fc2d3cf7c616c12dac2c3e7f69580e9b2b161a3220764c2e89413d838b554d1,2024-01,Derbyshire Constabulary,Derbyshire Constabulary,-1.557899,52.785968,On or near Acacia Avenue,E01019858,South Derbyshire 007D,Other crime,Status update unavailable,,2024-01/2024-01-derbyshire-street.csv,E01019858,E02004124,South Derbyshire
10c2174f57042155f7bad500f249389d8b5073c12b49365a93fb521ddded2f3b,2024-01,Derbyshire Constabulary,Derbyshire Constabulary,-1.547440,52.780876,On or near James Street,E01019859,South Derbyshire 007E,Violence and sexual offences,Court result unavailable,,2024-01/2024-01-derbyshire-street.csv,E01019859,E02004124,South Derbyshire
11b200bfbdd0ddf4ac3ce4a628388cf42c4cd134349426b8f5816e66929dd726,2024-01,Derbyshire Constabulary,Derbyshire Constabulary,-1.553481,52.784459,On or near A511,E01019859,South Derbyshire 007E,Violence and sexual offences,Unable to prosecute suspect,,2024-01/2024-01-derbyshire-street.csv,E01019859,E02004124,South Derbyshire
10c2174f57042155f7bad500f249389d8b5073c12b49365a93fb521ddded2f3b,2024-01,Derbyshire Constabulary,Derbyshire Constabulary,-1.550884,52.777500,On or near Hamilton Drive,E01019859,South Derbyshire 007E,Violence and sexual offences,Status update unavailable,,2024-01/2024-01-derbyshire-street.csv,E01019859,E02004124,South Derbyshire
80667cbb7bf26614357194c227417922ff3a09453327a60a56cd562259b85c6b,2024-01,Derbyshire Constabulary,Derbyshire Constabulary,-1.585298,52.779945,On or near Dales Close,E01019862,South Derbyshire 008C,Violence and sexual offences,Formal action is not in the public interest,,2024-01/2024-01-derbyshire-street.csv,E01019862,E02004125,South Derbyshire
97213d6e4c05f39b8539e4db522f013383d6cfc683da6a5549711e76aa1ef751,2024-01,Derbyshire Constabulary,Derbyshire Constabulary,-1.575595,52.780693,On or near Cecil Road,E01019863,South Derbyshire 008D,Violence and sexual offences,Status update unavailable,,2024-01/2024-01-derbyshire-street.csv,E01019863,E02004125,South Derbyshire
c44195106ba3789d0bcba0a85cb6e74db433a2f798c27fff598069891566040e,2024-01,Derbyshire Constabulary,Derbyshire Constabulary,-1.574828,52.774208,On or near Coral Lane,E01019864,South Derbyshire 008E,Violence and sexual offences,Status update unavailable,,2024-01/2024-01-derbyshire-street.csv,E01019864,E02004125,South Derbyshire
97213d6e4c05f39b8539e4db522f013383d6cfc683da6a5549711e76aa1ef751,2024-01,Derbyshire Constabulary,Derbyshire Constabulary,-1.579570,52.780473,On or near Oversetts Road,E01019864,South Derbyshire 008E,Violence and sexual offences,Court result unavailable,,2024-01/2024-01-derbyshire-street.csv,E01019864,E02004125,South Derbyshire
899261dec0caa7a89442bdd7514219a4be002634f1a36f70f8f23bdc2b9e124a,2024-01,Derbyshire Constabulary,Derbyshire Constabulary,-1.558275,52.773717,On or near Market Street,E01019877,South Derbyshire 009B,Violence and sexual offences,Status update unavailable,,2024-01/2024-01-derbyshire-street.csv,E01019877,E02004126,South Derbyshire
6b31aa0ade36f13fdf4033111335ab2f5fb63933b105d01ee9902d6f9ef8e323,2024-01,Derbyshire Constabulary,Derbyshire Constabulary,-1.560133,52.774721,On or near Police Station,E01019877,South Derbyshire 009B,Violence and sexual offences,Status update unavailable,,2024-01/2024-01-derbyshire-street.csv,E01019877,E02004126,South Derbyshire
764df01f37c081fbf0bdc99fe803f5e9c4941d4a5efde22f01f1e10e6cbab9de,2024-01,Derbyshire Constabulary,Derbyshire Constabulary,-1.555236,52.770856,On or near Supermarket,E01019877,South Derbyshire 009B,Violence and sexual offences,Investigation complete; no suspect identified,,2024-01/2024-01-derbyshire-street.csv,E01019877,E02004126,South Derbyshire
ccb2161b31a71730c21dc70e15060f18b852583a9e1a770a549abfead49231d4,2024-01,Derbyshire Constabulary,Derbyshire Constabulary,-1.558275,52.773717,On or near Market Street,E01019877,South Derbyshire 009B,Violence and sexual offences,Status update unavailable,,2024-01/2024-01-derbyshire-street.csv,E01019877,E02004126,South Derbyshire
899261dec0caa7a89442bdd7514219a4be002634f1a36f70f8f23bdc2b9e124a,2024-01,Derbyshire Constabulary,Derbyshire Constabulary,-1.553585,52.774292,On or near Drayton Street,E01019877,South Derbyshire 009B,Violence and sexual offences,Unable to prosecute suspect,,2024-01/2024-01-derbyshire-street.csv,E01019877,E02004126,South Derbyshire
81a2c3727f50b6b1abf9ba528c82a2cbccbf544f8e6616b219bb75f6d6645c18,2024-01,Derbyshire Constabulary,Derbyshire Constabulary,-1.554495,52.775186,On or near Belmont Street,E01019877,South Derbyshire 009B,Violence and sexual offences,Unable to prosecute suspect,,2024-01/2024-01-derbyshire-street.csv,E01019877,E02004126,South Derbyshire
ac390e100a40f9df93835bf4c044d0f56beaa28eddce345313666c70798bd066,2024-01,Derbyshire Constabulary,Derbyshire Constabulary,-1.560913,52.770886,On or near Stanhope Road,E01019878,South Derbyshire 009C,Criminal damage and arson,Status update unavailable,,2024-01/2024-01-derbyshire-street.csv,E01019878,E02004126,South Derbyshire
a7d734dde491fd33b341670a9f378fad58e09d9a0387f1d6d90c8fb6f5376cf3,2024-01,Derbyshire Constabulary,Derbyshire Constabulary,-1.566315,52.770213,On or near Brook Street,E01019878,South Derbyshire 009C,Violence and sexual offences,Unable to prosecute suspect,,2024-01/2024-01-derbyshire-street.csv,E01019878,E02004126,South Derbyshire
c44195106ba3789d0bcba0a85cb6e74db433a2f798c27fff598069891566040e,2024-01,Derbyshire Constabulary,Derbyshire Constabulary,-1.564638,52.773345,On or near Supermarket,E01019879,South Derbyshire 009D,Violence and sexual offences,Court result unavailable,,2024-01/2024-01-derbyshire-street.csv,E01019879,E02004126,South Derbyshire
6b31aa0ade36f13fdf4033111335ab2f5fb63933b105d01ee9902d6f9ef8e323,2024-01,Derbyshire Constabulary,Derbyshire Constabulary,-1.598731,52.752411,On or near Coton Croft,E01019852,South Derbyshire 011C,Violence and sexual offences,Unable to prosecute suspect,,2024-01/2024-01-derbyshire-street.csv,E01019852,E02004128,South Derbyshire
ccb2161b31a71730c21dc70e15060f18b852583a9e1a770a549abfead49231d4,2024-01,Derbyshire Constabulary,Derbyshire Constabulary,-1.583364,52.754228,On or near Linton Road,E01019852,South Derbyshire 011C,Violence and sexual offences,Unable to prosecute suspect,,2024-01/2024-01-derbyshire-street.csv,E01019852,E02004128,South Derbyshire
4fc2d3cf7c616c12dac2c3e7f69580e9b2b161a3220764c2e89413d838b554d1,2024-01,Derbyshire Constabulary,Derbyshire Constabulary,-1.554259,52.764955,On or near Bridge Close,E01019837,South Derbyshire 012A,Other crime,Investigation complete; no suspect identified,,2024-01/2024-01-derbyshire-street.csv,E01019837,E02006919,South Derbyshire
ac390e100a40f9df93835bf4c044d0f56beaa28eddce345313666c70798bd066,2024-01,Derbyshire Constabulary,Derbyshire Constabulary,-1.561176,52.766823,On or near Wood Street,E01019837,South Derbyshire 012A,Criminal damage and arson,Offender given a caution,,2024-01/2024-01-derbyshire-street.csv,E01019837,E02006919,South Derbyshire
4c406316c5c6313e9f51499bcdba0c4dcd3453d1b74b59b85c61a2ad33de06b0,2024-01,Derbyshire Constabulary,Derbyshire Constabulary,-1.559001,52.762042,On or near Mickleton Close,E01019837,South Derbyshire 012A,Other theft,Investigation complete; no suspect identified,,2024-01/2024-01-derbyshire-street.csv,E01019837,E02006919,South Derbyshire
764df01f37c081fbf0bdc99fe803f5e9c4941d4a5efde22f01f1e10e6cbab9de,2024-01,Derbyshire Constabulary,Derbyshire Constabulary,-1.554351,52.769036,On or near Coppice Side,E01019837,South Derbyshire 012A,Violence and sexual offences,Status update unavailable,,2024-01/2024-01-derbyshire-street.csv,E01019837,E02006919,South Derbyshire
6403da9ba3ee4242c1fb82b88808204350c843a876f7ea054bed1f769f00ba9c,2024-01,Derbyshire Constabulary,Derbyshire Constabulary,-1.566183,52.761061,On or near Chapel Street,E01019838,South Derbyshire 012B,Violence and sexual offences,Unable to prosecute suspect,,2024-01/2024-01-derbyshire-street.csv,E01019838,E02006919,South Derbyshire
a2b643033501fd3d98e3760301ed778eb2ccd061170ff36d0cd8874ce1cb83aa,2024-01,Derbyshire Constabulary,Derbyshire Constabulary,-1.540926,52.770136,On or near Frederick Street,E01033536,South Derbyshire 012D,Other crime,Status update unavailable,,2024-01/2024-01-derbyshire-street.csv,E01033536,E02006919,South Derbyshire
f1e21429bd4f1133704ed149e79c910300a17f1251d2ac83f97536d05ee8677a,2024-01,Derbyshire Constabulary,Derbyshire Constabulary,-1.571306,52.760037,On or near Derwent Close,E01033537,South Derbyshire 012E,Violence and sexual offences,Court result unavailable,,2024-01/2024-01-derbyshire-street.csv,E01033537,E02006919,South Derbyshire
f1e21429bd4f1133704ed149e79c910300a17f1251d2ac83f97536d05ee8677a,2024-01,Derbyshire Constabulary,Derbyshire Constabulary,-1.574263,52.757684,On or near Station Street,E01033537,South Derbyshire 012E,Violence and sexual offences,Status update unavailable,,2024-01/2024-01-derbyshire-street.csv,E01033537,E02006919,South Derbyshire
976a9ad3014d63115f393cebbd2a8db0db59267a2fcf9dea03604e75e28de002,2024-01,Derbyshire Constabulary,Derbyshire Constabulary,-1.524289,52.774754,On or near Goseley Avenue,E01019842,South Derbyshire 013A,Violence and sexual offences,Status update unavailable,,2024-01/2024-01-derbyshire-street.csv,E01019842,E02006920,South Derbyshire
6403da9ba3ee4242c1fb82b88808204350c843a876f7ea054bed1f769f00ba9c,2024-01,Derbyshire Constabulary,Derbyshire Constabulary,-1.528367,52.763668,On or near Thorn Street,E01034657,South Derbyshire 013F,Violence and sexual offences,Status update unavailable,,2024-01/2024-01-derbyshire-street.csv,E01034657,E02006920,South Derbyshire
b9b375e874791a3f8d79fdde0fbf36fb41883f2de8611ab687d8d5feb541cf05,2024-02,Derbyshire Constabulary,Derbyshire Constabulary,-1.412124,52.913032,On or near Towpath Way,E01013595,Derby 014B,Violence and sexual offences,Unable to prosecute suspect,,2024-02/2024-02-derbyshire-street.csv,E01013595,E02002809,Derby
f3c1517ddb73723c601700d1c3b1dc5403e36a13ef2d7e389631588bf25fdd78,2024-02,Derbyshire Constabulary,Derbyshire Constabulary,-1.396131,52.910291,On or near Hayling Way,E01013595,Derby 014B,Violence and sexual offences,Status update unavailable,,2024-02/2024-02-derbyshire-street.csv,E01013595,E02002809,Derby
b9b375e874791a3f8d79fdde0fbf36fb41883f2de8611ab687d8d5feb541cf05,2024-02,Derbyshire Constabulary,Derbyshire Constabulary,-1.412124,52.913032,On or near Towpath Way,E01013595,Derby 014B,Violence and sexual offences,Status update unavailable,,2024-02/2024-02-derbyshire-street.csv,E01013595,E02002809,Derby
d900fe234606f76812e28b190741b7e03a39e7490ed78c84ab93e7422d661997,2024-02,Derbyshire Constabulary,Derbyshire Constabulary,-1.403051,52.916376,On or near Kirk Leys Avenue South,E01013597,Derby 014C,Violence and sexual offences,Status update unavailable,,2024-02/2024-02-derbyshire-street.csv,E01013597,E02002809,Derby
d1e197bab71a7edeab82485d328ab72da42b9ef70ea87953258f6c254312ed24,2024-02,Derbyshire Constabulary,Derbyshire Constabulary,-1.509916,52.902274,On or near Fernwood Close,E01013546,Derby 017D,Violence and sexual offences,Status update unavailable,,2024-02/2024-02-derbyshire-street.csv,E01013546,E02002812,Derby
d1e197bab71a7edeab82485d328ab72da42b9ef70ea87953258f6c254312ed24,2024-02,Derbyshire Constabulary,Derbyshire Constabulary,-1.510277,52.903211,On or near Oak Drive,E01013546,Derby 017D,Violence and sexual offences,Unable to prosecute suspect,,2024-02/2024-02-derbyshire-street.csv,E01013546,E02002812,Derby
5be8b82a75c3f14cd6b5b10d73302f34002c593c0e380f13952da9c81c2f2985,2024-02,Derbyshire Constabulary,Derbyshire Constabulary,-1.474217,52.908648,On or near Fleet Street,E01013481,Derby 018A,Violence and sexual offences,Unable to prosecute suspect,,2024-02/2024-02-derbyshire-street.csv,E01013481,E02002813,Derby
738a1733d6839f263a3dde8bf525becbf2d2b58e090b336ad3e94002ecbc48fe,2024-02,Derbyshire Constabulary,Derbyshire Constabulary,-1.472684,52.908776,On or near Wilfred Street,E01013481,Derby 018A,Violence and sexual offences,Status update unavailable,,2024-02/2024-02-derbyshire-street.csv,E01013481,E02002813,Derby
c7ec1eb11e4fad1845bd08143d55d2c4aa3735021e54f58fbf5e5247b3bb5815,2024-02,Derbyshire Constabulary,Derbyshire Constabulary,-1.470427,52.904892,On or near Reeves Road,E01013486,Derby 018D,Violence and sexual offences,Court result unavailable,,2024-02/2024-02-derbyshire-street.csv,E01013486,E02002813,Derby
c7ec1eb11e4fad1845bd08143d55d2c4aa3735021e54f58fbf5e5247b3bb5815,2024-02,Derbyshire Constabulary,Derbyshire Constabulary,-1.469645,52.904394,On or near Shaftesbury Crescent,E01013487,Derby 018E,Violence and sexual offences,Status update unavailable,,2024-02/2024-02-derbyshire-street.csv,E01013487,E02002813,Derby
0121c2d2685e02489cd6a4c366d3e6ca66b9689df7cd1411c58d78edc6b16540,2024-02,Derbyshire Constabulary,Derbyshire Constabulary,-1.469130,52.903924,On or near Vulcan Street,E01013487,Derby 018E,Violence and sexual offences,Status update unavailable,,2024-02/2024-02-derbyshire-street.csv,E01013487,E02002813,Derby
75fde63e4bf7ec2a4178678c628858c04c80f51a31a316774affb484433e01bf,2024-02,Derbyshire Constabulary,Derbyshire Constabulary,-1.465605,52.910084,On or near Ivy Square,E01033167,Derby 018G,Violence and sexual offences,Unable to prosecute suspect,,2024-02/2024-02-derbyshire-street.csv,E01033167,E02002813,Derby
6e7d777ab4ed8948997ff356b43d48728ab5d9f9ad29fe61242bc41c08ac3607,2024-02,Derbyshire Constabulary,Derbyshire Constabulary,-1.479638,52.904249,On or near Middleton Street,E01013567,Derby 020B,Violence and sexual offences,Status update unavailable,,2024-02/2024-02-derbyshire-street.csv,E01013567,E02002815,Derby
0121c2d2685e02489cd6a4c366d3e6ca66b9689df7cd1411c58d78edc6b16540,2024-02,Derbyshire Constabulary,Derbyshire Constabulary,-1.479638,52.904249,On or near Middleton Street,E01013567,Derby 020B,Violence and sexual offences,Investigation complete; no suspect identified,,2024-02/2024-02-derbyshire-street.csv,E01013567,E02002815,Derby
738a1733d6839f263a3dde8bf525becbf2d2b58e090b336ad3e94002ecbc48fe,2024-02,Derbyshire Constabulary,Derbyshire Constabulary,-1.481495,52.900653,On or near Randolph Road,E01013569,Derby 020D,Violence and sexual offences,Unable to prosecute suspect,,2024-02/2024-02-derbyshire-street.csv,E01013569,E02002815,Derby
4cbc5782236918e669c74d0e3eeeecb5bce5e7047d9de642f8207b84075b3547,2024-02,Derbyshire Constabulary,Derbyshire Constabulary,-1.518319,52.892600,On or near Grosvenor Drive,E01013539,Derby 021A,Violence and sexual offences,Unable to prosecute suspect,,2024-02/2024-02-derbyshire-street.csv,E01013539,E02002816,Derby
4cbc5782236918e669c74d0e3eeeecb5bce5e7047d9de642f8207b84075b3547,2024-02,Derbyshire Constabulary,Derbyshire Constabulary,-1.516677,52.891910,On or near Watermint Close,E01013539,Derby 021A,Violence and sexual offences,Status update unavailable,,2024-02/2024-02-derbyshire-street.csv,E01013539,E02002816,Derby
4ca5f230a1a279a416069e79e8def41fb54fc68ddd4d60c2a96618beb755a896,2024-02,Derbyshire Constabulary,Derbyshire Constabulary,-1.505062,52.896411,On or near Orchard Close,E01013489,Derby 022B,Violence and sexual offences,Status update unavailable,,2024-02/2024-02-derbyshire-street.csv,E01013489,E02002817,Derby
d900fe234606f76812e28b190741b7e03a39e7490ed78c84ab93e7422d661997,2024-02,Derbyshire Constabulary,Derbyshire Constabulary,-1.503031,52.898497,On or near Willson Avenue,E01013489,Derby 022B,Violence and sexual offences,Unable to prosecute suspect,,2024-02/2024-02-derbyshire-street.csv,E01013489,E02002817,Derby
c3bb7dbdf82e143b20cad356dacae3d45c58cb44aa7c424bff2d651383f4d391,2024-02,Derbyshire Constabulary,Derbyshire Constabulary,-1.512356,52.894113,On or near Lothlorien Close,E01013490,Derby 022C,Violence and sexual offences,Further action is not in the public interest,,2024-02/2024-02-derbyshire-street.csv,E01013490,E02002817,Derby
c3bb7dbdf82e143b20cad356dacae3d45c58cb44aa7c424bff2d651383f4d391,2024-02,Derbyshire Constabulary,Derbyshire Constabulary,-1.510774,52.897361,On or near Vine Close,E01013490,Derby 022C,Violence and sexual offences,Status update unavailable,,2024-02/2024-02-derbyshire-street.csv,E01013490,E02002817,Derby
f84fc6cfffef0b1c26a6986b1cd2947d3f9542dab99b76513fe923ed8f0c6464,2024-02,Derbyshire Constabulary,Derbyshire Constabulary,-1.491484,52.891877,On or near Kendon Avenue,E01013572,Derby 023C,Violence and sexual offences,Unable to prosecute suspect,,2024-02/2024-02-derbyshire-street.csv,E01013572,E02002818,Derby
75fde63e4bf7ec2a4178678c628858c04c80f51a31a316774affb484433e01bf,2024-02,Derbyshire Constabulary,Derbyshire Constabulary,-1.489407,52.897846,On or near Grange Avenue,E01013572,Derby 023C,Violence and sexual offences,Status update unavailable,,2024-02/2024-02-derbyshire-street.csv,E01013572,E02002818,Derby
a8d96eff00784467a6eb05718268efdfd15ddb81cafbfead9d3a38cfbaea3be7,2024-02,Derbyshire Constabulary,Derbyshire Constabulary,-1.417101,52.895653,On or near St Michaels View,E01013470,Derby 024A,Violence and sexual offences,Unable to prosecute suspect,,2024-02/2024-02-derbyshire-street.csv,E01013470,E02002819,Derby
34f66b58d8fc600b30d00de4cc82bf249cd21b6a499c67beda8f6dbe79fc9a44,2024-02,Derbyshire Constabulary,Derbyshire Constabulary,-1.420616,52.901828,On or near Glencar Close,E01013470,Derby 024A,Violence and sexual offences,Status update unavailable,,2024-02/2024-02-derbyshire-street.csv,E01013470,E02002819,Derby
a8d96eff00784467a6eb05718268efdfd15ddb81cafbfead9d3a38cfbaea3be7,2024-02,Derbyshire Constabulary,Derbyshire Constabulary,-1.417624,52.895422,On or near Alum Close,E01013470,Derby 024A,Violence and sexual offences,Status update unavailable,,2024-02/2024-02-derbyshire-street.csv,E01013470,E02002819,Derby
8ff065f59d68fe92da8d41cc47481a97fcc7be524633e29ca47f337bde728a93,2024-02,Derbyshire Constabulary,Derbyshire Constabulary,-1.445816,52.907557,On or near Java Court,E01033171,Derby 024E,Violence and sexual offences,Status update unavailable,,2024-02/2024-02-derbyshire-street.csv,E01033171,E02002819,Derby
bb0cab43b567db050cfdf62d14ee3b471bcc75bc8015ca24a9b7679966eefa25,2024-02,Derbyshire Constabulary,Derbyshire Constabulary,-1.452770,52.907949,On or near Dickinson Street,E01033172,Derby 024F,Public order,Local resolution,,2024-02/2024-02-derbyshire-street.csv,E01033172,E02002819,Derby
c98b53e48529d86702a2f64f2dbdafa3cf6e7ed86b7d055044f0f95414eefe8e,2024-02,Derbyshire Constabulary,Derbyshire Constabulary,-1.448450,52.906230,On or near Harrow Street,E01033172,Derby 024F,Violence and sexual offences,Unable to prosecute suspect,,2024-02/2024-02-derbyshire-street.csv,E01033172,E02002819,Derby
7a9ee839cf4150a34b52c4975e8e572a03c8aeec31846e54910622ead0031b2b,2024-02,Derbyshire Constabulary,Derbyshire Constabulary,-1.449904,52.906462,On or near Bowmer Road,E01033172,Derby 024F,Other crime,Unable to prosecute suspect,,2024-02/2024-02-derbyshire-street.csv,E01033172,E02002819,Derby
7a9ee839cf4150a34b52c4975e8e572a03c8aeec31846e54910622ead0031b2b,2024-02,Derbyshire Constabulary,Derbyshire Constabulary,-1.453267,52.906306,On or near Ellesmere Avenue,E01033172,Derby 024F,Other crime,Status update unavailable,,2024-02/2024-02-derbyshire-street.csv,E01033172,E02002819,Derby
108f40feb978e7aa82add96a420837d6ff3e9bb5d5b895d9c66307ba4d91f7b7,2024-02,Derbyshire Constabulary,Derbyshire Constabulary,-1.441039,52.902123,On or near Commerce Street,E01013471,Derby 025A,Violence and sexual offences,Court result unavailable,,2024-02/2024-02-derbyshire-street.csv,E01013471,E02002820,Derby
091741e56c1314004cf5d233d10fd41bef13f1391203eeaa0c652e16c5cc6aae,2024-02,Derbyshire Constabulary,Derbyshire Constabulary,-1.439503,52.901316,On or near Burnaby Street,E01013471,Derby 025A,Violence and sexual offences,Status update unavailable,,2024-02/2024-02-derbyshire-street.csv,E01013471,E02002820,Derby
3cb65eaa97373d213fc168bb491f28bbfa8fa4811bba2a62144c1d804c7a548b,2024-02,Derbyshire Constabulary,Derbyshire Constabulary,-1.433278,52.897592,On or near Hall Street,E01013473,Derby 025B,Violence and sexual offences,Status update unavailable,,2024-02/2024-02-derbyshire-street.csv,E01013473,E02002820,Derby
523f1485663dcda6c3b684fcd5db57abff8043220d3c5922a316ddc0fc0621fa,2024-02,Derbyshire Constabulary,Derbyshire Constabulary,-1.446711,52.898006,On or near Haydock Park Road,E01013472,Derby 026A,Criminal damage and arson,Unable to prosecute suspect,,2024-02/2024-02-derbyshire-street.csv,E01013472,E02002821,Derby
ddeb524dbf1937398ea5726bb55bd93b0af43520c9412e9cf205674d5a574cd5,2024-02,Derbyshire Constabulary,Derbyshire Constabulary,-1.454997,52.888093,On or near Bennett Street,E01013497,Derby 026B,Other crime,Action to be taken by another organisation,,2024-02/2024-02-derbyshire-street.csv,E01013497,E02002821,Derby
02e18343596cb11fdde34ba78528abc909cd2701a850af210792d7118bce2351,2024-02,Derbyshire Constabulary,Derbyshire Constabulary,-1.454997,52.888093,On or near Bennett Street,E01013497,Derby 026B,Other crime,Status update unavailable,,2024-02/2024-02-derbyshire-street.csv,E01013497,E02002821,Derby
3cb65eaa97373d213fc168bb491f28bbfa8fa4811bba2a62144c1d804c7a548b,2024-02,Derbyshire Constabulary,Derbyshire Constabulary,-1.451020,52.891140,On or near Turner Street,E01013504,Derby 026C,Violence and sexual offences,Unable to prosecute suspect,,2024-02/2024-02-derbyshire-street.csv,E01013504,E02002821,Derby
523f1485663dcda6c3b684fcd5db57abff8043220d3c5922a316ddc0fc0621fa,2024-02,Derbyshire Constabulary,Derbyshire Constabulary,-1.463981,52.902766,On or near Police Station,E01013590,Derby 026E,Criminal damage and arson,Status update unavailable,,2024-02/2024-02-derbyshire-street.csv,E01013590,E02002821,Derby
bb0cab43b567db050cfdf62d14ee3b471bcc75bc8015ca24a9b7679966eefa25,2024-02,Derbyshire Constabulary,Derbyshire Constabulary,-1.463868,52.903873,On or near Russell Street,E01013590,Derby 026E,Public order,Status update unavailable,,2024-02/2024-02-derbyshire-street.csv,E01013590,E02002821,Derby
b0c7030a30ffbdc2f291e731c0d8699cd8e3d44ed3f91f548fcd7bb92f4c5d53,2024-02,Derbyshire Constabulary,Derbyshire Constabulary,-1.465200,52.901929,On or near Davies Close,E01013590,Derby 026E,Violence and sexual offences,Status update unavailable,,2024-02/2024-02-derbyshire-street.csv,E01013590,E02002821,Derby
ddeb524dbf1937398ea5726bb55bd93b0af43520c9412e9cf205674d5a574cd5,2024-02,Derbyshire Constabulary,Derbyshire Constabulary,-1.460540,52.897719,On or near Nightingale Road,E01013591,Derby 026F,Other crime,Status update unavailable,,2024-02/2024-02-derbyshire-street.csv,E01013591,E02002821,Derby
16cee66f22467603403d170a1ef2a07cd4e668b46c47477cc7c3b2ccf570f134,2024-02,Derbyshire Constabulary,Derbyshire Constabulary,-1.505268,52.891342,On or near Kegworth Avenue,E01013492,Derby 027A,Robbery,Status update unavailable,,2024-02/2024-02-derbyshire-street.csv,E01013492,E02002822,Derby
16cee66f22467603403d170a1ef2a07cd4e668b46c47477cc7c3b2ccf570f134,2024-02,Derbyshire Constabulary,Derbyshire Constabulary,-1.502678,52.887744,On or near Sapperton Close,E01013495,Derby 027D,Robbery,Investigation complete; no suspect identified,,2024-02/2024-02-derbyshire-street.csv,E01013495,E02002822,Derby
5be8b82a75c3f14cd6b5b10d73302f34002c593c0e380f13952da9c81c2f2985,2024-02,Derbyshire Constabulary,Derbyshire Constabulary,-1.502186,52.884021,On or near Thyme Close,E01013495,Derby 027D,Violence and sexual offences,Status update unavailable,,2024-02/2024-02-derbyshire-street.csv,E01013495,E02002822,Derby
c98b53e48529d86702a2f64f2dbdafa3cf6e7ed86b7d055044f0f95414eefe8e,2024-02,Derbyshire Constabulary,Derbyshire Constabulary,-1.417076,52.888614,On or near Compton Close,E01013496,Derby 028A,Violence and sexual offences,Status update unavailable,,2024-02/2024-02-derbyshire-street.csv,E01013496,E02002823,Derby
34f9170d6ff32c4d128fd44820805abeb72fd4a87ec0c1edfb7375fe1ba92659,2024-02,Derbyshire Constabulary,Derbyshire Constabulary,-1.422721,52.885441,On or near Malin Close,E01013498,Derby 028B,Other crime,Status update unavailable,,2024-02/2024-02-derbyshire-street.csv,E01013498,E02002823,Derby
34f9170d6ff32c4d128fd44820805abeb72fd4a87ec0c1edfb7375fe1ba92659,2024-02,Derbyshire Constabulary,Derbyshire Constabulary,-1.420286,52.887542,On or near Kynance Close,E01013498,Derby 028B,Other crime,Status update unavailable,,2024-02/2024-02-derbyshire-street.csv,E01013498,E02002823,Derby
4ca5f230a1a279a416069e79e8def41fb54fc68ddd4d60c2a96618beb755a896,2024-02,Derbyshire Constabulary,Derbyshire Constabulary,-1.495856,52.881360,On or near Rothesay Close,E01013586,Derby 029C,Violence and sexual offences,Unable to prosecute suspect,,2024-02/2024-02-derbyshire-street.csv,E01013586,E02002824,Derby
533c0fc56537a30b482fa60b8b9f42f66f9e6bae26c56c101f048c2e3b9263df,2024-02,Derbyshire Constabulary,Derbyshire Constabulary,-1.485786,52.880966,On or near Larkhill Crescent,E01013587,Derby 029D,Violence and sexual offences,Status update unavailable,,2024-02/2024-02-derbyshire-street.csv,E01013587,E02002824,Derby
14c70ba26175890c40b6adc84da638168e493c30995fb1e1a08dbfe960719f3b,2024-02,Derbyshire Constabulary,Derbyshire Constabulary,-1.492731,52.874110,On or near Falcon Way,E01013588,Derby 029E,Violence and sexual offences,Unable to prosecute suspect,,2024-02/2024-02-derbyshire-street.csv,E01013588,E02002824,Derby
c6891b4569c02c62275e8a2258c90770b3be4a3357e3f3f03a9c98172ee0feec,2024-02,Derbyshire Constabulary,Derbyshire Constabulary,-1.494677,52.875476,On or near Harrier Way,E01013588,Derby 029E,Violence and sexual offences,Status update unavailable,,2024-02/2024-02-derbyshire-street.csv,E01013588,E02002824,Derby
120c0c5850b0c3c0e7a8cf074750cc5d4f7b3d6c8e96e7c4fc9d2286110a69df,2024-02,Derbyshire Constabulary,Derbyshire Constabulary,-1.492430,52.879602,On or near Arran Close,E01013588,Derby 029E,Violence and sexual offences,Unable to prosecute suspect,,2024-02/2024-02-derbyshire-street.csv,E01013588,E02002824,Derby
14c70ba26175890c40b6adc84da638168e493c30995fb1e1a08dbfe960719f3b,2024-02,Derbyshire Constabulary,Derbyshire Constabulary,-1.486259,52.873678,On or near Coltsfoot Drive,E01013589,Derby 029F,Violence and sexual offences,Status update unavailable,,2024-02/2024-02-derbyshire-street.csv,E01013589,E02002824,Derby
02e18343596cb11fdde34ba78528abc909cd2701a850af210792d7118bce2351,2024-02,Derbyshire Constabulary,Derbyshire Constabulary,-1.443039,52.881807,On or near Queensbury Park Drive,E01013518,Derby 030C,Other crime,Further investigation is not in the public interest,,2024-02/2024-02-derbyshire-street.csv,E01013518,E02002825,Derby
b0c7030a30ffbdc2f291e731c0d8699cd8e3d44ed3f91f548fcd7bb92f4c5d53,2024-02,Derbyshire Constabulary,Derbyshire Constabulary,-1.433828,52.865655,On or near Weston Rise,E01013515,Derby 031B,Violence and sexual offences,Unable to prosecute suspect,,2024-02/2024-02-derbyshire-street.csv,E01013515,E02002826,Derby
2dae232b0bcd01d2b516dabe4e10241ecd3540113947d8fec0ede6a7c9e5fe2b,2024-02,Derbyshire Constabulary,Derbyshire Constabulary,-1.628953,52.829433,On or near Beech Drive,E01029456,East Staffordshire 005C,Violence and sexual offences,Status update unavailable,,2024-02/2024-02-derbyshire-street.csv,E01029456,E02006135,East Staffordshire
88a9b571937a7373d943621aa2ac8f80b57fbb7b080af6b706126d720f55d87d,2024-02,Derbyshire Constabulary,Derbyshire Constabulary,-1.297591,52.901883,On or near Hambleton Close,E01019653,Erewash 011C,Other crime,Further investigation is not in the public interest,,2024-02/2024-02-derbyshire-street.csv,E01019653,E02004088,Erewash
381bcc923d7f7dc79620531d3a966526c142a22c0804ac517ace393e3a4bbf5b,2024-02,Derbyshire Constabulary,Derbyshire Constabulary,-1.301104,52.884941,On or near Cromford Close,E01019699,Erewash 015B,Public order,Status update unavailable,,2024-02/2024-02-derbyshire-street.csv,E01019699,E02004092,Erewash
381bcc923d7f7dc79620531d3a966526c142a22c0804ac517ace393e3a4bbf5b,2024-02,Derbyshire Constabulary,Derbyshire Constabulary,-1.301104,52.884941,On or near Cromford Close,E01019699,Erewash 015B,Public order,Investigation complete; no suspect identified,,2024-02/2024-02-derbyshire-street.csv,E01019699,E02004092,Erewash
88a9b571937a7373d943621aa2ac8f80b57fbb7b080af6b706126d720f55d87d,2024-02,Derbyshire Constabulary,Derbyshire Constabulary,-1.291264,52.885988,On or near Darwin Road,E01019705,Erewash 015D,Other crime,Status update unavailable,,2024-02/2024-02-derbyshire-street.csv,E01019705,E02004092,Erewash
390941827e3d8e3ba5e989c2375de340228d9fa8e09157b34912d94c04c24218,2024-02,Derbyshire Constabulary,Derbyshire Constabulary,-1.514850,52.757123,On or near South Close,E01025952,North West Leicestershire 008C,Violence and sexual offences,Investigation complete; no suspect identified,,2024-02/2024-02-derbyshire-street.csv,E01025952,E02005404,North West Leicestershire
c981c8701c958712b09db49e8e458ade2d84f9deeaf0b49c949dda59bea15577,2024-02,Derbyshire Constabulary,Derbyshire Constabulary,-2.037987,52.478284,On or near Spring Avenue,E01009929,Sandwell 033A,Violence and sexual offences,Status update unavailable,,2024-02/2024-02-derbyshire-street.csv,E01009929,E02002075,Sandwell
533c0fc56537a30b482fa60b8b9f42f66f9e6bae26c56c101f048c2e3b9263df,2024-02,Derbyshire Constabulary,Derbyshire Constabulary,-1.561686,52.893101,On or near Sandpiper Lane,E01019839,South Derbyshire 001A,Violence and sexual offences,Formal action is not in the public interest,,2024-02/2024-02-derbyshire-street.csv,E01019839,E02004118,South Derbyshire
2dae232b0bcd01d2b516dabe4e10241ecd3540113947d8fec0ede6a7c9e5fe2b,2024-02,Derbyshire Constabulary,Derbyshire Constabulary,-1.702348,52.903029,On or near Ashbourne Road,E01019866,South Derbyshire 001D,Violence and sexual offences,Unable to prosecute suspect,,2024-02/2024-02-derbyshire-street.csv,E01019866,E02004118,South Derbyshire
f3c1517ddb73723c601700d1c3b1dc5403e36a13ef2d7e389631588bf25fdd78,2024-02,Derbyshire Constabulary,Derbyshire Constabulary,-1.622471,52.870027,On or near Aire Close,E01019848,South Derbyshire 002D,Violence and sexual offences,Court result unavailable,,2024-02/2024-02-derbyshire-street.csv,E01019848,E02004119,South Derbyshire
2bcc1f8ab38b0da8f17b2a5edabb6ed033d36ceaa0512feba48ac56fa90579fc,2024-02,Derbyshire Constabulary,Derbyshire Constabulary,-1.509424,52.876068,On or near Baneberry Way,E01019873,South Derbyshire 003A,Violence and sexual offences,Status update unavailable,,2024-02/2024-02-derbyshire-street.csv,E01019873,E02004120,South Derbyshire
120c0c5850b0c3c0e7a8cf074750cc5d4f7b3d6c8e96e7c4fc9d2286110a69df,2024-02,Derbyshire Constabulary,Derbyshire Constabulary,-1.504881,52.877020,On or near Michelle Close,E01019873,South Derbyshire 003A,Violence and sexual offences,Status update unavailable,,2024-02/2024-02-derbyshire-street.csv,E01019873,E02004120,South Derbyshire
6aca617275f17c5fea9f6fb25dd8e8954d2caf6ae06f2c85ab84a861f31c7187,2024-02,Derbyshire Constabulary,Derbyshire Constabulary,-1.508687,52.875499,On or near Chartley Road,E01019873,South Derbyshire 003A,Violence and sexual offences,Status update unavailable,,2024-02/2024-02-derbyshire-street.csv,E01019873,E02004120,South Derbyshire
108f40feb978e7aa82add96a420837d6ff3e9bb5d5b895d9c66307ba4d91f7b7,2024-02,Derbyshire Constabulary,Derbyshire Constabulary,-1.507336,52.878055,On or near Harebell Lane,E01019873,South Derbyshire 003A,Violence and sexual offences,Status update unavailable,,2024-02/2024-02-derbyshire-street.csv,E01019873,E02004120,South Derbyshire
c6891b4569c02c62275e8a2258c90770b3be4a3357e3f3f03a9c98172ee0feec,2024-02,Derbyshire Constabulary,Derbyshire Constabulary,-1.497030,52.875010,On or near Nevis Close,E01019874,South Derbyshire 003B,Violence and sexual offences,Local resolution,,2024-02/2024-02-derbyshire-street.csv,E01019874,E02004120,South Derbyshire
2bcc1f8ab38b0da8f17b2a5edabb6ed033d36ceaa0512feba48ac56fa90579fc,2024-02,Derbyshire Constabulary,Derbyshire Constabulary,-1.504393,52.875490,On or near Monks Close,E01019875,South Derbyshire 003C,Violence and sexual offences,Unable to prosecute suspect,,2024-02/2024-02-derbyshire-street.csv,E01019875,E02004120,South Derbyshire
34f66b58d8fc600b30d00de4cc82bf249cd21b6a499c67beda8f6dbe79fc9a44,2024-02,Derbyshire Constabulary,Derbyshire Constabulary,-1.418057,52.883036,On or near Willow Croft,E01034652,South Derbyshire 004E,Violence and sexual offences,Unable to prosecute suspect,,2024-02/2024-02-derbyshire-street.csv,E01034652,E02004121,South Derbyshire
8ff065f59d68fe92da8d41cc47481a97fcc7be524633e29ca47f337bde728a93,2024-02,Derbyshire Constabulary,Derbyshire Constabulary,-1.411988,52.879150,On or near Chilham Way,E01034653,South Derbyshire 004F,Violence and sexual offences,Unable to prosecute suspect,,2024-02/2024-02-derbyshire-street.csv,E01034653,E02004121,South Derbyshire
c981c8701c958712b09db49e8e458ade2d84f9deeaf0b49c949dda59bea15577,2024-02,Derbyshire Constabulary,Derbyshire Constabulary,-1.605998,52.815632,On or near Gretton Mews,E01019867,South Derbyshire 005A,Violence and sexual offences,Status update unavailable,,2024-02/2024-02-derbyshire-street.csv,E01019867,E02004122,South Derbyshire
6aca617275f17c5fea9f6fb25dd8e8954d2caf6ae06f2c85ab84a861f31c7187,2024-02,Derbyshire Constabulary,Derbyshire Constabulary,-1.538417,52.780311,On or near Durham Close,E01019844,South Derbyshire 007A,Violence and sexual offences,Status update unavailable,,2024-02/2024-02-derbyshire-street.csv,E01019844,E02004124,South Derbyshire
1f8adf0535cabb09a806d55cb0da73b5cbfcf74c96a1271d55b1942ce78fd174,2024-02,Derbyshire Constabulary,Derbyshire Constabulary,-1.557897,52.787622,On or near The Tythe,E01019857,South Derbyshire 007C,Violence and sexual offences,Unable to prosecute suspect,,2024-02/2024-02-derbyshire-street.csv,E01019857,E02004124,South Derbyshire
05141d669c1e28ffe3c382c58036150ef2a3278ab04b52fae63ebd07d28bfe9d,2024-02,Derbyshire Constabulary,Derbyshire Constabulary,-1.558978,52.786296,On or near Lime Tree Avenue,E01019858,South Derbyshire 007D,Other crime,Status update unavailable,,2024-02/2024-02-derbyshire-street.csv,E01019858,E02004124,South Derbyshire
2f471f4b1151344e972ba77613bff025065f111e350a12a0ab7b57117ad33af8,2024-02,Derbyshire Constabulary,Derbyshire Constabulary,-1.558978,52.786296,On or near Lime Tree Avenue,E01019858,South Derbyshire 007D,Other crime,Status update unavailable,,2024-02/2024-02-derbyshire-street.csv,E01019858,E02004124,South Derbyshire
1f8adf0535cabb09a806d55cb0da73b5cbfcf74c96a1271d55b1942ce78fd174,2024-02,Derbyshire Constabulary,Derbyshire Constabulary,-1.553481,52.784459,On or near A511,E01019859,South Derbyshire 007E,Violence and sexual offences,Status update unavailable,,2024-02/2024-02-derbyshire-street.csv,E01019859,E02004124,South Derbyshire
933c2ac3034119e343af537c3280535e9f5faa187f2321da0675ffa0022ffc3f,2024-02,Derbyshire Constabulary,Derbyshire Constabulary,-1.553161,52.779532,On or near Eureka Lodge Gardens,E01019859,South Derbyshire 007E,Violence and sexual offences,Status update unavailable,,2024-02/2024-02-derbyshire-street.csv,E01019859,E02004124,South Derbyshire
71f6cf092fbad926c0f935dcfe39b3deeffc75b5544e72a4e8859c60a99e2183,2024-02,Derbyshire Constabulary,Derbyshire Constabulary,-1.578878,52.784606,On or near B5353,E01019861,South Derbyshire 008B,Violence and sexual offences,Status update unavailable,,2024-02/2024-02-derbyshire-street.csv,E01019861,E02004125,South Derbyshire
933c2ac3034119e343af537c3280535e9f5faa187f2321da0675ffa0022ffc3f,2024-02,Derbyshire Constabulary,Derbyshire Constabulary,-1.573625,52.789585,On or near Bretby Hollow,E01019861,South Derbyshire 008B,Violence and sexual offences,Status update unavailable,,2024-02/2024-02-derbyshire-street.csv,E01019861,E02004125,South Derbyshire
f84fc6cfffef0b1c26a6986b1cd2947d3f9542dab99b76513fe923ed8f0c6464,2024-02,Derbyshire Constabulary,Derbyshire Constabulary,-1.572293,52.783270,On or near Appleton Close,E01019861,South Derbyshire 008B,Violence and sexual offences,Status update unavailable,,2024-02/2024-02-derbyshire-street.csv,E01019861,E02004125,South Derbyshire
390941827e3d8e3ba5e989c2375de340228d9fa8e09157b34912d94c04c24218,2024-02,Derbyshire Constabulary,Derbyshire Constabulary,-1.580154,52.787595,On or near Sunnyside,E01019862,South Derbyshire 008C,Violence and sexual offences,Status update unavailable,,2024-02/2024-02-derbyshire-street.csv,E01019862,E02004125,South Derbyshire
71f6cf092fbad926c0f935dcfe39b3deeffc75b5544e72a4e8859c60a99e2183,2024-02,Derbyshire Constabulary,Derbyshire Constabulary,-1.574099,52.782072,On or near Pine Grove,E01019863,South Derbyshire 008D,Violence and sexual offences,Investigation complete; no suspect identified,,2024-02/2024-02-derbyshire-street.csv,E01019863,E02004125,South Derbyshire
cc51cf313d9535cc45176b52f80427dd4ae26fbf87c550bc900da38388655576,2024-02,Derbyshire Constabulary,Derbyshire Constabulary,-1.554956,52.779404,On or near Oldfield Drive,E01019876,South Derbyshire 009A,Public order,Status update unavailable,,2024-02/2024-02-derbyshire-street.csv,E01019876,E02004126,South Derbyshire
cc51cf313d9535cc45176b52f80427dd4ae26fbf87c550bc900da38388655576,2024-02,Derbyshire Constabulary,Derbyshire Constabulary,-1.555049,52.773219,On or near High Street,E01019877,South Derbyshire 009B,Public order,Status update unavailable,,2024-02/2024-02-derbyshire-street.csv,E01019877,E02004126,South Derbyshire
cc51cf313d9535cc45176b52f80427dd4ae26fbf87c550bc900da38388655576,2024-02,Derbyshire Constabulary,Derbyshire Constabulary,-1.556472,52.777575,On or near John Street,E01019877,South Derbyshire 009B,Public order,Status update unavailable,,2024-02/2024-02-derbyshire-street.csv,E01019877,E02004126,South Derbyshire
05141d669c1e28ffe3c382c58036150ef2a3278ab04b52fae63ebd07d28bfe9d,2024-02,Derbyshire Constabulary,Derbyshire Constabulary,-1.568804,52.770276,On or near Cheviot Close,E01019879,South Derbyshire 009D,Other crime,Further investigation is not in the public interest,,2024-02/2024-02-derbyshire-street.csv,E01019879,E02004126,South Derbyshire
933c2ac3034119e343af537c3280535e9f5faa187f2321da0675ffa0022ffc3f,2024-02,Derbyshire Constabulary,Derbyshire Constabulary,-1.626037,52.778246,On or near Sidings Drive,E01019850,South Derbyshire 011A,Violence and sexual offences,Unable to prosecute suspect,,2024-02/2024-02-derbyshire-street.csv,E01019850,E02004128,South Derbyshire
42ee4884c0a02f4acaa6e2db54b25218c1fb656cac97aa10c1da0d22bdf9ca5e,2024-02,Derbyshire Constabulary,Derbyshire Constabulary,-1.582316,52.752273,On or near Cedar Road,E01019851,South Derbyshire 011B,Vehicle crime,Unable to prosecute suspect,,2024-02/2024-02-derbyshire-street.csv,E01019851,E02004128,South Derbyshire
2f471f4b1151344e972ba77613bff025065f111e350a12a0ab7b57117ad33af8,2024-02,Derbyshire Constabulary,Derbyshire Constabulary,-1.584475,52.758996,On or near Glasgow Close,E01019852,South Derbyshire 011C,Other crime,Unable to prosecute suspect,,2024-02/2024-02-derbyshire-street.csv,E01019852,E02004128,South Derbyshire
42ee4884c0a02f4acaa6e2db54b25218c1fb656cac97aa10c1da0d22bdf9ca5e,2024-02,Derbyshire Constabulary,Derbyshire Constabulary,-1.554259,52.764955,On or near Bridge Close,E01019837,South Derbyshire 012A,Vehicle crime,Status update unavailable,,2024-02/2024-02-derbyshire-street.csv,E01019837,E02006919,South Derbyshire
cc51cf313d9535cc45176b52f80427dd4ae26fbf87c550bc900da38388655576,2024-02,Derbyshire Constabulary,Derbyshire Constabulary,-1.548794,52.773231,On or near Outram Drive,E01033536,South Derbyshire 012D,Public order,Investigation complete; no suspect identified,,2024-02/2024-02-derbyshire-street.csv,E01033536,E02006919,South Derbyshire
091741e56c1314004cf5d233d10fd41bef13f1391203eeaa0c652e16c5cc6aae,2024-02,Derbyshire Constabulary,Derbyshire Constabulary,-2.404313,52.733449,On or near Church Road,E01014111,Telford and Wrekin 004A,Violence and sexual offences,Status update unavailable,,2024-02/2024-02-derbyshire-street.csv,E01014111,E02002931,Telford and Wrekin
6e7d777ab4ed8948997ff356b43d48728ab5d9f9ad29fe61242bc41c08ac3607,2024-02,Derbyshire Constabulary,Derbyshire Constabulary,-2.064785,52.568800,On or near Vernon Road,E01010416,Wolverhampton 027C,Violence and sexual offences,Unable to prosecute suspect,,2024-02/2024-02-derbyshire-street.csv,E01010416,E02002175,Wolverhampton
a38fcd625d2c6726527d5d5be6d93ed1722bdcb47bd795c813c348aadf3330a0,2024-03,Derbyshire Constabulary,Derbyshire Constabulary,-1.500618,52.906721,On or near Lime Walk,E01013546,Derby 017D,Violence and sexual offences,Status update unavailable,,2024-03/2024-03-derbyshire-street.csv,E01013546,E02002812,Derby
c6ed0b4627f2261ff8057b899da818eb07beeacc8670c63bf7a1808babfe5e8b,2024-03,Derbyshire Constabulary,Derbyshire Constabulary,-1.470310,52.905943,On or near Leacroft Road,E01013486,Derby 018D,Violence and sexual offences,Status update unavailable,,2024-03/2024-03-derbyshire-street.csv,E01013486,E02002813,Derby
8a4df57ba748c691eb517d7dd55885ebd8fb837295950ad118124a0dcd55d10a,2024-03,Derbyshire Constabulary,Derbyshire Constabulary,-1.470310,52.905943,On or near Leacroft Road,E01013486,Derby 018D,Violence and sexual offences,Status update unavailable,,2024-03/2024-03-derbyshire-street.csv,E01013486,E02002813,Derby
c6ed0b4627f2261ff8057b899da818eb07beeacc8670c63bf7a1808babfe5e8b,2024-03,Derbyshire Constabulary,Derbyshire Constabulary,-1.473621,52.906308,On or near Becher Street,E01013487,Derby 018E,Violence and sexual offences,Unable to prosecute suspect,,2024-03/2024-03-derbyshire-street.csv,E01013487,E02002813,Derby
8a4df57ba748c691eb517d7dd55885ebd8fb837295950ad118124a0dcd55d10a,2024-03,Derbyshire Constabulary,Derbyshire Constabulary,-1.469645,52.904394,On or near Shaftesbury Crescent,E01013487,Derby 018E,Violence and sexual offences,Unable to prosecute suspect,,2024-03/2024-03-derbyshire-street.csv,E01013487,E02002813,Derby
4cd9189c140945ee4bdf0ee9f1fded423f5c453a6ab93ae23a85cf88ef8499c8,2024-03,Derbyshire Constabulary,Derbyshire Constabulary,-1.469970,52.920441,On or near Parking Area,E01033166,Derby 018F,Violence and sexual offences,Status update unavailable,,2024-03/2024-03-derbyshire-street.csv,E01033166,E02002813,Derby
19c396fcae3d026a45f4a262882aa9b994d892889f386a4a48533153a26ed461,2024-03,Derbyshire Constabulary,Derbyshire Constabulary,-1.528074,52.893511,On or near Atworth Grove,E01013540,Derby 019A,Other theft,Status update unavailable,,2024-03/2024-03-derbyshire-street.csv,E01013540,E02002814,Derby
19c396fcae3d026a45f4a262882aa9b994d892889f386a4a48533153a26ed461,2024-03,Derbyshire Constabulary,Derbyshire Constabulary,-1.488912,52.905782,On or near Haddon Street,E01013459,Derby 020A,Other theft,Status update unavailable,,2024-03/2024-03-derbyshire-street.csv,E01013459,E02002815,Derby
a7f56ef5f1163755c983abc55ad0996e0eeb7f1d34ba0ec31596c3cb9115118b,2024-03,Derbyshire Constabulary,Derbyshire Constabulary,-1.477702,52.902029,On or near St Thomas Road,E01013569,Derby 020D,Possession of weapons,Status update unavailable,,2024-03/2024-03-derbyshire-street.csv,E01013569,E02002815,Derby
b17949ab38b373b03a1a29db6fdfa38cd3eb100a23d4274963b3d08e403cb0a4,2024-03,Derbyshire Constabulary,Derbyshire Constabulary,-1.485347,52.895491,On or near Browning Street,E01013573,Derby 023D,Violence and sexual offences,Status update unavailable,,2024-03/2024-03-derbyshire-street.csv,E01013573,E02002818,Derby
53d46cd485b42919d161a2b815d792e16719a4c839e398a0c6322947dbfa220f,2024-03,Derbyshire Constabulary,Derbyshire Constabulary,-1.417170,52.894889,On or near Branksome Avenue,E01013474,Derby 024B,Violence and sexual offences,Status update unavailable,,2024-03/2024-03-derbyshire-street.csv,E01013474,E02002819,Derby
2bc134f92d315abd58b5c0e627280b7c9ba8604e63c62d3834d10766d52b55ea,2024-03,Derbyshire Constabulary,Derbyshire Constabulary,-1.412531,52.889499,On or near Fairwood Drive,E01013476,Derby 024C,Public order,Status update unavailable,,2024-03/2024-03-derbyshire-street.csv,E01013476,E02002819,Derby
49537f85a197e8dfa39d499c7c735f63c1e1e594946dfd6609511e5d1a7c35a7,2024-03,Derbyshire Constabulary,Derbyshire Constabulary,-1.443936,52.902308,On or near Chambers Street,E01033171,Derby 024E,Violence and sexual offences,Unable to prosecute suspect,,2024-03/2024-03-derbyshire-street.csv,E01033171,E02002819,Derby
89665b8068b2075c8c6102cb1e11b938fb5b2cd64ec3aefa586a518fd8d819b7,2024-03,Derbyshire Constabulary,Derbyshire Constabulary,-1.445577,52.899511,On or near Keynsham Close,E01033171,Derby 024E,Violence and sexual offences,Unable to prosecute suspect,,2024-03/2024-03-derbyshire-street.csv,E01033171,E02002819,Derby
025c747a3e33ebd45ad2ca0df2d3e8288c779800fa14854f1ac69a82ba1c8445,2024-03,Derbyshire Constabulary,Derbyshire Constabulary,-1.448146,52.905626,On or near Rugby Street,E01033172,Derby 024F,Violence and sexual offences,Investigation complete; no suspect identified,,2024-03/2024-03-derbyshire-street.csv,E01033172,E02002819,Derby
1c71f1444a44559e2d418077cccdd15167740d2c33d6f1f8d50f59d1ccde9d93,2024-03,Derbyshire Constabulary,Derbyshire Constabulary,-1.450600,52.906725,On or near Gloster Street,E01033172,Derby 024F,Violence and sexual offences,Status update unavailable,,2024-03/2024-03-derbyshire-street.csv,E01033172,E02002819,Derby
6923fc5f56e7dfbfd312ffe9f2e153da8b6f3d4bbd802119d3bc09de71708835,2024-03,Derbyshire Constabulary,Derbyshire Constabulary,-1.442788,52.900208,On or near Beatty Street,E01013471,Derby 025A,Public order,Unable to prosecute suspect,,2024-03/2024-03-derbyshire-street.csv,E01013471,E02002820,Derby
66f081a8837cfd6e7de520b62914d4dc4dc8b1a70585432955f65d2680a4673d,2024-03,Derbyshire Constabulary,Derbyshire Constabulary,-1.441328,52.899338,On or near Wynton Avenue,E01013471,Derby 025A,Violence and sexual offences,Court result unavailable,,2024-03/2024-03-derbyshire-street.csv,E01013471,E02002820,Derby
89665b8068b2075c8c6102cb1e11b938fb5b2cd64ec3aefa586a518fd8d819b7,2024-03,Derbyshire Constabulary,Derbyshire Constabulary,-1.438759,52.899047,On or near Brighton Road,E01013471,Derby 025A,Violence and sexual offences,Status update unavailable,,2024-03/2024-03-derbyshire-street.csv,E01013471,E02002820,Derby
699c1662224ed2883e9b6a7730264778485a6ac1758dd5ed131b427e4de64630,2024-03,Derbyshire Constabulary,Derbyshire Constabulary,-1.443958,52.900600,On or near Allestree Street,E01013471,Derby 025A,Violence and sexual offences,Status update unavailable,,2024-03/2024-03-derbyshire-street.csv,E01013471,E02002820,Derby
49537f85a197e8dfa39d499c7c735f63c1e1e594946dfd6609511e5d1a7c35a7,2024-03,Derbyshire Constabulary,Derbyshire Constabulary,-1.443470,52.901559,On or near Fife Street,E01013471,Derby 025A,Violence and sexual offences,Status update unavailable,,2024-03/2024-03-derbyshire-street.csv,E01013471,E02002820,Derby
66f081a8837cfd6e7de520b62914d4dc4dc8b1a70585432955f65d2680a4673d,2024-03,Derbyshire Constabulary,Derbyshire Constabulary,-1.442788,52.900208,On or near Beatty Street,E01013471,Derby 025A,Violence and sexual offences,Status update unavailable,,2024-03/2024-03-derbyshire-street.csv,E01013471,E02002820,Derby
11e0a8cfb70744aa006ba3103568302e99a68516fedb98649d6108bf9e72c805,2024-03,Derbyshire Constabulary,Derbyshire Constabulary,-1.443958,52.900600,On or near Allestree Street,E01013471,Derby 025A,Violence and sexual offences,Status update unavailable,,2024-03/2024-03-derbyshire-street.csv,E01013471,E02002820,Derby
6923fc5f56e7dfbfd312ffe9f2e153da8b6f3d4bbd802119d3bc09de71708835,2024-03,Derbyshire Constabulary,Derbyshire Constabulary,-1.432290,52.898135,On or near Beckitt Close,E01013473,Derby 025B,Public order,Status update unavailable,,2024-03/2024-03-derbyshire-street.csv,E01013473,E02002820,Derby
87338ea02aef0f936179c2d10d76d0f4d5ae67cb9348352c9db5a2b8b7966c4d,2024-03,Derbyshire Constabulary,Derbyshire Constabulary,-1.442814,52.894679,On or near Benson Street,E01013475,Derby 025C,Other theft,Status update unavailable,,2024-03/2024-03-derbyshire-street.csv,E01013475,E02002820,Derby
025c747a3e33ebd45ad2ca0df2d3e8288c779800fa14854f1ac69a82ba1c8445,2024-03,Derbyshire Constabulary,Derbyshire Constabulary,-1.437662,52.896534,On or near Ainley Close,E01013475,Derby 025C,Violence and sexual offences,Status update unavailable,,2024-03/2024-03-derbyshire-street.csv,E01013475,E02002820,Derby
35f79b750e29557c8c665ef18b0c2c3d7134d982b7c9ae1cc73372ab166f38b7,2024-03,Derbyshire Constabulary,Derbyshire Constabulary,-1.441810,52.888400,On or near Holtlands Drive,E01013503,Derby 025F,Other crime,Status update unavailable,,2024-03/2024-03-derbyshire-street.csv,E01013503,E02002820,Derby
0fe163f3a53541551642cc38c00c894319dd537fb057bc8452130f48c2a81423,2024-03,Derbyshire Constabulary,Derbyshire Constabulary,-1.444393,52.892384,On or near Petrol Station,E01013472,Derby 026A,Violence and sexual offences,Unable to prosecute suspect,,2024-03/2024-03-derbyshire-street.csv,E01013472,E02002821,Derby
0fe163f3a53541551642cc38c00c894319dd537fb057bc8452130f48c2a81423,2024-03,Derbyshire Constabulary,Derbyshire Constabulary,-1.448847,52.892532,On or near Cockayne Street North,E01013472,Derby 026A,Violence and sexual offences,Status update unavailable,,2024-03/2024-03-derbyshire-street.csv,E01013472,E02002821,Derby
e9a7f879b6ee440635132a9fc55688dfc6a6d7f73e059bf0ec6203707807b42a,2024-03,Derbyshire Constabulary,Derbyshire Constabulary,-1.452681,52.889035,On or near Flint Street,E01013497,Derby 026B,Criminal damage and arson,Local resolution,,2024-03/2024-03-derbyshire-street.csv,E01013497,E02002821,Derby
699c1662224ed2883e9b6a7730264778485a6ac1758dd5ed131b427e4de64630,2024-03,Derbyshire Constabulary,Derbyshire Constabulary,-1.451582,52.885452,On or near Sinfin Fields Crescent,E01013497,Derby 026B,Violence and sexual offences,Further action is not in the public interest,,2024-03/2024-03-derbyshire-street.csv,E01013497,E02002821,Derby
11e0a8cfb70744aa006ba3103568302e99a68516fedb98649d6108bf9e72c805,2024-03,Derbyshire Constabulary,Derbyshire Constabulary,-1.451582,52.885452,On or near Sinfin Fields Crescent,E01013497,Derby 026B,Violence and sexual offences,Further action is not in the public interest,,2024-03/2024-03-derbyshire-street.csv,E01013497,E02002821,Derby
e9a7f879b6ee440635132a9fc55688dfc6a6d7f73e059bf0ec6203707807b42a,2024-03,Derbyshire Constabulary,Derbyshire Constabulary,-1.453062,52.890673,On or near Parking Area,E01013504,Derby 026C,Criminal damage and arson,Status update unavailable,,2024-03/2024-03-derbyshire-street.csv,E01013504,E02002821,Derby
9645beb61d815e6b339b7b8b139c162793bf527fc0670c64c983d2dcecaef277,2024-03,Derbyshire Constabulary,Derbyshire Constabulary,-1.456062,52.893204,On or near Adrian Street,E01013583,Derby 026D,Violence and sexual offences,Status update unavailable,,2024-03/2024-03-derbyshire-street.csv,E01013583,E02002821,Derby
4cd9189c140945ee4bdf0ee9f1fded423f5c453a6ab93ae23a85cf88ef8499c8,2024-03,Derbyshire Constabulary,Derbyshire Constabulary,-1.463981,52.902766,On or near Police Station,E01013590,Derby 026E,Violence and sexual offences,Local resolution,,2024-03/2024-03-derbyshire-street.csv,E01013590,E02002821,Derby
1d73430d76fadd681e4633fd22601803c461673c3ee0ca0a2cae0aafeaf5fcd0,2024-03,Derbyshire Constabulary,Derbyshire Constabulary,-1.463687,52.896834,On or near Walnut Street,E01013591,Derby 026F,Public order,Unable to prosecute suspect,,2024-03/2024-03-derbyshire-street.csv,E01013591,E02002821,Derby
be481252c6af87b72ecf51f1254fa3787456215191bb98f9fa5f25ac5236818a,2024-03,Derbyshire Constabulary,Derbyshire Constabulary,-1.461278,52.896886,On or near Addison Road,E01013591,Derby 026F,Violence and sexual offences,Status update unavailable,,2024-03/2024-03-derbyshire-street.csv,E01013591,E02002821,Derby
9f5575f8f083074224057daf58df2138970c13d1800a03ee1ba16e2aef6409b3,2024-03,Derbyshire Constabulary,Derbyshire Constabulary,-1.416655,52.887875,On or near Bonchurch Close,E01013496,Derby 028A,Public order,Local resolution,,2024-03/2024-03-derbyshire-street.csv,E01013496,E02002823,Derby
9f5575f8f083074224057daf58df2138970c13d1800a03ee1ba16e2aef6409b3,2024-03,Derbyshire Constabulary,Derbyshire Constabulary,-1.420286,52.887542,On or near Kynance Close,E01013498,Derby 028B,Public order,Status update unavailable,,2024-03/2024-03-derbyshire-street.csv,E01013498,E02002823,Derby
35f79b750e29557c8c665ef18b0c2c3d7134d982b7c9ae1cc73372ab166f38b7,2024-03,Derbyshire Constabulary,Derbyshire Constabulary,-1.476924,52.886411,On or near Cowper Street,E01013584,Derby 029A,Other crime,Unable to prosecute suspect,,2024-03/2024-03-derbyshire-street.csv,E01013584,E02002824,Derby
1d73430d76fadd681e4633fd22601803c461673c3ee0ca0a2cae0aafeaf5fcd0,2024-03,Derbyshire Constabulary,Derbyshire Constabulary,-1.468274,52.896144,On or near A5111,E01013584,Derby 029A,Public order,Status update unavailable,,2024-03/2024-03-derbyshire-street.csv,E01013584,E02002824,Derby
2bc134f92d315abd58b5c0e627280b7c9ba8604e63c62d3834d10766d52b55ea,2024-03,Derbyshire Constabulary,Derbyshire Constabulary,-1.495670,52.883346,On or near Glengarry Way,E01013585,Derby 029B,Public order,Court result unavailable,,2024-03/2024-03-derbyshire-street.csv,E01013585,E02002824,Derby
607925baf9626141828345ced4a4b25d044cf49536073c0ac460405c6f9b7859,2024-03,Derbyshire Constabulary,Derbyshire Constabulary,-1.494272,52.882135,On or near Cromarty Close,E01013586,Derby 029C,Violence and sexual offences,Unable to prosecute suspect,,2024-03/2024-03-derbyshire-street.csv,E01013586,E02002824,Derby
26d460f8b158b447beb8ecb5a923c82e298bf51eb789290818f51a1d3eceeb57,2024-03,Derbyshire Constabulary,Derbyshire Constabulary,-1.495856,52.881360,On or near Rothesay Close,E01013586,Derby 029C,Violence and sexual offences,Unable to prosecute suspect,,2024-03/2024-03-derbyshire-street.csv,E01013586,E02002824,Derby
607925baf9626141828345ced4a4b25d044cf49536073c0ac460405c6f9b7859,2024-03,Derbyshire Constabulary,Derbyshire Constabulary,-1.495593,52.878464,On or near Inveraray Close,E01013586,Derby 029C,Violence and sexual offences,Status update unavailable,,2024-03/2024-03-derbyshire-street.csv,E01013586,E02002824,Derby
b17949ab38b373b03a1a29db6fdfa38cd3eb100a23d4274963b3d08e403cb0a4,2024-03,Derbyshire Constabulary,Derbyshire Constabulary,-1.486235,52.881975,On or near Links Close,E01013587,Derby 029D,Violence and sexual offences,Investigation complete; no suspect identified,,2024-03/2024-03-derbyshire-street.csv,E01013587,E02002824,Derby
be481252c6af87b72ecf51f1254fa3787456215191bb98f9fa5f25ac5236818a,2024-03,Derbyshire Constabulary,Derbyshire Constabulary,-1.488772,52.882292,On or near Montrose Close,E01013587,Derby 029D,Violence and sexual offences,Unable to prosecute suspect,,2024-03/2024-03-derbyshire-street.csv,E01013587,E02002824,Derby
a7f56ef5f1163755c983abc55ad0996e0eeb7f1d34ba0ec31596c3cb9115118b,2024-03,Derbyshire Constabulary,Derbyshire Constabulary,-1.490157,52.874432,On or near Farmhouse Road,E01013588,Derby 029E,Possession of weapons,Unable to prosecute suspect,,2024-03/2024-03-derbyshire-street.csv,E01013588,E02002824,Derby
a4b3f98819c7d96f9ab9baa364064ed90f5d34941baa1dcff1c750b8d818cd5d,2024-03,Derbyshire Constabulary,Derbyshire Constabulary,-1.485414,52.872209,On or near Melfort Close,E01013589,Derby 029F,Violence and sexual offences,Unable to prosecute suspect,,2024-03/2024-03-derbyshire-street.csv,E01013589,E02002824,Derby
d7010d69f8d0378fcbb3a68c02f19cc9bc8116fa5f692ca0aa88a78c2fd106fc,2024-03,Derbyshire Constabulary,Derbyshire Constabulary,-1.445468,52.873135,On or near Nerissa Close,E01033168,Derby 030E,Possession of weapons,Status update unavailable,,2024-03/2024-03-derbyshire-street.csv,E01033168,E02002825,Derby
64be4d144d4cdb9e511e1495d470d00852fba1b9f71d902c4180e219b811fc4d,2024-03,Derbyshire Constabulary,Derbyshire Constabulary,-1.446031,52.865029,On or near Herald Grove,E01013515,Derby 031B,Violence and sexual offences,Local resolution,,2024-03/2024-03-derbyshire-street.csv,E01013515,E02002826,Derby
87338ea02aef0f936179c2d10d76d0f4d5ae67cb9348352c9db5a2b8b7966c4d,2024-03,Derbyshire Constabulary,Derbyshire Constabulary,-1.434631,52.864436,On or near Second Avenue,E01013515,Derby 031B,Other theft,Status update unavailable,,2024-03/2024-03-derbyshire-street.csv,E01013515,E02002826,Derby
d7010d69f8d0378fcbb3a68c02f19cc9bc8116fa5f692ca0aa88a78c2fd106fc,2024-03,Derbyshire Constabulary,Derbyshire Constabulary,-1.439226,52.862903,On or near Regal Gate,E01013515,Derby 031B,Possession of weapons,Status update unavailable,,2024-03/2024-03-derbyshire-street.csv,E01013515,E02002826,Derby
bc92bfabb9e564d31a4e0fb5f5f8f85e77f477f0c9fbd84e7e9615dcd86d434c,2024-03,Derbyshire Constabulary,Derbyshire Constabulary,-1.439226,52.862903,On or near Regal Gate,E01013515,Derby 031B,Violence and sexual offences,Action to be taken by another organisation,,2024-03/2024-03-derbyshire-street.csv,E01013515,E02002826,Derby
bc92bfabb9e564d31a4e0fb5f5f8f85e77f477f0c9fbd84e7e9615dcd86d434c,2024-03,Derbyshire Constabulary,Derbyshire Constabulary,-1.437301,52.868152,On or near Barley Croft,E01013515,Derby 031B,Violence and sexual offences,Status update unavailable,,2024-03/2024-03-derbyshire-street.csv,E01013515,E02002826,Derby
64be4d144d4cdb9e511e1495d470d00852fba1b9f71d902c4180e219b811fc4d,2024-03,Derbyshire Constabulary,Derbyshire Constabulary,-1.439226,52.862903,On or near Regal Gate,E01013515,Derby 031B,Violence and sexual offences,Status update unavailable,,2024-03/2024-03-derbyshire-street.csv,E01013515,E02002826,Derby
f7f379e9dd1f7fa1e74ad0edce765dae849019b6ce849d8bd2b8053effcf5e05,2024-03,Derbyshire Constabulary,Derbyshire Constabulary,-1.605864,52.799244,On or near Doveridge Road,E01029418,East Staffordshire 012A,Other theft,Status update unavailable,,2024-03/2024-03-derbyshire-street.csv,E01029418,E02006142,East Staffordshire
da2fda23e50085a6a461fb78944dbb7b3536016224f4dd13c680eb743eede7f9,2024-03,Derbyshire Constabulary,Derbyshire Constabulary,-1.370725,52.905718,On or near Priorway Gardens,E01019683,Erewash 009A,Violence and sexual offences,Court result unavailable,,2024-03/2024-03-derbyshire-street.csv,E01019683,E02004086,Erewash
da2fda23e50085a6a461fb78944dbb7b3536016224f4dd13c680eb743eede7f9,2024-03,Derbyshire Constabulary,Derbyshire Constabulary,-1.368203,52.907386,On or near Conway Avenue,E01019683,Erewash 009A,Violence and sexual offences,Status update unavailable,,2024-03/2024-03-derbyshire-street.csv,E01019683,E02004086,Erewash
de56b220a716aa90440c0c6f59804383700bd4deee3b38314572fa5eea664baf,2024-03,Derbyshire Constabulary,Derbyshire Constabulary,-1.348318,52.894909,On or near Thoresby Crescent,E01019654,Erewash 013C,Violence and sexual offences,Unable to prosecute suspect,,2024-03/2024-03-derbyshire-street.csv,E01019654,E02004090,Erewash
de56b220a716aa90440c0c6f59804383700bd4deee3b38314572fa5eea664baf,2024-03,Derbyshire Constabulary,Derbyshire Constabulary,-1.348318,52.894909,On or near Thoresby Crescent,E01019654,Erewash 013C,Violence and sexual offences,Status update unavailable,,2024-03/2024-03-derbyshire-street.csv,E01019654,E02004090,Erewash
b4105cb7066e0e4ca24a31a1104c43a48e0eb8a7d2fc7820c8d0f49c5a329cfe,2024-03,Derbyshire Constabulary,Derbyshire Constabulary,-1.260511,52.900238,On or near Honey Pot Close,E01019680,Erewash 014D,Other crime,Further investigation is not in the public interest,,2024-03/2024-03-derbyshire-street.csv,E01019680,E02004091,Erewash
4d02549020e935c8500b8d8e9da7a27b03d35d018b3b3351f2c5048dba8f58e8,2024-03,Derbyshire Constabulary,Derbyshire Constabulary,-1.301040,52.882459,On or near Draycott Road,E01019697,Erewash 015A,Violence and sexual offences,Status update unavailable,,2024-03/2024-03-derbyshire-street.csv,E01019697,E02004092,Erewash
4d02549020e935c8500b8d8e9da7a27b03d35d018b3b3351f2c5048dba8f58e8,2024-03,Derbyshire Constabulary,Derbyshire Constabulary,-1.287071,52.892463,On or near Thoresby Road,E01019709,Erewash 015F,Violence and sexual offences,Unable to prosecute suspect,,2024-03/2024-03-derbyshire-street.csv,E01019709,E02004092,Erewash
17663f6b5778615a8e755da27604df2ddfb6d7686a3ba1d7f50b8c67a0ecb9ad,2024-03,Derbyshire Constabulary,Derbyshire Constabulary,-1.927036,52.671270,On or near Eastcote Crescent,E01029529,Lichfield 010D,Violence and sexual offences,Unable to prosecute suspect,,2024-03/2024-03-derbyshire-street.csv,E01029529,E02006155,Lichfield
7197917bb4891de42e8f0d9a6f9885d31b29068d387664aabba60e79308671dc,2024-03,Derbyshire Constabulary,Derbyshire Constabulary,-1.523584,52.763325,On or near Butt Lane,E01025952,North West Leicestershire 008C,Violence and sexual offences,Status update unavailable,,2024-03/2024-03-derbyshire-street.csv,E01025952,E02005404,North West Leicestershire
f7f379e9dd1f7fa1e74ad0edce765dae849019b6ce849d8bd2b8053effcf5e05,2024-03,Derbyshire Constabulary,Derbyshire Constabulary,-1.328362,52.725919,On or near Stretton Drive,E01025934,North West Leicestershire 009C,Other theft,Court result unavailable,,2024-03/2024-03-derbyshire-street.csv,E01025934,E02005405,North West Leicestershire
9645beb61d815e6b339b7b8b139c162793bf527fc0670c64c983d2dcecaef277,2024-03,Derbyshire Constabulary,Derbyshire Constabulary,-1.725361,52.882094,On or near Prison,E01019866,South Derbyshire 001D,Violence and sexual offences,Unable to prosecute suspect,,2024-03/2024-03-derbyshire-street.csv,E01019866,E02004118,South Derbyshire
732b1ec6c61c7cfa89960731e18f292e49586f71ce42e995b935e74b49b51eb9,2024-03,Derbyshire Constabulary,Derbyshire Constabulary,-1.638514,52.873753,On or near Percy Wood Close,E01019847,South Derbyshire 002C,Violence and sexual offences,Unable to prosecute suspect,,2024-03/2024-03-derbyshire-street.csv,E01019847,E02004119,South Derbyshire
a4b3f98819c7d96f9ab9baa364064ed90f5d34941baa1dcff1c750b8d818cd5d,2024-03,Derbyshire Constabulary,Derbyshire Constabulary,-1.503301,52.880115,On or near Cicely Close,E01019873,South Derbyshire 003A,Violence and sexual offences,Status update unavailable,,2024-03/2024-03-derbyshire-street.csv,E01019873,E02004120,South Derbyshire
26d460f8b158b447beb8ecb5a923c82e298bf51eb789290818f51a1d3eceeb57,2024-03,Derbyshire Constabulary,Derbyshire Constabulary,-1.497030,52.875010,On or near Nevis Close,E01019874,South Derbyshire 003B,Violence and sexual offences,Status update unavailable,,2024-03/2024-03-derbyshire-street.csv,E01019874,E02004120,South Derbyshire
d7010d69f8d0378fcbb3a68c02f19cc9bc8116fa5f692ca0aa88a78c2fd106fc,2024-03,Derbyshire Constabulary,Derbyshire Constabulary,-1.472814,52.853932,On or near Swarkestone Road,E01019834,South Derbyshire 004C,Possession of weapons,Unable to prosecute suspect,,2024-03/2024-03-derbyshire-street.csv,E01019834,E02004121,South Derbyshire
64be4d144d4cdb9e511e1495d470d00852fba1b9f71d902c4180e219b811fc4d,2024-03,Derbyshire Constabulary,Derbyshire Constabulary,-1.429519,52.861211,On or near Barnwell Way,E01019834,South Derbyshire 004C,Violence and sexual offences,Status update unavailable,,2024-03/2024-03-derbyshire-street.csv,E01019834,E02004121,South Derbyshire
64be4d144d4cdb9e511e1495d470d00852fba1b9f71d902c4180e219b811fc4d,2024-03,Derbyshire Constabulary,Derbyshire Constabulary,-1.434472,52.862943,On or near Crawley Way,E01019834,South Derbyshire 004C,Violence and sexual offences,Status update unavailable,,2024-03/2024-03-derbyshire-street.csv,E01019834,E02004121,South Derbyshire
53d46cd485b42919d161a2b815d792e16719a4c839e398a0c6322947dbfa220f,2024-03,Derbyshire Constabulary,Derbyshire Constabulary,-1.408204,52.880947,On or near Ashton Drive,E01034653,South Derbyshire 004F,Violence and sexual offences,Unable to prosecute suspect,,2024-03/2024-03-derbyshire-street.csv,E01034653,E02004121,South Derbyshire
35f79b750e29557c8c665ef18b0c2c3d7134d982b7c9ae1cc73372ab166f38b7,2024-03,Derbyshire Constabulary,Derbyshire Constabulary,-1.414086,52.878882,On or near Mitford Road,E01034653,South Derbyshire 004F,Other crime,Status update unavailable,,2024-03/2024-03-derbyshire-street.csv,E01034653,E02004121,South Derbyshire
1c71f1444a44559e2d418077cccdd15167740d2c33d6f1f8d50f59d1ccde9d93,2024-03,Derbyshire Constabulary,Derbyshire Constabulary,-1.423709,52.827742,On or near Huntingdon Court,E01019853,South Derbyshire 006B,Violence and sexual offences,Unable to prosecute suspect,,2024-03/2024-03-derbyshire-street.csv,E01019853,E02004123,South Derbyshire
12c78152653e715c4dbb08afe0460616eb7cf6cbe95c5491958638ccc9c3f1b5,2024-03,Derbyshire Constabulary,Derbyshire Constabulary,-1.576876,52.784716,On or near Higgins Road,E01019861,South Derbyshire 008B,Violence and sexual offences,Unable to prosecute suspect,,2024-03/2024-03-derbyshire-street.csv,E01019861,E02004125,South Derbyshire
4e2a1f251f37cf3543f6cad5aba54c723cbff08757328d45cb3326ab7ae050bc,2024-03,Derbyshire Constabulary,Derbyshire Constabulary,-1.578087,52.785178,On or near Tilley Green,E01019861,South Derbyshire 008B,Other crime,Status update unavailable,,2024-03/2024-03-derbyshire-street.csv,E01019861,E02004125,South Derbyshire
44a9e411b85120eb87a792598a1923dbe87212a4a71da4a088588ed3a8e544d8,2024-03,Derbyshire Constabulary,Derbyshire Constabulary,-1.570278,52.783191,On or near Robinson Road,E01019863,South Derbyshire 008D,Violence and sexual offences,Status update unavailable,,2024-03/2024-03-derbyshire-street.csv,E01019863,E02004125,South Derbyshire
12c78152653e715c4dbb08afe0460616eb7cf6cbe95c5491958638ccc9c3f1b5,2024-03,Derbyshire Constabulary,Derbyshire Constabulary,-1.579570,52.780473,On or near Oversetts Road,E01019864,South Derbyshire 008E,Violence and sexual offences,Status update unavailable,,2024-03/2024-03-derbyshire-street.csv,E01019864,E02004125,South Derbyshire
e234ab7432a0029363def8536f32804716c3ac7d38b414f4d894b5c0ef477140,2024-03,Derbyshire Constabulary,Derbyshire Constabulary,-1.567000,52.778810,On or near Potters Croft,E01019865,South Derbyshire 008F,Public order,Status update unavailable,,2024-03/2024-03-derbyshire-street.csv,E01019865,E02004125,South Derbyshire
d568bb77d2f8044420b0a090af961aae1913c72bfc10fa9ff44f66dcf4fd1968,2024-03,Derbyshire Constabulary,Derbyshire Constabulary,-1.559294,52.778521,On or near Nelson Street,E01019876,South Derbyshire 009A,Violence and sexual offences,Unable to prosecute suspect,,2024-03/2024-03-derbyshire-street.csv,E01019876,E02004126,South Derbyshire
2e670ac4d2a16384725304d8a0cee2c658671fb0cb1279eca957b61556f3ddc6,2024-03,Derbyshire Constabulary,Derbyshire Constabulary,-1.561297,52.772514,On or near Waterloo Place,E01019877,South Derbyshire 009B,Violence and sexual offences,Status update unavailable,,2024-03/2024-03-derbyshire-street.csv,E01019877,E02004126,South Derbyshire
d568bb77d2f8044420b0a090af961aae1913c72bfc10fa9ff44f66dcf4fd1968,2024-03,Derbyshire Constabulary,Derbyshire Constabulary,-1.557010,52.777164,On or near Petrol Station,E01019877,South Derbyshire 009B,Violence and sexual offences,Status update unavailable,,2024-03/2024-03-derbyshire-street.csv,E01019877,E02004126,South Derbyshire
0ce03e533c2473263345d8e268e64e4e3f022ebaa7b10eba126eb0296d826b65,2024-03,Derbyshire Constabulary,Derbyshire Constabulary,-1.565524,52.767720,On or near Pennine Way,E01019878,South Derbyshire 009C,Public order,Status update unavailable,,2024-03/2024-03-derbyshire-street.csv,E01019878,E02004126,South Derbyshire
ba1e6996358285b46c143f22de7fc80238d93f0fc4c5d8ee45afb183dc5e2c15,2024-03,Derbyshire Constabulary,Derbyshire Constabulary,-1.582316,52.752273,On or near Cedar Road,E01019851,South Derbyshire 011B,Violence and sexual offences,Investigation complete; no suspect identified,,2024-03/2024-03-derbyshire-street.csv,E01019851,E02004128,South Derbyshire
b195cb4b2adbd3dc07ec2218885bc2114141ee3e8cd56a199492d88a2824965c,2024-03,Derbyshire Constabulary,Derbyshire Constabulary,-1.573641,52.746966,On or near Linton Heath,E01019851,South Derbyshire 011B,Possession of weapons,Unable to prosecute suspect,,2024-03/2024-03-derbyshire-street.csv,E01019851,E02004128,South Derbyshire
2e670ac4d2a16384725304d8a0cee2c658671fb0cb1279eca957b61556f3ddc6,2024-03,Derbyshire Constabulary,Derbyshire Constabulary,-1.585233,52.758702,On or near Knob Fields,E01019852,South Derbyshire 011C,Violence and sexual offences,Unable to prosecute suspect,,2024-03/2024-03-derbyshire-street.csv,E01019852,E02004128,South Derbyshire
732b1ec6c61c7cfa89960731e18f292e49586f71ce42e995b935e74b49b51eb9,2024-03,Derbyshire Constabulary,Derbyshire Constabulary,-1.578359,52.715519,On or near Croft Close,E01019870,South Derbyshire 011D,Violence and sexual offences,Status update unavailable,,2024-03/2024-03-derbyshire-street.csv,E01019870,E02004128,South Derbyshire
44a9e411b85120eb87a792598a1923dbe87212a4a71da4a088588ed3a8e544d8,2024-03,Derbyshire Constabulary,Derbyshire Constabulary,-1.676281,52.759911,On or near Harbin Road,E01019871,South Derbyshire 011E,Violence and sexual offences,Unable to prosecute suspect,,2024-03/2024-03-derbyshire-street.csv,E01019871,E02004128,South Derbyshire
8839baab47839942088c244119c2e0d00230905105e1b51f25f01f3d991298c2,2024-03,Derbyshire Constabulary,Derbyshire Constabulary,-1.566906,52.733007,On or near Stoneyford Road,E01019872,South Derbyshire 011F,Public order,Court result unavailable,,2024-03/2024-03-derbyshire-street.csv,E01019872,E02004128,South Derbyshire
b195cb4b2adbd3dc07ec2218885bc2114141ee3e8cd56a199492d88a2824965c,2024-03,Derbyshire Constabulary,Derbyshire Constabulary,-1.560283,52.731895,On or near Tithebarn Drive,E01019872,South Derbyshire 011F,Possession of weapons,Status update unavailable,,2024-03/2024-03-derbyshire-street.csv,E01019872,E02004128,South Derbyshire
0ce03e533c2473263345d8e268e64e4e3f022ebaa7b10eba126eb0296d826b65,2024-03,Derbyshire Constabulary,Derbyshire Constabulary,-1.559027,52.763831,On or near Market Street,E01019837,South Derbyshire 012A,Public order,Unable to prosecute suspect,,2024-03/2024-03-derbyshire-street.csv,E01019837,E02006919,South Derbyshire
e6da6ab9f35c84a45bcb7cdb8f1dcf10de8f731724c480bc9aae0bd5a3bfe2c6,2024-03,Derbyshire Constabulary,Derbyshire Constabulary,-1.572596,52.758469,On or near Diamond Close,E01033537,South Derbyshire 012E,Violence and sexual offences,Unable to prosecute suspect,,2024-03/2024-03-derbyshire-street.csv,E01033537,E02006919,South Derbyshire
8839baab47839942088c244119c2e0d00230905105e1b51f25f01f3d991298c2,2024-03,Derbyshire Constabulary,Derbyshire Constabulary,-1.569114,52.762861,On or near George Street,E01033537,South Derbyshire 012E,Public order,Status update unavailable,,2024-03/2024-03-derbyshire-street.csv,E01033537,E02006919,South Derbyshire
17663f6b5778615a8e755da27604df2ddfb6d7686a3ba1d7f50b8c67a0ecb9ad,2024-03,Derbyshire Constabulary,Derbyshire Constabulary,-1.575701,52.760673,On or near Greenmount Street,E01034654,South Derbyshire 012F,Violence and sexual offences,Status update unavailable,,2024-03/2024-03-derbyshire-street.csv,E01034654,E02006919,South Derbyshire
e6da6ab9f35c84a45bcb7cdb8f1dcf10de8f731724c480bc9aae0bd5a3bfe2c6,2024-03,Derbyshire Constabulary,Derbyshire Constabulary,-1.575701,52.760673,On or near Greenmount Street,E01034654,South Derbyshire 012F,Violence and sexual offences,Status update unavailable,,2024-03/2024-03-derbyshire-street.csv,E01034654,E02006919,South Derbyshire
ba1e6996358285b46c143f22de7fc80238d93f0fc4c5d8ee45afb183dc5e2c15,2024-03,Derbyshire Constabulary,Derbyshire Constabulary,-1.527350,52.775467,On or near Woodville Road,E01019842,South Derbyshire 013A,Violence and sexual offences,Status update unavailable,,2024-03/2024-03-derbyshire-street.csv,E01019842,E02006920,South Derbyshire
4e2a1f251f37cf3543f6cad5aba54c723cbff08757328d45cb3326ab7ae050bc,2024-03,Derbyshire Constabulary,Derbyshire Constabulary,-1.523738,52.772315,On or near Elmsdale Road,E01019842,South Derbyshire 013A,Other crime,Unable to prosecute suspect,,2024-03/2024-03-derbyshire-street.csv,E01019842,E02006920,South Derbyshire
e234ab7432a0029363def8536f32804716c3ac7d38b414f4d894b5c0ef477140,2024-03,Derbyshire Constabulary,Derbyshire Constabulary,-1.539707,52.761995,On or near Arliston Drive,E01034657,South Derbyshire 013F,Public order,Unable to prosecute suspect,,2024-03/2024-03-derbyshire-street.csv,E01034657,E02006920,South Derbyshire
7197917bb4891de42e8f0d9a6f9885d31b29068d387664aabba60e79308671dc,2024-03,Derbyshire Constabulary,Derbyshire Constabulary,-1.529086,52.764318,On or near Mistletoe Drive,E01034657,South Derbyshire 013F,Violence and sexual offences,Court result unavailable,,2024-03/2024-03-derbyshire-street.csv,E01034657,E02006920,South Derbyshire
a38fcd625d2c6726527d5d5be6d93ed1722bdcb47bd795c813c348aadf3330a0,2024-03,Derbyshire Constabulary,Derbyshire Constabulary,-1.986973,52.571263,On or near King Street,E01010343,Walsall 034E,Violence and sexual offences,Status update unavailable,,2024-03/2024-03-derbyshire-street.csv,E01010343,E02002143,Walsall
b4105cb7066e0e4ca24a31a1104c43a48e0eb8a7d2fc7820c8d0f49c5a329cfe,2024-03,Derbyshire Constabulary,Derbyshire Constabulary,-2.231777,52.402501,On or near Dunnington Avenue,E01032436,Wyre Forest 003A,Other crime,Status update unavailable,,2024-03/2024-03-derbyshire-street.csv,E01032436,E02006769,Wyre Forest
a38e23af11ffd5396a56ea23a8e53115c215c20e79ce651a04264adb68f92ca0,2024-03,Warwickshire Police,Warwickshire Police,-1.513797,52.309841,On or near South View Road,E01031277,Warwick 005A,Violence and sexual offences,Status update unavailable,,2024-03/2024-03-warwickshire-street.csv,E01031277,E02006523,Warwick
a38e23af11ffd5396a56ea23a8e53115c215c20e79ce651a04264adb68f92ca0,2024-03,Warwickshire Police,Warwickshire Police,-1.505722,52.311849,On or near Windmill Hill,E01031277,Warwick 005A,Violence and sexual offences,Status update unavailable,,2024-03/2024-03-warwickshire-street.csv,E01031277,E02006523,Warwick
2f4c15368af558ecfa7ad65737a1ee0b78e8d221f6afb9026a978b5244a0838f,2024-04,Derbyshire Constabulary,Derbyshire Constabulary,-1.865876,52.427457,On or near Norley Grove,E01008933,Birmingham 105A,Violence and sexual offences,Status update unavailable,,2024-04/2024-04-derbyshire-street.csv,E01008933,E02001931,Birmingham
90a91abee7654545f895e29737e2b54ea41cf1032bf1a566b71cdbb8b4dbf44f,2024-04,Derbyshire Constabulary,Derbyshire Constabulary,-1.504548,52.911466,On or near St Quentin Close,E01013455,Derby 017A,Criminal damage and arson,Status update unavailable,,2024-04/2024-04-derbyshire-street.csv,E01013455,E02002812,Derby
47366f5c7b4663972e7a980e3bc47b58bb2abd83a6e2fb499241d3134c0d85a9,2024-04,Derbyshire Constabulary,Derbyshire Constabulary,-1.501227,52.911956,On or near St David'S Close,E01013455,Derby 017A,Violence and sexual offences,Status update unavailable,,2024-04/2024-04-derbyshire-street.csv,E01013455,E02002812,Derby
90a91abee7654545f895e29737e2b54ea41cf1032bf1a566b71cdbb8b4dbf44f,2024-04,Derbyshire Constabulary,Derbyshire Constabulary,-1.509361,52.911891,On or near Manor Avenue,E01013542,Derby 017C,Criminal damage and arson,Unable to prosecute suspect,,2024-04/2024-04-derbyshire-street.csv,E01013542,E02002812,Derby
895cda66ceb16b745564ef9ad69b1122cb8298ceac34a0fd0ba53e7f796cd099,2024-04,Derbyshire Constabulary,Derbyshire Constabulary,-1.509873,52.911309,On or near Constable Avenue,E01013542,Derby 017C,Violence and sexual offences,Status update unavailable,,2024-04/2024-04-derbyshire-street.csv,E01013542,E02002812,Derby
7480639a7773a6f2119a531a5b1f91696e0164b8702a7ab262f728b781bf90bd,2024-04,Derbyshire Constabulary,Derbyshire Constabulary,-1.471883,52.912350,On or near Arboretum Square,E01013481,Derby 018A,Public order,Status update unavailable,,2024-04/2024-04-derbyshire-street.csv,E01013481,E02002813,Derby
7480639a7773a6f2119a531a5b1f91696e0164b8702a7ab262f728b781bf90bd,2024-04,Derbyshire Constabulary,Derbyshire Constabulary,-1.472684,52.908776,On or near Wilfred Street,E01013481,Derby 018A,Public order,Further action is not in the public interest,,2024-04/2024-04-derbyshire-street.csv,E01013481,E02002813,Derby
7480639a7773a6f2119a531a5b1f91696e0164b8702a7ab262f728b781bf90bd,2024-04,Derbyshire Constabulary,Derbyshire Constabulary,-1.469617,52.909140,On or near Norfolk Street,E01013481,Derby 018A,Public order,Status update unavailable,,2024-04/2024-04-derbyshire-street.csv,E01013481,E02002813,Derby
2e048a6f7c148753672ab70402ec4e373275bde75693c721d8d247329d9f24a5,2024-04,Derbyshire Constabulary,Derbyshire Constabulary,-1.469979,52.909942,On or near Boden Street,E01013481,Derby 018A,Violence and sexual offences,Status update unavailable,,2024-04/2024-04-derbyshire-street.csv,E01013481,E02002813,Derby
2e048a6f7c148753672ab70402ec4e373275bde75693c721d8d247329d9f24a5,2024-04,Derbyshire Constabulary,Derbyshire Constabulary,-1.471883,52.912350,On or near Arboretum Square,E01013481,Derby 018A,Violence and sexual offences,Status update unavailable,,2024-04/2024-04-derbyshire-street.csv,E01013481,E02002813,Derby
126322ee6b3e88534e3da1619285778a1fa17388d0f89a442c08d7c7ad90e3ff,2024-04,Derbyshire Constabulary,Derbyshire Constabulary,-1.472684,52.908776,On or near Wilfred Street,E01013481,Derby 018A,Violence and sexual offences,Status update unavailable,,2024-04/2024-04-derbyshire-street.csv,E01013481,E02002813,Derby
ba137971dd8b2072a0baa70631cd8bc71c109ff4d14947061427afdc398abece,2024-04,Derbyshire Constabulary,Derbyshire Constabulary,-1.472684,52.908776,On or near Wilfred Street,E01013481,Derby 018A,Violence and sexual offences,Status update unavailable,,2024-04/2024-04-derbyshire-street.csv,E01013481,E02002813,Derby
126322ee6b3e88534e3da1619285778a1fa17388d0f89a442c08d7c7ad90e3ff,2024-04,Derbyshire Constabulary,Derbyshire Constabulary,-1.477662,52.909050,On or near Holmes Street,E01013484,Derby 018C,Violence and sexual offences,Court result unavailable,,2024-04/2024-04-derbyshire-street.csv,E01013484,E02002813,Derby
ba137971dd8b2072a0baa70631cd8bc71c109ff4d14947061427afdc398abece,2024-04,Derbyshire Constabulary,Derbyshire Constabulary,-1.477662,52.909050,On or near Holmes Street,E01013484,Derby 018C,Violence and sexual offences,Court result unavailable,,2024-04/2024-04-derbyshire-street.csv,E01013484,E02002813,Derby
fa328b7d0aded7a416da98bbcf64b268ccad7bd80b7b08eb8a488ceab5d50f3e,2024-04,Derbyshire Constabulary,Derbyshire Constabulary,-1.478621,52.912191,On or near Moore Street,E01013484,Derby 018C,Violence and sexual offences,Status update unavailable,,2024-04/2024-04-derbyshire-street.csv,E01013484,E02002813,Derby
1d767242d9146b3635c936013a24b0bb769573627a928daf1cd09234801ee718,2024-04,Derbyshire Constabulary,Derbyshire Constabulary,-1.471819,52.906561,On or near Dairy House Road,E01013486,Derby 018D,Violence and sexual offences,Status update unavailable,,2024-04/2024-04-derbyshire-street.csv,E01013486,E02002813,Derby
6e9656d8af42afe93e7488fa3ec53671b3d462a025c47c8c0b829f8e1a1543f5,2024-04,Derbyshire Constabulary,Derbyshire Constabulary,-1.469807,52.914274,On or near Litchurch Street,E01033166,Derby 018F,Violence and sexual offences,Status update unavailable,,2024-04/2024-04-derbyshire-street.csv,E01033166,E02002813,Derby
1d767242d9146b3635c936013a24b0bb769573627a928daf1cd09234801ee718,2024-04,Derbyshire Constabulary,Derbyshire Constabulary,-1.467224,52.909048,On or near Douglas Street,E01033167,Derby 018G,Violence and sexual offences,Unable to prosecute suspect,,2024-04/2024-04-derbyshire-street.csv,E01033167,E02002813,Derby
d5598f841ff48328fb8ce7f6b35453927aea14cd6126bb90f9d0154428739657,2024-04,Derbyshire Constabulary,Derbyshire Constabulary,-1.536854,52.907929,On or near Hardwick Drive,E01013561,Derby 019C,Other theft,Unable to prosecute suspect,,2024-04/2024-04-derbyshire-street.csv,E01013561,E02002814,Derby
8b77a4963b5968fb0b9f00aad6884afec64be9b092c84f2b91b36484d2d35026,2024-04,Derbyshire Constabulary,Derbyshire Constabulary,-1.541892,52.905350,On or near Petrol Station,E01013561,Derby 019C,Violence and sexual offences,Unable to prosecute suspect,,2024-04/2024-04-derbyshire-street.csv,E01013561,E02002814,Derby
5f425326f7ca2b614de9f8f54e67b4b971cd17bf14293b6cd47c315e277eb236,2024-04,Derbyshire Constabulary,Derbyshire Constabulary,-1.486834,52.904271,On or near Ashe Place,E01013568,Derby 020C,Public order,Status update unavailable,,2024-04/2024-04-derbyshire-street.csv,E01013568,E02002815,Derby
5f425326f7ca2b614de9f8f54e67b4b971cd17bf14293b6cd47c315e277eb236,2024-04,Derbyshire Constabulary,Derbyshire Constabulary,-1.483514,52.904581,On or near Upper Dale Road,E01013568,Derby 020C,Public order,Status update unavailable,,2024-04/2024-04-derbyshire-street.csv,E01013568,E02002815,Derby
182ff3aedd03c809378f7dc3cabc6b0ba9a563365a80fd494dddb9a078288ab4,2024-04,Derbyshire Constabulary,Derbyshire Constabulary,-1.481495,52.900653,On or near Randolph Road,E01013569,Derby 020D,Drugs,Status update unavailable,,2024-04/2024-04-derbyshire-street.csv,E01013569,E02002815,Derby
6e9656d8af42afe93e7488fa3ec53671b3d462a025c47c8c0b829f8e1a1543f5,2024-04,Derbyshire Constabulary,Derbyshire Constabulary,-1.477702,52.902029,On or near St Thomas Road,E01013569,Derby 020D,Violence and sexual offences,Unable to prosecute suspect,,2024-04/2024-04-derbyshire-street.csv,E01013569,E02002815,Derby
edde3e31d4f0695af1c3f11fb64c640b3221daa18801c143d82f31c9b20e1a2e,2024-04,Derbyshire Constabulary,Derbyshire Constabulary,-1.539125,52.888673,On or near Fortis Way,E01013541,Derby 021B,Violence and sexual offences,Court result unavailable,,2024-04/2024-04-derbyshire-street.csv,E01013541,E02002816,Derby
3618079d88d8e79a51352b703035a1d589a09b241bbf80b4bd658c894159cf77,2024-04,Derbyshire Constabulary,Derbyshire Constabulary,-1.513432,52.902891,On or near Hillsway,E01013545,Derby 021E,Public order,Status update unavailable,,2024-04/2024-04-derbyshire-street.csv,E01013545,E02002816,Derby
5f425326f7ca2b614de9f8f54e67b4b971cd17bf14293b6cd47c315e277eb236,2024-04,Derbyshire Constabulary,Derbyshire Constabulary,-1.496627,52.891818,On or near St Stephen'S Close,E01013488,Derby 022A,Public order,Status update unavailable,,2024-04/2024-04-derbyshire-street.csv,E01013488,E02002817,Derby
9b183003c18cf0dcf46c42d619884a96d878ad32740263f7599bcd26e20c6794,2024-04,Derbyshire Constabulary,Derbyshire Constabulary,-1.514678,52.899229,On or near Windsor Avenue,E01013490,Derby 022C,Violence and sexual offences,Investigation complete; no suspect identified,,2024-04/2024-04-derbyshire-street.csv,E01013490,E02002817,Derby
1ccd7743ea490747c61b5b7605985e1eb2925061ceb0f2aebfbcc9da408919b4,2024-04,Derbyshire Constabulary,Derbyshire Constabulary,-1.479957,52.901194,On or near Havelock Road,E01013570,Derby 023A,Violence and sexual offences,Status update unavailable,,2024-04/2024-04-derbyshire-street.csv,E01013570,E02002818,Derby
182ff3aedd03c809378f7dc3cabc6b0ba9a563365a80fd494dddb9a078288ab4,2024-04,Derbyshire Constabulary,Derbyshire Constabulary,-1.480133,52.900125,On or near Chatham Street,E01013571,Derby 023B,Drugs,Status update unavailable,,2024-04/2024-04-derbyshire-street.csv,E01013571,E02002818,Derby
d5598f841ff48328fb8ce7f6b35453927aea14cd6126bb90f9d0154428739657,2024-04,Derbyshire Constabulary,Derbyshire Constabulary,-1.480247,52.898112,On or near Newdigate Street,E01013571,Derby 023B,Other theft,Status update unavailable,,2024-04/2024-04-derbyshire-street.csv,E01013571,E02002818,Derby
ce18ed54fe8354beae22f909c2c0686afec01a16036a355f44c3e8e3ec39ef23,2024-04,Derbyshire Constabulary,Derbyshire Constabulary,-1.486438,52.894984,On or near Boswell Square,E01013573,Derby 023D,Violence and sexual offences,Status update unavailable,,2024-04/2024-04-derbyshire-street.csv,E01013573,E02002818,Derby
42b2b2d51d41a5352880c66d534bbc8aa1ca17989fc66f3628b01b9b76896e17,2024-04,Derbyshire Constabulary,Derbyshire Constabulary,-1.421411,52.896842,On or near Rosewood Close,E01013470,Derby 024A,Violence and sexual offences,Status update unavailable,,2024-04/2024-04-derbyshire-street.csv,E01013470,E02002819,Derby
742bea536263a5fceb4f6ec8bdf62a677e55f80e989581468da21239d2642735,2024-04,Derbyshire Constabulary,Derbyshire Constabulary,-1.423919,52.894176,On or near Sports/Recreation Area,E01013470,Derby 024A,Violence and sexual offences,Unable to prosecute suspect,,2024-04/2024-04-derbyshire-street.csv,E01013470,E02002819,Derby
742bea536263a5fceb4f6ec8bdf62a677e55f80e989581468da21239d2642735,2024-04,Derbyshire Constabulary,Derbyshire Constabulary,-1.421059,52.892004,On or near Petersham Drive,E01013474,Derby 024B,Violence and sexual offences,Status update unavailable,,2024-04/2024-04-derbyshire-street.csv,E01013474,E02002819,Derby
fa328b7d0aded7a416da98bbcf64b268ccad7bd80b7b08eb8a488ceab5d50f3e,2024-04,Derbyshire Constabulary,Derbyshire Constabulary,-1.413843,52.893632,On or near Stocker Avenue,E01013476,Derby 024C,Violence and sexual offences,Unable to prosecute suspect,,2024-04/2024-04-derbyshire-street.csv,E01013476,E02002819,Derby
77f951d36813fbf036501db4e853ab0ae74be6d801cca92cfd6c377e4c0ea996,2024-04,Derbyshire Constabulary,Derbyshire Constabulary,-1.439308,52.906097,On or near Parking Area,E01033171,Derby 024E,Public order,Status update unavailable,,2024-04/2024-04-derbyshire-street.csv,E01033171,E02002819,Derby
80f1c045384d9f7763852da772bb6dd6aedca86169d9b1feb3ac2bf33c7adb6d,2024-04,Derbyshire Constabulary,Derbyshire Constabulary,-1.433606,52.903212,On or near Leeside,E01033171,Derby 024E,Violence and sexual offences,Status update unavailable,,2024-04/2024-04-derbyshire-street.csv,E01033171,E02002819,Derby
77f951d36813fbf036501db4e853ab0ae74be6d801cca92cfd6c377e4c0ea996,2024-04,Derbyshire Constabulary,Derbyshire Constabulary,-1.439503,52.901316,On or near Burnaby Street,E01013471,Derby 025A,Public order,Unable to prosecute suspect,,2024-04/2024-04-derbyshire-street.csv,E01013471,E02002820,Derby
72bfe61e4ad4a9b98baf84a427c33d692ebc153ff463832e46e3a769ea2d2f27,2024-04,Derbyshire Constabulary,Derbyshire Constabulary,-1.438759,52.899047,On or near Brighton Road,E01013471,Derby 025A,Violence and sexual offences,Further action is not in the public interest,,2024-04/2024-04-derbyshire-street.csv,E01013471,E02002820,Derby
42b2b2d51d41a5352880c66d534bbc8aa1ca17989fc66f3628b01b9b76896e17,2024-04,Derbyshire Constabulary,Derbyshire Constabulary,-1.443958,52.900600,On or near Allestree Street,E01013471,Derby 025A,Violence and sexual offences,Local resolution,,2024-04/2024-04-derbyshire-street.csv,E01013471,E02002820,Derby
2f4c15368af558ecfa7ad65737a1ee0b78e8d221f6afb9026a978b5244a0838f,2024-04,Derbyshire Constabulary,Derbyshire Constabulary,-1.429369,52.897020,On or near Supermarket,E01013473,Derby 025B,Violence and sexual offences,Status update unavailable,,2024-04/2024-04-derbyshire-street.csv,E01013473,E02002820,Derby
72bfe61e4ad4a9b98baf84a427c33d692ebc153ff463832e46e3a769ea2d2f27,2024-04,Derbyshire Constabulary,Derbyshire Constabulary,-1.438532,52.894812,On or near Irving Place,E01013475,Derby 025C,Violence and sexual offences,Status update unavailable,,2024-04/2024-04-derbyshire-street.csv,E01013475,E02002820,Derby
97cead3abff0512b01d9457bf953cf5223fea47c07ff903b52aa8435c09e7958,2024-04,Derbyshire Constabulary,Derbyshire Constabulary,-1.442814,52.894679,On or near Benson Street,E01013475,Derby 025C,Other crime,Unable to prosecute suspect,,2024-04/2024-04-derbyshire-street.csv,E01013475,E02002820,Derby
449b562893e54db2a4d29885be241b54f1fe138a861d8bba5856993cf263cdfc,2024-04,Derbyshire Constabulary,Derbyshire Constabulary,-1.435478,52.901000,On or near Burnside Street,E01013477,Derby 025D,Violence and sexual offences,Unable to prosecute suspect,,2024-04/2024-04-derbyshire-street.csv,E01013477,E02002820,Derby
449b562893e54db2a4d29885be241b54f1fe138a861d8bba5856993cf263cdfc,2024-04,Derbyshire Constabulary,Derbyshire Constabulary,-1.437377,52.892119,On or near Holloway Road,E01013502,Derby 025E,Violence and sexual offences,Status update unavailable,,2024-04/2024-04-derbyshire-street.csv,E01013502,E02002820,Derby
6570348bdb6fff3fdff753334508100a9b5d3546c7377dd7a5e135cef10a1734,2024-04,Derbyshire Constabulary,Derbyshire Constabulary,-1.453048,52.892983,On or near Parking Area,E01013472,Derby 026A,Violence and sexual offences,Unable to prosecute suspect,,2024-04/2024-04-derbyshire-street.csv,E01013472,E02002821,Derby
47467722f9ba26e3f210de5d14b1a3f85d1df003c642409e7cce13b561222369,2024-04,Derbyshire Constabulary,Derbyshire Constabulary,-1.454104,52.888205,On or near Brookhouse Street,E01013497,Derby 026B,Violence and sexual offences,Unable to prosecute suspect,,2024-04/2024-04-derbyshire-street.csv,E01013497,E02002821,Derby
321fa997190e415868895e3906d7983e7a67b680cdd2e521f7412afdc0d6ede1,2024-04,Derbyshire Constabulary,Derbyshire Constabulary,-1.450037,52.890119,On or near Mellor Street,E01013504,Derby 026C,Violence and sexual offences,Status update unavailable,,2024-04/2024-04-derbyshire-street.csv,E01013504,E02002821,Derby
5098e160425940a87bce2f34c3015b1c744c70dc1fc21068ccc7bbfcf79034b4,2024-04,Derbyshire Constabulary,Derbyshire Constabulary,-1.453062,52.890673,On or near Parking Area,E01013504,Derby 026C,Violence and sexual offences,Local resolution,,2024-04/2024-04-derbyshire-street.csv,E01013504,E02002821,Derby
f8c2e25a6a84aa6b1e83aeddb3a9240f2fcf50f073d0354d6556c71b9ad79bfb,2024-04,Derbyshire Constabulary,Derbyshire Constabulary,-1.446937,52.891921,On or near Ashby Street,E01013504,Derby 026C,Violence and sexual offences,Status update unavailable,,2024-04/2024-04-derbyshire-street.csv,E01013504,E02002821,Derby
47366f5c7b4663972e7a980e3bc47b58bb2abd83a6e2fb499241d3134c0d85a9,2024-04,Derbyshire Constabulary,Derbyshire Constabulary,-1.451218,52.889567,On or near A514,E01013504,Derby 026C,Violence and sexual offences,Unable to prosecute suspect,,2024-04/2024-04-derbyshire-street.csv,E01013504,E02002821,Derby
6570348bdb6fff3fdff753334508100a9b5d3546c7377dd7a5e135cef10a1734,2024-04,Derbyshire Constabulary,Derbyshire Constabulary,-1.456062,52.893204,On or near Adrian Street,E01013583,Derby 026D,Violence and sexual offences,Status update unavailable,,2024-04/2024-04-derbyshire-street.csv,E01013583,E02002821,Derby
5098e160425940a87bce2f34c3015b1c744c70dc1fc21068ccc7bbfcf79034b4,2024-04,Derbyshire Constabulary,Derbyshire Constabulary,-1.457421,52.893938,On or near Fenwick Street,E01013583,Derby 026D,Violence and sexual offences,Status update unavailable,,2024-04/2024-04-derbyshire-street.csv,E01013583,E02002821,Derby
f7bd3ec706635cd6b771d53e7d7d70cd2bca4cab9fa00f66afd99692d2706527,2024-04,Derbyshire Constabulary,Derbyshire Constabulary,-1.460088,52.900575,On or near Gresham Road,E01013591,Derby 026F,Violence and sexual offences,Unable to prosecute suspect,,2024-04/2024-04-derbyshire-street.csv,E01013591,E02002821,Derby
97cead3abff0512b01d9457bf953cf5223fea47c07ff903b52aa8435c09e7958,2024-04,Derbyshire Constabulary,Derbyshire Constabulary,-1.460088,52.900575,On or near Gresham Road,E01013591,Derby 026F,Other crime,Status update unavailable,,2024-04/2024-04-derbyshire-street.csv,E01013591,E02002821,Derby
9b183003c18cf0dcf46c42d619884a96d878ad32740263f7599bcd26e20c6794,2024-04,Derbyshire Constabulary,Derbyshire Constabulary,-1.498693,52.887934,On or near Stenson Road,E01013495,Derby 027D,Violence and sexual offences,Status update unavailable,,2024-04/2024-04-derbyshire-street.csv,E01013495,E02002822,Derby
47467722f9ba26e3f210de5d14b1a3f85d1df003c642409e7cce13b561222369,2024-04,Derbyshire Constabulary,Derbyshire Constabulary,-1.417076,52.888614,On or near Compton Close,E01013496,Derby 028A,Violence and sexual offences,Status update unavailable,,2024-04/2024-04-derbyshire-street.csv,E01013496,E02002823,Derby
ce18ed54fe8354beae22f909c2c0686afec01a16036a355f44c3e8e3ec39ef23,2024-04,Derbyshire Constabulary,Derbyshire Constabulary,-1.416655,52.887875,On or near Bonchurch Close,E01013496,Derby 028A,Violence and sexual offences,Further investigation is not in the public interest,,2024-04/2024-04-derbyshire-street.csv,E01013496,E02002823,Derby
66a874527923b2a57cc7f8a2e023e348def89a158498301316daf57c760c56c6,2024-04,Derbyshire Constabulary,Derbyshire Constabulary,-1.481279,52.887572,On or near Carlyle Street,E01013584,Derby 029A,Possession of weapons,Unable to prosecute suspect,,2024-04/2024-04-derbyshire-street.csv,E01013584,E02002824,Derby
5f425326f7ca2b614de9f8f54e67b4b971cd17bf14293b6cd47c315e277eb236,2024-04,Derbyshire Constabulary,Derbyshire Constabulary,-1.491861,52.883743,On or near Ballater Close,E01013585,Derby 029B,Public order,Unable to prosecute suspect,,2024-04/2024-04-derbyshire-street.csv,E01013585,E02002824,Derby
d61982dbef0cee2a092f9ad6c0919d53ce84f65640f6c69ef78b83ad400defbe,2024-04,Derbyshire Constabulary,Derbyshire Constabulary,-1.494103,52.883933,On or near Morlich Drive,E01013585,Derby 029B,Violence and sexual offences,Unable to prosecute suspect,,2024-04/2024-04-derbyshire-street.csv,E01013585,E02002824,Derby
1ccd7743ea490747c61b5b7605985e1eb2925061ceb0f2aebfbcc9da408919b4,2024-04,Derbyshire Constabulary,Derbyshire Constabulary,-1.481301,52.885747,On or near Shakespeare Street,E01013585,Derby 029B,Violence and sexual offences,Unable to prosecute suspect,,2024-04/2024-04-derbyshire-street.csv,E01013585,E02002824,Derby
d61982dbef0cee2a092f9ad6c0919d53ce84f65640f6c69ef78b83ad400defbe,2024-04,Derbyshire Constabulary,Derbyshire Constabulary,-1.490611,52.881365,On or near Islay Road,E01013587,Derby 029D,Violence and sexual offences,Status update unavailable,,2024-04/2024-04-derbyshire-street.csv,E01013587,E02002824,Derby
f8c2e25a6a84aa6b1e83aeddb3a9240f2fcf50f073d0354d6556c71b9ad79bfb,2024-04,Derbyshire Constabulary,Derbyshire Constabulary,-1.485786,52.880966,On or near Larkhill Crescent,E01013587,Derby 029D,Violence and sexual offences,Unable to prosecute suspect,,2024-04/2024-04-derbyshire-street.csv,E01013587,E02002824,Derby
321fa997190e415868895e3906d7983e7a67b680cdd2e521f7412afdc0d6ede1,2024-04,Derbyshire Constabulary,Derbyshire Constabulary,-1.452357,52.882876,On or near Sinfin Avenue,E01013517,Derby 030B,Violence and sexual offences,Unable to prosecute suspect,,2024-04/2024-04-derbyshire-street.csv,E01013517,E02002825,Derby
80f1c045384d9f7763852da772bb6dd6aedca86169d9b1feb3ac2bf33c7adb6d,2024-04,Derbyshire Constabulary,Derbyshire Constabulary,-1.431465,52.872583,On or near Sandyhill Close,E01013519,Derby 031C,Violence and sexual offences,Unable to prosecute suspect,,2024-04/2024-04-derbyshire-street.csv,E01013519,E02002826,Derby
0647ba65aaeb00641e7b341fb7e9b18ddb2422a773a561debcb3ba9db6840764,2024-04,Derbyshire Constabulary,Derbyshire Constabulary,-1.689739,52.855335,On or near Bourne Close,E01029464,East Staffordshire 004D,Violence and sexual offences,Status update unavailable,,2024-04/2024-04-derbyshire-street.csv,E01029464,E02006134,East Staffordshire
e3050c18682128d835b4f71e6e63f65b9e410f6d75e99e1c30f58d35698a010d,2024-04,Derbyshire Constabulary,Derbyshire Constabulary,-1.260794,52.898451,On or near Speedway Close,E01019680,Erewash 014D,Violence and sexual offences,Investigation complete; no suspect identified,,2024-04/2024-04-derbyshire-street.csv,E01019680,E02004091,Erewash
e3050c18682128d835b4f71e6e63f65b9e410f6d75e99e1c30f58d35698a010d,2024-04,Derbyshire Constabulary,Derbyshire Constabulary,-1.258954,52.899995,On or near Grange Drive,E01019680,Erewash 014D,Violence and sexual offences,Status update unavailable,,2024-04/2024-04-derbyshire-street.csv,E01019680,E02004091,Erewash
90cc3e470b7ae9976473db6dfd682c9012c1e656d359d36e1bd48ae78b7a4ea8,2024-04,Derbyshire Constabulary,Derbyshire Constabulary,-1.304031,52.884104,On or near Peveril Crescent,E01019699,Erewash 015B,Robbery,Unable to prosecute suspect,,2024-04/2024-04-derbyshire-street.csv,E01019699,E02004092,Erewash
90cc3e470b7ae9976473db6dfd682c9012c1e656d359d36e1bd48ae78b7a4ea8,2024-04,Derbyshire Constabulary,Derbyshire Constabulary,-1.298474,52.881892,On or near Supermarket,E01019700,Erewash 015C,Robbery,Status update unavailable,,2024-04/2024-04-derbyshire-street.csv,E01019700,E02004092,Erewash
d308d9709801ae2c5312f1f763b2b585cd32a7520980dfd78088033786a860db,2024-04,Derbyshire Constabulary,Derbyshire Constabulary,-1.310948,52.579221,On or near Keats Close,E01025843,Hinckley and Bosworth 006E,Violence and sexual offences,Unable to prosecute suspect,,2024-04/2024-04-derbyshire-street.csv,E01025843,E02005382,Hinckley and Bosworth
667ddfbb70271529a269a0e56072e2b5307fb4c2e3e6a037c5dae373faf6d028,2024-04,Derbyshire Constabulary,Derbyshire Constabulary,-1.757811,52.674246,On or near Spring Lane,E01029531,Lichfield 008D,Violence and sexual offences,Unable to prosecute suspect,,2024-04/2024-04-derbyshire-street.csv,E01029531,E02006153,Lichfield
0a9c994036be19e794e2e64e79178bead0e0b3e2068cdf76d47d239c4d5b30c0,2024-04,Derbyshire Constabulary,Derbyshire Constabulary,-1.590759,52.901025,On or near Heage Lane,E01019839,South Derbyshire 001A,Violence and sexual offences,Unable to prosecute suspect,,2024-04/2024-04-derbyshire-street.csv,E01019839,E02004118,South Derbyshire
0a9c994036be19e794e2e64e79178bead0e0b3e2068cdf76d47d239c4d5b30c0,2024-04,Derbyshire Constabulary,Derbyshire Constabulary,-1.573712,52.889962,On or near Dee Lane,E01019839,South Derbyshire 001A,Violence and sexual offences,Status update unavailable,,2024-04/2024-04-derbyshire-street.csv,E01019839,E02004118,South Derbyshire
52018f43ecf1284e7a61c26c535487a4cb275186fe32a88fb608de2fa224194e,2024-04,Derbyshire Constabulary,Derbyshire Constabulary,-1.626261,52.869886,On or near Dee Close,E01019848,South Derbyshire 002D,Violence and sexual offences,Unable to prosecute suspect,,2024-04/2024-04-derbyshire-street.csv,E01019848,E02004119,South Derbyshire
667ddfbb70271529a269a0e56072e2b5307fb4c2e3e6a037c5dae373faf6d028,2024-04,Derbyshire Constabulary,Derbyshire Constabulary,-1.633826,52.869478,On or near Soar Close,E01033533,South Derbyshire 002G,Violence and sexual offences,Status update unavailable,,2024-04/2024-04-derbyshire-street.csv,E01033533,E02004119,South Derbyshire
66a874527923b2a57cc7f8a2e023e348def89a158498301316daf57c760c56c6,2024-04,Derbyshire Constabulary,Derbyshire Constabulary,-1.498166,52.871769,On or near Avon Close,E01019874,South Derbyshire 003B,Possession of weapons,Status update unavailable,,2024-04/2024-04-derbyshire-street.csv,E01019874,E02004120,South Derbyshire
3618079d88d8e79a51352b703035a1d589a09b241bbf80b4bd658c894159cf77,2024-04,Derbyshire Constabulary,Derbyshire Constabulary,-1.496064,52.874952,On or near Tulla Close,E01019874,South Derbyshire 003B,Public order,Unable to prosecute suspect,,2024-04/2024-04-derbyshire-street.csv,E01019874,E02004120,South Derbyshire
f7bd3ec706635cd6b771d53e7d7d70cd2bca4cab9fa00f66afd99692d2706527,2024-04,Derbyshire Constabulary,Derbyshire Constabulary,-1.500841,52.879484,On or near Irvine Close,E01019875,South Derbyshire 003C,Violence and sexual offences,Status update unavailable,,2024-04/2024-04-derbyshire-street.csv,E01019875,E02004120,South Derbyshire
895cda66ceb16b745564ef9ad69b1122cb8298ceac34a0fd0ba53e7f796cd099,2024-04,Derbyshire Constabulary,Derbyshire Constabulary,-1.391479,52.860241,On or near Bell Avenue,E01019833,South Derbyshire 004B,Violence and sexual offences,Unable to prosecute suspect,,2024-04/2024-04-derbyshire-street.csv,E01019833,E02004121,South Derbyshire
c1f946a4865ea0e81745b7f0739b12132a6d3b8f8e81dfd09ad178b78c900c61,2024-04,Derbyshire Constabulary,Derbyshire Constabulary,-1.435177,52.862389,On or near Walden Close,E01019834,South Derbyshire 004C,Criminal damage and arson,Court result unavailable,,2024-04/2024-04-derbyshire-street.csv,E01019834,E02004121,South Derbyshire
c1f946a4865ea0e81745b7f0739b12132a6d3b8f8e81dfd09ad178b78c900c61,2024-04,Derbyshire Constabulary,Derbyshire Constabulary,-1.428259,52.860981,On or near Pendragon Drive,E01019834,South Derbyshire 004C,Criminal damage and arson,Status update unavailable,,2024-04/2024-04-derbyshire-street.csv,E01019834,E02004121,South Derbyshire
946b45bd447de30ea43c35294e549c85171da5d47de1462e7271795c51b7a8d3,2024-04,Derbyshire Constabulary,Derbyshire Constabulary,-1.537741,52.834354,On or near Brookdale,E01019868,South Derbyshire 005B,Other crime,Unable to prosecute suspect,,2024-04/2024-04-derbyshire-street.csv,E01019868,E02004122,South Derbyshire
0647ba65aaeb00641e7b341fb7e9b18ddb2422a773a561debcb3ba9db6840764,2024-04,Derbyshire Constabulary,Derbyshire Constabulary,-1.548233,52.837406,On or near High Street,E01019869,South Derbyshire 005C,Violence and sexual offences,Local resolution,,2024-04/2024-04-derbyshire-street.csv,E01019869,E02004122,South Derbyshire
edde3e31d4f0695af1c3f11fb64c640b3221daa18801c143d82f31c9b20e1a2e,2024-04,Derbyshire Constabulary,Derbyshire Constabulary,-1.566671,52.850806,On or near Bunting Way,E01019880,South Derbyshire 005D,Violence and sexual offences,Status update unavailable,,2024-04/2024-04-derbyshire-street.csv,E01019880,E02004122,South Derbyshire
357662c4370409c1c01ff5cb20fc728530c4dd471cd2cd9cf63e208e1c652c75,2024-04,Derbyshire Constabulary,Derbyshire Constabulary,-1.578878,52.784606,On or near B5353,E01019861,South Derbyshire 008B,Violence and sexual offences,Status update unavailable,,2024-04/2024-04-derbyshire-street.csv,E01019861,E02004125,South Derbyshire
357662c4370409c1c01ff5cb20fc728530c4dd471cd2cd9cf63e208e1c652c75,2024-04,Derbyshire Constabulary,Derbyshire Constabulary,-1.573755,52.783877,On or near Orchard Street,E01019861,South Derbyshire 008B,Violence and sexual offences,Status update unavailable,,2024-04/2024-04-derbyshire-street.csv,E01019861,E02004125,South Derbyshire
22d1351f2765c45d0d7d314ec8d48b62be948fde2e9dfe4bcc3a805efd84dae5,2024-04,Derbyshire Constabulary,Derbyshire Constabulary,-1.596688,52.773071,On or near Sharcote Drive,E01019862,South Derbyshire 008C,Criminal damage and arson,Local resolution,,2024-04/2024-04-derbyshire-street.csv,E01019862,E02004125,South Derbyshire
52018f43ecf1284e7a61c26c535487a4cb275186fe32a88fb608de2fa224194e,2024-04,Derbyshire Constabulary,Derbyshire Constabulary,-1.575595,52.780693,On or near Cecil Road,E01019863,South Derbyshire 008D,Violence and sexual offences,Status update unavailable,,2024-04/2024-04-derbyshire-street.csv,E01019863,E02004125,South Derbyshire
357662c4370409c1c01ff5cb20fc728530c4dd471cd2cd9cf63e208e1c652c75,2024-04,Derbyshire Constabulary,Derbyshire Constabulary,-1.582446,52.780582,On or near St John'S Drive,E01019864,South Derbyshire 008E,Violence and sexual offences,Further action is not in the public interest,,2024-04/2024-04-derbyshire-street.csv,E01019864,E02004125,South Derbyshire
ac335c376ba03bd37bbc81e2d13e2cf51c76ba929412066cab320cdf3acd7558,2024-04,Derbyshire Constabulary,Derbyshire Constabulary,-1.567000,52.778810,On or near Potters Croft,E01019865,South Derbyshire 008F,Violence and sexual offences,Investigation complete; no suspect identified,,2024-04/2024-04-derbyshire-street.csv,E01019865,E02004125,South Derbyshire
946b45bd447de30ea43c35294e549c85171da5d47de1462e7271795c51b7a8d3,2024-04,Derbyshire Constabulary,Derbyshire Constabulary,-1.563884,52.779104,On or near Coronation Street,E01019876,South Derbyshire 009A,Other crime,Status update unavailable,,2024-04/2024-04-derbyshire-street.csv,E01019876,E02004126,South Derbyshire
22d1351f2765c45d0d7d314ec8d48b62be948fde2e9dfe4bcc3a805efd84dae5,2024-04,Derbyshire Constabulary,Derbyshire Constabulary,-1.559504,52.773901,On or near Parking Area,E01019877,South Derbyshire 009B,Criminal damage and arson,Status update unavailable,,2024-04/2024-04-derbyshire-street.csv,E01019877,E02004126,South Derbyshire
ac335c376ba03bd37bbc81e2d13e2cf51c76ba929412066cab320cdf3acd7558,2024-04,Derbyshire Constabulary,Derbyshire Constabulary,-1.560133,52.774721,On or near Police Station,E01019877,South Derbyshire 009B,Violence and sexual offences,Status update unavailable,,2024-04/2024-04-derbyshire-street.csv,E01019877,E02004126,South Derbyshire
c2d9548b9ffbe2e218c3d500128c18790aafa861ddb6d80f09e8f77780f1c5e4,2024-04,Derbyshire Constabulary,Derbyshire Constabulary,-1.560946,52.774913,On or near Ruston Close,E01019877,South Derbyshire 009B,Violence and sexual offences,Status update unavailable,,2024-04/2024-04-derbyshire-street.csv,E01019877,E02004126,South Derbyshire
22d1351f2765c45d0d7d314ec8d48b62be948fde2e9dfe4bcc3a805efd84dae5,2024-04,Derbyshire Constabulary,Derbyshire Constabulary,-1.564700,52.762692,On or near The Holdings,E01019838,South Derbyshire 012B,Criminal damage and arson,Status update unavailable,,2024-04/2024-04-derbyshire-street.csv,E01019838,E02006919,South Derbyshire
8b77a4963b5968fb0b9f00aad6884afec64be9b092c84f2b91b36484d2d35026,2024-04,Derbyshire Constabulary,Derbyshire Constabulary,-1.527350,52.775467,On or near Woodville Road,E01019842,South Derbyshire 013A,Violence and sexual offences,Status update unavailable,,2024-04/2024-04-derbyshire-street.csv,E01019842,E02006920,South Derbyshire
c2d9548b9ffbe2e218c3d500128c18790aafa861ddb6d80f09e8f77780f1c5e4,2024-04,Derbyshire Constabulary,Derbyshire Constabulary,-1.540697,52.774935,On or near Thompson Close,E01033535,South Derbyshire 013D,Violence and sexual offences,Unable to prosecute suspect,,2024-04/2024-04-derbyshire-street.csv,E01033535,E02006920,South Derbyshire
d308d9709801ae2c5312f1f763b2b585cd32a7520980dfd78088033786a860db,2024-04,Derbyshire Constabulary,Derbyshire Constabulary,-1.529313,52.766692,On or near Stable Mews,E01034656,South Derbyshire 013E,Violence and sexual offences,Status update unavailable,,2024-04/2024-04-derbyshire-street.csv,E01034656,E02006920,South Derbyshire
08c49ca507f4225568a0c5b40202009077a384e612ac4bffb06fabc1fa551a1c,2024-05,Derbyshire Constabulary,Derbyshire Constabulary,-1.413506,52.913093,On or near Bridgeside Way,E01013595,Derby 014B,Drugs,Status update unavailable,,2024-05/2024-05-derbyshire-street.csv,E01013595,E02002809,Derby
8485b274370977bec1647d4d5eb5c60d8f712e495fd78ecdfc84eabcc3aa86cd,2024-05,Derbyshire Constabulary,Derbyshire Constabulary,-1.408528,52.918309,On or near Sitwell Close,E01013595,Derby 014B,Violence and sexual offences,Unable to prosecute suspect,,2024-05/2024-05-derbyshire-street.csv,E01013595,E02002809,Derby
8485b274370977bec1647d4d5eb5c60d8f712e495fd78ecdfc84eabcc3aa86cd,2024-05,Derbyshire Constabulary,Derbyshire Constabulary,-1.410970,52.914761,On or near Derwent Road,E01013595,Derby 014B,Violence and sexual offences,Status update unavailable,,2024-05/2024-05-derbyshire-street.csv,E01013595,E02002809,Derby
f37efefb187197a79e3296ebb842d5e712d95f80f47211cdfcfdda0156b225b8,2024-05,Derbyshire Constabulary,Derbyshire Constabulary,-1.396824,52.917180,On or near Trent Rise,E01013597,Derby 014C,Violence and sexual offences,Status update unavailable,,2024-05/2024-05-derbyshire-street.csv,E01013597,E02002809,Derby
aab8dd0fbb24075d0abb5b6a123b28c850b875ea557c8fb6a492d0ea79b8171f,2024-05,Derbyshire Constabulary,Derbyshire Constabulary,-1.510991,52.920338,On or near Kingsway,E01013455,Derby 017A,Shoplifting,Status update unavailable,,2024-05/2024-05-derbyshire-street.csv,E01013455,E02002812,Derby
33a5dc56138ad9e7a3a4a54021113480a2a4c437afff3dfb359f37a2b059348a,2024-05,Derbyshire Constabulary,Derbyshire Constabulary,-1.502430,52.912051,On or near St Swithin'S Close,E01013455,Derby 017A,Violence and sexual offences,Status update unavailable,,2024-05/2024-05-derbyshire-street.csv,E01013455,E02002812,Derby
1c1e77901aeeaa27c63923059d631d4696c298cc8bc2c6232520f92cbabfa8d8,2024-05,Derbyshire Constabulary,Derbyshire Constabulary,-1.502430,52.912051,On or near St Swithin'S Close,E01013455,Derby 017A,Violence and sexual offences,Status update unavailable,,2024-05/2024-05-derbyshire-street.csv,E01013455,E02002812,Derby
0d757e853d3c4e339851206a6526f4013cfb075153e182c7b9e6c83d163663f5,2024-05,Derbyshire Constabulary,Derbyshire Constabulary,-1.501227,52.911956,On or near St David'S Close,E01013455,Derby 017A,Violence and sexual offences,Status update unavailable,,2024-05/2024-05-derbyshire-street.csv,E01013455,E02002812,Derby
304629fdb235dc5eea5ed8ee3f88b55830f5fe3d36d0a667bb47897d0d5754fc,2024-05,Derbyshire Constabulary,Derbyshire Constabulary,-1.512157,52.915840,On or near Galloway Drive,E01013542,Derby 017C,Burglary,Status update unavailable,,2024-05/2024-05-derbyshire-street.csv,E01013542,E02002812,Derby
304629fdb235dc5eea5ed8ee3f88b55830f5fe3d36d0a667bb47897d0d5754fc,2024-05,Derbyshire Constabulary,Derbyshire Constabulary,-1.512157,52.915840,On or near Galloway Drive,E01013542,Derby 017C,Other theft,Investigation complete; no suspect identified,,2024-05/2024-05-derbyshire-street.csv,E01013542,E02002812,Derby
0f1e8e51e658e8b2068a5378768000002325c49d6d6b81797a368366d52ea949,2024-05,Derbyshire Constabulary,Derbyshire Constabulary,-1.506614,52.905056,On or near Shepherd Street,E01013546,Derby 017D,Violence and sexual offences,Status update unavailable,,2024-05/2024-05-derbyshire-street.csv,E01013546,E02002812,Derby
0f1e8e51e658e8b2068a5378768000002325c49d6d6b81797a368366d52ea949,2024-05,Derbyshire Constabulary,Derbyshire Constabulary,-1.506614,52.905056,On or near Shepherd Street,E01013546,Derby 017D,Violence and sexual offences,Unable to prosecute suspect,,2024-05/2024-05-derbyshire-street.csv,E01013546,E02002812,Derby
70e79b6a2829fac0b877611e075a1fd6bd7e62856580ccf1bf1a7322c9bf485c,2024-05,Derbyshire Constabulary,Derbyshire Constabulary,-1.475846,52.911667,On or near Loudon Street,E01013481,Derby 018A,Public order,Status update unavailable,,2024-05/2024-05-derbyshire-street.csv,E01013481,E02002813,Derby
b960ac7485f7b9d91b59a6a570a4dd0187e401a0028f9137fc012a95491fd7b6,2024-05,Derbyshire Constabulary,Derbyshire Constabulary,-1.475846,52.911667,On or near Loudon Street,E01013481,Derby 018A,Violence and sexual offences,Status update unavailable,,2024-05/2024-05-derbyshire-street.csv,E01013481,E02002813,Derby
b960ac7485f7b9d91b59a6a570a4dd0187e401a0028f9137fc012a95491fd7b6,2024-05,Derbyshire Constabulary,Derbyshire Constabulary,-1.475018,52.911268,On or near Strutt Street,E01013481,Derby 018A,Violence and sexual offences,Unable to prosecute suspect,,2024-05/2024-05-derbyshire-street.csv,E01013481,E02002813,Derby
0439c0dceb72332cdb2eb14987d4117a87120494501fc00a93863cd6c9785553,2024-05,Derbyshire Constabulary,Derbyshire Constabulary,-1.475018,52.911268,On or near Strutt Street,E01013481,Derby 018A,Violence and sexual offences,Status update unavailable,,2024-05/2024-05-derbyshire-street.csv,E01013481,E02002813,Derby
42eb8d18ecb89e214dcdeacdf2539dca52a6ad77dabd5bd483be2119276a4f61,2024-05,Derbyshire Constabulary,Derbyshire Constabulary,-1.469617,52.909140,On or near Norfolk Street,E01013481,Derby 018A,Violence and sexual offences,Status update unavailable,,2024-05/2024-05-derbyshire-street.csv,E01013481,E02002813,Derby
42eb8d18ecb89e214dcdeacdf2539dca52a6ad77dabd5bd483be2119276a4f61,2024-05,Derbyshire Constabulary,Derbyshire Constabulary,-1.471883,52.912350,On or near Arboretum Square,E01013481,Derby 018A,Violence and sexual offences,Unable to prosecute suspect,,2024-05/2024-05-derbyshire-street.csv,E01013481,E02002813,Derby
7b4abed4a56d5fe31aae88922aa6aaca2374d06410eeb2d1753c19fe28ebd5dd,2024-05,Derbyshire Constabulary,Derbyshire Constabulary,-1.478144,52.908576,On or near Oak Street,E01013484,Derby 018C,Violence and sexual offences,Status update unavailable,,2024-05/2024-05-derbyshire-street.csv,E01013484,E02002813,Derby
0439c0dceb72332cdb2eb14987d4117a87120494501fc00a93863cd6c9785553,2024-05,Derbyshire Constabulary,Derbyshire Constabulary,-1.470181,52.906751,On or near Augusta Street,E01013486,Derby 018D,Violence and sexual offences,Awaiting court outcome,,2024-05/2024-05-derbyshire-street.csv,E01013486,E02002813,Derby
33a5dc56138ad9e7a3a4a54021113480a2a4c437afff3dfb359f37a2b059348a,2024-05,Derbyshire Constabulary,Derbyshire Constabulary,-1.470310,52.905943,On or near Leacroft Road,E01013486,Derby 018D,Violence and sexual offences,Unable to prosecute suspect,,2024-05/2024-05-derbyshire-street.csv,E01013486,E02002813,Derby
1c1e77901aeeaa27c63923059d631d4696c298cc8bc2c6232520f92cbabfa8d8,2024-05,Derbyshire Constabulary,Derbyshire Constabulary,-1.470310,52.905943,On or near Leacroft Road,E01013486,Derby 018D,Violence and sexual offences,Unable to prosecute suspect,,2024-05/2024-05-derbyshire-street.csv,E01013486,E02002813,Derby
93e4f0597a322a6ec0d3eb1b5d4183a1dec28065bbf4a3385a72157d39ea593b,2024-05,Derbyshire Constabulary,Derbyshire Constabulary,-1.475932,52.903298,On or near Rutland Street,E01013487,Derby 018E,Violence and sexual offences,Court result unavailable,,2024-05/2024-05-derbyshire-street.csv,E01013487,E02002813,Derby
70e79b6a2829fac0b877611e075a1fd6bd7e62856580ccf1bf1a7322c9bf485c,2024-05,Derbyshire Constabulary,Derbyshire Constabulary,-1.471366,52.913256,On or near Morleston Street,E01033166,Derby 018F,Public order,Unable to prosecute suspect,,2024-05/2024-05-derbyshire-street.csv,E01033166,E02002813,Derby
a3dd0dddf6a3a9873aeae868f4727fcd8209593d8f2942301e29359bd50cb09d,2024-05,Derbyshire Constabulary,Derbyshire Constabulary,-1.469807,52.914274,On or near Litchurch Street,E01033166,Derby 018F,Violence and sexual offences,Status update unavailable,,2024-05/2024-05-derbyshire-street.csv,E01033166,E02002813,Derby
0d757e853d3c4e339851206a6526f4013cfb075153e182c7b9e6c83d163663f5,2024-05,Derbyshire Constabulary,Derbyshire Constabulary,-1.474650,52.914682,On or near Hartington Street,E01033166,Derby 018F,Violence and sexual offences,Unable to prosecute suspect,,2024-05/2024-05-derbyshire-street.csv,E01033166,E02002813,Derby
299bfef7712660a9ae6747da5c9b70e4f87ac011f6678320e8a885c354b7df97,2024-05,Derbyshire Constabulary,Derbyshire Constabulary,-1.537599,52.897998,On or near Malcolm Grove,E01013540,Derby 019A,Public order,Court result unavailable,,2024-05/2024-05-derbyshire-street.csv,E01013540,E02002814,Derby
299bfef7712660a9ae6747da5c9b70e4f87ac011f6678320e8a885c354b7df97,2024-05,Derbyshire Constabulary,Derbyshire Constabulary,-1.537149,52.898410,On or near Allan Avenue,E01013540,Derby 019A,Public order,Status update unavailable,,2024-05/2024-05-derbyshire-street.csv,E01013540,E02002814,Derby
cbd881b8cdb923d5156310d2bcc0ea9bf741066badd5d15641569019b0fe3ed3,2024-05,Derbyshire Constabulary,Derbyshire Constabulary,-1.547487,52.906298,On or near Holly Court,E01013562,Derby 019D,Public order,Investigation complete; no suspect identified,,2024-05/2024-05-derbyshire-street.csv,E01013562,E02002814,Derby
cbd881b8cdb923d5156310d2bcc0ea9bf741066badd5d15641569019b0fe3ed3,2024-05,Derbyshire Constabulary,Derbyshire Constabulary,-1.543562,52.903442,On or near Limes Avenue,E01013562,Derby 019D,Public order,Status update unavailable,,2024-05/2024-05-derbyshire-street.csv,E01013562,E02002814,Derby
92ce61b8f892c69ffc59aa953bf561b0a45efdd22bd8876752cf2cc10f647544,2024-05,Derbyshire Constabulary,Derbyshire Constabulary,-1.491898,52.904734,On or near Gladstone Street,E01013459,Derby 020A,Violence and sexual offences,Investigation complete; no suspect identified,,2024-05/2024-05-derbyshire-street.csv,E01013459,E02002815,Derby
92ce61b8f892c69ffc59aa953bf561b0a45efdd22bd8876752cf2cc10f647544,2024-05,Derbyshire Constabulary,Derbyshire Constabulary,-1.487210,52.902583,On or near St Augustine Street,E01013568,Derby 020C,Violence and sexual offences,Status update unavailable,,2024-05/2024-05-derbyshire-street.csv,E01013568,E02002815,Derby
e21a3cbf79d0f7e0991bd8423d2692ff877a0782abb832da4c143f3048b37ae2,2024-05,Derbyshire Constabulary,Derbyshire Constabulary,-1.523838,52.897612,On or near Dovewood Court,E01013544,Derby 021D,Violence and sexual offences,Local resolution,,2024-05/2024-05-derbyshire-street.csv,E01013544,E02002816,Derby
e21a3cbf79d0f7e0991bd8423d2692ff877a0782abb832da4c143f3048b37ae2,2024-05,Derbyshire Constabulary,Derbyshire Constabulary,-1.523838,52.897612,On or near Dovewood Court,E01013544,Derby 021D,Violence and sexual offences,Status update unavailable,,2024-05/2024-05-derbyshire-street.csv,E01013544,E02002816,Derby
4436bd1655f23161137d0fd6f818dcda403cff6b6fcad17cbf2f2e572ee79e79,2024-05,Derbyshire Constabulary,Derbyshire Constabulary,-1.511056,52.894746,On or near Moorway Croft,E01013490,Derby 022C,Violence and sexual offences,Status update unavailable,,2024-05/2024-05-derbyshire-street.csv,E01013490,E02002817,Derby
d8de4bf9e0946ea6eae8e7ba2e6c11bac94b338837cdbff89e569d8c27784b03,2024-05,Derbyshire Constabulary,Derbyshire Constabulary,-1.512356,52.894113,On or near Lothlorien Close,E01013490,Derby 022C,Violence and sexual offences,Status update unavailable,,2024-05/2024-05-derbyshire-street.csv,E01013490,E02002817,Derby
65a23572944d22dc30a7189a8191e0b36fac486c6b2252a8ff4806a4398f009a,2024-05,Derbyshire Constabulary,Derbyshire Constabulary,-1.482254,52.901771,On or near Brunswick Street,E01013570,Derby 023A,Theft from the person,Status update unavailable,,2024-05/2024-05-derbyshire-street.csv,E01013570,E02002818,Derby
b8aced3a8bfa457ef37e2063b433b16d4f61c8019dfeb001d9eedf2aadc4b950,2024-05,Derbyshire Constabulary,Derbyshire Constabulary,-1.477991,52.897797,On or near Hampden Street,E01013571,Derby 023B,Drugs,Unable to prosecute suspect,,2024-05/2024-05-derbyshire-street.csv,E01013571,E02002818,Derby
8acb218264dcbd1d1e5e3a76da4411e0a71afe62e2b9c5bce5da069379642934,2024-05,Derbyshire Constabulary,Derbyshire Constabulary,-1.480716,52.897395,On or near Dorrien Avenue,E01013571,Derby 023B,Vehicle crime,Status update unavailable,,2024-05/2024-05-derbyshire-street.csv,E01013571,E02002818,Derby
08c49ca507f4225568a0c5b40202009077a384e612ac4bffb06fabc1fa551a1c,2024-05,Derbyshire Constabulary,Derbyshire Constabulary,-1.491484,52.891877,On or near Kendon Avenue,E01013572,Derby 023C,Drugs,Status update unavailable,,2024-05/2024-05-derbyshire-street.csv,E01013572,E02002818,Derby
08c49ca507f4225568a0c5b40202009077a384e612ac4bffb06fabc1fa551a1c,2024-05,Derbyshire Constabulary,Derbyshire Constabulary,-1.488063,52.892060,On or near Caxton Street,E01013573,Derby 023D,Drugs,Court result unavailable,,2024-05/2024-05-derbyshire-street.csv,E01013573,E02002818,Derby
edca6c01dc6a510a18b2f13d3ee88e555aba7b7531bca49d441a84b7065343dd,2024-05,Derbyshire Constabulary,Derbyshire Constabulary,-1.423919,52.894176,On or near Sports/Recreation Area,E01013470,Derby 024A,Other theft,Status update unavailable,,2024-05/2024-05-derbyshire-street.csv,E01013470,E02002819,Derby
60fb4d0e203473e6f70dfa992d862df8a264e69e0d1b2a6892c022cbcc412021,2024-05,Derbyshire Constabulary,Derbyshire Constabulary,-1.421981,52.897537,On or near Grimshaw Avenue,E01013470,Derby 024A,Public order,Status update unavailable,,2024-05/2024-05-derbyshire-street.csv,E01013470,E02002819,Derby
582fd711737ec1b64bbf7ded7b0fd24b672a4321ea5ec6dbee7624b1b6564894,2024-05,Derbyshire Constabulary,Derbyshire Constabulary,-1.416961,52.892784,On or near Hodge Beck Close,E01013474,Derby 024B,Drugs,Status update unavailable,,2024-05/2024-05-derbyshire-street.csv,E01013474,E02002819,Derby
582fd711737ec1b64bbf7ded7b0fd24b672a4321ea5ec6dbee7624b1b6564894,2024-05,Derbyshire Constabulary,Derbyshire Constabulary,-1.413585,52.891788,On or near Whernside Close,E01013474,Derby 024B,Drugs,Court result unavailable,,2024-05/2024-05-derbyshire-street.csv,E01013474,E02002819,Derby
66b79e161ed5d20ae0cf49dbe23db0372317d13a3a85b96f55e978f1b4474b80,2024-05,Derbyshire Constabulary,Derbyshire Constabulary,-1.413585,52.891788,On or near Whernside Close,E01013474,Derby 024B,Violence and sexual offences,Unable to prosecute suspect,,2024-05/2024-05-derbyshire-street.csv,E01013474,E02002819,Derby
66b79e161ed5d20ae0cf49dbe23db0372317d13a3a85b96f55e978f1b4474b80,2024-05,Derbyshire Constabulary,Derbyshire Constabulary,-1.414075,52.891835,On or near Cod Beck Close,E01013474,Derby 024B,Violence and sexual offences,Status update unavailable,,2024-05/2024-05-derbyshire-street.csv,E01013474,E02002819,Derby
e74713237631121f20c822cdb2be1f83cd6fbffbeb7b68784ca7e5bc5c20b98b,2024-05,Derbyshire Constabulary,Derbyshire Constabulary,-1.416774,52.894545,On or near Castleton Court,E01013474,Derby 024B,Violence and sexual offences,Unable to prosecute suspect,,2024-05/2024-05-derbyshire-street.csv,E01013474,E02002819,Derby
1683599cc161a07d371a8cac93fd1878a83bd56b1a362a2955c74a15a8da0047,2024-05,Derbyshire Constabulary,Derbyshire Constabulary,-1.411621,52.887580,On or near Chariot Close,E01013476,Derby 024C,Violence and sexual offences,Status update unavailable,,2024-05/2024-05-derbyshire-street.csv,E01013476,E02002819,Derby
e758ff397f195cae569cba9d193d2c582ba6633600bec31401d8f590a771db3d,2024-05,Derbyshire Constabulary,Derbyshire Constabulary,-1.439308,52.906097,On or near Parking Area,E01033171,Derby 024E,Public order,Status update unavailable,,2024-05/2024-05-derbyshire-street.csv,E01033171,E02002819,Derby
e758ff397f195cae569cba9d193d2c582ba6633600bec31401d8f590a771db3d,2024-05,Derbyshire Constabulary,Derbyshire Constabulary,-1.452340,52.907884,On or near Clifford Street,E01033172,Derby 024F,Public order,Unable to prosecute suspect,,2024-05/2024-05-derbyshire-street.csv,E01033172,E02002819,Derby
e1eec55e107d52347de58abd562d42dddef31888305cbdd78b3ccf50a91a4c6a,2024-05,Derbyshire Constabulary,Derbyshire Constabulary,-1.453211,52.907151,On or near London Road,E01033172,Derby 024F,Violence and sexual offences,Unable to prosecute suspect,,2024-05/2024-05-derbyshire-street.csv,E01033172,E02002819,Derby
e4ae3a295ee8b71b114790623f9903d64382c63ef512e0bd7f9f8d11e61861b4,2024-05,Derbyshire Constabulary,Derbyshire Constabulary,-1.453211,52.907151,On or near London Road,E01033172,Derby 024F,Violence and sexual offences,Investigation complete; no suspect identified,,2024-05/2024-05-derbyshire-street.csv,E01033172,E02002819,Derby
575d8f6856960a106aa6f61bdfcdfe633b015bd11745a62310b98fc456109f48,2024-05,Derbyshire Constabulary,Derbyshire Constabulary,-1.453211,52.907151,On or near London Road,E01033172,Derby 024F,Violence and sexual offences,Status update unavailable,,2024-05/2024-05-derbyshire-street.csv,E01033172,E02002819,Derby
575d8f6856960a106aa6f61bdfcdfe633b015bd11745a62310b98fc456109f48,2024-05,Derbyshire Constabulary,Derbyshire Constabulary,-1.452770,52.907949,On or near Dickinson Street,E01033172,Derby 024F,Violence and sexual offences,Court result unavailable,,2024-05/2024-05-derbyshire-street.csv,E01033172,E02002819,Derby
e4ae3a295ee8b71b114790623f9903d64382c63ef512e0bd7f9f8d11e61861b4,2024-05,Derbyshire Constabulary,Derbyshire Constabulary,-1.453211,52.907151,On or near London Road,E01033172,Derby 024F,Violence and sexual offences,Status update unavailable,,2024-05/2024-05-derbyshire-street.csv,E01033172,E02002819,Derby
edca6c01dc6a510a18b2f13d3ee88e555aba7b7531bca49d441a84b7065343dd,2024-05,Derbyshire Constabulary,Derbyshire Constabulary,-1.442923,52.893143,On or near Terry Place,E01013475,Derby 025C,Other theft,Local resolution,,2024-05/2024-05-derbyshire-street.csv,E01013475,E02002820,Derby
f4c428cc00a871447e6edd8c9c95ddc408de0ae25b36f5b5bf4dcf0278ff9dae,2024-05,Derbyshire Constabulary,Derbyshire Constabulary,-1.434706,52.895216,On or near Garrick Street,E01013475,Derby 025C,Violence and sexual offences,Unable to prosecute suspect,,2024-05/2024-05-derbyshire-street.csv,E01013475,E02002820,Derby
f4c428cc00a871447e6edd8c9c95ddc408de0ae25b36f5b5bf4dcf0278ff9dae,2024-05,Derbyshire Constabulary,Derbyshire Constabulary,-1.434706,52.895216,On or near Garrick Street,E01013475,Derby 025C,Violence and sexual offences,Status update unavailable,,2024-05/2024-05-derbyshire-street.csv,E01013475,E02002820,Derby
4cfb0105db2b9e3b05131b21406a830adae7b711d2492344d61f1a2e1bf86494,2024-05,Derbyshire Constabulary,Derbyshire Constabulary,-1.439300,52.894034,On or near Kean Place,E01013475,Derby 025C,Violence and sexual offences,Status update unavailable,,2024-05/2024-05-derbyshire-street.csv,E01013475,E02002820,Derby
60fb4d0e203473e6f70dfa992d862df8a264e69e0d1b2a6892c022cbcc412021,2024-05,Derbyshire Constabulary,Derbyshire Constabulary,-1.425897,52.899282,On or near Metcalfe Close,E01013477,Derby 025D,Public order,Court result unavailable,,2024-05/2024-05-derbyshire-street.csv,E01013477,E02002820,Derby
5896f3add4874c744f82268dc106a7a60444c9cdaa4964ab19953193de056463,2024-05,Derbyshire Constabulary,Derbyshire Constabulary,-1.446937,52.891921,On or near Ashby Street,E01013504,Derby 026C,Violence and sexual offences,Unable to prosecute suspect,,2024-05/2024-05-derbyshire-street.csv,E01013504,E02002821,Derby
f91a5969aee921844f6ed9ab73a4851408a6e57d3b8194be1bc7e562c4045868,2024-05,Derbyshire Constabulary,Derbyshire Constabulary,-1.446560,52.890004,On or near Jubalton Close,E01013504,Derby 026C,Violence and sexual offences,Unable to prosecute suspect,,2024-05/2024-05-derbyshire-street.csv,E01013504,E02002821,Derby
4cfb0105db2b9e3b05131b21406a830adae7b711d2492344d61f1a2e1bf86494,2024-05,Derbyshire Constabulary,Derbyshire Constabulary,-1.451218,52.889567,On or near A514,E01013504,Derby 026C,Violence and sexual offences,Unable to prosecute suspect,,2024-05/2024-05-derbyshire-street.csv,E01013504,E02002821,Derby
5896f3add4874c744f82268dc106a7a60444c9cdaa4964ab19953193de056463,2024-05,Derbyshire Constabulary,Derbyshire Constabulary,-1.446937,52.891921,On or near Ashby Street,E01013504,Derby 026C,Violence and sexual offences,Status update unavailable,,2024-05/2024-05-derbyshire-street.csv,E01013504,E02002821,Derby
847933518e2138b77dfd71ce56a7731888e92c332770ce3b925c01dbdaa61257,2024-05,Derbyshire Constabulary,Derbyshire Constabulary,-1.467961,52.899847,On or near Elton Road,E01013590,Derby 026E,Violence and sexual offences,Local resolution,,2024-05/2024-05-derbyshire-street.csv,E01013590,E02002821,Derby
a3dd0dddf6a3a9873aeae868f4727fcd8209593d8f2942301e29359bd50cb09d,2024-05,Derbyshire Constabulary,Derbyshire Constabulary,-1.461085,52.901730,On or near Davenport Road,E01013591,Derby 026F,Violence and sexual offences,Unable to prosecute suspect,,2024-05/2024-05-derbyshire-street.csv,E01013591,E02002821,Derby
b8aced3a8bfa457ef37e2063b433b16d4f61c8019dfeb001d9eedf2aadc4b950,2024-05,Derbyshire Constabulary,Derbyshire Constabulary,-1.506568,52.888156,On or near Bowbridge Avenue,E01013494,Derby 027C,Drugs,Status update unavailable,,2024-05/2024-05-derbyshire-street.csv,E01013494,E02002822,Derby
7074ae652a498bb2d8962287b9df4af95837707c8c6db60952360cab6bdda76a,2024-05,Derbyshire Constabulary,Derbyshire Constabulary,-1.501916,52.888155,On or near Marston Close,E01013494,Derby 027C,Violence and sexual offences,Status update unavailable,,2024-05/2024-05-derbyshire-street.csv,E01013494,E02002822,Derby
f91a5969aee921844f6ed9ab73a4851408a6e57d3b8194be1bc7e562c4045868,2024-05,Derbyshire Constabulary,Derbyshire Constabulary,-1.432965,52.885140,On or near Watermeadow Road,E01013499,Derby 028C,Violence and sexual offences,Status update unavailable,,2024-05/2024-05-derbyshire-street.csv,E01013499,E02002823,Derby
582fd711737ec1b64bbf7ded7b0fd24b672a4321ea5ec6dbee7624b1b6564894,2024-05,Derbyshire Constabulary,Derbyshire Constabulary,-1.429281,52.886165,On or near Field Drive,E01013500,Derby 028D,Drugs,Status update unavailable,,2024-05/2024-05-derbyshire-street.csv,E01013500,E02002823,Derby
e74713237631121f20c822cdb2be1f83cd6fbffbeb7b68784ca7e5bc5c20b98b,2024-05,Derbyshire Constabulary,Derbyshire Constabulary,-1.427877,52.884396,On or near Border Crescent,E01013500,Derby 028D,Violence and sexual offences,Status update unavailable,,2024-05/2024-05-derbyshire-street.csv,E01013500,E02002823,Derby
aab8dd0fbb24075d0abb5b6a123b28c850b875ea557c8fb6a492d0ea79b8171f,2024-05,Derbyshire Constabulary,Derbyshire Constabulary,-1.472261,52.894672,On or near Supermarket,E01013584,Derby 029A,Shoplifting,Court result unavailable,,2024-05/2024-05-derbyshire-street.csv,E01013584,E02002824,Derby
847933518e2138b77dfd71ce56a7731888e92c332770ce3b925c01dbdaa61257,2024-05,Derbyshire Constabulary,Derbyshire Constabulary,-1.468274,52.896144,On or near A5111,E01013584,Derby 029A,Violence and sexual offences,Status update unavailable,,2024-05/2024-05-derbyshire-street.csv,E01013584,E02002824,Derby
6fef5a335766944c96865f30f7ed4061d05c144824547de23bde1f9a4ea36979,2024-05,Derbyshire Constabulary,Derbyshire Constabulary,-1.476924,52.886411,On or near Cowper Street,E01013584,Derby 029A,Violence and sexual offences,Status update unavailable,,2024-05/2024-05-derbyshire-street.csv,E01013584,E02002824,Derby
7074ae652a498bb2d8962287b9df4af95837707c8c6db60952360cab6bdda76a,2024-05,Derbyshire Constabulary,Derbyshire Constabulary,-1.487875,52.884023,On or near Grasmere Crescent,E01013585,Derby 029B,Violence and sexual offences,Unable to prosecute suspect,,2024-05/2024-05-derbyshire-street.csv,E01013585,E02002824,Derby
6fef5a335766944c96865f30f7ed4061d05c144824547de23bde1f9a4ea36979,2024-05,Derbyshire Constabulary,Derbyshire Constabulary,-1.492632,52.882587,On or near Athol Close,E01013586,Derby 029C,Violence and sexual offences,Unable to prosecute suspect,,2024-05/2024-05-derbyshire-street.csv,E01013586,E02002824,Derby
4436bd1655f23161137d0fd6f818dcda403cff6b6fcad17cbf2f2e572ee79e79,2024-05,Derbyshire Constabulary,Derbyshire Constabulary,-1.493308,52.874346,On or near Lapwing Close,E01013588,Derby 029E,Violence and sexual offences,Unable to prosecute suspect,,2024-05/2024-05-derbyshire-street.csv,E01013588,E02002824,Derby
5aacefcc4d3f96564958bb6d26144d6956c60810db2741ecc395f002d9a87c41,2024-05,Derbyshire Constabulary,Derbyshire Constabulary,-1.495415,52.875848,On or near Kestrels Croft,E01013588,Derby 029E,Violence and sexual offences,Status update unavailable,,2024-05/2024-05-derbyshire-street.csv,E01013588,E02002824,Derby
f37efefb187197a79e3296ebb842d5e712d95f80f47211cdfcfdda0156b225b8,2024-05,Derbyshire Constabulary,Derbyshire Constabulary,-1.454030,52.883423,On or near Morningside Close,E01013517,Derby 030B,Violence and sexual offences,Unable to prosecute suspect,,2024-05/2024-05-derbyshire-street.csv,E01013517,E02002825,Derby
1596c68af64833e3ec98206960f10156dcb2307b9b00ab10c4cefd8ee5dc9ff4,2024-05,Derbyshire Constabulary,Derbyshire Constabulary,-1.758530,53.007584,On or near Watery Lane,E01019607,Derbyshire Dales 010B,Violence and sexual offences,Unable to prosecute suspect,,2024-05/2024-05-derbyshire-street.csv,E01019607,E02004077,Derbyshire Dales
1596c68af64833e3ec98206960f10156dcb2307b9b00ab10c4cefd8ee5dc9ff4,2024-05,Derbyshire Constabulary,Derbyshire Constabulary,-1.757839,53.008500,On or near Mayfield Road,E01019607,Derbyshire Dales 010B,Violence and sexual offences,Status update unavailable,,2024-05/2024-05-derbyshire-street.csv,E01019607,E02004077,Derbyshire Dales
8be29babcd476c7cde7410ef9b3b978f6fe5cb869c97aac9700ef981aa7b626a,2024-05,Derbyshire Constabulary,Derbyshire Constabulary,-1.595758,52.803039,On or near Dunedin Crescent,E01029468,East Staffordshire 010A,Violence and sexual offences,Status update unavailable,,2024-05/2024-05-derbyshire-street.csv,E01029468,E02006140,East Staffordshire
93e4f0597a322a6ec0d3eb1b5d4183a1dec28065bbf4a3385a72157d39ea593b,2024-05,Derbyshire Constabulary,Derbyshire Constabulary,-1.603035,52.807046,On or near West Street,E01029470,East Staffordshire 010C,Violence and sexual offences,Status update unavailable,,2024-05/2024-05-derbyshire-street.csv,E01029470,E02006140,East Staffordshire
8be29babcd476c7cde7410ef9b3b978f6fe5cb869c97aac9700ef981aa7b626a,2024-05,Derbyshire Constabulary,Derbyshire Constabulary,-1.613671,52.785308,On or near Bretlands Way,E01029452,East Staffordshire 014D,Violence and sexual offences,Status update unavailable,,2024-05/2024-05-derbyshire-street.csv,E01029452,E02006144,East Staffordshire
b0d1617baf5ec1e48f60c3b200f0e2e551ecea19afa330df4f50943f36c49f46,2024-05,Derbyshire Constabulary,Derbyshire Constabulary,-1.630764,52.785552,On or near Kent Road,E01029453,East Staffordshire 014E,Violence and sexual offences,Unable to prosecute suspect,,2024-05/2024-05-derbyshire-street.csv,E01029453,E02006144,East Staffordshire
e5c15c361c6f7f06eee1869f8470e685cadde16f03caf91501f44388be001f87,2024-05,Derbyshire Constabulary,Derbyshire Constabulary,-1.292752,52.893216,On or near Hitchen Road,E01019708,Erewash 011E,Violence and sexual offences,Unable to prosecute suspect,,2024-05/2024-05-derbyshire-street.csv,E01019708,E02004088,Erewash
e5c15c361c6f7f06eee1869f8470e685cadde16f03caf91501f44388be001f87,2024-05,Derbyshire Constabulary,Derbyshire Constabulary,-1.291679,52.892418,On or near Cooke Close,E01019708,Erewash 011E,Violence and sexual offences,Status update unavailable,,2024-05/2024-05-derbyshire-street.csv,E01019708,E02004088,Erewash
ad0ca5c6934927caaf21462c717b5988e302f6489286b1ccb34d30155adeb3ef,2024-05,Derbyshire Constabulary,Derbyshire Constabulary,-1.314368,52.899572,On or near Carlin Close,E01019642,Erewash 013A,Violence and sexual offences,Unable to prosecute suspect,,2024-05/2024-05-derbyshire-street.csv,E01019642,E02004090,Erewash
ad0ca5c6934927caaf21462c717b5988e302f6489286b1ccb34d30155adeb3ef,2024-05,Derbyshire Constabulary,Derbyshire Constabulary,-1.312267,52.899848,On or near Maylands Avenue,E01019643,Erewash 013B,Violence and sexual offences,Status update unavailable,,2024-05/2024-05-derbyshire-street.csv,E01019643,E02004090,Erewash
23db64af9f96c4fdce43522a8c8c08c334da9f36a16a8f2e5c29bc53796b61a8,2024-05,Derbyshire Constabulary,Derbyshire Constabulary,-1.345040,52.893426,On or near Mcneil Grove,E01019654,Erewash 013C,Violence and sexual offences,Status update unavailable,,2024-05/2024-05-derbyshire-street.csv,E01019654,E02004090,Erewash
60757f934c046df66a976495093fa884255d51dec745b399ef86f5fc93961c34,2024-05,Derbyshire Constabulary,Derbyshire Constabulary,-1.275918,52.891901,On or near Nelson Street,E01019676,Erewash 014A,Public order,Status update unavailable,,2024-05/2024-05-derbyshire-street.csv,E01019676,E02004091,Erewash
6c14991a2c8421099e129d350ee42f684dc6e39b8fcfb508cd220b4ef568146f,2024-05,Derbyshire Constabulary,Derbyshire Constabulary,-1.274308,52.893051,On or near St John'S Street,E01019676,Erewash 014A,Shoplifting,Status update unavailable,,2024-05/2024-05-derbyshire-street.csv,E01019676,E02004091,Erewash
6c14991a2c8421099e129d350ee42f684dc6e39b8fcfb508cd220b4ef568146f,2024-05,Derbyshire Constabulary,Derbyshire Constabulary,-1.283776,52.886735,On or near B6540,E01019677,Erewash 014B,Shoplifting,Unable to prosecute suspect,,2024-05/2024-05-derbyshire-street.csv,E01019677,E02004091,Erewash
60757f934c046df66a976495093fa884255d51dec745b399ef86f5fc93961c34,2024-05,Derbyshire Constabulary,Derbyshire Constabulary,-1.273231,52.886365,On or near Vanguard Road,E01019678,Erewash 014C,Public order,Investigation complete; no suspect identified,,2024-05/2024-05-derbyshire-street.csv,E01019678,E02004091,Erewash
b8c114194ee9c031afc3936c0c92ef9153f4d712807a0d9464c295dd1456e420,2024-05,Derbyshire Constabulary,Derbyshire Constabulary,-1.271739,52.884944,On or near Bakewell Road,E01019678,Erewash 014C,Violence and sexual offences,Status update unavailable,,2024-05/2024-05-derbyshire-street.csv,E01019678,E02004091,Erewash
23db64af9f96c4fdce43522a8c8c08c334da9f36a16a8f2e5c29bc53796b61a8,2024-05,Derbyshire Constabulary,Derbyshire Constabulary,-1.285421,52.886115,On or near Tamworth Road,E01019705,Erewash 015D,Violence and sexual offences,Unable to prosecute suspect,,2024-05/2024-05-derbyshire-street.csv,E01019705,E02004092,Erewash
b8c114194ee9c031afc3936c0c92ef9153f4d712807a0d9464c295dd1456e420,2024-05,Derbyshire Constabulary,Derbyshire Constabulary,-1.284147,52.890404,On or near Ash Grove,E01019709,Erewash 015F,Violence and sexual offences,Unable to prosecute suspect,,2024-05/2024-05-derbyshire-street.csv,E01019709,E02004092,Erewash
7b4abed4a56d5fe31aae88922aa6aaca2374d06410eeb2d1753c19fe28ebd5dd,2024-05,Derbyshire Constabulary,Derbyshire Constabulary,-1.275788,52.838133,On or near Kirk Avenue,E01025946,North West Leicestershire 002D,Violence and sexual offences,Unable to prosecute suspect,,2024-05/2024-05-derbyshire-street.csv,E01025946,E02005398,North West Leicestershire
65a23572944d22dc30a7189a8191e0b36fac486c6b2252a8ff4806a4398f009a,2024-05,Derbyshire Constabulary,Derbyshire Constabulary,-1.558546,52.902240,On or near Amber Drive,E01019839,South Derbyshire 001A,Theft from the person,Investigation complete; no suspect identified,,2024-05/2024-05-derbyshire-street.csv,E01019839,E02004118,South Derbyshire
10c23c5b9fde708d495be72c96d850425277935a5b5ed5987fedf9349579ec94,2024-05,Derbyshire Constabulary,Derbyshire Constabulary,-1.590759,52.901025,On or near Heage Lane,E01019839,South Derbyshire 001A,Violence and sexual offences,Unable to prosecute suspect,,2024-05/2024-05-derbyshire-street.csv,E01019839,E02004118,South Derbyshire
10c23c5b9fde708d495be72c96d850425277935a5b5ed5987fedf9349579ec94,2024-05,Derbyshire Constabulary,Derbyshire Constabulary,-1.682928,52.868936,On or near Holme Close,E01019846,South Derbyshire 001C,Violence and sexual offences,Status update unavailable,,2024-05/2024-05-derbyshire-street.csv,E01019846,E02004118,South Derbyshire
d8de4bf9e0946ea6eae8e7ba2e6c11bac94b338837cdbff89e569d8c27784b03,2024-05,Derbyshire Constabulary,Derbyshire Constabulary,-1.507286,52.873300,On or near Silverton Drive,E01019873,South Derbyshire 003A,Violence and sexual offences,Further action is not in the public interest,,2024-05/2024-05-derbyshire-street.csv,E01019873,E02004120,South Derbyshire
8acb218264dcbd1d1e5e3a76da4411e0a71afe62e2b9c5bce5da069379642934,2024-05,Derbyshire Constabulary,Derbyshire Constabulary,-1.502171,52.877584,On or near Rowan Close,E01019875,South Derbyshire 003C,Vehicle crime,Court result unavailable,,2024-05/2024-05-derbyshire-street.csv,E01019875,E02004120,South Derbyshire
5aacefcc4d3f96564958bb6d26144d6956c60810db2741ecc395f002d9a87c41,2024-05,Derbyshire Constabulary,Derbyshire Constabulary,-1.501235,52.876214,On or near Tavistock Close,E01019875,South Derbyshire 003C,Violence and sexual offences,Investigation complete; no suspect identified,,2024-05/2024-05-derbyshire-street.csv,E01019875,E02004120,South Derbyshire
fc319b11849b70a7a46142a9af0f807c709e8e2701207d76e57b0259a1997104,2024-05,Derbyshire Constabulary,Derbyshire Constabulary,-1.411328,52.879587,On or near Netley Road,E01034653,South Derbyshire 004F,Violence and sexual offences,Status update unavailable,,2024-05/2024-05-derbyshire-street.csv,E01034653,E02004121,South Derbyshire
1683599cc161a07d371a8cac93fd1878a83bd56b1a362a2955c74a15a8da0047,2024-05,Derbyshire Constabulary,Derbyshire Constabulary,-1.411328,52.879587,On or near Netley Road,E01034653,South Derbyshire 004F,Violence and sexual offences,Court result unavailable,,2024-05/2024-05-derbyshire-street.csv,E01034653,E02004121,South Derbyshire
fc319b11849b70a7a46142a9af0f807c709e8e2701207d76e57b0259a1997104,2024-05,Derbyshire Constabulary,Derbyshire Constabulary,-1.411365,52.877942,On or near Sandal Close,E01034653,South Derbyshire 004F,Violence and sexual offences,Unable to prosecute suspect,,2024-05/2024-05-derbyshire-street.csv,E01034653,E02004121,South Derbyshire
9de5ae1ee33a8810ead6fd57f53c69603563f7cb2c0f8bfc4c9c1865547c1605,2024-05,Derbyshire Constabulary,Derbyshire Constabulary,-1.429313,52.825909,On or near Beech Avenue,E01019853,South Derbyshire 006B,Other crime,Status update unavailable,,2024-05/2024-05-derbyshire-street.csv,E01019853,E02004123,South Derbyshire
9de5ae1ee33a8810ead6fd57f53c69603563f7cb2c0f8bfc4c9c1865547c1605,2024-05,Derbyshire Constabulary,Derbyshire Constabulary,-1.423709,52.827742,On or near Huntingdon Court,E01019853,South Derbyshire 006B,Other crime,Unable to prosecute suspect,,2024-05/2024-05-derbyshire-street.csv,E01019853,E02004123,South Derbyshire
3548c1b9818273eeb25516b37340dd5e7bfbc65323efaec8ae79bbb47519d46c,2024-05,Derbyshire Constabulary,Derbyshire Constabulary,-1.423969,52.822691,On or near Castle Mills,E01019854,South Derbyshire 006C,Violence and sexual offences,Unable to prosecute suspect,,2024-05/2024-05-derbyshire-street.csv,E01019854,E02004123,South Derbyshire
3548c1b9818273eeb25516b37340dd5e7bfbc65323efaec8ae79bbb47519d46c,2024-05,Derbyshire Constabulary,Derbyshire Constabulary,-1.428401,52.823045,On or near Market Place,E01019854,South Derbyshire 006C,Violence and sexual offences,Status update unavailable,,2024-05/2024-05-derbyshire-street.csv,E01019854,E02004123,South Derbyshire
f8988869d7d19237751d6f4e6c6f8800aa4fe985ad4e3613718281e205b96fbc,2024-05,Derbyshire Constabulary,Derbyshire Constabulary,-1.423994,52.826413,On or near Station Road,E01019854,South Derbyshire 006C,Violence and sexual offences,Status update unavailable,,2024-05/2024-05-derbyshire-street.csv,E01019854,E02004123,South Derbyshire
f8988869d7d19237751d6f4e6c6f8800aa4fe985ad4e3613718281e205b96fbc,2024-05,Derbyshire Constabulary,Derbyshire Constabulary,-1.429231,52.823148,On or near Parking Area,E01019854,South Derbyshire 006C,Violence and sexual offences,Unable to prosecute suspect,,2024-05/2024-05-derbyshire-street.csv,E01019854,E02004123,South Derbyshire
ce7eeb7e0b18fcedd7527f4adf9f14fc9594421881009acc01613b27cecdef88,2024-05,Derbyshire Constabulary,Derbyshire Constabulary,-1.428401,52.823045,On or near Market Place,E01019854,South Derbyshire 006C,Violence and sexual offences,Local resolution,,2024-05/2024-05-derbyshire-street.csv,E01019854,E02004123,South Derbyshire
ce7eeb7e0b18fcedd7527f4adf9f14fc9594421881009acc01613b27cecdef88,2024-05,Derbyshire Constabulary,Derbyshire Constabulary,-1.432966,52.822375,On or near Selina Street,E01019854,South Derbyshire 006C,Violence and sexual offences,Status update unavailable,,2024-05/2024-05-derbyshire-street.csv,E01019854,E02004123,South Derbyshire
3ceae4107757bdf6c7a74f727e535d85361a36a323a363e53dc7a24c70cb6d87,2024-05,Derbyshire Constabulary,Derbyshire Constabulary,-1.561203,52.783337,On or near Maple Road,E01019858,South Derbyshire 007D,Other crime,Status update unavailable,,2024-05/2024-05-derbyshire-street.csv,E01019858,E02004124,South Derbyshire
57571a764d0dc914ac29050b6b299667a87f2600e7982db5226f5f931c583021,2024-05,Derbyshire Constabulary,Derbyshire Constabulary,-1.564178,52.780840,On or near Dalston Road,E01019863,South Derbyshire 008D,Violence and sexual offences,Status update unavailable,,2024-05/2024-05-derbyshire-street.csv,E01019863,E02004125,South Derbyshire
8909b6c42b640f4312c65931c0ac5fc0da849dcc209f5632457dfe48fcbb573c,2024-05,Derbyshire Constabulary,Derbyshire Constabulary,-1.578405,52.776756,On or near Parking Area,E01019864,South Derbyshire 008E,Violence and sexual offences,Status update unavailable,,2024-05/2024-05-derbyshire-street.csv,E01019864,E02004125,South Derbyshire
44a5b94c586ab2d59bd86b67408ca7542a6ae0e94ae2f3c777c094598793fa6c,2024-05,Derbyshire Constabulary,Derbyshire Constabulary,-1.558514,52.777925,On or near Dominion Road,E01019876,South Derbyshire 009A,Violence and sexual offences,Unable to prosecute suspect,,2024-05/2024-05-derbyshire-street.csv,E01019876,E02004126,South Derbyshire
44a5b94c586ab2d59bd86b67408ca7542a6ae0e94ae2f3c777c094598793fa6c,2024-05,Derbyshire Constabulary,Derbyshire Constabulary,-1.556694,52.779059,On or near Newhall Road,E01019876,South Derbyshire 009A,Violence and sexual offences,Status update unavailable,,2024-05/2024-05-derbyshire-street.csv,E01019876,E02004126,South Derbyshire
64ff18368ab3ac6746d3f304707e572219de2152226b31c7e2d9e1c464bdc0a6,2024-05,Derbyshire Constabulary,Derbyshire Constabulary,-1.559294,52.778521,On or near Nelson Street,E01019876,South Derbyshire 009A,Violence and sexual offences,Status update unavailable,,2024-05/2024-05-derbyshire-street.csv,E01019876,E02004126,South Derbyshire
8909b6c42b640f4312c65931c0ac5fc0da849dcc209f5632457dfe48fcbb573c,2024-05,Derbyshire Constabulary,Derbyshire Constabulary,-1.556647,52.770537,On or near Alleyne Close,E01019877,South Derbyshire 009B,Violence and sexual offences,Formal action is not in the public interest,,2024-05/2024-05-derbyshire-street.csv,E01019877,E02004126,South Derbyshire
64ff18368ab3ac6746d3f304707e572219de2152226b31c7e2d9e1c464bdc0a6,2024-05,Derbyshire Constabulary,Derbyshire Constabulary,-1.558774,52.769880,On or near Highfield Street,E01019877,South Derbyshire 009B,Violence and sexual offences,Unable to prosecute suspect,,2024-05/2024-05-derbyshire-street.csv,E01019877,E02004126,South Derbyshire
57571a764d0dc914ac29050b6b299667a87f2600e7982db5226f5f931c583021,2024-05,Derbyshire Constabulary,Derbyshire Constabulary,-1.555601,52.772889,On or near Ernest Hall Way,E01019877,South Derbyshire 009B,Violence and sexual offences,Unable to prosecute suspect,,2024-05/2024-05-derbyshire-street.csv,E01019877,E02004126,South Derbyshire
b0d1617baf5ec1e48f60c3b200f0e2e551ecea19afa330df4f50943f36c49f46,2024-05,Derbyshire Constabulary,Derbyshire Constabulary,-1.560913,52.770886,On or near Stanhope Road,E01019878,South Derbyshire 009C,Violence and sexual offences,Status update unavailable,,2024-05/2024-05-derbyshire-street.csv,E01019878,E02004126,South Derbyshire
aab8dd0fbb24075d0abb5b6a123b28c850b875ea557c8fb6a492d0ea79b8171f,2024-05,Derbyshire Constabulary,Derbyshire Constabulary,-1.564638,52.773345,On or near Supermarket,E01019879,South Derbyshire 009D,Shoplifting,Status update unavailable,,2024-05/2024-05-derbyshire-street.csv,E01019879,E02004126,South Derbyshire
8be29babcd476c7cde7410ef9b3b978f6fe5cb869c97aac9700ef981aa7b626a,2024-05,Derbyshire Constabulary,Derbyshire Constabulary,-1.635300,52.778608,On or near Walton Road,E01019850,South Derbyshire 011A,Violence and sexual offences,Investigation complete; no suspect identified,,2024-05/2024-05-derbyshire-street.csv,E01019850,E02004128,South Derbyshire
e1eec55e107d52347de58abd562d42dddef31888305cbdd78b3ccf50a91a4c6a,2024-05,Derbyshire Constabulary,Derbyshire Constabulary,-1.554351,52.769036,On or near Coppice Side,E01019837,South Derbyshire 012A,Violence and sexual offences,Status update unavailable,,2024-05/2024-05-derbyshire-street.csv,E01019837,E02006919,South Derbyshire
82959e4025dfe828d47b0d38263584d305ee52a8bf1527e48d4e9530ee39d5bd,2024-05,Derbyshire Constabulary,Derbyshire Constabulary,-1.559833,52.761856,On or near Bob Southern Grove,E01019837,South Derbyshire 012A,Violence and sexual offences,Unable to prosecute suspect,,2024-05/2024-05-derbyshire-street.csv,E01019837,E02006919,South Derbyshire
82959e4025dfe828d47b0d38263584d305ee52a8bf1527e48d4e9530ee39d5bd,2024-05,Derbyshire Constabulary,Derbyshire Constabulary,-1.564700,52.762692,On or near The Holdings,E01019838,South Derbyshire 012B,Violence and sexual offences,Status update unavailable,,2024-05/2024-05-derbyshire-street.csv,E01019838,E02006919,South Derbyshire
93e4f0597a322a6ec0d3eb1b5d4183a1dec28065bbf4a3385a72157d39ea593b,2024-05,Derbyshire Constabulary,Derbyshire Constabulary,-1.537517,52.770087,On or near Rose Hill,E01033536,South Derbyshire 012D,Violence and sexual offences,Status update unavailable,,2024-05/2024-05-derbyshire-street.csv,E01033536,E02006919,South Derbyshire
919aeb78d45931970cf1cd000974571df5edfd917096011d47f3aef19bddb6f4,2024-05,Derbyshire Constabulary,Derbyshire Constabulary,-1.579989,52.763197,On or near Salford Way,E01034654,South Derbyshire 012F,Violence and sexual offences,Offender given a caution,,2024-05/2024-05-derbyshire-street.csv,E01034654,E02006919,South Derbyshire
919aeb78d45931970cf1cd000974571df5edfd917096011d47f3aef19bddb6f4,2024-05,Derbyshire Constabulary,Derbyshire Constabulary,-1.578226,52.760035,On or near Stirling Close,E01034655,South Derbyshire 012G,Violence and sexual offences,Status update unavailable,,2024-05/2024-05-derbyshire-street.csv,E01034655,E02006919,South Derbyshire
3ceae4107757bdf6c7a74f727e535d85361a36a323a363e53dc7a24c70cb6d87,2024-05,Derbyshire Constabulary,Derbyshire Constabulary,-1.524862,52.773911,On or near Goseley Crescent,E01019842,South Derbyshire 013A,Other crime,Unable to prosecute suspect,,2024-05/2024-05-derbyshire-street.csv,E01019842,E02006920,South Derbyshire
de43a574b70c5465f0d561a757baaf0c456d79571fdf51c43163a585fb1ec2f2,2024-05,Derbyshire Constabulary,Derbyshire Constabulary,-1.534868,52.773843,On or near Sorrel Drive,E01033535,South Derbyshire 013D,Violence and sexual offences,Unable to prosecute suspect,,2024-05/2024-05-derbyshire-street.csv,E01033535,E02006920,South Derbyshire
de43a574b70c5465f0d561a757baaf0c456d79571fdf51c43163a585fb1ec2f2,2024-05,Derbyshire Constabulary,Derbyshire Constabulary,-1.532572,52.775155,On or near Thistle Close,E01033535,South Derbyshire 013D,Violence and sexual offences,Status update unavailable,,2024-05/2024-05-derbyshire-street.csv,E01033535,E02006920,South Derbyshire
26991e15bb6bb5c04610df407ab4a65914df1eeeb973d3c6bc8d837e180c2c9e,2024-06,Derbyshire Constabulary,Derbyshire Constabulary,-1.918912,52.545966,On or near Nova Court,E01009243,Birmingham 016B,Violence and sexual offences,Status update unavailable,,2024-06/2024-06-derbyshire-street.csv,E01009243,E02001842,Birmingham
c69792750340c7a5b32d673942dbcbada0b6a79b50a002376c71816240136084,2024-06,Derbyshire Constabulary,Derbyshire Constabulary,-1.394957,52.914492,On or near Wensley Drive,E01013598,Derby 014D,Violence and sexual offences,Status update unavailable,,2024-06/2024-06-derbyshire-street.csv,E01013598,E02002809,Derby
91c3623c0617b58f14a4737a538e8785a15448e5c11f44b4e4ae9aa5fc0dca5d,2024-06,Derbyshire Constabulary,Derbyshire Constabulary,-1.513099,52.910072,On or near Hospital,E01013542,Derby 017C,Criminal damage and arson,Status update unavailable,,2024-06/2024-06-derbyshire-street.csv,E01013542,E02002812,Derby
fb3e6ac682c01ee3ca58ed2a3f7ef30620f0d995a0b40209f8644081818730d6,2024-06,Derbyshire Constabulary,Derbyshire Constabulary,-1.476460,52.906438,On or near Yates Street,E01013484,Derby 018C,Violence and sexual offences,Status update unavailable,,2024-06/2024-06-derbyshire-street.csv,E01013484,E02002813,Derby
f1ed229647c1794c83b6b247b3ced8739161484cf337ede4a0c3ea14a1035651,2024-06,Derbyshire Constabulary,Derbyshire Constabulary,-1.475932,52.903298,On or near Rutland Street,E01013487,Derby 018E,Violence and sexual offences,Status update unavailable,,2024-06/2024-06-derbyshire-street.csv,E01013487,E02002813,Derby
6bec94288d990934f79370922b6d9427588a21b6e4d19302d3481b95a802d6e2,2024-06,Derbyshire Constabulary,Derbyshire Constabulary,-1.468117,52.921696,On or near Sports/Recreation Area,E01033166,Derby 018F,Drugs,Status update unavailable,,2024-06/2024-06-derbyshire-street.csv,E01033166,E02002813,Derby
82a394a6ed4cc9c7cd7513705ec9a79b25ddf0742e1b616c0f129330ba680a91,2024-06,Derbyshire Constabulary,Derbyshire Constabulary,-1.469807,52.914274,On or near Litchurch Street,E01033166,Derby 018F,Violence and sexual offences,Status update unavailable,,2024-06/2024-06-derbyshire-street.csv,E01033166,E02002813,Derby
6bec94288d990934f79370922b6d9427588a21b6e4d19302d3481b95a802d6e2,2024-06,Derbyshire Constabulary,Derbyshire Constabulary,-1.465525,52.915387,On or near Midland Road,E01033167,Derby 018G,Drugs,Formal action is not in the public interest,,2024-06/2024-06-derbyshire-street.csv,E01033167,E02002813,Derby
554a8e2e55d8b7cc3bfd9438aa02903832fb7f991692c458a86666746181e318,2024-06,Derbyshire Constabulary,Derbyshire Constabulary,-1.467665,52.908286,On or near Tintagel Close,E01033167,Derby 018G,Violence and sexual offences,Unable to prosecute suspect,,2024-06/2024-06-derbyshire-street.csv,E01033167,E02002813,Derby
f1ed229647c1794c83b6b247b3ced8739161484cf337ede4a0c3ea14a1035651,2024-06,Derbyshire Constabulary,Derbyshire Constabulary,-1.472856,52.898304,On or near Sports/Recreation Area,E01013569,Derby 020D,Violence and sexual offences,Unable to prosecute suspect,,2024-06/2024-06-derbyshire-street.csv,E01013569,E02002815,Derby
1a9487066279681839dc1e409359cfc6b47adf6843f451879c0598cda4009db2,2024-06,Derbyshire Constabulary,Derbyshire Constabulary,-1.512332,52.892324,On or near Farmlands Lane,E01013490,Derby 022C,Violence and sexual offences,Status update unavailable,,2024-06/2024-06-derbyshire-street.csv,E01013490,E02002817,Derby
fa2f1b4f3e814825b7b83815d4dfdc864d3be02810c2af95d88659fcc6c4cd14,2024-06,Derbyshire Constabulary,Derbyshire Constabulary,-1.476183,52.898562,On or near Bethulie Road,E01013571,Derby 023B,Violence and sexual offences,Unable to prosecute suspect,,2024-06/2024-06-derbyshire-street.csv,E01013571,E02002818,Derby
fa2f1b4f3e814825b7b83815d4dfdc864d3be02810c2af95d88659fcc6c4cd14,2024-06,Derbyshire Constabulary,Derbyshire Constabulary,-1.478874,52.898511,On or near Balaclava Road,E01013571,Derby 023B,Violence and sexual offences,Status update unavailable,,2024-06/2024-06-derbyshire-street.csv,E01013571,E02002818,Derby
7401f5fe8d397784652db19bb57fcf55b36f14fefb1aef0a1c53c808a6d3b553,2024-06,Derbyshire Constabulary,Derbyshire Constabulary,-1.488293,52.892699,On or near Coleridge Street,E01013573,Derby 023D,Violence and sexual offences,Status update unavailable,,2024-06/2024-06-derbyshire-street.csv,E01013573,E02002818,Derby
da71341ddf86bb7a3673918db5819a97911ce738868f10d15c6ceab4a467d3f8,2024-06,Derbyshire Constabulary,Derbyshire Constabulary,-1.418416,52.897313,On or near Glastonbury Road,E01013470,Derby 024A,Violence and sexual offences,Unable to prosecute suspect,,2024-06/2024-06-derbyshire-street.csv,E01013470,E02002819,Derby
d4b56cac662a23088b0a3aa2891cfca9b3fd2aa55cb6346935c75366fc6004bd,2024-06,Derbyshire Constabulary,Derbyshire Constabulary,-1.445816,52.907557,On or near Java Court,E01033171,Derby 024E,Violence and sexual offences,Status update unavailable,,2024-06/2024-06-derbyshire-street.csv,E01033171,E02002819,Derby
fd4641f5e3e6e31db6dc8bf9241deab5a246e86d26a4aa65da46c1462bf8204c,2024-06,Derbyshire Constabulary,Derbyshire Constabulary,-1.436057,52.905660,On or near Parking Area,E01033171,Derby 024E,Violence and sexual offences,Investigation complete; no suspect identified,,2024-06/2024-06-derbyshire-street.csv,E01033171,E02002819,Derby
fd4641f5e3e6e31db6dc8bf9241deab5a246e86d26a4aa65da46c1462bf8204c,2024-06,Derbyshire Constabulary,Derbyshire Constabulary,-1.439308,52.906097,On or near Parking Area,E01033171,Derby 024E,Violence and sexual offences,Status update unavailable,,2024-06/2024-06-derbyshire-street.csv,E01033171,E02002819,Derby
83e19a0870aae9fe8e107bae7a0015d8fd359474ba8810d73ba669bba8bbe3ca,2024-06,Derbyshire Constabulary,Derbyshire Constabulary,-1.450600,52.906725,On or near Gloster Street,E01033172,Derby 024F,Violence and sexual offences,Unable to prosecute suspect,,2024-06/2024-06-derbyshire-street.csv,E01033172,E02002819,Derby
83e19a0870aae9fe8e107bae7a0015d8fd359474ba8810d73ba669bba8bbe3ca,2024-06,Derbyshire Constabulary,Derbyshire Constabulary,-1.460542,52.916931,On or near Further/Higher Educational Building,E01033172,Derby 024F,Violence and sexual offences,Status update unavailable,,2024-06/2024-06-derbyshire-street.csv,E01033172,E02002819,Derby
1836eaa09fc2686497cde656cbe80eaa6e90b6c85e44594102711400cd858078,2024-06,Derbyshire Constabulary,Derbyshire Constabulary,-1.448146,52.905626,On or near Rugby Street,E01033172,Derby 024F,Violence and sexual offences,Unable to prosecute suspect,,2024-06/2024-06-derbyshire-street.csv,E01033172,E02002819,Derby
1836eaa09fc2686497cde656cbe80eaa6e90b6c85e44594102711400cd858078,2024-06,Derbyshire Constabulary,Derbyshire Constabulary,-1.453267,52.906306,On or near Ellesmere Avenue,E01033172,Derby 024F,Violence and sexual offences,Status update unavailable,,2024-06/2024-06-derbyshire-street.csv,E01033172,E02002819,Derby
c69792750340c7a5b32d673942dbcbada0b6a79b50a002376c71816240136084,2024-06,Derbyshire Constabulary,Derbyshire Constabulary,-1.438759,52.899047,On or near Brighton Road,E01013471,Derby 025A,Violence and sexual offences,Action to be taken by another organisation,,2024-06/2024-06-derbyshire-street.csv,E01013471,E02002820,Derby
94185ef26b32880571648a6528ad5b2fb3e44e4b6f735ed90ebb65fdbe266555,2024-06,Derbyshire Constabulary,Derbyshire Constabulary,-1.425897,52.899282,On or near Metcalfe Close,E01013477,Derby 025D,Violence and sexual offences,Status update unavailable,,2024-06/2024-06-derbyshire-street.csv,E01013477,E02002820,Derby
94185ef26b32880571648a6528ad5b2fb3e44e4b6f735ed90ebb65fdbe266555,2024-06,Derbyshire Constabulary,Derbyshire Constabulary,-1.433023,52.900018,On or near Hollis Street,E01013477,Derby 025D,Violence and sexual offences,Court result unavailable,,2024-06/2024-06-derbyshire-street.csv,E01013477,E02002820,Derby
91c3623c0617b58f14a4737a538e8785a15448e5c11f44b4e4ae9aa5fc0dca5d,2024-06,Derbyshire Constabulary,Derbyshire Constabulary,-1.433382,52.893017,On or near Hawtrey Gardens,E01013502,Derby 025E,Criminal damage and arson,Unable to prosecute suspect,,2024-06/2024-06-derbyshire-street.csv,E01013502,E02002820,Derby
bb29fd3d2e663d9eecdbd25e2552e396163919ccb6002190fba0850b69bc3f7b,2024-06,Derbyshire Constabulary,Derbyshire Constabulary,-1.434007,52.891869,On or near Rosedale Avenue,E01013502,Derby 025E,Violence and sexual offences,Court result unavailable,,2024-06/2024-06-derbyshire-street.csv,E01013502,E02002820,Derby
bb29fd3d2e663d9eecdbd25e2552e396163919ccb6002190fba0850b69bc3f7b,2024-06,Derbyshire Constabulary,Derbyshire Constabulary,-1.440616,52.889950,On or near Bracken'S Lane,E01013503,Derby 025F,Violence and sexual offences,Status update unavailable,,2024-06/2024-06-derbyshire-street.csv,E01013503,E02002820,Derby
b2811d6d59829a70307e4e24b1082d9325e15a78facf668ff9e9a6e3ae26833b,2024-06,Derbyshire Constabulary,Derbyshire Constabulary,-1.448588,52.885987,On or near Chadwick Avenue,E01013497,Derby 026B,Violence and sexual offences,Unable to prosecute suspect,,2024-06/2024-06-derbyshire-street.csv,E01013497,E02002821,Derby
b2811d6d59829a70307e4e24b1082d9325e15a78facf668ff9e9a6e3ae26833b,2024-06,Derbyshire Constabulary,Derbyshire Constabulary,-1.451218,52.889567,On or near A514,E01013504,Derby 026C,Violence and sexual offences,Status update unavailable,,2024-06/2024-06-derbyshire-street.csv,E01013504,E02002821,Derby
8b6d75cee8a05b82ac5ceebb679a90d032184d53901b5a158768a275db770330,2024-06,Derbyshire Constabulary,Derbyshire Constabulary,-1.455212,52.892220,On or near Peveril Street,E01013583,Derby 026D,Violence and sexual offences,Status update unavailable,,2024-06/2024-06-derbyshire-street.csv,E01013583,E02002821,Derby
8efff6d0feea4208d906706ebbfe9450982f065c9ecec060e7534acfc205e9c6,2024-06,Derbyshire Constabulary,Derbyshire Constabulary,-1.458449,52.898491,On or near Ashwood Close,E01013591,Derby 026F,Violence and sexual offences,Unable to prosecute suspect,,2024-06/2024-06-derbyshire-street.csv,E01013591,E02002821,Derby
d4b56cac662a23088b0a3aa2891cfca9b3fd2aa55cb6346935c75366fc6004bd,2024-06,Derbyshire Constabulary,Derbyshire Constabulary,-1.458449,52.898491,On or near Ashwood Close,E01013591,Derby 026F,Violence and sexual offences,Unable to prosecute suspect,,2024-06/2024-06-derbyshire-street.csv,E01013591,E02002821,Derby
63dff3019237899da9bca1a9d5ba6b7a29f3322407f0a6f433d6c31969384ee2,2024-06,Derbyshire Constabulary,Derbyshire Constabulary,-1.463687,52.896834,On or near Walnut Street,E01013591,Derby 026F,Violence and sexual offences,Action to be taken by another organisation,,2024-06/2024-06-derbyshire-street.csv,E01013591,E02002821,Derby
39a3a5948848a35bdf0bb14f4dda293902f711a751f57e512f21e83940526826,2024-06,Derbyshire Constabulary,Derbyshire Constabulary,-1.493718,52.886385,On or near Dewchurch Drive,E01013495,Derby 027D,Violence and sexual offences,Status update unavailable,,2024-06/2024-06-derbyshire-street.csv,E01013495,E02002822,Derby
48e00063e63c2315b2da070cf94318985d6c72685132663d3e064f8422ebb27e,2024-06,Derbyshire Constabulary,Derbyshire Constabulary,-1.435350,52.886859,On or near Dartford Place,E01013499,Derby 028C,Criminal damage and arson,Status update unavailable,,2024-06/2024-06-derbyshire-street.csv,E01013499,E02002823,Derby
48e00063e63c2315b2da070cf94318985d6c72685132663d3e064f8422ebb27e,2024-06,Derbyshire Constabulary,Derbyshire Constabulary,-1.435350,52.886859,On or near Dartford Place,E01013499,Derby 028C,Public order,Investigation complete; no suspect identified,,2024-06/2024-06-derbyshire-street.csv,E01013499,E02002823,Derby
479b10bf80fc13b8d6ba574bac4fb17f9d35855f66aa2435805fa1621f1c5e20,2024-06,Derbyshire Constabulary,Derbyshire Constabulary,-1.441593,52.883311,On or near Harlow Close,E01013499,Derby 028C,Public order,Status update unavailable,,2024-06/2024-06-derbyshire-street.csv,E01013499,E02002823,Derby
31bb8c199b939f419393b5612f7b2b5254f2a168d490fd73efe908e0d1136b68,2024-06,Derbyshire Constabulary,Derbyshire Constabulary,-1.438794,52.888296,On or near Brackens Avenue,E01013499,Derby 028C,Public order,Status update unavailable,,2024-06/2024-06-derbyshire-street.csv,E01013499,E02002823,Derby
8efff6d0feea4208d906706ebbfe9450982f065c9ecec060e7534acfc205e9c6,2024-06,Derbyshire Constabulary,Derbyshire Constabulary,-1.439059,52.885061,On or near Stevenage Close,E01013499,Derby 028C,Violence and sexual offences,Status update unavailable,,2024-06/2024-06-derbyshire-street.csv,E01013499,E02002823,Derby
2c2c778e696da9e97786a3bcd7ab94e056238de04e12bae6582e68622c7b11cb,2024-06,Derbyshire Constabulary,Derbyshire Constabulary,-1.441593,52.883311,On or near Harlow Close,E01013499,Derby 028C,Violence and sexual offences,Status update unavailable,,2024-06/2024-06-derbyshire-street.csv,E01013499,E02002823,Derby
63dff3019237899da9bca1a9d5ba6b7a29f3322407f0a6f433d6c31969384ee2,2024-06,Derbyshire Constabulary,Derbyshire Constabulary,-1.441593,52.883311,On or near Harlow Close,E01013499,Derby 028C,Violence and sexual offences,Status update unavailable,,2024-06/2024-06-derbyshire-street.csv,E01013499,E02002823,Derby
2c2c778e696da9e97786a3bcd7ab94e056238de04e12bae6582e68622c7b11cb,2024-06,Derbyshire Constabulary,Derbyshire Constabulary,-1.441637,52.884525,On or near Aycliffe Gardens,E01013499,Derby 028C,Violence and sexual offences,Unable to prosecute suspect,,2024-06/2024-06-derbyshire-street.csv,E01013499,E02002823,Derby
da71341ddf86bb7a3673918db5819a97911ce738868f10d15c6ceab4a467d3f8,2024-06,Derbyshire Constabulary,Derbyshire Constabulary,-1.425960,52.893386,On or near Courtland Gardens,E01013501,Derby 028E,Violence and sexual offences,Status update unavailable,,2024-06/2024-06-derbyshire-street.csv,E01013501,E02002823,Derby
17ae12851cd10061e9429552c53207004704815cefb5d51636dcc5c32c4d03e6,2024-06,Derbyshire Constabulary,Derbyshire Constabulary,-1.476924,52.886411,On or near Cowper Street,E01013584,Derby 029A,Violence and sexual offences,Status update unavailable,,2024-06/2024-06-derbyshire-street.csv,E01013584,E02002824,Derby
17ae12851cd10061e9429552c53207004704815cefb5d51636dcc5c32c4d03e6,2024-06,Derbyshire Constabulary,Derbyshire Constabulary,-1.481301,52.885747,On or near Shakespeare Street,E01013585,Derby 029B,Violence and sexual offences,Investigation complete; no suspect identified,,2024-06/2024-06-derbyshire-street.csv,E01013585,E02002824,Derby
6ef2f8b84f9b6bff4136d033e5854d1f9d2e4dd9679dc6bddb817c2d2215bab1,2024-06,Derbyshire Constabulary,Derbyshire Constabulary,-1.486893,52.885349,On or near Petrol Station,E01013585,Derby 029B,Violence and sexual offences,Status update unavailable,,2024-06/2024-06-derbyshire-street.csv,E01013585,E02002824,Derby
39a3a5948848a35bdf0bb14f4dda293902f711a751f57e512f21e83940526826,2024-06,Derbyshire Constabulary,Derbyshire Constabulary,-1.498429,52.881236,On or near Merlin Green,E01013586,Derby 029C,Violence and sexual offences,Unable to prosecute suspect,,2024-06/2024-06-derbyshire-street.csv,E01013586,E02002824,Derby
1a9487066279681839dc1e409359cfc6b47adf6843f451879c0598cda4009db2,2024-06,Derbyshire Constabulary,Derbyshire Constabulary,-1.496875,52.880672,On or near Curlew Close,E01013586,Derby 029C,Violence and sexual offences,Investigation complete; no suspect identified,,2024-06/2024-06-derbyshire-street.csv,E01013586,E02002824,Derby
c093ec2adc073f806b22fa8ecdfce13e09c63a0f1848c9034ada8b530269735a,2024-06,Derbyshire Constabulary,Derbyshire Constabulary,-1.486235,52.881975,On or near Links Close,E01013587,Derby 029D,Violence and sexual offences,Unable to prosecute suspect,,2024-06/2024-06-derbyshire-street.csv,E01013587,E02002824,Derby
6ef2f8b84f9b6bff4136d033e5854d1f9d2e4dd9679dc6bddb817c2d2215bab1,2024-06,Derbyshire Constabulary,Derbyshire Constabulary,-1.486235,52.881975,On or near Links Close,E01013587,Derby 029D,Violence and sexual offences,Action to be taken by another organisation,,2024-06/2024-06-derbyshire-street.csv,E01013587,E02002824,Derby
c093ec2adc073f806b22fa8ecdfce13e09c63a0f1848c9034ada8b530269735a,2024-06,Derbyshire Constabulary,Derbyshire Constabulary,-1.486259,52.873678,On or near Coltsfoot Drive,E01013589,Derby 029F,Violence and sexual offences,Status update unavailable,,2024-06/2024-06-derbyshire-street.csv,E01013589,E02002824,Derby
ec8fc8b2c650e36e77ff925a9975d4623484ae1968f7b99c93b42f5a4ad30cce,2024-06,Derbyshire Constabulary,Derbyshire Constabulary,-1.455907,52.879485,On or near Whitehouse Close,E01013517,Derby 030B,Violence and sexual offences,Status update unavailable,,2024-06/2024-06-derbyshire-street.csv,E01013517,E02002825,Derby
8b6d75cee8a05b82ac5ceebb679a90d032184d53901b5a158768a275db770330,2024-06,Derbyshire Constabulary,Derbyshire Constabulary,-1.449735,52.881048,On or near Carlton Gardens,E01013517,Derby 030B,Violence and sexual offences,Unable to prosecute suspect,,2024-06/2024-06-derbyshire-street.csv,E01013517,E02002825,Derby
2a17d866f33b7316454ea36b00dfe8437daad182490d2ffb147893ea1e944255,2024-06,Derbyshire Constabulary,Derbyshire Constabulary,-1.445696,52.871518,On or near Alonso Close,E01033170,Derby 030G,Violence and sexual offences,Status update unavailable,,2024-06/2024-06-derbyshire-street.csv,E01033170,E02002825,Derby
ec8fc8b2c650e36e77ff925a9975d4623484ae1968f7b99c93b42f5a4ad30cce,2024-06,Derbyshire Constabulary,Derbyshire Constabulary,-1.430701,52.866233,On or near Parkland Drive,E01013514,Derby 031A,Violence and sexual offences,Unable to prosecute suspect,,2024-06/2024-06-derbyshire-street.csv,E01013514,E02002826,Derby
2a17d866f33b7316454ea36b00dfe8437daad182490d2ffb147893ea1e944255,2024-06,Derbyshire Constabulary,Derbyshire Constabulary,-1.437301,52.868152,On or near Barley Croft,E01013515,Derby 031B,Violence and sexual offences,Unable to prosecute suspect,,2024-06/2024-06-derbyshire-street.csv,E01013515,E02002826,Derby
82a394a6ed4cc9c7cd7513705ec9a79b25ddf0742e1b616c0f129330ba680a91,2024-06,Derbyshire Constabulary,Derbyshire Constabulary,-1.431203,52.873238,On or near Little Meadow Road,E01013519,Derby 031C,Violence and sexual offences,Unable to prosecute suspect,,2024-06/2024-06-derbyshire-street.csv,E01013519,E02002826,Derby
099f307ba9c9437a4f8a5d9bc4c8a1c147ad8f8532a9684a356f02a378331566,2024-06,Derbyshire Constabulary,Derbyshire Constabulary,-1.301232,52.898282,On or near Derby Road,E01019641,Erewash 011A,Violence and sexual offences,Status update unavailable,,2024-06/2024-06-derbyshire-street.csv,E01019641,E02004088,Erewash
c142f9742cba57fa6b9698501ee9c5a4edfc8a277249ebde048612775fe1d86d,2024-06,Derbyshire Constabulary,Derbyshire Constabulary,-1.331238,52.897799,On or near Gregory Avenue,E01019642,Erewash 013A,Violence and sexual offences,Status update unavailable,,2024-06/2024-06-derbyshire-street.csv,E01019642,E02004090,Erewash
c142f9742cba57fa6b9698501ee9c5a4edfc8a277249ebde048612775fe1d86d,2024-06,Derbyshire Constabulary,Derbyshire Constabulary,-1.258281,52.891540,On or near Meadow Lane,E01019681,Erewash 014E,Violence and sexual offences,Unable to prosecute suspect,,2024-06/2024-06-derbyshire-street.csv,E01019681,E02004091,Erewash
881777f6395456e61ef56eb9b00c1d3e1f22efce8bb437814f249b9ad7dc2f40,2024-06,Derbyshire Constabulary,Derbyshire Constabulary,-1.288244,52.879821,On or near Spire View,E01019700,Erewash 015C,Violence and sexual offences,Status update unavailable,,2024-06/2024-06-derbyshire-street.csv,E01019700,E02004092,Erewash
7f4f65e36f04799d331f503bb9eb4b97503edb981e20a76058e9ece5b1a8b348,2024-06,Derbyshire Constabulary,Derbyshire Constabulary,-1.297729,52.887789,On or near Deepdale Road,E01019706,Erewash 015E,Violence and sexual offences,Status update unavailable,,2024-06/2024-06-derbyshire-street.csv,E01019706,E02004092,Erewash
7f4f65e36f04799d331f503bb9eb4b97503edb981e20a76058e9ece5b1a8b348,2024-06,Derbyshire Constabulary,Derbyshire Constabulary,-1.281572,52.890641,On or near Sawmand Close,E01019709,Erewash 015F,Violence and sexual offences,Local resolution,,2024-06/2024-06-derbyshire-street.csv,E01019709,E02004092,Erewash
099f307ba9c9437a4f8a5d9bc4c8a1c147ad8f8532a9684a356f02a378331566,2024-06,Derbyshire Constabulary,Derbyshire Constabulary,-1.281070,52.889541,On or near Clarence Road,E01019709,Erewash 015F,Violence and sexual offences,Status update unavailable,,2024-06/2024-06-derbyshire-street.csv,E01019709,E02004092,Erewash
9670520b533f99e940e44ee1ab328823d11292732d017d435b77c01dad97da8e,2024-06,Derbyshire Constabulary,Derbyshire Constabulary,-1.304758,52.700854,On or near Browns Blue Close,E01025871,Hinckley and Bosworth 001D,Violence and sexual offences,Status update unavailable,,2024-06/2024-06-derbyshire-street.csv,E01025871,E02005377,Hinckley and Bosworth
9670520b533f99e940e44ee1ab328823d11292732d017d435b77c01dad97da8e,2024-06,Derbyshire Constabulary,Derbyshire Constabulary,-1.338510,52.628580,On or near Bramble Drive,E01025872,Hinckley and Bosworth 005A,Violence and sexual offences,Unable to prosecute suspect,,2024-06/2024-06-derbyshire-street.csv,E01025872,E02005381,Hinckley and Bosworth
cbca6a443feeb83e5e9c664c46e6e9b65b0ebbed7b45a6fd3527f282a475eca1,2024-06,Derbyshire Constabulary,Derbyshire Constabulary,-1.561936,52.894836,On or near Lark Hill,E01019839,South Derbyshire 001A,Violence and sexual offences,Unable to prosecute suspect,,2024-06/2024-06-derbyshire-street.csv,E01019839,E02004118,South Derbyshire
8790d05ffc904fc4c7213b4116eb468114ff25110ba303d6c712e86b3cbbeeb0,2024-06,Derbyshire Constabulary,Derbyshire Constabulary,-1.604320,52.879550,On or near Chestnut Grove,E01019841,South Derbyshire 002B,Public order,Status update unavailable,,2024-06/2024-06-derbyshire-street.csv,E01019841,E02004119,South Derbyshire
8790d05ffc904fc4c7213b4116eb468114ff25110ba303d6c712e86b3cbbeeb0,2024-06,Derbyshire Constabulary,Derbyshire Constabulary,-1.601703,52.876476,On or near Common End,E01019841,South Derbyshire 002B,Public order,Unable to prosecute suspect,,2024-06/2024-06-derbyshire-street.csv,E01019841,E02004119,South Derbyshire
7bff6af48addb79362680356a53486a3394855defaec53e589f7fd193c7056b3,2024-06,Derbyshire Constabulary,Derbyshire Constabulary,-1.601703,52.876476,On or near Common End,E01019841,South Derbyshire 002B,Public order,Unable to prosecute suspect,,2024-06/2024-06-derbyshire-street.csv,E01019841,E02004119,South Derbyshire
7bff6af48addb79362680356a53486a3394855defaec53e589f7fd193c7056b3,2024-06,Derbyshire Constabulary,Derbyshire Constabulary,-1.604320,52.879550,On or near Chestnut Grove,E01019841,South Derbyshire 002B,Public order,Status update unavailable,,2024-06/2024-06-derbyshire-street.csv,E01019841,E02004119,South Derbyshire
7401f5fe8d397784652db19bb57fcf55b36f14fefb1aef0a1c53c808a6d3b553,2024-06,Derbyshire Constabulary,Derbyshire Constabulary,-1.503301,52.880115,On or near Cicely Close,E01019873,South Derbyshire 003A,Violence and sexual offences,Unable to prosecute suspect,,2024-06/2024-06-derbyshire-street.csv,E01019873,E02004120,South Derbyshire
cbca6a443feeb83e5e9c664c46e6e9b65b0ebbed7b45a6fd3527f282a475eca1,2024-06,Derbyshire Constabulary,Derbyshire Constabulary,-1.500925,52.873480,On or near Ledbury Chase,E01019873,South Derbyshire 003A,Violence and sexual offences,Status update unavailable,,2024-06/2024-06-derbyshire-street.csv,E01019873,E02004120,South Derbyshire
29ff5d7032877f0d374aee38dbdcffc1e509c61866e40124802792902fb09669,2024-06,Derbyshire Constabulary,Derbyshire Constabulary,-1.536028,52.887789,On or near Elvaston Drive,E01034650,South Derbyshire 003F,Violence and sexual offences,Unable to prosecute suspect,,2024-06/2024-06-derbyshire-street.csv,E01034650,E02004120,South Derbyshire
29ff5d7032877f0d374aee38dbdcffc1e509c61866e40124802792902fb09669,2024-06,Derbyshire Constabulary,Derbyshire Constabulary,-1.537183,52.886814,On or near Ashby Close,E01034650,South Derbyshire 003F,Violence and sexual offences,Status update unavailable,,2024-06/2024-06-derbyshire-street.csv,E01034650,E02004120,South Derbyshire
881777f6395456e61ef56eb9b00c1d3e1f22efce8bb437814f249b9ad7dc2f40,2024-06,Derbyshire Constabulary,Derbyshire Constabulary,-1.341078,52.867478,On or near Cavendish Court,E01019832,South Derbyshire 004A,Violence and sexual offences,Status update unavailable,,2024-06/2024-06-derbyshire-street.csv,E01019832,E02004121,South Derbyshire
fb3e6ac682c01ee3ca58ed2a3f7ef30620f0d995a0b40209f8644081818730d6,2024-06,Derbyshire Constabulary,Derbyshire Constabulary,-1.428259,52.860981,On or near Pendragon Drive,E01019834,South Derbyshire 004C,Violence and sexual offences,Court result unavailable,,2024-06/2024-06-derbyshire-street.csv,E01019834,E02004121,South Derbyshire
31bb8c199b939f419393b5612f7b2b5254f2a168d490fd73efe908e0d1136b68,2024-06,Derbyshire Constabulary,Derbyshire Constabulary,-1.407341,52.879954,On or near Astwell Gardens,E01034653,South Derbyshire 004F,Public order,Unable to prosecute suspect,,2024-06/2024-06-derbyshire-street.csv,E01034653,E02004121,South Derbyshire
37f7292bea11de3a4a3bde970bdc835f3366ae4b84e4a5cf64c71a0a4ad2b176,2024-06,Derbyshire Constabulary,Derbyshire Constabulary,-1.538122,52.825006,On or near Hartshorne Road,E01019868,South Derbyshire 005B,Violence and sexual offences,Action to be taken by another organisation,,2024-06/2024-06-derbyshire-street.csv,E01019868,E02004122,South Derbyshire
479b10bf80fc13b8d6ba574bac4fb17f9d35855f66aa2435805fa1621f1c5e20,2024-06,Derbyshire Constabulary,Derbyshire Constabulary,-1.423389,52.828370,On or near Stafford Close,E01019853,South Derbyshire 006B,Public order,Investigation complete; no suspect identified,,2024-06/2024-06-derbyshire-street.csv,E01019853,E02004123,South Derbyshire
3017b87f48ae005c8edb46b2e3c8a621e58482922e1d3940975e1c9a3b04753e,2024-06,Derbyshire Constabulary,Derbyshire Constabulary,-1.429313,52.825909,On or near Beech Avenue,E01019853,South Derbyshire 006B,Violence and sexual offences,Status update unavailable,,2024-06/2024-06-derbyshire-street.csv,E01019853,E02004123,South Derbyshire
3017b87f48ae005c8edb46b2e3c8a621e58482922e1d3940975e1c9a3b04753e,2024-06,Derbyshire Constabulary,Derbyshire Constabulary,-1.423709,52.827742,On or near Huntingdon Court,E01019853,South Derbyshire 006B,Violence and sexual offences,Unable to prosecute suspect,,2024-06/2024-06-derbyshire-street.csv,E01019853,E02004123,South Derbyshire
0ae887280ce53d219f23f8ba729154f02a07c06bb4fda335ebda9e82c79e7526,2024-06,Derbyshire Constabulary,Derbyshire Constabulary,-1.538843,52.780673,On or near Lichfield Avenue,E01019844,South Derbyshire 007A,Shoplifting,Status update unavailable,,2024-06/2024-06-derbyshire-street.csv,E01019844,E02004124,South Derbyshire
b69fe2eab040fbe11af9239c149671302e31e8e9b0b131a5ce55c1256759b2f9,2024-06,Derbyshire Constabulary,Derbyshire Constabulary,-1.542031,52.780631,On or near Dunsmore Way,E01019844,South Derbyshire 007A,Violence and sexual offences,Status update unavailable,,2024-06/2024-06-derbyshire-street.csv,E01019844,E02004124,South Derbyshire
b69fe2eab040fbe11af9239c149671302e31e8e9b0b131a5ce55c1256759b2f9,2024-06,Derbyshire Constabulary,Derbyshire Constabulary,-1.541135,52.779651,On or near Sports/Recreation Area,E01019844,South Derbyshire 007A,Violence and sexual offences,Unable to prosecute suspect,,2024-06/2024-06-derbyshire-street.csv,E01019844,E02004124,South Derbyshire
52e146629677b2bfc9f9db4743c84428fb3bc2041e642b6ea301db6d771c9ddc,2024-06,Derbyshire Constabulary,Derbyshire Constabulary,-1.568267,52.785673,On or near Park Street,E01019856,South Derbyshire 007B,Other theft,Status update unavailable,,2024-06/2024-06-derbyshire-street.csv,E01019856,E02004124,South Derbyshire
04248621550fe676b70ef542466f1a00035b95cc55a21da7ef40c4fe4de02afe,2024-06,Derbyshire Constabulary,Derbyshire Constabulary,-1.562221,52.783844,On or near Vale Road,E01019858,South Derbyshire 007D,Public order,Status update unavailable,,2024-06/2024-06-derbyshire-street.csv,E01019858,E02004124,South Derbyshire
d963e0ef4068916fe8d4dd49738c16c0f0a5d9eadd2f8bfe8a0c6d61a1374781,2024-06,Derbyshire Constabulary,Derbyshire Constabulary,-1.575663,52.785916,On or near Hawthorn Rise,E01019860,South Derbyshire 008A,Violence and sexual offences,Status update unavailable,,2024-06/2024-06-derbyshire-street.csv,E01019860,E02004125,South Derbyshire
7a9b5fa1ffd3e5dcd76c56f7d7fbe4e15d45498f6fe4cda8bab259e607c928c3,2024-06,Derbyshire Constabulary,Derbyshire Constabulary,-1.571210,52.789460,On or near Wood Lane,E01019860,South Derbyshire 008A,Violence and sexual offences,Status update unavailable,,2024-06/2024-06-derbyshire-street.csv,E01019860,E02004125,South Derbyshire
52e146629677b2bfc9f9db4743c84428fb3bc2041e642b6ea301db6d771c9ddc,2024-06,Derbyshire Constabulary,Derbyshire Constabulary,-1.578087,52.785178,On or near Tilley Green,E01019861,South Derbyshire 008B,Other theft,Status update unavailable,,2024-06/2024-06-derbyshire-street.csv,E01019861,E02004125,South Derbyshire
e19e47f85a914c9bf4f052234e1fe3178cc3074dddf505967ae7d31e3a9d3660,2024-06,Derbyshire Constabulary,Derbyshire Constabulary,-1.576768,52.788140,On or near Rose Tree Lane,E01019861,South Derbyshire 008B,Violence and sexual offences,Status update unavailable,,2024-06/2024-06-derbyshire-street.csv,E01019861,E02004125,South Derbyshire
52e146629677b2bfc9f9db4743c84428fb3bc2041e642b6ea301db6d771c9ddc,2024-06,Derbyshire Constabulary,Derbyshire Constabulary,-1.601202,52.775451,On or near Woodland Road,E01019862,South Derbyshire 008C,Other theft,Action to be taken by another organisation,,2024-06/2024-06-derbyshire-street.csv,E01019862,E02004125,South Derbyshire
0ededf2e55c6ba0a70288e5ce05d464036f3444f435ed338084f9ca8db410245,2024-06,Derbyshire Constabulary,Derbyshire Constabulary,-1.572621,52.781599,On or near Manton Close,E01019863,South Derbyshire 008D,Violence and sexual offences,Action to be taken by another organisation,,2024-06/2024-06-derbyshire-street.csv,E01019863,E02004125,South Derbyshire
7de5f69a7eb44e14536181ba9fa8061f24188b2226f71f78e6f9d150a749c290,2024-06,Derbyshire Constabulary,Derbyshire Constabulary,-1.568724,52.782906,On or near Church Road,E01019863,South Derbyshire 008D,Violence and sexual offences,Status update unavailable,,2024-06/2024-06-derbyshire-street.csv,E01019863,E02004125,South Derbyshire
89188f4a3b25ec4c7574bf20f1c5bb86d6c74adccfffd397619f25e668a3e3fe,2024-06,Derbyshire Constabulary,Derbyshire Constabulary,-1.579211,52.779312,On or near St Edwards Court,E01019864,South Derbyshire 008E,Public order,Unable to prosecute suspect,,2024-06/2024-06-derbyshire-street.csv,E01019864,E02004125,South Derbyshire
89188f4a3b25ec4c7574bf20f1c5bb86d6c74adccfffd397619f25e668a3e3fe,2024-06,Derbyshire Constabulary,Derbyshire Constabulary,-1.579211,52.779312,On or near St Edwards Court,E01019864,South Derbyshire 008E,Public order,Status update unavailable,,2024-06/2024-06-derbyshire-street.csv,E01019864,E02004125,South Derbyshire
e19e47f85a914c9bf4f052234e1fe3178cc3074dddf505967ae7d31e3a9d3660,2024-06,Derbyshire Constabulary,Derbyshire Constabulary,-1.580818,52.780262,On or near Warren Hill,E01019864,South Derbyshire 008E,Violence and sexual offences,Unable to prosecute suspect,,2024-06/2024-06-derbyshire-street.csv,E01019864,E02004125,South Derbyshire
0ededf2e55c6ba0a70288e5ce05d464036f3444f435ed338084f9ca8db410245,2024-06,Derbyshire Constabulary,Derbyshire Constabulary,-1.578405,52.776756,On or near Parking Area,E01019864,South Derbyshire 008E,Violence and sexual offences,Status update unavailable,,2024-06/2024-06-derbyshire-street.csv,E01019864,E02004125,South Derbyshire
d963e0ef4068916fe8d4dd49738c16c0f0a5d9eadd2f8bfe8a0c6d61a1374781,2024-06,Derbyshire Constabulary,Derbyshire Constabulary,-1.579570,52.780473,On or near Oversetts Road,E01019864,South Derbyshire 008E,Violence and sexual offences,Unable to prosecute suspect,,2024-06/2024-06-derbyshire-street.csv,E01019864,E02004125,South Derbyshire
4dd581923d4d2878488bb6969c0ec6e2bf6a599283cee44b2fd3e5939b989bf6,2024-06,Derbyshire Constabulary,Derbyshire Constabulary,-1.567000,52.778810,On or near Potters Croft,E01019865,South Derbyshire 008F,Public order,Status update unavailable,,2024-06/2024-06-derbyshire-street.csv,E01019865,E02004125,South Derbyshire
4dd581923d4d2878488bb6969c0ec6e2bf6a599283cee44b2fd3e5939b989bf6,2024-06,Derbyshire Constabulary,Derbyshire Constabulary,-1.567000,52.778810,On or near Potters Croft,E01019865,South Derbyshire 008F,Violence and sexual offences,Unable to prosecute suspect,,2024-06/2024-06-derbyshire-street.csv,E01019865,E02004125,South Derbyshire
7a9b5fa1ffd3e5dcd76c56f7d7fbe4e15d45498f6fe4cda8bab259e607c928c3,2024-06,Derbyshire Constabulary,Derbyshire Constabulary,-1.570892,52.777988,On or near Almond Grove,E01019865,South Derbyshire 008F,Violence and sexual offences,Local resolution,,2024-06/2024-06-derbyshire-street.csv,E01019865,E02004125,South Derbyshire
04248621550fe676b70ef542466f1a00035b95cc55a21da7ef40c4fe4de02afe,2024-06,Derbyshire Constabulary,Derbyshire Constabulary,-1.562474,52.780762,On or near Union Road,E01019876,South Derbyshire 009A,Public order,Unable to prosecute suspect,,2024-06/2024-06-derbyshire-street.csv,E01019876,E02004126,South Derbyshire
5e81b7f126bf098f30d652d8bfc72df60fe5d8554b4de2f8e9d3ffb8575e1a2a,2024-06,Derbyshire Constabulary,Derbyshire Constabulary,-1.560506,52.775927,On or near Davis Road,E01019876,South Derbyshire 009A,Violence and sexual offences,Unable to prosecute suspect,,2024-06/2024-06-derbyshire-street.csv,E01019876,E02004126,South Derbyshire
5e81b7f126bf098f30d652d8bfc72df60fe5d8554b4de2f8e9d3ffb8575e1a2a,2024-06,Derbyshire Constabulary,Derbyshire Constabulary,-1.559294,52.778521,On or near Nelson Street,E01019876,South Derbyshire 009A,Violence and sexual offences,Status update unavailable,,2024-06/2024-06-derbyshire-street.csv,E01019876,E02004126,South Derbyshire
c31ce3778ce718a15c77eb96605b066b12d023e9e8558ad09ae2a617fc467e2a,2024-06,Derbyshire Constabulary,Derbyshire Constabulary,-1.555049,52.773219,On or near High Street,E01019877,South Derbyshire 009B,Violence and sexual offences,Status update unavailable,,2024-06/2024-06-derbyshire-street.csv,E01019877,E02004126,South Derbyshire
c31ce3778ce718a15c77eb96605b066b12d023e9e8558ad09ae2a617fc467e2a,2024-06,Derbyshire Constabulary,Derbyshire Constabulary,-1.555601,52.772889,On or near Ernest Hall Way,E01019877,South Derbyshire 009B,Violence and sexual offences,Offender given a caution,,2024-06/2024-06-derbyshire-street.csv,E01019877,E02004126,South Derbyshire
0cb046639c7b3bc517dbaeb15ae91409fff55261864cb2c7f19bf09beb317e7a,2024-06,Derbyshire Constabulary,Derbyshire Constabulary,-1.591054,52.746299,On or near Main Street,E01019850,South Derbyshire 011A,Other theft,Unable to prosecute suspect,,2024-06/2024-06-derbyshire-street.csv,E01019850,E02004128,South Derbyshire
0ae887280ce53d219f23f8ba729154f02a07c06bb4fda335ebda9e82c79e7526,2024-06,Derbyshire Constabulary,Derbyshire Constabulary,-1.602697,52.746401,On or near Medham Avenue,E01019850,South Derbyshire 011A,Shoplifting,Local resolution,,2024-06/2024-06-derbyshire-street.csv,E01019850,E02004128,South Derbyshire
5a15b9773a685ea1ed4b808eaa2bbf62ca3dc2c4c3e7f996e5412274a08adf84,2024-06,Derbyshire Constabulary,Derbyshire Constabulary,-1.635300,52.778608,On or near Walton Road,E01019850,South Derbyshire 011A,Violence and sexual offences,Unable to prosecute suspect,,2024-06/2024-06-derbyshire-street.csv,E01019850,E02004128,South Derbyshire
37f7292bea11de3a4a3bde970bdc835f3366ae4b84e4a5cf64c71a0a4ad2b176,2024-06,Derbyshire Constabulary,Derbyshire Constabulary,-1.583185,52.752321,On or near Sports/Recreation Area,E01019851,South Derbyshire 011B,Violence and sexual offences,Status update unavailable,,2024-06/2024-06-derbyshire-street.csv,E01019851,E02004128,South Derbyshire
7de5f69a7eb44e14536181ba9fa8061f24188b2226f71f78e6f9d150a749c290,2024-06,Derbyshire Constabulary,Derbyshire Constabulary,-1.559833,52.761856,On or near Bob Southern Grove,E01019837,South Derbyshire 012A,Violence and sexual offences,Unable to prosecute suspect,,2024-06/2024-06-derbyshire-street.csv,E01019837,E02006919,South Derbyshire
26991e15bb6bb5c04610df407ab4a65914df1eeeb973d3c6bc8d837e180c2c9e,2024-06,Derbyshire Constabulary,Derbyshire Constabulary,-1.583223,52.761275,On or near Hope Way,E01034655,South Derbyshire 012G,Violence and sexual offences,Unable to prosecute suspect,,2024-06/2024-06-derbyshire-street.csv,E01034655,E02006919,South Derbyshire
0cb046639c7b3bc517dbaeb15ae91409fff55261864cb2c7f19bf09beb317e7a,2024-06,Derbyshire Constabulary,Derbyshire Constabulary,-1.534574,52.768088,On or near St Stephens Court,E01034656,South Derbyshire 013E,Other theft,Status update unavailable,,2024-06/2024-06-derbyshire-street.csv,E01034656,E02006920,South Derbyshire
5a15b9773a685ea1ed4b808eaa2bbf62ca3dc2c4c3e7f996e5412274a08adf84,2024-06,Derbyshire Constabulary,Derbyshire Constabulary,-1.534574,52.768088,On or near St Stephens Court,E01034656,South Derbyshire 013E,Violence and sexual offences,Status update unavailable,,2024-06/2024-06-derbyshire-street.csv,E01034656,E02006920,South Derbyshire
554a8e2e55d8b7cc3bfd9438aa02903832fb7f991692c458a86666746181e318,2024-06,Derbyshire Constabulary,Derbyshire Constabulary,-1.530895,52.767022,On or near High Street,E01034656,South Derbyshire 013E,Violence and sexual offences,Status update unavailable,,2024-06/2024-06-derbyshire-street.csv,E01034656,E02006920,South Derbyshire
bff46a3d3ff6e29263e4553fc42e3bd47a193eecb8818fdd4a5c138e3cb5c6b8,2024-06,West Mercia Police,West Mercia Police,-2.496530,52.711217,On or near Halifax Drive,E01014138,Telford and Wrekin 007C,Violence and sexual offences,Unable to prosecute suspect,,2024-06/2024-06-west-mercia-street.csv,E01014138,E02002934,Telford and Wrekin
bff46a3d3ff6e29263e4553fc42e3bd47a193eecb8818fdd4a5c138e3cb5c6b8,2024-06,West Mercia Police,West Mercia Police,-2.436815,52.676707,On or near Duffryn,E01014191,Telford and Wrekin 018A,Violence and sexual offences,Status update unavailable,,2024-06/2024-06-west-mercia-street.csv,E01014191,E02002945,Telford and Wrekin
fdb25c29350e1db1f3f0743d58220e6995be4e06b2d1cf6672a5a880b38d7ab9,2024-07,Derbyshire Constabulary,Derbyshire Constabulary,-1.410970,52.914761,On or near Derwent Road,E01013595,Derby 014B,Shoplifting,Status update unavailable,,2024-07/2024-07-derbyshire-street.csv,E01013595,E02002809,Derby
c093b7cda17c38951580ec88d1851c53142dacd760eb93155ed3f6e057ea879b,2024-07,Derbyshire Constabulary,Derbyshire Constabulary,-1.400324,52.913530,On or near Vincent Avenue,E01013598,Derby 014D,Violence and sexual offences,Unable to prosecute suspect,,2024-07/2024-07-derbyshire-street.csv,E01013598,E02002809,Derby
9708027db103214e4ef1f75f5159f63d2328792fde84e7316faf5a0b1e6f38b9,2024-07,Derbyshire Constabulary,Derbyshire Constabulary,-1.505102,52.918984,On or near Mayvale Grove,E01013455,Derby 017A,Violence and sexual offences,Status update unavailable,,2024-07/2024-07-derbyshire-street.csv,E01013455,E02002812,Derby
b59090ea604509e43becd4898d3860dd81fc3704c634a294d8472890aa33e68c,2024-07,Derbyshire Constabulary,Derbyshire Constabulary,-1.495733,52.904840,On or near Colwyn Avenue,E01013458,Derby 017B,Other crime,Further investigation is not in the public interest,,2024-07/2024-07-derbyshire-street.csv,E01013458,E02002812,Derby
9708027db103214e4ef1f75f5159f63d2328792fde84e7316faf5a0b1e6f38b9,2024-07,Derbyshire Constabulary,Derbyshire Constabulary,-1.509537,52.918732,On or near Somerset Close,E01013542,Derby 017C,Violence and sexual offences,Unable to prosecute suspect,,2024-07/2024-07-derbyshire-street.csv,E01013542,E02002812,Derby
094c3851f074b30a2c474efa0dc7c6a5cd813341e6d7bdedc0270f5d56eb029c,2024-07,Derbyshire Constabulary,Derbyshire Constabulary,-1.471883,52.912350,On or near Arboretum Square,E01013481,Derby 018A,Shoplifting,Local resolution,,2024-07/2024-07-derbyshire-street.csv,E01013481,E02002813,Derby
094c3851f074b30a2c474efa0dc7c6a5cd813341e6d7bdedc0270f5d56eb029c,2024-07,Derbyshire Constabulary,Derbyshire Constabulary,-1.470745,52.919042,On or near Traffic Street,E01033166,Derby 018F,Shoplifting,Status update unavailable,,2024-07/2024-07-derbyshire-street.csv,E01033166,E02002813,Derby
c093b7cda17c38951580ec88d1851c53142dacd760eb93155ed3f6e057ea879b,2024-07,Derbyshire Constabulary,Derbyshire Constabulary,-1.468117,52.921696,On or near Sports/Recreation Area,E01033166,Derby 018F,Violence and sexual offences,Status update unavailable,,2024-07/2024-07-derbyshire-street.csv,E01033166,E02002813,Derby
c293f59e4c8e40f1d8e85006bb085c5ec3ebac3b746ef932f269cf2aed1f11c2,2024-07,Derbyshire Constabulary,Derbyshire Constabulary,-1.469484,52.923657,On or near Meadow Road,E01033166,Derby 018F,Violence and sexual offences,Status update unavailable,,2024-07/2024-07-derbyshire-street.csv,E01033166,E02002813,Derby
85853d44bbdf5ceed04f2133bdcaa32e6ef2d1d10e1a59de3b0aab4c03c088e6,2024-07,Derbyshire Constabulary,Derbyshire Constabulary,-1.464583,52.909765,On or near Dexter Street,E01033167,Derby 018G,Violence and sexual offences,Unable to prosecute suspect,,2024-07/2024-07-derbyshire-street.csv,E01033167,E02002813,Derby
4d8f314fdd53a81f80b962699f2cefa99af76ac45d86f42f25a1f82a790c326b,2024-07,Derbyshire Constabulary,Derbyshire Constabulary,-1.536142,52.906425,On or near Carnforth Close,E01013560,Derby 019B,Violence and sexual offences,Unable to prosecute suspect,,2024-07/2024-07-derbyshire-street.csv,E01013560,E02002814,Derby
85882a9128fc3b398604909315b8f90b8952c2600056ed0b02a46e2eba35d51b,2024-07,Derbyshire Constabulary,Derbyshire Constabulary,-1.492531,52.905267,On or near Shamrock Street,E01013459,Derby 020A,Violence and sexual offences,Local resolution,,2024-07/2024-07-derbyshire-street.csv,E01013459,E02002815,Derby
85882a9128fc3b398604909315b8f90b8952c2600056ed0b02a46e2eba35d51b,2024-07,Derbyshire Constabulary,Derbyshire Constabulary,-1.525301,52.892952,On or near Pulborough Gardens,E01013541,Derby 021B,Violence and sexual offences,Status update unavailable,,2024-07/2024-07-derbyshire-street.csv,E01013541,E02002816,Derby
4d8f314fdd53a81f80b962699f2cefa99af76ac45d86f42f25a1f82a790c326b,2024-07,Derbyshire Constabulary,Derbyshire Constabulary,-1.534965,52.894114,On or near Micklecroft Gardens,E01013541,Derby 021B,Violence and sexual offences,Status update unavailable,,2024-07/2024-07-derbyshire-street.csv,E01013541,E02002816,Derby
b59090ea604509e43becd4898d3860dd81fc3704c634a294d8472890aa33e68c,2024-07,Derbyshire Constabulary,Derbyshire Constabulary,-1.525252,52.897446,On or near Badgerdale Way,E01013544,Derby 021D,Other crime,Status update unavailable,,2024-07/2024-07-derbyshire-street.csv,E01013544,E02002816,Derby
0cef6fa50a36b0cb23300d0cb2f15dbce32367389a2b2ac6375006e87ac79723,2024-07,Derbyshire Constabulary,Derbyshire Constabulary,-1.480716,52.897395,On or near Dorrien Avenue,E01013571,Derby 023B,Public order,Unable to prosecute suspect,,2024-07/2024-07-derbyshire-street.csv,E01013571,E02002818,Derby
bfd3b9e59c6be812c9495fa159fd762f08eb70de8917b1880904cd56b425bb7b,2024-07,Derbyshire Constabulary,Derbyshire Constabulary,-1.484820,52.898555,On or near Village Street,E01013571,Derby 023B,Violence and sexual offences,Status update unavailable,,2024-07/2024-07-derbyshire-street.csv,E01013571,E02002818,Derby
bfd3b9e59c6be812c9495fa159fd762f08eb70de8917b1880904cd56b425bb7b,2024-07,Derbyshire Constabulary,Derbyshire Constabulary,-1.486868,52.897593,On or near Park Hill Drive,E01013571,Derby 023B,Violence and sexual offences,Unable to prosecute suspect,,2024-07/2024-07-derbyshire-street.csv,E01013571,E02002818,Derby
e759fb4162f72b6cb48376d36788e3b7bcc7eac1ea7c00f1785490f99ef61418,2024-07,Derbyshire Constabulary,Derbyshire Constabulary,-1.493586,52.895158,On or near Masefield Avenue,E01013572,Derby 023C,Public order,Status update unavailable,,2024-07/2024-07-derbyshire-street.csv,E01013572,E02002818,Derby
0cef6fa50a36b0cb23300d0cb2f15dbce32367389a2b2ac6375006e87ac79723,2024-07,Derbyshire Constabulary,Derbyshire Constabulary,-1.490367,52.892070,On or near Underhill Close,E01013573,Derby 023D,Public order,Status update unavailable,,2024-07/2024-07-derbyshire-street.csv,E01013573,E02002818,Derby
0cef6fa50a36b0cb23300d0cb2f15dbce32367389a2b2ac6375006e87ac79723,2024-07,Derbyshire Constabulary,Derbyshire Constabulary,-1.488293,52.892699,On or near Coleridge Street,E01013573,Derby 023D,Public order,Status update unavailable,,2024-07/2024-07-derbyshire-street.csv,E01013573,E02002818,Derby
0e3326377f77e63867f443f38223b108cbf1a8f6354a930aedaa34d186423e26,2024-07,Derbyshire Constabulary,Derbyshire Constabulary,-1.416531,52.890499,On or near Mondello Drive,E01013474,Derby 024B,Violence and sexual offences,Status update unavailable,,2024-07/2024-07-derbyshire-street.csv,E01013474,E02002819,Derby
d8f7da3ede03230d6668c123f052997f3549b251da64432c81129eeedd7989c6,2024-07,Derbyshire Constabulary,Derbyshire Constabulary,-1.419540,52.894469,On or near Elvaston Lane,E01013474,Derby 024B,Violence and sexual offences,Court result unavailable,,2024-07/2024-07-derbyshire-street.csv,E01013474,E02002819,Derby
fdb25c29350e1db1f3f0743d58220e6995be4e06b2d1cf6672a5a880b38d7ab9,2024-07,Derbyshire Constabulary,Derbyshire Constabulary,-1.450600,52.906725,On or near Gloster Street,E01033172,Derby 024F,Shoplifting,Unable to prosecute suspect,,2024-07/2024-07-derbyshire-street.csv,E01033172,E02002819,Derby
0e3326377f77e63867f443f38223b108cbf1a8f6354a930aedaa34d186423e26,2024-07,Derbyshire Constabulary,Derbyshire Constabulary,-1.449904,52.906462,On or near Bowmer Road,E01033172,Derby 024F,Violence and sexual offences,Unable to prosecute suspect,,2024-07/2024-07-derbyshire-street.csv,E01033172,E02002819,Derby
b80ce4a6529bdfd198f07582331f343fbc28fc8c3a8791e707c1393993ed2e87,2024-07,Derbyshire Constabulary,Derbyshire Constabulary,-1.445872,52.906712,On or near Atlantic Way,E01033172,Derby 024F,Violence and sexual offences,Status update unavailable,,2024-07/2024-07-derbyshire-street.csv,E01033172,E02002819,Derby
ec425ab6cfe8a669a755ce2c1868234a65546c72e5c473a1f1db16a23ae9498f,2024-07,Derbyshire Constabulary,Derbyshire Constabulary,-1.445717,52.906038,On or near Ionian Drive,E01033172,Derby 024F,Violence and sexual offences,Awaiting court outcome,,2024-07/2024-07-derbyshire-street.csv,E01033172,E02002819,Derby
c293f59e4c8e40f1d8e85006bb085c5ec3ebac3b746ef932f269cf2aed1f11c2,2024-07,Derbyshire Constabulary,Derbyshire Constabulary,-1.450600,52.906725,On or near Gloster Street,E01033172,Derby 024F,Violence and sexual offences,Investigation complete; no suspect identified,,2024-07/2024-07-derbyshire-street.csv,E01033172,E02002819,Derby
f5579102defe79e6d9b0bae1778c204096a06e36b1d29a21d429e830adc9de3b,2024-07,Derbyshire Constabulary,Derbyshire Constabulary,-1.443958,52.900600,On or near Allestree Street,E01013471,Derby 025A,Other crime,Status update unavailable,,2024-07/2024-07-derbyshire-street.csv,E01013471,E02002820,Derby
d8f7da3ede03230d6668c123f052997f3549b251da64432c81129eeedd7989c6,2024-07,Derbyshire Constabulary,Derbyshire Constabulary,-1.434632,52.894047,On or near Siddons Street,E01013475,Derby 025C,Violence and sexual offences,Status update unavailable,,2024-07/2024-07-derbyshire-street.csv,E01013475,E02002820,Derby
8cc49cb3fb08a5390464aa812ee47a361b344775125e0749a0b24d72a99fd1ea,2024-07,Derbyshire Constabulary,Derbyshire Constabulary,-1.442814,52.894679,On or near Benson Street,E01013475,Derby 025C,Violence and sexual offences,Status update unavailable,,2024-07/2024-07-derbyshire-street.csv,E01013475,E02002820,Derby
59956d9f512e7e1f9e7b9648976c5297f3b6071ee1c63e393df4823f8824d8fc,2024-07,Derbyshire Constabulary,Derbyshire Constabulary,-1.442814,52.894679,On or near Benson Street,E01013475,Derby 025C,Violence and sexual offences,Status update unavailable,,2024-07/2024-07-derbyshire-street.csv,E01013475,E02002820,Derby
92533824d2138b8e9966729ea5db0dfa8bc267327967343dbd26f85669c6727b,2024-07,Derbyshire Constabulary,Derbyshire Constabulary,-1.440248,52.893130,On or near Neilson Street,E01013475,Derby 025C,Violence and sexual offences,Status update unavailable,,2024-07/2024-07-derbyshire-street.csv,E01013475,E02002820,Derby
218550f98e359da1cb9a187e9c15b50e5890afd9fe50ff2602e3831d87e8b4f4,2024-07,Derbyshire Constabulary,Derbyshire Constabulary,-1.439745,52.891788,On or near Matthew Street,E01013503,Derby 025F,Public order,Status update unavailable,,2024-07/2024-07-derbyshire-street.csv,E01013503,E02002820,Derby
b605523603d77b231fda8ff0ecd98cec863bb6d002fd8d87b73913c65c20bc62,2024-07,Derbyshire Constabulary,Derbyshire Constabulary,-1.441810,52.888400,On or near Holtlands Drive,E01013503,Derby 025F,Violence and sexual offences,Status update unavailable,,2024-07/2024-07-derbyshire-street.csv,E01013503,E02002820,Derby
b605523603d77b231fda8ff0ecd98cec863bb6d002fd8d87b73913c65c20bc62,2024-07,Derbyshire Constabulary,Derbyshire Constabulary,-1.449828,52.892546,On or near Hutton Street,E01013472,Derby 026A,Violence and sexual offences,Action to be taken by another organisation,,2024-07/2024-07-derbyshire-street.csv,E01013472,E02002821,Derby
e8749bce1f16b2c491044c7d695531e439d635466e5605c696f3949d150585a3,2024-07,Derbyshire Constabulary,Derbyshire Constabulary,-1.454342,52.896703,On or near Shopping Area,E01013472,Derby 026A,Violence and sexual offences,Unable to prosecute suspect,,2024-07/2024-07-derbyshire-street.csv,E01013472,E02002821,Derby
85853d44bbdf5ceed04f2133bdcaa32e6ef2d1d10e1a59de3b0aab4c03c088e6,2024-07,Derbyshire Constabulary,Derbyshire Constabulary,-1.452159,52.893878,On or near Whitehurst Street,E01013472,Derby 026A,Violence and sexual offences,Status update unavailable,,2024-07/2024-07-derbyshire-street.csv,E01013472,E02002821,Derby
62e9d3382bf6294ce905f3dc85daf21df29cb136465924eae7af81b4741c970f,2024-07,Derbyshire Constabulary,Derbyshire Constabulary,-1.455368,52.889326,On or near Lord Street,E01013497,Derby 026B,Violence and sexual offences,Unable to prosecute suspect,,2024-07/2024-07-derbyshire-street.csv,E01013497,E02002821,Derby
218550f98e359da1cb9a187e9c15b50e5890afd9fe50ff2602e3831d87e8b4f4,2024-07,Derbyshire Constabulary,Derbyshire Constabulary,-1.445084,52.884541,On or near Shelton Gate Close,E01013504,Derby 026C,Public order,Investigation complete; no suspect identified,,2024-07/2024-07-derbyshire-street.csv,E01013504,E02002821,Derby
5d0a9e876161a50c2d5a4e1e150f23f94c922dd59c52fa213a604d20fa9d51bf,2024-07,Derbyshire Constabulary,Derbyshire Constabulary,-1.449617,52.888086,On or near New Victoria Court,E01013504,Derby 026C,Violence and sexual offences,Status update unavailable,,2024-07/2024-07-derbyshire-street.csv,E01013504,E02002821,Derby
b80ce4a6529bdfd198f07582331f343fbc28fc8c3a8791e707c1393993ed2e87,2024-07,Derbyshire Constabulary,Derbyshire Constabulary,-1.449560,52.889047,On or near Poole Street,E01013504,Derby 026C,Violence and sexual offences,Unable to prosecute suspect,,2024-07/2024-07-derbyshire-street.csv,E01013504,E02002821,Derby
59956d9f512e7e1f9e7b9648976c5297f3b6071ee1c63e393df4823f8824d8fc,2024-07,Derbyshire Constabulary,Derbyshire Constabulary,-1.451218,52.889567,On or near A514,E01013504,Derby 026C,Violence and sexual offences,Unable to prosecute suspect,,2024-07/2024-07-derbyshire-street.csv,E01013504,E02002821,Derby
9b10d0bcf32754e5515fedc482d2ca5fe82024983bec844d457a74603a5dd4cc,2024-07,Derbyshire Constabulary,Derbyshire Constabulary,-1.446560,52.890004,On or near Jubalton Close,E01013504,Derby 026C,Violence and sexual offences,Court result unavailable,,2024-07/2024-07-derbyshire-street.csv,E01013504,E02002821,Derby
f5579102defe79e6d9b0bae1778c204096a06e36b1d29a21d429e830adc9de3b,2024-07,Derbyshire Constabulary,Derbyshire Constabulary,-1.453062,52.890673,On or near Parking Area,E01013504,Derby 026C,Other crime,Unable to prosecute suspect,,2024-07/2024-07-derbyshire-street.csv,E01013504,E02002821,Derby
e8749bce1f16b2c491044c7d695531e439d635466e5605c696f3949d150585a3,2024-07,Derbyshire Constabulary,Derbyshire Constabulary,-1.457412,52.894639,On or near Tower Street,E01013583,Derby 026D,Violence and sexual offences,Status update unavailable,,2024-07/2024-07-derbyshire-street.csv,E01013583,E02002821,Derby
ec425ab6cfe8a669a755ce2c1868234a65546c72e5c473a1f1db16a23ae9498f,2024-07,Derbyshire Constabulary,Derbyshire Constabulary,-1.416336,52.888403,On or near Shalfleet Drive,E01013496,Derby 028A,Violence and sexual offences,Status update unavailable,,2024-07/2024-07-derbyshire-street.csv,E01013496,E02002823,Derby
f12a22b27bee5aecfeb71c7a9cc859cf28ee0e2b8a8449a4825308825baaf36a,2024-07,Derbyshire Constabulary,Derbyshire Constabulary,-1.435108,52.887986,On or near Supermarket,E01013499,Derby 028C,Violence and sexual offences,Status update unavailable,,2024-07/2024-07-derbyshire-street.csv,E01013499,E02002823,Derby
9b10d0bcf32754e5515fedc482d2ca5fe82024983bec844d457a74603a5dd4cc,2024-07,Derbyshire Constabulary,Derbyshire Constabulary,-1.436679,52.888663,On or near Boulton Lane,E01013499,Derby 028C,Violence and sexual offences,Status update unavailable,,2024-07/2024-07-derbyshire-street.csv,E01013499,E02002823,Derby
7235cc9b980d2392aa4d87da774d7d790d2f40869511ecad15cf4326e4dbe017,2024-07,Derbyshire Constabulary,Derbyshire Constabulary,-1.468274,52.896144,On or near A5111,E01013584,Derby 029A,Possession of weapons,Status update unavailable,,2024-07/2024-07-derbyshire-street.csv,E01013584,E02002824,Derby
7235cc9b980d2392aa4d87da774d7d790d2f40869511ecad15cf4326e4dbe017,2024-07,Derbyshire Constabulary,Derbyshire Constabulary,-1.468274,52.896144,On or near A5111,E01013584,Derby 029A,Possession of weapons,Further action is not in the public interest,,2024-07/2024-07-derbyshire-street.csv,E01013584,E02002824,Derby
ed7bb93b2113f4d81f8b59e913a6befb4a9bbf8f14f094e6f996c314162f40be,2024-07,Derbyshire Constabulary,Derbyshire Constabulary,-1.468274,52.896144,On or near A5111,E01013584,Derby 029A,Possession of weapons,Status update unavailable,,2024-07/2024-07-derbyshire-street.csv,E01013584,E02002824,Derby
62e9d3382bf6294ce905f3dc85daf21df29cb136465924eae7af81b4741c970f,2024-07,Derbyshire Constabulary,Derbyshire Constabulary,-1.469096,52.894584,On or near Oaktree Avenue,E01013584,Derby 029A,Violence and sexual offences,Status update unavailable,,2024-07/2024-07-derbyshire-street.csv,E01013584,E02002824,Derby
7da97a01bbac78814dbc6528e024e3c3dcfdfcfac6eb798b872a5ad3747948d9,2024-07,Derbyshire Constabulary,Derbyshire Constabulary,-1.492606,52.883576,On or near Aviemore Way,E01013585,Derby 029B,Violence and sexual offences,Status update unavailable,,2024-07/2024-07-derbyshire-street.csv,E01013585,E02002824,Derby
e759fb4162f72b6cb48376d36788e3b7bcc7eac1ea7c00f1785490f99ef61418,2024-07,Derbyshire Constabulary,Derbyshire Constabulary,-1.498429,52.881236,On or near Merlin Green,E01013586,Derby 029C,Public order,Court result unavailable,,2024-07/2024-07-derbyshire-street.csv,E01013586,E02002824,Derby
7da97a01bbac78814dbc6528e024e3c3dcfdfcfac6eb798b872a5ad3747948d9,2024-07,Derbyshire Constabulary,Derbyshire Constabulary,-1.496875,52.880672,On or near Curlew Close,E01013586,Derby 029C,Violence and sexual offences,Investigation complete; no suspect identified,,2024-07/2024-07-derbyshire-street.csv,E01013586,E02002824,Derby
92533824d2138b8e9966729ea5db0dfa8bc267327967343dbd26f85669c6727b,2024-07,Derbyshire Constabulary,Derbyshire Constabulary,-1.498045,52.882322,On or near Sparrow Close,E01013586,Derby 029C,Violence and sexual offences,Unable to prosecute suspect,,2024-07/2024-07-derbyshire-street.csv,E01013586,E02002824,Derby
82d176ac5e08dcca76f8e17778c13b8ce2a3f170f91f1b0fcc5a79b19128de87,2024-07,Derbyshire Constabulary,Derbyshire Constabulary,-1.490592,52.879207,On or near Redwood Road,E01013588,Derby 029E,Violence and sexual offences,Unable to prosecute suspect,,2024-07/2024-07-derbyshire-street.csv,E01013588,E02002824,Derby
d805270cc9f704b47d595b69780a29a52b7d072b7d7a5a66981df03d658a3897,2024-07,Derbyshire Constabulary,Derbyshire Constabulary,-1.492731,52.874110,On or near Falcon Way,E01013588,Derby 029E,Violence and sexual offences,Status update unavailable,,2024-07/2024-07-derbyshire-street.csv,E01013588,E02002824,Derby
d805270cc9f704b47d595b69780a29a52b7d072b7d7a5a66981df03d658a3897,2024-07,Derbyshire Constabulary,Derbyshire Constabulary,-1.490752,52.871828,On or near Lauder Close,E01013589,Derby 029F,Violence and sexual offences,Investigation complete; no suspect identified,,2024-07/2024-07-derbyshire-street.csv,E01013589,E02002824,Derby
82d176ac5e08dcca76f8e17778c13b8ce2a3f170f91f1b0fcc5a79b19128de87,2024-07,Derbyshire Constabulary,Derbyshire Constabulary,-1.490684,52.873868,On or near Osprey Close,E01013589,Derby 029F,Violence and sexual offences,Status update unavailable,,2024-07/2024-07-derbyshire-street.csv,E01013589,E02002824,Derby
f12a22b27bee5aecfeb71c7a9cc859cf28ee0e2b8a8449a4825308825baaf36a,2024-07,Derbyshire Constabulary,Derbyshire Constabulary,-1.454030,52.883423,On or near Morningside Close,E01013517,Derby 030B,Violence and sexual offences,Unable to prosecute suspect,,2024-07/2024-07-derbyshire-street.csv,E01013517,E02002825,Derby
5d0a9e876161a50c2d5a4e1e150f23f94c922dd59c52fa213a604d20fa9d51bf,2024-07,Derbyshire Constabulary,Derbyshire Constabulary,-1.444523,52.880781,On or near Woodthorne Avenue,E01013518,Derby 030C,Violence and sexual offences,Unable to prosecute suspect,,2024-07/2024-07-derbyshire-street.csv,E01013518,E02002825,Derby
304a3e13821f4121e2ce08e9b37be40bc56d03e1d429464beb0c649d58350d55,2024-07,Derbyshire Constabulary,Derbyshire Constabulary,-1.452115,52.872609,On or near Othello Drive,E01033169,Derby 030F,Violence and sexual offences,Status update unavailable,,2024-07/2024-07-derbyshire-street.csv,E01033169,E02002825,Derby
8cc49cb3fb08a5390464aa812ee47a361b344775125e0749a0b24d72a99fd1ea,2024-07,Derbyshire Constabulary,Derbyshire Constabulary,-1.442634,52.869337,On or near Parkway,E01033170,Derby 030G,Violence and sexual offences,Unable to prosecute suspect,,2024-07/2024-07-derbyshire-street.csv,E01033170,E02002825,Derby
31f8b781d5e971dc64e954e7ea3986012975e83a7471c42f9a9b258594eb96b7,2024-07,Derbyshire Constabulary,Derbyshire Constabulary,-1.433179,52.871027,On or near Wimbourne Close,E01013514,Derby 031A,Violence and sexual offences,Local resolution,,2024-07/2024-07-derbyshire-street.csv,E01013514,E02002826,Derby
31f8b781d5e971dc64e954e7ea3986012975e83a7471c42f9a9b258594eb96b7,2024-07,Derbyshire Constabulary,Derbyshire Constabulary,-1.432645,52.869748,On or near Pit Close Lane,E01013514,Derby 031A,Violence and sexual offences,Status update unavailable,,2024-07/2024-07-derbyshire-street.csv,E01013514,E02002826,Derby
ed7bb93b2113f4d81f8b59e913a6befb4a9bbf8f14f094e6f996c314162f40be,2024-07,Derbyshire Constabulary,Derbyshire Constabulary,-1.437301,52.868152,On or near Barley Croft,E01013515,Derby 031B,Possession of weapons,Court result unavailable,,2024-07/2024-07-derbyshire-street.csv,E01013515,E02002826,Derby
304a3e13821f4121e2ce08e9b37be40bc56d03e1d429464beb0c649d58350d55,2024-07,Derbyshire Constabulary,Derbyshire Constabulary,-1.430136,52.864010,On or near Tunstead Drive,E01013515,Derby 031B,Violence and sexual offences,Unable to prosecute suspect,,2024-07/2024-07-derbyshire-street.csv,E01013515,E02002826,Derby
304a3e13821f4121e2ce08e9b37be40bc56d03e1d429464beb0c649d58350d55,2024-07,Derbyshire Constabulary,Derbyshire Constabulary,-1.432198,52.865323,On or near Woodlands Lane,E01013515,Derby 031B,Violence and sexual offences,Status update unavailable,,2024-07/2024-07-derbyshire-street.csv,E01013515,E02002826,Derby
66c88fd5572d4216b202594bcc7e800949ce78d9d3dfbab3521dc5abec4217b1,2024-07,Derbyshire Constabulary,Derbyshire Constabulary,-1.634854,52.819482,On or near Eton Road,E01029427,East Staffordshire 008B,Violence and sexual offences,Status update unavailable,,2024-07/2024-07-derbyshire-street.csv,E01029427,E02006138,East Staffordshire
dfcd00a6e7eb225b4a00cc73e5492cd4f9802acfc7f8acbf4ade8b37094f8ed8,2024-07,Derbyshire Constabulary,Derbyshire Constabulary,-1.274308,52.893051,On or near St John'S Street,E01019676,Erewash 014A,Shoplifting,Status update unavailable,,2024-07/2024-07-derbyshire-street.csv,E01019676,E02004091,Erewash
bd33469a7660fa0402d39ea12332f8baf523ea3c8e8a7fd8fac9939404373927,2024-07,Derbyshire Constabulary,Derbyshire Constabulary,-1.276224,52.887803,On or near Lynden Avenue,E01019677,Erewash 014B,Violence and sexual offences,Status update unavailable,,2024-07/2024-07-derbyshire-street.csv,E01019677,E02004091,Erewash
dfcd00a6e7eb225b4a00cc73e5492cd4f9802acfc7f8acbf4ade8b37094f8ed8,2024-07,Derbyshire Constabulary,Derbyshire Constabulary,-1.288586,52.884354,On or near Bradshaw Street,E01019698,Erewash 014F,Shoplifting,Further investigation is not in the public interest,,2024-07/2024-07-derbyshire-street.csv,E01019698,E02004091,Erewash
bd33469a7660fa0402d39ea12332f8baf523ea3c8e8a7fd8fac9939404373927,2024-07,Derbyshire Constabulary,Derbyshire Constabulary,-1.286739,52.885503,On or near Parking Area,E01019705,Erewash 015D,Violence and sexual offences,Unable to prosecute suspect,,2024-07/2024-07-derbyshire-street.csv,E01019705,E02004092,Erewash
effb79f20b203b3d2d0977100bef8b948f63ed55aad13b22181b0651cc760718,2024-07,Derbyshire Constabulary,Derbyshire Constabulary,-1.531587,52.761865,On or near Grindley Way,E01025950,North West Leicestershire 008A,Public order,Status update unavailable,,2024-07/2024-07-derbyshire-street.csv,E01025950,E02005404,North West Leicestershire
66c88fd5572d4216b202594bcc7e800949ce78d9d3dfbab3521dc5abec4217b1,2024-07,Derbyshire Constabulary,Derbyshire Constabulary,-1.683455,52.870025,On or near Woodmans Croft,E01019846,South Derbyshire 001C,Violence and sexual offences,Unable to prosecute suspect,,2024-07/2024-07-derbyshire-street.csv,E01019846,E02004118,South Derbyshire
0cb37189d716a780f432f2def959f3f0d07ff913b17e3719f67ddd0cd2e7e808,2024-07,Derbyshire Constabulary,Derbyshire Constabulary,-1.622270,52.869280,On or near Isis Way,E01019848,South Derbyshire 002D,Violence and sexual offences,Status update unavailable,,2024-07/2024-07-derbyshire-street.csv,E01019848,E02004119,South Derbyshire
0cb37189d716a780f432f2def959f3f0d07ff913b17e3719f67ddd0cd2e7e808,2024-07,Derbyshire Constabulary,Derbyshire Constabulary,-1.638389,52.867388,On or near Sherbourne Drive,E01033534,South Derbyshire 002H,Violence and sexual offences,Unable to prosecute suspect,,2024-07/2024-07-derbyshire-street.csv,E01033534,E02004119,South Derbyshire
c3365c93c978f08c412820cae540f973273e60ea09fbf3e59ddac3992503416c,2024-07,Derbyshire Constabulary,Derbyshire Constabulary,-1.540772,52.870674,On or near Sycamore Avenue,E01034651,South Derbyshire 003G,Violence and sexual offences,Unable to prosecute suspect,,2024-07/2024-07-derbyshire-street.csv,E01034651,E02004120,South Derbyshire
d74c460a75a4f18417ac5dcc50467550579ace60358845c3b6d7355a8e1ada9e,2024-07,Derbyshire Constabulary,Derbyshire Constabulary,-1.420697,52.826559,On or near Carr Brook Way,E01019854,South Derbyshire 006C,Violence and sexual offences,Further investigation is not in the public interest,,2024-07/2024-07-derbyshire-street.csv,E01019854,E02004123,South Derbyshire
15197ec8df924577e675978a1dff7d454838736f8ae64453c96b44cf3cb33f04,2024-07,Derbyshire Constabulary,Derbyshire Constabulary,-1.536077,52.780104,On or near Truro Close,E01019844,South Derbyshire 007A,Public order,Status update unavailable,,2024-07/2024-07-derbyshire-street.csv,E01019844,E02004124,South Derbyshire
a517a38604a716d17b13aeba6689b2de05c6ebf8f0dc6e1d8778ef95ab275968,2024-07,Derbyshire Constabulary,Derbyshire Constabulary,-1.538007,52.776966,On or near Field View,E01019844,South Derbyshire 007A,Violence and sexual offences,Status update unavailable,,2024-07/2024-07-derbyshire-street.csv,E01019844,E02004124,South Derbyshire
97ca3f232eb20d9e8f45dfe6653da2b1b4d38637fe34596120301dced66d4060,2024-07,Derbyshire Constabulary,Derbyshire Constabulary,-1.560817,52.781862,On or near Kings Road,E01019856,South Derbyshire 007B,Violence and sexual offences,Status update unavailable,,2024-07/2024-07-derbyshire-street.csv,E01019856,E02004124,South Derbyshire
4bf644e282d38ded7da2cf41d1a69c91bcbd28f54459e283e904b81acad85ffa,2024-07,Derbyshire Constabulary,Derbyshire Constabulary,-1.567217,52.789814,On or near The Bee Hives,E01019857,South Derbyshire 007C,Violence and sexual offences,Status update unavailable,,2024-07/2024-07-derbyshire-street.csv,E01019857,E02004124,South Derbyshire
f5ec1962c481252ab848d6706622f76d8a4549e883dac8838206c24a4e02e37f,2024-07,Derbyshire Constabulary,Derbyshire Constabulary,-1.575663,52.785916,On or near Hawthorn Rise,E01019860,South Derbyshire 008A,Shoplifting,Unable to prosecute suspect,,2024-07/2024-07-derbyshire-street.csv,E01019860,E02004125,South Derbyshire
5c769d8b2e63dd48cdf76baf9c5850b8d8734e252e281caf382866f2d2de9842,2024-07,Derbyshire Constabulary,Derbyshire Constabulary,-1.578087,52.785178,On or near Tilley Green,E01019861,South Derbyshire 008B,Violence and sexual offences,Status update unavailable,,2024-07/2024-07-derbyshire-street.csv,E01019861,E02004125,South Derbyshire
f5ec1962c481252ab848d6706622f76d8a4549e883dac8838206c24a4e02e37f,2024-07,Derbyshire Constabulary,Derbyshire Constabulary,-1.568804,52.780830,On or near Rambler Close,E01019863,South Derbyshire 008D,Shoplifting,Status update unavailable,,2024-07/2024-07-derbyshire-street.csv,E01019863,E02004125,South Derbyshire
aa865d06a9ee36a4e25894194901558e3a4930ec8882e9e49c938977a2e70032,2024-07,Derbyshire Constabulary,Derbyshire Constabulary,-1.575258,52.780260,On or near St Catherine'S Road,E01019863,South Derbyshire 008D,Violence and sexual offences,Status update unavailable,,2024-07/2024-07-derbyshire-street.csv,E01019863,E02004125,South Derbyshire
53794e7448012c6c895b0c80539871cf615adbbe3c43a4c21c36d19137e692d7,2024-07,Derbyshire Constabulary,Derbyshire Constabulary,-1.578405,52.776756,On or near Parking Area,E01019864,South Derbyshire 008E,Violence and sexual offences,Status update unavailable,,2024-07/2024-07-derbyshire-street.csv,E01019864,E02004125,South Derbyshire
e9d04b6e482f722fe748ec067630a43c40c815c34e62375257da520f655c8d40,2024-07,Derbyshire Constabulary,Derbyshire Constabulary,-1.558774,52.769880,On or near Highfield Street,E01019877,South Derbyshire 009B,Public order,Status update unavailable,,2024-07/2024-07-derbyshire-street.csv,E01019877,E02004126,South Derbyshire
e9d04b6e482f722fe748ec067630a43c40c815c34e62375257da520f655c8d40,2024-07,Derbyshire Constabulary,Derbyshire Constabulary,-1.559222,52.771032,On or near Alexandra Road,E01019877,South Derbyshire 009B,Public order,Unable to prosecute suspect,,2024-07/2024-07-derbyshire-street.csv,E01019877,E02004126,South Derbyshire
4bf644e282d38ded7da2cf41d1a69c91bcbd28f54459e283e904b81acad85ffa,2024-07,Derbyshire Constabulary,Derbyshire Constabulary,-1.553585,52.774292,On or near Drayton Street,E01019877,South Derbyshire 009B,Violence and sexual offences,Unable to prosecute suspect,,2024-07/2024-07-derbyshire-street.csv,E01019877,E02004126,South Derbyshire
a3d41709c1cf33dcbaf542e8bea6322dbd05ff5c7840f1f20c86257f1b663040,2024-07,Derbyshire Constabulary,Derbyshire Constabulary,-1.556647,52.770537,On or near Alleyne Close,E01019877,South Derbyshire 009B,Violence and sexual offences,Status update unavailable,,2024-07/2024-07-derbyshire-street.csv,E01019877,E02004126,South Derbyshire
f5973873533b5106921de0f4df5e6cb68daae76b6670767da2f6020ac3d276cf,2024-07,Derbyshire Constabulary,Derbyshire Constabulary,-1.575205,52.764438,On or near Bramley Dale,E01019879,South Derbyshire 009D,Violence and sexual offences,Status update unavailable,,2024-07/2024-07-derbyshire-street.csv,E01019879,E02004126,South Derbyshire
c6d95f3dd73ff0207d3248f0d5dc72b925c1a61ccdae3898dd0ee3b750a65fb5,2024-07,Derbyshire Constabulary,Derbyshire Constabulary,-1.571025,52.767462,On or near Clifton Close,E01019879,South Derbyshire 009D,Violence and sexual offences,Unable to prosecute suspect,,2024-07/2024-07-derbyshire-street.csv,E01019879,E02004126,South Derbyshire
c35a7b4935f6d97be4a35db119c8f357beeb0a3d89b3db2a37454fef5494d538,2024-07,Derbyshire Constabulary,Derbyshire Constabulary,-1.586983,52.742851,On or near Colliery Lane,E01019851,South Derbyshire 011B,Other crime,Unable to prosecute suspect,,2024-07/2024-07-derbyshire-street.csv,E01019851,E02004128,South Derbyshire
c3365c93c978f08c412820cae540f973273e60ea09fbf3e59ddac3992503416c,2024-07,Derbyshire Constabulary,Derbyshire Constabulary,-1.598731,52.752411,On or near Coton Croft,E01019852,South Derbyshire 011C,Violence and sexual offences,Status update unavailable,,2024-07/2024-07-derbyshire-street.csv,E01019852,E02004128,South Derbyshire
5c769d8b2e63dd48cdf76baf9c5850b8d8734e252e281caf382866f2d2de9842,2024-07,Derbyshire Constabulary,Derbyshire Constabulary,-1.578676,52.716392,On or near Hawthorn Avenue,E01019870,South Derbyshire 011D,Violence and sexual offences,Unable to prosecute suspect,,2024-07/2024-07-derbyshire-street.csv,E01019870,E02004128,South Derbyshire
a517a38604a716d17b13aeba6689b2de05c6ebf8f0dc6e1d8778ef95ab275968,2024-07,Derbyshire Constabulary,Derbyshire Constabulary,-1.567970,52.737767,On or near Supermarket,E01019870,South Derbyshire 011D,Violence and sexual offences,Unable to prosecute suspect,,2024-07/2024-07-derbyshire-street.csv,E01019870,E02004128,South Derbyshire
15197ec8df924577e675978a1dff7d454838736f8ae64453c96b44cf3cb33f04,2024-07,Derbyshire Constabulary,Derbyshire Constabulary,-1.677738,52.759169,On or near Leedhams Croft,E01019871,South Derbyshire 011E,Public order,Unable to prosecute suspect,,2024-07/2024-07-derbyshire-street.csv,E01019871,E02004128,South Derbyshire
effb79f20b203b3d2d0977100bef8b948f63ed55aad13b22181b0651cc760718,2024-07,Derbyshire Constabulary,Derbyshire Constabulary,-1.563379,52.737678,On or near Woodlands Road,E01019872,South Derbyshire 011F,Public order,Court result unavailable,,2024-07/2024-07-derbyshire-street.csv,E01019872,E02004128,South Derbyshire
c6d95f3dd73ff0207d3248f0d5dc72b925c1a61ccdae3898dd0ee3b750a65fb5,2024-07,Derbyshire Constabulary,Derbyshire Constabulary,-1.559635,52.766818,On or near New Street,E01019837,South Derbyshire 012A,Violence and sexual offences,Status update unavailable,,2024-07/2024-07-derbyshire-street.csv,E01019837,E02006919,South Derbyshire
8bc5a25409876444d5e523dc62fe9064595d687b86c3127f46f964e6a63052ba,2024-07,Derbyshire Constabulary,Derbyshire Constabulary,-1.559635,52.766818,On or near New Street,E01019837,South Derbyshire 012A,Violence and sexual offences,Unable to prosecute suspect,,2024-07/2024-07-derbyshire-street.csv,E01019837,E02006919,South Derbyshire
53794e7448012c6c895b0c80539871cf615adbbe3c43a4c21c36d19137e692d7,2024-07,Derbyshire Constabulary,Derbyshire Constabulary,-1.559027,52.763831,On or near Market Street,E01019837,South Derbyshire 012A,Violence and sexual offences,Investigation complete; no suspect identified,,2024-07/2024-07-derbyshire-street.csv,E01019837,E02006919,South Derbyshire
c35a7b4935f6d97be4a35db119c8f357beeb0a3d89b3db2a37454fef5494d538,2024-07,Derbyshire Constabulary,Derbyshire Constabulary,-1.557695,52.760805,On or near Silkstone Close,E01019837,South Derbyshire 012A,Other crime,Status update unavailable,,2024-07/2024-07-derbyshire-street.csv,E01019837,E02006919,South Derbyshire
a3d41709c1cf33dcbaf542e8bea6322dbd05ff5c7840f1f20c86257f1b663040,2024-07,Derbyshire Constabulary,Derbyshire Constabulary,-1.569114,52.762861,On or near George Street,E01033537,South Derbyshire 012E,Violence and sexual offences,Court result unavailable,,2024-07/2024-07-derbyshire-street.csv,E01033537,E02006919,South Derbyshire
f5973873533b5106921de0f4df5e6cb68daae76b6670767da2f6020ac3d276cf,2024-07,Derbyshire Constabulary,Derbyshire Constabulary,-1.579171,52.761890,On or near St Martins Close,E01034654,South Derbyshire 012F,Violence and sexual offences,Local resolution,,2024-07/2024-07-derbyshire-street.csv,E01034654,E02006919,South Derbyshire
97ca3f232eb20d9e8f45dfe6653da2b1b4d38637fe34596120301dced66d4060,2024-07,Derbyshire Constabulary,Derbyshire Constabulary,-1.523339,52.772188,On or near Bretby View,E01019842,South Derbyshire 013A,Violence and sexual offences,Court result unavailable,,2024-07/2024-07-derbyshire-street.csv,E01019842,E02006920,South Derbyshire
d74c460a75a4f18417ac5dcc50467550579ace60358845c3b6d7355a8e1ada9e,2024-07,Derbyshire Constabulary,Derbyshire Constabulary,-1.524144,52.771823,On or near Bell Lane,E01019842,South Derbyshire 013A,Violence and sexual offences,Status update unavailable,,2024-07/2024-07-derbyshire-street.csv,E01019842,E02006920,South Derbyshire
aa865d06a9ee36a4e25894194901558e3a4930ec8882e9e49c938977a2e70032,2024-07,Derbyshire Constabulary,Derbyshire Constabulary,-1.532515,52.770759,On or near Stanley Close,E01019885,South Derbyshire 013C,Violence and sexual offences,Unable to prosecute suspect,,2024-07/2024-07-derbyshire-street.csv,E01019885,E02006920,South Derbyshire
effb79f20b203b3d2d0977100bef8b948f63ed55aad13b22181b0651cc760718,2024-07,Derbyshire Constabulary,Derbyshire Constabulary,-1.534597,52.765877,On or near New Road,E01034656,South Derbyshire 013E,Public order,Status update unavailable,,2024-07/2024-07-derbyshire-street.csv,E01034656,E02006920,South Derbyshire
8bc5a25409876444d5e523dc62fe9064595d687b86c3127f46f964e6a63052ba,2024-07,Derbyshire Constabulary,Derbyshire Constabulary,-1.530895,52.767022,On or near High Street,E01034656,South Derbyshire 013E,Violence and sexual offences,Status update unavailable,,2024-07/2024-07-derbyshire-street.csv,E01034656,E02006920,South Derbyshire
71a8becc05154d47af46cc21511066d6ad46eeea609128a935d528c89d115aaf,2024-08,Derbyshire Constabulary,Derbyshire Constabulary,-1.513099,52.910072,On or near Hospital,E01013542,Derby 017C,Criminal damage and arson,Status update unavailable,,2024-08/2024-08-derbyshire-street.csv,E01013542,E02002812,Derby
00544d98e6ecc97958bb8caea44bd1002d25fedb9223f770cfe7cc8397dbe585,2024-08,Derbyshire Constabulary,Derbyshire Constabulary,-1.515862,52.912996,On or near Supermarket,E01013542,Derby 017C,Violence and sexual offences,Status update unavailable,,2024-08/2024-08-derbyshire-street.csv,E01013542,E02002812,Derby
80a69614aecd37101b3aaffde90e92dd65f797a77ea173ae14d2e85dfe4eb1eb,2024-08,Derbyshire Constabulary,Derbyshire Constabulary,-1.513099,52.910072,On or near Hospital,E01013542,Derby 017C,Violence and sexual offences,Status update unavailable,,2024-08/2024-08-derbyshire-street.csv,E01013542,E02002812,Derby
9182e766194149d0209bf7f221db53a7929805551612f3a2c570896511712a58,2024-08,Derbyshire Constabulary,Derbyshire Constabulary,-1.475379,52.912186,On or near Harriet Street,E01013481,Derby 018A,Public order,Status update unavailable,,2024-08/2024-08-derbyshire-street.csv,E01013481,E02002813,Derby
a8a83daec890e1658315d3e154b7a70c1c97af49fa46ccc8deee99cf3105852b,2024-08,Derbyshire Constabulary,Derbyshire Constabulary,-1.470427,52.904892,On or near Reeves Road,E01013486,Derby 018D,Public order,Court result unavailable,,2024-08/2024-08-derbyshire-street.csv,E01013486,E02002813,Derby
a8a83daec890e1658315d3e154b7a70c1c97af49fa46ccc8deee99cf3105852b,2024-08,Derbyshire Constabulary,Derbyshire Constabulary,-1.470310,52.905943,On or near Leacroft Road,E01013486,Derby 018D,Public order,Status update unavailable,,2024-08/2024-08-derbyshire-street.csv,E01013486,E02002813,Derby
cf1b23ece3f398eacf5f57c8b826e95e84a3a6ec05ff51b7b091e7e760bdef44,2024-08,Derbyshire Constabulary,Derbyshire Constabulary,-1.470310,52.905943,On or near Leacroft Road,E01013486,Derby 018D,Violence and sexual offences,Status update unavailable,,2024-08/2024-08-derbyshire-street.csv,E01013486,E02002813,Derby
cf1b23ece3f398eacf5f57c8b826e95e84a3a6ec05ff51b7b091e7e760bdef44,2024-08,Derbyshire Constabulary,Derbyshire Constabulary,-1.471819,52.906561,On or near Dairy House Road,E01013486,Derby 018D,Violence and sexual offences,Status update unavailable,,2024-08/2024-08-derbyshire-street.csv,E01013486,E02002813,Derby
b62e1be36912f89ce80086b6ba2af076a9fc45146783547382ffaf1c481a6e25,2024-08,Derbyshire Constabulary,Derbyshire Constabulary,-1.473950,52.904988,On or near Petrol Station,E01013487,Derby 018E,Vehicle crime,Status update unavailable,,2024-08/2024-08-derbyshire-street.csv,E01013487,E02002813,Derby
73016ddd09b24df1fb71b9bdb8f8dc3d436d01be3c0af16fd89d7dd2c08b9f62,2024-08,Derbyshire Constabulary,Derbyshire Constabulary,-1.472228,52.914545,On or near Leonard Street,E01033166,Derby 018F,Robbery,Investigation complete; no suspect identified,,2024-08/2024-08-derbyshire-street.csv,E01033166,E02002813,Derby
73016ddd09b24df1fb71b9bdb8f8dc3d436d01be3c0af16fd89d7dd2c08b9f62,2024-08,Derbyshire Constabulary,Derbyshire Constabulary,-1.472228,52.914545,On or near Leonard Street,E01033166,Derby 018F,Robbery,Status update unavailable,,2024-08/2024-08-derbyshire-street.csv,E01033166,E02002813,Derby
6c848b4f950f735646a8c665816fe47cdf10faf031165c3f407b970ec50f9c66,2024-08,Derbyshire Constabulary,Derbyshire Constabulary,-1.464420,52.918196,On or near Calvert Street,E01033166,Derby 018F,Violence and sexual offences,Status update unavailable,,2024-08/2024-08-derbyshire-street.csv,E01033166,E02002813,Derby
5e332492c10edadbb75c9cadf14475c7019b507800d37f5e493f343c5c6e47be,2024-08,Derbyshire Constabulary,Derbyshire Constabulary,-1.466038,52.918473,On or near New Street,E01033166,Derby 018F,Violence and sexual offences,Status update unavailable,,2024-08/2024-08-derbyshire-street.csv,E01033166,E02002813,Derby
6c848b4f950f735646a8c665816fe47cdf10faf031165c3f407b970ec50f9c66,2024-08,Derbyshire Constabulary,Derbyshire Constabulary,-1.462541,52.916183,On or near Derby Midland,E01033167,Derby 018G,Violence and sexual offences,Investigation complete; no suspect identified,,2024-08/2024-08-derbyshire-street.csv,E01033167,E02002813,Derby
5e332492c10edadbb75c9cadf14475c7019b507800d37f5e493f343c5c6e47be,2024-08,Derbyshire Constabulary,Derbyshire Constabulary,-1.467526,52.912277,On or near Sidney Street,E01033167,Derby 018G,Violence and sexual offences,Status update unavailable,,2024-08/2024-08-derbyshire-street.csv,E01033167,E02002813,Derby
d6aa2d1ddb4d601163d3e2cb48554f6232a79790b64a2db2c16170412e926406,2024-08,Derbyshire Constabulary,Derbyshire Constabulary,-1.464583,52.909765,On or near Dexter Street,E01033167,Derby 018G,Violence and sexual offences,Unable to prosecute suspect,,2024-08/2024-08-derbyshire-street.csv,E01033167,E02002813,Derby
d6aa2d1ddb4d601163d3e2cb48554f6232a79790b64a2db2c16170412e926406,2024-08,Derbyshire Constabulary,Derbyshire Constabulary,-1.492118,52.908816,On or near Buller Street,E01013459,Derby 020A,Violence and sexual offences,Status update unavailable,,2024-08/2024-08-derbyshire-street.csv,E01013459,E02002815,Derby
01514602d4832f1d82c48d86b8fda4e96a2312ccabbc90c3321138be775fbbbf,2024-08,Derbyshire Constabulary,Derbyshire Constabulary,-1.487210,52.902583,On or near St Augustine Street,E01013568,Derby 020C,Violence and sexual offences,Status update unavailable,,2024-08/2024-08-derbyshire-street.csv,E01013568,E02002815,Derby
b62e1be36912f89ce80086b6ba2af076a9fc45146783547382ffaf1c481a6e25,2024-08,Derbyshire Constabulary,Derbyshire Constabulary,-1.477702,52.902029,On or near St Thomas Road,E01013569,Derby 020D,Vehicle crime,Status update unavailable,,2024-08/2024-08-derbyshire-street.csv,E01013569,E02002815,Derby
69272ab4e95a1050aff40dd1ab9200f4a4515adb33cf9ef94ec83c8104d234d5,2024-08,Derbyshire Constabulary,Derbyshire Constabulary,-1.477702,52.902029,On or near St Thomas Road,E01013569,Derby 020D,Violence and sexual offences,Status update unavailable,,2024-08/2024-08-derbyshire-street.csv,E01013569,E02002815,Derby
00544d98e6ecc97958bb8caea44bd1002d25fedb9223f770cfe7cc8397dbe585,2024-08,Derbyshire Constabulary,Derbyshire Constabulary,-1.514813,52.911050,On or near Hospital,E01013543,Derby 021C,Violence and sexual offences,Unable to prosecute suspect,,2024-08/2024-08-derbyshire-street.csv,E01013543,E02002816,Derby
b62e1be36912f89ce80086b6ba2af076a9fc45146783547382ffaf1c481a6e25,2024-08,Derbyshire Constabulary,Derbyshire Constabulary,-1.478874,52.898511,On or near Balaclava Road,E01013571,Derby 023B,Vehicle crime,Unable to prosecute suspect,,2024-08/2024-08-derbyshire-street.csv,E01013571,E02002818,Derby
69272ab4e95a1050aff40dd1ab9200f4a4515adb33cf9ef94ec83c8104d234d5,2024-08,Derbyshire Constabulary,Derbyshire Constabulary,-1.480133,52.900125,On or near Chatham Street,E01013571,Derby 023B,Violence and sexual offences,Unable to prosecute suspect,,2024-08/2024-08-derbyshire-street.csv,E01013571,E02002818,Derby
9ab99cf6f8e98cc6ccb89ec0f904273fc7ef58618ef22bbaa4811ad804a409c1,2024-08,Derbyshire Constabulary,Derbyshire Constabulary,-1.477991,52.897797,On or near Hampden Street,E01013571,Derby 023B,Violence and sexual offences,Status update unavailable,,2024-08/2024-08-derbyshire-street.csv,E01013571,E02002818,Derby
9cc9ae6c447d2a41054cc88faa734591ff8329139773265b0d02dfd30484a7e3,2024-08,Derbyshire Constabulary,Derbyshire Constabulary,-1.416774,52.894545,On or near Castleton Court,E01013474,Derby 024B,Violence and sexual offences,Status update unavailable,,2024-08/2024-08-derbyshire-street.csv,E01013474,E02002819,Derby
5a3db14290cf7ce8ee4f330c341509fe3f43de505d5853576af8ee8c05baad3e,2024-08,Derbyshire Constabulary,Derbyshire Constabulary,-1.415106,52.893638,On or near Sledmere Close,E01013474,Derby 024B,Violence and sexual offences,Unable to prosecute suspect,,2024-08/2024-08-derbyshire-street.csv,E01013474,E02002819,Derby
14713ccf1a4282797154ad73ad7f905e4a89a3fd7bbf281961a59bdd437d0352,2024-08,Derbyshire Constabulary,Derbyshire Constabulary,-1.443936,52.902308,On or near Chambers Street,E01033171,Derby 024E,Possession of weapons,Court result unavailable,,2024-08/2024-08-derbyshire-street.csv,E01033171,E02002819,Derby
5ef6a7cf05d86f663a2f9794ceef450dc39c0a2415dde95440b814a155fee5e9,2024-08,Derbyshire Constabulary,Derbyshire Constabulary,-1.443936,52.902308,On or near Chambers Street,E01033171,Derby 024E,Violence and sexual offences,Unable to prosecute suspect,,2024-08/2024-08-derbyshire-street.csv,E01033171,E02002819,Derby
5ef6a7cf05d86f663a2f9794ceef450dc39c0a2415dde95440b814a155fee5e9,2024-08,Derbyshire Constabulary,Derbyshire Constabulary,-1.445816,52.907557,On or near Java Court,E01033171,Derby 024E,Violence and sexual offences,Status update unavailable,,2024-08/2024-08-derbyshire-street.csv,E01033171,E02002819,Derby
ffceb1cb7b8cad28c66312312dba8a8d746db29d283eea4a6a67d9e952700c10,2024-08,Derbyshire Constabulary,Derbyshire Constabulary,-1.443936,52.902308,On or near Chambers Street,E01033171,Derby 024E,Violence and sexual offences,Unable to prosecute suspect,,2024-08/2024-08-derbyshire-street.csv,E01033171,E02002819,Derby
86de209c1356b83bb286d53eb105c61765d0525c44efb26ad0f33eb896651e55,2024-08,Derbyshire Constabulary,Derbyshire Constabulary,-1.448146,52.905626,On or near Rugby Street,E01033172,Derby 024F,Shoplifting,Court result unavailable,,2024-08/2024-08-derbyshire-street.csv,E01033172,E02002819,Derby
86de209c1356b83bb286d53eb105c61765d0525c44efb26ad0f33eb896651e55,2024-08,Derbyshire Constabulary,Derbyshire Constabulary,-1.449904,52.906462,On or near Bowmer Road,E01033172,Derby 024F,Shoplifting,Status update unavailable,,2024-08/2024-08-derbyshire-street.csv,E01033172,E02002819,Derby
170eec33354735a279437f0923f9543b031395d025559bef61498cc48ec0b95e,2024-08,Derbyshire Constabulary,Derbyshire Constabulary,-1.460542,52.916931,On or near Further/Higher Educational Building,E01033172,Derby 024F,Violence and sexual offences,Status update unavailable,,2024-08/2024-08-derbyshire-street.csv,E01033172,E02002819,Derby
01514602d4832f1d82c48d86b8fda4e96a2312ccabbc90c3321138be775fbbbf,2024-08,Derbyshire Constabulary,Derbyshire Constabulary,-1.443377,52.899491,On or near Severn Street,E01013471,Derby 025A,Violence and sexual offences,Unable to prosecute suspect,,2024-08/2024-08-derbyshire-street.csv,E01013471,E02002820,Derby
9cc9ae6c447d2a41054cc88faa734591ff8329139773265b0d02dfd30484a7e3,2024-08,Derbyshire Constabulary,Derbyshire Constabulary,-1.440163,52.898541,On or near Mosedale Close,E01013471,Derby 025A,Violence and sexual offences,Unable to prosecute suspect,,2024-08/2024-08-derbyshire-street.csv,E01013471,E02002820,Derby
d7b0acf8270d4cc25a61ae8064cf0793a6d790b4f94147b119baf2a741d7cef5,2024-08,Derbyshire Constabulary,Derbyshire Constabulary,-1.439503,52.901316,On or near Burnaby Street,E01013471,Derby 025A,Violence and sexual offences,Status update unavailable,,2024-08/2024-08-derbyshire-street.csv,E01013471,E02002820,Derby
14713ccf1a4282797154ad73ad7f905e4a89a3fd7bbf281961a59bdd437d0352,2024-08,Derbyshire Constabulary,Derbyshire Constabulary,-1.432290,52.898135,On or near Beckitt Close,E01013473,Derby 025B,Possession of weapons,Status update unavailable,,2024-08/2024-08-derbyshire-street.csv,E01013473,E02002820,Derby
170eec33354735a279437f0923f9543b031395d025559bef61498cc48ec0b95e,2024-08,Derbyshire Constabulary,Derbyshire Constabulary,-1.434696,52.899423,On or near Wildsmith Street,E01013473,Derby 025B,Violence and sexual offences,Status update unavailable,,2024-08/2024-08-derbyshire-street.csv,E01013473,E02002820,Derby
7c07313c2185d18b3ae8ce74037f21f30193563dc09f42900fd9635ca50f4212,2024-08,Derbyshire Constabulary,Derbyshire Constabulary,-1.442814,52.894679,On or near Benson Street,E01013475,Derby 025C,Public order,Unable to prosecute suspect,,2024-08/2024-08-derbyshire-street.csv,E01013475,E02002820,Derby
c3aa0fd6747b87c23fa2b547ae39b934f71d468b687180ecea567349609c9574,2024-08,Derbyshire Constabulary,Derbyshire Constabulary,-1.444042,52.893975,On or near Burbage Place,E01013475,Derby 025C,Violence and sexual offences,Local resolution,,2024-08/2024-08-derbyshire-street.csv,E01013475,E02002820,Derby
d7b0acf8270d4cc25a61ae8064cf0793a6d790b4f94147b119baf2a741d7cef5,2024-08,Derbyshire Constabulary,Derbyshire Constabulary,-1.437528,52.900039,On or near Westminster Street,E01013477,Derby 025D,Violence and sexual offences,Unable to prosecute suspect,,2024-08/2024-08-derbyshire-street.csv,E01013477,E02002820,Derby
5a3db14290cf7ce8ee4f330c341509fe3f43de505d5853576af8ee8c05baad3e,2024-08,Derbyshire Constabulary,Derbyshire Constabulary,-1.434357,52.891232,On or near Casson Avenue,E01013502,Derby 025E,Violence and sexual offences,Status update unavailable,,2024-08/2024-08-derbyshire-street.csv,E01013502,E02002820,Derby
71a8becc05154d47af46cc21511066d6ad46eeea609128a935d528c89d115aaf,2024-08,Derbyshire Constabulary,Derbyshire Constabulary,-1.444393,52.892384,On or near Petrol Station,E01013472,Derby 026A,Criminal damage and arson,Unable to prosecute suspect,,2024-08/2024-08-derbyshire-street.csv,E01013472,E02002821,Derby
75c263dee95d4656b32556e0984a16f19cc5c01049d8837b639e0b3cbb9078ce,2024-08,Derbyshire Constabulary,Derbyshire Constabulary,-1.448588,52.885987,On or near Chadwick Avenue,E01013497,Derby 026B,Public order,Local resolution,,2024-08/2024-08-derbyshire-street.csv,E01013497,E02002821,Derby
75c263dee95d4656b32556e0984a16f19cc5c01049d8837b639e0b3cbb9078ce,2024-08,Derbyshire Constabulary,Derbyshire Constabulary,-1.449638,52.887556,On or near Greatorex Avenue,E01013497,Derby 026B,Public order,Status update unavailable,,2024-08/2024-08-derbyshire-street.csv,E01013497,E02002821,Derby
9cabae9b028b20420dfbe8e4cbbbfaf8462ec5f507fb84c4dbd0889e9957c182,2024-08,Derbyshire Constabulary,Derbyshire Constabulary,-1.448588,52.885987,On or near Chadwick Avenue,E01013497,Derby 026B,Public order,Status update unavailable,,2024-08/2024-08-derbyshire-street.csv,E01013497,E02002821,Derby
9cabae9b028b20420dfbe8e4cbbbfaf8462ec5f507fb84c4dbd0889e9957c182,2024-08,Derbyshire Constabulary,Derbyshire Constabulary,-1.449003,52.890771,On or near Cockayne Street South,E01013504,Derby 026C,Public order,Status update unavailable,,2024-08/2024-08-derbyshire-street.csv,E01013504,E02002821,Derby
d39e96f82dd03300593ceb49c1c929f6a84c5b2b95160fec4b7c5ce743088ae7,2024-08,Derbyshire Constabulary,Derbyshire Constabulary,-1.449003,52.890771,On or near Cockayne Street South,E01013504,Derby 026C,Public order,Unable to prosecute suspect,,2024-08/2024-08-derbyshire-street.csv,E01013504,E02002821,Derby
9cabae9b028b20420dfbe8e4cbbbfaf8462ec5f507fb84c4dbd0889e9957c182,2024-08,Derbyshire Constabulary,Derbyshire Constabulary,-1.448479,52.889896,On or near Upper Moor Road,E01013504,Derby 026C,Public order,Unable to prosecute suspect,,2024-08/2024-08-derbyshire-street.csv,E01013504,E02002821,Derby
473d224a51b201a8bc99b6aceb1ab22312478255ac1738a8db9d0fba421f3701,2024-08,Derbyshire Constabulary,Derbyshire Constabulary,-1.450037,52.890119,On or near Mellor Street,E01013504,Derby 026C,Violence and sexual offences,Unable to prosecute suspect,,2024-08/2024-08-derbyshire-street.csv,E01013504,E02002821,Derby
ffceb1cb7b8cad28c66312312dba8a8d746db29d283eea4a6a67d9e952700c10,2024-08,Derbyshire Constabulary,Derbyshire Constabulary,-1.445643,52.890809,On or near Penalton Close,E01013504,Derby 026C,Violence and sexual offences,Status update unavailable,,2024-08/2024-08-derbyshire-street.csv,E01013504,E02002821,Derby
473d224a51b201a8bc99b6aceb1ab22312478255ac1738a8db9d0fba421f3701,2024-08,Derbyshire Constabulary,Derbyshire Constabulary,-1.449003,52.890771,On or near Cockayne Street South,E01013504,Derby 026C,Violence and sexual offences,Status update unavailable,,2024-08/2024-08-derbyshire-street.csv,E01013504,E02002821,Derby
5e332492c10edadbb75c9cadf14475c7019b507800d37f5e493f343c5c6e47be,2024-08,Derbyshire Constabulary,Derbyshire Constabulary,-1.448620,52.889358,On or near Harrington Street,E01013504,Derby 026C,Violence and sexual offences,Unable to prosecute suspect,,2024-08/2024-08-derbyshire-street.csv,E01013504,E02002821,Derby
d39e96f82dd03300593ceb49c1c929f6a84c5b2b95160fec4b7c5ce743088ae7,2024-08,Derbyshire Constabulary,Derbyshire Constabulary,-1.457421,52.893938,On or near Fenwick Street,E01013583,Derby 026D,Public order,Status update unavailable,,2024-08/2024-08-derbyshire-street.csv,E01013583,E02002821,Derby
80a69614aecd37101b3aaffde90e92dd65f797a77ea173ae14d2e85dfe4eb1eb,2024-08,Derbyshire Constabulary,Derbyshire Constabulary,-1.463981,52.902766,On or near Police Station,E01013590,Derby 026E,Violence and sexual offences,Investigation complete; no suspect identified,,2024-08/2024-08-derbyshire-street.csv,E01013590,E02002821,Derby
c3aa0fd6747b87c23fa2b547ae39b934f71d468b687180ecea567349609c9574,2024-08,Derbyshire Constabulary,Derbyshire Constabulary,-1.458271,52.894913,On or near Buchan Street,E01013591,Derby 026F,Violence and sexual offences,Status update unavailable,,2024-08/2024-08-derbyshire-street.csv,E01013591,E02002821,Derby
7c07313c2185d18b3ae8ce74037f21f30193563dc09f42900fd9635ca50f4212,2024-08,Derbyshire Constabulary,Derbyshire Constabulary,-1.436679,52.888663,On or near Boulton Lane,E01013499,Derby 028C,Public order,Status update unavailable,,2024-08/2024-08-derbyshire-street.csv,E01013499,E02002823,Derby
f08e97ca0c00567ddc3f5964b4fbafabcf218a8fd799814dfd0144629f128b4f,2024-08,Derbyshire Constabulary,Derbyshire Constabulary,-1.425960,52.893386,On or near Courtland Gardens,E01013501,Derby 028E,Theft from the person,Status update unavailable,,2024-08/2024-08-derbyshire-street.csv,E01013501,E02002823,Derby
db3a6f34c877ba2f334347ea4eb5b0f86b54b2b127501f6b4f0c227ddd69eac8,2024-08,Derbyshire Constabulary,Derbyshire Constabulary,-1.481291,52.886565,On or near Kingsley Street,E01013584,Derby 029A,Criminal damage and arson,Status update unavailable,,2024-08/2024-08-derbyshire-street.csv,E01013584,E02002824,Derby
383ec7ca322c608077cba6229bb8861fc927e00bf92df184f1ab27e680c38402,2024-08,Derbyshire Constabulary,Derbyshire Constabulary,-1.472261,52.894672,On or near Supermarket,E01013584,Derby 029A,Violence and sexual offences,Unable to prosecute suspect,,2024-08/2024-08-derbyshire-street.csv,E01013584,E02002824,Derby
383ec7ca322c608077cba6229bb8861fc927e00bf92df184f1ab27e680c38402,2024-08,Derbyshire Constabulary,Derbyshire Constabulary,-1.474326,52.894796,On or near Peak Drive,E01013584,Derby 029A,Violence and sexual offences,Status update unavailable,,2024-08/2024-08-derbyshire-street.csv,E01013584,E02002824,Derby
db3a6f34c877ba2f334347ea4eb5b0f86b54b2b127501f6b4f0c227ddd69eac8,2024-08,Derbyshire Constabulary,Derbyshire Constabulary,-1.483243,52.886106,On or near Barrie Drive,E01013585,Derby 029B,Criminal damage and arson,Local resolution,,2024-08/2024-08-derbyshire-street.csv,E01013585,E02002824,Derby
db3a6f34c877ba2f334347ea4eb5b0f86b54b2b127501f6b4f0c227ddd69eac8,2024-08,Derbyshire Constabulary,Derbyshire Constabulary,-1.481301,52.885747,On or near Shakespeare Street,E01013585,Derby 029B,Criminal damage and arson,Status update unavailable,,2024-08/2024-08-derbyshire-street.csv,E01013585,E02002824,Derby
9ab99cf6f8e98cc6ccb89ec0f904273fc7ef58618ef22bbaa4811ad804a409c1,2024-08,Derbyshire Constabulary,Derbyshire Constabulary,-1.492606,52.883576,On or near Aviemore Way,E01013585,Derby 029B,Violence and sexual offences,Unable to prosecute suspect,,2024-08/2024-08-derbyshire-street.csv,E01013585,E02002824,Derby
3cc609cdb45ea2ea723df703454303d3e08ff05b67b4cfa74506b5378f674f23,2024-08,Derbyshire Constabulary,Derbyshire Constabulary,-1.497974,52.879436,On or near Lindisfarne Close,E01013586,Derby 029C,Violence and sexual offences,Status update unavailable,,2024-08/2024-08-derbyshire-street.csv,E01013586,E02002824,Derby
0100effc39c7b08395142a1d54f9c17c7ee793c5610420d6f751b5747ff0cadd,2024-08,Derbyshire Constabulary,Derbyshire Constabulary,-1.497117,52.881590,On or near Stockdove Close,E01013586,Derby 029C,Violence and sexual offences,Status update unavailable,,2024-08/2024-08-derbyshire-street.csv,E01013586,E02002824,Derby
0100effc39c7b08395142a1d54f9c17c7ee793c5610420d6f751b5747ff0cadd,2024-08,Derbyshire Constabulary,Derbyshire Constabulary,-1.497920,52.880209,On or near Peregrine Close,E01013586,Derby 029C,Violence and sexual offences,Unable to prosecute suspect,,2024-08/2024-08-derbyshire-street.csv,E01013586,E02002824,Derby
9182e766194149d0209bf7f221db53a7929805551612f3a2c570896511712a58,2024-08,Derbyshire Constabulary,Derbyshire Constabulary,-1.452357,52.882876,On or near Sinfin Avenue,E01013517,Derby 030B,Public order,Investigation complete; no suspect identified,,2024-08/2024-08-derbyshire-street.csv,E01013517,E02002825,Derby
214056250f7a8f3ef075a482384ba812ef4d7e6b9d947ee588faa441b3091396,2024-08,Derbyshire Constabulary,Derbyshire Constabulary,-1.446369,52.882857,On or near Woodlands Avenue,E01013518,Derby 030C,Other theft,Status update unavailable,,2024-08/2024-08-derbyshire-street.csv,E01013518,E02002825,Derby
f08e97ca0c00567ddc3f5964b4fbafabcf218a8fd799814dfd0144629f128b4f,2024-08,Derbyshire Constabulary,Derbyshire Constabulary,-1.436951,52.872241,On or near Diseworth Close,E01013514,Derby 031A,Theft from the person,Unable to prosecute suspect,,2024-08/2024-08-derbyshire-street.csv,E01013514,E02002826,Derby
214056250f7a8f3ef075a482384ba812ef4d7e6b9d947ee588faa441b3091396,2024-08,Derbyshire Constabulary,Derbyshire Constabulary,-1.427546,52.873428,On or near Acrefield Way,E01013519,Derby 031C,Other theft,Unable to prosecute suspect,,2024-08/2024-08-derbyshire-street.csv,E01013519,E02002826,Derby
9df48d0e6d2663542606ed01f48cce4e326ff02ec30af8bfe172f4b5d5add643,2024-08,Derbyshire Constabulary,Derbyshire Constabulary,-1.651797,52.784581,On or near Faldo Close,E01029414,East Staffordshire 013B,Violence and sexual offences,Status update unavailable,,2024-08/2024-08-derbyshire-street.csv,E01029414,E02006143,East Staffordshire
38e3124f8e09a3a4c1a56f85cb2759072770b80ebd18c25fcaf97c399ffc1e48,2024-08,Derbyshire Constabulary,Derbyshire Constabulary,-1.347414,52.894679,On or near Cleveland Avenue,E01019654,Erewash 013C,Criminal damage and arson,Status update unavailable,,2024-08/2024-08-derbyshire-street.csv,E01019654,E02004090,Erewash
38e3124f8e09a3a4c1a56f85cb2759072770b80ebd18c25fcaf97c399ffc1e48,2024-08,Derbyshire Constabulary,Derbyshire Constabulary,-1.284826,52.883460,On or near Roosevelt Avenue,E01019698,Erewash 014F,Criminal damage and arson,Unable to prosecute suspect,,2024-08/2024-08-derbyshire-street.csv,E01019698,E02004091,Erewash
d20692aab0767698039b6e6c00a357e71de56fcfe67d66babeb117f5d64a3345,2024-08,Derbyshire Constabulary,Derbyshire Constabulary,-1.297321,52.879039,On or near Chantry Close,E01019700,Erewash 015C,Violence and sexual offences,Unable to prosecute suspect,,2024-08/2024-08-derbyshire-street.csv,E01019700,E02004092,Erewash
d20692aab0767698039b6e6c00a357e71de56fcfe67d66babeb117f5d64a3345,2024-08,Derbyshire Constabulary,Derbyshire Constabulary,-1.285421,52.886115,On or near Tamworth Road,E01019705,Erewash 015D,Violence and sexual offences,Status update unavailable,,2024-08/2024-08-derbyshire-street.csv,E01019705,E02004092,Erewash
4aab8c303020af31c911bb5f48447c84043dcd7521303c1f50955e0a1f36d210,2024-08,Derbyshire Constabulary,Derbyshire Constabulary,-1.401466,52.819811,On or near Wilson Rise,E01025924,North West Leicestershire 001A,Other crime,Status update unavailable,,2024-08/2024-08-derbyshire-street.csv,E01025924,E02005397,North West Leicestershire
c955ebe457011f69640421b9c8e5b9a059d2402fa376884248ff8f60c0ace44c,2024-08,Derbyshire Constabulary,Derbyshire Constabulary,-1.461693,52.746852,On or near Flora Grove,E01035101,North West Leicestershire 003F,Violence and sexual offences,Unable to prosecute suspect,,2024-08/2024-08-derbyshire-street.csv,E01035101,E02005399,North West Leicestershire
cf1b23ece3f398eacf5f57c8b826e95e84a3a6ec05ff51b7b091e7e760bdef44,2024-08,Derbyshire Constabulary,Derbyshire Constabulary,-1.501227,52.878236,On or near Braemar Close,E01019875,South Derbyshire 003C,Violence and sexual offences,Unable to prosecute suspect,,2024-08/2024-08-derbyshire-street.csv,E01019875,E02004120,South Derbyshire
9df48d0e6d2663542606ed01f48cce4e326ff02ec30af8bfe172f4b5d5add643,2024-08,Derbyshire Constabulary,Derbyshire Constabulary,-1.504393,52.875490,On or near Monks Close,E01019875,South Derbyshire 003C,Violence and sexual offences,Unable to prosecute suspect,,2024-08/2024-08-derbyshire-street.csv,E01019875,E02004120,South Derbyshire
d4f198519e9c069990b31c137a6addfed5f18f9d56dcbece602c62e17ec4d70d,2024-08,Derbyshire Constabulary,Derbyshire Constabulary,-1.565001,52.854458,On or near Willow Grove,E01019882,South Derbyshire 003E,Other crime,Status update unavailable,,2024-08/2024-08-derbyshire-street.csv,E01019882,E02004120,South Derbyshire
d4f198519e9c069990b31c137a6addfed5f18f9d56dcbece602c62e17ec4d70d,2024-08,Derbyshire Constabulary,Derbyshire Constabulary,-1.564119,52.863921,On or near Petrol Station,E01019882,South Derbyshire 003E,Other crime,Unable to prosecute suspect,,2024-08/2024-08-derbyshire-street.csv,E01019882,E02004120,South Derbyshire
bf0deee40f4f31f616975f0e4f7b60fa6290ef969f04b6263bccd6d04bfeaa7b,2024-08,Derbyshire Constabulary,Derbyshire Constabulary,-1.536028,52.887789,On or near Elvaston Drive,E01034650,South Derbyshire 003F,Public order,Unable to prosecute suspect,,2024-08/2024-08-derbyshire-street.csv,E01034650,E02004120,South Derbyshire
bf0deee40f4f31f616975f0e4f7b60fa6290ef969f04b6263bccd6d04bfeaa7b,2024-08,Derbyshire Constabulary,Derbyshire Constabulary,-1.529360,52.888761,On or near Somerton Close,E01034650,South Derbyshire 003F,Public order,Status update unavailable,,2024-08/2024-08-derbyshire-street.csv,E01034650,E02004120,South Derbyshire
3cc609cdb45ea2ea723df703454303d3e08ff05b67b4cfa74506b5378f674f23,2024-08,Derbyshire Constabulary,Derbyshire Constabulary,-1.528459,52.889566,On or near Dudley Drive,E01034650,South Derbyshire 003F,Violence and sexual offences,Status update unavailable,,2024-08/2024-08-derbyshire-street.csv,E01034650,E02004120,South Derbyshire
791e28426bab5a39635f3839773be273af247bf7a46abe7d83ba34619955c4ad,2024-08,Derbyshire Constabulary,Derbyshire Constabulary,-1.536028,52.887789,On or near Elvaston Drive,E01034650,South Derbyshire 003F,Violence and sexual offences,Unable to prosecute suspect,,2024-08/2024-08-derbyshire-street.csv,E01034650,E02004120,South Derbyshire
791e28426bab5a39635f3839773be273af247bf7a46abe7d83ba34619955c4ad,2024-08,Derbyshire Constabulary,Derbyshire Constabulary,-1.534933,52.887336,On or near Barden Road,E01034650,South Derbyshire 003F,Violence and sexual offences,Status update unavailable,,2024-08/2024-08-derbyshire-street.csv,E01034650,E02004120,South Derbyshire
3cc609cdb45ea2ea723df703454303d3e08ff05b67b4cfa74506b5378f674f23,2024-08,Derbyshire Constabulary,Derbyshire Constabulary,-1.391252,52.888179,On or near Barrons Court,E01019832,South Derbyshire 004A,Violence and sexual offences,Unable to prosecute suspect,,2024-08/2024-08-derbyshire-street.csv,E01019832,E02004121,South Derbyshire
4aab8c303020af31c911bb5f48447c84043dcd7521303c1f50955e0a1f36d210,2024-08,Derbyshire Constabulary,Derbyshire Constabulary,-1.427110,52.828649,On or near Pack Horse Road,E01019853,South Derbyshire 006B,Other crime,Status update unavailable,,2024-08/2024-08-derbyshire-street.csv,E01019853,E02004123,South Derbyshire
4aab8c303020af31c911bb5f48447c84043dcd7521303c1f50955e0a1f36d210,2024-08,Derbyshire Constabulary,Derbyshire Constabulary,-1.420697,52.826559,On or near Carr Brook Way,E01019854,South Derbyshire 006C,Other crime,Unable to prosecute suspect,,2024-08/2024-08-derbyshire-street.csv,E01019854,E02004123,South Derbyshire
c5859d85b66cf173201cfdff8e50b9fd0236562c7e8743036874eadb5a87b110,2024-08,Derbyshire Constabulary,Derbyshire Constabulary,-1.571210,52.789460,On or near Wood Lane,E01019860,South Derbyshire 008A,Violence and sexual offences,Status update unavailable,,2024-08/2024-08-derbyshire-street.csv,E01019860,E02004125,South Derbyshire
4d10001ba33f9c0963a1b07adec78dffbe3ef6871ba5669d3a154bde177a5856,2024-08,Derbyshire Constabulary,Derbyshire Constabulary,-1.573755,52.783877,On or near Orchard Street,E01019861,South Derbyshire 008B,Violence and sexual offences,Unable to prosecute suspect,,2024-08/2024-08-derbyshire-street.csv,E01019861,E02004125,South Derbyshire
486be238361b65d8fb1212daf47e054f37f5e6efdf6c1ae54536d39879e16dc6,2024-08,Derbyshire Constabulary,Derbyshire Constabulary,-1.579663,52.780096,On or near Oversetts Road,E01019864,South Derbyshire 008E,Violence and sexual offences,Status update unavailable,,2024-08/2024-08-derbyshire-street.csv,E01019864,E02004125,South Derbyshire
486be238361b65d8fb1212daf47e054f37f5e6efdf6c1ae54536d39879e16dc6,2024-08,Derbyshire Constabulary,Derbyshire Constabulary,-1.573448,52.774401,On or near Moonstone Way,E01019865,South Derbyshire 008F,Violence and sexual offences,Unable to prosecute suspect,,2024-08/2024-08-derbyshire-street.csv,E01019865,E02004125,South Derbyshire
0693835db2a7717ad1eef3e6c5ab1fe2f4cb8892d60cf0ab7dae0e85daa8919b,2024-08,Derbyshire Constabulary,Derbyshire Constabulary,-1.573487,52.777916,On or near The Pastures,E01019865,South Derbyshire 008F,Violence and sexual offences,Status update unavailable,,2024-08/2024-08-derbyshire-street.csv,E01019865,E02004125,South Derbyshire
4d10001ba33f9c0963a1b07adec78dffbe3ef6871ba5669d3a154bde177a5856,2024-08,Derbyshire Constabulary,Derbyshire Constabulary,-1.557422,52.775988,On or near Rowley Court,E01019877,South Derbyshire 009B,Violence and sexual offences,Status update unavailable,,2024-08/2024-08-derbyshire-street.csv,E01019877,E02004126,South Derbyshire
1a982fd8e28fc0bb09d5ed46bcc05c23f62d410d4000e8ce19d5ffcf31b2fa4a,2024-08,Derbyshire Constabulary,Derbyshire Constabulary,-1.558774,52.769880,On or near Highfield Street,E01019877,South Derbyshire 009B,Violence and sexual offences,Status update unavailable,,2024-08/2024-08-derbyshire-street.csv,E01019877,E02004126,South Derbyshire
c5859d85b66cf173201cfdff8e50b9fd0236562c7e8743036874eadb5a87b110,2024-08,Derbyshire Constabulary,Derbyshire Constabulary,-1.567910,52.767810,On or near Walton Close,E01019878,South Derbyshire 009C,Violence and sexual offences,Unable to prosecute suspect,,2024-08/2024-08-derbyshire-street.csv,E01019878,E02004126,South Derbyshire
1a982fd8e28fc0bb09d5ed46bcc05c23f62d410d4000e8ce19d5ffcf31b2fa4a,2024-08,Derbyshire Constabulary,Derbyshire Constabulary,-1.577924,52.765275,On or near Newman Drive,E01034654,South Derbyshire 012F,Violence and sexual offences,Status update unavailable,,2024-08/2024-08-derbyshire-street.csv,E01034654,E02006919,South Derbyshire
c955ebe457011f69640421b9c8e5b9a059d2402fa376884248ff8f60c0ace44c,2024-08,Derbyshire Constabulary,Derbyshire Constabulary,-1.585575,52.760151,On or near Suffolk Way,E01034655,South Derbyshire 012G,Violence and sexual offences,Status update unavailable,,2024-08/2024-08-derbyshire-street.csv,E01034655,E02006919,South Derbyshire
0693835db2a7717ad1eef3e6c5ab1fe2f4cb8892d60cf0ab7dae0e85daa8919b,2024-08,Derbyshire Constabulary,Derbyshire Constabulary,-1.535428,52.769971,On or near Petrol Station,E01034656,South Derbyshire 013E,Violence and sexual offences,Court result unavailable,,2024-08/2024-08-derbyshire-street.csv,E01034656,E02006920,South Derbyshire
f6cb92af673a1894ec0fad6660fa526053367ab86120277185c0121027a6308b,2024-09,Derbyshire Constabulary,Derbyshire Constabulary,-1.406550,52.916069,On or near Willowcroft Road,E01013595,Derby 014B,Violence and sexual offences,Status update unavailable,,2024-09/2024-09-derbyshire-street.csv,E01013595,E02002809,Derby
44c88d80de5cad596341d949b7ec82c90b7d37cd2818353d4abb31f76594d7d8,2024-09,Derbyshire Constabulary,Derbyshire Constabulary,-1.396824,52.917180,On or near Trent Rise,E01013597,Derby 014C,Violence and sexual offences,Status update unavailable,,2024-09/2024-09-derbyshire-street.csv,E01013597,E02002809,Derby
9f4ddcf22a809f03d01cf69ca5804efdf207b8bb0243321109c17b61c3f25d4a,2024-09,Derbyshire Constabulary,Derbyshire Constabulary,-1.495880,52.910072,On or near Burton Road,E01013458,Derby 017B,Violence and sexual offences,Status update unavailable,,2024-09/2024-09-derbyshire-street.csv,E01013458,E02002812,Derby
362de6935054bfa0bdcebf499261b3d6b62123db525d7ea4c54229693a4d0eab,2024-09,Derbyshire Constabulary,Derbyshire Constabulary,-1.477662,52.909050,On or near Holmes Street,E01013484,Derby 018C,Public order,Status update unavailable,,2024-09/2024-09-derbyshire-street.csv,E01013484,E02002813,Derby
c4f93e6d3bd6b82e585b4ab74b66db17493716a91026c0f6ad8e7fd7c1d3312b,2024-09,Derbyshire Constabulary,Derbyshire Constabulary,-1.477675,52.908034,On or near Corden Street,E01013484,Derby 018C,Violence and sexual offences,Status update unavailable,,2024-09/2024-09-derbyshire-street.csv,E01013484,E02002813,Derby
360b0356ab506e32a9b9fbb9af0c44511e8b20426564d1f291df4bdabfbb45bb,2024-09,Derbyshire Constabulary,Derbyshire Constabulary,-1.470310,52.905943,On or near Leacroft Road,E01013486,Derby 018D,Public order,Status update unavailable,,2024-09/2024-09-derbyshire-street.csv,E01013486,E02002813,Derby
360b0356ab506e32a9b9fbb9af0c44511e8b20426564d1f291df4bdabfbb45bb,2024-09,Derbyshire Constabulary,Derbyshire Constabulary,-1.471641,52.904079,On or near Holcombe Street,E01013487,Derby 018E,Public order,Unable to prosecute suspect,,2024-09/2024-09-derbyshire-street.csv,E01013487,E02002813,Derby
362de6935054bfa0bdcebf499261b3d6b62123db525d7ea4c54229693a4d0eab,2024-09,Derbyshire Constabulary,Derbyshire Constabulary,-1.475932,52.903298,On or near Rutland Street,E01013487,Derby 018E,Public order,Unable to prosecute suspect,,2024-09/2024-09-derbyshire-street.csv,E01013487,E02002813,Derby
c4f93e6d3bd6b82e585b4ab74b66db17493716a91026c0f6ad8e7fd7c1d3312b,2024-09,Derbyshire Constabulary,Derbyshire Constabulary,-1.471641,52.904079,On or near Holcombe Street,E01013487,Derby 018E,Violence and sexual offences,Investigation complete; no suspect identified,,2024-09/2024-09-derbyshire-street.csv,E01013487,E02002813,Derby
0a92b7f340885b1225d2a0726468db1272c9877c06c5a4bf1938138e389d487e,2024-09,Derbyshire Constabulary,Derbyshire Constabulary,-1.465150,52.916905,On or near Midland Place,E01033166,Derby 018F,Public order,Status update unavailable,,2024-09/2024-09-derbyshire-street.csv,E01033166,E02002813,Derby
755e33775fe8ff857429083d8dd6ac3cd5fc775bb567904661941d09f5520f3b,2024-09,Derbyshire Constabulary,Derbyshire Constabulary,-1.469484,52.923657,On or near Meadow Road,E01033166,Derby 018F,Public order,Status update unavailable,,2024-09/2024-09-derbyshire-street.csv,E01033166,E02002813,Derby
65b09e2c83afc03742739fe0ea67c09fc55309a433ea5b335673cf2957897c3a,2024-09,Derbyshire Constabulary,Derbyshire Constabulary,-1.474650,52.914682,On or near Hartington Street,E01033166,Derby 018F,Violence and sexual offences,Court result unavailable,,2024-09/2024-09-derbyshire-street.csv,E01033166,E02002813,Derby
55bff6a8ed4deb38e793d650e38a3fc8564ab7d2c04fd0bfa38c27e550c59a4e,2024-09,Derbyshire Constabulary,Derbyshire Constabulary,-1.476317,52.913332,On or near Parking Area,E01033166,Derby 018F,Violence and sexual offences,Status update unavailable,,2024-09/2024-09-derbyshire-street.csv,E01033166,E02002813,Derby
b131d37eb509a57877939ef997a9601fffa612a4c0102cd3ce71572bbf3c645d,2024-09,Derbyshire Constabulary,Derbyshire Constabulary,-1.463534,52.914030,On or near Parking Area,E01033167,Derby 018G,Violence and sexual offences,Unable to prosecute suspect,,2024-09/2024-09-derbyshire-street.csv,E01033167,E02002813,Derby
65b09e2c83afc03742739fe0ea67c09fc55309a433ea5b335673cf2957897c3a,2024-09,Derbyshire Constabulary,Derbyshire Constabulary,-1.465525,52.915387,On or near Midland Road,E01033167,Derby 018G,Violence and sexual offences,Status update unavailable,,2024-09/2024-09-derbyshire-street.csv,E01033167,E02002813,Derby
4224b09a8492c49b126a81d5e419c0d58c204fdc9ec63442c43366477aed541e,2024-09,Derbyshire Constabulary,Derbyshire Constabulary,-1.536701,52.895793,On or near Haven Baulk Lane,E01013540,Derby 019A,Violence and sexual offences,Unable to prosecute suspect,,2024-09/2024-09-derbyshire-street.csv,E01013540,E02002814,Derby
4224b09a8492c49b126a81d5e419c0d58c204fdc9ec63442c43366477aed541e,2024-09,Derbyshire Constabulary,Derbyshire Constabulary,-1.536701,52.895793,On or near Haven Baulk Lane,E01013540,Derby 019A,Violence and sexual offences,Status update unavailable,,2024-09/2024-09-derbyshire-street.csv,E01013540,E02002814,Derby
a4c26b35ff357985da156f894509972ca26428ecdd39ba69c1d9af5d1f7f820d,2024-09,Derbyshire Constabulary,Derbyshire Constabulary,-1.505062,52.896411,On or near Orchard Close,E01013489,Derby 022B,Public order,Status update unavailable,,2024-09/2024-09-derbyshire-street.csv,E01013489,E02002817,Derby
f6cb92af673a1894ec0fad6660fa526053367ab86120277185c0121027a6308b,2024-09,Derbyshire Constabulary,Derbyshire Constabulary,-1.513505,52.900374,On or near Burns Close,E01013490,Derby 022C,Violence and sexual offences,Unable to prosecute suspect,,2024-09/2024-09-derbyshire-street.csv,E01013490,E02002817,Derby
0a92b7f340885b1225d2a0726468db1272c9877c06c5a4bf1938138e389d487e,2024-09,Derbyshire Constabulary,Derbyshire Constabulary,-1.486618,52.893564,On or near Dickens Square,E01013573,Derby 023D,Public order,Unable to prosecute suspect,,2024-09/2024-09-derbyshire-street.csv,E01013573,E02002818,Derby
fc10b7b8dd63ff60724d29c471476c99e60a579a707125654629c995265e3094,2024-09,Derbyshire Constabulary,Derbyshire Constabulary,-1.485763,52.894253,On or near Blackmore Street,E01013573,Derby 023D,Violence and sexual offences,Court result unavailable,,2024-09/2024-09-derbyshire-street.csv,E01013573,E02002818,Derby
feac456e1a1eb965f59e36a467016a111c15d41e243fc70ec745be7bb5395ea6,2024-09,Derbyshire Constabulary,Derbyshire Constabulary,-1.445816,52.907557,On or near Java Court,E01033171,Derby 024E,Violence and sexual offences,Unable to prosecute suspect,,2024-09/2024-09-derbyshire-street.csv,E01033171,E02002819,Derby
e200b663cd0cd81a91ce4bb1fe172ecae6a0cc4ec2d63851dd66052d2b506032,2024-09,Derbyshire Constabulary,Derbyshire Constabulary,-1.451784,52.907180,On or near Warwick Street,E01033172,Derby 024F,Vehicle crime,Unable to prosecute suspect,,2024-09/2024-09-derbyshire-street.csv,E01033172,E02002819,Derby
feac456e1a1eb965f59e36a467016a111c15d41e243fc70ec745be7bb5395ea6,2024-09,Derbyshire Constabulary,Derbyshire Constabulary,-1.446260,52.907739,On or near Pacific Way,E01033172,Derby 024F,Violence and sexual offences,Status update unavailable,,2024-09/2024-09-derbyshire-street.csv,E01033172,E02002819,Derby
0420ad7cf3ecafe4eeeecb1f714cfcc08a01b089441a525c9a1ec031fa5b27df,2024-09,Derbyshire Constabulary,Derbyshire Constabulary,-1.442788,52.900208,On or near Beatty Street,E01013471,Derby 025A,Violence and sexual offences,Status update unavailable,,2024-09/2024-09-derbyshire-street.csv,E01013471,E02002820,Derby
9407b108d584b50265fdb563daca577a14eea516203e5d4724a9bc0906f5c757,2024-09,Derbyshire Constabulary,Derbyshire Constabulary,-1.441810,52.888400,On or near Holtlands Drive,E01013503,Derby 025F,Public order,Status update unavailable,,2024-09/2024-09-derbyshire-street.csv,E01013503,E02002820,Derby
3a2ca050cd45fffc959efe493cef51430314e41b75679bb3a72423c20f3a5b80,2024-09,Derbyshire Constabulary,Derbyshire Constabulary,-1.452786,52.892541,On or near Shopping Area,E01013472,Derby 026A,Violence and sexual offences,Unable to prosecute suspect,,2024-09/2024-09-derbyshire-street.csv,E01013472,E02002821,Derby
3a2ca050cd45fffc959efe493cef51430314e41b75679bb3a72423c20f3a5b80,2024-09,Derbyshire Constabulary,Derbyshire Constabulary,-1.452786,52.892541,On or near Shopping Area,E01013472,Derby 026A,Violence and sexual offences,Status update unavailable,,2024-09/2024-09-derbyshire-street.csv,E01013472,E02002821,Derby
310ea63ad75d5004301835e77436b49b8ac967a36724cdc9ba73ffa5fd7ec1cb,2024-09,Derbyshire Constabulary,Derbyshire Constabulary,-1.452786,52.892541,On or near Shopping Area,E01013472,Derby 026A,Violence and sexual offences,Status update unavailable,,2024-09/2024-09-derbyshire-street.csv,E01013472,E02002821,Derby
f9ede4225973d0b7c6984c099e75908d84a492b3d4cda10c89d11d9e9a1d9b97,2024-09,Derbyshire Constabulary,Derbyshire Constabulary,-1.448588,52.885987,On or near Chadwick Avenue,E01013497,Derby 026B,Possession of weapons,Status update unavailable,,2024-09/2024-09-derbyshire-street.csv,E01013497,E02002821,Derby
30400ebec1934ae47f8347cbee93c116debe575240544e46639d75ce59f31a51,2024-09,Derbyshire Constabulary,Derbyshire Constabulary,-1.454104,52.888205,On or near Brookhouse Street,E01013497,Derby 026B,Public order,Unable to prosecute suspect,,2024-09/2024-09-derbyshire-street.csv,E01013497,E02002821,Derby
30400ebec1934ae47f8347cbee93c116debe575240544e46639d75ce59f31a51,2024-09,Derbyshire Constabulary,Derbyshire Constabulary,-1.455368,52.889326,On or near Lord Street,E01013497,Derby 026B,Public order,Status update unavailable,,2024-09/2024-09-derbyshire-street.csv,E01013497,E02002821,Derby
f9ede4225973d0b7c6984c099e75908d84a492b3d4cda10c89d11d9e9a1d9b97,2024-09,Derbyshire Constabulary,Derbyshire Constabulary,-1.449003,52.890771,On or near Cockayne Street South,E01013504,Derby 026C,Possession of weapons,Status update unavailable,,2024-09/2024-09-derbyshire-street.csv,E01013504,E02002821,Derby
f9ede4225973d0b7c6984c099e75908d84a492b3d4cda10c89d11d9e9a1d9b97,2024-09,Derbyshire Constabulary,Derbyshire Constabulary,-1.448479,52.889896,On or near Upper Moor Road,E01013504,Derby 026C,Possession of weapons,Unable to prosecute suspect,,2024-09/2024-09-derbyshire-street.csv,E01013504,E02002821,Derby
21000e00066f70f73991140157546e6a4f2b6065fce13a55d0084d2103cb8ea9,2024-09,Derbyshire Constabulary,Derbyshire Constabulary,-1.451020,52.891140,On or near Turner Street,E01013504,Derby 026C,Violence and sexual offences,Unable to prosecute suspect,,2024-09/2024-09-derbyshire-street.csv,E01013504,E02002821,Derby
44c88d80de5cad596341d949b7ec82c90b7d37cd2818353d4abb31f76594d7d8,2024-09,Derbyshire Constabulary,Derbyshire Constabulary,-1.446937,52.891921,On or near Ashby Street,E01013504,Derby 026C,Violence and sexual offences,Unable to prosecute suspect,,2024-09/2024-09-derbyshire-street.csv,E01013504,E02002821,Derby
755e33775fe8ff857429083d8dd6ac3cd5fc775bb567904661941d09f5520f3b,2024-09,Derbyshire Constabulary,Derbyshire Constabulary,-1.462834,52.900956,On or near Hardwick Street,E01013590,Derby 026E,Public order,Court result unavailable,,2024-09/2024-09-derbyshire-street.csv,E01013590,E02002821,Derby
21000e00066f70f73991140157546e6a4f2b6065fce13a55d0084d2103cb8ea9,2024-09,Derbyshire Constabulary,Derbyshire Constabulary,-1.461883,52.904476,On or near Osmaston Road,E01013590,Derby 026E,Violence and sexual offences,Status update unavailable,,2024-09/2024-09-derbyshire-street.csv,E01013590,E02002821,Derby
9407b108d584b50265fdb563daca577a14eea516203e5d4724a9bc0906f5c757,2024-09,Derbyshire Constabulary,Derbyshire Constabulary,-1.459578,52.896177,On or near Amber Street,E01013591,Derby 026F,Public order,Unable to prosecute suspect,,2024-09/2024-09-derbyshire-street.csv,E01013591,E02002821,Derby
55bff6a8ed4deb38e793d650e38a3fc8564ab7d2c04fd0bfa38c27e550c59a4e,2024-09,Derbyshire Constabulary,Derbyshire Constabulary,-1.460863,52.895617,On or near Marlborough Road,E01013591,Derby 026F,Violence and sexual offences,Unable to prosecute suspect,,2024-09/2024-09-derbyshire-street.csv,E01013591,E02002821,Derby
fc10b7b8dd63ff60724d29c471476c99e60a579a707125654629c995265e3094,2024-09,Derbyshire Constabulary,Derbyshire Constabulary,-1.505268,52.891342,On or near Kegworth Avenue,E01013492,Derby 027A,Violence and sexual offences,Status update unavailable,,2024-09/2024-09-derbyshire-street.csv,E01013492,E02002822,Derby
39a0fa53f990029fb56c716efb2436c8365fe4d05d4954eff5fb149b257bcd06,2024-09,Derbyshire Constabulary,Derbyshire Constabulary,-1.417337,52.886934,On or near Shorwell Gardens,E01013496,Derby 028A,Public order,Status update unavailable,,2024-09/2024-09-derbyshire-street.csv,E01013496,E02002823,Derby
b131d37eb509a57877939ef997a9601fffa612a4c0102cd3ce71572bbf3c645d,2024-09,Derbyshire Constabulary,Derbyshire Constabulary,-1.416655,52.887875,On or near Bonchurch Close,E01013496,Derby 028A,Violence and sexual offences,Status update unavailable,,2024-09/2024-09-derbyshire-street.csv,E01013496,E02002823,Derby
487b68222f21475754407bb64ad3e6e3cb1b0a88b440d38fa8e52f7406d44222,2024-09,Derbyshire Constabulary,Derbyshire Constabulary,-1.422697,52.887284,On or near Launceston Road,E01013498,Derby 028B,Other crime,Unable to prosecute suspect,,2024-09/2024-09-derbyshire-street.csv,E01013498,E02002823,Derby
487b68222f21475754407bb64ad3e6e3cb1b0a88b440d38fa8e52f7406d44222,2024-09,Derbyshire Constabulary,Derbyshire Constabulary,-1.420286,52.887542,On or near Kynance Close,E01013498,Derby 028B,Other crime,Status update unavailable,,2024-09/2024-09-derbyshire-street.csv,E01013498,E02002823,Derby
39a0fa53f990029fb56c716efb2436c8365fe4d05d4954eff5fb149b257bcd06,2024-09,Derbyshire Constabulary,Derbyshire Constabulary,-1.427625,52.887748,On or near Field Lane,E01013500,Derby 028D,Public order,Investigation complete; no suspect identified,,2024-09/2024-09-derbyshire-street.csv,E01013500,E02002823,Derby
e200b663cd0cd81a91ce4bb1fe172ecae6a0cc4ec2d63851dd66052d2b506032,2024-09,Derbyshire Constabulary,Derbyshire Constabulary,-1.492510,52.871413,On or near Jedburgh Close,E01013589,Derby 029F,Vehicle crime,Status update unavailable,,2024-09/2024-09-derbyshire-street.csv,E01013589,E02002824,Derby
78b88166a38e6aa29cd94ccf16cedcf71d440675c5ff121c1a01c72ba084cb9f,2024-09,Derbyshire Constabulary,Derbyshire Constabulary,-1.453764,52.882118,On or near Oulton Close,E01013517,Derby 030B,Public order,Status update unavailable,,2024-09/2024-09-derbyshire-street.csv,E01013517,E02002825,Derby
78b88166a38e6aa29cd94ccf16cedcf71d440675c5ff121c1a01c72ba084cb9f,2024-09,Derbyshire Constabulary,Derbyshire Constabulary,-1.454030,52.883423,On or near Morningside Close,E01013517,Derby 030B,Public order,Unable to prosecute suspect,,2024-09/2024-09-derbyshire-street.csv,E01013517,E02002825,Derby
310ea63ad75d5004301835e77436b49b8ac967a36724cdc9ba73ffa5fd7ec1cb,2024-09,Derbyshire Constabulary,Derbyshire Constabulary,-1.448218,52.883549,On or near Chellaston Road,E01013517,Derby 030B,Violence and sexual offences,Court result unavailable,,2024-09/2024-09-derbyshire-street.csv,E01013517,E02002825,Derby
5326e5891fdf937f81d04363653eb077a879c8962cc0a23c972598ab6788a518,2024-09,Derbyshire Constabulary,Derbyshire Constabulary,-1.442327,52.878199,On or near Chestnut Avenue,E01013518,Derby 030C,Violence and sexual offences,Status update unavailable,,2024-09/2024-09-derbyshire-street.csv,E01013518,E02002825,Derby
9f4ddcf22a809f03d01cf69ca5804efdf207b8bb0243321109c17b61c3f25d4a,2024-09,Derbyshire Constabulary,Derbyshire Constabulary,-1.436634,52.873768,On or near Simcoe Leys,E01013520,Derby 031D,Violence and sexual offences,Unable to prosecute suspect,,2024-09/2024-09-derbyshire-street.csv,E01013520,E02002826,Derby
fcc866f44e22e0187165b04eaa7c4c398abd84db5becc3c35a51c61cc9f78e46,2024-09,Derbyshire Constabulary,Derbyshire Constabulary,-1.671968,52.984608,On or near Painter'S Lane,E01019607,Derbyshire Dales 010B,Violence and sexual offences,Unable to prosecute suspect,,2024-09/2024-09-derbyshire-street.csv,E01019607,E02004077,Derbyshire Dales
fcc866f44e22e0187165b04eaa7c4c398abd84db5becc3c35a51c61cc9f78e46,2024-09,Derbyshire Constabulary,Derbyshire Constabulary,-1.702323,52.989263,On or near Quilow Lane,E01019607,Derbyshire Dales 010B,Violence and sexual offences,Status update unavailable,,2024-09/2024-09-derbyshire-street.csv,E01019607,E02004077,Derbyshire Dales
bc7bc94479bd85c46744c87949346c46371833d6b7eac337bbec85e075e5674c,2024-09,Derbyshire Constabulary,Derbyshire Constabulary,-1.383636,52.906397,On or near Dovecote Drive,E01019685,Erewash 009C,Violence and sexual offences,Court result unavailable,,2024-09/2024-09-derbyshire-street.csv,E01019685,E02004086,Erewash
bc7bc94479bd85c46744c87949346c46371833d6b7eac337bbec85e075e5674c,2024-09,Derbyshire Constabulary,Derbyshire Constabulary,-1.378017,52.906305,On or near Belmont Drive,E01019685,Erewash 009C,Violence and sexual offences,Status update unavailable,,2024-09/2024-09-derbyshire-street.csv,E01019685,E02004086,Erewash
e7a73aa41c79b9ea8510014bbcb44a602fdd6adbb1dd6cd4f38ba2157dbad897,2024-09,Derbyshire Constabulary,Derbyshire Constabulary,-1.377794,52.908389,On or near Kimberley Road,E01019687,Erewash 009E,Violence and sexual offences,Status update unavailable,,2024-09/2024-09-derbyshire-street.csv,E01019687,E02004086,Erewash
4b59ffac241b01c813c9cf587c7ac4d3a6967bd5347fb36974574795b1a6bf72,2024-09,Derbyshire Constabulary,Derbyshire Constabulary,-1.326982,52.896156,On or near Draycott Road,E01019642,Erewash 013A,Public order,Status update unavailable,,2024-09/2024-09-derbyshire-street.csv,E01019642,E02004090,Erewash
e7a73aa41c79b9ea8510014bbcb44a602fdd6adbb1dd6cd4f38ba2157dbad897,2024-09,Derbyshire Constabulary,Derbyshire Constabulary,-1.282226,52.889737,On or near Ozier Holt,E01019709,Erewash 015F,Violence and sexual offences,Unable to prosecute suspect,,2024-09/2024-09-derbyshire-street.csv,E01019709,E02004092,Erewash
5f797610aa5856c82855de9f2c149614d5c950b11f9075650572c56cd70956db,2024-09,Derbyshire Constabulary,Derbyshire Constabulary,-1.407206,52.733782,On or near Finneys Close,E01025965,North West Leicestershire 004D,Violence and sexual offences,Unable to prosecute suspect,,2024-09/2024-09-derbyshire-street.csv,E01025965,E02005400,North West Leicestershire
5326e5891fdf937f81d04363653eb077a879c8962cc0a23c972598ab6788a518,2024-09,Derbyshire Constabulary,Derbyshire Constabulary,-1.501120,52.704701,On or near Bosworth Road,E01025947,North West Leicestershire 012B,Violence and sexual offences,Status update unavailable,,2024-09/2024-09-derbyshire-street.csv,E01025947,E02005408,North West Leicestershire
f1ca87af2cb6b67799d1fefb59ad8b022f3f554270368188dddb56fd83630e71,2024-09,Derbyshire Constabulary,Derbyshire Constabulary,-1.677300,52.874593,On or near Derby Road,E01019845,South Derbyshire 001B,Violence and sexual offences,Further investigation is not in the public interest,,2024-09/2024-09-derbyshire-street.csv,E01019845,E02004118,South Derbyshire
93c77d43ca7df8723e9a2c1268643a33333fae06a0aeef89b58b3be16d65a5dc,2024-09,Derbyshire Constabulary,Derbyshire Constabulary,-1.624608,52.872002,On or near Enfield Close,E01019848,South Derbyshire 002D,Public order,Unable to prosecute suspect,,2024-09/2024-09-derbyshire-street.csv,E01019848,E02004119,South Derbyshire
93c77d43ca7df8723e9a2c1268643a33333fae06a0aeef89b58b3be16d65a5dc,2024-09,Derbyshire Constabulary,Derbyshire Constabulary,-1.619033,52.867418,On or near Egginton Road,E01019848,South Derbyshire 002D,Public order,Status update unavailable,,2024-09/2024-09-derbyshire-street.csv,E01019848,E02004119,South Derbyshire
4b59ffac241b01c813c9cf587c7ac4d3a6967bd5347fb36974574795b1a6bf72,2024-09,Derbyshire Constabulary,Derbyshire Constabulary,-1.432759,52.861065,On or near Elsdon Close,E01019834,South Derbyshire 004C,Public order,Unable to prosecute suspect,,2024-09/2024-09-derbyshire-street.csv,E01019834,E02004121,South Derbyshire
a4c26b35ff357985da156f894509972ca26428ecdd39ba69c1d9af5d1f7f820d,2024-09,Derbyshire Constabulary,Derbyshire Constabulary,-1.414592,52.883253,On or near Orchard Close,E01034652,South Derbyshire 004E,Public order,Unable to prosecute suspect,,2024-09/2024-09-derbyshire-street.csv,E01034652,E02004121,South Derbyshire
f1ca87af2cb6b67799d1fefb59ad8b022f3f554270368188dddb56fd83630e71,2024-09,Derbyshire Constabulary,Derbyshire Constabulary,-1.406962,52.880437,On or near Featherstone Road,E01034653,South Derbyshire 004F,Violence and sexual offences,Status update unavailable,,2024-09/2024-09-derbyshire-street.csv,E01034653,E02004121,South Derbyshire
96986d7420cac6bde5cd955e7551fee9f22214a0522aa344ba0cc6c146aaa64c,2024-09,Derbyshire Constabulary,Derbyshire Constabulary,-1.567217,52.789814,On or near The Bee Hives,E01019857,South Derbyshire 007C,Violence and sexual offences,Status update unavailable,,2024-09/2024-09-derbyshire-street.csv,E01019857,E02004124,South Derbyshire
ce991b7a70f76eb2c1a6049b3764f679616a7c3c44d5988160236715e2231979,2024-09,Derbyshire Constabulary,Derbyshire Constabulary,-1.571210,52.789460,On or near Wood Lane,E01019860,South Derbyshire 008A,Violence and sexual offences,Unable to prosecute suspect,,2024-09/2024-09-derbyshire-street.csv,E01019860,E02004125,South Derbyshire
96986d7420cac6bde5cd955e7551fee9f22214a0522aa344ba0cc6c146aaa64c,2024-09,Derbyshire Constabulary,Derbyshire Constabulary,-1.578087,52.785178,On or near Tilley Green,E01019861,South Derbyshire 008B,Violence and sexual offences,Further action is not in the public interest,,2024-09/2024-09-derbyshire-street.csv,E01019861,E02004125,South Derbyshire
7d299aae980cc7e60f06074e24c6fa05fbda2ca4133a9e80114cd99551d0ad6d,2024-09,Derbyshire Constabulary,Derbyshire Constabulary,-1.573448,52.774401,On or near Moonstone Way,E01019865,South Derbyshire 008F,Violence and sexual offences,Status update unavailable,,2024-09/2024-09-derbyshire-street.csv,E01019865,E02004125,South Derbyshire
cad90e5c7ec097d6639d5c78d162ee9817d3183669b4e6821a96d77a9bd07dc3,2024-09,Derbyshire Constabulary,Derbyshire Constabulary,-1.563672,52.778096,On or near Queen Victoria Drive,E01019876,South Derbyshire 009A,Violence and sexual offences,Status update unavailable,,2024-09/2024-09-derbyshire-street.csv,E01019876,E02004126,South Derbyshire
03186ccc6ee0e38cfd332ae7a1aa87d1a278eb78ba108dc07d884b1731dd7348,2024-09,Derbyshire Constabulary,Derbyshire Constabulary,-1.564245,52.775590,On or near Yard Close,E01019876,South Derbyshire 009A,Violence and sexual offences,Status update unavailable,,2024-09/2024-09-derbyshire-street.csv,E01019876,E02004126,South Derbyshire
ce991b7a70f76eb2c1a6049b3764f679616a7c3c44d5988160236715e2231979,2024-09,Derbyshire Constabulary,Derbyshire Constabulary,-1.563672,52.778096,On or near Queen Victoria Drive,E01019876,South Derbyshire 009A,Violence and sexual offences,Status update unavailable,,2024-09/2024-09-derbyshire-street.csv,E01019876,E02004126,South Derbyshire
2057f840cf5fe2c2c983a6fc0981c6aeed5872b7b8a3b90a71b51dd164f4ca0c,2024-09,Derbyshire Constabulary,Derbyshire Constabulary,-1.556472,52.777575,On or near John Street,E01019877,South Derbyshire 009B,Violence and sexual offences,Local resolution,,2024-09/2024-09-derbyshire-street.csv,E01019877,E02004126,South Derbyshire
2057f840cf5fe2c2c983a6fc0981c6aeed5872b7b8a3b90a71b51dd164f4ca0c,2024-09,Derbyshire Constabulary,Derbyshire Constabulary,-1.560133,52.774721,On or near Police Station,E01019877,South Derbyshire 009B,Violence and sexual offences,Status update unavailable,,2024-09/2024-09-derbyshire-street.csv,E01019877,E02004126,South Derbyshire
7d299aae980cc7e60f06074e24c6fa05fbda2ca4133a9e80114cd99551d0ad6d,2024-09,Derbyshire Constabulary,Derbyshire Constabulary,-1.565524,52.767720,On or near Pennine Way,E01019878,South Derbyshire 009C,Violence and sexual offences,Unable to prosecute suspect,,2024-09/2024-09-derbyshire-street.csv,E01019878,E02004126,South Derbyshire
caeddf2f2006eacb37e64433d9af3eb9bf1bdc1692a802ff435840fdc1673cc3,2024-09,Derbyshire Constabulary,Derbyshire Constabulary,-1.569579,52.774405,On or near Chimney Pot Lane,E01019879,South Derbyshire 009D,Public order,Further action is not in the public interest,,2024-09/2024-09-derbyshire-street.csv,E01019879,E02004126,South Derbyshire
caeddf2f2006eacb37e64433d9af3eb9bf1bdc1692a802ff435840fdc1673cc3,2024-09,Derbyshire Constabulary,Derbyshire Constabulary,-1.569579,52.774405,On or near Chimney Pot Lane,E01019879,South Derbyshire 009D,Public order,Status update unavailable,,2024-09/2024-09-derbyshire-street.csv,E01019879,E02004126,South Derbyshire
56a0c209d8ab93cb8f6547afd4cb68fced69706762f95ea6242b5b2a9410e884,2024-09,Derbyshire Constabulary,Derbyshire Constabulary,-1.635300,52.778608,On or near Walton Road,E01019850,South Derbyshire 011A,Violence and sexual offences,Status update unavailable,,2024-09/2024-09-derbyshire-street.csv,E01019850,E02004128,South Derbyshire
56a0c209d8ab93cb8f6547afd4cb68fced69706762f95ea6242b5b2a9410e884,2024-09,Derbyshire Constabulary,Derbyshire Constabulary,-1.635300,52.778608,On or near Walton Road,E01019850,South Derbyshire 011A,Violence and sexual offences,Unable to prosecute suspect,,2024-09/2024-09-derbyshire-street.csv,E01019850,E02004128,South Derbyshire
03186ccc6ee0e38cfd332ae7a1aa87d1a278eb78ba108dc07d884b1731dd7348,2024-09,Derbyshire Constabulary,Derbyshire Constabulary,-1.597788,52.747023,On or near Greenfield Drive,E01019851,South Derbyshire 011B,Violence and sexual offences,Unable to prosecute suspect,,2024-09/2024-09-derbyshire-street.csv,E01019851,E02004128,South Derbyshire
cad90e5c7ec097d6639d5c78d162ee9817d3183669b4e6821a96d77a9bd07dc3,2024-09,Derbyshire Constabulary,Derbyshire Constabulary,-1.557098,52.762646,On or near Kirkland Way,E01019837,South Derbyshire 012A,Violence and sexual offences,Unable to prosecute suspect,,2024-09/2024-09-derbyshire-street.csv,E01019837,E02006919,South Derbyshire
5f797610aa5856c82855de9f2c149614d5c950b11f9075650572c56cd70956db,2024-09,Derbyshire Constabulary,Derbyshire Constabulary,-1.540697,52.774935,On or near Thompson Close,E01033535,South Derbyshire 013D,Violence and sexual offences,Status update unavailable,,2024-09/2024-09-derbyshire-street.csv,E01033535,E02006920,South Derbyshire
0420ad7cf3ecafe4eeeecb1f714cfcc08a01b089441a525c9a1ec031fa5b27df,2024-09,Derbyshire Constabulary,Derbyshire Constabulary,-2.092301,52.589845,On or near Helming Drive,E01010444,Wolverhampton 018C,Violence and sexual offences,Status update unavailable,,2024-09/2024-09-derbyshire-street.csv,E01010444,E02002166,Wolverhampton
c3b8faa5e3503d724a5ed4f27cc2d2a80f35816f45403d74497518884eb396ee,2024-10,Derbyshire Constabulary,Derbyshire Constabulary,-1.396699,52.918654,On or near Stoney Lane,E01013593,Derby 014A,Violence and sexual offences,Action to be taken by another organisation,,2024-10/2024-10-derbyshire-street.csv,E01013593,E02002809,Derby
d6bfc6b02f2d692985b01a16cf931ad9f68b740e1d2aefbea7a53d122f592172,2024-10,Derbyshire Constabulary,Derbyshire Constabulary,-1.394704,52.909232,On or near Rovings Drive,E01013595,Derby 014B,Violence and sexual offences,Court result unavailable,,2024-10/2024-10-derbyshire-street.csv,E01013595,E02002809,Derby
e6df860ff4b67b15ba3d4c7ad2b071a7d0609762a6e828fcc235e9c5d41f0757,2024-10,Derbyshire Constabulary,Derbyshire Constabulary,-1.401668,52.912063,On or near Nottingham Road,E01013595,Derby 014B,Violence and sexual offences,Status update unavailable,,2024-10/2024-10-derbyshire-street.csv,E01013595,E02002809,Derby
c3b8faa5e3503d724a5ed4f27cc2d2a80f35816f45403d74497518884eb396ee,2024-10,Derbyshire Constabulary,Derbyshire Constabulary,-1.401448,52.919593,On or near Sports/Recreation Area,E01013597,Derby 014C,Violence and sexual offences,Status update unavailable,,2024-10/2024-10-derbyshire-street.csv,E01013597,E02002809,Derby
d6bfc6b02f2d692985b01a16cf931ad9f68b740e1d2aefbea7a53d122f592172,2024-10,Derbyshire Constabulary,Derbyshire Constabulary,-1.398952,52.914908,On or near Arnhem Terrace,E01013597,Derby 014C,Violence and sexual offences,Status update unavailable,,2024-10/2024-10-derbyshire-street.csv,E01013597,E02002809,Derby
e6df860ff4b67b15ba3d4c7ad2b071a7d0609762a6e828fcc235e9c5d41f0757,2024-10,Derbyshire Constabulary,Derbyshire Constabulary,-1.509361,52.911891,On or near Manor Avenue,E01013542,Derby 017C,Violence and sexual offences,Unable to prosecute suspect,,2024-10/2024-10-derbyshire-street.csv,E01013542,E02002812,Derby
17da8833d798f871131db6c004f94acc523360171107e69ea8db90022816dc8d,2024-10,Derbyshire Constabulary,Derbyshire Constabulary,-1.469617,52.909140,On or near Norfolk Street,E01013481,Derby 018A,Vehicle crime,Status update unavailable,,2024-10/2024-10-derbyshire-street.csv,E01013481,E02002813,Derby
d9a771e19e9c3867252d19c4db3d609c53504026b2508f77253e6516f456b5d3,2024-10,Derbyshire Constabulary,Derbyshire Constabulary,-1.477609,52.911018,On or near Lyndhurst Street,E01013484,Derby 018C,Violence and sexual offences,Status update unavailable,,2024-10/2024-10-derbyshire-street.csv,E01013484,E02002813,Derby
17da8833d798f871131db6c004f94acc523360171107e69ea8db90022816dc8d,2024-10,Derbyshire Constabulary,Derbyshire Constabulary,-1.472411,52.906806,On or near Cambridge Street,E01013487,Derby 018E,Vehicle crime,Further action is not in the public interest,,2024-10/2024-10-derbyshire-street.csv,E01013487,E02002813,Derby
f72d81867d819c545f91b0b1ac889af208be63c786e8701181f21353c4b18ef9,2024-10,Derbyshire Constabulary,Derbyshire Constabulary,-1.472503,52.907760,On or near Sale Street,E01013487,Derby 018E,Violence and sexual offences,Status update unavailable,,2024-10/2024-10-derbyshire-street.csv,E01013487,E02002813,Derby
3cd38f38b9e2a81e7e6a8570e1c70662f73c8e99f738be865ec5c296c683dcc7,2024-10,Derbyshire Constabulary,Derbyshire Constabulary,-1.464420,52.918196,On or near Calvert Street,E01033166,Derby 018F,Violence and sexual offences,Status update unavailable,,2024-10/2024-10-derbyshire-street.csv,E01033166,E02002813,Derby
3cd38f38b9e2a81e7e6a8570e1c70662f73c8e99f738be865ec5c296c683dcc7,2024-10,Derbyshire Constabulary,Derbyshire Constabulary,-1.474650,52.914682,On or near Hartington Street,E01033166,Derby 018F,Violence and sexual offences,Investigation complete; no suspect identified,,2024-10/2024-10-derbyshire-street.csv,E01033166,E02002813,Derby
8b62b8bfd070867f15790107b251689afe0c334d6eef7a101e02d4d73215d0b0,2024-10,Derbyshire Constabulary,Derbyshire Constabulary,-1.467665,52.908286,On or near Tintagel Close,E01033167,Derby 018G,Violence and sexual offences,Unable to prosecute suspect,,2024-10/2024-10-derbyshire-street.csv,E01033167,E02002813,Derby
a1485113dd3e62661ffceaee8f80c9055db7dd480d2588980a74079bb5f8d054,2024-10,Derbyshire Constabulary,Derbyshire Constabulary,-1.491494,52.907528,On or near Powell Street,E01013459,Derby 020A,Violence and sexual offences,Unable to prosecute suspect,,2024-10/2024-10-derbyshire-street.csv,E01013459,E02002815,Derby
a1485113dd3e62661ffceaee8f80c9055db7dd480d2588980a74079bb5f8d054,2024-10,Derbyshire Constabulary,Derbyshire Constabulary,-1.523011,52.894399,On or near Copse Grove,E01013544,Derby 021D,Violence and sexual offences,Status update unavailable,,2024-10/2024-10-derbyshire-street.csv,E01013544,E02002816,Derby
8b62b8bfd070867f15790107b251689afe0c334d6eef7a101e02d4d73215d0b0,2024-10,Derbyshire Constabulary,Derbyshire Constabulary,-1.525252,52.897446,On or near Badgerdale Way,E01013544,Derby 021D,Violence and sexual offences,Status update unavailable,,2024-10/2024-10-derbyshire-street.csv,E01013544,E02002816,Derby
fa0bbebaf955251fe2127f647d0916d5018d7a25593d09799fe3c4b7973fdc5c,2024-10,Derbyshire Constabulary,Derbyshire Constabulary,-1.512356,52.894113,On or near Lothlorien Close,E01013490,Derby 022C,Violence and sexual offences,Further action is not in the public interest,,2024-10/2024-10-derbyshire-street.csv,E01013490,E02002817,Derby
d9a771e19e9c3867252d19c4db3d609c53504026b2508f77253e6516f456b5d3,2024-10,Derbyshire Constabulary,Derbyshire Constabulary,-1.481176,52.896183,On or near Arleston Street,E01013571,Derby 023B,Violence and sexual offences,Unable to prosecute suspect,,2024-10/2024-10-derbyshire-street.csv,E01013571,E02002818,Derby
fe5b9640370ac5a57d533f677b894d93fe280b6c8df8d06287df5f82b5d042c9,2024-10,Derbyshire Constabulary,Derbyshire Constabulary,-1.443936,52.902308,On or near Chambers Street,E01033171,Derby 024E,Other theft,Status update unavailable,,2024-10/2024-10-derbyshire-street.csv,E01033171,E02002819,Derby
9f68abc8accbbe52d4956cdd89bc0f1cc832c897bb8b0b0f80b23a4e385c41d0,2024-10,Derbyshire Constabulary,Derbyshire Constabulary,-1.450600,52.906725,On or near Gloster Street,E01033172,Derby 024F,Violence and sexual offences,Unable to prosecute suspect,,2024-10/2024-10-derbyshire-street.csv,E01033172,E02002819,Derby
2395d147dff299de69dad2df815c39d92e51e122128bcb8a2504e69758dfadf0,2024-10,Derbyshire Constabulary,Derbyshire Constabulary,-1.453211,52.907151,On or near London Road,E01033172,Derby 024F,Violence and sexual offences,Status update unavailable,,2024-10/2024-10-derbyshire-street.csv,E01033172,E02002819,Derby
9f68abc8accbbe52d4956cdd89bc0f1cc832c897bb8b0b0f80b23a4e385c41d0,2024-10,Derbyshire Constabulary,Derbyshire Constabulary,-1.445717,52.906038,On or near Ionian Drive,E01033172,Derby 024F,Violence and sexual offences,Status update unavailable,,2024-10/2024-10-derbyshire-street.csv,E01033172,E02002819,Derby
628038a0beac8e61c0efb896142d8a7fa75ea28b63adffc7eed1dd26d954f7a1,2024-10,Derbyshire Constabulary,Derbyshire Constabulary,-1.438759,52.899047,On or near Brighton Road,E01013471,Derby 025A,Possession of weapons,Further action is not in the public interest,,2024-10/2024-10-derbyshire-street.csv,E01013471,E02002820,Derby
ae1056ff850e27bb2f359195a43ac37d8a72c91501ba21db10a0804dc5fb6130,2024-10,Derbyshire Constabulary,Derbyshire Constabulary,-1.430897,52.895513,On or near Hawthorn Avenue,E01013473,Derby 025B,Violence and sexual offences,Unable to prosecute suspect,,2024-10/2024-10-derbyshire-street.csv,E01013473,E02002820,Derby
7f082d8e3594337876349e80cd4c87e6129d722a200563aa2dfd58f31a973366,2024-10,Derbyshire Constabulary,Derbyshire Constabulary,-1.432290,52.898135,On or near Beckitt Close,E01013473,Derby 025B,Violence and sexual offences,Local resolution,,2024-10/2024-10-derbyshire-street.csv,E01013473,E02002820,Derby
ae1056ff850e27bb2f359195a43ac37d8a72c91501ba21db10a0804dc5fb6130,2024-10,Derbyshire Constabulary,Derbyshire Constabulary,-1.429742,52.896289,On or near Waldorf Close,E01013473,Derby 025B,Violence and sexual offences,Status update unavailable,,2024-10/2024-10-derbyshire-street.csv,E01013473,E02002820,Derby
1378b8ad64a38d2ef99b55b40272f3da4b6fe45a970d099cd25708b99bcadb69,2024-10,Derbyshire Constabulary,Derbyshire Constabulary,-1.433278,52.897592,On or near Hall Street,E01013473,Derby 025B,Violence and sexual offences,Status update unavailable,,2024-10/2024-10-derbyshire-street.csv,E01013473,E02002820,Derby
f72d81867d819c545f91b0b1ac889af208be63c786e8701181f21353c4b18ef9,2024-10,Derbyshire Constabulary,Derbyshire Constabulary,-1.434696,52.899423,On or near Wildsmith Street,E01013473,Derby 025B,Violence and sexual offences,Unable to prosecute suspect,,2024-10/2024-10-derbyshire-street.csv,E01013473,E02002820,Derby
9e31d09eb635542317d2ab74a8df771a4121f78d9db942473c99e9f6dcb1108c,2024-10,Derbyshire Constabulary,Derbyshire Constabulary,-1.434696,52.899423,On or near Wildsmith Street,E01013473,Derby 025B,Other crime,Unable to prosecute suspect,,2024-10/2024-10-derbyshire-street.csv,E01013473,E02002820,Derby
7f082d8e3594337876349e80cd4c87e6129d722a200563aa2dfd58f31a973366,2024-10,Derbyshire Constabulary,Derbyshire Constabulary,-1.435478,52.901000,On or near Burnside Street,E01013477,Derby 025D,Violence and sexual offences,Status update unavailable,,2024-10/2024-10-derbyshire-street.csv,E01013477,E02002820,Derby
1378b8ad64a38d2ef99b55b40272f3da4b6fe45a970d099cd25708b99bcadb69,2024-10,Derbyshire Constabulary,Derbyshire Constabulary,-1.425897,52.899282,On or near Metcalfe Close,E01013477,Derby 025D,Violence and sexual offences,Unable to prosecute suspect,,2024-10/2024-10-derbyshire-street.csv,E01013477,E02002820,Derby
eff2b1c15c433ff6773b0ab1ed0607ce2478809d13f8ebe2af981f869101ea0a,2024-10,Derbyshire Constabulary,Derbyshire Constabulary,-1.451548,52.888122,On or near Cheshire Street,E01013497,Derby 026B,Violence and sexual offences,Investigation complete; no suspect identified,,2024-10/2024-10-derbyshire-street.csv,E01013497,E02002821,Derby
1378b8ad64a38d2ef99b55b40272f3da4b6fe45a970d099cd25708b99bcadb69,2024-10,Derbyshire Constabulary,Derbyshire Constabulary,-1.442326,52.886380,On or near Dalkeith Avenue,E01013504,Derby 026C,Violence and sexual offences,Status update unavailable,,2024-10/2024-10-derbyshire-street.csv,E01013504,E02002821,Derby
628038a0beac8e61c0efb896142d8a7fa75ea28b63adffc7eed1dd26d954f7a1,2024-10,Derbyshire Constabulary,Derbyshire Constabulary,-1.457421,52.893938,On or near Fenwick Street,E01013583,Derby 026D,Possession of weapons,Status update unavailable,,2024-10/2024-10-derbyshire-street.csv,E01013583,E02002821,Derby
801db8b5c8a63d6b1ef62f4c0cb32ee06f93635e85a5f4864a14a98b0afc6349,2024-10,Derbyshire Constabulary,Derbyshire Constabulary,-1.460540,52.897719,On or near Nightingale Road,E01013591,Derby 026F,Criminal damage and arson,Local resolution,,2024-10/2024-10-derbyshire-street.csv,E01013591,E02002821,Derby
801db8b5c8a63d6b1ef62f4c0cb32ee06f93635e85a5f4864a14a98b0afc6349,2024-10,Derbyshire Constabulary,Derbyshire Constabulary,-1.460540,52.897719,On or near Nightingale Road,E01013591,Derby 026F,Criminal damage and arson,Status update unavailable,,2024-10/2024-10-derbyshire-street.csv,E01013591,E02002821,Derby
b7fbdcdbba8cc6f702ccc1050c2cf4a191f31310c40716454a960f69e0b5c5d2,2024-10,Derbyshire Constabulary,Derbyshire Constabulary,-1.458449,52.898491,On or near Ashwood Close,E01013591,Derby 026F,Public order,Unable to prosecute suspect,,2024-10/2024-10-derbyshire-street.csv,E01013591,E02002821,Derby
b7fbdcdbba8cc6f702ccc1050c2cf4a191f31310c40716454a960f69e0b5c5d2,2024-10,Derbyshire Constabulary,Derbyshire Constabulary,-1.460088,52.900575,On or near Gresham Road,E01013591,Derby 026F,Public order,Status update unavailable,,2024-10/2024-10-derbyshire-street.csv,E01013591,E02002821,Derby
fff93088ab7ffb84b23f32e71f3fb75542db0e5f6856be33d183195ca344a47b,2024-10,Derbyshire Constabulary,Derbyshire Constabulary,-1.460863,52.895617,On or near Marlborough Road,E01013591,Derby 026F,Violence and sexual offences,Status update unavailable,,2024-10/2024-10-derbyshire-street.csv,E01013591,E02002821,Derby
eff2b1c15c433ff6773b0ab1ed0607ce2478809d13f8ebe2af981f869101ea0a,2024-10,Derbyshire Constabulary,Derbyshire Constabulary,-1.462335,52.900379,On or near Hawthorn Street,E01013591,Derby 026F,Violence and sexual offences,Status update unavailable,,2024-10/2024-10-derbyshire-street.csv,E01013591,E02002821,Derby
fff93088ab7ffb84b23f32e71f3fb75542db0e5f6856be33d183195ca344a47b,2024-10,Derbyshire Constabulary,Derbyshire Constabulary,-1.458824,52.895850,On or near Waverley Street,E01013591,Derby 026F,Violence and sexual offences,Unable to prosecute suspect,,2024-10/2024-10-derbyshire-street.csv,E01013591,E02002821,Derby
fa0bbebaf955251fe2127f647d0916d5018d7a25593d09799fe3c4b7973fdc5c,2024-10,Derbyshire Constabulary,Derbyshire Constabulary,-1.492397,52.887449,On or near Ivernia Close,E01013493,Derby 027B,Violence and sexual offences,Status update unavailable,,2024-10/2024-10-derbyshire-street.csv,E01013493,E02002822,Derby
9e31d09eb635542317d2ab74a8df771a4121f78d9db942473c99e9f6dcb1108c,2024-10,Derbyshire Constabulary,Derbyshire Constabulary,-1.499789,52.883121,On or near Nicola Gardens,E01013495,Derby 027D,Other crime,Status update unavailable,,2024-10/2024-10-derbyshire-street.csv,E01013495,E02002822,Derby
3ab6368d2872f511a54321bf3b3c233d0103a7c7524d0ff3524dc5456fe89d61,2024-10,Derbyshire Constabulary,Derbyshire Constabulary,-1.418695,52.887624,On or near Coronation Crescent,E01013498,Derby 028B,Violence and sexual offences,Investigation complete; no suspect identified,,2024-10/2024-10-derbyshire-street.csv,E01013498,E02002823,Derby
3ab6368d2872f511a54321bf3b3c233d0103a7c7524d0ff3524dc5456fe89d61,2024-10,Derbyshire Constabulary,Derbyshire Constabulary,-1.441593,52.883311,On or near Harlow Close,E01013499,Derby 028C,Violence and sexual offences,Status update unavailable,,2024-10/2024-10-derbyshire-street.csv,E01013499,E02002823,Derby
fe5b9640370ac5a57d533f677b894d93fe280b6c8df8d06287df5f82b5d042c9,2024-10,Derbyshire Constabulary,Derbyshire Constabulary,-1.488772,52.882292,On or near Montrose Close,E01013587,Derby 029D,Other theft,Status update unavailable,,2024-10/2024-10-derbyshire-street.csv,E01013587,E02002824,Derby
b30599f08cc17d29a6baf0241f219d4ac0d5f5750d6610ee4fe3097f7a04ef1c,2024-10,Derbyshire Constabulary,Derbyshire Constabulary,-1.430384,52.869998,On or near Willowbrook Grange,E01013514,Derby 031A,Violence and sexual offences,Investigation complete; no suspect identified,,2024-10/2024-10-derbyshire-street.csv,E01013514,E02002826,Derby
b30599f08cc17d29a6baf0241f219d4ac0d5f5750d6610ee4fe3097f7a04ef1c,2024-10,Derbyshire Constabulary,Derbyshire Constabulary,-1.437301,52.868152,On or near Barley Croft,E01013515,Derby 031B,Violence and sexual offences,Status update unavailable,,2024-10/2024-10-derbyshire-street.csv,E01013515,E02002826,Derby
3a367faac0f24a61b8911c7d1426b3c4f41eeb6bbdf916b10590b307847a87cd,2024-10,Derbyshire Constabulary,Derbyshire Constabulary,-1.433319,52.877321,On or near Booton Field,E01013520,Derby 031D,Violence and sexual offences,Unable to prosecute suspect,,2024-10/2024-10-derbyshire-street.csv,E01013520,E02002826,Derby
b87e09627d1b43286ea4f55d3ab12dc1ab69aa5e5a19f6f6c49abc730a1dfa81,2024-10,Derbyshire Constabulary,Derbyshire Constabulary,-1.654098,52.784229,On or near Jacklin Close,E01029414,East Staffordshire 013B,Public order,Status update unavailable,,2024-10/2024-10-derbyshire-street.csv,E01029414,E02006143,East Staffordshire
b87e09627d1b43286ea4f55d3ab12dc1ab69aa5e5a19f6f6c49abc730a1dfa81,2024-10,Derbyshire Constabulary,Derbyshire Constabulary,-1.651797,52.784581,On or near Faldo Close,E01029414,East Staffordshire 013B,Public order,Action to be taken by another organisation,,2024-10/2024-10-derbyshire-street.csv,E01029414,E02006143,East Staffordshire
3163d4089fc9566411deea8697cc76f0765f66040b1df75e8f839d6bddbf8dc5,2024-10,Derbyshire Constabulary,Derbyshire Constabulary,-1.375485,52.919030,On or near Bakehouse Lane,E01019686,Erewash 009D,Violence and sexual offences,Status update unavailable,,2024-10/2024-10-derbyshire-street.csv,E01019686,E02004086,Erewash
1f583ab05770a3467a5031f0220c2771bd4ac430796480ca3986f864662b73a2,2024-10,Derbyshire Constabulary,Derbyshire Constabulary,-1.287149,52.900410,On or near Westhorpe Drive,E01019653,Erewash 011C,Violence and sexual offences,Unable to prosecute suspect,,2024-10/2024-10-derbyshire-street.csv,E01019653,E02004088,Erewash
1f583ab05770a3467a5031f0220c2771bd4ac430796480ca3986f864662b73a2,2024-10,Derbyshire Constabulary,Derbyshire Constabulary,-1.287149,52.900410,On or near Westhorpe Drive,E01019653,Erewash 011C,Violence and sexual offences,Status update unavailable,,2024-10/2024-10-derbyshire-street.csv,E01019653,E02004088,Erewash
fd6cb0e75cd08b95141da0c5cda47c5789b1ce99085c3e32b91c1adf3803b3b1,2024-10,Derbyshire Constabulary,Derbyshire Constabulary,-1.297712,52.889802,On or near Calderdale Drive,E01019707,Erewash 011D,Violence and sexual offences,Unable to prosecute suspect,,2024-10/2024-10-derbyshire-street.csv,E01019707,E02004088,Erewash
8afe4655d20d2bb91e677f2ef4ec7dfd0b4ceb850dd1b10eabab29f153e78df5,2024-10,Derbyshire Constabulary,Derbyshire Constabulary,-1.296494,52.890667,On or near Airedale Close,E01019707,Erewash 011D,Violence and sexual offences,Unable to prosecute suspect,,2024-10/2024-10-derbyshire-street.csv,E01019707,E02004088,Erewash
02f810f10f297c519693472a71c5871d0cdadb332f3986b85dea8d6424a8cc28,2024-10,Derbyshire Constabulary,Derbyshire Constabulary,-1.329633,52.896801,On or near Festival Avenue,E01019642,Erewash 013A,Violence and sexual offences,Status update unavailable,,2024-10/2024-10-derbyshire-street.csv,E01019642,E02004090,Erewash
02f810f10f297c519693472a71c5871d0cdadb332f3986b85dea8d6424a8cc28,2024-10,Derbyshire Constabulary,Derbyshire Constabulary,-1.258224,52.896628,On or near Stafford Street,E01019680,Erewash 014D,Violence and sexual offences,Local resolution,,2024-10/2024-10-derbyshire-street.csv,E01019680,E02004091,Erewash
3163d4089fc9566411deea8697cc76f0765f66040b1df75e8f839d6bddbf8dc5,2024-10,Derbyshire Constabulary,Derbyshire Constabulary,-1.252792,52.898698,On or near Somerset Close,E01019681,Erewash 014E,Violence and sexual offences,Unable to prosecute suspect,,2024-10/2024-10-derbyshire-street.csv,E01019681,E02004091,Erewash
fd6cb0e75cd08b95141da0c5cda47c5789b1ce99085c3e32b91c1adf3803b3b1,2024-10,Derbyshire Constabulary,Derbyshire Constabulary,-1.282778,52.883294,On or near Lakeside Avenue,E01019698,Erewash 014F,Violence and sexual offences,Status update unavailable,,2024-10/2024-10-derbyshire-street.csv,E01019698,E02004091,Erewash
c45b15051e31ac44da0e2a0889698f9c1e96736815af605849f214829e38ced6,2024-10,Derbyshire Constabulary,Derbyshire Constabulary,-1.303883,52.884975,On or near Winster Way,E01019699,Erewash 015B,Violence and sexual offences,Status update unavailable,,2024-10/2024-10-derbyshire-street.csv,E01019699,E02004092,Erewash
8afe4655d20d2bb91e677f2ef4ec7dfd0b4ceb850dd1b10eabab29f153e78df5,2024-10,Derbyshire Constabulary,Derbyshire Constabulary,-1.295084,52.889616,On or near Rosedale Close,E01019706,Erewash 015E,Violence and sexual offences,Status update unavailable,,2024-10/2024-10-derbyshire-street.csv,E01019706,E02004092,Erewash
c45b15051e31ac44da0e2a0889698f9c1e96736815af605849f214829e38ced6,2024-10,Derbyshire Constabulary,Derbyshire Constabulary,-1.281572,52.890641,On or near Sawmand Close,E01019709,Erewash 015F,Violence and sexual offences,Unable to prosecute suspect,,2024-10/2024-10-derbyshire-street.csv,E01019709,E02004092,Erewash
2395d147dff299de69dad2df815c39d92e51e122128bcb8a2504e69758dfadf0,2024-10,Derbyshire Constabulary,Derbyshire Constabulary,-1.601464,52.878246,On or near Springfield Road,E01019840,South Derbyshire 002A,Violence and sexual offences,Court result unavailable,,2024-10/2024-10-derbyshire-street.csv,E01019840,E02004119,South Derbyshire
6e39c3efeb40fa54eca2d7e865533e4835ff10c702ca0d701426ac0f6c3a8540,2024-10,Derbyshire Constabulary,Derbyshire Constabulary,-1.604287,52.873410,On or near Blakeley Lane,E01019841,South Derbyshire 002B,Violence and sexual offences,Status update unavailable,,2024-10/2024-10-derbyshire-street.csv,E01019841,E02004119,South Derbyshire
6e39c3efeb40fa54eca2d7e865533e4835ff10c702ca0d701426ac0f6c3a8540,2024-10,Derbyshire Constabulary,Derbyshire Constabulary,-1.604287,52.873410,On or near Blakeley Lane,E01019841,South Derbyshire 002B,Violence and sexual offences,Unable to prosecute suspect,,2024-10/2024-10-derbyshire-street.csv,E01019841,E02004119,South Derbyshire
18d04bfe28a1413da6a8ab0c925a492863b90a0c28422dd75cfc5c1925592a9d,2024-10,Derbyshire Constabulary,Derbyshire Constabulary,-1.633246,52.867759,On or near Trusley Brook,E01033533,South Derbyshire 002G,Violence and sexual offences,Status update unavailable,,2024-10/2024-10-derbyshire-street.csv,E01033533,E02004119,South Derbyshire
18d04bfe28a1413da6a8ab0c925a492863b90a0c28422dd75cfc5c1925592a9d,2024-10,Derbyshire Constabulary,Derbyshire Constabulary,-1.638582,52.869196,On or near Humber Street,E01033534,South Derbyshire 002H,Violence and sexual offences,Unable to prosecute suspect,,2024-10/2024-10-derbyshire-street.csv,E01033534,E02004119,South Derbyshire
ac12202ab77ff05b03a7f79803a0e7b00c09600b693aecbfca9b67ad5f0bba50,2024-10,Derbyshire Constabulary,Derbyshire Constabulary,-1.555636,52.862604,On or near Park/Open Space,E01019882,South Derbyshire 003E,Violence and sexual offences,Status update unavailable,,2024-10/2024-10-derbyshire-street.csv,E01019882,E02004120,South Derbyshire
3a367faac0f24a61b8911c7d1426b3c4f41eeb6bbdf916b10590b307847a87cd,2024-10,Derbyshire Constabulary,Derbyshire Constabulary,-1.431275,52.860914,On or near Embleton Way,E01019834,South Derbyshire 004C,Violence and sexual offences,Status update unavailable,,2024-10/2024-10-derbyshire-street.csv,E01019834,E02004121,South Derbyshire
ac12202ab77ff05b03a7f79803a0e7b00c09600b693aecbfca9b67ad5f0bba50,2024-10,Derbyshire Constabulary,Derbyshire Constabulary,-1.540649,52.837260,On or near Hill View,E01019868,South Derbyshire 005B,Violence and sexual offences,Investigation complete; no suspect identified,,2024-10/2024-10-derbyshire-street.csv,E01019868,E02004122,South Derbyshire
077977cf186101bbe6f256b2216e6515d7d36f328cc8fa8f241692c93c69a3aa,2024-10,Derbyshire Constabulary,Derbyshire Constabulary,-1.546770,52.786798,On or near Longlands Road,E01019844,South Derbyshire 007A,Violence and sexual offences,Action to be taken by another organisation,,2024-10/2024-10-derbyshire-street.csv,E01019844,E02004124,South Derbyshire
c9f4befc9a31905bd726519d6474f0b0874cd210279b41368422a2266853f2b2,2024-10,Derbyshire Constabulary,Derbyshire Constabulary,-1.538007,52.776966,On or near Field View,E01019844,South Derbyshire 007A,Other crime,Status update unavailable,,2024-10/2024-10-derbyshire-street.csv,E01019844,E02004124,South Derbyshire
cbd102c09f2e0d279d7f85ac2ad326b7536ce031d3537ab24dd6109ad54ec918,2024-10,Derbyshire Constabulary,Derbyshire Constabulary,-1.538007,52.776966,On or near Field View,E01019844,South Derbyshire 007A,Other crime,Further investigation is not in the public interest,,2024-10/2024-10-derbyshire-street.csv,E01019844,E02004124,South Derbyshire
a129097a311ee904c2015d6ab1f4cc9e4e52fb89b39ff0dd6eea21da6aeae761,2024-10,Derbyshire Constabulary,Derbyshire Constabulary,-1.567018,52.785957,On or near Buxton Close,E01019856,South Derbyshire 007B,Violence and sexual offences,Unable to prosecute suspect,,2024-10/2024-10-derbyshire-street.csv,E01019856,E02004124,South Derbyshire
a129097a311ee904c2015d6ab1f4cc9e4e52fb89b39ff0dd6eea21da6aeae761,2024-10,Derbyshire Constabulary,Derbyshire Constabulary,-1.557899,52.785968,On or near Acacia Avenue,E01019858,South Derbyshire 007D,Violence and sexual offences,Status update unavailable,,2024-10/2024-10-derbyshire-street.csv,E01019858,E02004124,South Derbyshire
71de2a323562974f2691c038277aa3c5bb343c3c8767156addcae2514eec357d,2024-10,Derbyshire Constabulary,Derbyshire Constabulary,-1.567940,52.782706,On or near Church Street,E01019863,South Derbyshire 008D,Robbery,Status update unavailable,,2024-10/2024-10-derbyshire-street.csv,E01019863,E02004125,South Derbyshire
71de2a323562974f2691c038277aa3c5bb343c3c8767156addcae2514eec357d,2024-10,Derbyshire Constabulary,Derbyshire Constabulary,-1.567000,52.778810,On or near Potters Croft,E01019865,South Derbyshire 008F,Robbery,Unable to prosecute suspect,,2024-10/2024-10-derbyshire-street.csv,E01019865,E02004125,South Derbyshire
cbd102c09f2e0d279d7f85ac2ad326b7536ce031d3537ab24dd6109ad54ec918,2024-10,Derbyshire Constabulary,Derbyshire Constabulary,-1.567000,52.778810,On or near Potters Croft,E01019865,South Derbyshire 008F,Other crime,Status update unavailable,,2024-10/2024-10-derbyshire-street.csv,E01019865,E02004125,South Derbyshire
077977cf186101bbe6f256b2216e6515d7d36f328cc8fa8f241692c93c69a3aa,2024-10,Derbyshire Constabulary,Derbyshire Constabulary,-1.557422,52.775988,On or near Rowley Court,E01019877,South Derbyshire 009B,Violence and sexual offences,Status update unavailable,,2024-10/2024-10-derbyshire-street.csv,E01019877,E02004126,South Derbyshire
528e11d3c048f900c890fbd554dcb1fe359ef858434e1dd0bbcc05e02707c55b,2024-10,Derbyshire Constabulary,Derbyshire Constabulary,-1.550247,52.774594,On or near Hall Farm Road,E01019877,South Derbyshire 009B,Violence and sexual offences,Status update unavailable,,2024-10/2024-10-derbyshire-street.csv,E01019877,E02004126,South Derbyshire
528e11d3c048f900c890fbd554dcb1fe359ef858434e1dd0bbcc05e02707c55b,2024-10,Derbyshire Constabulary,Derbyshire Constabulary,-1.550247,52.774594,On or near Hall Farm Road,E01019877,South Derbyshire 009B,Violence and sexual offences,Unable to prosecute suspect,,2024-10/2024-10-derbyshire-street.csv,E01019877,E02004126,South Derbyshire
c83593c17573d8aa6502ba2696dcedfdc38b70b61aa9091341920d28a2ed68f8,2024-10,Derbyshire Constabulary,Derbyshire Constabulary,-1.553358,52.773303,On or near East End Drive,E01019877,South Derbyshire 009B,Violence and sexual offences,Status update unavailable,,2024-10/2024-10-derbyshire-street.csv,E01019877,E02004126,South Derbyshire
03595837aee28396bba22eaa45983d3b9fb70b031516440caeceb96015c6bc7d,2024-10,Derbyshire Constabulary,Derbyshire Constabulary,-1.591054,52.746299,On or near Main Street,E01019850,South Derbyshire 011A,Public order,Status update unavailable,,2024-10/2024-10-derbyshire-street.csv,E01019850,E02004128,South Derbyshire
354363781c7e8326683f54a5747bd7af64b4a73ccb29344cf5947e0ba219d6d9,2024-10,Derbyshire Constabulary,Derbyshire Constabulary,-1.591054,52.746299,On or near Main Street,E01019850,South Derbyshire 011A,Public order,Status update unavailable,,2024-10/2024-10-derbyshire-street.csv,E01019850,E02004128,South Derbyshire
03595837aee28396bba22eaa45983d3b9fb70b031516440caeceb96015c6bc7d,2024-10,Derbyshire Constabulary,Derbyshire Constabulary,-1.599069,52.744654,On or near The Close,E01019851,South Derbyshire 011B,Public order,Unable to prosecute suspect,,2024-10/2024-10-derbyshire-street.csv,E01019851,E02004128,South Derbyshire
354363781c7e8326683f54a5747bd7af64b4a73ccb29344cf5947e0ba219d6d9,2024-10,Derbyshire Constabulary,Derbyshire Constabulary,-1.599069,52.744654,On or near The Close,E01019851,South Derbyshire 011B,Public order,Unable to prosecute suspect,,2024-10/2024-10-derbyshire-street.csv,E01019851,E02004128,South Derbyshire
9c384ccc98c4284b6b355663db3f92db8f85a1acf590dc4325ff736f65b6cd65,2024-10,Derbyshire Constabulary,Derbyshire Constabulary,-1.597788,52.747023,On or near Greenfield Drive,E01019851,South Derbyshire 011B,Other crime,Unable to prosecute suspect,,2024-10/2024-10-derbyshire-street.csv,E01019851,E02004128,South Derbyshire
88a9afc7f36c7b18ebf39903f502d0b40f0e3a682fa5b593005983f2b6a1bcd5,2024-10,Derbyshire Constabulary,Derbyshire Constabulary,-1.555324,52.734583,On or near Shortheath,E01019872,South Derbyshire 011F,Possession of weapons,Investigation complete; no suspect identified,,2024-10/2024-10-derbyshire-street.csv,E01019872,E02004128,South Derbyshire
c83593c17573d8aa6502ba2696dcedfdc38b70b61aa9091341920d28a2ed68f8,2024-10,Derbyshire Constabulary,Derbyshire Constabulary,-1.556759,52.763939,On or near Common Side,E01019837,South Derbyshire 012A,Violence and sexual offences,Unable to prosecute suspect,,2024-10/2024-10-derbyshire-street.csv,E01019837,E02006919,South Derbyshire
88a9afc7f36c7b18ebf39903f502d0b40f0e3a682fa5b593005983f2b6a1bcd5,2024-10,Derbyshire Constabulary,Derbyshire Constabulary,-1.579616,52.758835,On or near Essex Drive,E01034655,South Derbyshire 012G,Possession of weapons,Status update unavailable,,2024-10/2024-10-derbyshire-street.csv,E01034655,E02006919,South Derbyshire
88a9afc7f36c7b18ebf39903f502d0b40f0e3a682fa5b593005983f2b6a1bcd5,2024-10,Derbyshire Constabulary,Derbyshire Constabulary,-1.526579,52.771401,On or near Bentley Dale,E01019842,South Derbyshire 013A,Possession of weapons,Status update unavailable,,2024-10/2024-10-derbyshire-street.csv,E01019842,E02006920,South Derbyshire
4367067bb58174edbe91b30de6e5e4aba619a91fabaa33db5483192fa10f7f0a,2024-10,Derbyshire Constabulary,Derbyshire Constabulary,-1.529577,52.771062,On or near Falcon Way,E01019885,South Derbyshire 013C,Violence and sexual offences,Unable to prosecute suspect,,2024-10/2024-10-derbyshire-street.csv,E01019885,E02006920,South Derbyshire
c9f4befc9a31905bd726519d6474f0b0874cd210279b41368422a2266853f2b2,2024-10,Derbyshire Constabulary,Derbyshire Constabulary,-1.530057,52.771900,On or near Wren Close,E01019885,South Derbyshire 013C,Other crime,Further investigation is not in the public interest,,2024-10/2024-10-derbyshire-street.csv,E01019885,E02006920,South Derbyshire
4367067bb58174edbe91b30de6e5e4aba619a91fabaa33db5483192fa10f7f0a,2024-10,Derbyshire Constabulary,Derbyshire Constabulary,-1.530640,52.765879,On or near Foster Road,E01034656,South Derbyshire 013E,Violence and sexual offences,Status update unavailable,,2024-10/2024-10-derbyshire-street.csv,E01034656,E02006920,South Derbyshire
9c384ccc98c4284b6b355663db3f92db8f85a1acf590dc4325ff736f65b6cd65,2024-10,Derbyshire Constabulary,Derbyshire Constabulary,-1.527345,52.765021,On or near Holly Court,E01034656,South Derbyshire 013E,Other crime,Status update unavailable,,2024-10/2024-10-derbyshire-street.csv,E01034656,E02006920,South Derbyshire
5e575ccfc3144533b0705abe0212f11345ae040d7189d014e6428941f8801720,2024-11,Derbyshire Constabulary,Derbyshire Constabulary,-1.399329,52.917777,On or near Goldstone Court,E01013593,Derby 014A,Violence and sexual offences,Status update unavailable,,2024-11/2024-11-derbyshire-street.csv,E01013593,E02002809,Derby
5e575ccfc3144533b0705abe0212f11345ae040d7189d014e6428941f8801720,2024-11,Derbyshire Constabulary,Derbyshire Constabulary,-1.410970,52.914761,On or near Derwent Road,E01013595,Derby 014B,Violence and sexual offences,Unable to prosecute suspect,,2024-11/2024-11-derbyshire-street.csv,E01013595,E02002809,Derby
dd306c746c9fbd657800d6808c0394b1a5db267e16ecdc4caa3e57bc831f762b,2024-11,Derbyshire Constabulary,Derbyshire Constabulary,-1.508306,52.901333,On or near Lawnswood Close,E01013546,Derby 017D,Violence and sexual offences,Investigation complete; no suspect identified,,2024-11/2024-11-derbyshire-street.csv,E01013546,E02002812,Derby
9f4db750108ba9037a5bdbd5a62136d2e10723834cc14c29615669c762963f66,2024-11,Derbyshire Constabulary,Derbyshire Constabulary,-1.472503,52.907760,On or near Sale Street,E01013487,Derby 018E,Other theft,Status update unavailable,,2024-11/2024-11-derbyshire-street.csv,E01013487,E02002813,Derby
ad28a1c2a68bbac7903c65d2f69f866fd6f8b18132b9b5939d5b58d9852bffd2,2024-11,Derbyshire Constabulary,Derbyshire Constabulary,-1.473950,52.904988,On or near Petrol Station,E01013487,Derby 018E,Violence and sexual offences,Unable to prosecute suspect,,2024-11/2024-11-derbyshire-street.csv,E01013487,E02002813,Derby
a65bdbae73778915282e64e4815ce38947732c878d0f16922ed4e985c40dc49b,2024-11,Derbyshire Constabulary,Derbyshire Constabulary,-1.469970,52.920441,On or near Parking Area,E01033166,Derby 018F,Robbery,Status update unavailable,,2024-11/2024-11-derbyshire-street.csv,E01033166,E02002813,Derby
2084b933c6ff6c489be3b2149112a377b073ae1ca1cb380f928814ec8b08a002,2024-11,Derbyshire Constabulary,Derbyshire Constabulary,-1.467224,52.909048,On or near Douglas Street,E01033167,Derby 018G,Violence and sexual offences,Status update unavailable,,2024-11/2024-11-derbyshire-street.csv,E01033167,E02002813,Derby
8b2b808666215c32a26ef5f9efc34fd757a60c7618edf0a54fce7498964dfc8e,2024-11,Derbyshire Constabulary,Derbyshire Constabulary,-1.463534,52.914030,On or near Parking Area,E01033167,Derby 018G,Other crime,Status update unavailable,,2024-11/2024-11-derbyshire-street.csv,E01033167,E02002813,Derby
ca806736835b4b61db75f77c4cf8047b2974498fd246a75f451051cd2aae3871,2024-11,Derbyshire Constabulary,Derbyshire Constabulary,-1.472856,52.898304,On or near Sports/Recreation Area,E01013569,Derby 020D,Violence and sexual offences,Court result unavailable,,2024-11/2024-11-derbyshire-street.csv,E01013569,E02002815,Derby
ca806736835b4b61db75f77c4cf8047b2974498fd246a75f451051cd2aae3871,2024-11,Derbyshire Constabulary,Derbyshire Constabulary,-1.472856,52.898304,On or near Sports/Recreation Area,E01013569,Derby 020D,Violence and sexual offences,Status update unavailable,,2024-11/2024-11-derbyshire-street.csv,E01013569,E02002815,Derby
5ff0bd8922165111c6cf8f5d90c5ae3ac5fa7be1b75665d0aef7cafc20fadace,2024-11,Derbyshire Constabulary,Derbyshire Constabulary,-1.523621,52.891588,On or near Kelvedon Drive,E01013539,Derby 021A,Robbery,Unable to prosecute suspect,,2024-11/2024-11-derbyshire-street.csv,E01013539,E02002816,Derby
5ff0bd8922165111c6cf8f5d90c5ae3ac5fa7be1b75665d0aef7cafc20fadace,2024-11,Derbyshire Constabulary,Derbyshire Constabulary,-1.522587,52.891026,On or near Portico Road,E01013539,Derby 021A,Robbery,Status update unavailable,,2024-11/2024-11-derbyshire-street.csv,E01013539,E02002816,Derby
ad28a1c2a68bbac7903c65d2f69f866fd6f8b18132b9b5939d5b58d9852bffd2,2024-11,Derbyshire Constabulary,Derbyshire Constabulary,-1.498454,52.890594,On or near Mark'S Close,E01013488,Derby 022A,Violence and sexual offences,Status update unavailable,,2024-11/2024-11-derbyshire-street.csv,E01013488,E02002817,Derby
8fda252da47461e663f803eb5bc4e4e69c80b6bf6d3626ee3a6622366cbb8845,2024-11,Derbyshire Constabulary,Derbyshire Constabulary,-1.507995,52.898608,On or near Willson Road,E01013489,Derby 022B,Possession of weapons,Status update unavailable,,2024-11/2024-11-derbyshire-street.csv,E01013489,E02002817,Derby
dd306c746c9fbd657800d6808c0394b1a5db267e16ecdc4caa3e57bc831f762b,2024-11,Derbyshire Constabulary,Derbyshire Constabulary,-1.513149,52.901640,On or near Eliot Road,E01013490,Derby 022C,Violence and sexual offences,Status update unavailable,,2024-11/2024-11-derbyshire-street.csv,E01013490,E02002817,Derby
e8bc4ca145a1f8a38fc70c6d915cd7d23490c240e4a60bde7600422aff59c712,2024-11,Derbyshire Constabulary,Derbyshire Constabulary,-1.479957,52.901194,On or near Havelock Road,E01013570,Derby 023A,Violence and sexual offences,Status update unavailable,,2024-11/2024-11-derbyshire-street.csv,E01013570,E02002818,Derby
7de7a5f67a0b723f18da3eebf23619b0ddf81dbf245b60235f9ada537dff131b,2024-11,Derbyshire Constabulary,Derbyshire Constabulary,-1.485041,52.899976,On or near Kenilworth Avenue,E01013571,Derby 023B,Violence and sexual offences,Unable to prosecute suspect,,2024-11/2024-11-derbyshire-street.csv,E01013571,E02002818,Derby
e8bc4ca145a1f8a38fc70c6d915cd7d23490c240e4a60bde7600422aff59c712,2024-11,Derbyshire Constabulary,Derbyshire Constabulary,-1.478874,52.898511,On or near Balaclava Road,E01013571,Derby 023B,Violence and sexual offences,Unable to prosecute suspect,,2024-11/2024-11-derbyshire-street.csv,E01013571,E02002818,Derby
331912208894f8672bbf3421d3478969b328566a9a2e23a46d86f36b3adaaa25,2024-11,Derbyshire Constabulary,Derbyshire Constabulary,-1.486868,52.897593,On or near Park Hill Drive,E01013571,Derby 023B,Violence and sexual offences,Status update unavailable,,2024-11/2024-11-derbyshire-street.csv,E01013571,E02002818,Derby
f8f0760bde39d667d4f417c088f28afb8de9a45ad5eb20f8f7a8198895a4b6ef,2024-11,Derbyshire Constabulary,Derbyshire Constabulary,-1.481176,52.896183,On or near Arleston Street,E01013571,Derby 023B,Other crime,Status update unavailable,,2024-11/2024-11-derbyshire-street.csv,E01013571,E02002818,Derby
7de7a5f67a0b723f18da3eebf23619b0ddf81dbf245b60235f9ada537dff131b,2024-11,Derbyshire Constabulary,Derbyshire Constabulary,-1.484073,52.892564,On or near Baxter Square,E01013573,Derby 023D,Violence and sexual offences,Status update unavailable,,2024-11/2024-11-derbyshire-street.csv,E01013573,E02002818,Derby
ea4b2e08e8b7969f608bdf0754fbb4b6bac512ed4dbbb2036836462a0e935595,2024-11,Derbyshire Constabulary,Derbyshire Constabulary,-1.425435,52.896053,On or near Poplar Close,E01013470,Derby 024A,Violence and sexual offences,Status update unavailable,,2024-11/2024-11-derbyshire-street.csv,E01013470,E02002819,Derby
22ffd03cf8f7a44b4f52b6a1690a959f89e42aefb308f1de288dd6093ad8f58a,2024-11,Derbyshire Constabulary,Derbyshire Constabulary,-1.460542,52.916931,On or near Further/Higher Educational Building,E01033172,Derby 024F,Vehicle crime,Unable to prosecute suspect,,2024-11/2024-11-derbyshire-street.csv,E01033172,E02002819,Derby
22ffd03cf8f7a44b4f52b6a1690a959f89e42aefb308f1de288dd6093ad8f58a,2024-11,Derbyshire Constabulary,Derbyshire Constabulary,-1.452170,52.908378,On or near Beverley Street,E01033172,Derby 024F,Vehicle crime,Status update unavailable,,2024-11/2024-11-derbyshire-street.csv,E01033172,E02002819,Derby
bf90db049590409f5a4f5b9658b12e27b113e3d8a71c0adcc6aaf48442a44c44,2024-11,Derbyshire Constabulary,Derbyshire Constabulary,-1.440377,52.901545,On or near Haig Street,E01013471,Derby 025A,Violence and sexual offences,Unable to prosecute suspect,,2024-11/2024-11-derbyshire-street.csv,E01013471,E02002820,Derby
bf90db049590409f5a4f5b9658b12e27b113e3d8a71c0adcc6aaf48442a44c44,2024-11,Derbyshire Constabulary,Derbyshire Constabulary,-1.441039,52.902123,On or near Commerce Street,E01013471,Derby 025A,Violence and sexual offences,Status update unavailable,,2024-11/2024-11-derbyshire-street.csv,E01013471,E02002820,Derby
9f4db750108ba9037a5bdbd5a62136d2e10723834cc14c29615669c762963f66,2024-11,Derbyshire Constabulary,Derbyshire Constabulary,-1.434696,52.899423,On or near Wildsmith Street,E01013473,Derby 025B,Other theft,Unable to prosecute suspect,,2024-11/2024-11-derbyshire-street.csv,E01013473,E02002820,Derby
01b459aaa113df7d8c48d7e406b17ddc490bb06884b6283997901956200185f9,2024-11,Derbyshire Constabulary,Derbyshire Constabulary,-1.430897,52.895513,On or near Hawthorn Avenue,E01013473,Derby 025B,Violence and sexual offences,Status update unavailable,,2024-11/2024-11-derbyshire-street.csv,E01013473,E02002820,Derby
55472e5407117ec24602cecb98b966aa06a1c4e8c545c68c37f56118ca8a3ad1,2024-11,Derbyshire Constabulary,Derbyshire Constabulary,-1.432290,52.898135,On or near Beckitt Close,E01013473,Derby 025B,Violence and sexual offences,Status update unavailable,,2024-11/2024-11-derbyshire-street.csv,E01013473,E02002820,Derby
419cf5540d6323d3c1931ae6fc45295d99ccf6cd09f3533b17c8c892973179da,2024-11,Derbyshire Constabulary,Derbyshire Constabulary,-1.434696,52.899423,On or near Wildsmith Street,E01013473,Derby 025B,Violence and sexual offences,Status update unavailable,,2024-11/2024-11-derbyshire-street.csv,E01013473,E02002820,Derby
2c055d42fd8360a3a00aeb8dc913d6d34644324ef293963d4d15cc4e3d7aa6c2,2024-11,Derbyshire Constabulary,Derbyshire Constabulary,-1.452786,52.892541,On or near Shopping Area,E01013472,Derby 026A,Theft from the person,Unable to prosecute suspect,,2024-11/2024-11-derbyshire-street.csv,E01013472,E02002821,Derby
2c055d42fd8360a3a00aeb8dc913d6d34644324ef293963d4d15cc4e3d7aa6c2,2024-11,Derbyshire Constabulary,Derbyshire Constabulary,-1.452786,52.892541,On or near Shopping Area,E01013472,Derby 026A,Theft from the person,Status update unavailable,,2024-11/2024-11-derbyshire-street.csv,E01013472,E02002821,Derby
55472e5407117ec24602cecb98b966aa06a1c4e8c545c68c37f56118ca8a3ad1,2024-11,Derbyshire Constabulary,Derbyshire Constabulary,-1.443179,52.897576,On or near Gala Drive,E01013472,Derby 026A,Violence and sexual offences,Status update unavailable,,2024-11/2024-11-derbyshire-street.csv,E01013472,E02002821,Derby
2c055d42fd8360a3a00aeb8dc913d6d34644324ef293963d4d15cc4e3d7aa6c2,2024-11,Derbyshire Constabulary,Derbyshire Constabulary,-1.449003,52.890771,On or near Cockayne Street South,E01013504,Derby 026C,Theft from the person,Status update unavailable,,2024-11/2024-11-derbyshire-street.csv,E01013504,E02002821,Derby
ea4b2e08e8b7969f608bdf0754fbb4b6bac512ed4dbbb2036836462a0e935595,2024-11,Derbyshire Constabulary,Derbyshire Constabulary,-1.461278,52.896886,On or near Addison Road,E01013591,Derby 026F,Violence and sexual offences,Unable to prosecute suspect,,2024-11/2024-11-derbyshire-street.csv,E01013591,E02002821,Derby
a19a75db35fc68d1de3bcdec1f18d5e62c5662690cc2ec4f23fec3f7eb4c4331,2024-11,Derbyshire Constabulary,Derbyshire Constabulary,-1.458271,52.894913,On or near Buchan Street,E01013591,Derby 026F,Violence and sexual offences,Status update unavailable,,2024-11/2024-11-derbyshire-street.csv,E01013591,E02002821,Derby
8fe1cc2ce8816682eee7fd74e385dd817a55ca24f4a539d3411fb56a4337bb7b,2024-11,Derbyshire Constabulary,Derbyshire Constabulary,-1.506568,52.888156,On or near Bowbridge Avenue,E01013494,Derby 027C,Public order,Status update unavailable,,2024-11/2024-11-derbyshire-street.csv,E01013494,E02002822,Derby
26fa24ab7bee8863a28ff96b9ba90b3cd12edee40d48b89b1558910fd915c3ba,2024-11,Derbyshire Constabulary,Derbyshire Constabulary,-1.510865,52.885324,On or near Dalesgate Close,E01013494,Derby 027C,Violence and sexual offences,Status update unavailable,,2024-11/2024-11-derbyshire-street.csv,E01013494,E02002822,Derby
8fe1cc2ce8816682eee7fd74e385dd817a55ca24f4a539d3411fb56a4337bb7b,2024-11,Derbyshire Constabulary,Derbyshire Constabulary,-1.431826,52.885872,On or near Folkestone Drive,E01013500,Derby 028D,Public order,Unable to prosecute suspect,,2024-11/2024-11-derbyshire-street.csv,E01013500,E02002823,Derby
a65bdbae73778915282e64e4815ce38947732c878d0f16922ed4e985c40dc49b,2024-11,Derbyshire Constabulary,Derbyshire Constabulary,-1.425960,52.893386,On or near Courtland Gardens,E01013501,Derby 028E,Robbery,Court result unavailable,,2024-11/2024-11-derbyshire-street.csv,E01013501,E02002823,Derby
ca081c0a88ad81d719af9c8c1c95a9385de6a47481659556fe8211fadd90e880,2024-11,Derbyshire Constabulary,Derbyshire Constabulary,-1.469876,52.892789,On or near Ashtree Avenue,E01013584,Derby 029A,Public order,Court result unavailable,,2024-11/2024-11-derbyshire-street.csv,E01013584,E02002824,Derby
ca081c0a88ad81d719af9c8c1c95a9385de6a47481659556fe8211fadd90e880,2024-11,Derbyshire Constabulary,Derbyshire Constabulary,-1.468274,52.896144,On or near A5111,E01013584,Derby 029A,Public order,Status update unavailable,,2024-11/2024-11-derbyshire-street.csv,E01013584,E02002824,Derby
db2a4590ddf2d96be1f045b7ff9ec65b6697c6ec959bc38231dda84a623827d8,2024-11,Derbyshire Constabulary,Derbyshire Constabulary,-1.483243,52.886106,On or near Barrie Drive,E01013585,Derby 029B,Other crime,Status update unavailable,,2024-11/2024-11-derbyshire-street.csv,E01013585,E02002824,Derby
8b2b808666215c32a26ef5f9efc34fd757a60c7618edf0a54fce7498964dfc8e,2024-11,Derbyshire Constabulary,Derbyshire Constabulary,-1.483243,52.886106,On or near Barrie Drive,E01013585,Derby 029B,Other crime,Investigation complete; no suspect identified,,2024-11/2024-11-derbyshire-street.csv,E01013585,E02002824,Derby
db2a4590ddf2d96be1f045b7ff9ec65b6697c6ec959bc38231dda84a623827d8,2024-11,Derbyshire Constabulary,Derbyshire Constabulary,-1.495856,52.881360,On or near Rothesay Close,E01013586,Derby 029C,Other crime,Unable to prosecute suspect,,2024-11/2024-11-derbyshire-street.csv,E01013586,E02002824,Derby
331912208894f8672bbf3421d3478969b328566a9a2e23a46d86f36b3adaaa25,2024-11,Derbyshire Constabulary,Derbyshire Constabulary,-1.487546,52.880381,On or near Stroma Close,E01013587,Derby 029D,Violence and sexual offences,Unable to prosecute suspect,,2024-11/2024-11-derbyshire-street.csv,E01013587,E02002824,Derby
f8f0760bde39d667d4f417c088f28afb8de9a45ad5eb20f8f7a8198895a4b6ef,2024-11,Derbyshire Constabulary,Derbyshire Constabulary,-1.490157,52.874432,On or near Farmhouse Road,E01013588,Derby 029E,Other crime,Investigation complete; no suspect identified,,2024-11/2024-11-derbyshire-street.csv,E01013588,E02002824,Derby
8862748b95f7082abd7981f26a55b1f52fe429f2d99269d0db18269b041de218,2024-11,Derbyshire Constabulary,Derbyshire Constabulary,-1.447354,52.877863,On or near Staveley Close,E01013521,Derby 030D,Violence and sexual offences,Court result unavailable,,2024-11/2024-11-derbyshire-street.csv,E01013521,E02002825,Derby
8862748b95f7082abd7981f26a55b1f52fe429f2d99269d0db18269b041de218,2024-11,Derbyshire Constabulary,Derbyshire Constabulary,-1.447354,52.877863,On or near Staveley Close,E01013521,Derby 030D,Violence and sexual offences,Status update unavailable,,2024-11/2024-11-derbyshire-street.csv,E01013521,E02002825,Derby
01b459aaa113df7d8c48d7e406b17ddc490bb06884b6283997901956200185f9,2024-11,Derbyshire Constabulary,Derbyshire Constabulary,-1.448520,52.877293,On or near Stonyhurst Court,E01013521,Derby 030D,Violence and sexual offences,Unable to prosecute suspect,,2024-11/2024-11-derbyshire-street.csv,E01013521,E02002825,Derby
f58b4250e5ab3e904dd356909bf3a9c108587a99bdd5f59381b4cba5bb285774,2024-11,Derbyshire Constabulary,Derbyshire Constabulary,-1.447278,52.873278,On or near Montague Way,E01033168,Derby 030E,Violence and sexual offences,Status update unavailable,,2024-11/2024-11-derbyshire-street.csv,E01033168,E02002825,Derby
419cf5540d6323d3c1931ae6fc45295d99ccf6cd09f3533b17c8c892973179da,2024-11,Derbyshire Constabulary,Derbyshire Constabulary,-1.452115,52.872609,On or near Othello Drive,E01033169,Derby 030F,Violence and sexual offences,Further investigation is not in the public interest,,2024-11/2024-11-derbyshire-street.csv,E01033169,E02002825,Derby
0bdf539a2d54443ff9a50790e26f8bf908b680bdb7137bb8dda291759dd66c5f,2024-11,Derbyshire Constabulary,Derbyshire Constabulary,-1.438547,52.870648,On or near Orchard Way,E01013514,Derby 031A,Other crime,Unable to prosecute suspect,,2024-11/2024-11-derbyshire-street.csv,E01013514,E02002826,Derby
a19a75db35fc68d1de3bcdec1f18d5e62c5662690cc2ec4f23fec3f7eb4c4331,2024-11,Derbyshire Constabulary,Derbyshire Constabulary,-1.432198,52.865323,On or near Woodlands Lane,E01013515,Derby 031B,Violence and sexual offences,Unable to prosecute suspect,,2024-11/2024-11-derbyshire-street.csv,E01013515,E02002826,Derby
55472e5407117ec24602cecb98b966aa06a1c4e8c545c68c37f56118ca8a3ad1,2024-11,Derbyshire Constabulary,Derbyshire Constabulary,-1.439957,52.862627,On or near Royal Approach,E01013515,Derby 031B,Violence and sexual offences,Unable to prosecute suspect,,2024-11/2024-11-derbyshire-street.csv,E01013515,E02002826,Derby
b0bd0c1d995a50ab1aab3e67d0045f0d20fb30661a9e573cf0a7d3f57a768ad4,2024-11,Derbyshire Constabulary,Derbyshire Constabulary,-1.428765,52.874548,On or near Thurrows Way,E01013519,Derby 031C,Other theft,Unable to prosecute suspect,,2024-11/2024-11-derbyshire-street.csv,E01013519,E02002826,Derby
f58b4250e5ab3e904dd356909bf3a9c108587a99bdd5f59381b4cba5bb285774,2024-11,Derbyshire Constabulary,Derbyshire Constabulary,-1.427546,52.873428,On or near Acrefield Way,E01013519,Derby 031C,Violence and sexual offences,Unable to prosecute suspect,,2024-11/2024-11-derbyshire-street.csv,E01013519,E02002826,Derby
0bdf539a2d54443ff9a50790e26f8bf908b680bdb7137bb8dda291759dd66c5f,2024-11,Derbyshire Constabulary,Derbyshire Constabulary,-1.431391,52.873662,On or near Pingreaves Drive,E01013519,Derby 031C,Other crime,Status update unavailable,,2024-11/2024-11-derbyshire-street.csv,E01013519,E02002826,Derby
e6ad5c2b50b53c8812d5b7e4839bb2821f569f7824facb1cfaa7c71a336dc467,2024-11,Derbyshire Constabulary,Derbyshire Constabulary,-1.372627,52.908928,On or near Rutland Avenue,E01019687,Erewash 009E,Violence and sexual offences,Unable to prosecute suspect,,2024-11/2024-11-derbyshire-street.csv,E01019687,E02004086,Erewash
870ecdf036f0a15d6b5a25c421f6fea359dc9440b9fe7fe4f46ab588d2c37a42,2024-11,Derbyshire Constabulary,Derbyshire Constabulary,-1.294602,52.900095,On or near Cotswold Close,E01019653,Erewash 011C,Violence and sexual offences,Unable to prosecute suspect,,2024-11/2024-11-derbyshire-street.csv,E01019653,E02004088,Erewash
957e670f337a7f4884fa40e1892cd9df2e2a1f7a4f1d8cd0d60543fdf55b0ec9,2024-11,Derbyshire Constabulary,Derbyshire Constabulary,-1.296494,52.890667,On or near Airedale Close,E01019707,Erewash 011D,Violence and sexual offences,Unable to prosecute suspect,,2024-11/2024-11-derbyshire-street.csv,E01019707,E02004088,Erewash
1886d4f1aded59e64fc56fdbb372aa711441ced023ace6427dc0ffbc174c1b85,2024-11,Derbyshire Constabulary,Derbyshire Constabulary,-1.306771,52.882808,On or near Hilton Close,E01019697,Erewash 015A,Drugs,Status update unavailable,,2024-11/2024-11-derbyshire-street.csv,E01019697,E02004092,Erewash
497183e666996b23928dc74dc12f53d2fe45edc3512f6eee2faa379e98d8ac10,2024-11,Derbyshire Constabulary,Derbyshire Constabulary,-1.303035,52.880377,On or near Wilne Close,E01019697,Erewash 015A,Violence and sexual offences,Status update unavailable,,2024-11/2024-11-derbyshire-street.csv,E01019697,E02004092,Erewash
957e670f337a7f4884fa40e1892cd9df2e2a1f7a4f1d8cd0d60543fdf55b0ec9,2024-11,Derbyshire Constabulary,Derbyshire Constabulary,-1.303479,52.886043,On or near Osmaston Close,E01019699,Erewash 015B,Violence and sexual offences,Status update unavailable,,2024-11/2024-11-derbyshire-street.csv,E01019699,E02004092,Erewash
1886d4f1aded59e64fc56fdbb372aa711441ced023ace6427dc0ffbc174c1b85,2024-11,Derbyshire Constabulary,Derbyshire Constabulary,-1.295739,52.879453,On or near Fairfield Crescent,E01019700,Erewash 015C,Drugs,Status update unavailable,,2024-11/2024-11-derbyshire-street.csv,E01019700,E02004092,Erewash
497183e666996b23928dc74dc12f53d2fe45edc3512f6eee2faa379e98d8ac10,2024-11,Derbyshire Constabulary,Derbyshire Constabulary,-1.286739,52.885503,On or near Parking Area,E01019705,Erewash 015D,Violence and sexual offences,Unable to prosecute suspect,,2024-11/2024-11-derbyshire-street.csv,E01019705,E02004092,Erewash
870ecdf036f0a15d6b5a25c421f6fea359dc9440b9fe7fe4f46ab588d2c37a42,2024-11,Derbyshire Constabulary,Derbyshire Constabulary,-1.284147,52.890404,On or near Ash Grove,E01019709,Erewash 015F,Violence and sexual offences,Status update unavailable,,2024-11/2024-11-derbyshire-street.csv,E01019709,E02004092,Erewash
26fa24ab7bee8863a28ff96b9ba90b3cd12edee40d48b89b1558910fd915c3ba,2024-11,Derbyshire Constabulary,Derbyshire Constabulary,-1.794241,52.411370,On or near White House Way,E01010192,Solihull 019A,Violence and sexual offences,Status update unavailable,,2024-11/2024-11-derbyshire-street.csv,E01010192,E02002099,Solihull
77c93954db681479d8f1f85717a5db1810c58fff7564b60e76fb196ce72b2d5a,2024-11,Derbyshire Constabulary,Derbyshire Constabulary,-1.601131,52.883720,On or near Portland Street,E01019841,South Derbyshire 002B,Violence and sexual offences,Action to be taken by another organisation,,2024-11/2024-11-derbyshire-street.csv,E01019841,E02004119,South Derbyshire
ee80a4b6d511274eed9f14ed3601d981b6305cfa31a59b1f56ab08379423f446,2024-11,Derbyshire Constabulary,Derbyshire Constabulary,-1.598868,52.882633,On or near Oaklands Road,E01019841,South Derbyshire 002B,Violence and sexual offences,Unable to prosecute suspect,,2024-11/2024-11-derbyshire-street.csv,E01019841,E02004119,South Derbyshire
ee80a4b6d511274eed9f14ed3601d981b6305cfa31a59b1f56ab08379423f446,2024-11,Derbyshire Constabulary,Derbyshire Constabulary,-1.636172,52.867786,On or near Clyde Street,E01033532,South Derbyshire 002F,Violence and sexual offences,Status update unavailable,,2024-11/2024-11-derbyshire-street.csv,E01033532,E02004119,South Derbyshire
77c93954db681479d8f1f85717a5db1810c58fff7564b60e76fb196ce72b2d5a,2024-11,Derbyshire Constabulary,Derbyshire Constabulary,-1.641128,52.873896,On or near West Avenue,E01033532,South Derbyshire 002F,Violence and sexual offences,Status update unavailable,,2024-11/2024-11-derbyshire-street.csv,E01033532,E02004119,South Derbyshire
2084b933c6ff6c489be3b2149112a377b073ae1ca1cb380f928814ec8b08a002,2024-11,Derbyshire Constabulary,Derbyshire Constabulary,-1.503301,52.880115,On or near Cicely Close,E01019873,South Derbyshire 003A,Violence and sexual offences,Unable to prosecute suspect,,2024-11/2024-11-derbyshire-street.csv,E01019873,E02004120,South Derbyshire
5dd8372953c8e399a20148e84f253c4191fb748171d96a4fb00d3c47baaf78a6,2024-11,Derbyshire Constabulary,Derbyshire Constabulary,-1.507286,52.873300,On or near Silverton Drive,E01019873,South Derbyshire 003A,Violence and sexual offences,Unable to prosecute suspect,,2024-11/2024-11-derbyshire-street.csv,E01019873,E02004120,South Derbyshire
39102f2c176b4a0bfa8184b9854c09030dd4951ff0e8323e6e3e7d7a599d1674,2024-11,Derbyshire Constabulary,Derbyshire Constabulary,-1.563587,52.856260,On or near Arthur Close,E01019882,South Derbyshire 003E,Violence and sexual offences,Court result unavailable,,2024-11/2024-11-derbyshire-street.csv,E01019882,E02004120,South Derbyshire
39102f2c176b4a0bfa8184b9854c09030dd4951ff0e8323e6e3e7d7a599d1674,2024-11,Derbyshire Constabulary,Derbyshire Constabulary,-1.563587,52.856260,On or near Arthur Close,E01019882,South Derbyshire 003E,Violence and sexual offences,Status update unavailable,,2024-11/2024-11-derbyshire-street.csv,E01019882,E02004120,South Derbyshire
8fda252da47461e663f803eb5bc4e4e69c80b6bf6d3626ee3a6622366cbb8845,2024-11,Derbyshire Constabulary,Derbyshire Constabulary,-1.538119,52.886881,On or near Warwick Close,E01034650,South Derbyshire 003F,Possession of weapons,Court result unavailable,,2024-11/2024-11-derbyshire-street.csv,E01034650,E02004120,South Derbyshire
77c93954db681479d8f1f85717a5db1810c58fff7564b60e76fb196ce72b2d5a,2024-11,Derbyshire Constabulary,Derbyshire Constabulary,-1.582214,52.854349,On or near Petrol Station,E01019880,South Derbyshire 005D,Violence and sexual offences,Status update unavailable,,2024-11/2024-11-derbyshire-street.csv,E01019880,E02004122,South Derbyshire
89542efdbb10d70da24e3ad57ad2b4d9499542b079c433b04c656cbe157e0e04,2024-11,Derbyshire Constabulary,Derbyshire Constabulary,-1.578878,52.784606,On or near B5353,E01019861,South Derbyshire 008B,Violence and sexual offences,Status update unavailable,,2024-11/2024-11-derbyshire-street.csv,E01019861,E02004125,South Derbyshire
e6ad5c2b50b53c8812d5b7e4839bb2821f569f7824facb1cfaa7c71a336dc467,2024-11,Derbyshire Constabulary,Derbyshire Constabulary,-1.572874,52.784557,On or near Chapel Street,E01019861,South Derbyshire 008B,Violence and sexual offences,Status update unavailable,,2024-11/2024-11-derbyshire-street.csv,E01019861,E02004125,South Derbyshire
ac310dc3b2fdaf6a190a83d2fdc1442d596fe4d9b882d73a5e05fa4bff401408,2024-11,Derbyshire Constabulary,Derbyshire Constabulary,-1.565475,52.780090,On or near Howden Close,E01019863,South Derbyshire 008D,Violence and sexual offences,Status update unavailable,,2024-11/2024-11-derbyshire-street.csv,E01019863,E02004125,South Derbyshire
f84bb1da7239f307fd233de9cbb5536da44893652e5ded4fcc9b888f690a0bb4,2024-11,Derbyshire Constabulary,Derbyshire Constabulary,-1.567000,52.778810,On or near Potters Croft,E01019865,South Derbyshire 008F,Violence and sexual offences,Local resolution,,2024-11/2024-11-derbyshire-street.csv,E01019865,E02004125,South Derbyshire
89542efdbb10d70da24e3ad57ad2b4d9499542b079c433b04c656cbe157e0e04,2024-11,Derbyshire Constabulary,Derbyshire Constabulary,-1.559294,52.778521,On or near Nelson Street,E01019876,South Derbyshire 009A,Violence and sexual offences,Status update unavailable,,2024-11/2024-11-derbyshire-street.csv,E01019876,E02004126,South Derbyshire
f84bb1da7239f307fd233de9cbb5536da44893652e5ded4fcc9b888f690a0bb4,2024-11,Derbyshire Constabulary,Derbyshire Constabulary,-1.563672,52.778096,On or near Queen Victoria Drive,E01019876,South Derbyshire 009A,Violence and sexual offences,Status update unavailable,,2024-11/2024-11-derbyshire-street.csv,E01019876,E02004126,South Derbyshire
89fe0aa995e5a81a16cb8a2450a2e90570adf35239a7507f543e9bb02fe6a42a,2024-11,Derbyshire Constabulary,Derbyshire Constabulary,-1.554495,52.775186,On or near Belmont Street,E01019877,South Derbyshire 009B,Possession of weapons,Status update unavailable,,2024-11/2024-11-derbyshire-street.csv,E01019877,E02004126,South Derbyshire
89fe0aa995e5a81a16cb8a2450a2e90570adf35239a7507f543e9bb02fe6a42a,2024-11,Derbyshire Constabulary,Derbyshire Constabulary,-1.556472,52.777575,On or near John Street,E01019877,South Derbyshire 009B,Possession of weapons,Status update unavailable,,2024-11/2024-11-derbyshire-street.csv,E01019877,E02004126,South Derbyshire
d6c5449ee9e6823b16391163f8f27be17ece1cc5c254b60029ed1a30f97a7ac6,2024-11,Derbyshire Constabulary,Derbyshire Constabulary,-1.562661,52.769499,On or near Glebe Street,E01019878,South Derbyshire 009C,Public order,Unable to prosecute suspect,,2024-11/2024-11-derbyshire-street.csv,E01019878,E02004126,South Derbyshire
b0bd0c1d995a50ab1aab3e67d0045f0d20fb30661a9e573cf0a7d3f57a768ad4,2024-11,Derbyshire Constabulary,Derbyshire Constabulary,-1.635300,52.778608,On or near Walton Road,E01019850,South Derbyshire 011A,Other theft,Status update unavailable,,2024-11/2024-11-derbyshire-street.csv,E01019850,E02004128,South Derbyshire
ac310dc3b2fdaf6a190a83d2fdc1442d596fe4d9b882d73a5e05fa4bff401408,2024-11,Derbyshire Constabulary,Derbyshire Constabulary,-1.586749,52.739398,On or near Seal Wood Lane,E01019851,South Derbyshire 011B,Violence and sexual offences,Unable to prosecute suspect,,2024-11/2024-11-derbyshire-street.csv,E01019851,E02004128,South Derbyshire
22f3767f7ccd264b872997e0ddaa3edf38362d7676f3fdcffc0d0d9020123095,2024-11,Derbyshire Constabulary,Derbyshire Constabulary,-1.597788,52.747023,On or near Greenfield Drive,E01019851,South Derbyshire 011B,Violence and sexual offences,Unable to prosecute suspect,,2024-11/2024-11-derbyshire-street.csv,E01019851,E02004128,South Derbyshire
ed3345e655d66789a514cb933cd516e8931d55cc60dbd7af792b2a06798b5ec1,2024-11,Derbyshire Constabulary,Derbyshire Constabulary,-1.563664,52.732888,On or near Dawn Field,E01019870,South Derbyshire 011D,Violence and sexual offences,Unable to prosecute suspect,,2024-11/2024-11-derbyshire-street.csv,E01019870,E02004128,South Derbyshire
5dd8372953c8e399a20148e84f253c4191fb748171d96a4fb00d3c47baaf78a6,2024-11,Derbyshire Constabulary,Derbyshire Constabulary,-1.554259,52.764955,On or near Bridge Close,E01019837,South Derbyshire 012A,Violence and sexual offences,Status update unavailable,,2024-11/2024-11-derbyshire-street.csv,E01019837,E02006919,South Derbyshire
d6c5449ee9e6823b16391163f8f27be17ece1cc5c254b60029ed1a30f97a7ac6,2024-11,Derbyshire Constabulary,Derbyshire Constabulary,-1.546526,52.768899,On or near Woodhouse Street,E01033536,South Derbyshire 012D,Public order,Status update unavailable,,2024-11/2024-11-derbyshire-street.csv,E01033536,E02006919,South Derbyshire
8dfcffb86e39744a8990074f09b9585bcd12310c56962d9a47480c42b909f40e,2024-11,Derbyshire Constabulary,Derbyshire Constabulary,-1.530805,52.774043,On or near Jubilee Park,E01019885,South Derbyshire 013C,Public order,Status update unavailable,,2024-11/2024-11-derbyshire-street.csv,E01019885,E02006920,South Derbyshire
ed3345e655d66789a514cb933cd516e8931d55cc60dbd7af792b2a06798b5ec1,2024-11,Derbyshire Constabulary,Derbyshire Constabulary,-1.532517,52.773321,On or near Sage Drive,E01019885,South Derbyshire 013C,Violence and sexual offences,Status update unavailable,,2024-11/2024-11-derbyshire-street.csv,E01019885,E02006920,South Derbyshire
22f3767f7ccd264b872997e0ddaa3edf38362d7676f3fdcffc0d0d9020123095,2024-11,Derbyshire Constabulary,Derbyshire Constabulary,-1.527345,52.765021,On or near Holly Court,E01034656,South Derbyshire 013E,Violence and sexual offences,Status update unavailable,,2024-11/2024-11-derbyshire-street.csv,E01034656,E02006920,South Derbyshire
8dfcffb86e39744a8990074f09b9585bcd12310c56962d9a47480c42b909f40e,2024-11,Derbyshire Constabulary,Derbyshire Constabulary,-1.539707,52.761995,On or near Arliston Drive,E01034657,South Derbyshire 013F,Public order,Unable to prosecute suspect,,2024-11/2024-11-derbyshire-street.csv,E01034657,E02006920,South Derbyshire
b94a8a891009a588c5af038d6fb2ab1efc4080595be9bc29c324bf9847c1bf34,2024-12,Derbyshire Constabulary,Derbyshire Constabulary,-1.476024,52.905045,On or near Police Station,E01013484,Derby 018C,Violence and sexual offences,Investigation complete; no suspect identified,,2024-12/2024-12-derbyshire-street.csv,E01013484,E02002813,Derby
38b39c55b2e878d07429e2ab7736bc6d8f0e7b9de54afc4b64d591dfcb644f5a,2024-12,Derbyshire Constabulary,Derbyshire Constabulary,-1.476024,52.905045,On or near Police Station,E01013484,Derby 018C,Violence and sexual offences,Status update unavailable,,2024-12/2024-12-derbyshire-street.csv,E01013484,E02002813,Derby
b94a8a891009a588c5af038d6fb2ab1efc4080595be9bc29c324bf9847c1bf34,2024-12,Derbyshire Constabulary,Derbyshire Constabulary,-1.467795,52.909743,On or near Haslemere Court,E01013486,Derby 018D,Violence and sexual offences,Status update unavailable,,2024-12/2024-12-derbyshire-street.csv,E01013486,E02002813,Derby
7e1d272afb583f992ea4f1ed8c50e31724a0ee43bc542d5f28e2be56cbed4536,2024-12,Derbyshire Constabulary,Derbyshire Constabulary,-1.471859,52.905725,On or near Olivier Street,E01013486,Derby 018D,Violence and sexual offences,Unable to prosecute suspect,,2024-12/2024-12-derbyshire-street.csv,E01013486,E02002813,Derby
7e1d272afb583f992ea4f1ed8c50e31724a0ee43bc542d5f28e2be56cbed4536,2024-12,Derbyshire Constabulary,Derbyshire Constabulary,-1.473950,52.904988,On or near Petrol Station,E01013487,Derby 018E,Violence and sexual offences,Status update unavailable,,2024-12/2024-12-derbyshire-street.csv,E01013487,E02002813,Derby
33436896c49be3d223bd2b305a78e1e7f220d0e1da58995c68c61b17c8b0f6c4,2024-12,Derbyshire Constabulary,Derbyshire Constabulary,-1.468588,52.916696,On or near Trinity Street,E01033166,Derby 018F,Violence and sexual offences,Unable to prosecute suspect,,2024-12/2024-12-derbyshire-street.csv,E01033166,E02002813,Derby
33436896c49be3d223bd2b305a78e1e7f220d0e1da58995c68c61b17c8b0f6c4,2024-12,Derbyshire Constabulary,Derbyshire Constabulary,-1.467806,52.912503,On or near Bloomfield Close,E01033167,Derby 018G,Violence and sexual offences,Status update unavailable,,2024-12/2024-12-derbyshire-street.csv,E01033167,E02002813,Derby
38b39c55b2e878d07429e2ab7736bc6d8f0e7b9de54afc4b64d591dfcb644f5a,2024-12,Derbyshire Constabulary,Derbyshire Constabulary,-1.536937,52.912685,On or near Devonshire Drive,E01013561,Derby 019C,Violence and sexual offences,Investigation complete; no suspect identified,,2024-12/2024-12-derbyshire-street.csv,E01013561,E02002814,Derby
eeed72aa6ff00847705077831d265acce689d8da81fb25c020df6c46054b5237,2024-12,Derbyshire Constabulary,Derbyshire Constabulary,-1.552660,52.909383,On or near Dresden Close,E01013563,Derby 019E,Violence and sexual offences,Unable to prosecute suspect,,2024-12/2024-12-derbyshire-street.csv,E01013563,E02002814,Derby
7236890c4c025ad9d016de97838804a550970ed9fe4fe383ec6af7331fd12e34,2024-12,Derbyshire Constabulary,Derbyshire Constabulary,-1.476183,52.898562,On or near Bethulie Road,E01013571,Derby 023B,Violence and sexual offences,Status update unavailable,,2024-12/2024-12-derbyshire-street.csv,E01013571,E02002818,Derby
91db57783b9da531a019f410795f1900f9638eca5c73f68ac06ce4e54e6c7a56,2024-12,Derbyshire Constabulary,Derbyshire Constabulary,-1.490177,52.890514,On or near Grenfell Avenue,E01013572,Derby 023C,Other theft,Status update unavailable,,2024-12/2024-12-derbyshire-street.csv,E01013572,E02002818,Derby
61f418ce1fcf131192d3d3bdcead7877dcceff230e59591172e78cd7e47c5df7,2024-12,Derbyshire Constabulary,Derbyshire Constabulary,-1.416448,52.895551,On or near Sandalwood Close,E01013470,Derby 024A,Violence and sexual offences,Status update unavailable,,2024-12/2024-12-derbyshire-street.csv,E01013470,E02002819,Derby
8480c114efc65e9bc80957930ba6cad6ad3486000aa62cb97918411844976ede,2024-12,Derbyshire Constabulary,Derbyshire Constabulary,-1.416448,52.895551,On or near Sandalwood Close,E01013470,Derby 024A,Violence and sexual offences,Status update unavailable,,2024-12/2024-12-derbyshire-street.csv,E01013470,E02002819,Derby
43ec587624d10d3353142b956a2c330152c0ac959b3d21485214bf413f8a3162,2024-12,Derbyshire Constabulary,Derbyshire Constabulary,-1.413585,52.891788,On or near Whernside Close,E01013474,Derby 024B,Violence and sexual offences,Status update unavailable,,2024-12/2024-12-derbyshire-street.csv,E01013474,E02002819,Derby
43ec587624d10d3353142b956a2c330152c0ac959b3d21485214bf413f8a3162,2024-12,Derbyshire Constabulary,Derbyshire Constabulary,-1.413585,52.891788,On or near Whernside Close,E01013474,Derby 024B,Violence and sexual offences,Unable to prosecute suspect,,2024-12/2024-12-derbyshire-street.csv,E01013474,E02002819,Derby
f828d21f939535da2d6af339cccffbee62e1ba2340f32dddfec19b3dbad32f1c,2024-12,Derbyshire Constabulary,Derbyshire Constabulary,-1.413585,52.891788,On or near Whernside Close,E01013474,Derby 024B,Violence and sexual offences,Status update unavailable,,2024-12/2024-12-derbyshire-street.csv,E01013474,E02002819,Derby
61f418ce1fcf131192d3d3bdcead7877dcceff230e59591172e78cd7e47c5df7,2024-12,Derbyshire Constabulary,Derbyshire Constabulary,-1.444809,52.901476,On or near Avon Street,E01033171,Derby 024E,Violence and sexual offences,Unable to prosecute suspect,,2024-12/2024-12-derbyshire-street.csv,E01033171,E02002819,Derby
8480c114efc65e9bc80957930ba6cad6ad3486000aa62cb97918411844976ede,2024-12,Derbyshire Constabulary,Derbyshire Constabulary,-1.444809,52.901476,On or near Avon Street,E01033171,Derby 024E,Violence and sexual offences,Unable to prosecute suspect,,2024-12/2024-12-derbyshire-street.csv,E01033171,E02002819,Derby
d5e63f1e3e062c03509e477d0385b714ff2e319a2692e95b2b6f08a145c07d15,2024-12,Derbyshire Constabulary,Derbyshire Constabulary,-1.460542,52.916931,On or near Further/Higher Educational Building,E01033172,Derby 024F,Violence and sexual offences,Status update unavailable,,2024-12/2024-12-derbyshire-street.csv,E01033172,E02002819,Derby
eee09c378fb299329e3e2713e20ae8428076cc05929f0d88f6a07b920357da8a,2024-12,Derbyshire Constabulary,Derbyshire Constabulary,-1.445569,52.905974,On or near Magellan Way,E01033172,Derby 024F,Violence and sexual offences,Status update unavailable,,2024-12/2024-12-derbyshire-street.csv,E01033172,E02002819,Derby
7236890c4c025ad9d016de97838804a550970ed9fe4fe383ec6af7331fd12e34,2024-12,Derbyshire Constabulary,Derbyshire Constabulary,-1.443377,52.899491,On or near Severn Street,E01013471,Derby 025A,Violence and sexual offences,Unable to prosecute suspect,,2024-12/2024-12-derbyshire-street.csv,E01013471,E02002820,Derby
2f66cd70e78a02380288e0512d619657036d1d39345800373b3bc1b38215bc20,2024-12,Derbyshire Constabulary,Derbyshire Constabulary,-1.443876,52.900006,On or near Southwood Street,E01013471,Derby 025A,Violence and sexual offences,Unable to prosecute suspect,,2024-12/2024-12-derbyshire-street.csv,E01013471,E02002820,Derby
a8976619744ac9a53aa7d1261a534189596413ef4be110c86d729064674b8502,2024-12,Derbyshire Constabulary,Derbyshire Constabulary,-1.430897,52.895513,On or near Hawthorn Avenue,E01013473,Derby 025B,Violence and sexual offences,Status update unavailable,,2024-12/2024-12-derbyshire-street.csv,E01013473,E02002820,Derby
eee09c378fb299329e3e2713e20ae8428076cc05929f0d88f6a07b920357da8a,2024-12,Derbyshire Constabulary,Derbyshire Constabulary,-1.441773,52.893587,On or near Jefferson Place,E01013475,Derby 025C,Violence and sexual offences,Unable to prosecute suspect,,2024-12/2024-12-derbyshire-street.csv,E01013475,E02002820,Derby
2f66cd70e78a02380288e0512d619657036d1d39345800373b3bc1b38215bc20,2024-12,Derbyshire Constabulary,Derbyshire Constabulary,-1.434205,52.888031,On or near Tilbury Place,E01013502,Derby 025E,Violence and sexual offences,Status update unavailable,,2024-12/2024-12-derbyshire-street.csv,E01013502,E02002820,Derby
eeed72aa6ff00847705077831d265acce689d8da81fb25c020df6c46054b5237,2024-12,Derbyshire Constabulary,Derbyshire Constabulary,-1.445035,52.893090,On or near Supermarket,E01013472,Derby 026A,Violence and sexual offences,Status update unavailable,,2024-12/2024-12-derbyshire-street.csv,E01013472,E02002821,Derby
a8976619744ac9a53aa7d1261a534189596413ef4be110c86d729064674b8502,2024-12,Derbyshire Constabulary,Derbyshire Constabulary,-1.455024,52.893046,On or near Varley Street,E01013583,Derby 026D,Violence and sexual offences,Unable to prosecute suspect,,2024-12/2024-12-derbyshire-street.csv,E01013583,E02002821,Derby
f828d21f939535da2d6af339cccffbee62e1ba2340f32dddfec19b3dbad32f1c,2024-12,Derbyshire Constabulary,Derbyshire Constabulary,-1.414386,52.886854,On or near Supermarket,E01013496,Derby 028A,Violence and sexual offences,Unable to prosecute suspect,,2024-12/2024-12-derbyshire-street.csv,E01013496,E02002823,Derby
16fa801fbcf432f597a80f3ec35d5a7439e0d9eac8cdf8f8d6598208e453ffdc,2024-12,Derbyshire Constabulary,Derbyshire Constabulary,-1.411062,52.886031,On or near Castle Croft,E01013496,Derby 028A,Violence and sexual offences,Status update unavailable,,2024-12/2024-12-derbyshire-street.csv,E01013496,E02002823,Derby
7ffbec5f0ba99914df4bf81316db89434e2d8806f5a25199c3341b2bfc0549d9,2024-12,Derbyshire Constabulary,Derbyshire Constabulary,-1.436679,52.888663,On or near Boulton Lane,E01013499,Derby 028C,Violence and sexual offences,Status update unavailable,,2024-12/2024-12-derbyshire-street.csv,E01013499,E02002823,Derby
91db57783b9da531a019f410795f1900f9638eca5c73f68ac06ce4e54e6c7a56,2024-12,Derbyshire Constabulary,Derbyshire Constabulary,-1.428724,52.884400,On or near Berwick Close,E01013500,Derby 028D,Other theft,Unable to prosecute suspect,,2024-12/2024-12-derbyshire-street.csv,E01013500,E02002823,Derby
16fa801fbcf432f597a80f3ec35d5a7439e0d9eac8cdf8f8d6598208e453ffdc,2024-12,Derbyshire Constabulary,Derbyshire Constabulary,-1.476924,52.886411,On or near Cowper Street,E01013584,Derby 029A,Violence and sexual offences,Unable to prosecute suspect,,2024-12/2024-12-derbyshire-street.csv,E01013584,E02002824,Derby
232e3daf78604e23be04f4b915f91f2c04f0f609919281c74492dfbd530561d3,2024-12,Derbyshire Constabulary,Derbyshire Constabulary,-1.497974,52.879436,On or near Lindisfarne Close,E01013586,Derby 029C,Public order,Status update unavailable,,2024-12/2024-12-derbyshire-street.csv,E01013586,E02002824,Derby
960248fc4cf3b97ad41f86231c172b379ee1e3a1b51a35556b4b83188b6af19b,2024-12,Derbyshire Constabulary,Derbyshire Constabulary,-1.492731,52.874110,On or near Falcon Way,E01013588,Derby 029E,Violence and sexual offences,Action to be taken by another organisation,,2024-12/2024-12-derbyshire-street.csv,E01013588,E02002824,Derby
960248fc4cf3b97ad41f86231c172b379ee1e3a1b51a35556b4b83188b6af19b,2024-12,Derbyshire Constabulary,Derbyshire Constabulary,-1.490157,52.874432,On or near Farmhouse Road,E01013588,Derby 029E,Violence and sexual offences,Status update unavailable,,2024-12/2024-12-derbyshire-street.csv,E01013588,E02002824,Derby
7ffbec5f0ba99914df4bf81316db89434e2d8806f5a25199c3341b2bfc0549d9,2024-12,Derbyshire Constabulary,Derbyshire Constabulary,-1.454030,52.883423,On or near Morningside Close,E01013517,Derby 030B,Violence and sexual offences,Unable to prosecute suspect,,2024-12/2024-12-derbyshire-street.csv,E01013517,E02002825,Derby
82c0f65ec3ba6d391f440601aabaecf82bc3efb8095e46eff349ca799c195e91,2024-12,Derbyshire Constabulary,Derbyshire Constabulary,-1.715461,52.857674,On or near Spinney Close,E01029463,East Staffordshire 004C,Violence and sexual offences,Status update unavailable,,2024-12/2024-12-derbyshire-street.csv,E01029463,E02006134,East Staffordshire
d8ba67e1335371fee1bdffddb9ce42ed8b240a70c6eb6a0f148f8435ad6e255f,2024-12,Derbyshire Constabulary,Derbyshire Constabulary,-1.592964,52.805259,On or near Salisbury Avenue,E01029472,East Staffordshire 010E,Violence and sexual offences,Status update unavailable,,2024-12/2024-12-derbyshire-street.csv,E01029472,E02006140,East Staffordshire
bb6776996bcedaefb6daa62942ce7192aea6ee8866c8f276f17a7a3a41aa57e8,2024-12,Derbyshire Constabulary,Derbyshire Constabulary,-1.370725,52.905718,On or near Priorway Gardens,E01019683,Erewash 009A,Criminal damage and arson,Court result unavailable,,2024-12/2024-12-derbyshire-street.csv,E01019683,E02004086,Erewash
bb6776996bcedaefb6daa62942ce7192aea6ee8866c8f276f17a7a3a41aa57e8,2024-12,Derbyshire Constabulary,Derbyshire Constabulary,-1.368203,52.907386,On or near Conway Avenue,E01019683,Erewash 009A,Criminal damage and arson,Status update unavailable,,2024-12/2024-12-derbyshire-street.csv,E01019683,E02004086,Erewash
4a7f8165b35cc888c34e79f74f6aeebfe6e54bea3d3f4a2f3d25fe38a91a45f6,2024-12,Derbyshire Constabulary,Derbyshire Constabulary,-1.372219,52.903191,On or near Newbold Avenue,E01019684,Erewash 009B,Violence and sexual offences,Status update unavailable,,2024-12/2024-12-derbyshire-street.csv,E01019684,E02004086,Erewash
4a7f8165b35cc888c34e79f74f6aeebfe6e54bea3d3f4a2f3d25fe38a91a45f6,2024-12,Derbyshire Constabulary,Derbyshire Constabulary,-1.288196,52.903625,On or near Douglas Road,E01019652,Erewash 011B,Violence and sexual offences,Investigation complete; no suspect identified,,2024-12/2024-12-derbyshire-street.csv,E01019652,E02004088,Erewash
ab3b976e24022e05899e1deb8872db1966d76575bee4a52254faf3a83e5cc221,2024-12,Derbyshire Constabulary,Derbyshire Constabulary,-1.263043,52.898213,On or near Springfield Avenue,E01019680,Erewash 014D,Drugs,Status update unavailable,,2024-12/2024-12-derbyshire-street.csv,E01019680,E02004091,Erewash
54476d024a6e91d075b4b7c118fadbd7bf109866ad0a278da327dd527057ce3e,2024-12,Derbyshire Constabulary,Derbyshire Constabulary,-1.303998,52.885201,On or near Hathersage Avenue,E01019699,Erewash 015B,Violence and sexual offences,Unable to prosecute suspect,,2024-12/2024-12-derbyshire-street.csv,E01019699,E02004092,Erewash
54476d024a6e91d075b4b7c118fadbd7bf109866ad0a278da327dd527057ce3e,2024-12,Derbyshire Constabulary,Derbyshire Constabulary,-1.304031,52.884104,On or near Peveril Crescent,E01019699,Erewash 015B,Violence and sexual offences,Status update unavailable,,2024-12/2024-12-derbyshire-street.csv,E01019699,E02004092,Erewash
ab3b976e24022e05899e1deb8872db1966d76575bee4a52254faf3a83e5cc221,2024-12,Derbyshire Constabulary,Derbyshire Constabulary,-1.281572,52.890641,On or near Sawmand Close,E01019709,Erewash 015F,Drugs,Local resolution,,2024-12/2024-12-derbyshire-street.csv,E01019709,E02004092,Erewash
d5e63f1e3e062c03509e477d0385b714ff2e319a2692e95b2b6f08a145c07d15,2024-12,Derbyshire Constabulary,Derbyshire Constabulary,-1.601131,52.883720,On or near Portland Street,E01019841,South Derbyshire 002B,Violence and sexual offences,Investigation complete; no suspect identified,,2024-12/2024-12-derbyshire-street.csv,E01019841,E02004119,South Derbyshire
232e3daf78604e23be04f4b915f91f2c04f0f609919281c74492dfbd530561d3,2024-12,Derbyshire Constabulary,Derbyshire Constabulary,-1.624608,52.872002,On or near Enfield Close,E01019848,South Derbyshire 002D,Public order,Local resolution,,2024-12/2024-12-derbyshire-street.csv,E01019848,E02004119,South Derbyshire
82c0f65ec3ba6d391f440601aabaecf82bc3efb8095e46eff349ca799c195e91,2024-12,Derbyshire Constabulary,Derbyshire Constabulary,-1.565321,52.853569,On or near Green Close,E01019882,South Derbyshire 003E,Violence and sexual offences,Court result unavailable,,2024-12/2024-12-derbyshire-street.csv,E01019882,E02004120,South Derbyshire
16e29b00ad734298351ceb85ba8b67cd591d68ea9e9bb3f28f337a6dea560d85,2024-12,Derbyshire Constabulary,Derbyshire Constabulary,-1.546770,52.786798,On or near Longlands Road,E01019844,South Derbyshire 007A,Vehicle crime,Local resolution,,2024-12/2024-12-derbyshire-street.csv,E01019844,E02004124,South Derbyshire
13e59983ff754d67c56c2933a79efbc2d2ad4f76ff7c7f4abc9ae1eaf2659b55,2024-12,Derbyshire Constabulary,Derbyshire Constabulary,-1.561203,52.783337,On or near Maple Road,E01019858,South Derbyshire 007D,Violence and sexual offences,Status update unavailable,,2024-12/2024-12-derbyshire-street.csv,E01019858,E02004124,South Derbyshire
16e29b00ad734298351ceb85ba8b67cd591d68ea9e9bb3f28f337a6dea560d85,2024-12,Derbyshire Constabulary,Derbyshire Constabulary,-1.544645,52.778771,On or near Skinners Way,E01019859,South Derbyshire 007E,Vehicle crime,Status update unavailable,,2024-12/2024-12-derbyshire-street.csv,E01019859,E02004124,South Derbyshire
d8ba67e1335371fee1bdffddb9ce42ed8b240a70c6eb6a0f148f8435ad6e255f,2024-12,Derbyshire Constabulary,Derbyshire Constabulary,-1.608553,52.782253,On or near Manor Close,E01019862,South Derbyshire 008C,Violence and sexual offences,Further investigation is not in the public interest,,2024-12/2024-12-derbyshire-street.csv,E01019862,E02004125,South Derbyshire
7ac606ce05b068726894155009a4a77537e079a042abf322368343d0a41f1ffe,2024-12,Derbyshire Constabulary,Derbyshire Constabulary,-1.564178,52.780840,On or near Dalston Road,E01019863,South Derbyshire 008D,Violence and sexual offences,Status update unavailable,,2024-12/2024-12-derbyshire-street.csv,E01019863,E02004125,South Derbyshire
bfeea13b69f928bd087811f6fc64dfc0feb7cea1f331492dd0210c7eef6dc679,2024-12,Derbyshire Constabulary,Derbyshire Constabulary,-1.579375,52.782243,On or near Swans Rest,E01019864,South Derbyshire 008E,Possession of weapons,Local resolution,,2024-12/2024-12-derbyshire-street.csv,E01019864,E02004125,South Derbyshire
bfeea13b69f928bd087811f6fc64dfc0feb7cea1f331492dd0210c7eef6dc679,2024-12,Derbyshire Constabulary,Derbyshire Constabulary,-1.576683,52.778557,On or near Briar Close,E01019864,South Derbyshire 008E,Possession of weapons,Status update unavailable,,2024-12/2024-12-derbyshire-street.csv,E01019864,E02004125,South Derbyshire
7ac606ce05b068726894155009a4a77537e079a042abf322368343d0a41f1ffe,2024-12,Derbyshire Constabulary,Derbyshire Constabulary,-1.567000,52.778810,On or near Potters Croft,E01019865,South Derbyshire 008F,Violence and sexual offences,Unable to prosecute suspect,,2024-12/2024-12-derbyshire-street.csv,E01019865,E02004125,South Derbyshire
2d66d20f57f1820b9aee8761daa066c16811ee94a5a8d6f2b60a575eb2009dfd,2024-12,Derbyshire Constabulary,Derbyshire Constabulary,-1.555601,52.772889,On or near Ernest Hall Way,E01019877,South Derbyshire 009B,Shoplifting,Status update unavailable,,2024-12/2024-12-derbyshire-street.csv,E01019877,E02004126,South Derbyshire
4e31c9b2345c2d4939048744624b45e440f4d27d325f7eed53831e5a992741db,2024-12,Derbyshire Constabulary,Derbyshire Constabulary,-1.597788,52.747023,On or near Greenfield Drive,E01019851,South Derbyshire 011B,Violence and sexual offences,Unable to prosecute suspect,,2024-12/2024-12-derbyshire-street.csv,E01019851,E02004128,South Derbyshire
13e59983ff754d67c56c2933a79efbc2d2ad4f76ff7c7f4abc9ae1eaf2659b55,2024-12,Derbyshire Constabulary,Derbyshire Constabulary,-1.561952,52.763293,On or near School Street,E01019838,South Derbyshire 012B,Violence and sexual offences,Unable to prosecute suspect,,2024-12/2024-12-derbyshire-street.csv,E01019838,E02006919,South Derbyshire
2d66d20f57f1820b9aee8761daa066c16811ee94a5a8d6f2b60a575eb2009dfd,2024-12,Derbyshire Constabulary,Derbyshire Constabulary,-1.572596,52.758469,On or near Diamond Close,E01033537,South Derbyshire 012E,Shoplifting,Local resolution,,2024-12/2024-12-derbyshire-street.csv,E01033537,E02006919,South Derbyshire
4e31c9b2345c2d4939048744624b45e440f4d27d325f7eed53831e5a992741db,2024-12,Derbyshire Constabulary,Derbyshire Constabulary,-1.527345,52.765021,On or near Holly Court,E01034656,South Derbyshire 013E,Violence and sexual offences,Status update unavailable,,2024-12/2024-12-derbyshire-street.csv,E01034656,E02006920,South Derbyshire
