area_a,area_b,name_a,hle_average_a,hle_average_lci_a,hle_average_uci_a,se_average_a,student_dominated_a,visitor_hub_a,city_centre_caveat_a,hle_male_imputed_a,hle_female_imputed_a,name_b,hle_average_b,hle_average_lci_b,hle_average_uci_b,se_average_b,student_dominated_b,visitor_hub_b,city_centre_caveat_b,hle_male_imputed_b,hle_female_imputed_b,signed_gap_years,gap_years,se_gap_years,z,above_noise_cutoff,big_gap_pair,student_dominated_either,visitor_hub_either,city_centre_caveat_either,imputed_either
E02001827,E02001828,Hill Hook,68.35,66.61650641766403,70.08349358233596,0.88443550119182,False,False,False,False,False,Four Oaks,71.05,69.95998853217041,72.14001146782958,0.5561282999130529,False,False,False,False,False,-2.700000000000003,2.700000000000003,1.044751090802306,2.5843476247788026,True,False,False,False,False,False
E02001827,E02001830,Hill Hook,68.35,66.61650641766403,70.08349358233596,0.88443550119182,False,False,False,False,False,Sutton Coldfield North,72.05000000000001,70.81205815968602,73.287941840314,0.6316029797520376,False,False,False,False,False,-3.700000000000017,3.700000000000017,1.086806551231671,3.4044697244480453,True,False,False,False,False,False
E02001827,E02006156,Hill Hook,68.35,66.61650641766403,70.08349358233596,0.88443550119182,False,False,False,False,False,Shenstone,72.05000000000001,71.01498792277579,73.08501207722423,0.5280673863388895,False,False,False,False,False,-3.700000000000017,3.700000000000017,1.0300880157943844,3.591926071624712,True,False,False,False,False,False
E02001828,E02001829,Four Oaks,71.05,69.95998853217041,72.14001146782958,0.5561282999130529,False,False,False,False,False,Little Sutton,73.3,72.32756748306116,74.27243251693884,0.49613903925450914,False,False,False,False,False,-2.25,2.25,0.7452735284689574,3.0190257859047493,True,False,False,False,False,False
E02001828,E02001830,Four Oaks,71.05,69.95998853217041,72.14001146782958,0.5561282999130529,False,False,False,False,False,Sutton Coldfield North,72.05000000000001,70.81205815968602,73.287941840314,0.6316029797520376,False,False,False,False,False,-1.0000000000000142,1.0000000000000142,0.8415467960819739,1.1882880484552467,False,False,False,False,False,False
E02001828,E02006156,Four Oaks,71.05,69.95998853217041,72.14001146782958,0.5561282999130529,False,False,False,False,False,Shenstone,72.05000000000001,71.01498792277579,73.08501207722423,0.5280673863388895,False,False,False,False,False,-1.0000000000000142,1.0000000000000142,0.7668988528345628,1.3039529219581927,False,False,False,False,False,False
E02001829,E02001830,Little Sutton,73.3,72.32756748306116,74.27243251693884,0.49613903925450914,False,False,False,False,False,Sutton Coldfield North,72.05000000000001,70.81205815968602,73.287941840314,0.6316029797520376,False,False,False,False,False,1.2499999999999858,1.2499999999999858,0.8031664026240392,1.5563400011704782,False,False,False,False,False,False
E02001829,E02001832,Little Sutton,73.3,72.32756748306116,74.27243251693884,0.49613903925450914,False,False,False,False,False,Rectory Park,70.65,69.47473407264569,71.82526592735432,0.5996254731399578,False,False,False,False,False,2.6499999999999915,2.6499999999999915,0.7782702964335113,3.4049866892567247,True,False,False,False,False,False
E02001829,E02001838,Little Sutton,73.3,72.32756748306116,74.27243251693884,0.49613903925450914,False,False,False,False,False,Walmley,70.35,69.37628289529248,71.32371710470751,0.4967944411773051,False,False,False,False,False,2.950000000000003,2.950000000000003,0.7021101502307585,4.201619929622785,True,False,False,False,False,False
E02001829,E02006156,Little Sutton,73.3,72.32756748306116,74.27243251693884,0.49613903925450914,False,False,False,False,False,Shenstone,72.05000000000001,71.01498792277579,73.08501207722423,0.5280673863388895,False,False,False,False,False,1.2499999999999858,1.2499999999999858,0.7245751243226429,1.7251489294067714,False,False,False,False,False,False
E02001829,E02006157,Little Sutton,73.3,72.32756748306116,74.27243251693884,0.49613903925450914,False,False,False,False,False,Fazeley,66.5,65.52371879051167,67.47628120948833,0.4981026579022114,False,False,False,False,False,6.799999999999997,6.799999999999997,0.7030364173224847,9.672329672334483,True,False,False,False,False,False
E02001830,E02001832,Sutton Coldfield North,72.05000000000001,70.81205815968602,73.287941840314,0.6316029797520376,False,False,False,False,False,Rectory Park,70.65,69.47473407264569,71.82526592735432,0.5996254731399578,False,False,False,False,False,1.4000000000000057,1.4000000000000057,0.8709035721995697,1.6075258440657678,False,False,False,False,False,False
E02001830,E02001833,Sutton Coldfield North,72.05000000000001,70.81205815968602,73.287941840314,0.6316029797520376,False,False,False,False,False,Kingstanding North,69.15,68.01366818226366,70.28633181773635,0.5797611314981368,False,False,False,False,False,2.9000000000000057,2.9000000000000057,0.8573478253472465,3.38252447170486,True,False,False,False,False,False
E02001830,E02001835,Sutton Coldfield North,72.05000000000001,70.81205815968602,73.287941840314,0.6316029797520376,False,False,False,False,False,Sutton Coldfield South,68.0,66.97225976044528,69.02774023955472,0.5243572650789373,False,False,False,False,False,4.050000000000011,4.050000000000011,0.8208975974338796,4.933623892505331,True,False,False,False,False,False
E02001830,E02001836,Sutton Coldfield North,72.05000000000001,70.81205815968602,73.287941840314,0.6316029797520376,False,False,False,False,False,New Oscott,70.44999999999999,69.50892348876405,71.39107651123592,0.480141077161191,False,False,False,False,False,1.6000000000000227,1.6000000000000227,0.7933837520451006,2.01667855672077,True,False,False,False,False,False
E02001830,E02001844,Sutton Coldfield North,72.05000000000001,70.81205815968602,73.287941840314,0.6316029797520376,False,False,False,False,False,Chester Road,63.85,63.018961493070265,64.68103850692972,0.42399923822945396,False,False,False,False,False,8.20000000000001,8.20000000000001,0.760721813839205,10.779236050319515,True,False,False,False,False,False
E02001830,E02002137,Sutton Coldfield North,72.05000000000001,70.81205815968602,73.287941840314,0.6316029797520376,False,False,False,False,False,Streetly North,71.35,69.9300528178837,72.76994718211628,0.7244628480185147,False,False,False,False,False,0.700000000000017,0.700000000000017,0.9611288894787995,0.728310227340698,False,False,False,False,False,False
E02001830,E02002141,Sutton Coldfield North,72.05000000000001,70.81205815968602,73.287941840314,0.6316029797520376,False,False,False,False,False,Streetly South,71.65,70.74826556015644,72.55173443984357,0.4600685917569211,False,False,False,False,False,0.4000000000000057,0.4000000000000057,0.7813996628824774,0.511901935719373,False,False,False,False,False,False
E02001830,E02006156,Sutton Coldfield North,72.05000000000001,70.81205815968602,73.287941840314,0.6316029797520376,False,False,False,False,False,Shenstone,72.05000000000001,71.01498792277579,73.08501207722423,0.5280673863388895,False,False,False,False,False,0.0,0.0,0.8232724266890267,0.0,False,False,False,False,False,False
E02001831,E02001832,Reddicap Heath,63.8,62.91611652351681,64.68388347648319,0.45096095738938163,False,False,False,False,False,Rectory Park,70.65,69.47473407264569,71.82526592735432,0.5996254731399578,False,False,False,False,False,-6.8500000000000085,6.8500000000000085,0.7502776107067743,9.129953902725674,True,False,False,False,False,False
E02001831,E02001838,Reddicap Heath,63.8,62.91611652351681,64.68388347648319,0.45096095738938163,False,False,False,False,False,Walmley,70.35,69.37628289529248,71.32371710470751,0.4967944411773051,False,False,False,False,False,-6.549999999999997,6.549999999999997,0.6709474658080307,9.762314240373124,True,False,False,False,False,False
E02001832,E02001835,Rectory Park,70.65,69.47473407264569,71.82526592735432,0.5996254731399578,False,False,False,False,False,Sutton Coldfield South,68.0,66.97225976044528,69.02774023955472,0.5243572650789373,False,False,False,False,False,2.6500000000000057,2.6500000000000057,0.7965558671426514,3.3268225234545037,True,False,False,False,False,False
E02001832,E02001838,Rectory Park,70.65,69.47473407264569,71.82526592735432,0.5996254731399578,False,False,False,False,False,Walmley,70.35,69.37628289529248,71.32371710470751,0.4967944411773051,False,False,False,False,False,0.30000000000001137,0.30000000000001137,0.7786882719182234,0.3852632829065093,False,False,False,False,False,False
E02001832,E02001841,Rectory Park,70.65,69.47473407264569,71.82526592735432,0.5996254731399578,False,False,False,False,False,Wylde Green,71.30000000000001,70.01499027241037,72.58500972758965,0.6556172079538973,False,False,False,False,False,-0.6500000000000057,0.6500000000000057,0.8884732024116327,0.7315921270733593,False,False,False,False,False,False
E02001832,E02001847,Rectory Park,70.65,69.47473407264569,71.82526592735432,0.5996254731399578,False,False,False,False,False,Minworth,67.25,65.9752451216018,68.5247548783982,0.6503851420398972,False,False,False,False,False,3.4000000000000057,3.4000000000000057,0.8846194328775372,3.843460672054541,True,False,False,False,False,False
E02001833,E02001834,Kingstanding North,69.15,68.01366818226366,70.28633181773635,0.5797611314981368,False,False,False,False,False,Old Oscott,60.25,59.0270425191365,61.4729574808635,0.6239578983997446,False,False,False,False,False,8.900000000000006,8.900000000000006,0.851731429836557,10.449303252444107,True,False,False,False,False,False
E02001833,E02001836,Kingstanding North,69.15,68.01366818226366,70.28633181773635,0.5797611314981368,False,False,False,False,False,New Oscott,70.44999999999999,69.50892348876405,71.39107651123592,0.480141077161191,False,False,False,False,False,-1.299999999999983,1.299999999999983,0.7527671775346668,1.7269615875887663,False,False,False,False,False,False
E02001833,E02001837,Kingstanding North,69.15,68.01366818226366,70.28633181773635,0.5797611314981368,False,False,False,False,False,Kingstanding South East,55.3,54.41540969935229,56.184590300647706,0.4513215819631167,False,False,False,False,False,13.850000000000009,13.850000000000009,0.7347204501997274,18.850707090343008,True,True,False,False,False,False
E02001833,E02001840,Kingstanding North,69.15,68.01366818226366,70.28633181773635,0.5797611314981368,False,False,False,False,False,Perry Common College Road,54.6,53.74853068170367,55.45146931829632,0.43442312157975727,False,False,False,False,False,14.550000000000004,14.550000000000004,0.7244628480185167,20.083845624100405,True,True,False,False,False,False
E02001833,E02001843,Kingstanding North,69.15,68.01366818226366,70.28633181773635,0.5797611314981368,False,False,False,False,False,Kingstanding South West,63.8,62.71804574958089,64.88195425041913,0.5520174747036325,False,False,False,False,False,5.3500000000000085,5.3500000000000085,0.8005287390057745,6.68308299167935,True,False,False,False,False,False
E02001833,E02002141,Kingstanding North,69.15,68.01366818226366,70.28633181773635,0.5797611314981368,False,False,False,False,False,Streetly South,71.65,70.74826556015644,72.55173443984357,0.4600685917569211,False,False,False,False,False,-2.5,2.5,0.7401257181838747,3.3778045250670603,True,False,False,False,False,False
E02001834,E02001839,Old Oscott,60.25,59.0270425191365,61.4729574808635,0.6239578983997446,False,False,False,False,False,Queslett,62.9,61.83875073616044,63.96124926383956,0.5414537060405918,False,False,False,False,False,-2.6499999999999986,2.6499999999999986,0.8261329038118006,3.2077163223651106,True,False,False,False,False,False
E02001834,E02001843,Old Oscott,60.25,59.0270425191365,61.4729574808635,0.6239578983997446,False,False,False,False,False,Kingstanding South West,63.8,62.71804574958089,64.88195425041913,0.5520174747036325,False,False,False,False,False,-3.549999999999997,3.549999999999997,0.8330946833065264,4.2612203284147245,True,False,False,False,False,False
E02001834,E02002141,Old Oscott,60.25,59.0270425191365,61.4729574808635,0.6239578983997446,False,False,False,False,False,Streetly South,71.65,70.74826556015644,72.55173443984357,0.4600685917569211,False,False,False,False,False,-11.400000000000006,11.400000000000006,0.7752332346440151,14.705251904267048,True,True,False,False,False,False
E02001834,E02002148,Old Oscott,60.25,59.0270425191365,61.4729574808635,0.6239578983997446,False,False,False,False,False,Pheasey,67.75,66.96897503240933,68.53102496759067,0.39848212632176916,False,False,False,False,False,-7.5,7.5,0.7403455031087475,10.130405288486427,True,False,False,False,False,False
E02001835,E02001841,Sutton Coldfield South,68.0,66.97225976044528,69.02774023955472,0.5243572650789373,False,False,False,False,False,Wylde Green,71.30000000000001,70.01499027241037,72.58500972758965,0.6556172079538973,False,False,False,False,False,-3.3000000000000114,3.3000000000000114,0.8395144220359331,3.930843727493182,True,False,False,False,False,False
E02001835,E02001844,Sutton Coldfield South,68.0,66.97225976044528,69.02774023955472,0.5243572650789373,False,False,False,False,False,Chester Road,63.85,63.018961493070265,64.68103850692972,0.42399923822945396,False,False,False,False,False,4.149999999999999,4.149999999999999,0.6743336677492977,6.1542233444332135,True,False,False,False,False,False
E02001836,E02001840,New Oscott,70.44999999999999,69.50892348876405,71.39107651123592,0.480141077161191,False,False,False,False,False,Perry Common College Road,54.6,53.74853068170367,55.45146931829632,0.43442312157975727,False,False,False,False,False,15.849999999999987,15.849999999999987,0.647502048290667,24.478687043295405,True,True,False,False,False,False
E02001836,E02001844,New Oscott,70.44999999999999,69.50892348876405,71.39107651123592,0.480141077161191,False,False,False,False,False,Chester Road,63.85,63.018961493070265,64.68103850692972,0.42399923822945396,False,False,False,False,False,6.599999999999987,6.599999999999987,0.6405550780351882,10.303563622108111,True,False,False,False,False,False
E02001836,E02001846,New Oscott,70.44999999999999,69.50892348876405,71.39107651123592,0.480141077161191,False,False,False,False,False,Short Heath,57.9,56.980761184457485,58.81923881554251,0.4689993956849559,False,False,False,False,False,12.54999999999999,12.54999999999999,0.6711899039246364,18.69813584295086,True,True,False,False,False,False
E02001837,E02001840,Kingstanding South East,55.3,54.41540969935229,56.184590300647706,0.4513215819631167,False,False,False,False,False,Perry Common College Road,54.6,53.74853068170367,55.45146931829632,0.43442312157975727,False,False,False,False,False,0.6999999999999957,0.6999999999999957,0.6264300590718734,1.1174431843789943,False,False,False,False,False,False
E02001837,E02001843,Kingstanding South East,55.3,54.41540969935229,56.184590300647706,0.4513215819631167,False,False,False,False,False,Kingstanding South West,63.8,62.71804574958089,64.88195425041913,0.5520174747036325,False,False,False,False,False,-8.5,8.5,0.7130318805802907,11.92092560164687,True,False,False,False,False,False
E02001838,E02001847,Walmley,70.35,69.37628289529248,71.32371710470751,0.4967944411773051,False,False,False,False,False,Minworth,67.25,65.9752451216018,68.5247548783982,0.6503851420398972,False,False,False,False,False,3.0999999999999943,3.0999999999999943,0.8184164891856274,3.7878024709456635,True,False,False,False,False,False
E02001838,E02006471,Walmley,70.35,69.37628289529248,71.32371710470751,0.4967944411773051,False,False,False,False,False,Kingsbury,69.4,68.33404971973361,70.4659502802664,0.5438521838093838,False,False,False,False,False,0.9499999999999886,0.9499999999999886,0.7366002407133103,1.2897090545069954,False,False,False,False,False,False
E02001839,E02001842,Queslett,62.9,61.83875073616044,63.96124926383956,0.5414537060405918,False,False,False,False,False,Perry Beeches West,65.95,64.94221778146269,66.95778221853732,0.5141746012945485,False,False,False,False,False,-3.0500000000000043,3.0500000000000043,0.7466911251658878,4.084687626791339,True,False,False,False,False,False
E02001839,E02001843,Queslett,62.9,61.83875073616044,63.96124926383956,0.5414537060405918,False,False,False,False,False,Kingstanding South West,63.8,62.71804574958089,64.88195425041913,0.5520174747036325,False,False,False,False,False,-0.8999999999999986,0.8999999999999986,0.7732369676646786,1.1639381426862818,False,False,False,False,False,False
E02001839,E02001845,Queslett,62.9,61.83875073616044,63.96124926383956,0.5414537060405918,False,False,False,False,False,Perry Beeches East,65.25,64.18698541872654,66.31301458127346,0.542354378200747,False,False,False,True,False,-2.3500000000000014,2.3500000000000014,0.766368310499991,3.0664107163653775,True,False,False,False,False,True
E02001839,E02001848,Queslett,62.9,61.83875073616044,63.96124926383956,0.5414537060405918,False,False,False,False,False,Upper Witton,57.95,56.96988521080437,58.93011478919564,0.5000585659161405,False,False,False,False,False,4.949999999999996,4.949999999999996,0.7370418476119242,6.716036567039444,True,False,False,False,False,False
E02001839,E02002048,Queslett,62.9,61.83875073616044,63.96124926383956,0.5414537060405918,False,False,False,False,False,Great Barr,68.0,66.75450812929188,69.24549187070812,0.6354550360755724,False,False,False,False,False,-5.100000000000001,5.100000000000001,0.8348504169364106,6.108878784195974,True,False,False,False,False,False
E02001839,E02002148,Queslett,62.9,61.83875073616044,63.96124926383956,0.5414537060405918,False,False,False,False,False,Pheasey,67.75,66.96897503240933,68.53102496759067,0.39848212632176916,False,False,False,False,False,-4.850000000000001,4.850000000000001,0.6722797935257389,7.214258180458483,True,False,False,False,False,False
E02001840,E02001843,Perry Common College Road,54.6,53.74853068170367,55.45146931829632,0.43442312157975727,False,False,False,False,False,Kingstanding South West,63.8,62.71804574958089,64.88195425041913,0.5520174747036325,False,False,False,False,False,-9.199999999999996,9.199999999999996,0.7024576435211421,13.096875071191533,True,False,False,False,False,False
E02001840,E02001846,Perry Common College Road,54.6,53.74853068170367,55.45146931829632,0.43442312157975727,False,False,False,False,False,Short Heath,57.9,56.980761184457485,58.81923881554251,0.4689993956849559,False,False,False,False,False,-3.299999999999997,3.299999999999997,0.6392838819460056,5.162025968736558,True,False,False,False,False,False
E02001840,E02001848,Perry Common College Road,54.6,53.74853068170367,55.45146931829632,0.43442312157975727,False,False,False,False,False,Upper Witton,57.95,56.96988521080437,58.93011478919564,0.5000585659161405,False,False,False,False,False,-3.3500000000000014,3.3500000000000014,0.6624062332958587,5.057319559527378,True,False,False,False,False,False
E02001841,E02001844,Wylde Green,71.30000000000001,70.01499027241037,72.58500972758965,0.6556172079538973,False,False,False,False,False,Chester Road,63.85,63.018961493070265,64.68103850692972,0.42399923822945396,False,False,False,False,False,7.45000000000001,7.45000000000001,0.7807747930001462,9.541803944993156,True,False,False,False,False,False
E02001841,E02001847,Wylde Green,71.30000000000001,70.01499027241037,72.58500972758965,0.6556172079538973,False,False,False,False,False,Minworth,67.25,65.9752451216018,68.5247548783982,0.6503851420398972,False,False,False,False,False,4.050000000000011,4.050000000000011,0.9234905285662225,4.385534961888448,True,False,False,False,False,False
E02001841,E02001851,Wylde Green,71.30000000000001,70.01499027241037,72.58500972758965,0.6556172079538973,False,False,False,False,False,Pype Hayes Park,60.1,59.0885035837928,61.11149641620719,0.5160696001057113,False,False,False,False,False,11.20000000000001,11.20000000000001,0.8343630837462386,13.42341268229738,True,True,False,False,False,False
E02001842,E02001845,Perry Beeches West,65.95,64.94221778146269,66.95778221853732,0.5141746012945485,False,False,False,False,False,Perry Beeches East,65.25,64.18698541872654,66.31301458127346,0.542354378200747,False,False,False,True,False,0.7000000000000028,0.7000000000000028,0.7473444936372561,0.936649705670765,False,False,False,False,False,True
E02001842,E02001850,Perry Beeches West,65.95,64.94221778146269,66.95778221853732,0.5141746012945485,False,False,False,False,False,Perry Barr,63.6,62.46807685773282,64.73192314226718,0.5775118072791734,False,False,False,False,False,2.3500000000000014,2.3500000000000014,0.7732369676646772,3.0391718170141924,True,False,False,False,False,False
E02001842,E02002048,Perry Beeches West,65.95,64.94221778146269,66.95778221853732,0.5141746012945485,False,False,False,False,False,Great Barr,68.0,66.75450812929188,69.24549187070812,0.6354550360755724,False,False,False,False,False,-2.049999999999997,2.049999999999997,0.8174219372455176,2.5078847368690904,True,False,False,False,False,False
E02001842,E02002053,Perry Beeches West,65.95,64.94221778146269,66.95778221853732,0.5141746012945485,False,False,False,False,False,Hamstead East,65.0,63.88616652950273,66.11383347049727,0.56828238290677,False,False,False,False,False,0.9500000000000028,0.9500000000000028,0.7663683104999871,1.239612842786013,False,False,False,False,False,False
E02001843,E02001848,Kingstanding South West,63.8,62.71804574958089,64.88195425041913,0.5520174747036325,False,False,False,False,False,Upper Witton,57.95,56.96988521080437,58.93011478919564,0.5000585659161405,False,False,False,False,False,5.849999999999994,5.849999999999994,0.7448368020743085,7.854069487044989,True,False,False,False,False,False
E02001844,E02001846,Chester Road,63.85,63.018961493070265,64.68103850692972,0.42399923822945396,False,False,False,False,False,Short Heath,57.9,56.980761184457485,58.81923881554251,0.4689993956849559,False,False,False,False,False,5.950000000000003,5.950000000000003,0.6322466189486592,9.41088464797811,True,False,False,False,False,False
E02001844,E02001849,Chester Road,63.85,63.018961493070265,64.68103850692972,0.42399923822945396,False,False,False,False,False,Erdington Town,59.45,58.388750736160446,60.51124926383956,0.5414537060405901,False,False,False,False,False,4.399999999999999,4.399999999999999,0.6877117636075792,6.398029280346465,True,False,False,False,False,False
E02001844,E02001851,Chester Road,63.85,63.018961493070265,64.68103850692972,0.42399923822945396,False,False,False,False,False,Pype Hayes Park,60.1,59.0885035837928,61.11149641620719,0.5160696001057113,False,False,False,False,False,3.75,3.75,0.6679095643666334,5.614532565581775,True,False,False,False,False,False
E02001844,E02007038,Chester Road,63.85,63.018961493070265,64.68103850692972,0.42399923822945396,False,False,False,False,False,Birches Green,60.5,59.7221825406948,61.2778174593052,0.39684564250265164,False,False,False,False,False,3.3500000000000014,3.3500000000000014,0.580742471317967,5.768477708195404,True,False,False,False,False,False
E02001845,E02001848,Perry Beeches East,65.25,64.18698541872654,66.31301458127346,0.542354378200747,False,False,False,True,False,Upper Witton,57.95,56.96988521080437,58.93011478919564,0.5000585659161405,False,False,False,False,False,7.299999999999997,7.299999999999997,0.7377037622919013,9.895571058659543,True,False,False,False,False,True
E02001845,E02001850,Perry Beeches East,65.25,64.18698541872654,66.31301458127346,0.542354378200747,False,False,False,True,False,Perry Barr,63.6,62.46807685773282,64.73192314226718,0.5775118072791734,False,False,False,False,False,1.6499999999999986,1.6499999999999986,0.7922551098606913,2.0826624902301125,True,False,False,False,False,True
E02001845,E02001859,Perry Beeches East,65.25,64.18698541872654,66.31301458127346,0.542354378200747,False,False,False,True,False,Birchfield East,57.0,56.0800815253513,57.9199184746487,0.4693461605350528,False,False,False,False,False,8.25,8.25,0.7172406081382414,11.502416213458302,True,False,False,False,False,True
E02001846,E02001848,Short Heath,57.9,56.980761184457485,58.81923881554251,0.4689993956849559,False,False,False,False,False,Upper Witton,57.95,56.96988521080437,58.93011478919564,0.5000585659161405,False,False,False,False,False,-0.05000000000000426,0.05000000000000426,0.6855793188967714,0.0729310214323032,False,False,False,False,False,False
E02001846,E02001849,Short Heath,57.9,56.980761184457485,58.81923881554251,0.4689993956849559,False,False,False,False,False,Erdington Town,59.45,58.388750736160446,60.51124926383956,0.5414537060405901,False,False,False,False,False,-1.5500000000000043,1.5500000000000043,0.7163327082703564,2.163799003039531,True,False,False,False,False,False
E02001846,E02001852,Short Heath,57.9,56.980761184457485,58.81923881554251,0.4689993956849559,False,False,False,False,False,Stockland Green Marsh Hill,58.7,57.46205815968601,59.937941840314,0.6316029797520376,False,False,False,False,False,-0.8000000000000043,0.8000000000000043,0.7866910176076162,1.0169176742768231,False,False,False,False,False,False
E02001847,E02001851,Minworth,67.25,65.9752451216018,68.5247548783982,0.6503851420398972,False,False,False,False,False,Pype Hayes Park,60.1,59.0885035837928,61.11149641620719,0.5160696001057113,False,False,False,False,False,7.149999999999999,7.149999999999999,0.830258191853309,8.61177892631172,True,False,False,False,False,False
E02001847,E02001855,Minworth,67.25,65.9752451216018,68.5247548783982,0.6503851420398972,False,False,False,False,False,Castle Vale,54.8,53.964461251646576,55.63553874835342,0.42629527977215387,False,False,False,False,False,12.450000000000003,12.450000000000003,0.777642911973276,16.00991895934345,True,True,False,False,False,False
E02001847,E02002081,Minworth,67.25,65.9752451216018,68.5247548783982,0.6503851420398972,False,False,False,False,False,Castle Bromwich West,66.44999999999999,65.06706833140605,67.83293166859393,0.7055773819356839,False,False,False,False,False,0.8000000000000114,0.8000000000000114,0.9596042282553111,0.8336770268869265,False,False,False,False,False,False
E02001847,E02002083,Minworth,67.25,65.9752451216018,68.5247548783982,0.6503851420398972,False,False,False,False,False,Castle Bromwich East,69.55000000000001,68.3975569428384,70.70244305716162,0.5879811516130639,False,False,False,False,False,-2.3000000000000114,2.3000000000000114,0.8767683089838968,2.623269997823626,True,False,False,False,False,False
E02001847,E02006471,Minworth,67.25,65.9752451216018,68.5247548783982,0.6503851420398972,False,False,False,False,False,Kingsbury,69.4,68.33404971973361,70.4659502802664,0.5438521838093838,False,False,False,False,False,-2.1500000000000057,2.1500000000000057,0.847806599892035,2.5359557241873327,True,False,False,False,False,False
E02001847,E02006473,Minworth,67.25,65.9752451216018,68.5247548783982,0.6503851420398972,False,False,False,False,False,Coleshill,67.75,66.93605897019502,68.56394102980498,0.41527603561478554,False,False,False,False,False,-0.5,0.5,0.7716573195027634,0.6479560128091411,False,False,False,False,False,False
E02001848,E02001852,Upper Witton,57.95,56.96988521080437,58.93011478919564,0.5000585659161405,False,False,False,False,False,Stockland Green Marsh Hill,58.7,57.46205815968601,59.937941840314,0.6316029797520376,False,False,False,False,False,-0.75,0.75,0.8055935038080682,0.9309906254888157,False,False,False,False,False,False
E02001848,E02001856,Upper Witton,57.95,56.96988521080437,58.93011478919564,0.5000585659161405,False,False,False,False,False,Brookvale,58.650000000000006,57.58875073616045,59.71124926383956,0.5414537060405901,False,False,False,False,False,-0.7000000000000028,0.7000000000000028,0.7370418476119227,0.9497425448338672,False,False,False,False,False,False
E02001848,E02001859,Upper Witton,57.95,56.96988521080437,58.93011478919564,0.5000585659161405,False,False,False,False,False,Birchfield East,57.0,56.0800815253513,57.9199184746487,0.4693461605350528,False,False,False,False,False,0.9500000000000028,0.9500000000000028,0.6858165846311262,1.3852100128359692,False,False,False,False,False,False
E02001849,E02001852,Erdington Town,59.45,58.388750736160446,60.51124926383956,0.5414537060405901,False,False,False,False,False,Stockland Green Marsh Hill,58.7,57.46205815968601,59.937941840314,0.6316029797520376,False,False,False,False,False,0.75,0.75,0.8319221356694042,0.9015266788117307,False,False,False,False,False,False
E02001849,E02001857,Erdington Town,59.45,58.388750736160446,60.51124926383956,0.5414537060405901,False,False,False,False,False,Gravelly Hill,55.650000000000006,54.85430847685803,56.44569152314198,0.40596506282753864,False,False,False,False,False,3.799999999999997,3.799999999999997,0.6767420099429745,5.615138330661936,True,False,False,False,False,False
E02001849,E02007038,Erdington Town,59.45,58.388750736160446,60.51124926383956,0.5414537060405901,False,False,False,False,False,Birches Green,60.5,59.7221825406948,61.2778174593052,0.39684564250265164,False,False,False,False,False,-1.0499999999999972,1.0499999999999972,0.6713110901500378,1.5641034617278893,False,False,False,False,False,False
E02001850,E02001859,Perry Barr,63.6,62.46807685773282,64.73192314226718,0.5775118072791734,False,False,False,False,False,Birchfield East,57.0,56.0800815253513,57.9199184746487,0.4693461605350528,False,False,False,False,False,6.600000000000001,6.600000000000001,0.7441812319293283,8.868807377591558,True,False,False,False,False,False
E02001850,E02001861,Perry Barr,63.6,62.46807685773282,64.73192314226718,0.5775118072791734,False,False,False,False,False,Birchfield West,56.75,55.84688040659058,57.65311959340942,0.46077530275990886,False,False,False,False,False,6.850000000000001,6.850000000000001,0.7388056355905407,9.27172137029609,True,False,False,False,False,False
E02001850,E02002053,Perry Barr,63.6,62.46807685773282,64.73192314226718,0.5775118072791734,False,False,False,False,False,Hamstead East,65.0,63.88616652950273,66.11383347049727,0.56828238290677,False,False,False,False,False,-1.3999999999999986,1.3999999999999986,0.8102251256712877,1.727914817304722,False,False,False,False,False,False
E02001850,E02006809,Perry Barr,63.6,62.46807685773282,64.73192314226718,0.5775118072791734,False,False,False,False,False,Handsworth Wood,63.6,62.50341439002694,64.69658560997307,0.5594824540678903,False,False,False,False,False,0.0,0.0,0.8040774241058419,0.0,False,False,False,False,False,False
E02001851,E02001855,Pype Hayes Park,60.1,59.0885035837928,61.11149641620719,0.5160696001057113,False,False,False,False,False,Castle Vale,54.8,53.964461251646576,55.63553874835342,0.42629527977215387,False,False,False,False,False,5.300000000000004,5.300000000000004,0.669369477724588,7.9178991220461485,True,False,False,False,False,False
E02001851,E02007038,Pype Hayes Park,60.1,59.0885035837928,61.11149641620719,0.5160696001057113,False,False,False,False,False,Birches Green,60.5,59.7221825406948,61.2778174593052,0.39684564250265164,False,False,False,False,False,-0.3999999999999986,0.3999999999999986,0.6510102119987146,0.61442968578316,False,False,False,False,False,False
E02001852,E02001856,Stockland Green Marsh Hill,58.7,57.46205815968601,59.937941840314,0.6316029797520376,False,False,False,False,False,Brookvale,58.650000000000006,57.58875073616045,59.71124926383956,0.5414537060405901,False,False,False,False,False,0.04999999999999716,0.04999999999999716,0.8319221356694042,0.060101778587445295,False,False,False,False,False,False
E02001852,E02001857,Stockland Green Marsh Hill,58.7,57.46205815968601,59.937941840314,0.6316029797520376,False,False,False,False,False,Gravelly Hill,55.650000000000006,54.85430847685803,56.44569152314198,0.40596506282753864,False,False,False,False,False,3.049999999999997,3.049999999999997,0.7508195231000724,4.062227880552169,True,False,False,False,False,False
E02001855,E02002081,Castle Vale,54.8,53.964461251646576,55.63553874835342,0.42629527977215387,False,False,False,False,False,Castle Bromwich West,66.44999999999999,65.06706833140605,67.83293166859393,0.7055773819356839,False,False,False,False,False,-11.649999999999991,11.649999999999991,0.8243586036763569,14.13219920074223,True,True,False,False,False,False
E02001855,E02007038,Castle Vale,54.8,53.964461251646576,55.63553874835342,0.42629527977215387,False,False,False,False,False,Birches Green,60.5,59.7221825406948,61.2778174593052,0.39684564250265164,False,False,False,False,False,-5.700000000000003,5.700000000000003,0.5824209212668802,9.786736348003057,True,False,False,False,False,False
E02001856,E02001857,Brookvale,58.650000000000006,57.58875073616045,59.71124926383956,0.5414537060405901,False,False,False,False,False,Gravelly Hill,55.650000000000006,54.85430847685803,56.44569152314198,0.40596506282753864,False,False,False,False,False,3.0,3.0,0.6767420099429745,4.4330039452594265,True,False,False,False,False,False
E02001856,E02001859,Brookvale,58.650000000000006,57.58875073616045,59.71124926383956,0.5414537060405901,False,False,False,False,False,Birchfield East,57.0,56.0800815253513,57.9199184746487,0.4693461605350528,False,False,False,False,False,1.6500000000000057,1.6500000000000057,0.7165597910810272,2.3026689754818057,True,False,False,False,False,False
E02001856,E02001863,Brookvale,58.650000000000006,57.58875073616045,59.71124926383956,0.5414537060405901,False,False,False,False,False,Aston Park,54.85,53.82469516727951,55.875304832720495,0.5231147105716805,False,False,False,False,False,3.8000000000000043,3.8000000000000043,0.7528752328251892,5.047317051114005,True,False,False,False,False,False
E02001857,E02001863,Gravelly Hill,55.650000000000006,54.85430847685803,56.44569152314198,0.40596506282753864,False,False,False,False,False,Aston Park,54.85,53.82469516727951,55.875304832720495,0.5231147105716805,False,False,False,False,False,0.8000000000000043,0.8000000000000043,0.6621605792049693,1.2081661535341375,False,False,False,False,False,False
E02001857,E02001869,Gravelly Hill,55.650000000000006,54.85430847685803,56.44569152314198,0.40596506282753864,False,False,False,False,False,Nechells,56.0,54.78011271012441,57.21988728987559,0.6223914744263197,False,False,False,False,False,-0.3499999999999943,0.3499999999999943,0.7430873297770159,0.4710078963464787,False,False,False,False,False,False
E02001857,E02007038,Gravelly Hill,55.650000000000006,54.85430847685803,56.44569152314198,0.40596506282753864,False,False,False,False,False,Birches Green,60.5,59.7221825406948,61.2778174593052,0.39684564250265164,False,False,False,False,False,-4.849999999999994,4.849999999999994,0.567709517455811,8.54310144690767,True,False,False,False,False,False
E02001858,E02001860,Handsworth East,60.8,59.809419362192045,61.79058063780795,0.5053982845958938,False,False,False,False,False,Handsworth West,58.25,57.22469516727951,59.275304832720494,0.5231147105716787,False,False,False,False,False,2.549999999999997,2.549999999999997,0.7273763994583293,3.505750257911804,True,False,False,False,False,False
E02001858,E02001861,Handsworth East,60.8,59.809419362192045,61.79058063780795,0.5053982845958938,False,False,False,False,False,Birchfield West,56.75,55.84688040659058,57.65311959340942,0.46077530275990886,False,False,False,False,False,4.049999999999997,4.049999999999997,0.6839161540027825,5.921778534249273,True,False,False,False,False,False
E02001858,E02001865,Handsworth East,60.8,59.809419362192045,61.79058063780795,0.5053982845958938,False,False,False,False,False,Handsworth South,57.3,56.38076118445749,58.21923881554251,0.4689993956849541,False,False,False,False,False,3.5,3.5,0.689483762843857,5.076261673754052,True,False,False,False,False,False
E02001858,E02001866,Handsworth East,60.8,59.809419362192045,61.79058063780795,0.5053982845958938,False,False,False,False,False,Lozells West,53.900000000000006,52.91005050633884,54.88994949366117,0.5050762722761044,False,False,False,False,False,6.8999999999999915,6.8999999999999915,0.7145134476612722,9.65692111545962,True,False,False,False,False,False
E02001858,E02006809,Handsworth East,60.8,59.809419362192045,61.79058063780795,0.5053982845958938,False,False,False,False,False,Handsworth Wood,63.6,62.50341439002694,64.69658560997307,0.5594824540678903,False,False,False,False,False,-2.8000000000000043,2.8000000000000043,0.75395493398631,3.713749819496301,True,False,False,False,False,False
E02001859,E02001861,Birchfield East,57.0,56.0800815253513,57.9199184746487,0.4693461605350528,False,False,False,False,False,Birchfield West,56.75,55.84688040659058,57.65311959340942,0.46077530275990886,False,False,False,False,False,0.25,0.25,0.6577231165486592,0.3800991537470231,False,False,False,False,False,False
E02001859,E02001863,Birchfield East,57.0,56.0800815253513,57.9199184746487,0.4693461605350528,False,False,False,False,False,Aston Park,54.85,53.82469516727951,55.875304832720495,0.5231147105716805,False,False,False,False,False,2.1499999999999986,2.1499999999999986,0.70280496499775,3.0591701924116053,True,False,False,False,False,False
E02001859,E02001866,Birchfield East,57.0,56.0800815253513,57.9199184746487,0.4693461605350528,False,False,False,False,False,Lozells West,53.900000000000006,52.91005050633884,54.88994949366117,0.5050762722761044,False,False,False,False,False,3.0999999999999943,3.0999999999999943,0.6894837628438549,4.496117482467881,True,False,False,False,False,False
E02001859,E02001867,Birchfield East,57.0,56.0800815253513,57.9199184746487,0.4693461605350528,False,False,False,False,False,Lozells East,55.8,54.73698541872653,56.86301458127346,0.542354378200747,False,False,False,False,False,1.2000000000000028,1.2000000000000028,0.7172406081382414,1.6730787219575751,False,False,False,False,False,False
E02001860,E02001862,Handsworth West,58.25,57.22469516727951,59.275304832720494,0.5231147105716787,False,False,False,False,False,Middlemore,58.65,57.67756748306116,59.62243251693884,0.49613903925450914,False,False,False,False,False,-0.3999999999999986,0.3999999999999986,0.7209736102582941,0.554805327557961,False,False,False,False,False,False
E02001860,E02001865,Handsworth West,58.25,57.22469516727951,59.275304832720494,0.5231147105716787,False,False,False,False,False,Handsworth South,57.3,56.38076118445749,58.21923881554251,0.4689993956849541,False,False,False,False,False,0.9500000000000028,0.9500000000000028,0.7025734364245088,1.352171816849042,False,False,False,False,False,False
E02001860,E02006809,Handsworth West,58.25,57.22469516727951,59.275304832720494,0.5231147105716787,False,False,False,False,False,Handsworth Wood,63.6,62.50341439002694,64.69658560997307,0.5594824540678903,False,False,False,False,False,-5.350000000000001,5.350000000000001,0.7659436120409387,6.9848483829564865,True,False,False,False,False,False
E02001861,E02001866,Birchfield West,56.75,55.84688040659058,57.65311959340942,0.46077530275990886,False,False,False,False,False,Lozells West,53.900000000000006,52.91005050633884,54.88994949366117,0.5050762722761044,False,False,False,False,False,2.8499999999999943,2.8499999999999943,0.6836782287376213,4.168627696778324,True,False,False,False,False,False
E02001861,E02006809,Birchfield West,56.75,55.84688040659058,57.65311959340942,0.46077530275990886,False,False,False,False,False,Handsworth Wood,63.6,62.50341439002694,64.69658560997307,0.5594824540678903,False,False,False,False,False,-6.850000000000001,6.850000000000001,0.7247996247538451,9.45088789515638,True,False,False,False,False,False
E02001862,E02001865,Middlemore,58.65,57.67756748306116,59.62243251693884,0.49613903925450914,False,False,False,False,False,Handsworth South,57.3,56.38076118445749,58.21923881554251,0.4689993956849541,False,False,False,False,False,1.3500000000000014,1.3500000000000014,0.682725698524114,1.9773680746431126,True,False,False,False,False,False
E02001862,E02002062,Middlemore,58.65,57.67756748306116,59.62243251693884,0.49613903925450914,False,False,False,False,False,West Bromwich East,56.8,55.86291675930043,57.73708324069956,0.47810369423447174,False,False,False,False,False,1.8500000000000014,1.8500000000000014,0.6890116753096689,2.685005300045952,True,False,False,False,False,False
E02001862,E02002065,Middlemore,58.65,57.67756748306116,59.62243251693884,0.49613903925450914,False,False,False,False,False,Smethwick North,58.15,57.425,58.875,0.3698979591836742,False,False,False,False,False,0.5,0.5,0.6188525240157258,0.80794693500724,False,False,False,False,False,False
E02001862,E02006809,Middlemore,58.65,57.67756748306116,59.62243251693884,0.49613903925450914,False,False,False,False,False,Handsworth Wood,63.6,62.50341439002694,64.69658560997307,0.5594824540678903,False,False,False,False,False,-4.950000000000003,4.950000000000003,0.7477797554642787,6.619596162945954,True,False,False,False,False,False
E02001862,E02006943,Middlemore,58.65,57.67756748306116,59.62243251693884,0.49613903925450914,False,False,False,False,False,Smethwick East,57.3,56.256867697748746,58.34313230225125,0.5322103582914549,False,False,False,False,False,1.3500000000000014,1.3500000000000014,0.7276000355587582,1.8554149725450098,False,False,False,False,False,False
E02001863,E02001867,Aston Park,54.85,53.82469516727951,55.875304832720495,0.5231147105716805,False,False,False,False,False,Lozells East,55.8,54.73698541872653,56.86301458127346,0.542354378200747,False,False,False,False,False,-0.9499999999999957,0.9499999999999957,0.7535232391705062,1.2607441292000166,False,False,False,False,False,False
E02001863,E02001869,Aston Park,54.85,53.82469516727951,55.875304832720495,0.5231147105716805,False,False,False,False,False,Nechells,56.0,54.78011271012441,57.21988728987559,0.6223914744263197,False,False,False,False,False,-1.1499999999999986,1.1499999999999986,0.8130314556369029,1.4144594185462667,False,False,False,False,False,False
E02001863,E02001876,Aston Park,54.85,53.82469516727951,55.875304832720495,0.5231147105716805,False,False,False,False,False,Birmingham Dartmouth Circus,56.7,55.65567007128973,57.74432992871027,0.5328213921991186,True,True,False,False,False,-1.8500000000000014,1.8500000000000014,0.7466911251658881,2.4775974129717926,True,False,True,True,False,False
E02001865,E02001866,Handsworth South,57.3,56.38076118445749,58.21923881554251,0.4689993956849541,False,False,False,False,False,Lozells West,53.900000000000006,52.91005050633884,54.88994949366117,0.5050762722761044,False,False,False,False,False,3.3999999999999915,3.3999999999999915,0.6892477594952179,4.932914112756839,True,False,False,False,False,False
E02001865,E02001873,Handsworth South,57.3,56.38076118445749,58.21923881554251,0.4689993956849541,False,False,False,False,False,Winson Green,56.65,55.69540584539816,57.60459415460184,0.48703783398053013,False,False,False,False,False,0.6499999999999986,0.6499999999999986,0.6761407286070693,0.9613383316503892,False,False,False,False,False,False
E02001865,E02006943,Handsworth South,57.3,56.38076118445749,58.21923881554251,0.4689993956849541,False,False,False,False,False,Smethwick East,57.3,56.256867697748746,58.34313230225125,0.5322103582914549,False,False,False,False,False,0.0,0.0,0.7093717633410361,0.0,False,False,False,False,False,False
E02001866,E02001867,Lozells West,53.900000000000006,52.91005050633884,54.88994949366117,0.5050762722761044,False,False,False,False,False,Lozells East,55.8,54.73698541872653,56.86301458127346,0.542354378200747,False,False,False,False,False,-1.8999999999999915,1.8999999999999915,0.7411142370578536,2.5637073274193107,True,False,False,False,False,False
E02001866,E02001873,Lozells West,53.900000000000006,52.91005050633884,54.88994949366117,0.5050762722761044,False,False,False,False,False,Winson Green,56.65,55.69540584539816,57.60459415460184,0.48703783398053013,False,False,False,False,False,-2.749999999999993,2.749999999999993,0.7016465581364822,3.919352226716219,True,False,False,False,False,False
E02001866,E02001875,Lozells West,53.900000000000006,52.91005050633884,54.88994949366117,0.5050762722761044,False,False,False,False,False,Hockley,56.8,55.66807685773282,57.93192314226717,0.5775118072791716,False,False,False,False,False,-2.8999999999999915,2.8999999999999915,0.7672170021338035,3.77989537762385,True,False,False,False,False,False
E02001867,E02001875,Lozells East,55.8,54.73698541872653,56.86301458127346,0.542354378200747,False,False,False,False,False,Hockley,56.8,55.66807685773282,57.93192314226717,0.5775118072791716,False,False,False,False,False,-1.0,1.0,0.7922551098606899,1.2622196910485561,False,False,False,False,False,False
E02001867,E02001876,Lozells East,55.8,54.73698541872653,56.86301458127346,0.542354378200747,False,False,False,False,False,Birmingham Dartmouth Circus,56.7,55.65567007128973,57.74432992871027,0.5328213921991186,True,True,False,False,False,-0.9000000000000057,0.9000000000000057,0.7602939612666444,1.183752661274084,False,False,True,True,False,False
E02001868,E02001870,Hodge Hill,61.05,60.059419362192045,62.04058063780795,0.5053982845958938,False,False,False,False,False,Ward End,58.1,57.26896149307027,58.93103850692973,0.42399923822945396,False,False,False,False,False,2.9499999999999957,2.9499999999999957,0.6596990071931511,4.471736303729611,True,False,False,False,False,False
E02001868,E02001871,Hodge Hill,61.05,60.059419362192045,62.04058063780795,0.5053982845958938,False,False,False,False,False,Buckland End,56.95,55.97628289529248,57.92371710470753,0.4967944411773087,False,False,False,False,False,4.099999999999994,4.099999999999994,0.7086833868923036,5.785376200194543,True,False,False,False,False,False
E02001868,E02001880,Hodge Hill,61.05,60.059419362192045,62.04058063780795,0.5053982845958938,False,False,False,False,False,Glebe Farm,55.5,54.63217225211451,56.36782774788549,0.44276925912525117,False,False,False,False,False,5.549999999999997,5.549999999999997,0.6719166934217335,8.259952542236508,True,False,False,False,False,False
E02001868,E02001881,Hodge Hill,61.05,60.059419362192045,62.04058063780795,0.5053982845958938,False,False,False,False,False,Belchers Lane,55.7,54.71005050633884,56.68994949366117,0.5050762722761044,False,False,False,False,False,5.349999999999994,5.349999999999994,0.7145134476612722,7.487612748943329,True,False,False,False,False,False
E02001868,E02001882,Hodge Hill,61.05,60.059419362192045,62.04058063780795,0.5053982845958938,False,False,False,False,False,Stechford,56.55,55.52225976044527,57.57774023955472,0.5243572650789409,False,False,False,False,False,4.5,4.5,0.7282705318173589,6.179022496997782,True,False,False,False,False,False
E02001868,E02007038,Hodge Hill,61.05,60.059419362192045,62.04058063780795,0.5053982845958938,False,False,False,False,False,Birches Green,60.5,59.7221825406948,61.2778174593052,0.39684564250265164,False,False,False,False,False,0.5499999999999972,0.5499999999999972,0.6425837611127552,0.8559195443214567,False,False,False,False,False,False
E02001869,E02001870,Nechells,56.0,54.78011271012441,57.21988728987559,0.6223914744263197,False,False,False,False,False,Ward End,58.1,57.26896149307027,58.93103850692973,0.42399923822945396,False,False,False,False,False,-2.1000000000000014,2.1000000000000014,0.7530912968941583,2.78850653122757,True,False,False,False,False,False
E02001869,E02001874,Nechells,56.0,54.78011271012441,57.21988728987559,0.6223914744263197,False,False,False,False,False,Washwood Heath,55.3,54.27408577356584,56.32591422643416,0.5234256257317146,False,False,False,False,False,0.7000000000000028,0.7000000000000028,0.8132315372089335,0.8607634701458468,False,False,False,False,False,False
E02001869,E02001876,Nechells,56.0,54.78011271012441,57.21988728987559,0.6223914744263197,False,False,False,False,False,Birmingham Dartmouth Circus,56.7,55.65567007128973,57.74432992871027,0.5328213921991186,True,True,False,False,False,-0.7000000000000028,0.7000000000000028,0.8193105537118237,0.8543768865526099,False,False,True,True,False,False
E02001869,E02001877,Nechells,56.0,54.78011271012441,57.21988728987559,0.6223914744263197,False,False,False,False,False,Saltley East,56.1,55.25073561242685,56.949264387573145,0.43329815692507484,False,False,False,False,False,-0.10000000000000142,0.10000000000000142,0.7583656375609558,0.13186251465931384,False,False,False,False,False,False
E02001869,E02001878,Nechells,56.0,54.78011271012441,57.21988728987559,0.6223914744263197,False,False,False,False,False,Saltley West,54.4,53.444751341272855,55.35524865872714,0.4873717646567057,False,False,False,False,False,1.6000000000000014,1.6000000000000014,0.790507675119704,2.024015769053373,True,False,False,False,False,False
E02001870,E02001874,Ward End,58.1,57.26896149307027,58.93103850692973,0.42399923822945396,False,False,False,False,False,Washwood Heath,55.3,54.27408577356584,56.32591422643416,0.5234256257317146,False,False,False,False,False,2.8000000000000043,2.8000000000000043,0.6736094860464735,4.156711058856477,True,False,False,False,False,False
E02001870,E02001877,Ward End,58.1,57.26896149307027,58.93103850692973,0.42399923822945396,False,False,False,False,False,Saltley East,56.1,55.25073561242685,56.949264387573145,0.43329815692507484,False,False,False,False,False,2.0,2.0,0.6062364611385759,3.299042746857867,True,False,False,False,False,False
E02001870,E02001881,Ward End,58.1,57.26896149307027,58.93103850692973,0.42399923822945396,False,False,False,False,False,Belchers Lane,55.7,54.71005050633884,56.68994949366117,0.5050762722761044,False,False,False,False,False,2.3999999999999986,2.3999999999999986,0.6594523446280882,3.6393835271804638,True,False,False,False,False,False
E02001870,E02007038,Ward End,58.1,57.26896149307027,58.93103850692973,0.42399923822945396,False,False,False,False,False,Birches Green,60.5,59.7221825406948,61.2778174593052,0.39684564250265164,False,False,False,False,False,-2.3999999999999986,2.3999999999999986,0.580742471317967,4.132640746169837,True,False,False,False,False,False
E02001871,E02001872,Buckland End,56.95,55.97628289529248,57.92371710470753,0.4967944411773087,False,False,False,False,False,Shard End,57.85,56.84097819646947,58.85902180353053,0.5148070426176172,False,False,False,False,False,-0.8999999999999986,0.8999999999999986,0.7154236562438872,1.2579958632136559,False,False,False,False,False,False
E02001871,E02001880,Buckland End,56.95,55.97628289529248,57.92371710470753,0.4967944411773087,False,False,False,False,False,Glebe Farm,55.5,54.63217225211451,56.36782774788549,0.44276925912525117,False,False,False,False,False,1.4500000000000028,1.4500000000000028,0.6654692582013073,2.1789135743388037,True,False,False,False,False,False
E02001871,E02002081,Buckland End,56.95,55.97628289529248,57.92371710470753,0.4967944411773087,False,False,False,False,False,Castle Bromwich West,66.44999999999999,65.06706833140605,67.83293166859393,0.7055773819356839,False,False,False,False,False,-9.499999999999986,9.499999999999986,0.8629276671215776,11.009033968847742,True,False,False,False,False,False
E02001871,E02007038,Buckland End,56.95,55.97628289529248,57.92371710470753,0.4967944411773087,False,False,False,False,False,Birches Green,60.5,59.7221825406948,61.2778174593052,0.39684564250265164,False,False,False,False,False,-3.549999999999997,3.549999999999997,0.6358389581946178,5.583174724115303,True,False,False,False,False,False
E02001872,E02001880,Shard End,57.85,56.84097819646947,58.85902180353053,0.5148070426176172,False,False,False,False,False,Glebe Farm,55.5,54.63217225211451,56.36782774788549,0.44276925912525117,False,False,False,False,False,2.3500000000000014,2.3500000000000014,0.6790220231737856,3.4608597656611706,True,False,False,False,False,False
E02001872,E02001883,Shard End,57.85,56.84097819646947,58.85902180353053,0.5148070426176172,False,False,False,False,False,Kitts Green,55.900000000000006,54.83698541872654,56.96301458127347,0.542354378200747,False,False,False,False,False,1.9499999999999957,1.9499999999999957,0.7477797554642784,2.60771970055446,True,False,False,False,False,False
E02001872,E02002081,Shard End,57.85,56.84097819646947,58.85902180353053,0.5148070426176172,False,False,False,False,False,Castle Bromwich West,66.44999999999999,65.06706833140605,67.83293166859393,0.7055773819356839,False,False,False,False,False,-8.599999999999987,8.599999999999987,0.8734218528454112,9.846330237768987,True,False,False,False,False,False
E02001872,E02002083,Shard End,57.85,56.84097819646947,58.85902180353053,0.5148070426176172,False,False,False,False,False,Castle Bromwich East,69.55000000000001,68.3975569428384,70.70244305716162,0.5879811516130639,False,False,False,False,False,-11.70000000000001,11.70000000000001,0.7815037592877734,14.971137196656422,True,True,False,False,False,False
E02001872,E02002084,Shard End,57.85,56.84097819646947,58.85902180353053,0.5148070426176172,False,False,False,False,False,Smith's Wood South,58.1,56.95081550654388,59.24918449345612,0.5863186191102646,False,False,False,False,False,-0.25,0.25,0.7802536858253633,0.3204086113807287,False,False,False,False,False,False
E02001872,E02002085,Shard End,57.85,56.84097819646947,58.85902180353053,0.5148070426176172,False,False,False,False,False,Kingshurst,61.45,60.33280485142478,62.56719514857522,0.5699975247832757,False,False,False,False,False,-3.6000000000000014,3.6000000000000014,0.7680647559859508,4.687104794150783,True,False,False,False,False,False
E02001873,E02001875,Winson Green,56.65,55.69540584539816,57.60459415460184,0.48703783398053013,False,False,False,False,False,Hockley,56.8,55.66807685773282,57.93192314226717,0.5775118072791716,False,False,False,False,False,-0.14999999999999858,0.14999999999999858,0.7554639232122878,0.19855349195523145,False,False,False,False,False,False
E02001873,E02001879,Winson Green,56.65,55.69540584539816,57.60459415460184,0.48703783398053013,False,False,False,False,False,Summerfield,54.55,53.64411645340032,55.45588354659967,0.4621854829590179,False,False,False,False,False,2.1000000000000014,2.1000000000000014,0.6714322545026468,3.1276424180061837,True,False,False,False,False,False
E02001873,E02006898,Winson Green,56.65,55.69540584539816,57.60459415460184,0.48703783398053013,False,False,False,False,False,Ladywood Summer Hill,61.6,60.23778672741747,62.96221327258253,0.6950067717257804,False,False,False,True,False,-4.950000000000003,4.950000000000003,0.8486697028132544,5.832657845085376,True,False,False,False,False,True
E02001873,E02006943,Winson Green,56.65,55.69540584539816,57.60459415460184,0.48703783398053013,False,False,False,False,False,Smethwick East,57.3,56.256867697748746,58.34313230225125,0.5322103582914549,False,False,False,False,False,-0.6499999999999986,0.6499999999999986,0.721424782774452,0.9009948306741441,False,False,False,False,False,False
E02001874,E02001877,Washwood Heath,55.3,54.27408577356584,56.32591422643416,0.5234256257317146,False,False,False,False,False,Saltley East,56.1,55.25073561242685,56.949264387573145,0.43329815692507484,False,False,False,False,False,-0.8000000000000043,0.8000000000000043,0.6795010511156725,1.1773344554603478,False,False,False,False,False,False
E02001875,E02001876,Hockley,56.8,55.66807685773282,57.93192314226717,0.5775118072791716,False,False,False,False,False,Birmingham Dartmouth Circus,56.7,55.65567007128973,57.74432992871027,0.5328213921991186,True,True,False,False,False,0.09999999999999432,0.09999999999999432,0.7857598383296656,0.12726534892973151,False,False,True,True,False,False
E02001875,E02006898,Hockley,56.8,55.66807685773282,57.93192314226717,0.5775118072791716,False,False,False,False,False,Ladywood Summer Hill,61.6,60.23778672741747,62.96221327258253,0.6950067717257804,False,False,False,True,False,-4.800000000000004,4.800000000000004,0.903633941533598,5.311885465317634,True,False,False,False,False,True
E02001875,E02006899,Hockley,56.8,55.66807685773282,57.93192314226717,0.5775118072791716,False,False,False,False,False,Birmingham city centre,63.55,60.96881810017194,66.13118189982806,1.316929540728604,False,True,True,True,False,-6.75,6.75,1.4379928034557428,4.6940429630653195,True,False,False,True,True,True
E02001876,E02001878,Birmingham Dartmouth Circus,56.7,55.65567007128973,57.74432992871027,0.5328213921991186,True,True,False,False,False,Saltley West,54.4,53.444751341272855,55.35524865872714,0.4873717646567057,False,False,False,False,False,2.3000000000000043,2.3000000000000043,0.7221010129958262,3.1851499424683656,True,False,True,True,False,False
E02001876,E02006896,Birmingham Dartmouth Circus,56.7,55.65567007128973,57.74432992871027,0.5328213921991186,True,True,False,False,False,Digbeth,57.35,55.809707819925066,58.89029218007494,0.7858633571810895,False,True,False,False,False,-0.6499999999999986,0.6499999999999986,0.9494629282625728,0.6845975557881306,False,False,True,True,False,False
E02001876,E02006899,Birmingham Dartmouth Circus,56.7,55.65567007128973,57.74432992871027,0.5328213921991186,True,True,False,False,False,Birmingham city centre,63.55,60.96881810017194,66.13118189982806,1.316929540728604,False,True,True,True,False,-6.849999999999994,6.849999999999994,1.42063438337549,4.821789533014182,True,False,True,True,True,True
E02001876,E02006900,Birmingham Dartmouth Circus,56.7,55.65567007128973,57.74432992871027,0.5328213921991186,True,True,False,False,False,Bordesley,56.6,55.8027390640449,57.3972609359551,0.406765783650562,False,False,False,False,False,0.10000000000000142,0.10000000000000142,0.6703409869117827,0.1491778094320249,False,False,True,True,False,False
E02001877,E02001878,Saltley East,56.1,55.25073561242685,56.949264387573145,0.43329815692507484,False,False,False,False,False,Saltley West,54.4,53.444751341272855,55.35524865872714,0.4873717646567057,False,False,False,False,False,1.7000000000000028,1.7000000000000028,0.6521338281206228,2.6068268914974304,True,False,False,False,False,False
E02001877,E02001881,Saltley East,56.1,55.25073561242685,56.949264387573145,0.43329815692507484,False,False,False,False,False,Belchers Lane,55.7,54.71005050633884,56.68994949366117,0.5050762722761044,False,False,False,False,False,0.3999999999999986,0.3999999999999986,0.6654692582013029,0.6010796067141535,False,False,False,False,False,False
E02001877,E02001884,Saltley East,56.1,55.25073561242685,56.949264387573145,0.43329815692507484,False,False,False,False,False,Bordesley Green North,55.3,54.22151726949385,56.37848273050614,0.550246291074564,False,False,False,False,False,0.8000000000000043,0.8000000000000043,0.7003700976169532,1.1422532211498564,False,False,False,False,False,False
E02001878,E02001884,Saltley West,54.4,53.444751341272855,55.35524865872714,0.4873717646567057,False,False,False,False,False,Bordesley Green North,55.3,54.22151726949385,56.37848273050614,0.550246291074564,False,False,False,False,False,-0.8999999999999986,0.8999999999999986,0.7350525272563214,1.2244022932066705,False,False,False,False,False,False
E02001878,E02006900,Saltley West,54.4,53.444751341272855,55.35524865872714,0.4873717646567057,False,False,False,False,False,Bordesley,56.6,55.8027390640449,57.3972609359551,0.406765783650562,False,False,False,False,False,-2.200000000000003,2.200000000000003,0.6348146499045584,3.465578496543461,True,False,False,False,False,False
E02001879,E02001886,Summerfield,54.55,53.64411645340032,55.45588354659967,0.4621854829590179,False,False,False,False,False,Rotton Park,61.45,60.37151726949385,62.52848273050616,0.5502462910745695,False,False,False,False,False,-6.900000000000006,6.900000000000006,0.7186003071940482,9.601999791710018,True,False,False,False,False,False
E02001879,E02006898,Summerfield,54.55,53.64411645340032,55.45588354659967,0.4621854829590179,False,False,False,False,False,Ladywood Summer Hill,61.6,60.23778672741747,62.96221327258253,0.6950067717257804,False,False,False,True,False,-7.050000000000004,7.050000000000004,0.834655517805251,8.44659844643233,True,False,False,False,False,True
E02001879,E02006943,Summerfield,54.55,53.64411645340032,55.45588354659967,0.4621854829590179,False,False,False,False,False,Smethwick East,57.3,56.256867697748746,58.34313230225125,0.5322103582914549,False,False,False,False,False,-2.75,2.75,0.7048852999820463,3.9013439492496773,True,False,False,False,False,False
E02001879,E02006944,Summerfield,54.55,53.64411645340032,55.45588354659967,0.4621854829590179,False,False,False,False,False,Smethwick South East,57.5,56.394898194734985,58.605101805265015,0.563827451665824,False,False,False,False,False,-2.950000000000003,2.950000000000003,0.7290519980838388,4.046350613884144,True,False,False,False,False,False
E02001880,E02001882,Glebe Farm,55.5,54.63217225211451,56.36782774788549,0.44276925912525117,False,False,False,False,False,Stechford,56.55,55.52225976044527,57.57774023955472,0.5243572650789409,False,False,False,False,False,-1.0499999999999972,1.0499999999999972,0.6862908700160526,1.5299635269451235,False,False,False,False,False,False
E02001880,E02001883,Glebe Farm,55.5,54.63217225211451,56.36782774788549,0.44276925912525117,False,False,False,False,False,Kitts Green,55.900000000000006,54.83698541872654,56.96301458127347,0.542354378200747,False,False,False,False,False,-0.4000000000000057,0.4000000000000057,0.7001377638578301,0.5713161332649236,False,False,False,False,False,False
E02001880,E02001888,Glebe Farm,55.5,54.63217225211451,56.36782774788549,0.44276925912525117,False,False,False,False,False,Kent's Moat,57.15,56.14097819646947,58.15902180353053,0.5148070426176172,False,False,False,False,False,-1.6499999999999986,1.6499999999999986,0.6790220231737856,2.429965367379116,True,False,False,False,False,False
E02001881,E02001882,Belchers Lane,55.7,54.71005050633884,56.68994949366117,0.5050762722761044,False,False,False,False,False,Stechford,56.55,55.52225976044527,57.57774023955472,0.5243572650789409,False,False,False,False,False,-0.8499999999999943,0.8499999999999943,0.7280471016750169,1.167506879766983,False,False,False,False,False,False
E02001881,E02001884,Belchers Lane,55.7,54.71005050633884,56.68994949366117,0.5050762722761044,False,False,False,False,False,Bordesley Green North,55.3,54.22151726949385,56.37848273050614,0.550246291074564,False,False,False,False,False,0.4000000000000057,0.4000000000000057,0.7469089781610871,0.5355404897994639,False,False,False,False,False,False
E02001881,E02001889,Belchers Lane,55.7,54.71005050633884,56.68994949366117,0.5050762722761044,False,False,False,False,False,Little Bromwich,55.6,54.59221778146267,56.60778221853732,0.5141746012945522,False,False,False,False,False,0.10000000000000142,0.10000000000000142,0.720747918091157,0.13874476427881108,False,False,False,False,False,False
E02001881,E02001892,Belchers Lane,55.7,54.71005050633884,56.68994949366117,0.5050762722761044,False,False,False,False,False,Yardley Fields,56.45,55.56540969935229,57.33459030064771,0.4513215819631185,False,False,False,False,False,-0.75,0.75,0.6773427575179478,1.1072680584174208,False,False,False,False,False,False
E02001882,E02001888,Stechford,56.55,55.52225976044527,57.57774023955472,0.5243572650789409,False,False,False,False,False,Kent's Moat,57.15,56.14097819646947,58.15902180353053,0.5148070426176172,False,False,False,False,False,-0.6000000000000014,0.6000000000000014,0.7348311592262292,0.8165140964242673,False,False,False,False,False,False
E02001882,E02001892,Stechford,56.55,55.52225976044527,57.57774023955472,0.5243572650789409,False,False,False,False,False,Yardley Fields,56.45,55.56540969935229,57.33459030064771,0.4513215819631185,False,False,False,False,False,0.09999999999999432,0.09999999999999432,0.691839368485748,0.14454222259549593,False,False,False,False,False,False
E02001882,E02001893,Stechford,56.55,55.52225976044527,57.57774023955472,0.5243572650789409,False,False,False,False,False,Yardley,61.1,60.15892348876406,62.04107651123593,0.480141077161191,False,False,False,False,False,-4.550000000000004,4.550000000000004,0.7109753831312132,6.3996589867307465,True,False,False,False,False,False
E02001883,E02001888,Kitts Green,55.900000000000006,54.83698541872654,56.96301458127347,0.542354378200747,False,False,False,False,False,Kent's Moat,57.15,56.14097819646947,58.15902180353053,0.5148070426176172,False,False,False,False,False,-1.249999999999993,1.249999999999993,0.7477797554642784,1.6716151926631098,False,False,False,False,False,False
E02001883,E02001895,Kitts Green,55.900000000000006,54.83698541872654,56.96301458127347,0.542354378200747,False,False,False,False,False,Sheldon North,57.6,56.69826556015643,58.50173443984357,0.46006859175692294,False,False,False,False,False,-1.6999999999999957,1.6999999999999957,0.7112041765025829,2.3903121721808698,True,False,False,False,False,False
E02001883,E02002085,Kitts Green,55.900000000000006,54.83698541872654,56.96301458127347,0.542354378200747,False,False,False,False,False,Kingshurst,61.45,60.33280485142478,62.56719514857522,0.5699975247832757,False,False,False,False,False,-5.549999999999997,5.549999999999997,0.7867944139434264,7.053939252292484,True,False,False,False,False,False
E02001883,E02002087,Kitts Green,55.900000000000006,54.83698541872654,56.96301458127347,0.542354378200747,False,False,False,False,False,Fordbridge,55.7,54.56862915010153,56.83137084989848,0.577230025458405,False,False,False,False,False,0.20000000000000284,0.20000000000000284,0.7920497294010204,0.2525093975491297,False,False,False,False,False,False
E02001884,E02001889,Bordesley Green North,55.3,54.22151726949385,56.37848273050614,0.550246291074564,False,False,False,False,False,Little Bromwich,55.6,54.59221778146267,56.60778221853732,0.5141746012945522,False,False,False,False,False,-0.30000000000000426,0.30000000000000426,0.7530912968941584,0.39835807588965816,False,False,False,False,False,False
E02001884,E02006900,Bordesley Green North,55.3,54.22151726949385,56.37848273050614,0.550246291074564,False,False,False,False,False,Bordesley,56.6,55.8027390640449,57.3972609359551,0.406765783650562,False,False,False,False,False,-1.3000000000000043,1.3000000000000043,0.6842728867857981,1.899826845553433,False,False,False,False,False,False
E02001886,E02001890,Rotton Park,61.45,60.37151726949385,62.52848273050616,0.5502462910745695,False,False,False,False,False,Edgbaston North,66.25,65.1350448439511,67.3649551560489,0.5688546714535169,False,False,False,False,False,-4.799999999999997,4.799999999999997,0.7914332682392171,6.064945956440585,True,False,False,False,False,False
E02001886,E02001899,Rotton Park,61.45,60.37151726949385,62.52848273050616,0.5502462910745695,False,False,False,False,False,Harborne West,70.3,69.1850448439511,71.41495515604889,0.5688546714535169,False,False,False,False,False,-8.849999999999994,8.849999999999994,0.7914332682392171,11.18224410718733,True,False,False,False,False,False
E02001886,E02001901,Rotton Park,61.45,60.37151726949385,62.52848273050616,0.5502462910745695,False,False,False,False,False,Harborne East,70.6,69.45982457490085,71.74017542509914,0.5817221556628288,False,False,False,False,False,-9.149999999999991,9.149999999999991,0.8007319446795714,11.427045043971042,True,False,False,False,False,False
E02001886,E02002076,Rotton Park,61.45,60.37151726949385,62.52848273050616,0.5502462910745695,False,False,False,False,False,Bearwood,64.35,63.48361382744182,65.21638617255816,0.4420337615092699,False,False,False,False,False,-2.8999999999999915,2.8999999999999915,0.7058079251151506,4.108766559297084,True,False,False,False,False,False
E02001886,E02006897,Rotton Park,61.45,60.37151726949385,62.52848273050616,0.5502462910745695,False,False,False,False,False,Five Ways North,58.650000000000006,57.35361078375359,59.94638921624642,0.6614230695134784,False,False,False,False,False,2.799999999999997,2.799999999999997,0.8603786711244948,3.254380999868886,True,False,False,False,False,False
E02001886,E02006898,Rotton Park,61.45,60.37151726949385,62.52848273050616,0.5502462910745695,False,False,False,False,False,Ladywood Summer Hill,61.6,60.23778672741747,62.96221327258253,0.6950067717257804,False,False,False,True,False,-0.14999999999999858,0.14999999999999858,0.8864566507088831,0.16921301214227039,False,False,False,False,False,True
E02001886,E02006944,Rotton Park,61.45,60.37151726949385,62.52848273050616,0.5502462910745695,False,False,False,False,False,Smethwick South East,57.5,56.394898194734985,58.605101805265015,0.563827451665824,False,False,False,False,False,3.950000000000003,3.950000000000003,0.7878276309531781,5.01378708337631,True,False,False,False,False,False
E02001888,E02001893,Kent's Moat,57.15,56.14097819646947,58.15902180353053,0.5148070426176172,False,False,False,False,False,Yardley,61.1,60.15892348876406,62.04107651123593,0.480141077161191,False,False,False,False,False,-3.950000000000003,3.950000000000003,0.7039614656401342,5.611102585577101,True,False,False,False,False,False
E02001888,E02001895,Kent's Moat,57.15,56.14097819646947,58.15902180353053,0.5148070426176172,False,False,False,False,False,Sheldon North,57.6,56.69826556015643,58.50173443984357,0.46006859175692294,False,False,False,False,False,-0.45000000000000284,0.45000000000000284,0.6904269695267526,0.6517705997325851,False,False,False,False,False,False
E02001888,E02001898,Kent's Moat,57.15,56.14097819646947,58.15902180353053,0.5148070426176172,False,False,False,False,False,Lyndon Green,66.85,65.64324816138527,68.05675183861472,0.6156897135789394,False,False,False,False,False,-9.699999999999996,9.699999999999996,0.8025584804458885,12.086346648048417,True,True,False,False,False,False
E02001889,E02001892,Little Bromwich,55.6,54.59221778146267,56.60778221853732,0.5141746012945522,False,False,False,False,False,Yardley Fields,56.45,55.56540969935229,57.33459030064771,0.4513215819631185,False,False,False,False,False,-0.8500000000000014,0.8500000000000014,0.6841539965257117,1.2424103408245704,False,False,False,False,False,False
E02001889,E02006900,Little Bromwich,55.6,54.59221778146267,56.60778221853732,0.5141746012945522,False,False,False,False,False,Bordesley,56.6,55.8027390640449,57.3972609359551,0.406765783650562,False,False,False,False,False,-1.0,1.0,0.6556172079539001,1.5252802822562816,False,False,False,False,False,False
E02001890,E02001900,Edgbaston North,66.25,65.1350448439511,67.3649551560489,0.5688546714535169,False,False,False,False,False,Five Ways South,61.1,59.92473407264568,62.27526592735432,0.5996254731399596,False,False,False,False,False,5.149999999999999,5.149999999999999,0.8265266754756371,6.230893875308204,True,False,False,False,False,False
E02001890,E02001901,Edgbaston North,66.25,65.1350448439511,67.3649551560489,0.5688546714535169,False,False,False,False,False,Harborne East,70.6,69.45982457490085,71.74017542509914,0.5817221556628288,False,False,False,False,False,-4.349999999999994,4.349999999999994,0.8136315527457727,5.346400327420924,True,False,False,False,False,False
E02001890,E02001905,Edgbaston North,66.25,65.1350448439511,67.3649551560489,0.5688546714535169,False,False,False,False,False,Edgbaston South,69.80000000000001,68.5437655473599,71.05623445264013,0.6409359452245483,True,False,False,False,False,-3.5500000000000114,3.5500000000000114,0.8569682159306574,4.142510695270948,True,False,True,False,False,False
E02001890,E02006897,Edgbaston North,66.25,65.1350448439511,67.3649551560489,0.5688546714535169,False,False,False,False,False,Five Ways North,58.650000000000006,57.35361078375359,59.94638921624642,0.6614230695134784,False,False,False,False,False,7.599999999999994,7.599999999999994,0.8723967641613077,8.711632495916435,True,False,False,False,False,False
E02001892,E02001893,Yardley Fields,56.45,55.56540969935229,57.33459030064771,0.4513215819631185,False,False,False,False,False,Yardley,61.1,60.15892348876406,62.04107651123593,0.480141077161191,False,False,False,False,False,-4.649999999999999,4.649999999999999,0.6589587425045673,7.0565874614946305,True,False,False,False,False,False
E02001892,E02001904,Yardley Fields,56.45,55.56540969935229,57.33459030064771,0.4513215819631185,False,False,False,False,False,Hay Mills,57.6,56.53875073616044,58.66124926383955,0.5414537060405901,False,False,False,False,False,-1.1499999999999986,1.1499999999999986,0.7048852999820479,1.6314711060498595,False,False,False,False,False,False
E02001892,E02006900,Yardley Fields,56.45,55.56540969935229,57.33459030064771,0.4513215819631185,False,False,False,False,False,Bordesley,56.6,55.8027390640449,57.3972609359551,0.406765783650562,False,False,False,False,False,-0.14999999999999858,0.14999999999999858,0.6075768042762558,0.24688236770111435,False,False,False,False,False,False
E02001893,E02001898,Yardley,61.1,60.15892348876406,62.04107651123593,0.480141077161191,False,False,False,False,False,Lyndon Green,66.85,65.64324816138527,68.05675183861472,0.6156897135789394,False,False,False,False,False,-5.749999999999993,5.749999999999993,0.7807747930001488,7.364479554860446,True,False,False,False,False,False
E02001893,E02001902,Yardley,61.1,60.15892348876406,62.04107651123593,0.480141077161191,False,False,False,False,False,Yardley South,63.95,62.81642159512454,65.08357840487547,0.5783563290180942,False,False,False,False,False,-2.8500000000000014,2.8500000000000014,0.7516857703141617,3.7914779187703185,True,False,False,False,False,False
E02001893,E02001904,Yardley,61.1,60.15892348876406,62.04107651123593,0.480141077161191,False,False,False,False,False,Hay Mills,57.6,56.53875073616044,58.66124926383955,0.5414537060405901,False,False,False,False,False,3.5,3.5,0.7236764261481774,4.836415659729329,True,False,False,False,False,False
E02001895,E02001898,Sheldon North,57.6,56.69826556015643,58.50173443984357,0.46006859175692294,False,False,False,False,False,Lyndon Green,66.85,65.64324816138527,68.05675183861472,0.6156897135789394,False,False,False,False,False,-9.249999999999993,9.249999999999993,0.7685941273052472,12.0349605485944,True,False,False,False,False,False
E02001895,E02001907,Sheldon North,57.6,56.69826556015643,58.50173443984357,0.46006859175692294,False,False,False,False,False,Sheldon South,64.75,63.88217225211451,65.61782774788549,0.4427692591252494,False,False,False,False,False,-7.149999999999999,7.149999999999999,0.638519949529786,11.197770727861123,True,False,False,False,False,False
E02001895,E02002087,Sheldon North,57.6,56.69826556015643,58.50173443984357,0.46006859175692294,False,False,False,False,False,Fordbridge,55.7,54.56862915010153,56.83137084989848,0.577230025458405,False,False,False,False,False,1.8999999999999986,1.8999999999999986,0.7381447089913393,2.574021024409038,True,False,False,False,False,False
E02001895,E02002089,Sheldon North,57.6,56.69826556015643,58.50173443984357,0.46006859175692294,False,False,False,False,False,Marston Green,65.4,64.28616652950274,66.51383347049727,0.56828238290677,False,False,False,False,False,-7.800000000000004,7.800000000000004,0.731168910610534,10.667849640224608,True,False,False,False,False,False
E02001896,E02001897,Small Heath Park,55.75,54.8300815253513,56.6699184746487,0.4693461605350528,False,False,False,False,False,Sparkbrook North,53.7,52.71005050633883,54.689949493661175,0.505076272276108,False,False,False,False,False,2.049999999999997,2.049999999999997,0.6894837628438575,2.9732389803416535,True,False,False,False,False,False
E02001896,E02001904,Small Heath Park,55.75,54.8300815253513,56.6699184746487,0.4693461605350528,False,False,False,False,False,Hay Mills,57.6,56.53875073616044,58.66124926383955,0.5414537060405901,False,False,False,False,False,-1.8500000000000014,1.8500000000000014,0.7165597910810272,2.5817803664492907,True,False,False,False,False,False
E02001896,E02006900,Small Heath Park,55.75,54.8300815253513,56.6699184746487,0.4693461605350528,False,False,False,False,False,Bordesley,56.6,55.8027390640449,57.3972609359551,0.406765783650562,False,False,False,False,False,-0.8500000000000014,0.8500000000000014,0.6210831032622376,1.3685769191520079,False,False,False,False,False,False
E02001896,E02007039,Small Heath Park,55.75,54.8300815253513,56.6699184746487,0.4693461605350528,False,False,False,False,False,Greet,56.65,55.60686769774875,57.69313230225125,0.5322103582914549,False,False,False,False,False,-0.8999999999999986,0.8999999999999986,0.7096010737602603,1.2683182611756656,False,False,False,False,False,False
E02001897,E02001900,Sparkbrook North,53.7,52.71005050633883,54.689949493661175,0.505076272276108,False,False,False,False,False,Five Ways South,61.1,59.92473407264568,62.27526592735432,0.5996254731399596,False,False,False,False,False,-7.399999999999999,7.399999999999999,0.7839979265627235,9.438800472909113,True,False,False,False,False,False
E02001897,E02001903,Sparkbrook North,53.7,52.71005050633883,54.689949493661175,0.505076272276108,False,False,False,False,False,Sparkbrook South,54.35,53.35941936219204,55.340580637807946,0.5053982845958938,False,False,False,False,False,-0.6499999999999986,0.6499999999999986,0.7145134476612748,0.909709960151989,False,False,False,False,False,False
E02001897,E02001909,Sparkbrook North,53.7,52.71005050633883,54.689949493661175,0.505076272276108,False,False,False,False,False,Balsall Heath East,54.6,53.56498792277577,55.63501207722422,0.5280673863388895,False,False,False,False,False,-0.8999999999999986,0.8999999999999986,0.7307237544593135,1.2316555942073324,False,False,False,False,False,False
E02001897,E02001910,Sparkbrook North,53.7,52.71005050633883,54.689949493661175,0.505076272276108,False,False,False,False,False,Balsall Heath West,56.1,55.09221778146268,57.10778221853733,0.514174601294554,False,False,False,False,False,-2.3999999999999986,2.3999999999999986,0.7207479180911609,3.329874342691399,True,False,False,False,False,False
E02001897,E02006896,Sparkbrook North,53.7,52.71005050633883,54.689949493661175,0.505076272276108,False,False,False,False,False,Digbeth,57.35,55.809707819925066,58.89029218007494,0.7858633571810895,False,True,False,False,False,-3.6499999999999986,3.6499999999999986,0.9341751746734986,3.907190106262138,True,False,False,True,False,False
E02001897,E02006900,Sparkbrook North,53.7,52.71005050633883,54.689949493661175,0.505076272276108,False,False,False,False,False,Bordesley,56.6,55.8027390640449,57.3972609359551,0.406765783650562,False,False,False,False,False,-2.8999999999999986,2.8999999999999986,0.6485063172901132,4.47181457247496,True,False,False,False,False,False
E02001897,E02007039,Sparkbrook North,53.7,52.71005050633883,54.689949493661175,0.505076272276108,False,False,False,False,False,Greet,56.65,55.60686769774875,57.69313230225125,0.5322103582914549,False,False,False,False,False,-2.9499999999999957,2.9499999999999957,0.7337233172586571,4.020589138453183,True,False,False,False,False,False
E02001898,E02001902,Lyndon Green,66.85,65.64324816138527,68.05675183861472,0.6156897135789394,False,False,False,False,False,Yardley South,63.95,62.81642159512454,65.08357840487547,0.5783563290180942,False,False,False,False,False,2.8999999999999915,2.8999999999999915,0.8447306474386984,3.433046982245832,True,False,False,False,False,False
E02001898,E02001907,Lyndon Green,66.85,65.64324816138527,68.05675183861472,0.6156897135789394,False,False,False,False,False,Sheldon South,64.75,63.88217225211451,65.61782774788549,0.4427692591252494,False,False,False,False,False,2.0999999999999943,2.0999999999999943,0.7583656375609583,2.7691128078455347,True,False,False,False,False,False
E02001899,E02001901,Harborne West,70.3,69.1850448439511,71.41495515604889,0.5688546714535169,False,False,False,False,False,Harborne East,70.6,69.45982457490085,71.74017542509914,0.5817221556628288,False,False,False,False,False,-0.29999999999999716,0.29999999999999716,0.8136315527457727,0.3687172639600607,False,False,False,False,False,False
E02001899,E02001911,Harborne West,70.3,69.1850448439511,71.41495515604889,0.5688546714535169,False,False,False,False,False,Quinton East,59.1,58.10752833793604,60.09247166206397,0.5063630928897788,False,False,False,False,False,11.199999999999996,11.199999999999996,0.7615767978840947,14.706330380753718,True,True,False,False,False,False
E02001899,E02002076,Harborne West,70.3,69.1850448439511,71.41495515604889,0.5688546714535169,False,False,False,False,False,Bearwood,64.35,63.48361382744182,65.21638617255816,0.4420337615092699,False,False,False,False,False,5.950000000000003,5.950000000000003,0.7204092472674978,8.259194371210905,True,False,False,False,False,False
E02001899,E02002078,Harborne West,70.3,69.1850448439511,71.41495515604889,0.5688546714535169,False,False,False,False,False,Warley South,67.9,66.76284345844559,69.03715654155442,0.5801819089563358,False,False,False,False,False,2.3999999999999915,2.3999999999999915,0.8125310361547469,2.9537333261235705,True,False,False,False,False,False
E02001900,E02001905,Five Ways South,61.1,59.92473407264568,62.27526592735432,0.5996254731399596,False,False,False,False,False,Edgbaston South,69.80000000000001,68.5437655473599,71.05623445264013,0.6409359452245483,True,False,False,False,False,-8.70000000000001,8.70000000000001,0.8776956157570833,9.912320221054719,True,False,True,False,False,False
E02001900,E02001910,Five Ways South,61.1,59.92473407264568,62.27526592735432,0.5996254731399596,False,False,False,False,False,Balsall Heath West,56.1,55.09221778146268,57.10778221853733,0.514174601294554,False,False,False,False,False,5.0,5.0,0.7898900104791388,6.3299952318260795,True,False,False,False,False,False
E02001900,E02001914,Five Ways South,61.1,59.92473407264568,62.27526592735432,0.5996254731399596,False,False,False,False,False,Moor Green,61.1,59.94972829296727,62.25027170703274,0.5868733199146596,False,False,False,False,False,0.0,0.0,0.8390297978415158,0.0,False,False,False,False,False,False
E02001900,E02006895,Five Ways South,61.1,59.92473407264568,62.27526592735432,0.5996254731399596,False,False,False,False,False,Attwood Green,58.05,56.971517269493845,59.12848273050615,0.5502462910745677,False,False,False,True,False,3.0500000000000043,3.0500000000000043,0.8138314867831291,3.747704591838645,True,False,False,False,False,True
E02001900,E02006896,Five Ways South,61.1,59.92473407264568,62.27526592735432,0.5996254731399596,False,False,False,False,False,Digbeth,57.35,55.809707819925066,58.89029218007494,0.7858633571810895,False,True,False,False,False,3.75,3.75,0.9884998352039585,3.793627339579938,True,False,False,True,False,False
E02001900,E02006897,Five Ways South,61.1,59.92473407264568,62.27526592735432,0.5996254731399596,False,False,False,False,False,Five Ways North,58.650000000000006,57.35361078375359,59.94638921624642,0.6614230695134784,False,False,False,False,False,2.4499999999999957,2.4499999999999957,0.8927660303365894,2.7442800428644225,True,False,False,False,False,False
E02001901,E02001905,Harborne East,70.6,69.45982457490085,71.74017542509914,0.5817221556628288,False,False,False,False,False,Edgbaston South,69.80000000000001,68.5437655473599,71.05623445264013,0.6409359452245483,True,False,False,False,False,0.799999999999983,0.799999999999983,0.8655631417001844,0.9242537735936642,False,False,True,False,False,False
E02001901,E02001911,Harborne East,70.6,69.45982457490085,71.74017542509914,0.5817221556628288,False,False,False,False,False,Quinton East,59.1,58.10752833793604,60.09247166206397,0.5063630928897788,False,False,False,False,False,11.499999999999993,11.499999999999993,0.7712355335628093,14.911138685317635,True,True,False,False,False,False
E02001901,E02001913,Harborne East,70.6,69.45982457490085,71.74017542509914,0.5817221556628288,False,False,False,False,False,Metchley,60.95,59.81807685773283,62.08192314226718,0.5775118072791716,False,False,False,False,False,9.649999999999991,9.649999999999991,0.819707602707126,11.772490541908331,True,True,False,False,False,False
E02001902,E02001904,Yardley South,63.95,62.81642159512454,65.08357840487547,0.5783563290180942,False,False,False,False,False,Hay Mills,57.6,56.53875073616044,58.66124926383955,0.5414537060405901,False,False,False,False,False,6.350000000000001,6.350000000000001,0.7922551098606911,8.015095038158321,True,False,False,False,False,False
E02001902,E02001907,Yardley South,63.95,62.81642159512454,65.08357840487547,0.5783563290180942,False,False,False,False,False,Sheldon South,64.75,63.88217225211451,65.61782774788549,0.4427692591252494,False,False,False,False,False,-0.7999999999999972,0.7999999999999972,0.7283822211872063,1.0983244466017572,False,False,False,False,False,False
E02001902,E02001915,Yardley South,63.95,62.81642159512454,65.08357840487547,0.5783563290180942,False,False,False,False,False,Acocks Green East,59.85,58.99853068170368,60.70146931829632,0.43442312157975543,False,False,False,False,False,4.100000000000001,4.100000000000001,0.7233391264672366,5.668157369039693,True,False,False,False,False,False
E02001902,E02002090,Yardley South,63.95,62.81642159512454,65.08357840487547,0.5783563290180942,False,False,False,False,False,Lyndon North,66.6,65.25440533592021,67.94559466407978,0.6865278898366242,False,False,False,False,False,-2.6499999999999915,2.6499999999999915,0.8976728729547385,2.95207762185948,True,False,False,False,False,False
E02001903,E02001908,Sparkbrook South,54.35,53.35941936219204,55.340580637807946,0.5053982845958938,False,False,False,False,False,Sparkhill North,55.05,54.0385035837928,56.06149641620719,0.5160696001057113,False,False,False,False,False,-0.6999999999999957,0.6999999999999957,0.7223262823861117,0.9690911393776729,False,False,False,False,False,False
E02001903,E02001909,Sparkbrook South,54.35,53.35941936219204,55.340580637807946,0.5053982845958938,False,False,False,False,False,Balsall Heath East,54.6,53.56498792277577,55.63501207722422,0.5280673863388895,False,False,False,False,False,-0.25,0.25,0.7309463664231857,0.3420223582522894,False,False,False,False,False,False
E02001903,E02007039,Sparkbrook South,54.35,53.35941936219204,55.340580637807946,0.5053982845958938,False,False,False,False,False,Greet,56.65,55.60686769774875,57.69313230225125,0.5322103582914549,False,False,False,False,False,-2.299999999999997,2.299999999999997,0.7339450194293786,3.13374972118236,True,False,False,False,False,False
E02001904,E02001915,Hay Mills,57.6,56.53875073616044,58.66124926383955,0.5414537060405901,False,False,False,False,False,Acocks Green East,59.85,58.99853068170368,60.70146931829632,0.43442312157975543,False,False,False,False,False,-2.25,2.25,0.6941869808259074,3.241201667774103,True,False,False,False,False,False
E02001904,E02001916,Hay Mills,57.6,56.53875073616044,58.66124926383955,0.5414537060405901,False,False,False,False,False,Acocks Green West,59.25,58.18875073616044,60.31124926383956,0.5414537060405901,False,False,False,False,False,-1.6499999999999986,1.6499999999999986,0.7657311744797775,2.1548032194470546,True,False,False,False,False,False
E02001904,E02006900,Hay Mills,57.6,56.53875073616044,58.66124926383955,0.5414537060405901,False,False,False,False,False,Bordesley,56.6,55.8027390640449,57.3972609359551,0.406765783650562,False,False,False,False,False,1.0,1.0,0.6772226506356278,1.4766192463607348,False,False,False,False,False,False
E02001904,E02007039,Hay Mills,57.6,56.53875073616044,58.66124926383955,0.5414537060405901,False,False,False,False,False,Greet,56.65,55.60686769774875,57.69313230225125,0.5322103582914549,False,False,False,False,False,0.9500000000000028,0.9500000000000028,0.7592232749710777,1.2512788152288834,False,False,False,False,False,False
E02001905,E02001913,Edgbaston South,69.80000000000001,68.5437655473599,71.05623445264013,0.6409359452245483,True,False,False,False,False,Metchley,60.95,59.81807685773283,62.08192314226718,0.5775118072791716,False,False,False,False,False,8.850000000000009,8.850000000000009,0.8627391108717283,10.258025732782414,True,False,True,False,False,False
E02001905,E02001914,Edgbaston South,69.80000000000001,68.5437655473599,71.05623445264013,0.6409359452245483,True,False,False,False,False,Moor Green,61.1,59.94972829296727,62.25027170703274,0.5868733199146596,False,False,False,False,False,8.70000000000001,8.70000000000001,0.8690334743314205,10.011121846247914,True,False,True,False,False,False
E02001905,E02001922,Edgbaston South,69.80000000000001,68.5437655473599,71.05623445264013,0.6409359452245483,True,False,False,False,False,Selly Oak,57.75,56.0496323926868,59.4503676073132,0.8675344935271414,True,False,False,False,False,12.050000000000011,12.050000000000011,1.078617162546693,11.171711723508174,True,True,True,False,False,False
E02001905,E02001926,Edgbaston South,69.80000000000001,68.5437655473599,71.05623445264013,0.6409359452245483,True,False,False,False,False,Stirchley North,63.150000000000006,62.15752833793604,64.14247166206397,0.506363092889777,False,False,False,False,False,6.650000000000006,6.650000000000006,0.816824624825786,8.141282471030218,True,False,True,False,False,False
E02001906,E02001911,Quinton Ridgacre,65.95,64.99475134127286,66.90524865872715,0.4873717646567057,False,False,False,False,False,Quinton East,59.1,58.10752833793604,60.09247166206397,0.5063630928897788,False,False,False,False,False,6.850000000000001,6.850000000000001,0.7028049649977539,9.746658520009023,True,False,False,False,False,False
E02001906,E02001920,Quinton Ridgacre,65.95,64.99475134127286,66.90524865872715,0.4873717646567057,False,False,False,False,False,Woodgate Valley,58.5,57.36807685773282,59.631923142267176,0.5775118072791734,False,False,False,False,False,7.450000000000003,7.450000000000003,0.7556792471223809,9.858680158770444,True,False,False,False,False,False
E02001906,E02002035,Quinton Ridgacre,65.95,64.99475134127286,66.90524865872715,0.4873717646567057,False,False,False,False,False,Halesowen East,70.6,69.50426964995944,71.69573035004055,0.5590460969594665,False,False,False,False,False,-4.6499999999999915,4.6499999999999915,0.7416628449033998,6.269695228706846,True,False,False,False,False,False
E02001906,E02002078,Quinton Ridgacre,65.95,64.99475134127286,66.90524865872715,0.4873717646567057,False,False,False,False,False,Warley South,67.9,66.76284345844559,69.03715654155442,0.5801819089563358,False,False,False,False,False,-1.9500000000000028,1.9500000000000028,0.7577217724632236,2.5735039837391596,True,False,False,False,False,False
E02001906,E02002079,Quinton Ridgacre,65.95,64.99475134127286,66.90524865872715,0.4873717646567057,False,False,False,False,False,Brandhall,62.2,61.27466222383392,63.12533777616609,0.4721111102888189,False,False,False,False,False,3.75,3.75,0.6785426570546119,5.526550115917303,True,False,False,False,False,False
E02001907,E02002089,Sheldon South,64.75,63.88217225211451,65.61782774788549,0.4427692591252494,False,False,False,False,False,Marston Green,65.4,64.28616652950274,66.51383347049727,0.56828238290677,False,False,False,False,False,-0.6500000000000057,0.6500000000000057,0.7204092472674952,0.9022649313087651,False,False,False,False,False,False
E02001907,E02002090,Sheldon South,64.75,63.88217225211451,65.61782774788549,0.4427692591252494,False,False,False,False,False,Lyndon North,66.6,65.25440533592021,67.94559466407978,0.6865278898366242,False,False,False,False,False,-1.8499999999999943,1.8499999999999943,0.8169242072247892,2.264591970269451,True,False,False,False,False,False
E02001907,E02002091,Sheldon South,64.75,63.88217225211451,65.61782774788549,0.4427692591252494,False,False,False,False,False,Elmdon Park,68.0,67.02628289529248,68.97371710470752,0.4967944411773051,False,False,False,False,False,-3.25,3.25,0.6654692582013034,4.88377180455251,True,False,False,False,False,False
E02001908,E02001909,Sparkhill North,55.05,54.0385035837928,56.06149641620719,0.5160696001057113,False,False,False,False,False,Balsall Heath East,54.6,53.56498792277577,55.63501207722422,0.5280673863388895,False,False,False,False,False,0.44999999999999574,0.44999999999999574,0.7383650835921582,0.6094546045036939,False,False,False,False,False,False
E02001908,E02007039,Sparkhill North,55.05,54.0385035837928,56.06149641620719,0.5160696001057113,False,False,False,False,False,Greet,56.65,55.60686769774875,57.69313230225125,0.5322103582914549,False,False,False,False,False,-1.6000000000000014,1.6000000000000014,0.7413337289143045,2.158272229624879,True,False,False,False,False,False
E02001909,E02001910,Balsall Heath East,54.6,53.56498792277577,55.63501207722422,0.5280673863388895,False,False,False,False,False,Balsall Heath West,56.1,55.09221778146268,57.10778221853733,0.514174601294554,False,False,False,False,False,-1.5,1.5,0.7370418476119246,2.035162596072559,True,False,False,False,False,False
E02001909,E02001919,Balsall Heath East,54.6,53.56498792277577,55.63501207722422,0.5280673863388895,False,False,False,False,False,Moseley,62.75,61.49476097893668,64.00523902106332,0.6404280719710805,False,False,False,False,False,-8.149999999999999,8.149999999999999,0.8300622144655071,9.818541138206054,True,False,False,False,False,False
E02001909,E02007039,Balsall Heath East,54.6,53.56498792277577,55.63501207722422,0.5280673863388895,False,False,False,False,False,Greet,56.65,55.60686769774875,57.69313230225125,0.5322103582914549,False,False,False,False,False,-2.049999999999997,2.049999999999997,0.7497353066166117,2.7342983342363723,True,False,False,False,False,False
E02001910,E02001914,Balsall Heath West,56.1,55.09221778146268,57.10778221853733,0.514174601294554,False,False,False,False,False,Moor Green,61.1,59.94972829296727,62.25027170703274,0.5868733199146596,False,False,False,False,False,-5.0,5.0,0.7802536858253654,6.408172227614557,True,False,False,False,False,False
E02001910,E02001918,Balsall Heath West,56.1,55.09221778146268,57.10778221853733,0.514174601294554,False,False,False,False,False,Moseley Village,61.05,60.05941936219205,62.04058063780794,0.5053982845958902,False,False,False,False,False,-4.949999999999996,4.949999999999996,0.7209736102582964,6.865715928529764,True,False,False,False,False,False
E02001911,E02001913,Quinton East,59.1,58.10752833793604,60.09247166206397,0.5063630928897788,False,False,False,False,False,Metchley,60.95,59.81807685773283,62.08192314226718,0.5775118072791716,False,False,False,False,False,-1.8500000000000014,1.8500000000000014,0.7680647559859506,2.4086510747719316,True,False,False,False,False,False
E02001911,E02001920,Quinton East,59.1,58.10752833793604,60.09247166206397,0.5063630928897788,False,False,False,False,False,Woodgate Valley,58.5,57.36807685773282,59.631923142267176,0.5775118072791734,False,False,False,False,False,0.6000000000000014,0.6000000000000014,0.7680647559859519,0.7811841323584643,False,False,False,False,False,False
E02001911,E02001921,Quinton East,59.1,58.10752833793604,60.09247166206397,0.5063630928897788,False,False,False,False,False,California,61.650000000000006,60.51642159512454,62.78357840487547,0.5783563290180942,False,False,False,False,False,-2.5500000000000043,2.5500000000000043,0.7686999578224191,3.3172891113766543,True,False,False,False,False,False
E02001911,E02002078,Quinton East,59.1,58.10752833793604,60.09247166206397,0.5063630928897788,False,False,False,False,False,Warley South,67.9,66.76284345844559,69.03715654155442,0.5801819089563358,False,False,False,False,False,-8.800000000000004,8.800000000000004,0.7700744310267162,11.427466807678886,True,False,False,False,False,False
E02001913,E02001921,Metchley,60.95,59.81807685773283,62.08192314226718,0.5775118072791716,False,False,False,False,False,California,61.650000000000006,60.51642159512454,62.78357840487547,0.5783563290180942,False,False,False,False,False,-0.7000000000000028,0.7000000000000028,0.8173224154898366,0.8564551598410276,False,False,False,False,False,False
E02001913,E02001922,Metchley,60.95,59.81807685773283,62.08192314226718,0.5775118072791716,False,False,False,False,False,Selly Oak,57.75,56.0496323926868,59.4503676073132,0.8675344935271414,True,False,False,False,False,3.200000000000003,3.200000000000003,1.0421784803987506,3.0704913411526618,True,False,True,False,False,False
E02001913,E02001925,Metchley,60.95,59.81807685773283,62.08192314226718,0.5775118072791716,False,False,False,False,False,Selly Oak Park,66.55000000000001,65.54097819646948,67.55902180353054,0.5148070426176172,False,False,False,False,False,-5.6000000000000085,5.6000000000000085,0.7736576624551406,7.238343613412757,True,False,False,False,False,False
E02001914,E02001918,Moor Green,61.1,59.94972829296727,62.25027170703274,0.5868733199146596,False,False,False,False,False,Moseley Village,61.05,60.05941936219205,62.04058063780794,0.5053982845958902,False,False,False,False,False,0.05000000000000426,0.05000000000000426,0.7744983664928693,0.06455791537226516,False,False,False,False,False,False
E02001914,E02001926,Moor Green,61.1,59.94972829296727,62.25027170703274,0.5868733199146596,False,False,False,False,False,Stirchley North,63.150000000000006,62.15752833793604,64.14247166206397,0.506363092889777,False,False,False,False,False,-2.0500000000000043,2.0500000000000043,0.7751282961346175,2.6447234738079772,True,False,False,False,False,False
E02001914,E02001930,Moor Green,61.1,59.94972829296727,62.25027170703274,0.5868733199146596,False,False,False,False,False,Kings Heath,64.9,63.78616652950274,66.01383347049727,0.56828238290677,False,False,False,False,False,-3.8000000000000043,3.8000000000000043,0.8169242072247898,4.651594317310239,True,False,False,False,False,False
E02001914,E02001933,Moor Green,61.1,59.94972829296727,62.25027170703274,0.5868733199146596,False,False,False,False,False,Kings Heath Park,60.7,59.65686769774875,61.74313230225125,0.532210358291453,False,False,False,False,False,0.3999999999999986,0.3999999999999986,0.7922551098606883,0.5048878764194218,False,False,False,False,False,False
E02001915,E02001916,Acocks Green East,59.85,58.99853068170368,60.70146931829632,0.43442312157975543,False,False,False,False,False,Acocks Green West,59.25,58.18875073616044,60.31124926383956,0.5414537060405901,False,False,False,False,False,0.6000000000000014,0.6000000000000014,0.6941869808259074,0.8643204447397628,False,False,False,False,False,False
E02001915,E02001929,Acocks Green East,59.85,58.99853068170368,60.70146931829632,0.43442312157975543,False,False,False,False,False,Fox Hollies,56.35,55.46611652351681,57.23388347648318,0.4509609573893798,False,False,False,False,False,3.5,3.5,0.6261702912568154,5.589533787965232,True,False,False,False,False,False
E02001915,E02002090,Acocks Green East,59.85,58.99853068170368,60.70146931829632,0.43442312157975543,False,False,False,False,False,Lyndon North,66.6,65.25440533592021,67.94559466407978,0.6865278898366242,False,False,False,False,False,-6.749999999999993,6.749999999999993,0.812430915270109,8.308398748902631,True,False,False,False,False,False
E02001915,E02002093,Acocks Green East,59.85,58.99853068170368,60.70146931829632,0.43442312157975543,False,False,False,False,False,Olton,64.55,63.39972829296727,65.70027170703273,0.5868733199146579,False,False,False,False,False,-4.699999999999996,4.699999999999996,0.7301669276204937,6.436884255106708,True,False,False,False,False,False
E02001916,E02001923,Acocks Green West,59.25,58.18875073616044,60.31124926383956,0.5414537060405901,False,False,False,False,False,Springfield,60.45,59.48953136438507,61.41046863561493,0.49003501817088274,False,False,False,False,False,-1.2000000000000028,1.2000000000000028,0.7302783269540642,1.6432091104293238,False,False,False,False,False,False
E02001916,E02001924,Acocks Green West,59.25,58.18875073616044,60.31124926383956,0.5414537060405901,False,False,False,False,False,Hall Green East,61.75,60.65398448916085,62.84601551083915,0.5591915871628326,False,False,False,False,False,-2.5,2.5,0.7783748113465502,3.2118202741878594,True,False,False,False,False,False
E02001916,E02001929,Acocks Green West,59.25,58.18875073616044,60.31124926383956,0.5414537060405901,False,False,False,False,False,Fox Hollies,56.35,55.46611652351681,57.23388347648318,0.4509609573893798,False,False,False,False,False,2.8999999999999986,2.8999999999999986,0.7046544549455682,4.115492323431081,True,False,False,False,False,False
E02001916,E02007039,Acocks Green West,59.25,58.18875073616044,60.31124926383956,0.5414537060405901,False,False,False,False,False,Greet,56.65,55.60686769774875,57.69313230225125,0.5322103582914549,False,False,False,False,False,2.6000000000000014,2.6000000000000014,0.7592232749710777,3.424552546942199,True,False,False,False,False,False
E02001916,E02007040,Acocks Green West,59.25,58.18875073616044,60.31124926383956,0.5414537060405901,False,False,False,False,False,Sparkhill South,57.6,56.395840542120766,58.80415945787922,0.6143670703465451,False,False,False,False,False,1.6499999999999986,1.6499999999999986,0.8189133122078834,2.0148652798809814,True,False,False,False,False,False
E02001918,E02001919,Moseley Village,61.05,60.05941936219205,62.04058063780794,0.5053982845958902,False,False,False,False,False,Moseley,62.75,61.49476097893668,64.00523902106332,0.6404280719710805,False,False,False,False,False,-1.7000000000000028,1.7000000000000028,0.8158281322932325,2.0837722220015,True,False,False,False,False,False
E02001918,E02001930,Moseley Village,61.05,60.05941936219205,62.04058063780794,0.5053982845958902,False,False,False,False,False,Kings Heath,64.9,63.78616652950274,66.01383347049727,0.56828238290677,False,False,False,False,False,-3.8500000000000085,3.8500000000000085,0.76050791764101,5.062406203399136,True,False,False,False,False,False
E02001919,E02001923,Moseley,62.75,61.49476097893668,64.00523902106332,0.6404280719710805,False,False,False,False,False,Springfield,60.45,59.48953136438507,61.41046863561493,0.49003501817088274,False,False,False,False,False,2.299999999999997,2.299999999999997,0.8064009141874362,2.852179306266753,True,False,False,False,False,False
E02001919,E02001930,Moseley,62.75,61.49476097893668,64.00523902106332,0.6404280719710805,False,False,False,False,False,Kings Heath,64.9,63.78616652950274,66.01383347049727,0.56828238290677,False,False,False,False,False,-2.1500000000000057,2.1500000000000057,0.8562084921856313,2.5110706324714567,True,False,False,False,False,False
E02001919,E02001931,Moseley,62.75,61.49476097893668,64.00523902106332,0.6404280719710805,False,False,False,False,False,Wake Green East,64.95,63.99540584539816,65.90459415460184,0.48703783398053013,False,False,False,False,False,-2.200000000000003,2.200000000000003,0.8045831014239871,2.7343353298203064,True,False,False,False,False,False
E02001919,E02007039,Moseley,62.75,61.49476097893668,64.00523902106332,0.6404280719710805,False,False,False,False,False,Greet,56.65,55.60686769774875,57.69313230225125,0.5322103582914549,False,False,False,False,False,6.100000000000001,6.100000000000001,0.832704017548441,7.325532087570534,True,False,False,False,False,False
E02001920,E02001921,Woodgate Valley,58.5,57.36807685773282,59.631923142267176,0.5775118072791734,False,False,False,False,False,California,61.650000000000006,60.51642159512454,62.78357840487547,0.5783563290180942,False,False,False,False,False,-3.1500000000000057,3.1500000000000057,0.8173224154898379,3.8540482192846097,True,False,False,False,False,False
E02001920,E02001928,Woodgate Valley,58.5,57.36807685773282,59.631923142267176,0.5775118072791734,False,False,False,False,False,Woodgate,59.95,58.81807685773283,61.08192314226718,0.5775118072791716,False,False,False,False,False,-1.4500000000000028,1.4500000000000028,0.8167250302848029,1.7753833251496756,False,False,False,False,False,False
E02001920,E02001932,Woodgate Valley,58.5,57.36807685773282,59.631923142267176,0.5775118072791734,False,False,False,False,False,Bartley Green,58.2,57.17469516727951,59.2253048327205,0.5231147105716805,False,False,False,False,False,0.29999999999999716,0.29999999999999716,0.7792104259847593,0.3850051154293268,False,False,False,False,False,False
E02001920,E02002035,Woodgate Valley,58.5,57.36807685773282,59.631923142267176,0.5775118072791734,False,False,False,False,False,Halesowen East,70.6,69.50426964995944,71.69573035004055,0.5590460969594665,False,False,False,False,False,-12.099999999999994,12.099999999999994,0.8037738650095997,15.053985364223657,True,True,False,False,False,False
E02001921,E02001925,California,61.650000000000006,60.51642159512454,62.78357840487547,0.5783563290180942,False,False,False,False,False,Selly Oak Park,66.55000000000001,65.54097819646948,67.55902180353054,0.5148070426176172,False,False,False,False,False,-4.900000000000006,4.900000000000006,0.7742882760600106,6.328392346238024,True,False,False,False,False,False
E02001921,E02001927,California,61.650000000000006,60.51642159512454,62.78357840487547,0.5783563290180942,False,False,False,False,False,Weoley Castle,58.1,57.03698541872654,59.163014581273465,0.542354378200747,False,False,False,True,False,3.5500000000000043,3.5500000000000043,0.7928709320367375,4.477399607626825,True,False,False,False,False,True
E02001921,E02001932,California,61.650000000000006,60.51642159512454,62.78357840487547,0.5783563290180942,False,False,False,False,False,Bartley Green,58.2,57.17469516727951,59.2253048327205,0.5231147105716805,False,False,False,False,False,3.450000000000003,3.450000000000003,0.7798365493690194,4.424003982362026,True,False,False,False,False,False
E02001922,E02001925,Selly Oak,57.75,56.0496323926868,59.4503676073132,0.8675344935271414,True,False,False,False,False,Selly Oak Park,66.55000000000001,65.54097819646948,67.55902180353054,0.5148070426176172,False,False,False,False,False,-8.800000000000011,8.800000000000011,1.0087826270253126,8.723385756502724,True,False,True,False,False,False
E02001922,E02001926,Selly Oak,57.75,56.0496323926868,59.4503676073132,0.8675344935271414,True,False,False,False,False,Stirchley North,63.150000000000006,62.15752833793604,64.14247166206397,0.506363092889777,False,False,False,False,False,-5.400000000000006,5.400000000000006,1.004499715928429,5.375810380403092,True,False,True,False,False,False
E02001923,E02001924,Springfield,60.45,59.48953136438507,61.41046863561493,0.49003501817088274,False,False,False,False,False,Hall Green East,61.75,60.65398448916085,62.84601551083915,0.5591915871628326,False,False,False,False,False,-1.2999999999999972,1.2999999999999972,0.7435250837647814,1.7484278989184174,False,False,False,False,False,False
E02001923,E02001931,Springfield,60.45,59.48953136438507,61.41046863561493,0.49003501817088274,False,False,False,False,False,Wake Green East,64.95,63.99540584539816,65.90459415460184,0.48703783398053013,False,False,False,False,False,-4.5,4.5,0.6908980899974929,6.513261601311315,True,False,False,False,False,False
E02001923,E02007039,Springfield,60.45,59.48953136438507,61.41046863561493,0.49003501817088274,False,False,False,False,False,Greet,56.65,55.60686769774875,57.69313230225125,0.5322103582914549,False,False,False,False,False,3.8000000000000043,3.8000000000000043,0.7234515771677162,5.252597575192041,True,False,False,False,False,False
E02001923,E02007040,Springfield,60.45,59.48953136438507,61.41046863561493,0.49003501817088274,False,False,False,False,False,Sparkhill South,57.6,56.395840542120766,58.80415945787922,0.6143670703465451,False,False,False,False,False,2.8500000000000014,2.8500000000000014,0.7858633571810905,3.6265846650784375,True,False,False,False,False,False
E02001924,E02001929,Hall Green East,61.75,60.65398448916085,62.84601551083915,0.5591915871628326,False,False,False,False,False,Fox Hollies,56.35,55.46611652351681,57.23388347648318,0.4509609573893798,False,False,False,False,False,5.399999999999999,5.399999999999999,0.718373869404528,7.516977203633741,True,False,False,False,False,False
E02001924,E02001931,Hall Green East,61.75,60.65398448916085,62.84601551083915,0.5591915871628326,False,False,False,False,False,Wake Green East,64.95,63.99540584539816,65.90459415460184,0.48703783398053013,False,False,False,False,False,-3.200000000000003,3.200000000000003,0.7415531558035029,4.315267186116514,True,False,False,False,False,False
E02001924,E02001934,Hall Green East,61.75,60.65398448916085,62.84601551083915,0.5591915871628326,False,False,False,False,False,Hall Green Central,65.7,64.61804574958089,66.78195425041912,0.5520174747036307,False,False,False,False,False,-3.950000000000003,3.950000000000003,0.7857598383296651,5.026981282724687,True,False,False,False,False,False
E02001925,E02001926,Selly Oak Park,66.55000000000001,65.54097819646948,67.55902180353054,0.5148070426176172,False,False,False,False,False,Stirchley North,63.150000000000006,62.15752833793604,64.14247166206397,0.506363092889777,False,False,False,False,False,3.4000000000000057,3.4000000000000057,0.722101012995826,4.708482523648889,True,False,False,False,False,False
E02001925,E02001927,Selly Oak Park,66.55000000000001,65.54097819646948,67.55902180353054,0.5148070426176172,False,False,False,False,False,Weoley Castle,58.1,57.03698541872654,59.163014581273465,0.542354378200747,False,False,False,True,False,8.45000000000001,8.45000000000001,0.7477797554642784,11.300118702402699,True,False,False,False,False,True
E02001925,E02001935,Selly Oak Park,66.55000000000001,65.54097819646948,67.55902180353054,0.5148070426176172,False,False,False,False,False,Shenley Lane,66.25,65.18933982822018,67.31066017177982,0.5411531488672529,False,False,False,False,False,0.30000000000001137,0.30000000000001137,0.7469089781610877,0.4016553673496071,False,False,False,False,False,False
E02001925,E02001938,Selly Oak Park,66.55000000000001,65.54097819646948,67.55902180353054,0.5148070426176172,False,False,False,False,False,Bournville East,63.55,62.45170586817556,64.64829413182444,0.5603541488900216,False,False,False,False,False,3.000000000000014,3.000000000000014,0.7609356499119735,3.942514719013441,True,False,False,False,False,False
E02001925,E02001939,Selly Oak Park,66.55000000000001,65.54097819646948,67.55902180353054,0.5148070426176172,False,False,False,False,False,Bournville West,63.7,62.65567007128973,64.74432992871027,0.5328213921991186,False,False,False,False,False,2.8500000000000085,2.8500000000000085,0.7408946801764095,3.8467005854616394,True,False,False,False,False,False
E02001926,E02001933,Stirchley North,63.150000000000006,62.15752833793604,64.14247166206397,0.506363092889777,False,False,False,False,False,Kings Heath Park,60.7,59.65686769774875,61.74313230225125,0.532210358291453,False,False,False,False,False,2.450000000000003,2.450000000000003,0.7346097244888729,3.335104230623499,True,False,False,False,False,False
E02001926,E02001938,Stirchley North,63.150000000000006,62.15752833793604,64.14247166206397,0.506363092889777,False,False,False,False,False,Bournville East,63.55,62.45170586817556,64.64829413182444,0.5603541488900216,False,False,False,False,False,-0.3999999999999915,0.3999999999999915,0.7552485379126274,0.5296269769757123,False,False,False,False,False,False
E02001927,E02001932,Weoley Castle,58.1,57.03698541872654,59.163014581273465,0.542354378200747,False,False,False,True,False,Bartley Green,58.2,57.17469516727951,59.2253048327205,0.5231147105716805,False,False,False,False,False,-0.10000000000000142,0.10000000000000142,0.7535232391705062,0.13270990833684634,False,False,False,False,False,True
E02001927,E02001935,Weoley Castle,58.1,57.03698541872654,59.163014581273465,0.542354378200747,False,False,False,True,False,Shenley Lane,66.25,65.18933982822018,67.31066017177982,0.5411531488672529,False,False,False,False,False,-8.149999999999999,8.149999999999999,0.7661559906980183,10.63752042527895,True,False,False,False,False,True
E02001928,E02001932,Woodgate,59.95,58.81807685773283,61.08192314226718,0.5775118072791716,False,False,False,False,False,Bartley Green,58.2,57.17469516727951,59.2253048327205,0.5231147105716805,False,False,False,False,False,1.75,1.75,0.7792104259847581,2.2458631733377645,True,False,False,False,False,False
E02001928,E02002035,Woodgate,59.95,58.81807685773283,61.08192314226718,0.5775118072791716,False,False,False,False,False,Halesowen East,70.6,69.50426964995944,71.69573035004055,0.5590460969594665,False,False,False,False,False,-10.649999999999991,10.649999999999991,0.8037738650095985,13.249995382560506,True,True,False,False,False,False
E02001928,E02006697,Woodgate,59.95,58.81807685773283,61.08192314226718,0.5775118072791716,False,False,False,False,False,Dodford,70.95,69.98953136438507,71.91046863561493,0.49003501817088274,False,False,False,False,False,-11.0,11.0,0.7573996346583437,14.523376427243727,True,True,False,False,False,False
E02001929,E02001934,Fox Hollies,56.35,55.46611652351681,57.23388347648318,0.4509609573893798,False,False,False,False,False,Hall Green Central,65.7,64.61804574958089,66.78195425041912,0.5520174747036307,False,False,False,False,False,-9.350000000000001,9.350000000000001,0.7128036738595835,13.117216342857787,True,False,False,False,False,False
E02001929,E02002093,Fox Hollies,56.35,55.46611652351681,57.23388347648318,0.4509609573893798,False,False,False,False,False,Olton,64.55,63.39972829296727,65.70027170703273,0.5868733199146579,False,False,False,False,False,-8.199999999999996,8.199999999999996,0.7401257181838761,11.079198842219933,True,False,False,False,False,False
E02001929,E02002094,Fox Hollies,56.35,55.46611652351681,57.23388347648318,0.4509609573893798,False,False,False,False,False,Ulverley Green,72.0,70.83380962103094,73.16619037896906,0.5949950913107462,False,False,False,False,False,-15.649999999999999,15.649999999999999,0.7465821748296897,20.96219348334974,True,True,False,False,False,False
E02001929,E02006807,Fox Hollies,56.35,55.46611652351681,57.23388347648318,0.4509609573893798,False,False,False,False,False,Yardley Wood East,67.05000000000001,66.02225976044528,68.07774023955474,0.5243572650789445,False,False,False,False,False,-10.70000000000001,10.70000000000001,0.6916041689656133,15.47127747364984,True,True,False,False,False,False
E02001930,E02001931,Kings Heath,64.9,63.78616652950274,66.01383347049727,0.56828238290677,False,False,False,False,False,Wake Green East,64.95,63.99540584539816,65.90459415460184,0.48703783398053013,False,False,False,False,False,-0.04999999999999716,0.04999999999999716,0.7484321735806413,0.06680632095329052,False,False,False,False,False,False
E02001930,E02001933,Kings Heath,64.9,63.78616652950274,66.01383347049727,0.56828238290677,False,False,False,False,False,Kings Heath Park,60.7,59.65686769774875,61.74313230225125,0.532210358291453,False,False,False,False,False,4.200000000000003,4.200000000000003,0.7785837990832545,5.39440970252053,True,False,False,False,False,False
E02001930,E02001936,Kings Heath,64.9,63.78616652950274,66.01383347049727,0.56828238290677,False,False,False,False,False,Brandwood North,67.9,66.7475569428384,69.05244305716161,0.5879811516130639,False,False,False,False,False,-3.0,3.0,0.8177204298379867,3.668735536660597,True,False,False,False,False,False
E02001930,E02001937,Kings Heath,64.9,63.78616652950274,66.01383347049727,0.56828238290677,False,False,False,False,False,Billesley Common,58.6,57.68008152535129,59.5199184746487,0.4693461605350528,False,False,False,False,False,6.300000000000004,6.300000000000004,0.7370418476119197,8.54768290350481,True,False,False,False,False,False
E02001931,E02001934,Wake Green East,64.95,63.99540584539816,65.90459415460184,0.48703783398053013,False,False,False,False,False,Hall Green Central,65.7,64.61804574958089,66.78195425041912,0.5520174747036307,False,False,False,False,False,-0.75,0.75,0.7361583689034717,1.0188025181553606,False,False,False,False,False,False
E02001931,E02001937,Wake Green East,64.95,63.99540584539816,65.90459415460184,0.48703783398053013,False,False,False,False,False,Billesley Common,58.6,57.68008152535129,59.5199184746487,0.4693461605350528,False,False,False,False,False,6.350000000000001,6.350000000000001,0.6763813052838185,9.388195608593083,True,False,False,False,False,False
E02001931,E02001941,Wake Green East,64.95,63.99540584539816,65.90459415460184,0.48703783398053013,False,False,False,False,False,Yardley Wood West,56.8,55.68504484395111,57.91495515604888,0.5688546714535132,False,False,False,False,False,8.150000000000006,8.150000000000006,0.7488668032186571,10.883110274044737,True,False,False,False,False,False
E02001931,E02006807,Wake Green East,64.95,63.99540584539816,65.90459415460184,0.48703783398053013,False,False,False,False,False,Yardley Wood East,67.05000000000001,66.02225976044528,68.07774023955474,0.5243572650789445,False,False,False,False,False,-2.1000000000000085,2.1000000000000085,0.7156510275053876,2.93439109187082,True,False,False,False,False,False
E02001932,E02001935,Bartley Green,58.2,57.17469516727951,59.2253048327205,0.5231147105716805,False,False,False,False,False,Shenley Lane,66.25,65.18933982822018,67.31066017177982,0.5411531488672529,False,False,False,False,False,-8.049999999999997,8.049999999999997,0.7526591067312187,10.695413007039752,True,False,False,False,False,False
E02001932,E02001945,Bartley Green,58.2,57.17469516727951,59.2253048327205,0.5231147105716805,False,False,False,False,False,Allens Cross,57.6,56.57225976044527,58.62774023955472,0.5243572650789409,False,False,False,False,False,0.6000000000000014,0.6000000000000014,0.7406750582121419,0.8100718302143114,False,False,False,False,False,False
E02001932,E02006697,Bartley Green,58.2,57.17469516727951,59.2253048327205,0.5231147105716805,False,False,False,False,False,Dodford,70.95,69.98953136438507,71.91046863561493,0.49003501817088274,False,False,False,False,False,-12.75,12.75,0.716786801950364,17.787715908422808,True,True,False,False,False,False
E02001933,E02001936,Kings Heath Park,60.7,59.65686769774875,61.74313230225125,0.532210358291453,False,False,False,False,False,Brandwood North,67.9,66.7475569428384,69.05244305716161,0.5879811516130639,False,False,False,False,False,-7.200000000000003,7.200000000000003,0.7930760998321293,9.078573924398968,True,False,False,False,False,False
E02001933,E02001938,Kings Heath Park,60.7,59.65686769774875,61.74313230225125,0.532210358291453,False,False,False,False,False,Bournville East,63.55,62.45170586817556,64.64829413182444,0.5603541488900216,False,False,False,False,False,-2.8499999999999943,2.8499999999999943,0.7728160438623005,3.6878116372384784,True,False,False,False,False,False
E02001933,E02001944,Kings Heath Park,60.7,59.65686769774875,61.74313230225125,0.532210358291453,False,False,False,False,False,Brandwood End,61.650000000000006,60.51642159512454,62.78357840487547,0.5783563290180942,False,False,False,False,False,-0.9500000000000028,0.9500000000000028,0.7859668623981566,1.2087023581393055,False,False,False,False,False,False
E02001934,E02006807,Hall Green Central,65.7,64.61804574958089,66.78195425041912,0.5520174747036307,False,False,False,False,False,Yardley Wood East,67.05000000000001,66.02225976044528,68.07774023955474,0.5243572650789445,False,False,False,False,False,-1.3500000000000085,1.3500000000000085,0.7613631418838478,1.7731354799494117,False,False,False,False,False,False
E02001935,E02001939,Shenley Lane,66.25,65.18933982822018,67.31066017177982,0.5411531488672529,False,False,False,False,False,Bournville West,63.7,62.65567007128973,64.74432992871027,0.5328213921991186,False,False,False,False,False,2.549999999999997,2.549999999999997,0.7594375329900084,3.3577481876097193,True,False,False,False,False,False
E02001935,E02001945,Shenley Lane,66.25,65.18933982822018,67.31066017177982,0.5411531488672529,False,False,False,False,False,Allens Cross,57.6,56.57225976044527,58.62774023955472,0.5243572650789409,False,False,False,False,False,8.649999999999999,8.649999999999999,0.7535232391705048,11.479407071137064,True,False,False,False,False,False
E02001935,E02001946,Shenley Lane,66.25,65.18933982822018,67.31066017177982,0.5411531488672529,False,False,False,False,False,Northfield Victoria Common,65.9,64.7475569428384,67.05244305716161,0.5879811516130639,False,False,False,False,False,0.3499999999999943,0.3499999999999943,0.7991048524325002,0.4379900821958262,False,False,False,False,False,False
E02001936,E02001937,Brandwood North,67.9,66.7475569428384,69.05244305716161,0.5879811516130639,False,False,False,False,False,Billesley Common,58.6,57.68008152535129,59.5199184746487,0.4693461605350528,False,False,False,False,False,9.300000000000004,9.300000000000004,0.7523348011764579,12.361517751747225,True,False,False,False,False,False
E02001936,E02001943,Brandwood North,67.9,66.7475569428384,69.05244305716161,0.5879811516130639,False,False,False,False,False,Brandwood East,62.65,61.32311454902844,63.97688545097156,0.6769823729446732,False,False,False,False,False,5.250000000000007,5.250000000000007,0.8966755087154022,5.854960851469309,True,False,False,False,False,False
E02001936,E02001944,Brandwood North,67.9,66.7475569428384,69.05244305716161,0.5879811516130639,False,False,False,False,False,Brandwood End,61.650000000000006,60.51642159512454,62.78357840487547,0.5783563290180942,False,False,False,False,False,6.25,6.25,0.8247532224656723,7.578024346864721,True,False,False,False,False,False
E02001937,E02001941,Billesley Common,58.6,57.68008152535129,59.5199184746487,0.4693461605350528,False,False,False,False,False,Yardley Wood West,56.8,55.68504484395111,57.91495515604888,0.5688546714535132,False,False,False,False,False,1.8000000000000043,1.8000000000000043,0.7374831900751908,2.4407335980315477,True,False,False,False,False,False
E02001937,E02001943,Billesley Common,58.6,57.68008152535129,59.5199184746487,0.4693461605350528,False,False,False,False,False,Brandwood East,62.65,61.32311454902844,63.97688545097156,0.6769823729446732,False,False,False,False,False,-4.049999999999997,4.049999999999997,0.8237663210442608,4.9164428024514875,True,False,False,False,False,False
E02001937,E02001948,Billesley Common,58.6,57.68008152535129,59.5199184746487,0.4693461605350528,False,False,False,False,False,Highter's Heath,62.05,60.95398448916085,63.14601551083914,0.5591915871628289,False,False,False,False,False,-3.4499999999999957,3.4499999999999957,0.7300555112884768,4.725668043942415,True,False,False,False,False,False
E02001938,E02001939,Bournville East,63.55,62.45170586817556,64.64829413182444,0.5603541488900216,False,False,False,False,False,Bournville West,63.7,62.65567007128973,64.74432992871027,0.5328213921991186,False,False,False,False,False,-0.15000000000000568,0.15000000000000568,0.7732369676646788,0.19398969044772127,False,False,False,False,False,False
E02001938,E02001942,Bournville East,63.55,62.45170586817556,64.64829413182444,0.5603541488900216,False,False,False,False,False,Cotteridge,64.1,62.91440942986205,65.28559057013793,0.6048931480295612,False,False,False,False,False,-0.5499999999999972,0.5499999999999972,0.8245559366782662,0.667025698966742,False,False,False,False,False,False
E02001938,E02001944,Bournville East,63.55,62.45170586817556,64.64829413182444,0.5603541488900216,False,False,False,False,False,Brandwood End,61.650000000000006,60.51642159512454,62.78357840487547,0.5783563290180942,False,False,False,False,False,1.8999999999999915,1.8999999999999915,0.8052905162073788,2.3593969651453124,True,False,False,False,False,False
E02001938,E02001949,Bournville East,63.55,62.45170586817556,64.64829413182444,0.5603541488900216,False,False,False,False,False,Lifford,61.8,60.71804574958088,62.88195425041911,0.5520174747036307,False,False,False,False,False,1.75,1.75,0.7865876076804376,2.2247998607053603,True,False,False,False,False,False
E02001939,E02001942,Bournville West,63.7,62.65567007128973,64.74432992871027,0.5328213921991186,False,False,False,False,False,Cotteridge,64.1,62.91440942986205,65.28559057013793,0.6048931480295612,False,False,False,False,False,-0.3999999999999915,0.3999999999999915,0.8060982300676014,0.4962174398602097,False,False,False,False,False,False
E02001939,E02001946,Bournville West,63.7,62.65567007128973,64.74432992871027,0.5328213921991186,False,False,False,False,False,Northfield Victoria Common,65.9,64.7475569428384,67.05244305716161,0.5879811516130639,False,False,False,False,False,-2.200000000000003,2.200000000000003,0.7934862762752937,2.7725747322650993,True,False,False,False,False,False
E02001941,E02001948,Yardley Wood West,56.8,55.68504484395111,57.91495515604888,0.5688546714535132,False,False,False,False,False,Highter's Heath,62.05,60.95398448916085,63.14601551083914,0.5591915871628289,False,False,False,False,False,-5.25,5.25,0.7976784241711494,6.58159960319243,True,False,False,False,False,False
E02001941,E02002101,Yardley Wood West,56.8,55.68504484395111,57.91495515604888,0.5688546714535132,False,False,False,False,False,Solihull Lodge,66.94999999999999,65.82499999999999,68.07499999999999,0.5739795918367347,False,False,False,False,False,-10.149999999999991,10.149999999999991,0.8081139827274053,12.560109361978222,True,True,False,False,False,False
E02001941,E02006807,Yardley Wood West,56.8,55.68504484395111,57.91495515604888,0.5688546714535132,False,False,False,False,False,Yardley Wood East,67.05000000000001,66.02225976044528,68.07774023955474,0.5243572650789445,False,False,False,False,False,-10.250000000000014,10.250000000000014,0.7736576624551423,13.248753935264387,True,True,False,False,False,False
E02001942,E02001946,Cotteridge,64.1,62.91440942986205,65.28559057013793,0.6048931480295612,False,False,False,False,False,Northfield Victoria Common,65.9,64.7475569428384,67.05244305716161,0.5879811516130639,False,False,False,False,False,-1.8000000000000114,1.8000000000000114,0.8435742736625729,2.133777731491141,True,False,False,False,False,False
E02001942,E02001949,Cotteridge,64.1,62.91440942986205,65.28559057013793,0.6048931480295612,False,False,False,False,False,Lifford,61.8,60.71804574958088,62.88195425041911,0.5520174747036307,False,False,False,False,False,2.299999999999997,2.299999999999997,0.8189133122078833,2.808600087106822,True,False,False,False,False,False
E02001942,E02001953,Cotteridge,64.1,62.91440942986205,65.28559057013793,0.6048931480295612,False,False,False,False,False,King's Norton,65.25,64.10490175094013,66.39509824905987,0.5842338005407502,False,False,False,False,False,-1.1500000000000057,1.1500000000000057,0.8409666189733108,1.3674740162742445,False,False,False,False,False,False
E02001943,E02001944,Brandwood East,62.65,61.32311454902844,63.97688545097156,0.6769823729446732,False,False,False,False,False,Brandwood End,61.650000000000006,60.51642159512454,62.78357840487547,0.5783563290180942,False,False,False,False,False,0.9999999999999929,0.9999999999999929,0.8903938322973081,1.1230985253119843,False,False,False,False,False,False
E02001943,E02001947,Brandwood East,62.65,61.32311454902844,63.97688545097156,0.6769823729446732,False,False,False,False,False,Druids Heath,54.2,53.04972829296727,55.35027170703274,0.5868733199146596,False,False,False,False,False,8.449999999999996,8.449999999999996,0.8959494555528538,9.431335604513366,True,False,False,False,False,False
E02001943,E02001948,Brandwood East,62.65,61.32311454902844,63.97688545097156,0.6769823729446732,False,False,False,False,False,Highter's Heath,62.05,60.95398448916085,63.14601551083914,0.5591915871628289,False,False,False,False,False,0.6000000000000014,0.6000000000000014,0.8780662642599841,0.6833197270204532,False,False,False,False,False,False
E02001944,E02001947,Brandwood End,61.650000000000006,60.51642159512454,62.78357840487547,0.5783563290180942,False,False,False,False,False,Druids Heath,54.2,53.04972829296727,55.35027170703274,0.5868733199146596,False,False,False,False,False,7.450000000000003,7.450000000000003,0.8239637958933271,9.041659399516265,True,False,False,False,False,False
E02001944,E02001949,Brandwood End,61.650000000000006,60.51642159512454,62.78357840487547,0.5783563290180942,False,False,False,False,False,Lifford,61.8,60.71804574958088,62.88195425041911,0.5520174747036307,False,False,False,False,False,-0.14999999999999147,0.14999999999999147,0.7995119359293266,0.18761445984622652,False,False,False,False,False,False
E02001945,E02001946,Allens Cross,57.6,56.57225976044527,58.62774023955472,0.5243572650789409,False,False,False,False,False,Northfield Victoria Common,65.9,64.7475569428384,67.05244305716161,0.5879811516130639,False,False,False,False,False,-8.300000000000004,8.300000000000004,0.7878276309531747,10.53529944101862,True,False,False,False,False,False
E02001945,E02001950,Allens Cross,57.6,56.57225976044527,58.62774023955472,0.5243572650789409,False,False,False,False,False,Longbridge North,65.44999999999999,64.54688040659057,66.3531195934094,0.46077530275990525,False,False,False,False,False,-7.849999999999987,7.849999999999987,0.6980432802302082,11.245721035250321,True,False,False,False,False,False
E02001945,E02001951,Allens Cross,57.6,56.57225976044527,58.62774023955472,0.5243572650789409,False,False,False,False,False,Frankley,55.8,54.82756748306116,56.77243251693884,0.49613903925451097,False,False,False,False,False,1.8000000000000043,1.8000000000000043,0.7218756733077074,2.493504167763712,True,False,False,False,False,False
E02001945,E02001955,Allens Cross,57.6,56.57225976044527,58.62774023955472,0.5243572650789409,False,False,False,False,False,Longbridge South,61.4,60.480761184457485,62.31923881554251,0.4689993956849559,False,False,False,False,False,-3.799999999999997,3.799999999999997,0.7034990935274335,5.401570570540918,True,False,False,False,False,False
E02001945,E02006697,Allens Cross,57.6,56.57225976044527,58.62774023955472,0.5243572650789409,False,False,False,False,False,Dodford,70.95,69.98953136438507,71.91046863561493,0.49003501817088274,False,False,False,False,False,-13.350000000000001,13.350000000000001,0.7176941273793482,18.60123901075709,True,True,False,False,False,False
E02001946,E02001950,Northfield Victoria Common,65.9,64.7475569428384,67.05244305716161,0.5879811516130639,False,False,False,False,False,Longbridge North,65.44999999999999,64.54688040659057,66.3531195934094,0.46077530275990525,False,False,False,False,False,0.45000000000001705,0.45000000000001705,0.7470178808339912,0.6023952191045611,False,False,False,False,False,False
E02001946,E02001952,Northfield Victoria Common,65.9,64.7475569428384,67.05244305716161,0.5879811516130639,False,False,False,False,False,Turves Green,56.55,55.63076118445749,57.46923881554251,0.4689993956849541,False,False,False,False,False,9.350000000000009,9.350000000000009,0.7521185197859955,12.431551349992572,True,False,False,False,False,False
E02001946,E02001953,Northfield Victoria Common,65.9,64.7475569428384,67.05244305716161,0.5879811516130639,False,False,False,False,False,King's Norton,65.25,64.10490175094013,66.39509824905987,0.5842338005407502,False,False,False,False,False,0.6500000000000057,0.6500000000000057,0.8288853770857065,0.7841856280362344,False,False,False,False,False,False
E02001947,E02001948,Druids Heath,54.2,53.04972829296727,55.35027170703274,0.5868733199146596,False,False,False,False,False,Highter's Heath,62.05,60.95398448916085,63.14601551083914,0.5591915871628289,False,False,False,False,False,-7.849999999999994,7.849999999999994,0.810626624767123,9.683866480767449,True,False,False,False,False,False
E02001947,E02001949,Druids Heath,54.2,53.04972829296727,55.35027170703274,0.5868733199146596,False,False,False,False,False,Lifford,61.8,60.71804574958088,62.88195425041911,0.5520174747036307,False,False,False,False,False,-7.599999999999994,7.599999999999994,0.8056944743547817,9.432856053885992,True,False,False,False,False,False
E02001947,E02006699,Druids Heath,54.2,53.04972829296727,55.35027170703274,0.5868733199146596,False,False,False,False,False,Hollywood,69.75,68.24916689801964,71.25083310198036,0.7657311744797766,False,False,False,False,False,-15.549999999999997,15.549999999999997,0.964761382517891,16.117975161295007,True,True,False,False,False,False
E02001947,E02006700,Druids Heath,54.2,53.04972829296727,55.35027170703274,0.5868733199146596,False,False,False,False,False,Wythall,69.35,68.30567007128973,70.39432992871026,0.5328213921991168,False,False,False,False,False,-15.149999999999991,15.149999999999991,0.7926657111372104,19.11272278734601,True,True,False,False,False,False
E02001948,E02002101,Highter's Heath,62.05,60.95398448916085,63.14601551083914,0.5591915871628289,False,False,False,False,False,Solihull Lodge,66.94999999999999,65.82499999999999,68.07499999999999,0.5739795918367347,False,False,False,False,False,-4.8999999999999915,4.8999999999999915,0.8013412525252573,6.114748223130506,True,False,False,False,False,False
E02001948,E02006699,Highter's Heath,62.05,60.95398448916085,63.14601551083914,0.5591915871628289,False,False,False,False,False,Hollywood,69.75,68.24916689801964,71.25083310198036,0.7657311744797766,False,False,False,False,False,-7.700000000000003,7.700000000000003,0.9481769153084575,8.12084736053194,True,False,False,False,False,False
E02001948,E02006700,Highter's Heath,62.05,60.95398448916085,63.14601551083914,0.5591915871628289,False,False,False,False,False,Wythall,69.35,68.30567007128973,70.39432992871026,0.5328213921991168,False,False,False,False,False,-7.299999999999997,7.299999999999997,0.7723948906736041,9.451124144067915,True,False,False,False,False,False
E02001949,E02001953,Lifford,61.8,60.71804574958088,62.88195425041911,0.5520174747036307,False,False,False,False,False,King's Norton,65.25,64.10490175094013,66.39509824905987,0.5842338005407502,False,False,False,False,False,-3.450000000000003,3.450000000000003,0.803773865009595,4.292252025336527,True,False,False,False,False,False
E02001949,E02001954,Lifford,61.8,60.71804574958088,62.88195425041911,0.5520174747036307,False,False,False,False,False,Hawkesley,56.4,55.37469516727951,57.42530483272049,0.5231147105716787,False,False,False,False,False,5.399999999999999,5.399999999999999,0.7605079176410097,7.100517791780592,True,False,False,False,False,False
E02001949,E02006700,Lifford,61.8,60.71804574958088,62.88195425041911,0.5520174747036307,False,False,False,False,False,Wythall,69.35,68.30567007128973,70.39432992871026,0.5328213921991168,False,False,False,False,False,-7.549999999999997,7.549999999999997,0.7672170021338022,9.840762103813859,True,False,False,False,False,False
E02001950,E02001952,Longbridge North,65.44999999999999,64.54688040659057,66.3531195934094,0.46077530275990525,False,False,False,False,False,Turves Green,56.55,55.63076118445749,57.46923881554251,0.4689993956849541,False,False,False,False,False,8.899999999999991,8.899999999999991,0.6574757126969287,13.53662170043162,True,False,False,False,False,False
E02001950,E02001955,Longbridge North,65.44999999999999,64.54688040659057,66.3531195934094,0.46077530275990525,False,False,False,False,False,Longbridge South,61.4,60.480761184457485,62.31923881554251,0.4689993956849559,False,False,False,False,False,4.04999999999999,4.04999999999999,0.6574757126969302,6.159923358061557,True,False,False,False,False,False
E02001950,E02001957,Longbridge North,65.44999999999999,64.54688040659057,66.3531195934094,0.46077530275990525,False,False,False,False,False,West Heath,64.65,63.65752833793604,65.64247166206397,0.506363092889777,False,False,False,False,False,0.799999999999983,0.799999999999983,0.6846294336897759,1.1685153465991422,False,False,False,False,False,False
E02001951,E02001955,Frankley,55.8,54.82756748306116,56.77243251693884,0.49613903925451097,False,False,False,False,False,Longbridge South,61.4,60.480761184457485,62.31923881554251,0.4689993956849559,False,False,False,False,False,-5.600000000000001,5.600000000000001,0.6827256985241167,8.202415717038058,True,False,False,False,False,False
E02001951,E02001956,Frankley,55.8,54.82756748306116,56.77243251693884,0.49613903925451097,False,False,False,False,False,Rubery East,64.1,63.03875073616044,65.16124926383955,0.5414537060405901,False,False,False,False,False,-8.299999999999997,8.299999999999997,0.7343882229839194,11.301924159780187,True,False,False,False,False,False
E02001951,E02006697,Frankley,55.8,54.82756748306116,56.77243251693884,0.49613903925451097,False,False,False,False,False,Dodford,70.95,69.98953136438507,71.91046863561493,0.49003501817088274,False,False,False,False,False,-15.150000000000006,15.150000000000006,0.697343721063097,21.725297787013705,True,True,False,False,False,False
E02001951,E02006698,Frankley,55.8,54.82756748306116,56.77243251693884,0.49613903925451097,False,False,False,False,False,Rubery West,67.6,66.48616652950273,68.71383347049726,0.56828238290677,False,False,False,False,False,-11.799999999999997,11.799999999999997,0.7543863817663903,15.64185182183483,True,True,False,False,False,False
E02001952,E02001953,Turves Green,56.55,55.63076118445749,57.46923881554251,0.4689993956849541,False,False,False,False,False,King's Norton,65.25,64.10490175094013,66.39509824905987,0.5842338005407502,False,False,False,False,False,-8.700000000000003,8.700000000000003,0.7491926099789968,11.612501089998608,True,False,False,False,False,False
E02001952,E02001957,Turves Green,56.55,55.63076118445749,57.46923881554251,0.4689993956849541,False,False,False,False,False,West Heath,64.65,63.65752833793604,65.64247166206397,0.506363092889777,False,False,False,False,False,-8.100000000000009,8.100000000000009,0.6901912886973821,11.735876897674805,True,False,False,False,False,False
E02001953,E02001954,King's Norton,65.25,64.10490175094013,66.39509824905987,0.5842338005407502,False,False,False,False,False,Hawkesley,56.4,55.37469516727951,57.42530483272049,0.5231147105716787,False,False,False,False,False,8.850000000000001,8.850000000000001,0.7842054157622098,11.285308443576902,True,False,False,False,False,False
E02001953,E02001957,King's Norton,65.25,64.10490175094013,66.39509824905987,0.5842338005407502,False,False,False,False,False,West Heath,64.65,63.65752833793604,65.64247166206397,0.506363092889777,False,False,False,False,False,0.5999999999999943,0.5999999999999943,0.7731317581985557,0.7760643559618233,False,False,False,False,False,False
E02001953,E02006704,King's Norton,65.25,64.10490175094013,66.39509824905987,0.5842338005407502,False,False,False,False,False,Alvechurch,71.1,70.12371879051166,72.07628120948833,0.4981026579022114,False,False,False,False,False,-5.849999999999994,5.849999999999994,0.7677469579904154,7.619698051702376,True,False,False,False,False,False
E02001954,E02006700,Hawkesley,56.4,55.37469516727951,57.42530483272049,0.5231147105716787,False,False,False,False,False,Wythall,69.35,68.30567007128973,70.39432992871026,0.5328213921991168,False,False,False,False,False,-12.949999999999996,12.949999999999996,0.7466911251658855,17.34318189080259,True,True,False,False,False,False
E02001954,E02006704,Hawkesley,56.4,55.37469516727951,57.42530483272049,0.5231147105716787,False,False,False,False,False,Alvechurch,71.1,70.12371879051166,72.07628120948833,0.4981026579022114,False,False,False,False,False,-14.699999999999996,14.699999999999996,0.7223262823861102,20.350913926931295,True,True,False,False,False,False
E02001955,E02001956,Longbridge South,61.4,60.480761184457485,62.31923881554251,0.4689993956849559,False,False,False,False,False,Rubery East,64.1,63.03875073616044,65.16124926383955,0.5414537060405901,False,False,False,False,False,-2.6999999999999957,2.6999999999999957,0.7163327082703564,3.7691982633591663,True,False,False,False,False,False
E02001955,E02001957,Longbridge South,61.4,60.480761184457485,62.31923881554251,0.4689993956849559,False,False,False,False,False,West Heath,64.65,63.65752833793604,65.64247166206397,0.506363092889777,False,False,False,False,False,-3.250000000000007,3.250000000000007,0.6901912886973833,4.708839495980628,True,False,False,False,False,False
E02001955,E02006701,Longbridge South,61.4,60.480761184457485,62.31923881554251,0.4689993956849559,False,False,False,False,False,Barnt Green,73.6,72.428462548614,74.771537451386,0.5977231894826537,False,False,False,False,False,-12.199999999999996,12.199999999999996,0.7597588067262993,16.05772765250092,True,True,False,False,False,False
E02001956,E02006698,Rubery East,64.1,63.03875073616044,65.16124926383955,0.5414537060405901,False,False,False,False,False,Rubery West,67.6,66.48616652950273,68.71383347049726,0.56828238290677,False,False,False,False,False,-3.5,3.5,0.7849311960339496,4.458989549255499,True,False,False,False,False,False
E02001956,E02006701,Rubery East,64.1,63.03875073616044,65.16124926383955,0.5414537060405901,False,False,False,False,False,Barnt Green,73.6,72.428462548614,74.771537451386,0.5977231894826537,False,False,False,False,False,-9.5,9.5,0.8065017836498602,11.779267191459045,True,False,False,False,False,False
E02001957,E02006701,West Heath,64.65,63.65752833793604,65.64247166206397,0.506363092889777,False,False,False,False,False,Barnt Green,73.6,72.428462548614,74.771537451386,0.5977231894826537,False,False,False,False,False,-8.949999999999989,8.949999999999989,0.7833751292236799,11.424922321531174,True,False,False,False,False,False
E02001957,E02006704,West Heath,64.65,63.65752833793604,65.64247166206397,0.506363092889777,False,False,False,False,False,Alvechurch,71.1,70.12371879051166,72.07628120948833,0.4981026579022114,False,False,False,False,False,-6.449999999999989,6.449999999999989,0.7102885608329536,9.080816383183885,True,False,False,False,False,False
E02001958,E02001961,Longford,60.6,59.41230264797803,61.78769735202197,0.6059680367459034,False,False,False,False,False,Bell Green,57.900000000000006,56.92628289529248,58.87371710470753,0.4967944411773087,False,False,False,False,False,2.6999999999999957,2.6999999999999957,0.783582783337127,3.445711234875809,True,False,False,False,False,False
E02001958,E02001962,Longford,60.6,59.41230264797803,61.78769735202197,0.6059680367459034,False,False,False,False,False,Little Heath,60.5,59.41458533269538,61.58541466730462,0.5537829935227647,False,False,False,False,False,0.10000000000000142,0.10000000000000142,0.8208975974338815,0.12181787388902163,False,False,False,False,False,False
E02001958,E02001964,Longford,60.6,59.41230264797803,61.78769735202197,0.6059680367459034,False,False,False,False,False,Henley Green,55.900000000000006,54.99826556015643,56.80173443984358,0.46006859175692477,False,False,False,False,False,4.699999999999996,4.699999999999996,0.7608287393880994,6.177474320673002,True,False,False,False,False,False
E02001958,E02006488,Longford,60.6,59.41230264797803,61.78769735202197,0.6059680367459034,False,False,False,False,False,Bulkington,67.4,66.26284345844559,68.53715654155442,0.5801819089563358,False,False,False,False,False,-6.800000000000004,6.800000000000004,0.838932839408437,8.105535604965636,True,False,False,False,False,False
E02001958,E02006489,Longford,60.6,59.41230264797803,61.78769735202197,0.6059680367459034,False,False,False,False,False,Bedworth Coalpit Field,61.25,60.28953136438507,62.21046863561493,0.49003501817088274,False,False,False,False,False,-0.6499999999999986,0.6499999999999986,0.7793148148158239,0.8340660124029768,False,False,False,False,False,False
E02001958,E02006805,Longford,60.6,59.41230264797803,61.78769735202197,0.6059680367459034,False,False,False,False,False,Holbrooks,59.8,58.896880406590576,60.70311959340942,0.46077530275990886,False,False,False,False,False,0.8000000000000043,0.8000000000000043,0.7612562913967741,1.050894434687879,False,False,False,False,False,False
E02001958,E02006806,Longford,60.6,59.41230264797803,61.78769735202197,0.6059680367459034,False,False,False,False,False,Ash Green,62.8,61.87804555427071,63.72195444572929,0.4703849212904529,False,False,False,False,False,-2.1999999999999957,2.1999999999999957,0.7671109670283107,2.8679032037861654,True,False,False,False,False,False
E02001959,E02001963,Keresley,64.15,62.99755694283839,65.30244305716161,0.5879811516130656,False,False,False,False,False,Whitmore Park,63.75,62.50878084126936,64.99121915873064,0.6332750809850205,False,False,False,False,False,0.4000000000000057,0.4000000000000057,0.8641522798956276,0.4628813801756303,False,False,False,False,False,False
E02001959,E02001967,Keresley,64.15,62.99755694283839,65.30244305716161,0.5879811516130656,False,False,False,False,False,Brownshill Green,69.6,68.59097819646946,70.60902180353052,0.5148070426176172,False,False,False,False,False,-5.449999999999989,5.449999999999989,0.7815037592877746,6.973734848015139,True,False,False,False,False,False
E02001959,E02001968,Keresley,64.15,62.99755694283839,65.30244305716161,0.5879811516130656,False,False,False,False,False,Radford East,62.95,61.90686769774875,63.99313230225125,0.532210358291453,False,False,False,False,False,1.2000000000000028,1.2000000000000028,0.7930760998321307,1.5130956540664953,False,False,False,False,False,False
E02001959,E02006474,Keresley,64.15,62.99755694283839,65.30244305716161,0.5879811516130656,False,False,False,False,False,New Arley,66.75,65.80892348876407,67.69107651123593,0.480141077161191,False,False,False,False,False,-2.5999999999999943,2.5999999999999943,0.7591161232840044,3.4250359335699017,True,False,False,False,False,False
E02001959,E02006805,Keresley,64.15,62.99755694283839,65.30244305716161,0.5879811516130656,False,False,False,False,False,Holbrooks,59.8,58.896880406590576,60.70311959340942,0.46077530275990886,False,False,False,False,False,4.3500000000000085,4.3500000000000085,0.7470178808339949,5.823153784677186,True,False,False,False,False,False
E02001959,E02006806,Keresley,64.15,62.99755694283839,65.30244305716161,0.5879811516130656,False,False,False,False,False,Ash Green,62.8,61.87804555427071,63.72195444572929,0.4703849212904529,False,False,False,False,False,1.3500000000000085,1.3500000000000085,0.7529832726094601,1.7928685126318806,False,False,False,False,False,False
E02001961,E02001962,Bell Green,57.900000000000006,56.92628289529248,58.87371710470753,0.4967944411773087,False,False,False,False,False,Little Heath,60.5,59.41458533269538,61.58541466730462,0.5537829935227647,False,False,False,False,False,-2.5999999999999943,2.5999999999999943,0.743962580174372,3.494799428474748,True,False,False,False,False,False
E02001961,E02001964,Bell Green,57.900000000000006,56.92628289529248,58.87371710470753,0.4967944411773087,False,False,False,False,False,Henley Green,55.900000000000006,54.99826556015643,56.80173443984358,0.46006859175692477,False,False,False,False,False,2.0,2.0,0.6771025224483175,2.9537624417174695,True,False,False,False,False,False
E02001961,E02001970,Bell Green,57.900000000000006,56.92628289529248,58.87371710470753,0.4967944411773087,False,False,False,False,False,Wyken Croft,64.15,62.92398001647608,65.37601998352393,0.6255203997571053,False,False,False,False,False,-6.25,6.25,0.7987994036658785,7.824242195621677,True,False,False,False,False,False
E02001961,E02001973,Bell Green,57.900000000000006,56.92628289529248,58.87371710470753,0.4967944411773087,False,False,False,False,False,Stoke Heath (CV2),58.400000000000006,57.42628289529248,59.37371710470753,0.4967944411773087,False,False,False,False,False,-0.5,0.5,0.7025734364245128,0.7116693772889633,False,False,False,False,False,False
E02001962,E02001966,Little Heath,60.5,59.41458533269538,61.58541466730462,0.5537829935227647,False,False,False,False,False,Foleshill West,56.3,55.144307566867376,57.45569243313262,0.5896389964962354,False,False,False,False,False,4.200000000000003,4.200000000000003,0.8089188773320363,5.192115201776942,True,False,False,False,False,False
E02001962,E02001972,Little Heath,60.5,59.41458533269538,61.58541466730462,0.5537829935227647,False,False,False,False,False,Foleshill East,56.55,55.70073561242685,57.39926438757315,0.43329815692507667,False,False,False,False,False,3.950000000000003,3.950000000000003,0.7031521149151888,5.61756114532406,True,False,False,False,False,False
E02001962,E02001973,Little Heath,60.5,59.41458533269538,61.58541466730462,0.5537829935227647,False,False,False,False,False,Stoke Heath (CV2),58.400000000000006,57.42628289529248,59.37371710470753,0.4967944411773087,False,False,False,False,False,2.0999999999999943,2.0999999999999943,0.743962580174372,2.822722615306526,True,False,False,False,False,False
E02001962,E02006805,Little Heath,60.5,59.41458533269538,61.58541466730462,0.5537829935227647,False,False,False,False,False,Holbrooks,59.8,58.896880406590576,60.70311959340942,0.46077530275990886,False,False,False,False,False,0.7000000000000028,0.7000000000000028,0.720409247267496,0.9716699260248183,False,False,False,False,False,False
E02001963,E02001967,Whitmore Park,63.75,62.50878084126936,64.99121915873064,0.6332750809850205,False,False,False,False,False,Brownshill Green,69.6,68.59097819646946,70.60902180353052,0.5148070426176172,False,False,False,False,False,-5.849999999999994,5.849999999999994,0.8161272078084895,7.168000213727395,True,False,False,False,False,False
E02001963,E02001968,Whitmore Park,63.75,62.50878084126936,64.99121915873064,0.6332750809850205,False,False,False,False,False,Radford East,62.95,61.90686769774875,63.99313230225125,0.532210358291453,False,False,False,False,False,0.7999999999999972,0.7999999999999972,0.8272153248515776,0.9671000717298565,False,False,False,False,False,False
E02001963,E02001969,Whitmore Park,63.75,62.50878084126936,64.99121915873064,0.6332750809850205,False,False,False,False,False,Radford West,58.55,57.5246951672795,59.57530483272049,0.5231147105716805,False,False,False,False,False,5.200000000000003,5.200000000000003,0.8213929197485679,6.330709548350802,True,False,False,False,False,False
E02001963,E02001971,Whitmore Park,63.75,62.50878084126936,64.99121915873064,0.6332750809850205,False,False,False,False,False,Coundon,66.6,65.40495815972828,67.79504184027171,0.6097152246284252,False,False,False,False,False,-2.8499999999999943,2.8499999999999943,0.8790847418424889,3.242008266491613,True,False,False,False,False,False
E02001964,E02001965,Henley Green,55.900000000000006,54.99826556015643,56.80173443984358,0.46006859175692477,False,False,False,False,False,Walsgrave,65.44999999999999,64.44097819646946,66.45902180353052,0.5148070426176172,False,False,False,False,False,-9.549999999999983,9.549999999999983,0.6904269695267539,13.832020505435837,True,False,False,False,False,False
E02001964,E02001970,Henley Green,55.900000000000006,54.99826556015643,56.80173443984358,0.46006859175692477,False,False,False,False,False,Wyken Croft,64.15,62.92398001647608,65.37601998352393,0.6255203997571053,False,False,False,False,False,-8.25,8.25,0.7764913905726764,10.624715354429721,True,False,False,False,False,False
E02001964,E02006488,Henley Green,55.900000000000006,54.99826556015643,56.80173443984358,0.46006859175692477,False,False,False,False,False,Bulkington,67.4,66.26284345844559,68.53715654155442,0.5801819089563358,False,False,False,False,False,-11.5,11.5,0.7404553711071437,15.530983295866934,True,True,False,False,False,False
E02001964,E02007048,Henley Green,55.900000000000006,54.99826556015643,56.80173443984358,0.46006859175692477,False,False,False,False,False,Brinklow,69.5,68.52371879051167,70.47628120948833,0.4981026579022114,False,False,False,False,False,-13.599999999999994,13.599999999999994,0.6780629520409203,20.057134752849986,True,True,False,False,False,False
E02001965,E02001970,Walsgrave,65.44999999999999,64.44097819646946,66.45902180353052,0.5148070426176172,False,False,False,False,False,Wyken Croft,64.15,62.92398001647608,65.37601998352393,0.6255203997571053,False,False,False,False,False,1.299999999999983,1.299999999999983,0.8101247198061456,1.604691189167835,False,False,False,False,False,False
E02001965,E02001976,Walsgrave,65.44999999999999,64.44097819646946,66.45902180353052,0.5148070426176172,False,False,False,False,False,Clifford Park,62.75,61.578462548614006,63.921537451386,0.5977231894826519,False,False,False,False,False,2.6999999999999886,2.6999999999999886,0.7888594946972568,3.422662740512715,True,False,False,False,False,False
E02001965,E02007048,Walsgrave,65.44999999999999,64.44097819646946,66.45902180353052,0.5148070426176172,False,False,False,False,False,Brinklow,69.5,68.52371879051167,70.47628120948833,0.4981026579022114,False,False,False,False,False,-4.050000000000011,4.050000000000011,0.7163327082703571,5.653797395038769,True,False,False,False,False,False
E02001966,E02001968,Foleshill West,56.3,55.144307566867376,57.45569243313262,0.5896389964962354,False,False,False,False,False,Radford East,62.95,61.90686769774875,63.99313230225125,0.532210358291453,False,False,False,False,False,-6.650000000000006,6.650000000000006,0.7943059937214401,8.372088404927904,True,False,False,False,False,False
E02001966,E02001972,Foleshill West,56.3,55.144307566867376,57.45569243313262,0.5896389964962354,False,False,False,False,False,Foleshill East,56.55,55.70073561242685,57.39926438757315,0.43329815692507667,False,False,False,False,False,-0.25,0.25,0.7317249749624212,0.34165842161235394,False,False,False,False,False,False
E02001966,E02001977,Foleshill West,56.3,55.144307566867376,57.45569243313262,0.5896389964962354,False,False,False,False,False,Naul's Mill,56.650000000000006,55.65752833793604,57.64247166206397,0.506363092889777,False,False,False,False,False,-0.3500000000000085,0.3500000000000085,0.7772243743154151,0.45032041141052875,False,False,False,False,False,False
E02001967,E02001971,Brownshill Green,69.6,68.59097819646946,70.60902180353052,0.5148070426176172,False,False,False,False,False,Coundon,66.6,65.40495815972828,67.79504184027171,0.6097152246284252,False,False,False,False,False,3.0,3.0,0.7979843020212791,3.7594724512763684,True,False,False,False,False,False
E02001967,E02001974,Brownshill Green,69.6,68.59097819646946,70.60902180353052,0.5148070426176172,False,False,False,False,False,Sherbourne,68.55000000000001,67.6468804065906,69.45311959340943,0.46077530275990525,False,False,False,False,False,1.049999999999983,1.049999999999983,0.6908980899974898,1.5197610403059558,False,False,False,False,False,False
E02001967,E02001979,Brownshill Green,69.6,68.59097819646946,70.60902180353052,0.5148070426176172,False,False,False,False,False,Allesley Park,68.6,67.50170586817556,69.69829413182443,0.5603541488900161,False,False,False,False,False,1.0,1.0,0.7609356499119696,1.3141715730044807,False,False,False,False,False,False
E02001967,E02001980,Brownshill Green,69.6,68.59097819646946,70.60902180353052,0.5148070426176172,False,False,False,False,False,Allesley Green,69.69999999999999,68.2592970465776,71.14070295342238,0.7350525272563204,False,False,False,False,False,-0.09999999999999432,0.09999999999999432,0.8974009744560125,0.11143290774852616,False,False,False,False,False,False
E02001967,E02001982,Brownshill Green,69.6,68.59097819646946,70.60902180353052,0.5148070426176172,False,False,False,False,False,Eastern Green,68.5,67.55892348876407,69.44107651123593,0.480141077161191,False,False,False,False,False,1.0999999999999943,1.0999999999999943,0.7039614656401342,1.5625855301607026,False,False,False,False,False,False
E02001967,E02002097,Brownshill Green,69.6,68.59097819646946,70.60902180353052,0.5148070426176172,False,False,False,False,False,Meriden,70.5,69.37638974728779,71.62361025271221,0.5732705370980671,False,False,False,False,False,-0.9000000000000057,0.9000000000000057,0.7704968525785185,1.1680774515666046,False,False,False,False,False,False
E02001967,E02006474,Brownshill Green,69.6,68.59097819646946,70.60902180353052,0.5148070426176172,False,False,False,False,False,New Arley,66.75,65.80892348876407,67.69107651123593,0.480141077161191,False,False,False,False,False,2.8499999999999943,2.8499999999999943,0.7039614656401342,4.0485170554163785,True,False,False,False,False,False
E02001968,E02001969,Radford East,62.95,61.90686769774875,63.99313230225125,0.532210358291453,False,False,False,False,False,Radford West,58.55,57.5246951672795,59.57530483272049,0.5231147105716805,False,False,False,False,False,4.400000000000006,4.400000000000006,0.746255228383165,5.896106094335896,True,False,False,False,False,False
E02001968,E02001977,Radford East,62.95,61.90686769774875,63.99313230225125,0.532210358291453,False,False,False,False,False,Naul's Mill,56.650000000000006,55.65752833793604,57.64247166206397,0.506363092889777,False,False,False,False,False,6.299999999999997,6.299999999999997,0.7346097244888729,8.575982307317554,True,False,False,False,False,False
E02001968,E02006805,Radford East,62.95,61.90686769774875,63.99313230225125,0.532210358291453,False,False,False,False,False,Holbrooks,59.8,58.896880406590576,60.70311959340942,0.46077530275990886,False,False,False,False,False,3.1500000000000057,3.1500000000000057,0.7039614656401317,4.474676745460241,True,False,False,False,False,False
E02001969,E02001971,Radford West,58.55,57.5246951672795,59.57530483272049,0.5231147105716805,False,False,False,False,False,Coundon,66.6,65.40495815972828,67.79504184027171,0.6097152246284252,False,False,False,False,False,-8.049999999999997,8.049999999999997,0.803368941122436,10.020302737560216,True,False,False,False,False,False
E02001969,E02001974,Radford West,58.55,57.5246951672795,59.57530483272049,0.5231147105716805,False,False,False,False,False,Sherbourne,68.55000000000001,67.6468804065906,69.45311959340943,0.46077530275990525,False,False,False,False,False,-10.000000000000014,10.000000000000014,0.6971103786703906,14.344930596318433,True,True,False,False,False,False
E02001969,E02001977,Radford West,58.55,57.5246951672795,59.57530483272049,0.5231147105716805,False,False,False,False,False,Naul's Mill,56.650000000000006,55.65752833793604,57.64247166206397,0.506363092889777,False,False,False,False,False,1.8999999999999915,1.8999999999999915,0.728047101675018,2.609721260655611,True,False,False,False,False,False
E02001970,E02001973,Wyken Croft,64.15,62.92398001647608,65.37601998352393,0.6255203997571053,False,False,False,False,False,Stoke Heath (CV2),58.400000000000006,57.42628289529248,59.37371710470753,0.4967944411773087,False,False,False,False,False,5.75,5.75,0.7987994036658785,7.198302819971943,True,False,False,False,False,False
E02001970,E02001975,Wyken Croft,64.15,62.92398001647608,65.37601998352393,0.6255203997571053,False,False,False,False,False,Ravensdale,64.45,63.31862915010153,65.58137084989848,0.577230025458405,False,False,False,False,False,-0.29999999999999716,0.29999999999999716,0.8511581949338206,0.3524609194690569,False,False,False,False,False,False
E02001970,E02001976,Wyken Croft,64.15,62.92398001647608,65.37601998352393,0.6255203997571053,False,False,False,False,False,Clifford Park,62.75,61.578462548614006,63.921537451386,0.5977231894826519,False,False,False,False,False,1.4000000000000057,1.4000000000000057,0.8651871368424308,1.6181470347668563,False,False,False,False,False,False
E02001970,E02001978,Wyken Croft,64.15,62.92398001647608,65.37601998352393,0.6255203997571053,False,False,False,False,False,Barras Heath,64.05,62.90081550654388,65.19918449345612,0.5863186191102646,False,False,False,False,False,0.10000000000000853,0.10000000000000853,0.8573478253472486,0.11663877488638391,False,False,False,False,False,False
E02001971,E02001974,Coundon,66.6,65.40495815972828,67.79504184027171,0.6097152246284252,False,False,False,False,False,Sherbourne,68.55000000000001,67.6468804065906,69.45311959340943,0.46077530275990525,False,False,False,False,False,-1.950000000000017,1.950000000000017,0.7642424581094492,2.5515462786820886,True,False,False,False,False,False
E02001972,E02001973,Foleshill East,56.55,55.70073561242685,57.39926438757315,0.43329815692507667,False,False,False,False,False,Stoke Heath (CV2),58.400000000000006,57.42628289529248,59.37371710470753,0.4967944411773087,False,False,False,False,False,-1.8500000000000085,1.8500000000000085,0.6592055897664573,2.8064082415554528,True,False,False,False,False,False
E02001972,E02001977,Foleshill East,56.55,55.70073561242685,57.39926438757315,0.43329815692507667,False,False,False,False,False,Naul's Mill,56.650000000000006,55.65752833793604,57.64247166206397,0.506363092889777,False,False,False,False,False,-0.10000000000000853,0.10000000000000853,0.666446452939446,0.1500495644607994,False,False,False,False,False,False
E02001972,E02001981,Foleshill East,56.55,55.70073561242685,57.39926438757315,0.43329815692507667,False,False,False,False,False,Hillfields,56.9,56.03361382744183,57.76638617255817,0.4420337615092699,False,False,False,False,False,-0.3500000000000014,0.3500000000000014,0.6189839570689231,0.5654427647161611,False,False,False,False,False,False
E02001973,E02001978,Stoke Heath (CV2),58.400000000000006,57.42628289529248,59.37371710470753,0.4967944411773087,False,False,False,False,False,Barras Heath,64.05,62.90081550654388,65.19918449345612,0.5863186191102646,False,False,False,False,False,-5.6499999999999915,5.6499999999999915,0.7684882822138812,7.35209648704509,True,False,False,False,False,False
E02001973,E02001981,Stoke Heath (CV2),58.400000000000006,57.42628289529248,59.37371710470753,0.4967944411773087,False,False,False,False,False,Hillfields,56.9,56.03361382744183,57.76638617255817,0.4420337615092699,False,False,False,False,False,1.500000000000007,1.500000000000007,0.664980122333524,2.2557065235818805,True,False,False,False,False,False
E02001973,E02001985,Stoke Heath (CV2),58.400000000000006,57.42628289529248,59.37371710470753,0.4967944411773087,False,False,False,False,False,Lower Stoke,58.45,57.24739865291944,59.65260134708057,0.6135721158574301,True,False,False,False,False,-0.04999999999999716,0.04999999999999716,0.7894779655838648,0.06333298987390897,False,False,True,False,False,False
E02001974,E02001977,Sherbourne,68.55000000000001,67.6468804065906,69.45311959340943,0.46077530275990525,False,False,False,False,False,Naul's Mill,56.650000000000006,55.65752833793604,57.64247166206397,0.506363092889777,False,False,False,False,False,11.900000000000006,11.900000000000006,0.6846294336897759,17.38166578066262,True,True,False,False,False,False
E02001974,E02001979,Sherbourne,68.55000000000001,67.6468804065906,69.45311959340943,0.46077530275990525,False,False,False,False,False,Allesley Park,68.6,67.50170586817556,69.69829413182443,0.5603541488900161,False,False,False,False,False,-0.04999999999998295,0.04999999999998295,0.7254727092122326,0.06892058014735845,False,False,False,False,False,False
E02001974,E02001983,Sherbourne,68.55000000000001,67.6468804065906,69.45311959340943,0.46077530275990525,False,False,False,False,False,Whoberley,64.80000000000001,63.65081550654389,65.94918449345613,0.5863186191102646,False,False,False,False,False,3.75,3.75,0.7457099990940512,5.028764539238851,True,False,False,False,False,False
E02001974,E02001987,Sherbourne,68.55000000000001,67.6468804065906,69.45311959340943,0.46077530275990525,False,False,False,False,False,Chapelfields,62.2,60.92671684217532,63.47328315782469,0.6496342641962684,False,False,False,False,False,6.3500000000000085,6.3500000000000085,0.7964537380484251,7.972842233824663,True,False,False,False,False,False
E02001975,E02001976,Ravensdale,64.45,63.31862915010153,65.58137084989848,0.577230025458405,False,False,False,False,False,Clifford Park,62.75,61.578462548614006,63.921537451386,0.5977231894826519,False,False,False,False,False,1.7000000000000028,1.7000000000000028,0.8309437487195057,2.0458665254052675,True,False,False,False,False,False
E02001975,E02001978,Ravensdale,64.45,63.31862915010153,65.58137084989848,0.577230025458405,False,False,False,False,False,Barras Heath,64.05,62.90081550654388,65.19918449345612,0.5863186191102646,False,False,False,False,False,0.4000000000000057,0.4000000000000057,0.82277823586072,0.48615773068129353,False,False,False,False,False,False
E02001975,E02001984,Ravensdale,64.45,63.31862915010153,65.58137084989848,0.577230025458405,False,False,False,False,False,Copsewood,63.55,62.73682720163547,64.36317279836453,0.4148840807982295,False,False,False,False,False,0.9000000000000057,0.9000000000000057,0.710860958831263,1.26607037398665,False,False,False,False,False,False
E02001975,E02001990,Ravensdale,64.45,63.31862915010153,65.58137084989848,0.577230025458405,False,False,False,False,False,Binley,68.7,67.8996094703209,69.50039052967911,0.4083625151424011,False,False,False,False,False,-4.25,4.25,0.7070745689558765,6.010681456520058,True,False,False,False,False,False
E02001976,E02001990,Clifford Park,62.75,61.578462548614006,63.921537451386,0.5977231894826519,False,False,False,False,False,Binley,68.7,67.8996094703209,69.50039052967911,0.4083625151424011,False,False,False,False,False,-5.950000000000003,5.950000000000003,0.7239012052889137,8.219353630755897,True,False,False,False,False,False
E02001976,E02007048,Clifford Park,62.75,61.578462548614006,63.921537451386,0.5977231894826519,False,False,False,False,False,Brinklow,69.5,68.52371879051167,70.47628120948833,0.4981026579022114,False,False,False,False,False,-6.75,6.75,0.7780612244897965,8.675409836065567,True,False,False,False,False,False
E02001977,E02001981,Naul's Mill,56.650000000000006,55.65752833793604,57.64247166206397,0.506363092889777,False,False,False,False,False,Hillfields,56.9,56.03361382744183,57.76638617255817,0.4420337615092699,False,False,False,False,False,-0.2499999999999929,0.2499999999999929,0.6721587819518056,0.3719359275111251,False,False,False,False,False,False
E02001977,E02001987,Naul's Mill,56.650000000000006,55.65752833793604,57.64247166206397,0.506363092889777,False,False,False,False,False,Chapelfields,62.2,60.92671684217532,63.47328315782469,0.6496342641962684,False,False,False,False,False,-5.549999999999997,5.549999999999997,0.8236675658654575,6.738155331111539,True,False,False,False,False,False
E02001977,E02001988,Naul's Mill,56.650000000000006,55.65752833793604,57.64247166206397,0.506363092889777,False,False,False,False,False,Central Coventry,58.15,56.978462548614,59.32153745138599,0.5977231894826519,True,True,False,False,False,-1.499999999999993,1.499999999999993,0.7833751292236786,1.9147914505359476,False,False,True,True,False,False
E02001978,E02001984,Barras Heath,64.05,62.90081550654388,65.19918449345612,0.5863186191102646,False,False,False,False,False,Copsewood,63.55,62.73682720163547,64.36317279836453,0.4148840807982295,False,False,False,False,False,0.5,0.5,0.7182606237398508,0.6961261462400543,False,False,False,False,False,False
E02001978,E02001985,Barras Heath,64.05,62.90081550654388,65.19918449345612,0.5863186191102646,False,False,False,False,False,Lower Stoke,58.45,57.24739865291944,59.65260134708057,0.6135721158574301,True,False,False,False,False,5.599999999999994,5.599999999999994,0.8486697028132506,6.598562410601656,True,False,True,False,False,False
E02001979,E02001980,Allesley Park,68.6,67.50170586817556,69.69829413182443,0.5603541488900161,False,False,False,False,False,Allesley Green,69.69999999999999,68.2592970465776,71.14070295342238,0.7350525272563204,False,False,False,False,False,-1.0999999999999943,1.0999999999999943,0.9242829599230735,1.1901117381754451,False,False,False,False,False,False
E02001979,E02001983,Allesley Park,68.6,67.50170586817556,69.69829413182443,0.5603541488900161,False,False,False,False,False,Whoberley,64.80000000000001,63.65081550654389,65.94918449345613,0.5863186191102646,False,False,False,False,False,3.799999999999983,3.799999999999983,0.811027925100993,4.685412033780205,True,False,False,False,False,False
E02001980,E02001982,Allesley Green,69.69999999999999,68.2592970465776,71.14070295342238,0.7350525272563204,False,False,False,False,False,Eastern Green,68.5,67.55892348876407,69.44107651123593,0.480141077161191,False,False,False,False,False,1.1999999999999886,1.1999999999999886,0.877973616803724,1.3667836675646434,False,False,False,False,False,False
E02001980,E02001983,Allesley Green,69.69999999999999,68.2592970465776,71.14070295342238,0.7350525272563204,False,False,False,False,False,Whoberley,64.80000000000001,63.65081550654389,65.94918449345613,0.5863186191102646,False,False,False,False,False,4.899999999999977,4.899999999999977,0.9402508925501062,5.211375005144018,True,False,False,False,False,False
E02001980,E02001986,Allesley Green,69.69999999999999,68.2592970465776,71.14070295342238,0.7350525272563204,False,False,False,False,False,Tile Hill,58.55,57.506867697748746,59.59313230225125,0.5322103582914549,False,False,False,False,False,11.149999999999991,11.149999999999991,0.9074966023620267,12.286547377674847,True,True,False,False,False,False
E02001980,E02001989,Allesley Green,69.69999999999999,68.2592970465776,71.14070295342238,0.7350525272563204,False,False,False,False,False,Earl Place,65.80000000000001,64.61230264797804,66.98769735202198,0.6059680367459034,False,False,False,False,False,3.8999999999999773,3.8999999999999773,0.9526276709100929,4.09393944674535,True,False,False,False,False,False
E02001981,E02001985,Hillfields,56.9,56.03361382744183,57.76638617255817,0.4420337615092699,False,False,False,False,False,Lower Stoke,58.45,57.24739865291944,59.65260134708057,0.6135721158574301,True,False,False,False,False,-1.5500000000000043,1.5500000000000043,0.7562172886623247,2.049675434876402,True,False,True,False,False,False
E02001981,E02001988,Hillfields,56.9,56.03361382744183,57.76638617255817,0.4420337615092699,False,False,False,False,False,Central Coventry,58.15,56.978462548614,59.32153745138599,0.5977231894826519,True,True,False,False,False,-1.25,1.25,0.7434156694335601,1.681428104619355,False,False,True,True,False,False
E02001982,E02001986,Eastern Green,68.5,67.55892348876407,69.44107651123593,0.480141077161191,False,False,False,False,False,Tile Hill,58.55,57.506867697748746,59.59313230225125,0.5322103582914549,False,False,False,False,False,9.950000000000003,9.950000000000003,0.716786801950362,13.881393983435881,True,True,False,False,False,False
E02001982,E02001993,Eastern Green,68.5,67.55892348876407,69.44107651123593,0.480141077161191,False,False,False,False,False,Canley,61.75,60.55914946361855,62.940850536381454,0.6075768042762503,False,False,False,False,False,6.75,6.75,0.7743933284010457,8.71650071409743,True,False,False,False,False,False
E02001982,E02002097,Eastern Green,68.5,67.55892348876407,69.44107651123593,0.480141077161191,False,False,False,False,False,Meriden,70.5,69.37638974728779,71.62361025271221,0.5732705370980671,False,False,False,False,False,-2.0,2.0,0.7477797554642778,2.674584308260993,True,False,False,False,False,False
E02001982,E02002105,Eastern Green,68.5,67.55892348876407,69.44107651123593,0.480141077161191,False,False,False,False,False,Balsall Common,72.6,71.75073561242684,73.44926438757315,0.4332981569250803,False,False,False,False,False,-4.099999999999994,4.099999999999994,0.6467478231677167,6.339410591161386,True,False,False,False,False,False
E02001983,E02001987,Whoberley,64.80000000000001,63.65081550654389,65.94918449345613,0.5863186191102646,False,False,False,False,False,Chapelfields,62.2,60.92671684217532,63.47328315782469,0.6496342641962684,False,False,False,False,False,2.6000000000000085,2.6000000000000085,0.8750966805634647,2.9711002884000184,True,False,False,False,False,False
E02001983,E02001989,Whoberley,64.80000000000001,63.65081550654389,65.94918449345613,0.5863186191102646,False,False,False,False,False,Earl Place,65.80000000000001,64.61230264797804,66.98769735202198,0.6059680367459034,False,False,False,False,False,-1.0,1.0,0.8431884633182857,1.1859744807994619,False,False,False,False,False,False
E02001983,E02001991,Whoberley,64.80000000000001,63.65081550654389,65.94918449345613,0.5863186191102646,False,False,False,False,False,Earlsdon,69.7,68.79688040659057,70.60311959340943,0.4607753027599125,False,False,False,False,False,-4.8999999999999915,4.8999999999999915,0.7457099990940558,6.570918997938713,True,False,False,False,False,False
E02001984,E02001985,Copsewood,63.55,62.73682720163547,64.36317279836453,0.4148840807982295,False,False,False,False,False,Lower Stoke,58.45,57.24739865291944,59.65260134708057,0.6135721158574301,True,False,False,False,False,5.099999999999994,5.099999999999994,0.7406750582121391,6.885610556821649,True,False,True,False,False,False
E02001984,E02001990,Copsewood,63.55,62.73682720163547,64.36317279836453,0.4148840807982295,False,False,False,False,False,Binley,68.7,67.8996094703209,69.50039052967911,0.4083625151424011,False,False,False,False,False,-5.150000000000006,5.150000000000006,0.5821415156757157,8.846646152735195,True,False,False,False,False,False
E02001984,E02001992,Copsewood,63.55,62.73682720163547,64.36317279836453,0.4148840807982295,False,False,False,False,False,Ernesford Grange,58.85,57.96540969935229,59.73459030064771,0.4513215819631167,False,False,False,False,False,4.699999999999996,4.699999999999996,0.6130415735049966,7.666690487446507,True,False,False,False,False,False
E02001984,E02001995,Copsewood,63.55,62.73682720163547,64.36317279836453,0.4148840807982295,False,False,False,False,False,Whitley,62.8,61.91329260745159,63.686707392548406,0.45240173089204555,False,False,False,False,False,0.75,0.75,0.613837215077345,1.2218223033373727,False,False,False,False,False,False
E02001985,E02001988,Lower Stoke,58.45,57.24739865291944,59.65260134708057,0.6135721158574301,True,False,False,False,False,Central Coventry,58.15,56.978462548614,59.32153745138599,0.5977231894826519,True,True,False,False,False,0.30000000000000426,0.30000000000000426,0.8565884382847331,0.35022653422772815,False,False,True,True,False,False
E02001985,E02001995,Lower Stoke,58.45,57.24739865291944,59.65260134708057,0.6135721158574301,True,False,False,False,False,Whitley,62.8,61.91329260745159,63.686707392548406,0.45240173089204555,False,False,False,False,False,-4.349999999999994,4.349999999999994,0.7623241223206061,5.7062342285038445,True,False,True,False,False,False
E02001986,E02001989,Tile Hill,58.55,57.506867697748746,59.59313230225125,0.5322103582914549,False,False,False,False,False,Earl Place,65.80000000000001,64.61230264797804,66.98769735202198,0.6059680367459034,False,False,False,False,False,-7.250000000000014,7.250000000000014,0.8065017836498586,8.989440751376677,True,False,False,False,False,False
E02001986,E02001993,Tile Hill,58.55,57.506867697748746,59.59313230225125,0.5322103582914549,False,False,False,False,False,Canley,61.75,60.55914946361855,62.940850536381454,0.6075768042762503,False,False,False,False,False,-3.200000000000003,3.200000000000003,0.8077112346422203,3.9618119233137308,True,False,False,False,False,False
E02001987,E02001988,Chapelfields,62.2,60.92671684217532,63.47328315782469,0.6496342641962684,False,False,False,False,False,Central Coventry,58.15,56.978462548614,59.32153745138599,0.5977231894826519,True,True,False,False,False,4.050000000000004,4.050000000000004,0.8827783914795044,4.587787874159846,True,False,True,True,False,False
E02001987,E02001991,Chapelfields,62.2,60.92671684217532,63.47328315782469,0.6496342641962684,False,False,False,False,False,Earlsdon,69.7,68.79688040659057,70.60311959340943,0.4607753027599125,False,False,False,False,False,-7.5,7.5,0.7964537380484293,9.41674279585584,True,False,False,False,False,False
E02001988,E02001991,Central Coventry,58.15,56.978462548614,59.32153745138599,0.5977231894826519,True,True,False,False,False,Earlsdon,69.7,68.79688040659057,70.60311959340943,0.4607753027599125,False,False,False,False,False,-11.550000000000004,11.550000000000004,0.7547098057391353,15.303895500189448,True,True,True,True,False,False
E02001988,E02001994,Central Coventry,58.15,56.978462548614,59.32153745138599,0.5977231894826519,True,True,False,False,False,Cheylesmore Daventry Road,65.65,64.7654096993523,66.53459030064771,0.45132158196311306,False,False,False,False,False,-7.500000000000007,7.500000000000007,0.7489754212195492,10.013679738365555,True,False,True,True,False,False
E02001988,E02001995,Central Coventry,58.15,56.978462548614,59.32153745138599,0.5977231894826519,True,True,False,False,False,Whitley,62.8,61.91329260745159,63.686707392548406,0.45240173089204555,False,False,False,False,False,-4.649999999999999,4.649999999999999,0.7496267987201585,6.203086666510544,True,False,True,True,False,False
E02001989,E02001991,Earl Place,65.80000000000001,64.61230264797804,66.98769735202198,0.6059680367459034,False,False,False,False,False,Earlsdon,69.7,68.79688040659057,70.60311959340943,0.4607753027599125,False,False,False,False,False,-3.8999999999999915,3.8999999999999915,0.7612562913967763,5.123110369103357,True,False,False,False,False,False
E02001989,E02001993,Earl Place,65.80000000000001,64.61230264797804,66.98769735202198,0.6059680367459034,False,False,False,False,False,Canley,61.75,60.55914946361855,62.940850536381454,0.6075768042762503,False,False,False,False,False,4.050000000000011,4.050000000000011,0.8581065403854148,4.719693662025897,True,False,False,False,False,False
E02001990,E02001992,Binley,68.7,67.8996094703209,69.50039052967911,0.4083625151424011,False,False,False,False,False,Ernesford Grange,58.85,57.96540969935229,59.73459030064771,0.4513215819631167,False,False,False,False,False,9.850000000000001,9.850000000000001,0.608646953593886,16.183437609994712,True,True,False,False,False,False
E02001990,E02006495,Binley,68.7,67.8996094703209,69.50039052967911,0.4083625151424011,False,False,False,False,False,Wolston,69.15,68.03280485142479,70.26719514857523,0.5699975247832757,False,False,False,False,False,-0.45000000000000284,0.45000000000000284,0.701182659534938,0.6417728588702794,False,False,False,False,False,False
E02001990,E02007048,Binley,68.7,67.8996094703209,69.50039052967911,0.4083625151424011,False,False,False,False,False,Brinklow,69.5,68.52371879051167,70.47628120948833,0.4981026579022114,False,False,False,False,False,-0.7999999999999972,0.7999999999999972,0.6441010802526845,1.242041077909934,False,False,False,False,False,False
E02001991,E02001993,Earlsdon,69.7,68.79688040659057,70.60311959340943,0.4607753027599125,False,False,False,False,False,Canley,61.75,60.55914946361855,62.940850536381454,0.6075768042762503,False,False,False,False,False,7.950000000000003,7.950000000000003,0.7625375090630165,10.425716644114631,True,False,False,False,False,False
E02001991,E02001994,Earlsdon,69.7,68.79688040659057,70.60311959340943,0.4607753027599125,False,False,False,False,False,Cheylesmore Daventry Road,65.65,64.7654096993523,66.53459030064771,0.45132158196311306,False,False,False,False,False,4.049999999999997,4.049999999999997,0.6449845346821705,6.279220325795437,True,False,False,False,False,False
E02001991,E02001997,Earlsdon,69.7,68.79688040659057,70.60311959340943,0.4607753027599125,False,False,False,False,False,Stivichall,70.5,69.50941936219205,71.49058063780795,0.5053982845958938,False,False,False,False,False,-0.7999999999999972,0.7999999999999972,0.6839161540027849,1.169734031456639,False,False,False,False,False,False
E02001991,E02001998,Earlsdon,69.7,68.79688040659057,70.60311959340943,0.4607753027599125,False,False,False,False,False,Finham Park,70.4,69.16483806729644,71.63516193270357,0.6301846595426337,False,False,False,False,False,-0.7000000000000028,0.7000000000000028,0.780670599392826,0.8966649961513018,False,False,False,False,False,False
E02001991,E02001999,Earlsdon,69.7,68.79688040659057,70.60311959340943,0.4607753027599125,False,False,False,False,False,Cannon Park,69.35,68.23616652950273,70.46383347049726,0.56828238290677,True,False,False,False,False,0.3500000000000085,0.3500000000000085,0.731613795903061,0.47839447801553436,False,False,True,False,False,False
E02001992,E02001995,Ernesford Grange,58.85,57.96540969935229,59.73459030064771,0.4513215819631167,False,False,False,False,False,Whitley,62.8,61.91329260745159,63.686707392548406,0.45240173089204555,False,False,False,False,False,-3.9499999999999957,3.9499999999999957,0.6390293392793551,6.181249838159984,True,False,False,False,False,False
E02001992,E02001996,Ernesford Grange,58.85,57.96540969935229,59.73459030064771,0.4513215819631167,False,False,False,False,False,Willenhall,55.25,54.18875073616044,56.31124926383956,0.5414537060405901,False,False,False,False,False,3.6000000000000014,3.6000000000000014,0.7048852999820467,5.107213897199577,True,False,False,False,False,False
E02001992,E02006495,Ernesford Grange,58.85,57.96540969935229,59.73459030064771,0.4513215819631167,False,False,False,False,False,Wolston,69.15,68.03280485142479,70.26719514857523,0.5699975247832757,False,False,False,False,False,-10.300000000000004,10.300000000000004,0.727040816326533,14.16701754385961,True,True,False,False,False,False
E02001993,E02001999,Canley,61.75,60.55914946361855,62.940850536381454,0.6075768042762503,False,False,False,False,False,Cannon Park,69.35,68.23616652950273,70.46383347049726,0.56828238290677,True,False,False,False,False,-7.599999999999994,7.599999999999994,0.8319221356694013,9.135470345292228,True,False,True,False,False,False
E02001993,E02002105,Canley,61.75,60.55914946361855,62.940850536381454,0.6075768042762503,False,False,False,False,False,Balsall Common,72.6,71.75073561242684,73.44926438757315,0.4332981569250803,False,False,False,False,False,-10.849999999999994,10.849999999999994,0.7462552283831667,14.539261618987322,True,True,False,False,False,False
E02001993,E02006519,Canley,61.75,60.55914946361855,62.940850536381454,0.6075768042762503,False,False,False,False,False,Kenilworth West,71.4,70.151751226718,72.648248773282,0.6368616190214288,False,False,False,False,False,-9.650000000000006,9.650000000000006,0.8801944642390888,10.963486356781676,True,True,False,False,False,False
E02001993,E02006523,Canley,61.75,60.55914946361855,62.940850536381454,0.6075768042762503,False,False,False,False,False,Cubbington,70.65,69.8496094703209,71.45039052967911,0.4083625151424011,False,False,False,False,False,-8.900000000000006,8.900000000000006,0.7320584108306991,12.157499822863564,True,False,False,False,False,False
E02001994,E02001995,Cheylesmore Daventry Road,65.65,64.7654096993523,66.53459030064771,0.45132158196311306,False,False,False,False,False,Whitley,62.8,61.91329260745159,63.686707392548406,0.45240173089204555,False,False,False,False,False,2.8500000000000085,2.8500000000000085,0.6390293392793525,4.459889123735722,True,False,False,False,False,False
E02001994,E02001997,Cheylesmore Daventry Road,65.65,64.7654096993523,66.53459030064771,0.45132158196311306,False,False,False,False,False,Stivichall,70.5,69.50941936219205,71.49058063780795,0.5053982845958938,False,False,False,False,False,-4.849999999999994,4.849999999999994,0.6775829074129298,7.157795668898606,True,False,False,False,False,False
E02001995,E02001996,Whitley,62.8,61.91329260745159,63.686707392548406,0.45240173089204555,False,False,False,False,False,Willenhall,55.25,54.18875073616044,56.31124926383956,0.5414537060405901,False,False,False,False,False,7.549999999999997,7.549999999999997,0.7055773819356801,10.700456382668243,True,False,False,False,False,False
E02001995,E02001997,Whitley,62.8,61.91329260745159,63.686707392548406,0.45240173089204555,False,False,False,False,False,Stivichall,70.5,69.50941936219205,71.49058063780795,0.5053982845958938,False,False,False,False,False,-7.700000000000003,7.700000000000003,0.6783028469545082,11.351861538797905,True,False,False,False,False,False
E02001995,E02006495,Whitley,62.8,61.91329260745159,63.686707392548406,0.45240173089204555,False,False,False,False,False,Wolston,69.15,68.03280485142479,70.26719514857523,0.5699975247832757,False,False,False,False,False,-6.3500000000000085,6.3500000000000085,0.7277118278365274,8.725981572786072,True,False,False,False,False,False
E02001995,E02006523,Whitley,62.8,61.91329260745159,63.686707392548406,0.45240173089204555,False,False,False,False,False,Cubbington,70.65,69.8496094703209,71.45039052967911,0.4083625151424011,False,False,False,False,False,-7.8500000000000085,7.8500000000000085,0.6094483324183819,12.880501237652153,True,False,False,False,False,False
E02001996,E02006495,Willenhall,55.25,54.18875073616044,56.31124926383956,0.5414537060405901,False,False,False,False,False,Wolston,69.15,68.03280485142479,70.26719514857523,0.5699975247832757,False,False,False,False,False,-13.900000000000006,13.900000000000006,0.7861738319507657,17.680568132761884,True,True,False,False,False,False
E02001997,E02001998,Stivichall,70.5,69.50941936219205,71.49058063780795,0.5053982845958938,False,False,False,False,False,Finham Park,70.4,69.16483806729644,71.63516193270357,0.6301846595426337,False,False,False,False,False,0.09999999999999432,0.09999999999999432,0.8078119404882161,0.12379118825547127,False,False,False,False,False,False
E02001997,E02006523,Stivichall,70.5,69.50941936219205,71.49058063780795,0.5053982845958938,False,False,False,False,False,Cubbington,70.65,69.8496094703209,71.45039052967911,0.4083625151424011,False,False,False,False,False,-0.15000000000000568,0.15000000000000568,0.6497594707627583,0.2308546573763971,False,False,False,False,False,False
E02001998,E02001999,Finham Park,70.4,69.16483806729644,71.63516193270357,0.6301846595426337,False,False,False,False,False,Cannon Park,69.35,68.23616652950273,70.46383347049726,0.56828238290677,True,False,False,False,False,1.0500000000000114,1.0500000000000114,0.8485738458408095,1.2373702125589539,False,False,True,False,False,False
E02001998,E02006523,Finham Park,70.4,69.16483806729644,71.63516193270357,0.6301846595426337,False,False,False,False,False,Cubbington,70.65,69.8496094703209,71.45039052967911,0.4083625151424011,False,False,False,False,False,-0.25,0.25,0.750927858649746,0.3329214612566493,False,False,False,False,False,False
E02001999,E02006523,Cannon Park,69.35,68.23616652950273,70.46383347049726,0.56828238290677,True,False,False,False,False,Cubbington,70.65,69.8496094703209,71.45039052967911,0.4083625151424011,False,False,False,False,False,-1.3000000000000114,1.3000000000000114,0.6997891185890394,1.8577025070369149,False,False,True,False,False,False
E02002000,E02002003,Coseley Wallbrook,61.5,60.56291675930044,62.437083240699565,0.4781036942344699,False,False,False,False,False,West Coseley,63.05,62.13076118445749,63.96923881554251,0.4689993956849541,False,False,False,False,False,-1.5499999999999972,1.5499999999999972,0.6697339588176037,2.3143518102866967,True,False,False,False,False,False
E02002000,E02002005,Coseley Wallbrook,61.5,60.56291675930044,62.437083240699565,0.4781036942344699,False,False,False,False,False,Dudley Priory,58.05,57.10494709142821,58.995052908571786,0.4821698513121372,False,False,False,False,False,3.450000000000003,3.450000000000003,0.6790220231737819,5.080836677247279,True,False,False,False,False,False
E02002000,E02002049,Coseley Wallbrook,61.5,60.56291675930044,62.437083240699565,0.4781036942344699,False,False,False,False,False,Princes End,62.0,61.04279051404617,62.95720948595383,0.488372186711139,False,False,False,True,False,-0.5,0.5,0.6834402206438155,0.7315928809823179,False,False,False,False,False,True
E02002000,E02002056,Coseley Wallbrook,61.5,60.56291675930044,62.437083240699565,0.4781036942344699,False,False,False,False,False,Tibbington,55.650000000000006,54.80147186257615,56.49852813742386,0.43292251909380375,False,False,False,False,False,5.849999999999994,5.849999999999994,0.6449845346821677,9.06998491503789,True,False,False,False,False,False
E02002000,E02002057,Coseley Wallbrook,61.5,60.56291675930044,62.437083240699565,0.4781036942344699,False,False,False,False,False,Tipton,56.9,56.05073561242685,57.74926438757315,0.43329815692507667,False,False,False,False,False,4.600000000000001,4.600000000000001,0.6452367280582498,7.129166397336155,True,False,False,False,False,False
E02002000,E02002177,Coseley Wallbrook,61.5,60.56291675930044,62.437083240699565,0.4781036942344699,False,False,False,False,False,Ettingshall,59.55,58.75430847685802,60.34569152314197,0.40596506282753864,False,False,False,False,False,1.9500000000000028,1.9500000000000028,0.6272087169971531,3.1090129125371417,True,False,False,False,False,False
E02002000,E02002181,Coseley Wallbrook,61.5,60.56291675930044,62.437083240699565,0.4781036942344699,False,False,False,False,False,Bradley,58.35,57.39540584539816,59.30459415460183,0.4870378339805283,False,False,False,False,False,3.1499999999999986,3.1499999999999986,0.6824873582485556,4.61547010641155,True,False,False,False,False,False
E02002000,E02002182,Coseley Wallbrook,61.5,60.56291675930044,62.437083240699565,0.4781036942344699,False,False,False,False,False,Woodcross,59.650000000000006,58.62469516727951,60.6753048327205,0.5231147105716805,False,False,False,False,False,1.8499999999999943,1.8499999999999943,0.7086833868922995,2.6104746269170604,True,False,False,False,False,False
E02002001,E02002002,Sedgley East,64.0,62.921517269493854,65.07848273050615,0.5502462910745659,False,False,False,False,False,Sedgley West,69.15,68.16005050633883,70.13994949366118,0.505076272276108,False,False,False,False,False,-5.150000000000006,5.150000000000006,0.7469089781610909,6.895083806167972,True,False,False,False,False,False
E02002001,E02002003,Sedgley East,64.0,62.921517269493854,65.07848273050615,0.5502462910745659,False,False,False,False,False,West Coseley,63.05,62.13076118445749,63.96923881554251,0.4689993956849541,False,False,False,False,False,0.9500000000000028,0.9500000000000028,0.7230016694269579,1.3139665372459803,False,False,False,False,False,False
E02002001,E02002004,Sedgley East,64.0,62.921517269493854,65.07848273050615,0.5502462910745659,False,False,False,False,False,Woodsetton,61.0,59.99221778146268,62.00778221853732,0.5141746012945522,False,False,False,False,False,3.0,3.0,0.7530912968941599,3.9835807588965175,True,False,False,False,False,False
E02002001,E02002180,Sedgley East,64.0,62.921517269493854,65.07848273050615,0.5502462910745659,False,False,False,False,False,Ettingshall Park,62.150000000000006,61.05426964995945,63.24573035004056,0.5590460969594665,False,False,False,False,False,1.8499999999999943,1.8499999999999943,0.7844128500776419,2.3584519297674427,True,False,False,False,False,False
E02002001,E02002182,Sedgley East,64.0,62.921517269493854,65.07848273050615,0.5502462910745659,False,False,False,False,False,Woodcross,59.650000000000006,58.62469516727951,60.6753048327205,0.5231147105716805,False,False,False,False,False,4.349999999999994,4.349999999999994,0.7592232749710779,5.729539838153282,True,False,False,False,False,False
E02002002,E02002004,Sedgley West,69.15,68.16005050633883,70.13994949366118,0.505076272276108,False,False,False,False,False,Woodsetton,61.0,59.99221778146268,62.00778221853732,0.5141746012945522,False,False,False,False,False,8.150000000000006,8.150000000000006,0.7207479180911596,11.30769828872291,True,False,False,False,False,False
E02002002,E02002006,Sedgley West,69.15,68.16005050633883,70.13994949366118,0.505076272276108,False,False,False,False,False,Upper Gornal,61.25,60.15170586817556,62.34829413182444,0.5603541488900197,False,False,False,False,False,7.900000000000006,7.900000000000006,0.7543863817663914,10.472087236652126,True,False,False,False,False,False
E02002002,E02002007,Sedgley West,69.15,68.16005050633883,70.13994949366118,0.505076272276108,False,False,False,False,False,Lower Gornal,65.15,64.21291675930044,66.08708324069957,0.47810369423447174,False,False,False,False,False,4.0,4.0,0.6954747898069191,5.751466564460946,True,False,False,False,False,False
E02002002,E02002178,Sedgley West,69.15,68.16005050633883,70.13994949366118,0.505076272276108,False,False,False,False,False,Goldthorn Park,64.2,63.17408577356584,65.22591422643417,0.5234256257317164,False,False,False,False,False,4.950000000000003,4.950000000000003,0.7273763994583328,6.80527991241701,True,False,False,False,False,False
E02002002,E02006185,Sedgley West,69.15,68.16005050633883,70.13994949366118,0.505076272276108,False,False,False,False,False,Wombourne Inner,66.0,65.02371879051167,66.97628120948833,0.4981026579022114,False,False,False,False,False,3.1500000000000057,3.1500000000000057,0.7093717633410401,4.44054889521392,True,False,False,False,False,False
E02002002,E02006186,Sedgley West,69.15,68.16005050633883,70.13994949366118,0.505076272276108,False,False,False,False,False,Wombourne Outer,70.0,69.2893664798224,70.7106335201776,0.3625681225395892,False,False,False,False,False,-0.8499999999999943,0.8499999999999943,0.6217376330078562,1.3671361598104417,False,False,False,False,False,False
E02002003,E02002004,West Coseley,63.05,62.13076118445749,63.96923881554251,0.4689993956849541,False,False,False,False,False,Woodsetton,61.0,59.99221778146268,62.00778221853732,0.5141746012945522,False,False,False,False,False,2.049999999999997,2.049999999999997,0.6959424931481507,2.9456456821980517,True,False,False,False,False,False
E02002003,E02002005,West Coseley,63.05,62.13076118445749,63.96923881554251,0.4689993956849541,False,False,False,False,False,Dudley Priory,58.05,57.10494709142821,58.995052908571786,0.4821698513121372,False,False,False,False,False,5.0,5.0,0.6726426976242443,7.433366953450715,True,False,False,False,False,False
E02002003,E02002182,West Coseley,63.05,62.13076118445749,63.96923881554251,0.4689993956849541,False,False,False,False,False,Woodcross,59.650000000000006,58.62469516727951,60.6753048327205,0.5231147105716805,False,False,False,False,False,3.3999999999999915,3.3999999999999915,0.7025734364245101,4.839351765564956,True,False,False,False,False,False
E02002004,E02002005,Woodsetton,61.0,59.99221778146268,62.00778221853732,0.5141746012945522,False,False,False,False,False,Dudley Priory,58.05,57.10494709142821,58.995052908571786,0.4821698513121372,False,False,False,False,False,2.950000000000003,2.950000000000003,0.7048852999820469,4.185078054649654,True,False,False,False,False,False
E02002004,E02002006,Woodsetton,61.0,59.99221778146268,62.00778221853732,0.5141746012945522,False,False,False,False,False,Upper Gornal,61.25,60.15170586817556,62.34829413182444,0.5603541488900197,False,False,False,False,False,-0.25,0.25,0.7605079176410131,0.3287276755453964,False,False,False,False,False,False
E02002004,E02002008,Woodsetton,61.0,59.99221778146268,62.00778221853732,0.5141746012945522,False,False,False,False,False,Dibdale,66.9,66.01329260745159,67.78670739254842,0.45240173089204916,False,False,False,False,False,-5.900000000000006,5.900000000000006,0.6848670285030035,8.614810984398456,True,False,False,False,False,False
E02002005,E02002008,Dudley Priory,58.05,57.10494709142821,58.995052908571786,0.4821698513121372,False,False,False,False,False,Dibdale,66.9,66.01329260745159,67.78670739254842,0.45240173089204916,False,False,False,False,False,-8.850000000000009,8.850000000000009,0.6611770501374731,13.385219584012937,True,False,False,False,False,False
E02002005,E02002009,Dudley Priory,58.05,57.10494709142821,58.995052908571786,0.4821698513121372,False,False,False,False,False,Kates Hill,58.6,57.50341439002693,59.69658560997307,0.5594824540678922,False,False,False,False,False,-0.5500000000000043,0.5500000000000043,0.7385853924389513,0.7446667719541519,False,False,False,False,False,False
E02002005,E02002010,Dudley Priory,58.05,57.10494709142821,58.995052908571786,0.4821698513121372,False,False,False,False,False,New Dock,57.900000000000006,56.99688040659058,58.80311959340943,0.4607753027599107,False,False,False,False,False,0.14999999999999147,0.14999999999999147,0.6669345133878256,0.2249096380363296,False,False,False,False,False,False
E02002005,E02002057,Dudley Priory,58.05,57.10494709142821,58.995052908571786,0.4821698513121372,False,False,False,False,False,Tipton,56.9,56.05073561242685,57.74926438757315,0.43329815692507667,False,False,False,False,False,1.1499999999999986,1.1499999999999986,0.648255395896584,1.7739921754287375,False,False,False,False,False,False
E02002005,E02002058,Dudley Priory,58.05,57.10494709142821,58.995052908571786,0.4821698513121372,False,False,False,False,False,Great Bridge,59.55,58.84200988707468,60.25799011292531,0.3612194453700591,False,False,False,False,False,-1.5,1.5,0.6024676366642624,2.489760293690109,True,False,False,False,False,False
E02002005,E02002063,Dudley Priory,58.05,57.10494709142821,58.995052908571786,0.4821698513121372,False,False,False,False,False,North Tividale,61.1,60.215409699352286,61.9845903006477,0.4513215819631167,False,False,False,False,False,-3.0500000000000043,3.0500000000000043,0.660438442142838,4.618144258992661,True,False,False,False,False,False
E02002006,E02002007,Upper Gornal,61.25,60.15170586817556,62.34829413182444,0.5603541488900197,False,False,False,False,False,Lower Gornal,65.15,64.21291675930044,66.08708324069957,0.47810369423447174,False,False,False,False,False,-3.9000000000000057,3.9000000000000057,0.736600240713311,5.294595065870889,True,False,False,False,False,False
E02002006,E02002008,Upper Gornal,61.25,60.15170586817556,62.34829413182444,0.5603541488900197,False,False,False,False,False,Dibdale,66.9,66.01329260745159,67.78670739254842,0.45240173089204916,False,False,False,False,False,-5.650000000000006,5.650000000000006,0.7201833782394456,7.8452241064101615,True,False,False,False,False,False
E02002007,E02002008,Lower Gornal,65.15,64.21291675930044,66.08708324069957,0.47810369423447174,False,False,False,False,False,Dibdale,66.9,66.01329260745159,67.78670739254842,0.45240173089204916,False,False,False,False,False,-1.75,1.75,0.658217645277587,2.658695057106804,True,False,False,False,False,False
E02002007,E02002011,Lower Gornal,65.15,64.21291675930044,66.08708324069957,0.47810369423447174,False,False,False,False,False,Kingswinford North,68.75,67.60081550654388,69.89918449345612,0.5863186191102646,False,False,False,False,False,-3.5999999999999943,3.5999999999999943,0.7565399299151478,4.75850626999128,True,False,False,False,False,False
E02002007,E02002015,Lower Gornal,65.15,64.21291675930044,66.08708324069957,0.47810369423447174,False,False,False,False,False,Pensett,64.15,62.92908845529253,65.37091154470748,0.6229140534221819,False,False,False,False,False,1.0,1.0,0.7852420393684371,1.273492693799597,False,False,False,False,False,False
E02002007,E02006186,Lower Gornal,65.15,64.21291675930044,66.08708324069957,0.47810369423447174,False,False,False,False,False,Wombourne Outer,70.0,69.2893664798224,70.7106335201776,0.3625681225395892,False,False,False,False,False,-4.849999999999994,4.849999999999994,0.6000323207315851,8.082897924709567,True,False,False,False,False,False
E02002008,E02002010,Dibdale,66.9,66.01329260745159,67.78670739254842,0.45240173089204916,False,False,False,False,False,New Dock,57.900000000000006,56.99688040659058,58.80311959340943,0.4607753027599107,False,False,False,False,False,9.0,9.0,0.645740819328939,13.937480380058519,True,False,False,False,False,False
E02002008,E02002012,Dibdale,66.9,66.01329260745159,67.78670739254842,0.45240173089204916,False,False,False,False,False,Russell's Hall,56.65,55.730081525351295,57.5699184746487,0.4693461605350528,False,False,False,False,False,10.250000000000007,10.250000000000007,0.651884303019422,15.72364904711415,True,True,False,False,False,False
E02002008,E02002015,Dibdale,66.9,66.01329260745159,67.78670739254842,0.45240173089204916,False,False,False,False,False,Pensett,64.15,62.92908845529253,65.37091154470748,0.6229140534221819,False,False,False,False,False,2.75,2.75,0.7698631333327859,3.572063501852696,True,False,False,False,False,False
E02002009,E02002010,Kates Hill,58.6,57.50341439002693,59.69658560997307,0.5594824540678922,False,False,False,False,False,New Dock,57.900000000000006,56.99688040659058,58.80311959340943,0.4607753027599107,False,False,False,False,False,0.6999999999999957,0.6999999999999957,0.7247996247538477,0.9657841644685257,False,False,False,False,False,False
E02002009,E02002014,Kates Hill,58.6,57.50341439002693,59.69658560997307,0.5594824540678922,False,False,False,False,False,Dixons Green,58.55,57.459988532170414,59.64001146782958,0.5561282999130529,False,False,False,False,False,0.05000000000000426,0.05000000000000426,0.7888594946972582,0.06338264334283361,False,False,False,False,False,False
E02002009,E02002063,Kates Hill,58.6,57.50341439002693,59.69658560997307,0.5594824540678922,False,False,False,False,False,North Tividale,61.1,60.215409699352286,61.9845903006477,0.4513215819631167,False,False,False,False,False,-2.5,2.5,0.7188266736533373,3.477889860839603,True,False,False,False,False,False
E02002009,E02002064,Kates Hill,58.6,57.50341439002693,59.69658560997307,0.5594824540678922,False,False,False,False,False,Tividale,61.25,60.436827201635474,62.063172798364526,0.4148840807982277,False,False,False,False,False,-2.6499999999999986,2.6499999999999986,0.6965266806875537,3.8045922338310674,True,False,False,False,False,False
E02002009,E02002067,Kates Hill,58.6,57.50341439002693,59.69658560997307,0.5594824540678922,False,False,False,False,False,Rowley West,64.35,63.23504484395111,65.46495515604889,0.5688546714535151,False,False,False,False,False,-5.749999999999993,5.749999999999993,0.7978823557670126,7.206576205676911,True,False,False,False,False,False
E02002010,E02002012,New Dock,57.900000000000006,56.99688040659058,58.80311959340943,0.4607753027599107,False,False,False,False,False,Russell's Hall,56.65,55.730081525351295,57.5699184746487,0.4693461605350528,False,False,False,False,False,1.250000000000007,1.250000000000007,0.6577231165486606,1.9004957687351223,False,False,False,False,False,False
E02002010,E02002014,New Dock,57.900000000000006,56.99688040659058,58.80311959340943,0.4607753027599107,False,False,False,False,False,Dixons Green,58.55,57.459988532170414,59.64001146782958,0.5561282999130529,False,False,False,False,False,-0.6499999999999915,0.6499999999999915,0.7222136564740865,0.9000106743665736,False,False,False,False,False,False
E02002010,E02002016,New Dock,57.900000000000006,56.99688040659058,58.80311959340943,0.4607753027599107,False,False,False,False,False,Brockmoor,56.650000000000006,55.65941936219206,57.64058063780795,0.5053982845958902,False,False,False,False,False,1.25,1.25,0.683916154002781,1.8277094241510152,False,False,False,False,False,False
E02002010,E02002017,New Dock,57.900000000000006,56.99688040659058,58.80311959340943,0.4607753027599107,False,False,False,False,False,Netherton,58.75,57.794751341272864,59.705248658727136,0.48737176465670207,False,False,False,False,False,-0.8499999999999943,0.8499999999999943,0.6707049400579029,1.2673233030408462,False,False,False,False,False,False
E02002011,E02002013,Kingswinford North,68.75,67.60081550654388,69.89918449345612,0.5863186191102646,False,False,False,False,False,Wall Heath,68.1,67.11005050633882,69.08994949366117,0.505076272276108,False,False,False,False,False,0.6500000000000057,0.6500000000000057,0.7738679240876293,0.8399366090361469,False,False,False,False,False,False
E02002011,E02002015,Kingswinford North,68.75,67.60081550654388,69.89918449345612,0.5863186191102646,False,False,False,False,False,Pensett,64.15,62.92908845529253,65.37091154470748,0.6229140534221819,False,False,False,False,False,4.599999999999994,4.599999999999994,0.8554480937299588,5.377298790792661,True,False,False,False,False,False
E02002011,E02006186,Kingswinford North,68.75,67.60081550654388,69.89918449345612,0.5863186191102646,False,False,False,False,False,Wombourne Outer,70.0,69.2893664798224,70.7106335201776,0.3625681225395892,False,False,False,False,False,-1.25,1.25,0.6893657712689615,1.8132609016821966,False,False,False,False,False,False
E02002012,E02002015,Russell's Hall,56.65,55.730081525351295,57.5699184746487,0.4693461605350528,False,False,False,False,False,Pensett,64.15,62.92908845529253,65.37091154470748,0.6229140534221819,False,False,False,False,False,-7.500000000000007,7.500000000000007,0.7799408543984911,9.616113783120369,True,False,False,False,False,False
E02002012,E02002016,Russell's Hall,56.65,55.730081525351295,57.5699184746487,0.4693461605350528,False,False,False,False,False,Brockmoor,56.650000000000006,55.65941936219206,57.64058063780795,0.5053982845958902,False,False,False,False,False,-7.105427357601002e-15,7.105427357601002e-15,0.6897196854385584,1.030190598820304e-14,False,False,False,False,False,False
E02002013,E02002015,Wall Heath,68.1,67.11005050633882,69.08994949366117,0.505076272276108,False,False,False,False,False,Pensett,64.15,62.92908845529253,65.37091154470748,0.6229140534221819,False,False,False,False,False,3.9499999999999886,3.9499999999999886,0.8019500974294984,4.925493509709616,True,False,False,False,False,False
E02002013,E02002018,Wall Heath,68.1,67.11005050633882,69.08994949366117,0.505076272276108,False,False,False,False,False,Kingswinford South,68.44999999999999,67.49279051404616,69.40720948595381,0.4883721867111354,False,False,False,False,False,-0.3499999999999943,0.3499999999999943,0.7025734364245102,0.498168564102268,False,False,False,False,False,False
E02002013,E02006186,Wall Heath,68.1,67.11005050633882,69.08994949366117,0.505076272276108,False,False,False,False,False,Wombourne Outer,70.0,69.2893664798224,70.7106335201776,0.3625681225395892,False,False,False,False,False,-1.9000000000000057,1.9000000000000057,0.6217376330078562,3.0559514160468995,True,False,False,False,False,False
E02002013,E02006187,Wall Heath,68.1,67.11005050633882,69.08994949366117,0.505076272276108,False,False,False,False,False,Kinver,69.85,68.79970242312,70.90029757687999,0.5358661106530604,False,False,False,False,False,-1.75,1.75,0.736379337952096,2.3764925355820394,True,False,False,False,False,False
E02002014,E02002017,Dixons Green,58.55,57.459988532170414,59.64001146782958,0.5561282999130529,False,False,False,False,False,Netherton,58.75,57.794751341272864,59.705248658727136,0.48737176465670207,False,False,False,False,False,-0.20000000000000284,0.20000000000000284,0.7394659714610067,0.2704654544209127,False,False,False,False,False,False
E02002014,E02002067,Dixons Green,58.55,57.459988532170414,59.64001146782958,0.5561282999130529,False,False,False,False,False,Rowley West,64.35,63.23504484395111,65.46495515604889,0.5688546714535151,False,False,False,False,False,-5.799999999999997,5.799999999999997,0.7955339861996275,7.290700461092021,True,False,False,False,False,False
E02002015,E02002016,Pensett,64.15,62.92908845529253,65.37091154470748,0.6229140534221819,False,False,False,False,False,Brockmoor,56.650000000000006,55.65941936219206,57.64058063780795,0.5053982845958902,False,False,False,False,False,7.5,7.5,0.8021529430372498,9.34983791445333,True,False,False,False,False,False
E02002015,E02002018,Pensett,64.15,62.92908845529253,65.37091154470748,0.6229140534221819,False,False,False,False,False,Kingswinford South,68.44999999999999,67.49279051404616,69.40720948595381,0.4883721867111354,False,False,False,False,False,-4.299999999999983,4.299999999999983,0.7915360451071505,5.432475282181104,True,False,False,False,False,False
E02002016,E02002017,Brockmoor,56.650000000000006,55.65941936219206,57.64058063780795,0.5053982845958902,False,False,False,False,False,Netherton,58.75,57.794751341272864,59.705248658727136,0.48737176465670207,False,False,False,False,False,-2.0999999999999943,2.0999999999999943,0.7021101502307571,2.9909836787145205,True,False,False,False,False,False
E02002016,E02002018,Brockmoor,56.650000000000006,55.65941936219206,57.64058063780795,0.5053982845958902,False,False,False,False,False,Kingswinford South,68.44999999999999,67.49279051404616,69.40720948595381,0.4883721867111354,False,False,False,False,False,-11.799999999999983,11.799999999999983,0.7028049649977471,16.789864311840496,True,True,False,False,False,False
E02002016,E02002019,Brockmoor,56.650000000000006,55.65941936219206,57.64058063780795,0.5053982845958902,False,False,False,False,False,Dudley Wood,59.8,58.721517269493845,60.87848273050615,0.5502462910745677,False,False,False,False,False,-3.1499999999999915,3.1499999999999915,0.7471267676330345,4.21615197910721,True,False,False,False,False,False
E02002016,E02002020,Brockmoor,56.650000000000006,55.65941936219206,57.64058063780795,0.5053982845958902,False,False,False,False,False,Wordsley,66.55,65.62804555427071,67.47195444572928,0.47038492129045106,False,False,False,False,False,-9.899999999999991,9.899999999999991,0.6904269695267503,14.338953194116819,True,True,False,False,False,False
E02002016,E02002021,Brockmoor,56.650000000000006,55.65941936219206,57.64058063780795,0.5053982845958902,False,False,False,False,False,Brierley Hill,56.75,55.77756748306116,57.72243251693884,0.49613903925450914,False,False,False,False,False,-0.09999999999999432,0.09999999999999432,0.7082240975460068,0.14119824550801624,False,False,False,False,False,False
E02002017,E02002019,Netherton,58.75,57.794751341272864,59.705248658727136,0.48737176465670207,False,False,False,False,False,Dudley Wood,59.8,58.721517269493845,60.87848273050615,0.5502462910745677,False,False,False,False,False,-1.0499999999999972,1.0499999999999972,0.7350525272563218,1.4284693420744465,False,False,False,False,False,False
E02002017,E02002067,Netherton,58.75,57.794751341272864,59.705248658727136,0.48737176465670207,False,False,False,False,False,Rowley West,64.35,63.23504484395111,65.46495515604889,0.5688546714535151,False,False,False,False,False,-5.599999999999994,5.599999999999994,0.7490840234707148,7.475796872630704,True,False,False,False,False,False
E02002017,E02002077,Netherton,58.75,57.794751341272864,59.705248658727136,0.48737176465670207,False,False,False,False,False,Old Hill,59.3,58.45147186257614,60.14852813742385,0.43292251909380375,False,False,False,False,False,-0.5499999999999972,0.5499999999999972,0.6518843030194181,0.8437079976500277,False,False,False,False,False,False
E02002018,E02002020,Kingswinford South,68.44999999999999,67.49279051404616,69.40720948595381,0.4883721867111354,False,False,False,False,False,Wordsley,66.55,65.62804555427071,67.47195444572928,0.47038492129045106,False,False,False,False,False,1.8999999999999915,1.8999999999999915,0.6780629520409148,2.802099708118759,True,False,False,False,False,False
E02002018,E02006187,Kingswinford South,68.44999999999999,67.49279051404616,69.40720948595381,0.4883721867111354,False,False,False,False,False,Kinver,69.85,68.79970242312,70.90029757687999,0.5358661106530604,False,False,False,False,False,-1.4000000000000057,1.4000000000000057,0.7250240556695027,1.9309704127088803,False,False,False,False,False,False
E02002019,E02002021,Dudley Wood,59.8,58.721517269493845,60.87848273050615,0.5502462910745677,False,False,False,False,False,Brierley Hill,56.75,55.77756748306116,57.72243251693884,0.49613903925450914,False,False,False,False,False,3.049999999999997,3.049999999999997,0.7408946801764102,4.116644486195769,True,False,False,False,False,False
E02002019,E02002024,Dudley Wood,59.8,58.721517269493845,60.87848273050615,0.5502462910745677,False,False,False,False,False,Quarry Bank,62.5,61.58076118445749,63.41923881554251,0.4689993956849559,False,False,False,False,False,-2.700000000000003,2.700000000000003,0.7230016694269603,3.734431211120135,True,False,False,False,False,False
E02002019,E02002077,Dudley Wood,59.8,58.721517269493845,60.87848273050615,0.5502462910745677,False,False,False,False,False,Old Hill,59.3,58.45147186257614,60.14852813742385,0.43292251909380375,False,False,False,False,False,0.5,0.5,0.7001377638578302,0.7141451665811442,False,False,False,False,False,False
E02002019,E02002080,Dudley Wood,59.8,58.721517269493845,60.87848273050615,0.5502462910745677,False,False,False,False,False,Cradley Heath,60.15,59.07995327204837,61.22004672795163,0.5459422081385873,False,False,False,False,False,-0.3500000000000014,0.3500000000000014,0.775128296134617,0.4515381540647778,False,False,False,False,False,False
E02002020,E02002021,Wordsley,66.55,65.62804555427071,67.47195444572928,0.47038492129045106,False,False,False,False,False,Brierley Hill,56.75,55.77756748306116,57.72243251693884,0.49613903925450914,False,False,False,False,False,9.799999999999997,9.799999999999997,0.6836782287376213,14.334228571378121,True,True,False,False,False,False
E02002020,E02002022,Wordsley,66.55,65.62804555427071,67.47195444572928,0.47038492129045106,False,False,False,False,False,Hawbush,60.650000000000006,59.76611652351682,61.53388347648319,0.4509609573893798,False,False,False,False,False,5.8999999999999915,5.8999999999999915,0.651634682369631,9.054152824624053,True,False,False,False,False,False
E02002020,E02002023,Wordsley,66.55,65.62804555427071,67.47195444572928,0.47038492129045106,False,False,False,False,False,Ashwood,66.85,65.85941936219204,67.84058063780795,0.5053982845958938,False,False,False,False,False,-0.29999999999999716,0.29999999999999716,0.690426969526753,0.43451373315504965,False,False,False,False,False,False
E02002020,E02006187,Wordsley,66.55,65.62804555427071,67.47195444572928,0.47038492129045106,False,False,False,False,False,Kinver,69.85,68.79970242312,70.90029757687999,0.5358661106530604,False,False,False,False,False,-3.299999999999997,3.299999999999997,0.7130318805802879,4.628124057109975,True,False,False,False,False,False
E02002021,E02002022,Brierley Hill,56.75,55.77756748306116,57.72243251693884,0.49613903925450914,False,False,False,False,False,Hawbush,60.650000000000006,59.76611652351682,61.53388347648319,0.4509609573893798,False,False,False,False,False,-3.9000000000000057,3.9000000000000057,0.6704623265791549,5.816881643296286,True,False,False,False,False,False
E02002021,E02002024,Brierley Hill,56.75,55.77756748306116,57.72243251693884,0.49613903925450914,False,False,False,False,False,Quarry Bank,62.5,61.58076118445749,63.41923881554251,0.4689993956849559,False,False,False,False,False,-5.75,5.75,0.6827256985241154,8.422123280887305,True,False,False,False,False,False
E02002021,E02002026,Brierley Hill,56.75,55.77756748306116,57.72243251693884,0.49613903925450914,False,False,False,False,False,Amblecote East,66.95,65.99475134127286,67.90524865872715,0.4873717646567057,False,False,False,False,False,-10.200000000000003,10.200000000000003,0.6954747898069193,14.666239739375413,True,True,False,False,False,False
E02002022,E02002023,Hawbush,60.650000000000006,59.76611652351682,61.53388347648319,0.4509609573893798,False,False,False,False,False,Ashwood,66.85,65.85941936219204,67.84058063780795,0.5053982845958938,False,False,False,False,False,-6.199999999999989,6.199999999999989,0.6773427575179483,9.15341594958399,True,False,False,False,False,False
E02002022,E02002026,Hawbush,60.650000000000006,59.76611652351682,61.53388347648319,0.4509609573893798,False,False,False,False,False,Amblecote East,66.95,65.99475134127286,67.90524865872715,0.4873717646567057,False,False,False,False,False,-6.299999999999997,6.299999999999997,0.6640007696336935,9.487940809881128,True,False,False,False,False,False
E02002022,E02002027,Hawbush,60.650000000000006,59.76611652351682,61.53388347648319,0.4509609573893798,False,False,False,False,False,Withymoor Village,70.94999999999999,69.83280485142477,72.06719514857521,0.5699975247832757,False,False,False,False,False,-10.299999999999983,10.299999999999983,0.7268170081585922,14.17137998200575,True,True,False,False,False,False
E02002022,E02002030,Hawbush,60.650000000000006,59.76611652351682,61.53388347648319,0.4509609573893798,False,False,False,False,False,Amblecote West,61.85,60.77151726949385,62.92848273050616,0.5502462910745695,False,False,False,False,False,-1.1999999999999957,1.1999999999999957,0.7114328962951221,1.6867367340604427,False,False,False,False,False,False
E02002023,E02002028,Ashwood,66.85,65.85941936219204,67.84058063780795,0.5053982845958938,False,False,False,False,False,Wollaston,66.80000000000001,65.639989224188,67.96001077581202,0.5918422325571489,False,False,False,False,False,0.04999999999998295,0.04999999999998295,0.7782702964335092,0.06424503187274686,False,False,False,False,False,False
E02002023,E02002030,Ashwood,66.85,65.85941936219204,67.84058063780795,0.5053982845958938,False,False,False,False,False,Amblecote West,61.85,60.77151726949385,62.92848273050616,0.5502462910745695,False,False,False,False,False,4.999999999999993,4.999999999999993,0.7471267676330382,6.69230472874158,True,False,False,False,False,False
E02002023,E02006187,Ashwood,66.85,65.85941936219204,67.84058063780795,0.5053982845958938,False,False,False,False,False,Kinver,69.85,68.79970242312,70.90029757687999,0.5358661106530604,False,False,False,False,False,-3.0,3.0,0.7366002407133126,4.072765435285285,True,False,False,False,False,False
E02002024,E02002026,Quarry Bank,62.5,61.58076118445749,63.41923881554251,0.4689993956849559,False,False,False,False,False,Amblecote East,66.95,65.99475134127286,67.90524865872715,0.4873717646567057,False,False,False,False,False,-4.450000000000003,4.450000000000003,0.6763813052838208,6.5791292060219035,True,False,False,False,False,False
E02002024,E02002031,Quarry Bank,62.5,61.58076118445749,63.41923881554251,0.4689993956849559,False,False,False,False,False,Cradley West,62.55,61.45341439002693,63.646585609973066,0.5594824540678922,False,False,False,False,False,-0.04999999999999716,0.04999999999999716,0.7300555112884807,0.06848794266582793,False,False,False,False,False,False
E02002024,E02002036,Quarry Bank,62.5,61.58076118445749,63.41923881554251,0.4689993956849559,False,False,False,False,False,Lye,58.9,57.7332738110422,60.0667261889578,0.5952684637539792,False,False,False,False,False,3.6000000000000014,3.6000000000000014,0.7578291213016799,4.750411271892649,True,False,False,False,False,False
E02002024,E02002080,Quarry Bank,62.5,61.58076118445749,63.41923881554251,0.4689993956849559,False,False,False,False,False,Cradley Heath,60.15,59.07995327204837,61.22004672795163,0.5459422081385873,False,False,False,False,False,2.3500000000000014,2.3500000000000014,0.7197314275339729,3.2651068302684005,True,False,False,False,False,False
E02002025,E02002029,Shell Corner,63.55,62.59475134127286,64.50524865872714,0.4873717646567039,False,False,False,False,False,Quinton West,67.0,65.88981983444127,68.11018016555873,0.5664184518156791,False,False,False,False,False,-3.450000000000003,3.450000000000003,0.7472356385651452,4.617017473396682,True,False,False,False,False,False
E02002025,E02002033,Shell Corner,63.55,62.59475134127286,64.50524865872714,0.4873717646567039,False,False,False,False,False,Hawne,66.6,65.50998853217041,67.69001146782958,0.5561282999130529,False,False,False,False,False,-3.049999999999997,3.049999999999997,0.7394659714610078,4.12459817991885,True,False,False,False,False,False
E02002025,E02002035,Shell Corner,63.55,62.59475134127286,64.50524865872714,0.4873717646567039,False,False,False,False,False,Halesowen East,70.6,69.50426964995944,71.69573035004055,0.5590460969594665,False,False,False,False,False,-7.049999999999997,7.049999999999997,0.7416628449033987,9.505666959652343,True,False,False,False,False,False
E02002025,E02002075,Shell Corner,63.55,62.59475134127286,64.50524865872714,0.4873717646567039,False,False,False,False,False,Blackheath,59.75,58.8300815253513,60.6699184746487,0.4693461605350528,False,False,False,False,False,3.799999999999997,3.799999999999997,0.6766217964221852,5.61613595673904,True,False,False,False,False,False
E02002025,E02002077,Shell Corner,63.55,62.59475134127286,64.50524865872714,0.4873717646567039,False,False,False,False,False,Old Hill,59.3,58.45147186257614,60.14852813742385,0.43292251909380375,False,False,False,False,False,4.25,4.25,0.6518843030194196,6.51956180002296,True,False,False,False,False,False
E02002025,E02002079,Shell Corner,63.55,62.59475134127286,64.50524865872714,0.4873717646567039,False,False,False,False,False,Brandhall,62.2,61.27466222383392,63.12533777616609,0.4721111102888189,False,False,False,False,False,1.3499999999999943,1.3499999999999943,0.6785426570546106,1.9895580417302245,True,False,False,False,False,False
E02002026,E02002027,Amblecote East,66.95,65.99475134127286,67.90524865872715,0.4873717646567057,False,False,False,False,False,Withymoor Village,70.94999999999999,69.83280485142477,72.06719514857521,0.5699975247832757,False,False,False,False,False,-3.999999999999986,3.999999999999986,0.7499522753106709,5.3336727304987095,True,False,False,False,False,False
E02002026,E02002030,Amblecote East,66.95,65.99475134127286,67.90524865872715,0.4873717646567057,False,False,False,False,False,Amblecote West,61.85,60.77151726949385,62.92848273050616,0.5502462910745695,False,False,False,False,False,5.100000000000001,5.100000000000001,0.7350525272563255,6.93827966150444,True,False,False,False,False,False
E02002026,E02002036,Amblecote East,66.95,65.99475134127286,67.90524865872715,0.4873717646567057,False,False,False,False,False,Lye,58.9,57.7332738110422,60.0667261889578,0.5952684637539792,False,False,False,False,False,8.050000000000004,8.050000000000004,0.7693346352040923,10.463587146137606,True,False,False,False,False,False
E02002027,E02002030,Withymoor Village,70.94999999999999,69.83280485142477,72.06719514857521,0.5699975247832757,False,False,False,False,False,Amblecote West,61.85,60.77151726949385,62.92848273050616,0.5502462910745695,False,False,False,False,False,9.099999999999987,9.099999999999987,0.7922551098606943,11.486199188541782,True,False,False,False,False,False
E02002028,E02002030,Wollaston,66.80000000000001,65.639989224188,67.96001077581202,0.5918422325571489,False,False,False,False,False,Amblecote West,61.85,60.77151726949385,62.92848273050616,0.5502462910745695,False,False,False,False,False,4.95000000000001,4.95000000000001,0.8081139827274059,6.125373531211068,True,False,False,False,False,False
E02002028,E02002034,Wollaston,66.80000000000001,65.639989224188,67.96001077581202,0.5918422325571489,False,False,False,False,False,Stourbridge Town,64.5,63.38616652950273,65.61383347049727,0.56828238290677,False,False,False,False,False,2.3000000000000114,2.3000000000000114,0.820501124289557,2.8031649584776623,True,False,False,False,False,False
E02002028,E02002037,Wollaston,66.80000000000001,65.639989224188,67.96001077581202,0.5918422325571489,False,False,False,False,False,Norton North,66.55000000000001,65.40982457490087,67.69017542509916,0.5817221556628288,False,False,False,False,False,0.25,0.25,0.8298661907965879,0.30125338611520636,False,False,False,False,False,False
E02002028,E02006187,Wollaston,66.80000000000001,65.639989224188,67.96001077581202,0.5918422325571489,False,False,False,False,False,Kinver,69.85,68.79970242312,70.90029757687999,0.5358661106530604,False,False,False,False,False,-3.049999999999983,3.049999999999983,0.7983919568637126,3.8201787653036505,True,False,False,False,False,False
E02002029,E02002035,Quinton West,67.0,65.88981983444127,68.11018016555873,0.5664184518156791,False,False,False,False,False,Halesowen East,70.6,69.50426964995944,71.69573035004055,0.5590460969594665,False,False,False,False,False,-3.5999999999999943,3.5999999999999943,0.7958406882554347,4.523518404030796,True,False,False,False,False,False
E02002029,E02002079,Quinton West,67.0,65.88981983444127,68.11018016555873,0.5664184518156791,False,False,False,False,False,Brandhall,62.2,61.27466222383392,63.12533777616609,0.4721111102888189,False,False,False,False,False,4.799999999999997,4.799999999999997,0.7373728792242172,6.509596616911148,True,False,False,False,False,False
E02002030,E02002034,Amblecote West,61.85,60.77151726949385,62.92848273050616,0.5502462910745695,False,False,False,False,False,Stourbridge Town,64.5,63.38616652950273,65.61383347049727,0.56828238290677,False,False,False,False,False,-2.6499999999999986,2.6499999999999986,0.7910220272302894,3.3500963421698837,True,False,False,False,False,False
E02002030,E02002036,Amblecote West,61.85,60.77151726949385,62.92848273050616,0.5502462910745695,False,False,False,False,False,Lye,58.9,57.7332738110422,60.0667261889578,0.5952684637539792,False,False,False,False,False,2.950000000000003,2.950000000000003,0.8106266247671257,3.6391600150654684,True,False,False,False,False,False
E02002030,E02002039,Amblecote West,61.85,60.77151726949385,62.92848273050616,0.5502462910745695,False,False,False,False,False,Oldswinford,68.65,67.61498792277578,69.68501207722423,0.5280673863388895,False,False,False,False,False,-6.800000000000004,6.800000000000004,0.7626441800447348,8.916346807499577,True,False,False,False,False,False
E02002030,E02002041,Amblecote West,61.85,60.77151726949385,62.92848273050616,0.5502462910745695,False,False,False,False,False,Pedmore Fields,70.25,69.20686769774875,71.29313230225125,0.5322103582914549,False,False,False,False,False,-8.399999999999999,8.399999999999999,0.7655186779654946,10.972952380893606,True,False,False,False,False,False
E02002031,E02002032,Cradley West,62.55,61.45341439002693,63.646585609973066,0.5594824540678922,False,False,False,False,False,Cradley East,61.1,60.24853068170367,61.95146931829632,0.43442312157975727,False,False,False,False,False,1.4499999999999957,1.4499999999999957,0.7083389478017792,2.0470425980384777,True,False,False,False,False,False
E02002031,E02002036,Cradley West,62.55,61.45341439002693,63.646585609973066,0.5594824540678922,False,False,False,False,False,Lye,58.9,57.7332738110422,60.0667261889578,0.5952684637539792,False,False,False,False,False,3.6499999999999986,3.6499999999999986,0.8169242072247912,4.4679787521532415,True,False,False,False,False,False
E02002031,E02002080,Cradley West,62.55,61.45341439002693,63.646585609973066,0.5594824540678922,False,False,False,False,False,Cradley Heath,60.15,59.07995327204837,61.22004672795163,0.5459422081385873,False,False,False,False,False,2.3999999999999986,2.3999999999999986,0.7817119105124776,3.0701847672073947,True,False,False,False,False,False
E02002032,E02002033,Cradley East,61.1,60.24853068170367,61.95146931829632,0.43442312157975727,False,False,False,False,False,Hawne,66.6,65.50998853217041,67.69001146782958,0.5561282999130529,False,False,False,False,False,-5.499999999999993,5.499999999999993,0.7056926629399537,7.793761064606646,True,False,False,False,False,False
E02002032,E02002036,Cradley East,61.1,60.24853068170367,61.95146931829632,0.43442312157975727,False,False,False,False,False,Lye,58.9,57.7332738110422,60.0667261889578,0.5952684637539792,False,False,False,False,False,2.200000000000003,2.200000000000003,0.736931470696647,2.9853522172424882,True,False,False,False,False,False
E02002032,E02002042,Cradley East,61.1,60.24853068170367,61.95146931829632,0.43442312157975727,False,False,False,False,False,Hayley Green,68.9,67.71230264797803,70.08769735202198,0.6059680367459034,False,False,False,False,False,-7.800000000000004,7.800000000000004,0.7456009053916076,10.461360687193983,True,False,False,False,False,False
E02002032,E02002080,Cradley East,61.1,60.24853068170367,61.95146931829632,0.43442312157975727,False,False,False,False,False,Cradley Heath,60.15,59.07995327204837,61.22004672795163,0.5459422081385873,False,False,False,False,False,0.9500000000000028,0.9500000000000028,0.6976935883253745,1.3616292537247217,False,False,False,False,False,False
E02002033,E02002035,Hawne,66.6,65.50998853217041,67.69001146782958,0.5561282999130529,False,False,False,False,False,Halesowen East,70.6,69.50426964995944,71.69573035004055,0.5590460969594665,False,False,False,False,False,-4.0,4.0,0.7885500773507005,5.0726011129677895,True,False,False,False,False,False
E02002033,E02002038,Hawne,66.6,65.50998853217041,67.69001146782958,0.5561282999130529,False,False,False,False,False,Halesowen Town,63.8,62.807528337936034,64.79247166206396,0.506363092889777,False,False,False,False,False,2.799999999999997,2.799999999999997,0.7521185197859999,3.7228175165752875,True,False,False,False,False,False
E02002033,E02002042,Hawne,66.6,65.50998853217041,67.69001146782958,0.5561282999130529,False,False,False,False,False,Hayley Green,68.9,67.71230264797803,70.08769735202198,0.6059680367459034,False,False,False,False,False,-2.3000000000000114,2.3000000000000114,0.8224815788343633,2.7964152136508824,True,False,False,False,False,False
E02002033,E02002077,Hawne,66.6,65.50998853217041,67.69001146782958,0.5561282999130529,False,False,False,False,False,Old Hill,59.3,58.45147186257614,60.14852813742385,0.43292251909380375,False,False,False,False,False,7.299999999999997,7.299999999999997,0.7047698869153728,10.357990793208458,True,False,False,False,False,False
E02002033,E02002080,Hawne,66.6,65.50998853217041,67.69001146782958,0.5561282999130529,False,False,False,False,False,Cradley Heath,60.15,59.07995327204837,61.22004672795163,0.5459422081385873,False,False,False,False,False,6.449999999999996,6.449999999999996,0.7793148148158221,8.276501199998801,True,False,False,False,False,False
E02002034,E02002037,Stourbridge Town,64.5,63.38616652950273,65.61383347049727,0.56828238290677,False,False,False,False,False,Norton North,66.55000000000001,65.40982457490087,67.69017542509916,0.5817221556628288,False,False,False,False,False,-2.0500000000000114,2.0500000000000114,0.8132315372089337,2.5208073054271254,True,False,False,False,False,False
E02002034,E02002039,Stourbridge Town,64.5,63.38616652950273,65.61383347049727,0.56828238290677,False,False,False,False,False,Oldswinford,68.65,67.61498792277578,69.68501207722423,0.5280673863388895,False,False,False,False,False,-4.150000000000006,4.150000000000006,0.775757714261987,5.349608419876412,True,False,False,False,False,False
E02002034,E02002040,Stourbridge Town,64.5,63.38616652950273,65.61383347049727,0.56828238290677,False,False,False,False,False,Norton South,70.85,69.59376554735988,72.10623445264011,0.6409359452245483,False,False,False,False,False,-6.349999999999994,6.349999999999994,0.8565884382847354,7.413128307820114,True,False,False,False,False,False
E02002035,E02002038,Halesowen East,70.6,69.50426964995944,71.69573035004055,0.5590460969594665,False,False,False,False,False,Halesowen Town,63.8,62.807528337936034,64.79247166206396,0.506363092889777,False,False,False,False,False,6.799999999999997,6.799999999999997,0.7542785429577816,9.015237226999583,True,False,False,False,False,False
E02002035,E02006697,Halesowen East,70.6,69.50426964995944,71.69573035004055,0.5590460969594665,False,False,False,False,False,Dodford,70.95,69.98953136438507,71.91046863561493,0.49003501817088274,False,False,False,False,False,-0.3500000000000085,0.3500000000000085,0.7434156694335616,0.47079986929342993,False,False,False,False,False,False
E02002036,E02002041,Lye,58.9,57.7332738110422,60.0667261889578,0.5952684637539792,False,False,False,False,False,Pedmore Fields,70.25,69.20686769774875,71.29313230225125,0.5322103582914549,False,False,False,False,False,-11.350000000000001,11.350000000000001,0.7984938380555866,14.214261224154718,True,True,False,False,False,False
E02002036,E02002042,Lye,58.9,57.7332738110422,60.0667261889578,0.5952684637539792,False,False,False,False,False,Hayley Green,68.9,67.71230264797803,70.08769735202198,0.6059680367459034,False,False,False,False,False,-10.000000000000007,10.000000000000007,0.8494361691720614,11.77251494923618,True,True,False,False,False,False
E02002036,E02006696,Lye,58.9,57.7332738110422,60.0667261889578,0.5952684637539792,False,False,False,False,False,Hagley,73.25,72.17151726949385,74.32848273050615,0.5502462910745677,False,False,False,False,False,-14.350000000000001,14.350000000000001,0.8106266247671244,17.702354649555765,True,True,False,False,False,False
E02002037,E02002040,Norton North,66.55000000000001,65.40982457490087,67.69017542509916,0.5817221556628288,False,False,False,False,False,Norton South,70.85,69.59376554735988,72.10623445264011,0.6409359452245483,False,False,False,False,False,-4.299999999999983,4.299999999999983,0.8655631417001844,4.967864033066031,True,False,False,False,False,False
E02002037,E02006187,Norton North,66.55000000000001,65.40982457490087,67.69017542509916,0.5817221556628288,False,False,False,False,False,Kinver,69.85,68.79970242312,70.90029757687999,0.5358661106530604,False,False,False,False,False,-3.299999999999983,3.299999999999983,0.7909191835677312,4.172360550308215,True,False,False,False,False,False
E02002038,E02002042,Halesowen Town,63.8,62.807528337936034,64.79247166206396,0.506363092889777,False,False,False,False,False,Hayley Green,68.9,67.71230264797803,70.08769735202198,0.6059680367459034,False,False,False,False,False,-5.1000000000000085,5.1000000000000085,0.7896840149063329,6.458279392428802,True,False,False,False,False,False
E02002038,E02006697,Halesowen Town,63.8,62.807528337936034,64.79247166206396,0.506363092889777,False,False,False,False,False,Dodford,70.95,69.98953136438507,71.91046863561493,0.49003501817088274,False,False,False,False,False,-7.150000000000006,7.150000000000006,0.70465445494557,10.146817280183514,True,False,False,False,False,False
E02002039,E02002040,Oldswinford,68.65,67.61498792277578,69.68501207722423,0.5280673863388895,False,False,False,False,False,Norton South,70.85,69.59376554735988,72.10623445264011,0.6409359452245483,False,False,False,False,False,-2.1999999999999886,2.1999999999999886,0.8304541229927582,2.6491529623234507,True,False,False,False,False,False
E02002039,E02002041,Oldswinford,68.65,67.61498792277578,69.68501207722423,0.5280673863388895,False,False,False,False,False,Pedmore Fields,70.25,69.20686769774875,71.29313230225125,0.5322103582914549,False,False,False,False,False,-1.5999999999999943,1.5999999999999943,0.7497353066166117,2.1340865047698467,True,False,False,False,False,False
E02002040,E02002041,Norton South,70.85,69.59376554735988,72.10623445264011,0.6409359452245483,False,False,False,False,False,Pedmore Fields,70.25,69.20686769774875,71.29313230225125,0.5322103582914549,False,False,False,False,False,0.5999999999999943,0.5999999999999943,0.8330946833065278,0.7202062526898051,False,False,False,False,False,False
E02002040,E02006187,Norton South,70.85,69.59376554735988,72.10623445264011,0.6409359452245483,False,False,False,False,False,Kinver,69.85,68.79970242312,70.90029757687999,0.5358661106530604,False,False,False,False,False,1.0,1.0,0.8354348415210627,1.1969814404428192,False,False,False,False,False,False
E02002040,E02006696,Norton South,70.85,69.59376554735988,72.10623445264011,0.6409359452245483,False,False,False,False,False,Hagley,73.25,72.17151726949385,74.32848273050615,0.5502462910745677,False,False,False,False,False,-2.4000000000000057,2.4000000000000057,0.8447306474386986,2.8411423301344962,True,False,False,False,False,False
E02002041,E02006696,Pedmore Fields,70.25,69.20686769774875,71.29313230225125,0.5322103582914549,False,False,False,False,False,Hagley,73.25,72.17151726949385,74.32848273050615,0.5502462910745677,False,False,False,False,False,-3.0,3.0,0.7655186779654933,3.918911564604866,True,False,False,False,False,False
E02002042,E02006696,Hayley Green,68.9,67.71230264797803,70.08769735202198,0.6059680367459034,False,False,False,False,False,Hagley,73.25,72.17151726949385,74.32848273050615,0.5502462910745677,False,False,False,False,False,-4.349999999999994,4.349999999999994,0.8185158779150239,5.314496782983115,True,False,False,False,False,False
E02002042,E02006697,Hayley Green,68.9,67.71230264797803,70.08769735202198,0.6059680367459034,False,False,False,False,False,Dodford,70.95,69.98953136438507,71.91046863561493,0.49003501817088274,False,False,False,False,False,-2.049999999999997,2.049999999999997,0.7793148148158239,2.630515885270929,True,False,False,False,False,False
E02002043,E02002045,Wood Green,58.4,57.46994623811308,59.33005376188692,0.47451722545251057,False,False,False,False,False,Woods,60.4,59.35567007128973,61.44432992871027,0.5328213921991168,False,False,False,False,False,-2.0,2.0,0.7134880750483177,2.803130241335231,True,False,False,False,False,False
E02002043,E02002047,Wood Green,58.4,57.46994623811308,59.33005376188692,0.47451722545251057,False,False,False,False,False,Wednesbury,57.75,56.68933982822018,58.81066017177982,0.5411531488672565,False,False,False,False,False,0.6499999999999986,0.6499999999999986,0.7197314275339766,0.9031146551806144,False,False,False,False,False,False
E02002043,E02002140,Wood Green,58.4,57.46994623811308,59.33005376188692,0.47451722545251057,False,False,False,False,False,Pleck,57.9,57.03217225211451,58.76782774788549,0.4427692591252494,False,False,False,False,False,0.5,0.5,0.6490078690412552,0.7704066835716852,False,False,False,False,False,False
E02002043,E02002142,Wood Green,58.4,57.46994623811308,59.33005376188692,0.47451722545251057,False,False,False,False,False,Darlaston East,57.2,56.13698541872654,58.26301458127347,0.542354378200747,False,False,False,False,False,1.1999999999999957,1.1999999999999957,0.7206350455013047,1.6651979493520526,False,False,False,False,False,False
E02002043,E02002145,Wood Green,58.4,57.46994623811308,59.33005376188692,0.47451722545251057,False,False,False,False,False,Darlaston Central,58.05,57.07628289529248,59.02371710470752,0.49679444117730687,False,False,False,False,False,0.3500000000000014,0.3500000000000014,0.6870016841579221,0.5094601775671141,False,False,False,False,False,False
E02002044,E02002045,Yew Tree,62.05,61.07756748306116,63.02243251693884,0.49613903925451097,False,False,False,False,False,Woods,60.4,59.35567007128973,61.44432992871027,0.5328213921991168,False,False,False,False,False,1.6499999999999986,1.6499999999999986,0.7280471016750182,2.266336884253564,True,False,False,False,False,False
E02002044,E02002046,Yew Tree,62.05,61.07756748306116,63.02243251693884,0.49613903925451097,False,False,False,False,False,Friar Park,55.15,54.02945325844925,56.270546741550746,0.5717075211993607,False,False,False,False,False,6.899999999999999,6.899999999999999,0.7569699043345823,9.115289736737253,True,False,False,False,False,False
E02002044,E02002048,Yew Tree,62.05,61.07756748306116,63.02243251693884,0.49613903925451097,False,False,False,False,False,Great Barr,68.0,66.75450812929188,69.24549187070812,0.6354550360755724,False,False,False,False,False,-5.950000000000003,5.950000000000003,0.8061991374010494,7.380310551039617,True,False,False,False,False,False
E02002044,E02002144,Yew Tree,62.05,61.07756748306116,63.02243251693884,0.49613903925451097,False,False,False,False,False,Walsall South East,70.1,68.975,71.225,0.5739795918367347,False,False,False,False,False,-8.049999999999997,8.049999999999997,0.7586873652021983,10.610431080336479,True,False,False,False,False,False
E02002044,E02002146,Yew Tree,62.05,61.07756748306116,63.02243251693884,0.49613903925451097,False,False,False,False,False,The Delves,59.75,58.493765547359885,61.00623445264012,0.6409359452245502,False,False,False,False,False,2.299999999999997,2.299999999999997,0.81052626863864,2.8376625027379774,True,False,False,False,False,False
E02002044,E02006810,Yew Tree,62.05,61.07756748306116,63.02243251693884,0.49613903925451097,False,False,False,False,False,Charlemont,63.55,62.648265560156425,64.45173443984358,0.46006859175692655,False,False,False,False,False,-1.5,1.5,0.6766217964221894,2.216895772396977,True,False,False,False,False,False
E02002045,E02002046,Woods,60.4,59.35567007128973,61.44432992871027,0.5328213921991168,False,False,False,False,False,Friar Park,55.15,54.02945325844925,56.270546741550746,0.5717075211993607,False,False,False,False,False,5.25,5.25,0.7815037592877737,6.717817972858642,True,False,False,False,False,False
E02002045,E02002047,Woods,60.4,59.35567007128973,61.44432992871027,0.5328213921991168,False,False,False,False,False,Wednesbury,57.75,56.68933982822018,58.81066017177982,0.5411531488672565,False,False,False,False,False,2.6499999999999986,2.6499999999999986,0.7594375329900097,3.489424587123822,True,False,False,False,False,False
E02002045,E02002052,Woods,60.4,59.35567007128973,61.44432992871027,0.5328213921991168,False,False,False,False,False,Stone Cross,58.85,58.00073561242685,59.699264387573145,0.43329815692507484,False,False,False,False,False,1.5499999999999972,1.5499999999999972,0.6867648278557019,2.256958913926314,True,False,False,False,False,False
E02002045,E02002055,Woods,60.4,59.35567007128973,61.44432992871027,0.5328213921991168,False,False,False,False,False,Wednesbury South,59.1,58.3027390640449,59.8972609359551,0.406765783650562,False,False,False,False,False,1.2999999999999972,1.2999999999999972,0.6703409869117812,1.9393115226162962,False,False,False,False,False,False
E02002045,E02002143,Woods,60.4,59.35567007128973,61.44432992871027,0.5328213921991168,False,False,False,False,False,Palfrey,56.650000000000006,55.74688040659058,57.55311959340943,0.4607753027599107,False,False,False,False,False,3.749999999999993,3.749999999999993,0.7044235342593917,5.323501867300078,True,False,False,False,False,False
E02002045,E02002146,Woods,60.4,59.35567007128973,61.44432992871027,0.5328213921991168,False,False,False,False,False,The Delves,59.75,58.493765547359885,61.00623445264012,0.6409359452245502,False,False,False,False,False,0.6499999999999986,0.6499999999999986,0.8334851659543154,0.7798579105553344,False,False,False,False,False,False
E02002046,E02002052,Friar Park,55.15,54.02945325844925,56.270546741550746,0.5717075211993607,False,False,False,False,False,Stone Cross,58.85,58.00073561242685,59.699264387573145,0.43329815692507484,False,False,False,False,False,-3.700000000000003,3.700000000000003,0.7173540148285115,5.15784385884355,True,False,False,False,False,False
E02002046,E02006810,Friar Park,55.15,54.02945325844925,56.270546741550746,0.5717075211993607,False,False,False,False,False,Charlemont,63.55,62.648265560156425,64.45173443984358,0.46006859175692655,False,False,False,False,False,-8.399999999999999,8.399999999999999,0.7338341767164561,11.44672770296122,True,False,False,False,False,False
E02002047,E02002049,Wednesbury,57.75,56.68933982822018,58.81066017177982,0.5411531488672565,False,False,False,False,False,Princes End,62.0,61.04279051404617,62.95720948595383,0.488372186711139,False,False,False,True,False,-4.25,4.25,0.7289404113382428,5.830380554972299,True,False,False,False,False,True
E02002047,E02002051,Wednesbury,57.75,56.68933982822018,58.81066017177982,0.5411531488672565,False,False,False,False,False,Ocker Hill,56.55,55.471517269493845,57.62848273050615,0.5502462910745677,False,False,False,False,False,1.2000000000000028,1.2000000000000028,0.7717627299696876,1.5548820296713926,False,False,False,False,False,False
E02002047,E02002055,Wednesbury,57.75,56.68933982822018,58.81066017177982,0.5411531488672565,False,False,False,False,False,Wednesbury South,59.1,58.3027390640449,59.8972609359551,0.406765783650562,False,False,False,False,False,-1.3500000000000014,1.3500000000000014,0.6769823729446749,1.9941435020352112,True,False,False,False,False,False
E02002047,E02002056,Wednesbury,57.75,56.68933982822018,58.81066017177982,0.5411531488672565,False,False,False,False,False,Tibbington,55.650000000000006,54.80147186257615,56.49852813742386,0.43292251909380375,False,False,False,False,False,2.0999999999999943,2.0999999999999943,0.6930141687350064,3.0302410754937807,True,False,False,False,False,False
E02002047,E02002145,Wednesbury,57.75,56.68933982822018,58.81066017177982,0.5411531488672565,False,False,False,False,False,Darlaston Central,58.05,57.07628289529248,59.02371710470752,0.49679444117730687,False,False,False,False,False,-0.29999999999999716,0.29999999999999716,0.7346097244888742,0.4083801098722601,False,False,False,False,False,False
E02002047,E02002147,Wednesbury,57.75,56.68933982822018,58.81066017177982,0.5411531488672565,False,False,False,False,False,Darlaston West,57.35,56.44826556015643,58.25173443984357,0.46006859175692294,False,False,False,False,False,0.3999999999999986,0.3999999999999986,0.7102885608329514,0.5631514036083036,False,False,False,False,False,False
E02002048,E02002053,Great Barr,68.0,66.75450812929188,69.24549187070812,0.6354550360755724,False,False,False,False,False,Hamstead East,65.0,63.88616652950273,66.11383347049727,0.56828238290677,False,False,False,False,False,3.0,3.0,0.8524951434442333,3.519081631221337,True,False,False,False,False,False
E02002048,E02002144,Great Barr,68.0,66.75450812929188,69.24549187070812,0.6354550360755724,False,False,False,False,False,Walsall South East,70.1,68.975,71.225,0.5739795918367347,False,False,False,False,False,-2.0999999999999943,2.0999999999999943,0.8563034945151583,2.4524015298910125,True,False,False,False,False,False
E02002048,E02002148,Great Barr,68.0,66.75450812929188,69.24549187070812,0.6354550360755724,False,False,False,False,False,Pheasey,67.75,66.96897503240933,68.53102496759067,0.39848212632176916,False,False,False,False,False,0.25,0.25,0.7500607361218993,0.33330634168720197,False,False,False,False,False,False
E02002048,E02006810,Great Barr,68.0,66.75450812929188,69.24549187070812,0.6354550360755724,False,False,False,False,False,Charlemont,63.55,62.648265560156425,64.45173443984358,0.46006859175692655,False,False,False,False,False,4.450000000000003,4.450000000000003,0.784516546667442,5.672283164584885,True,False,False,False,False,False
E02002049,E02002056,Princes End,62.0,61.04279051404617,62.95720948595383,0.488372186711139,False,False,False,True,False,Tibbington,55.650000000000006,54.80147186257615,56.49852813742386,0.43292251909380375,False,False,False,False,False,6.349999999999994,6.349999999999994,0.6526325921156133,9.729823604756621,True,False,False,False,False,True
E02002049,E02002147,Princes End,62.0,61.04279051404617,62.95720948595383,0.488372186711139,False,False,False,True,False,Darlaston West,57.35,56.44826556015643,58.25173443984357,0.46006859175692294,False,False,False,False,False,4.649999999999999,4.649999999999999,0.6709474658080302,6.930497895837414,True,False,False,False,False,True
E02002049,E02002181,Princes End,62.0,61.04279051404617,62.95720948595383,0.488372186711139,False,False,False,True,False,Bradley,58.35,57.39540584539816,59.30459415460183,0.4870378339805283,False,False,False,False,False,3.6499999999999986,3.6499999999999986,0.6897196854385587,5.292004965291289,True,False,False,False,False,True
E02002051,E02002055,Ocker Hill,56.55,55.471517269493845,57.62848273050615,0.5502462910745677,False,False,False,False,False,Wednesbury South,59.1,58.3027390640449,59.8972609359551,0.406765783650562,False,False,False,False,False,-2.5500000000000043,2.5500000000000043,0.684272886785801,3.726583427816328,True,False,False,False,False,False
E02002051,E02002056,Ocker Hill,56.55,55.471517269493845,57.62848273050615,0.5502462910745677,False,False,False,False,False,Tibbington,55.650000000000006,54.80147186257615,56.49852813742386,0.43292251909380375,False,False,False,False,False,0.8999999999999915,0.8999999999999915,0.7001377638578302,1.2854612998460475,False,False,False,False,False,False
E02002051,E02002057,Ocker Hill,56.55,55.471517269493845,57.62848273050615,0.5502462910745677,False,False,False,False,False,Tipton,56.9,56.05073561242685,57.74926438757315,0.43329815692507667,False,False,False,False,False,-0.3500000000000014,0.3500000000000014,0.7003700976169572,0.49973578425305876,False,False,False,False,False,False
E02002051,E02002058,Ocker Hill,56.55,55.471517269493845,57.62848273050615,0.5502462910745677,False,False,False,False,False,Great Bridge,59.55,58.84200988707468,60.25799011292531,0.3612194453700591,False,False,False,False,False,-3.0,3.0,0.6582176452775867,4.5577629550402365,True,False,False,False,False,False
E02002052,E02002055,Stone Cross,58.85,58.00073561242685,59.699264387573145,0.43329815692507484,False,False,False,False,False,Wednesbury South,59.1,58.3027390640449,59.8972609359551,0.406765783650562,False,False,False,False,False,-0.25,0.25,0.5943111100623331,0.4206551009517209,False,False,False,False,False,False
E02002052,E02002059,Stone Cross,58.85,58.00073561242685,59.699264387573145,0.43329815692507484,False,False,False,False,False,West Bromwich North,59.75,58.936827201635474,60.563172798364526,0.4148840807982277,False,False,False,False,False,-0.8999999999999986,0.8999999999999986,0.5998967355257546,1.5002582056247245,False,False,False,False,False,False
E02002052,E02006810,Stone Cross,58.85,58.00073561242685,59.699264387573145,0.43329815692507484,False,False,False,False,False,Charlemont,63.55,62.648265560156425,64.45173443984358,0.46006859175692655,False,False,False,False,False,-4.699999999999996,4.699999999999996,0.6319892419304843,7.4368354525202065,True,False,False,False,False,False
E02002053,E02002054,Hamstead East,65.0,63.88616652950273,66.11383347049727,0.56828238290677,False,False,False,False,False,Hamstead West,63.900000000000006,62.549074391389375,65.25092560861064,0.6892477594952214,False,False,False,False,False,1.0999999999999943,1.0999999999999943,0.8933125660659764,1.2313719092122934,False,False,False,False,False,False
E02002053,E02006809,Hamstead East,65.0,63.88616652950273,66.11383347049727,0.56828238290677,False,False,False,False,False,Handsworth Wood,63.6,62.50341439002694,64.69658560997307,0.5594824540678903,False,False,False,False,False,1.3999999999999986,1.3999999999999986,0.7974744404255385,1.7555421578815087,False,False,False,False,False,False
E02002054,E02006809,Hamstead West,63.900000000000006,62.549074391389375,65.25092560861064,0.6892477594952214,False,False,False,False,False,Handsworth Wood,63.6,62.50341439002694,64.69658560997307,0.5594824540678903,False,False,False,False,False,0.30000000000000426,0.30000000000000426,0.8877404408829258,0.33793661546119413,False,False,False,False,False,False
E02002054,E02006810,Hamstead West,63.900000000000006,62.549074391389375,65.25092560861064,0.6892477594952214,False,False,False,False,False,Charlemont,63.55,62.648265560156425,64.45173443984358,0.46006859175692655,False,False,False,False,False,0.3500000000000085,0.3500000000000085,0.8286890750398391,0.4223538243015721,False,False,False,False,False,False
E02002055,E02002058,Wednesbury South,59.1,58.3027390640449,59.8972609359551,0.406765783650562,False,False,False,False,False,Great Bridge,59.55,58.84200988707468,60.25799011292531,0.3612194453700591,False,False,False,False,False,-0.44999999999999574,0.44999999999999574,0.5440017375544943,0.8272032402376617,False,False,False,False,False,False
E02002055,E02002059,Wednesbury South,59.1,58.3027390640449,59.8972609359551,0.406765783650562,False,False,False,False,False,West Bromwich North,59.75,58.936827201635474,60.563172798364526,0.4148840807982277,False,False,False,False,False,-0.6499999999999986,0.6499999999999986,0.581022549690325,1.118717337814922,False,False,False,False,False,False
E02002055,E02002060,Wednesbury South,59.1,58.3027390640449,59.8972609359551,0.406765783650562,False,False,False,False,False,Greets Green West,57.650000000000006,56.59970242312001,58.70029757688,0.5358661106530587,False,False,False,False,False,1.4499999999999957,1.4499999999999957,0.672763622155131,2.1552889488213793,True,False,False,False,False,False
E02002056,E02002057,Tibbington,55.650000000000006,54.80147186257615,56.49852813742386,0.43292251909380375,False,False,False,False,False,Tipton,56.9,56.05073561242685,57.74926438757315,0.43329815692507667,False,False,False,False,False,-1.249999999999993,1.249999999999993,0.6125105716093341,2.040781103117444,True,False,False,False,False,False
E02002057,E02002058,Tipton,56.9,56.05073561242685,57.74926438757315,0.43329815692507667,False,False,False,False,False,Great Bridge,59.55,58.84200988707468,60.25799011292531,0.3612194453700591,False,False,False,False,False,-2.6499999999999986,2.6499999999999986,0.5641159282524484,4.697615981540045,True,False,False,False,False,False
E02002058,E02002060,Great Bridge,59.55,58.84200988707468,60.25799011292531,0.3612194453700591,False,False,False,False,False,Greets Green West,57.650000000000006,56.59970242312001,58.70029757688,0.5358661106530587,False,False,False,False,False,1.8999999999999915,1.8999999999999915,0.6462445173925185,2.940063627411731,True,False,False,False,False,False
E02002058,E02002063,Great Bridge,59.55,58.84200988707468,60.25799011292531,0.3612194453700591,False,False,False,False,False,North Tividale,61.1,60.215409699352286,61.9845903006477,0.4513215819631167,False,False,False,False,False,-1.5500000000000043,1.5500000000000043,0.5780749588584022,2.681313169248821,True,False,False,False,False,False
E02002059,E02002060,West Bromwich North,59.75,58.936827201635474,60.563172798364526,0.4148840807982277,False,False,False,False,False,Greets Green West,57.650000000000006,56.59970242312001,58.70029757688,0.5358661106530587,False,False,False,False,False,2.0999999999999943,2.0999999999999943,0.6777029504482229,3.098702755552539,True,False,False,False,False,False
E02002059,E02002061,West Bromwich North,59.75,58.936827201635474,60.563172798364526,0.4148840807982277,False,False,False,False,False,Greets Green East,56.8,55.75567007128973,57.844329928710266,0.5328213921991168,False,False,False,False,False,2.950000000000003,2.950000000000003,0.675298035303521,4.368441555844434,True,False,False,False,False,False
E02002059,E02002062,West Bromwich North,59.75,58.936827201635474,60.563172798364526,0.4148840807982277,False,False,False,False,False,West Bromwich East,56.8,55.86291675930043,57.73708324069956,0.47810369423447174,False,False,False,False,False,2.950000000000003,2.950000000000003,0.6330181221264045,4.660214134297613,True,False,False,False,False,False
E02002059,E02006809,West Bromwich North,59.75,58.936827201635474,60.563172798364526,0.4148840807982277,False,False,False,False,False,Handsworth Wood,63.6,62.50341439002694,64.69658560997307,0.5594824540678903,False,False,False,False,False,-3.8500000000000014,3.8500000000000014,0.6965266806875522,5.527426452924398,True,False,False,False,False,False
E02002059,E02006810,West Bromwich North,59.75,58.936827201635474,60.563172798364526,0.4148840807982277,False,False,False,False,False,Charlemont,63.55,62.648265560156425,64.45173443984358,0.46006859175692655,False,False,False,False,False,-3.799999999999997,3.799999999999997,0.6195094104378011,6.133885839303999,True,False,False,False,False,False
E02002060,E02002061,Greets Green West,57.650000000000006,56.59970242312001,58.70029757688,0.5358661106530587,False,False,False,False,False,Greets Green East,56.8,55.75567007128973,57.844329928710266,0.5328213921991168,False,False,False,False,False,0.8500000000000085,0.8500000000000085,0.7556792471223761,1.124815857040941,False,False,False,False,False,False
E02002060,E02002063,Greets Green West,57.650000000000006,56.59970242312001,58.70029757688,0.5358661106530587,False,False,False,False,False,North Tividale,61.1,60.215409699352286,61.9845903006477,0.4513215819631167,False,False,False,False,False,-3.4499999999999957,3.4499999999999957,0.7006023543295629,4.924334008699488,True,False,False,False,False,False
E02002061,E02002062,Greets Green East,56.8,55.75567007128973,57.844329928710266,0.5328213921991168,False,False,False,False,False,West Bromwich East,56.8,55.86291675930043,57.73708324069956,0.47810369423447174,False,False,False,False,False,0.0,0.0,0.7158783265511356,0.0,False,False,False,False,False,False
E02002061,E02002063,Greets Green East,56.8,55.75567007128973,57.844329928710266,0.5328213921991168,False,False,False,False,False,North Tividale,61.1,60.215409699352286,61.9845903006477,0.4513215819631167,False,False,False,False,False,-4.300000000000004,4.300000000000004,0.698276310876071,6.158020733375791,True,False,False,False,False,False
E02002061,E02002065,Greets Green East,56.8,55.75567007128973,57.844329928710266,0.5328213921991168,False,False,False,False,False,Smethwick North,58.15,57.425,58.875,0.3698979591836742,False,False,False,False,False,-1.3500000000000014,1.3500000000000014,0.6486317415862811,2.0813042493086567,True,False,False,False,False,False
E02002061,E02002066,Greets Green East,56.8,55.75567007128973,57.844329928710266,0.5328213921991168,False,False,False,False,False,Oldbury,58.25,57.28953136438507,59.21046863561493,0.49003501817088274,False,False,False,False,False,-1.4500000000000028,1.4500000000000028,0.723901205288914,2.003035758755641,True,False,False,False,False,False
E02002062,E02002065,West Bromwich East,56.8,55.86291675930043,57.73708324069956,0.47810369423447174,False,False,False,False,False,Smethwick North,58.15,57.425,58.875,0.3698979591836742,False,False,False,False,False,-1.3500000000000014,1.3500000000000014,0.6044895719935095,2.233289145994559,True,False,False,False,False,False
E02002062,E02006809,West Bromwich East,56.8,55.86291675930043,57.73708324069956,0.47810369423447174,False,False,False,False,False,Handsworth Wood,63.6,62.50341439002694,64.69658560997307,0.5594824540678903,False,False,False,False,False,-6.800000000000004,6.800000000000004,0.7359373335077372,9.239917164670535,True,False,False,False,False,False
E02002063,E02002064,North Tividale,61.1,60.215409699352286,61.9845903006477,0.4513215819631167,False,False,False,False,False,Tividale,61.25,60.436827201635474,62.063172798364526,0.4148840807982277,False,False,False,False,False,-0.14999999999999858,0.14999999999999858,0.6130415735049953,0.24468161130148267,False,False,False,False,False,False
E02002063,E02002066,North Tividale,61.1,60.215409699352286,61.9845903006477,0.4513215819631167,False,False,False,False,False,Oldbury,58.25,57.28953136438507,59.21046863561493,0.49003501817088274,False,False,False,False,False,2.8500000000000014,2.8500000000000014,0.6662022886326853,4.277979899842953,True,False,False,False,False,False
E02002063,E02002069,North Tividale,61.1,60.215409699352286,61.9845903006477,0.4513215819631167,False,False,False,False,False,Whiteheath,59.1,58.14475134127285,60.05524865872714,0.4873717646567057,False,False,False,False,False,2.0,2.0,0.6642457431781416,3.0109338607588603,True,False,False,False,False,False
E02002063,E02002072,North Tividale,61.1,60.215409699352286,61.9845903006477,0.4513215819631167,False,False,False,False,False,Langley Green,62.85,61.93008152535129,63.7699184746487,0.4693461605350528,False,False,False,False,False,-1.75,1.75,0.6511351539847052,2.687614067971373,True,False,False,False,False,False
E02002064,E02002067,Tividale,61.25,60.436827201635474,62.063172798364526,0.4148840807982277,False,False,False,False,False,Rowley West,64.35,63.23504484395111,65.46495515604889,0.5688546714535151,False,False,False,False,False,-3.0999999999999943,3.0999999999999943,0.7040770112241109,4.4029274505218154,True,False,False,False,False,False
E02002064,E02002069,Tividale,61.25,60.436827201635474,62.063172798364526,0.4148840807982277,False,False,False,False,False,Whiteheath,59.1,58.14475134127285,60.05524865872714,0.4873717646567057,False,False,False,False,False,2.1499999999999986,2.1499999999999986,0.6400469025660398,3.3591288253725473,True,False,False,False,False,False
E02002064,E02002071,Tividale,61.25,60.436827201635474,62.063172798364526,0.4148840807982277,False,False,False,False,False,Rowley East,58.95,57.813668182263655,60.08633181773635,0.5797611314981368,False,False,False,False,False,2.299999999999997,2.299999999999997,0.7129177863511262,3.226178451476032,True,False,False,False,False,False
E02002065,E02002066,Smethwick North,58.15,57.425,58.875,0.3698979591836742,False,False,False,False,False,Oldbury,58.25,57.28953136438507,59.21046863561493,0.49003501817088274,False,False,False,False,False,-0.10000000000000142,0.10000000000000142,0.6139697217632026,0.16287448135523802,False,False,False,False,False,False
E02002065,E02002070,Smethwick North,58.15,57.425,58.875,0.3698979591836742,False,False,False,False,False,Smethwick South,57.25,56.43605897019501,58.06394102980499,0.41527603561478915,False,False,False,False,False,0.8999999999999986,0.8999999999999986,0.5561282999130531,1.6183315974761714,False,False,False,False,False,False
E02002065,E02002073,Smethwick North,58.15,57.425,58.875,0.3698979591836742,False,False,False,False,False,Warley East,57.8,56.82371879051166,58.77628120948833,0.4981026579022114,False,False,False,False,False,0.3500000000000014,0.3500000000000014,0.6204278830109866,0.5641268060059184,False,False,False,False,False,False
E02002065,E02006943,Smethwick North,58.15,57.425,58.875,0.3698979591836742,False,False,False,False,False,Smethwick East,57.3,56.256867697748746,58.34313230225125,0.5322103582914549,False,False,False,False,False,0.8500000000000014,0.8500000000000014,0.6481298987710457,1.3114654972895599,False,False,False,False,False,False
E02002066,E02002072,Oldbury,58.25,57.28953136438507,59.21046863561493,0.49003501817088274,False,False,False,False,False,Langley Green,62.85,61.93008152535129,63.7699184746487,0.4693461605350528,False,False,False,False,False,-4.600000000000001,4.600000000000001,0.6785426570546121,6.779234808858558,True,False,False,False,False,False
E02002066,E02002073,Oldbury,58.25,57.28953136438507,59.21046863561493,0.49003501817088274,False,False,False,False,False,Warley East,57.8,56.82371879051166,58.77628120948833,0.4981026579022114,False,False,False,False,False,0.45000000000000284,0.45000000000000284,0.6987421390205294,0.644014400835759,False,False,False,False,False,False
E02002066,E02002074,Oldbury,58.25,57.28953136438507,59.21046863561493,0.49003501817088274,False,False,False,False,False,Warley West,60.7,59.72628289529248,61.67371710470753,0.4967944411773087,False,False,False,False,False,-2.450000000000003,2.450000000000003,0.6978101717647943,3.5109835011487998,True,False,False,False,False,False
E02002067,E02002071,Rowley West,64.35,63.23504484395111,65.46495515604889,0.5688546714535151,False,False,False,False,False,Rowley East,58.95,57.813668182263655,60.08633181773635,0.5797611314981368,False,False,False,False,False,5.3999999999999915,5.3999999999999915,0.8122306364761713,6.648357938611705,True,False,False,False,False,False
E02002067,E02002075,Rowley West,64.35,63.23504484395111,65.46495515604889,0.5688546714535151,False,False,False,False,False,Blackheath,59.75,58.8300815253513,60.6699184746487,0.4693461605350528,False,False,False,False,False,4.599999999999994,4.599999999999994,0.7374831900751923,6.237430306080587,True,False,False,False,False,False
E02002067,E02002077,Rowley West,64.35,63.23504484395111,65.46495515604889,0.5688546714535151,False,False,False,False,False,Old Hill,59.3,58.45147186257614,60.14852813742385,0.43292251909380375,False,False,False,False,False,5.049999999999997,5.049999999999997,0.7148549116939824,7.0643705700127,True,False,False,False,False,False
E02002069,E02002071,Whiteheath,59.1,58.14475134127285,60.05524865872714,0.4873717646567057,False,False,False,False,False,Rowley East,58.95,57.813668182263655,60.08633181773635,0.5797611314981368,False,False,False,False,False,0.14999999999999858,0.14999999999999858,0.7573996346583428,0.19804604218968555,False,False,False,False,False,False
E02002069,E02002072,Whiteheath,59.1,58.14475134127285,60.05524865872714,0.4873717646567057,False,False,False,False,False,Langley Green,62.85,61.93008152535129,63.7699184746487,0.4693461605350528,False,False,False,False,False,-3.75,3.75,0.6766217964221866,5.542239430992467,True,False,False,False,False,False
E02002069,E02002075,Whiteheath,59.1,58.14475134127285,60.05524865872714,0.4873717646567057,False,False,False,False,False,Blackheath,59.75,58.8300815253513,60.6699184746487,0.4693461605350528,False,False,False,False,False,-0.6499999999999986,0.6499999999999986,0.6766217964221866,0.9606548347053588,False,False,False,False,False,False
E02002070,E02002073,Smethwick South,57.25,56.43605897019501,58.06394102980499,0.41527603561478915,False,False,False,False,False,Warley East,57.8,56.82371879051166,58.77628120948833,0.4981026579022114,False,False,False,False,False,-0.5499999999999972,0.5499999999999972,0.6485063172901118,0.8481027637452491,False,False,False,False,False,False
E02002070,E02002076,Smethwick South,57.25,56.43605897019501,58.06394102980499,0.41527603561478915,False,False,False,False,False,Bearwood,64.35,63.48361382744182,65.21638617255816,0.4420337615092699,False,False,False,False,False,-7.099999999999994,7.099999999999994,0.606504766733098,11.706420772657275,True,False,False,False,False,False
E02002070,E02006943,Smethwick South,57.25,56.43605897019501,58.06394102980499,0.41527603561478915,False,False,False,False,False,Smethwick East,57.3,56.256867697748746,58.34313230225125,0.5322103582914549,False,False,False,False,False,-0.04999999999999716,0.04999999999999716,0.6750570725713897,0.0740678114956117,False,False,False,False,False,False
E02002070,E02006944,Smethwick South,57.25,56.43605897019501,58.06394102980499,0.41527603561478915,False,False,False,False,False,Smethwick South East,57.5,56.394898194734985,58.605101805265015,0.563827451665824,False,False,False,False,False,-0.25,0.25,0.7002539403729998,0.3570133427122653,False,False,False,False,False,False
E02002071,E02002075,Rowley East,58.95,57.813668182263655,60.08633181773635,0.5797611314981368,False,False,False,False,False,Blackheath,59.75,58.8300815253513,60.6699184746487,0.4693461605350528,False,False,False,False,False,-0.7999999999999972,0.7999999999999972,0.7459281386333374,1.072489370713013,False,False,False,False,False,False
E02002072,E02002074,Langley Green,62.85,61.93008152535129,63.7699184746487,0.4693461605350528,False,False,False,False,False,Warley West,60.7,59.72628289529248,61.67371710470753,0.4967944411773087,False,False,False,False,False,2.1499999999999986,2.1499999999999986,0.6834402206438175,3.1458493882239558,True,False,False,False,False,False
E02002072,E02002075,Langley Green,62.85,61.93008152535129,63.7699184746487,0.4693461605350528,False,False,False,False,False,Blackheath,59.75,58.8300815253513,60.6699184746487,0.4693461605350528,False,False,False,False,False,3.1000000000000014,3.1000000000000014,0.6637557056764116,4.670392997738367,True,False,False,False,False,False
E02002072,E02002079,Langley Green,62.85,61.93008152535129,63.7699184746487,0.4693461605350528,False,False,False,False,False,Brandhall,62.2,61.27466222383392,63.12533777616609,0.4721111102888189,False,False,False,False,False,0.6499999999999986,0.6499999999999986,0.6657136913622379,0.9763957215149283,False,False,False,False,False,False
E02002073,E02002074,Warley East,57.8,56.82371879051166,58.77628120948833,0.4981026579022114,False,False,False,False,False,Warley West,60.7,59.72628289529248,61.67371710470753,0.4967944411773087,False,False,False,False,False,-2.9000000000000057,2.9000000000000057,0.7034990935274344,4.1222512248864955,True,False,False,False,False,False
E02002073,E02002076,Warley East,57.8,56.82371879051166,58.77628120948833,0.4981026579022114,False,False,False,False,False,Bearwood,64.35,63.48361382744182,65.21638617255816,0.4420337615092699,False,False,False,False,False,-6.549999999999997,6.549999999999997,0.6659580348064595,9.835454574706882,True,False,False,False,False,False
E02002073,E02002078,Warley East,57.8,56.82371879051166,58.77628120948833,0.4981026579022114,False,False,False,False,False,Warley South,67.9,66.76284345844559,69.03715654155442,0.5801819089563358,False,False,False,False,False,-10.100000000000009,10.100000000000009,0.7646681013939743,13.208344877454564,True,True,False,False,False,False
E02002074,E02002078,Warley West,60.7,59.72628289529248,61.67371710470753,0.4967944411773087,False,False,False,False,False,Warley South,67.9,66.76284345844559,69.03715654155442,0.5801819089563358,False,False,False,False,False,-7.200000000000003,7.200000000000003,0.7638165776316277,9.42634686239084,True,False,False,False,False,False
E02002074,E02002079,Warley West,60.7,59.72628289529248,61.67371710470753,0.4967944411773087,False,False,False,False,False,Brandhall,62.2,61.27466222383392,63.12533777616609,0.4721111102888189,False,False,False,False,False,-1.5,1.5,0.6853419710209027,2.1886883678896276,True,False,False,False,False,False
E02002075,E02002077,Blackheath,59.75,58.8300815253513,60.6699184746487,0.4693461605350528,False,False,False,False,False,Old Hill,59.3,58.45147186257614,60.14852813742385,0.43292251909380375,False,False,False,False,False,0.45000000000000284,0.45000000000000284,0.638519949529786,0.7047548010542011,False,False,False,False,False,False
E02002075,E02002079,Blackheath,59.75,58.8300815253513,60.6699184746487,0.4693461605350528,False,False,False,False,False,Brandhall,62.2,61.27466222383392,63.12533777616609,0.4721111102888189,False,False,False,False,False,-2.450000000000003,2.450000000000003,0.6657136913622379,3.6802607964793577,True,False,False,False,False,False
E02002076,E02002078,Bearwood,64.35,63.48361382744182,65.21638617255816,0.4420337615092699,False,False,False,False,False,Warley South,67.9,66.76284345844559,69.03715654155442,0.5801819089563358,False,False,False,False,False,-3.5500000000000114,3.5500000000000114,0.7293866558926424,4.867103025973829,True,False,False,False,False,False
E02002076,E02006944,Bearwood,64.35,63.48361382744182,65.21638617255816,0.4420337615092699,False,False,False,False,False,Smethwick South East,57.5,56.394898194734985,58.605101805265015,0.563827451665824,False,False,False,False,False,6.849999999999994,6.849999999999994,0.7164462586726316,9.561080007160719,True,False,False,False,False,False
E02002077,E02002080,Old Hill,59.3,58.45147186257614,60.14852813742385,0.43292251909380375,False,False,False,False,False,Cradley Heath,60.15,59.07995327204837,61.22004672795163,0.5459422081385873,False,False,False,False,False,-0.8500000000000014,0.8500000000000014,0.6967602185585522,1.2199318752130677,False,False,False,False,False,False
E02002078,E02002079,Warley South,67.9,66.76284345844559,69.03715654155442,0.5801819089563358,False,False,False,False,False,Brandhall,62.2,61.27466222383392,63.12533777616609,0.4721111102888189,False,False,False,False,False,5.700000000000003,5.700000000000003,0.7479972913977424,7.620348449856976,True,False,False,False,False,False
E02002081,E02002083,Castle Bromwich West,66.44999999999999,65.06706833140605,67.83293166859393,0.7055773819356839,False,False,False,False,False,Castle Bromwich East,69.55000000000001,68.3975569428384,70.70244305716162,0.5879811516130639,False,False,False,False,False,-3.1000000000000227,3.1000000000000227,0.9184559197650363,3.375230028233777,True,False,False,False,False,False
E02002081,E02007038,Castle Bromwich West,66.44999999999999,65.06706833140605,67.83293166859393,0.7055773819356839,False,False,False,False,False,Birches Green,60.5,59.7221825406948,61.2778174593052,0.39684564250265164,False,False,False,False,False,5.949999999999989,5.949999999999989,0.8095220230929832,7.350016219776841,True,False,False,False,False,False
E02002082,E02002083,Smith's Wood North,57.25,56.15170586817556,58.34829413182444,0.5603541488900197,False,False,False,True,False,Castle Bromwich East,69.55000000000001,68.3975569428384,70.70244305716162,0.5879811516130639,False,False,False,False,False,-12.300000000000011,12.300000000000011,0.8122306364761693,15.143481971282291,True,True,False,False,False,True
E02002082,E02002084,Smith's Wood North,57.25,56.15170586817556,58.34829413182444,0.5603541488900197,False,False,False,True,False,Smith's Wood South,58.1,56.95081550654388,59.24918449345612,0.5863186191102646,False,False,False,False,False,-0.8500000000000014,0.8500000000000014,0.8110279251009954,1.048052691766628,False,False,False,False,False,True
E02002082,E02006473,Smith's Wood North,57.25,56.15170586817556,58.34829413182444,0.5603541488900197,False,False,False,True,False,Coleshill,67.75,66.93605897019502,68.56394102980498,0.41527603561478554,False,False,False,False,False,-10.5,10.5,0.6974603629842996,15.054618953645633,True,True,False,False,False,True
E02002083,E02002084,Castle Bromwich East,69.55000000000001,68.3975569428384,70.70244305716162,0.5879811516130639,False,False,False,False,False,Smith's Wood South,58.1,56.95081550654388,59.24918449345612,0.5863186191102646,False,False,False,False,False,11.45000000000001,11.45000000000001,0.8303561632020277,13.789263580397124,True,True,False,False,False,False
E02002084,E02002085,Smith's Wood South,58.1,56.95081550654388,59.24918449345612,0.5863186191102646,False,False,False,False,False,Kingshurst,61.45,60.33280485142478,62.56719514857522,0.5699975247832757,False,False,False,False,False,-3.3500000000000014,3.3500000000000014,0.8177204298379909,4.096754682604314,True,False,False,False,False,False
E02002084,E02002086,Smith's Wood South,58.1,56.95081550654388,59.24918449345612,0.5863186191102646,False,False,False,False,False,Chelmsley Wood West,57.4,56.33875073616044,58.46124926383956,0.5414537060405918,False,False,False,False,False,0.7000000000000028,0.7000000000000028,0.7980862352530954,0.8770981995172656,False,False,False,False,False,False
E02002084,E02006473,Smith's Wood South,58.1,56.95081550654388,59.24918449345612,0.5863186191102646,False,False,False,False,False,Coleshill,67.75,66.93605897019502,68.56394102980498,0.41527603561478554,False,False,False,False,False,-9.649999999999999,9.649999999999999,0.7184870972197762,13.430999717797555,True,True,False,False,False,False
E02002085,E02002086,Kingshurst,61.45,60.33280485142478,62.56719514857522,0.5699975247832757,False,False,False,False,False,Chelmsley Wood West,57.4,56.33875073616044,58.46124926383956,0.5414537060405918,False,False,False,False,False,4.050000000000004,4.050000000000004,0.7861738319507668,5.151532441560113,True,False,False,False,False,False
E02002085,E02002087,Kingshurst,61.45,60.33280485142478,62.56719514857522,0.5699975247832757,False,False,False,False,False,Fordbridge,55.7,54.56862915010153,56.83137084989848,0.577230025458405,False,False,False,False,False,5.75,5.75,0.8112285008243805,7.088015268394513,True,False,False,False,False,False
E02002086,E02002087,Chelmsley Wood West,57.4,56.33875073616044,58.46124926383956,0.5414537060405918,False,False,False,False,False,Fordbridge,55.7,54.56862915010153,56.83137084989848,0.577230025458405,False,False,False,False,False,1.6999999999999957,1.6999999999999957,0.7914332682392132,2.148001692906047,True,False,False,False,False,False
E02002086,E02002088,Chelmsley Wood West,57.4,56.33875073616044,58.46124926383956,0.5414537060405918,False,False,False,False,False,Chelmsley Wood East,55.55,54.70147186257614,56.39852813742385,0.43292251909380375,False,False,False,False,False,1.8500000000000014,1.8500000000000014,0.6932488898827149,2.6685942480383744,True,False,False,False,False,False
E02002086,E02002089,Chelmsley Wood West,57.4,56.33875073616044,58.46124926383956,0.5414537060405918,False,False,False,False,False,Marston Green,65.4,64.28616652950274,66.51383347049727,0.56828238290677,False,False,False,False,False,-8.000000000000007,8.000000000000007,0.7849311960339508,10.191976112583989,True,False,False,False,False,False
E02002086,E02006473,Chelmsley Wood West,57.4,56.33875073616044,58.46124926383956,0.5414537060405918,False,False,False,False,False,Coleshill,67.75,66.93605897019502,68.56394102980498,0.41527603561478554,False,False,False,False,False,-10.350000000000001,10.350000000000001,0.6823681568926149,15.16776522388162,True,True,False,False,False,False
E02002087,E02002089,Fordbridge,55.7,54.56862915010153,56.83137084989848,0.577230025458405,False,False,False,False,False,Marston Green,65.4,64.28616652950274,66.51383347049727,0.56828238290677,False,False,False,False,False,-9.700000000000003,9.700000000000003,0.8100243014952746,11.974949371388199,True,True,False,False,False,False
E02002088,E02002089,Chelmsley Wood East,55.55,54.70147186257614,56.39852813742385,0.43292251909380375,False,False,False,False,False,Marston Green,65.4,64.28616652950274,66.51383347049727,0.56828238290677,False,False,False,False,False,-9.850000000000009,9.850000000000009,0.7143995900479798,13.787801864973735,True,True,False,False,False,False
E02002088,E02006473,Chelmsley Wood East,55.55,54.70147186257614,56.39852813742385,0.43292251909380375,False,False,False,False,False,Coleshill,67.75,66.93605897019502,68.56394102980498,0.41527603561478554,False,False,False,False,False,-12.200000000000003,12.200000000000003,0.5998967355257548,20.336833454024074,True,True,False,False,False,False
E02002089,E02002091,Marston Green,65.4,64.28616652950274,66.51383347049727,0.56828238290677,False,False,False,False,False,Elmdon Park,68.0,67.02628289529248,68.97371710470752,0.4967944411773051,False,False,False,False,False,-2.5999999999999943,2.5999999999999943,0.7548175829343589,3.4445408517015137,True,False,False,False,False,False
E02002089,E02002095,Marston Green,65.4,64.28616652950274,66.51383347049727,0.56828238290677,False,False,False,False,False,Elmdon Heath,69.3,68.27408577356583,70.32591422643416,0.5234256257317181,False,False,False,False,False,-3.8999999999999915,3.8999999999999915,0.7726054959646854,5.04785433234642,True,False,False,False,False,False
E02002089,E02002097,Marston Green,65.4,64.28616652950274,66.51383347049727,0.56828238290677,False,False,False,False,False,Meriden,70.5,69.37638974728779,71.62361025271221,0.5732705370980671,False,False,False,False,False,-5.099999999999994,5.099999999999994,0.8072075169539138,6.318077932729621,True,False,False,False,False,False
E02002089,E02006473,Marston Green,65.4,64.28616652950274,66.51383347049727,0.56828238290677,False,False,False,False,False,Coleshill,67.75,66.93605897019502,68.56394102980498,0.41527603561478554,False,False,False,False,False,-2.3499999999999943,2.3499999999999943,0.703845901087823,3.338799013204413,True,False,False,False,False,False
E02002089,E02006474,Marston Green,65.4,64.28616652950274,66.51383347049727,0.56828238290677,False,False,False,False,False,New Arley,66.75,65.80892348876407,67.69107651123593,0.480141077161191,False,False,False,False,False,-1.3499999999999943,1.3499999999999943,0.7439625801743698,1.814607395554198,False,False,False,False,False,False
E02002090,E02002091,Lyndon North,66.6,65.25440533592021,67.94559466407978,0.6865278898366242,False,False,False,False,False,Elmdon Park,68.0,67.02628289529248,68.97371710470752,0.4967944411773051,False,False,False,False,False,-1.4000000000000057,1.4000000000000057,0.8474227164220929,1.65206805631899,False,False,False,False,False,False
E02002090,E02002092,Lyndon North,66.6,65.25440533592021,67.94559466407978,0.6865278898366242,False,False,False,False,False,Lyndon South,63.9,62.61937515251343,65.18062484748657,0.6533800242278425,False,False,False,False,False,2.6999999999999957,2.6999999999999957,0.9477478565438722,2.84885898855632,True,False,False,False,False,False
E02002090,E02002093,Lyndon North,66.6,65.25440533592021,67.94559466407978,0.6865278898366242,False,False,False,False,False,Olton,64.55,63.39972829296727,65.70027170703273,0.5868733199146579,False,False,False,False,False,2.049999999999997,2.049999999999997,0.9031837228112453,2.269748610636136,True,False,False,False,False,False
E02002091,E02002092,Elmdon Park,68.0,67.02628289529248,68.97371710470752,0.4967944411773051,False,False,False,False,False,Lyndon South,63.9,62.61937515251343,65.18062484748657,0.6533800242278425,False,False,False,False,False,4.100000000000001,4.100000000000001,0.8207984971018446,4.995135851828045,True,False,False,False,False,False
E02002091,E02002094,Elmdon Park,68.0,67.02628289529248,68.97371710470752,0.4967944411773051,False,False,False,False,False,Ulverley Green,72.0,70.83380962103094,73.16619037896906,0.5949950913107462,False,False,False,False,False,-4.0,4.0,0.7751282961346168,5.160436046454584,True,False,False,False,False,False
E02002091,E02002095,Elmdon Park,68.0,67.02628289529248,68.97371710470752,0.4967944411773051,False,False,False,False,False,Elmdon Heath,69.3,68.27408577356583,70.32591422643416,0.5234256257317181,False,False,False,False,False,-1.2999999999999972,1.2999999999999972,0.7216502632559012,1.8014266275393984,False,False,False,False,False,False
E02002091,E02002096,Elmdon Park,68.0,67.02628289529248,68.97371710470752,0.4967944411773051,False,False,False,False,False,Lode Heath,69.95,69.13605897019502,70.76394102980498,0.41527603561478554,False,False,False,False,False,-1.9500000000000028,1.9500000000000028,0.6475020482906626,3.01157348482186,True,False,False,False,False,False
E02002092,E02002093,Lyndon South,63.9,62.61937515251343,65.18062484748657,0.6533800242278425,False,False,False,False,False,Olton,64.55,63.39972829296727,65.70027170703273,0.5868733199146579,False,False,False,False,False,-0.6499999999999986,0.6499999999999986,0.8782515298521424,0.7401068804393988,False,False,False,False,False,False
E02002092,E02002094,Lyndon South,63.9,62.61937515251343,65.18062484748657,0.6533800242278425,False,False,False,False,False,Ulverley Green,72.0,70.83380962103094,73.16619037896906,0.5949950913107462,False,False,False,False,False,-8.100000000000001,8.100000000000001,0.8836993916167756,9.166012873654486,True,False,False,False,False,False
E02002093,E02002094,Olton,64.55,63.39972829296727,65.70027170703273,0.5868733199146579,False,False,False,False,False,Ulverley Green,72.0,70.83380962103094,73.16619037896906,0.5949950913107462,False,False,False,False,False,-7.450000000000003,7.450000000000003,0.8357269005551607,8.914395354572266,True,False,False,False,False,False
E02002094,E02002096,Ulverley Green,72.0,70.83380962103094,73.16619037896906,0.5949950913107462,False,False,False,False,False,Lode Heath,69.95,69.13605897019502,70.76394102980498,0.41527603561478554,False,False,False,False,False,2.049999999999997,2.049999999999997,0.7255848292514224,2.825307141709342,True,False,False,False,False,False
E02002094,E02002098,Ulverley Green,72.0,70.83380962103094,73.16619037896906,0.5949950913107462,False,False,False,False,False,Shirley East,68.2,67.2147969752381,69.1852030247619,0.5026546044703578,False,False,False,False,False,3.799999999999997,3.799999999999997,0.778897175549594,4.878692745699966,True,False,False,False,False,False
E02002094,E02002099,Ulverley Green,72.0,70.83380962103094,73.16619037896906,0.5949950913107462,False,False,False,False,False,Central Solihull,75.3,74.46745870973267,76.13254129026733,0.4247659644221068,False,False,False,False,False,-3.299999999999997,3.299999999999997,0.7310576469850553,4.514007908418004,True,False,False,False,False,False
E02002094,E02006807,Ulverley Green,72.0,70.83380962103094,73.16619037896906,0.5949950913107462,False,False,False,False,False,Yardley Wood East,67.05000000000001,66.02225976044528,68.07774023955474,0.5243572650789445,False,False,False,False,False,4.949999999999989,4.949999999999989,0.793076099832137,6.241519573024214,True,False,False,False,False,False
E02002095,E02002096,Elmdon Heath,69.3,68.27408577356583,70.32591422643416,0.5234256257317181,False,False,False,False,False,Lode Heath,69.95,69.13605897019502,70.76394102980498,0.41527603561478554,False,False,False,False,False,-0.6500000000000057,0.6500000000000057,0.6681531047810624,0.9728309205612312,False,False,False,False,False,False
E02002095,E02002097,Elmdon Heath,69.3,68.27408577356583,70.32591422643416,0.5234256257317181,False,False,False,False,False,Meriden,70.5,69.37638974728779,71.62361025271221,0.5732705370980671,False,False,False,False,False,-1.2000000000000028,1.2000000000000028,0.7762818395256628,1.545830314326621,False,False,False,False,False,False
E02002095,E02002106,Elmdon Heath,69.3,68.27408577356583,70.32591422643416,0.5234256257317181,False,False,False,False,False,Knowle,72.3,71.27378121241131,73.32621878758869,0.523581014075862,False,False,False,False,False,-3.0,3.0,0.7403455031087504,4.052162115394555,True,False,False,False,False,False
E02002096,E02002099,Lode Heath,69.95,69.13605897019502,70.76394102980498,0.41527603561478554,False,False,False,False,False,Central Solihull,75.3,74.46745870973267,76.13254129026733,0.4247659644221068,False,False,False,False,False,-5.349999999999994,5.349999999999994,0.5940372970507619,9.006168512585539,True,False,False,False,False,False
E02002096,E02002104,Lode Heath,69.95,69.13605897019502,70.76394102980498,0.41527603561478554,False,False,False,False,False,Monkspath North,74.6,73.53933982822018,75.66066017177981,0.5411531488672529,False,False,False,False,False,-4.6499999999999915,4.6499999999999915,0.6821296916898397,6.816885493549691,True,False,False,False,False,False
E02002096,E02002106,Lode Heath,69.95,69.13605897019502,70.76394102980498,0.41527603561478554,False,False,False,False,False,Knowle,72.3,71.27378121241131,73.32621878758869,0.523581014075862,False,False,False,False,False,-2.3499999999999943,2.3499999999999943,0.6682748417055969,3.516517237132904,True,False,False,False,False,False
E02002097,E02002105,Meriden,70.5,69.37638974728779,71.62361025271221,0.5732705370980671,False,False,False,False,False,Balsall Common,72.6,71.75073561242684,73.44926438757315,0.4332981569250803,False,False,False,False,False,-2.0999999999999943,2.0999999999999943,0.7186003071940463,2.9223477626943506,True,False,False,False,False,False
E02002097,E02002106,Meriden,70.5,69.37638974728779,71.62361025271221,0.5732705370980671,False,False,False,False,False,Knowle,72.3,71.27378121241131,73.32621878758869,0.523581014075862,False,False,False,False,False,-1.7999999999999972,1.7999999999999972,0.7763866221190407,2.318432529256035,True,False,False,False,False,False
E02002097,E02006474,Meriden,70.5,69.37638974728779,71.62361025271221,0.5732705370980671,False,False,False,False,False,New Arley,66.75,65.80892348876407,67.69107651123593,0.480141077161191,False,False,False,False,False,3.75,3.75,0.7477797554642778,5.014845577989362,True,False,False,False,False,False
E02002097,E02006519,Meriden,70.5,69.37638974728779,71.62361025271221,0.5732705370980671,False,False,False,False,False,Kenilworth West,71.4,70.151751226718,72.648248773282,0.6368616190214288,False,False,False,False,False,-0.9000000000000057,0.9000000000000057,0.8568732872994127,1.0503303269454396,False,False,False,False,False,False
E02002097,E02006522,Meriden,70.5,69.37638974728779,71.62361025271221,0.5732705370980671,False,False,False,False,False,Kingswood,75.69999999999999,74.58280485142477,76.81719514857521,0.5699975247832757,False,False,False,False,False,-5.199999999999989,5.199999999999989,0.8084159121168801,6.432332568001429,True,False,False,False,False,False
E02002098,E02002099,Shirley East,68.2,67.2147969752381,69.1852030247619,0.5026546044703578,False,False,False,False,False,Central Solihull,75.3,74.46745870973267,76.13254129026733,0.4247659644221068,False,False,False,False,False,-7.099999999999994,7.099999999999994,0.6580940479344076,10.788731522926117,True,False,False,False,False,False
E02002098,E02002102,Shirley East,68.2,67.2147969752381,69.1852030247619,0.5026546044703578,False,False,False,False,False,Blossomfield,68.25,67.3654096993523,69.1345903006477,0.45132158196311306,False,False,False,False,False,-0.04999999999999716,0.04999999999999716,0.6755389120849655,0.07401498138083337,False,False,False,False,False,False
E02002098,E02002103,Shirley East,68.2,67.2147969752381,69.1852030247619,0.5026546044703578,False,False,False,False,False,Shirley Heath,69.15,68.07470934161968,70.22529065838033,0.5486176828471048,False,False,False,False,False,-0.9500000000000028,0.9500000000000028,0.7440719140834294,1.2767583106133524,False,False,False,False,False,False
E02002098,E02006807,Shirley East,68.2,67.2147969752381,69.1852030247619,0.5026546044703578,False,False,False,False,False,Yardley Wood East,67.05000000000001,66.02225976044528,68.07774023955474,0.5243572650789445,False,False,False,False,False,1.1499999999999915,1.1499999999999915,0.7263691849440768,1.5832169423438993,False,False,False,False,False,False
E02002098,E02006808,Shirley East,68.2,67.2147969752381,69.1852030247619,0.5026546044703578,False,False,False,False,False,Shirley West,68.0,66.762058159686,69.237941840314,0.6316029797520376,False,False,False,False,False,0.20000000000000284,0.20000000000000284,0.8072075169539148,0.24776776206783177,False,False,False,False,False,False
E02002099,E02002102,Central Solihull,75.3,74.46745870973267,76.13254129026733,0.4247659644221068,False,False,False,False,False,Blossomfield,68.25,67.3654096993523,69.1345903006477,0.45132158196311306,False,False,False,False,False,7.049999999999997,7.049999999999997,0.619771970064095,11.375151411366517,True,False,False,False,False,False
E02002099,E02002104,Central Solihull,75.3,74.46745870973267,76.13254129026733,0.4247659644221068,False,False,False,False,False,Monkspath North,74.6,73.53933982822018,75.66066017177981,0.5411531488672529,False,False,False,False,False,0.7000000000000028,0.7000000000000028,0.6879482938858019,1.0175183312776723,False,False,False,False,False,False
E02002101,E02002103,Solihull Lodge,66.94999999999999,65.82499999999999,68.07499999999999,0.5739795918367347,False,False,False,False,False,Shirley Heath,69.15,68.07470934161968,70.22529065838033,0.5486176828471048,False,False,False,False,False,-2.200000000000017,2.200000000000017,0.7939986988513212,2.770785396982085,True,False,False,False,False,False
E02002101,E02002109,Solihull Lodge,66.94999999999999,65.82499999999999,68.07499999999999,0.5739795918367347,False,False,False,False,False,Dickens Heath,72.5,71.58008152535129,73.41991847464871,0.4693461605350564,False,False,False,False,False,-5.550000000000011,5.550000000000011,0.741443450476207,7.485398915366252,True,False,False,False,False,False
E02002101,E02006700,Solihull Lodge,66.94999999999999,65.82499999999999,68.07499999999999,0.5739795918367347,False,False,False,False,False,Wythall,69.35,68.30567007128973,70.39432992871026,0.5328213921991168,False,False,False,False,False,-2.4000000000000057,2.4000000000000057,0.7831674200514662,3.064478856694892,True,False,False,False,False,False
E02002101,E02006807,Solihull Lodge,66.94999999999999,65.82499999999999,68.07499999999999,0.5739795918367347,False,False,False,False,False,Yardley Wood East,67.05000000000001,66.02225976044528,68.07774023955474,0.5243572650789445,False,False,False,False,False,-0.10000000000002274,0.10000000000002274,0.7774336713097364,0.12862833665482165,False,False,False,False,False,False
E02002101,E02006808,Solihull Lodge,66.94999999999999,65.82499999999999,68.07499999999999,0.5739795918367347,False,False,False,False,False,Shirley West,68.0,66.762058159686,69.237941840314,0.6316029797520376,False,False,False,False,False,-1.0500000000000114,1.0500000000000114,0.8534488244040866,1.2303022395433785,False,False,False,False,False,False
E02002102,E02002103,Blossomfield,68.25,67.3654096993523,69.1345903006477,0.45132158196311306,False,False,False,False,False,Shirley Heath,69.15,68.07470934161968,70.22529065838033,0.5486176828471048,False,False,False,False,False,-0.9000000000000057,0.9000000000000057,0.710403077328789,1.2668864039611518,False,False,False,False,False,False
E02002102,E02002104,Blossomfield,68.25,67.3654096993523,69.1345903006477,0.45132158196311306,False,False,False,False,False,Monkspath North,74.6,73.53933982822018,75.66066017177981,0.5411531488672529,False,False,False,False,False,-6.349999999999994,6.349999999999994,0.7046544549455642,9.011509053030172,True,False,False,False,False,False
E02002102,E02002107,Blossomfield,68.25,67.3654096993523,69.1345903006477,0.45132158196311306,False,False,False,False,False,Monkspath South,73.85,72.85941936219204,74.84058063780795,0.5053982845958938,False,False,False,False,False,-5.599999999999994,5.599999999999994,0.6775829074129298,8.264671287800454,True,False,False,False,False,False
E02002102,E02002109,Blossomfield,68.25,67.3654096993523,69.1345903006477,0.45132158196311306,False,False,False,False,False,Dickens Heath,72.5,71.58008152535129,73.41991847464871,0.4693461605350564,False,False,False,False,False,-4.25,4.25,0.6511351539847053,6.527062736501905,True,False,False,False,False,False
E02002103,E02002109,Shirley Heath,69.15,68.07470934161968,70.22529065838033,0.5486176828471048,False,False,False,False,False,Dickens Heath,72.5,71.58008152535129,73.41991847464871,0.4693461605350564,False,False,False,False,False,-3.3499999999999943,3.3499999999999943,0.7219883519431082,4.639964053414494,True,False,False,False,False,False
E02002103,E02006808,Shirley Heath,69.15,68.07470934161968,70.22529065838033,0.5486176828471048,False,False,False,False,False,Shirley West,68.0,66.762058159686,69.237941840314,0.6316029797520376,False,False,False,False,False,1.1500000000000057,1.1500000000000057,0.8366024659084978,1.374607471125701,False,False,False,False,False,False
E02002104,E02002106,Monkspath North,74.6,73.53933982822018,75.66066017177981,0.5411531488672529,False,False,False,False,False,Knowle,72.3,71.27378121241131,73.32621878758869,0.523581014075862,False,False,False,False,False,2.299999999999997,2.299999999999997,0.7529832726094592,3.054516725224666,True,False,False,False,False,False
E02002104,E02002107,Monkspath North,74.6,73.53933982822018,75.66066017177981,0.5411531488672529,False,False,False,False,False,Monkspath South,73.85,72.85941936219204,74.84058063780795,0.5053982845958938,False,False,False,False,False,0.75,0.75,0.7404553711071418,1.012890214947846,False,False,False,False,False,False
E02002104,E02002108,Monkspath North,74.6,73.53933982822018,75.66066017177981,0.5411531488672529,False,False,False,False,False,Dorridge,74.35,73.32988971184484,75.37011028815515,0.5204644327322204,False,False,False,False,False,0.25,0.25,0.750819523100069,0.3329694984059173,False,False,False,False,False,False
E02002105,E02006519,Balsall Common,72.6,71.75073561242684,73.44926438757315,0.4332981569250803,False,False,False,False,False,Kenilworth West,71.4,70.151751226718,72.648248773282,0.6368616190214288,False,False,False,False,False,1.1999999999999886,1.1999999999999886,0.7702856707594053,1.5578635895134056,False,False,False,False,False,False
E02002106,E02002108,Knowle,72.3,71.27378121241131,73.32621878758869,0.523581014075862,False,False,False,False,False,Dorridge,74.35,73.32988971184484,75.37011028815515,0.5204644327322204,False,False,False,False,False,-2.049999999999997,2.049999999999997,0.7382549045146805,2.7768186671887287,True,False,False,False,False,False
E02002106,E02006522,Knowle,72.3,71.27378121241131,73.32621878758869,0.523581014075862,False,False,False,False,False,Kingswood,75.69999999999999,74.58280485142477,76.81719514857521,0.5699975247832757,False,False,False,False,False,-3.3999999999999915,3.3999999999999915,0.7739730334835763,4.392917909164002,True,False,False,False,False,False
E02002107,E02002108,Monkspath South,73.85,72.85941936219204,74.84058063780795,0.5053982845958938,False,False,False,False,False,Dorridge,74.35,73.32988971184484,75.37011028815515,0.5204644327322204,False,False,False,False,False,-0.5,0.5,0.7254727092122377,0.6892058014738147,False,False,False,False,False,False
E02002107,E02002109,Monkspath South,73.85,72.85941936219204,74.84058063780795,0.5053982845958938,False,False,False,False,False,Dickens Heath,72.5,71.58008152535129,73.41991847464871,0.4693461605350564,False,False,False,False,False,1.3499999999999943,1.3499999999999943,0.6897196854385635,1.9573169049707295,False,False,False,False,False,False
E02002108,E02002109,Dorridge,74.35,73.32988971184484,75.37011028815515,0.5204644327322204,False,False,False,False,False,Dickens Heath,72.5,71.58008152535129,73.41991847464871,0.4693461605350564,False,False,False,False,False,1.8499999999999943,1.8499999999999943,0.7008345340722523,2.6397101028261676,True,False,False,False,False,False
E02002108,E02006522,Dorridge,74.35,73.32988971184484,75.37011028815515,0.5204644327322204,False,False,False,False,False,Kingswood,75.69999999999999,74.58280485142477,76.81719514857521,0.5699975247832757,False,False,False,False,False,-1.3499999999999943,1.3499999999999943,0.7718681260411865,1.7490034300599673,False,False,False,False,False,False
E02002109,E02006504,Dickens Heath,72.5,71.58008152535129,73.41991847464871,0.4693461605350564,False,False,False,False,False,Earlswood,73.4,72.55073561242685,74.24926438757316,0.4332981569250803,False,False,False,False,False,-0.9000000000000057,0.9000000000000057,0.6387746951810712,1.4089474845976575,False,False,False,False,False,False
E02002109,E02006522,Dickens Heath,72.5,71.58008152535129,73.41991847464871,0.4693461605350564,False,False,False,False,False,Kingswood,75.69999999999999,74.58280485142477,76.81719514857521,0.5699975247832757,False,False,False,False,False,-3.1999999999999886,3.1999999999999886,0.7383650835921617,4.333899409804052,True,False,False,False,False,False
E02002109,E02006700,Dickens Heath,72.5,71.58008152535129,73.41991847464871,0.4693461605350564,False,False,False,False,False,Wythall,69.35,68.30567007128973,70.39432992871026,0.5328213921991168,False,False,False,False,False,3.1500000000000057,3.1500000000000057,0.7100594724345307,4.4362481204564785,True,False,False,False,False,False
E02002110,E02002111,Brownhills West,63.150000000000006,62.15941936219206,64.14058063780796,0.505398284595892,False,False,False,False,False,Brownhills,59.45,58.313668182263655,60.58633181773635,0.5797611314981368,False,False,False,False,False,3.700000000000003,3.700000000000003,0.7691231342694549,4.810673135601904,True,False,False,False,False,False
E02002110,E02002112,Brownhills West,63.150000000000006,62.15941936219206,64.14058063780796,0.505398284595892,False,False,False,False,False,Pelsall North,64.8,63.508440864691046,66.09155913530894,0.6589587425045651,False,False,False,False,False,-1.6499999999999915,1.6499999999999915,0.8304541229927562,1.9868647217425928,True,False,False,False,False,False
E02002110,E02002113,Brownhills West,63.150000000000006,62.15941936219206,64.14058063780796,0.505398284595892,False,False,False,False,False,Walsall Wood,62.65,61.51366818226365,63.78633181773635,0.5797611314981368,False,False,False,False,False,0.5000000000000071,0.5000000000000071,0.7691231342694549,0.6500909642705364,False,False,False,False,False,False
E02002110,E02002114,Brownhills West,63.150000000000006,62.15941936219206,64.14058063780796,0.505398284595892,False,False,False,False,False,Pelsall South,64.95,63.781133027243904,66.1188669727561,0.596360700385763,False,False,False,False,False,-1.7999999999999972,1.7999999999999972,0.7817119105124778,2.302638575405543,True,False,False,False,False,False
E02002110,E02006130,Brownhills West,63.150000000000006,62.15941936219206,64.14058063780796,0.505398284595892,False,False,False,False,False,Norton Canes,64.3,63.29097819646947,65.30902180353053,0.5148070426176172,False,False,False,False,False,-1.1499999999999915,1.1499999999999915,0.7214247827744534,1.5940677773465513,False,False,False,False,False,False
E02002110,E02006151,Brownhills West,63.150000000000006,62.15941936219206,64.14058063780796,0.505398284595892,False,False,False,False,False,Burntwood West,65.0,64.13217225211451,65.86782774788549,0.44276925912524756,False,False,False,False,False,-1.8499999999999943,1.8499999999999943,0.6719166934217298,2.753317514078845,True,False,False,False,False,False
E02002111,E02002113,Brownhills,59.45,58.313668182263655,60.58633181773635,0.5797611314981368,False,False,False,False,False,Walsall Wood,62.65,61.51366818226365,63.78633181773635,0.5797611314981368,False,False,False,False,False,-3.1999999999999957,3.1999999999999957,0.8199060551014364,3.9028861661524146,True,False,False,False,False,False
E02002111,E02006151,Brownhills,59.45,58.313668182263655,60.58633181773635,0.5797611314981368,False,False,False,False,False,Burntwood West,65.0,64.13217225211451,65.86782774788549,0.44276925912524756,False,False,False,False,False,-5.549999999999997,5.549999999999997,0.7294981743790183,7.607969690567638,True,False,False,False,False,False
E02002111,E02006154,Brownhills,59.45,58.313668182263655,60.58633181773635,0.5797611314981368,False,False,False,False,False,Burntwood Chase Terrace,67.7,66.93965468371273,68.46034531628727,0.3879312838200363,False,False,False,False,False,-8.25,8.25,0.6975769854017988,11.826651642252884,True,False,False,False,False,False
E02002112,E02002114,Pelsall North,64.8,63.508440864691046,66.09155913530894,0.6589587425045651,False,False,False,False,False,Pelsall South,64.95,63.781133027243904,66.1188669727561,0.596360700385763,False,False,False,False,False,-0.15000000000000568,0.15000000000000568,0.8887478322267771,0.168776782975861,False,False,False,False,False,False
E02002112,E02002115,Pelsall North,64.8,63.508440864691046,66.09155913530894,0.6589587425045651,False,False,False,False,False,Little Bloxwich,60.4,59.3885035837928,61.41149641620719,0.5160696001057131,False,False,False,False,False,4.399999999999999,4.399999999999999,0.836991312067496,5.2569243390726825,True,False,False,False,False,False
E02002112,E02006130,Pelsall North,64.8,63.508440864691046,66.09155913530894,0.6589587425045651,False,False,False,False,False,Norton Canes,64.3,63.29097819646947,65.30902180353053,0.5148070426176172,False,False,False,False,False,0.5,0.5,0.836213438932845,0.5979334661711341,False,False,False,False,False,False
E02002112,E02006180,Pelsall North,64.8,63.508440864691046,66.09155913530894,0.6589587425045651,False,False,False,False,False,Featherstone East,62.75,61.67035885591554,63.82964114408446,0.5508373184104399,False,False,False,False,False,2.049999999999997,2.049999999999997,0.8588645851802263,2.3868721977514302,True,False,False,False,False,False
E02002113,E02002114,Walsall Wood,62.65,61.51366818226365,63.78633181773635,0.5797611314981368,False,False,False,False,False,Pelsall South,64.95,63.781133027243904,66.1188669727561,0.596360700385763,False,False,False,False,False,-2.3000000000000043,2.3000000000000043,0.831726550352096,2.765331945969913,True,False,False,False,False,False
E02002113,E02002116,Walsall Wood,62.65,61.51366818226365,63.78633181773635,0.5797611314981368,False,False,False,False,False,Aldridge North,66.25,65.20567007128973,67.29432992871027,0.5328213921991168,False,False,False,False,False,-3.6000000000000014,3.6000000000000014,0.7874145068393171,4.571924912141137,True,False,False,False,False,False
E02002113,E02002119,Walsall Wood,62.65,61.51366818226365,63.78633181773635,0.5797611314981368,False,False,False,False,False,Shelfield,63.7,62.586166529502734,64.81383347049727,0.56828238290677,False,False,False,False,False,-1.0500000000000043,1.0500000000000043,0.8118299306617098,1.2933743390615886,False,False,False,False,False,False
E02002113,E02002125,Walsall Wood,62.65,61.51366818226365,63.78633181773635,0.5797611314981368,False,False,False,False,False,Rushall,59.65,58.37279602255552,60.92720397744448,0.6516346823696323,False,False,False,False,False,3.0,3.0,0.8722102549632006,3.4395376377758513,True,False,False,False,False,False
E02002113,E02006154,Walsall Wood,62.65,61.51366818226365,63.78633181773635,0.5797611314981368,False,False,False,False,False,Burntwood Chase Terrace,67.7,66.93965468371273,68.46034531628727,0.3879312838200363,False,False,False,False,False,-5.050000000000004,5.050000000000004,0.6975769854017988,7.239344338591166,True,False,False,False,False,False
E02002113,E02006156,Walsall Wood,62.65,61.51366818226365,63.78633181773635,0.5797611314981368,False,False,False,False,False,Shenstone,72.05000000000001,71.01498792277579,73.08501207722423,0.5280673863388895,False,False,False,False,False,-9.400000000000013,9.400000000000013,0.7842054157622133,11.986655296002548,True,False,False,False,False,False
E02002114,E02002115,Pelsall South,64.95,63.781133027243904,66.1188669727561,0.596360700385763,False,False,False,False,False,Little Bloxwich,60.4,59.3885035837928,61.41149641620719,0.5160696001057131,False,False,False,False,False,4.550000000000004,4.550000000000004,0.7886532299546287,5.769329062738723,True,False,False,False,False,False
E02002114,E02002119,Pelsall South,64.95,63.781133027243904,66.1188669727561,0.596360700385763,False,False,False,False,False,Shelfield,63.7,62.586166529502734,64.81383347049727,0.56828238290677,False,False,False,False,False,1.25,1.25,0.82376632104426,1.5174206180405851,False,False,False,False,False,False
E02002114,E02002122,Pelsall South,64.95,63.781133027243904,66.1188669727561,0.596360700385763,False,False,False,False,False,Blakenall South,57.65,56.58875073616044,58.71124926383956,0.5414537060405918,False,False,False,False,False,7.300000000000004,7.300000000000004,0.8054925206044371,9.062778130481119,True,False,False,False,False,False
E02002114,E02002127,Pelsall South,64.95,63.781133027243904,66.1188669727561,0.596360700385763,False,False,False,False,False,Walsall Ryecroft,56.75,55.91896149307027,57.58103850692973,0.42399923822945396,False,False,False,False,False,8.200000000000003,8.200000000000003,0.7317249749624207,11.206396228885218,True,False,False,False,False,False
E02002115,E02002117,Little Bloxwich,60.4,59.3885035837928,61.41149641620719,0.5160696001057131,False,False,False,False,False,Bloxwich Central,62.5,61.32473407264568,63.67526592735432,0.5996254731399578,False,False,False,False,False,-2.1000000000000014,2.1000000000000014,0.7911248575235068,2.6544482581089976,True,False,False,False,False,False
E02002115,E02002121,Little Bloxwich,60.4,59.3885035837928,61.41149641620719,0.5160696001057131,False,False,False,False,False,Blakenall North,54.95,53.95941936219206,55.94058063780795,0.5053982845958902,False,False,False,False,False,5.449999999999996,5.449999999999996,0.7223262823861105,7.545066728011935,True,False,False,False,False,False
E02002115,E02002122,Little Bloxwich,60.4,59.3885035837928,61.41149641620719,0.5160696001057131,False,False,False,False,False,Blakenall South,57.65,56.58875073616044,58.71124926383956,0.5414537060405918,False,False,False,False,False,2.75,2.75,0.7479972913977445,3.6764839012467743,True,False,False,False,False,False
E02002115,E02006180,Little Bloxwich,60.4,59.3885035837928,61.41149641620719,0.5160696001057131,False,False,False,False,False,Featherstone East,62.75,61.67035885591554,63.82964114408446,0.5508373184104399,False,False,False,False,False,-2.3500000000000014,2.3500000000000014,0.7548175829343637,3.1133350005763565,True,False,False,False,False,False
E02002116,E02002124,Aldridge North,66.25,65.20567007128973,67.29432992871027,0.5328213921991168,False,False,False,False,False,Aldridge Central,64.3,63.32756748306116,65.27243251693884,0.49613903925450914,False,False,False,False,False,1.9500000000000028,1.9500000000000028,0.728047101675017,2.678398135936041,True,False,False,False,False,False
E02002116,E02006156,Aldridge North,66.25,65.20567007128973,67.29432992871027,0.5328213921991168,False,False,False,False,False,Shenstone,72.05000000000001,71.01498792277579,73.08501207722423,0.5280673863388895,False,False,False,False,False,-5.800000000000011,5.800000000000011,0.7501691812516634,7.73158928006435,True,False,False,False,False,False
E02002117,E02002118,Bloxwich Central,62.5,61.32473407264568,63.67526592735432,0.5996254731399578,False,False,False,False,False,Bloxwich North West,58.1,57.09097819646947,59.10902180353053,0.5148070426176172,False,False,False,False,False,4.399999999999999,4.399999999999999,0.7903018405438617,5.567493044141277,True,False,False,False,False,False
E02002117,E02002121,Bloxwich Central,62.5,61.32473407264568,63.67526592735432,0.5996254731399578,False,False,False,False,False,Blakenall North,54.95,53.95941936219206,55.94058063780795,0.5053982845958902,False,False,False,False,False,7.549999999999997,7.549999999999997,0.7842054157622139,9.627579519661595,True,False,False,False,False,False
E02002117,E02002123,Bloxwich Central,62.5,61.32473407264568,63.67526592735432,0.5996254731399578,False,False,False,False,False,New Invention,61.55,60.48698541872653,62.61301458127346,0.542354378200747,False,False,False,False,False,0.9500000000000028,0.9500000000000028,0.808516530190841,1.1749914374363704,False,False,False,False,False,False
E02002117,E02002126,Bloxwich Central,62.5,61.32473407264568,63.67526592735432,0.5996254731399578,False,False,False,False,False,Bloxwich South,53.95,52.88698541872654,55.01301458127347,0.542354378200747,False,False,False,False,False,8.549999999999997,8.549999999999997,0.808516530190841,10.574922936927297,True,False,False,False,False,False
E02002117,E02006180,Bloxwich Central,62.5,61.32473407264568,63.67526592735432,0.5996254731399578,False,False,False,False,False,Featherstone East,62.75,61.67035885591554,63.82964114408446,0.5508373184104399,False,False,False,False,False,-0.25,0.25,0.8142312075767685,0.3070380963952787,False,False,False,False,False,False
E02002118,E02002123,Bloxwich North West,58.1,57.09097819646947,59.10902180353053,0.5148070426176172,False,False,False,False,False,New Invention,61.55,60.48698541872653,62.61301458127346,0.542354378200747,False,False,False,False,False,-3.4499999999999957,3.4499999999999957,0.7477797554642784,4.613657931750203,True,False,False,False,False,False
E02002118,E02006180,Bloxwich North West,58.1,57.09097819646947,59.10902180353053,0.5148070426176172,False,False,False,False,False,Featherstone East,62.75,61.67035885591554,63.82964114408446,0.5508373184104399,False,False,False,False,False,-4.649999999999999,4.649999999999999,0.7539549339863103,6.1674773788063435,True,False,False,False,False,False
E02002119,E02002125,Shelfield,63.7,62.586166529502734,64.81383347049727,0.56828238290677,False,False,False,False,False,Rushall,59.65,58.37279602255552,60.92720397744448,0.6516346823696323,False,False,False,False,False,4.050000000000004,4.050000000000004,0.8646228229633823,4.684123403218939,True,False,False,False,False,False
E02002119,E02002127,Shelfield,63.7,62.586166529502734,64.81383347049727,0.56828238290677,False,False,False,False,False,Walsall Ryecroft,56.75,55.91896149307027,57.58103850692973,0.42399923822945396,False,False,False,False,False,6.950000000000003,6.950000000000003,0.7090276586575125,9.802156397056887,True,False,False,False,False,False
E02002120,E02002123,Ashmore,66.30000000000001,65.13113302724392,67.4688669727561,0.5963607003857613,False,False,False,False,False,New Invention,61.55,60.48698541872653,62.61301458127346,0.542354378200747,False,False,False,False,False,4.750000000000014,4.750000000000014,0.8060982300675983,5.8925820983401564,True,False,False,False,False,False
E02002120,E02002129,Ashmore,66.30000000000001,65.13113302724392,67.4688669727561,0.5963607003857613,False,False,False,False,False,Short Heath West,64.15,62.95495815972829,65.34504184027172,0.6097152246284252,False,False,False,False,False,2.1500000000000057,2.1500000000000057,0.8528767437961283,2.5208800868815127,True,False,False,False,False,False
E02002120,E02002153,Ashmore,66.30000000000001,65.13113302724392,67.4688669727561,0.5963607003857613,False,False,False,False,False,Ashmore Park,60.7,59.65567007128973,61.74432992871027,0.5328213921991186,False,False,False,False,False,5.6000000000000085,5.6000000000000085,0.7997153999702661,7.002491136482078,True,False,False,False,False,False
E02002120,E02002158,Ashmore,66.30000000000001,65.13113302724392,67.4688669727561,0.5963607003857613,False,False,False,False,False,Wednesfield North East,60.75,59.72408577356584,61.77591422643416,0.5234256257317146,False,False,False,False,False,5.550000000000011,5.550000000000011,0.7934862762752942,6.9944498927596825,True,False,False,False,False,False
E02002120,E02006180,Ashmore,66.30000000000001,65.13113302724392,67.4688669727561,0.5963607003857613,False,False,False,False,False,Featherstone East,62.75,61.67035885591554,63.82964114408446,0.5508373184104399,False,False,False,False,False,3.5500000000000114,3.5500000000000114,0.8118299306617119,4.372837051112975,True,False,False,False,False,False
E02002121,E02002122,Blakenall North,54.95,53.95941936219206,55.94058063780795,0.5053982845958902,False,False,False,False,False,Blakenall South,57.65,56.58875073616044,58.71124926383956,0.5414537060405918,False,False,False,False,False,-2.6999999999999957,2.6999999999999957,0.7406750582121421,3.645323235964386,True,False,False,False,False,False
E02002121,E02002126,Blakenall North,54.95,53.95941936219206,55.94058063780795,0.5053982845958902,False,False,False,False,False,Bloxwich South,53.95,52.88698541872654,55.01301458127347,0.542354378200747,False,False,False,False,False,1.0,1.0,0.7413337289143044,1.3489201435155482,False,False,False,False,False,False
E02002122,E02002126,Blakenall South,57.65,56.58875073616044,58.71124926383956,0.5414537060405918,False,False,False,False,False,Bloxwich South,53.95,52.88698541872654,55.01301458127347,0.542354378200747,False,False,False,False,False,3.6999999999999957,3.6999999999999957,0.766368310499991,4.827965808745479,True,False,False,False,False,False
E02002122,E02002127,Blakenall South,57.65,56.58875073616044,58.71124926383956,0.5414537060405918,False,False,False,False,False,Walsall Ryecroft,56.75,55.91896149307027,57.58103850692973,0.42399923822945396,False,False,False,False,False,0.8999999999999986,0.8999999999999986,0.6877117636075807,1.3086878073435908,False,False,False,False,False,False
E02002123,E02002128,New Invention,61.55,60.48698541872653,62.61301458127346,0.542354378200747,False,False,False,False,False,Short Heath East,62.900000000000006,61.75982457490087,64.04017542509915,0.581722155662827,False,False,False,False,False,-1.3500000000000085,1.3500000000000085,0.7953294524550975,1.6974097914175088,False,False,False,False,False,False
E02002123,E02002129,New Invention,61.55,60.48698541872653,62.61301458127346,0.542354378200747,False,False,False,False,False,Short Heath West,64.15,62.95495815972829,65.34504184027172,0.6097152246284252,False,False,False,False,False,-2.6000000000000085,2.6000000000000085,0.8160275281491488,3.1861670229399364,True,False,False,False,False,False
E02002123,E02006180,New Invention,61.55,60.48698541872653,62.61301458127346,0.542354378200747,False,False,False,False,False,Featherstone East,62.75,61.67035885591554,63.82964114408446,0.5508373184104399,False,False,False,False,False,-1.2000000000000028,1.2000000000000028,0.7730265344133559,1.5523399865059921,False,False,False,False,False,False
E02002124,E02002125,Aldridge Central,64.3,63.32756748306116,65.27243251693884,0.49613903925450914,False,False,False,False,False,Rushall,59.65,58.37279602255552,60.92720397744448,0.6516346823696323,False,False,False,False,False,4.649999999999999,4.649999999999999,0.81901264064687,5.6775680486779185,True,False,False,False,False,False
E02002124,E02002131,Aldridge Central,64.3,63.32756748306116,65.27243251693884,0.49613903925450914,False,False,False,False,False,Aldridge South,68.94999999999999,67.91649866957027,69.9835013304297,0.5272965971580178,False,False,False,False,False,-4.6499999999999915,4.6499999999999915,0.724013568689712,6.422531567212694,True,False,False,False,False,False
E02002124,E02002137,Aldridge Central,64.3,63.32756748306116,65.27243251693884,0.49613903925450914,False,False,False,False,False,Streetly North,71.35,69.9300528178837,72.76994718211628,0.7244628480185147,False,False,False,False,False,-7.049999999999997,7.049999999999997,0.8780662642599845,8.0290067924903,True,False,False,False,False,False
E02002124,E02006156,Aldridge Central,64.3,63.32756748306116,65.27243251693884,0.49613903925450914,False,False,False,False,False,Shenstone,72.05000000000001,71.01498792277579,73.08501207722423,0.5280673863388895,False,False,False,False,False,-7.750000000000014,7.750000000000014,0.7245751243226429,10.695923362322125,True,False,False,False,False,False
E02002125,E02002127,Rushall,59.65,58.37279602255552,60.92720397744448,0.6516346823696323,False,False,False,False,False,Walsall Ryecroft,56.75,55.91896149307027,57.58103850692973,0.42399923822945396,False,False,False,False,False,2.8999999999999986,2.8999999999999986,0.7774336713097323,3.7302217629889975,True,False,False,False,False,False
E02002125,E02002131,Rushall,59.65,58.37279602255552,60.92720397744448,0.6516346823696323,False,False,False,False,False,Aldridge South,68.94999999999999,67.91649866957027,69.9835013304297,0.5272965971580178,False,False,False,False,False,-9.29999999999999,9.29999999999999,0.8382538163595776,11.094491690343416,True,False,False,False,False,False
E02002125,E02002133,Rushall,59.65,58.37279602255552,60.92720397744448,0.6516346823696323,False,False,False,False,False,Walsall North East,62.0,60.79584054212077,63.20415945787923,0.6143670703465451,False,False,False,False,False,-2.3500000000000014,2.3500000000000014,0.8955862082419359,2.6239796664724504,True,False,False,False,False,False
E02002126,E02002127,Bloxwich South,53.95,52.88698541872654,55.01301458127347,0.542354378200747,False,False,False,False,False,Walsall Ryecroft,56.75,55.91896149307027,57.58103850692973,0.42399923822945396,False,False,False,False,False,-2.799999999999997,2.799999999999997,0.6884211106384494,4.067277944749902,True,False,False,False,False,False
E02002126,E02002128,Bloxwich South,53.95,52.88698541872654,55.01301458127347,0.542354378200747,False,False,False,False,False,Short Heath East,62.900000000000006,61.75982457490087,64.04017542509915,0.581722155662827,False,False,False,False,False,-8.950000000000003,8.950000000000003,0.7953294524550975,11.2531982468049,True,False,False,False,False,False
E02002126,E02002130,Bloxwich South,53.95,52.88698541872654,55.01301458127347,0.542354378200747,False,False,False,False,False,Leamore,57.0,55.95686769774875,58.04313230225125,0.5322103582914549,False,False,False,False,False,-3.049999999999997,3.049999999999997,0.759865867786044,4.013866301017732,True,False,False,False,False,False
E02002127,E02002133,Walsall Ryecroft,56.75,55.91896149307027,57.58103850692973,0.42399923822945396,False,False,False,False,False,Walsall North East,62.0,60.79584054212077,63.20415945787923,0.6143670703465451,False,False,False,False,False,-5.25,5.25,0.7464732085918114,7.033072238324389,True,False,False,False,False,False
E02002127,E02002139,Walsall Ryecroft,56.75,55.91896149307027,57.58103850692973,0.42399923822945396,False,False,False,False,False,Walsall Central,57.05,56.16540969935229,57.934590300647706,0.4513215819631167,False,True,False,False,False,-0.29999999999999716,0.29999999999999716,0.6192467394866504,0.48445955524722545,False,False,False,True,False,False
E02002128,E02002129,Short Heath East,62.900000000000006,61.75982457490087,64.04017542509915,0.581722155662827,False,False,False,False,False,Short Heath West,64.15,62.95495815972829,65.34504184027172,0.6097152246284252,False,False,False,False,False,-1.25,1.25,0.8427059519979062,1.4833169233425632,False,False,False,False,False,False
E02002128,E02002130,Short Heath East,62.900000000000006,61.75982457490087,64.04017542509915,0.581722155662827,False,False,False,False,False,Leamore,57.0,55.95686769774875,58.04313230225125,0.5322103582914549,False,False,False,False,False,5.900000000000006,5.900000000000006,0.7884469112513062,7.483065651987144,True,False,False,False,False,False
E02002128,E02002132,Short Heath East,62.900000000000006,61.75982457490087,64.04017542509915,0.581722155662827,False,False,False,False,False,Bentley,58.3,57.10914946361854,59.49085053638145,0.6075768042762522,False,False,False,False,False,4.6000000000000085,4.6000000000000085,0.841160055805998,5.468638183956913,True,False,False,False,False,False
E02002129,E02002132,Short Heath West,64.15,62.95495815972829,65.34504184027172,0.6097152246284252,False,False,False,False,False,Bentley,58.3,57.10914946361854,59.49085053638145,0.6075768042762522,False,False,False,False,False,5.8500000000000085,5.8500000000000085,0.8607567764695404,6.796344983764438,True,False,False,False,False,False
E02002129,E02002134,Short Heath West,64.15,62.95495815972829,65.34504184027172,0.6097152246284252,False,False,False,False,False,Willenhall Park,59.35,58.43008152535129,60.2699184746487,0.4693461605350528,False,False,False,False,False,4.800000000000004,4.800000000000004,0.7694403638701875,6.23830023142614,True,False,False,False,False,False
E02002129,E02002136,Short Heath West,64.15,62.95495815972829,65.34504184027172,0.6097152246284252,False,False,False,False,False,Willenhall Town,60.2,59.15686769774875,61.24313230225125,0.532210358291453,False,False,False,False,False,3.950000000000003,3.950000000000003,0.8093210244497593,4.880634359753012,True,False,False,False,False,False
E02002129,E02002160,Short Heath West,64.15,62.95495815972829,65.34504184027172,0.6097152246284252,False,False,False,False,False,Wednesfield Town,63.05,62.0385035837928,64.06149641620719,0.5160696001057113,False,False,False,False,False,1.1000000000000085,1.1000000000000085,0.7987994036658764,1.3770666264294296,False,False,False,False,False,False
E02002130,E02002132,Leamore,57.0,55.95686769774875,58.04313230225125,0.5322103582914549,False,False,False,False,False,Bentley,58.3,57.10914946361854,59.49085053638145,0.6075768042762522,False,False,False,False,False,-1.2999999999999972,1.2999999999999972,0.8077112346422216,1.6094860938461955,False,False,False,False,False,False
E02002130,E02002135,Leamore,57.0,55.95686769774875,58.04313230225125,0.5322103582914549,False,False,False,False,False,Walsall West,56.8,55.82628289529247,57.77371710470752,0.4967944411773087,False,False,False,False,False,0.20000000000000284,0.20000000000000284,0.7280471016750175,0.27470750112164855,False,False,False,False,False,False
E02002130,E02002139,Leamore,57.0,55.95686769774875,58.04313230225125,0.5322103582914549,False,False,False,False,False,Walsall Central,57.05,56.16540969935229,57.934590300647706,0.4513215819631167,False,True,False,False,False,-0.04999999999999716,0.04999999999999716,0.6978101717647924,0.07165272451323684,False,False,False,True,False,False
E02002131,E02002133,Aldridge South,68.94999999999999,67.91649866957027,69.9835013304297,0.5272965971580178,False,False,False,False,False,Walsall North East,62.0,60.79584054212077,63.20415945787923,0.6143670703465451,False,False,False,False,False,6.949999999999989,6.949999999999989,0.8096225037019547,8.584247557622835,True,False,False,False,False,False
E02002131,E02002137,Aldridge South,68.94999999999999,67.91649866957027,69.9835013304297,0.5272965971580178,False,False,False,False,False,Streetly North,71.35,69.9300528178837,72.76994718211628,0.7244628480185147,False,False,False,False,False,-2.4000000000000057,2.4000000000000057,0.8960402443716032,2.6784511243500404,True,False,False,False,False,False
E02002131,E02002141,Aldridge South,68.94999999999999,67.91649866957027,69.9835013304297,0.5272965971580178,False,False,False,False,False,Streetly South,71.65,70.74826556015644,72.55173443984357,0.4600685917569211,False,False,False,False,False,-2.700000000000017,2.700000000000017,0.6997891185890371,3.858305206922826,True,False,False,False,False,False
E02002131,E02002148,Aldridge South,68.94999999999999,67.91649866957027,69.9835013304297,0.5272965971580178,False,False,False,False,False,Pheasey,67.75,66.96897503240933,68.53102496759067,0.39848212632176916,False,False,False,False,False,1.1999999999999886,1.1999999999999886,0.6609309391852853,1.8156208596910315,False,False,False,False,False,False
E02002132,E02002135,Bentley,58.3,57.10914946361854,59.49085053638145,0.6075768042762522,False,False,False,False,False,Walsall West,56.8,55.82628289529247,57.77371710470752,0.4967944411773087,False,False,False,False,False,1.5,1.5,0.7848275542303658,1.9112478810341487,False,False,False,False,False,False
E02002132,E02002136,Bentley,58.3,57.10914946361854,59.49085053638145,0.6075768042762522,False,False,False,False,False,Willenhall Town,60.2,59.15686769774875,61.24313230225125,0.532210358291453,False,False,False,False,False,-1.9000000000000057,1.9000000000000057,0.8077112346422204,2.3523258294675324,True,False,False,False,False,False
E02002132,E02002142,Bentley,58.3,57.10914946361854,59.49085053638145,0.6075768042762522,False,False,False,False,False,Darlaston East,57.2,56.13698541872654,58.26301458127347,0.542354378200747,False,False,False,False,False,1.0999999999999943,1.0999999999999943,0.8144309944053345,1.350636220326034,False,False,False,False,False,False
E02002133,E02002138,Walsall North East,62.0,60.79584054212077,63.20415945787923,0.6143670703465451,False,False,False,False,False,Walsall East,65.19999999999999,63.97704251913649,66.42295748086349,0.6239578983997446,False,False,False,False,False,-3.1999999999999886,3.1999999999999886,0.8756542446089225,3.654410424778043,True,False,False,False,False,False
E02002133,E02002139,Walsall North East,62.0,60.79584054212077,63.20415945787923,0.6143670703465451,False,False,False,False,False,Walsall Central,57.05,56.16540969935229,57.934590300647706,0.4513215819631167,False,True,False,False,False,4.950000000000003,4.950000000000003,0.7623241223206091,6.493301018642293,True,False,False,True,False,False
E02002133,E02002148,Walsall North East,62.0,60.79584054212077,63.20415945787923,0.6143670703465451,False,False,False,False,False,Pheasey,67.75,66.96897503240933,68.53102496759067,0.39848212632176916,False,False,False,False,False,-5.75,5.75,0.7322806170615982,7.85218107106653,True,False,False,False,False,False
E02002134,E02002136,Willenhall Park,59.35,58.43008152535129,60.2699184746487,0.4693461605350528,False,False,False,False,False,Willenhall Town,60.2,59.15686769774875,61.24313230225125,0.532210358291453,False,False,False,False,False,-0.8500000000000014,0.8500000000000014,0.7096010737602589,1.1978561355548014,False,False,False,False,False,False
E02002134,E02002160,Willenhall Park,59.35,58.43008152535129,60.2699184746487,0.4693461605350528,False,False,False,False,False,Wednesfield Town,63.05,62.0385035837928,64.06149641620719,0.5160696001057113,False,False,False,False,False,-3.6999999999999957,3.6999999999999957,0.6975769854018009,5.3040740698588476,True,False,False,False,False,False
E02002134,E02002170,Willenhall Park,59.35,58.43008152535129,60.2699184746487,0.4693461605350528,False,False,False,False,False,Bilston North West,60.6,59.55327892922708,61.64672107077291,0.5340413626392421,False,False,False,False,False,-1.25,1.25,0.7109753831312122,1.7581480732776784,False,False,False,False,False,False
E02002134,E02002171,Willenhall Park,59.35,58.43008152535129,60.2699184746487,0.4693461605350528,False,False,False,False,False,Bilston North East,59.15,58.173718790511664,60.12628120948833,0.4981026579022114,False,False,False,False,False,0.20000000000000284,0.20000000000000284,0.6843917563926695,0.292230287889752,False,False,False,False,False,False
E02002135,E02002139,Walsall West,56.8,55.82628289529247,57.77371710470752,0.4967944411773087,False,False,False,False,False,Walsall Central,57.05,56.16540969935229,57.934590300647706,0.4513215819631167,False,True,False,False,False,-0.25,0.25,0.671189903924638,0.3724728255567895,False,False,False,True,False,False
E02002135,E02002140,Walsall West,56.8,55.82628289529247,57.77371710470752,0.4967944411773087,False,False,False,False,False,Pleck,57.9,57.03217225211451,58.76782774788549,0.4427692591252494,False,False,False,False,False,-1.1000000000000014,1.1000000000000014,0.6654692582013061,1.652968918463922,False,False,False,False,False,False
E02002135,E02002142,Walsall West,56.8,55.82628289529247,57.77371710470752,0.4967944411773087,False,False,False,False,False,Darlaston East,57.2,56.13698541872654,58.26301458127347,0.542354378200747,False,False,False,False,False,-0.4000000000000057,0.4000000000000057,0.7354950634356381,0.5438513728855353,False,False,False,False,False,False
E02002135,E02002143,Walsall West,56.8,55.82628289529247,57.77371710470752,0.4967944411773087,False,False,False,False,False,Palfrey,56.650000000000006,55.74688040659058,57.55311959340943,0.4607753027599107,False,False,False,False,False,0.14999999999999147,0.14999999999999147,0.6775829074129318,0.2213751237803563,False,False,False,False,False,False
E02002136,E02002142,Willenhall Town,60.2,59.15686769774875,61.24313230225125,0.532210358291453,False,False,False,False,False,Darlaston East,57.2,56.13698541872654,58.26301458127347,0.542354378200747,False,False,False,False,False,3.0,3.0,0.7598658677860427,3.948065214115812,True,False,False,False,False,False
E02002136,E02002145,Willenhall Town,60.2,59.15686769774875,61.24313230225125,0.532210358291453,False,False,False,False,False,Darlaston Central,58.05,57.07628289529248,59.02371710470752,0.49679444117730687,False,False,False,False,False,2.1500000000000057,2.1500000000000057,0.7280471016750149,2.9531056370576985,True,False,False,False,False,False
E02002136,E02002147,Willenhall Town,60.2,59.15686769774875,61.24313230225125,0.532210358291453,False,False,False,False,False,Darlaston West,57.35,56.44826556015643,58.25173443984357,0.46006859175692294,False,False,False,False,False,2.8500000000000014,2.8500000000000014,0.7034990935274296,4.051177927905716,True,False,False,False,False,False
E02002136,E02002170,Willenhall Town,60.2,59.15686769774875,61.24313230225125,0.532210358291453,False,False,False,False,False,Bilston North West,60.6,59.55327892922708,61.64672107077291,0.5340413626392421,False,False,False,False,False,-0.3999999999999986,0.3999999999999986,0.7539549339863062,0.5305356884994715,False,False,False,False,False,False
E02002136,E02002175,Willenhall Town,60.2,59.15686769774875,61.24313230225125,0.532210358291453,False,False,False,False,False,Bilston Lunt,57.95,56.95752833793604,58.942471662063966,0.506363092889777,False,False,False,False,False,2.25,2.25,0.7346097244888729,3.0628508240419854,True,False,False,False,False,False
E02002137,E02002141,Streetly North,71.35,69.9300528178837,72.76994718211628,0.7244628480185147,False,False,False,False,False,Streetly South,71.65,70.74826556015644,72.55173443984357,0.4600685917569211,False,False,False,False,False,-0.30000000000001137,0.30000000000001137,0.8582013326022595,0.34956832226109913,False,False,False,False,False,False
E02002137,E02006156,Streetly North,71.35,69.9300528178837,72.76994718211628,0.7244628480185147,False,False,False,False,False,Shenstone,72.05000000000001,71.01498792277579,73.08501207722423,0.5280673863388895,False,False,False,False,False,-0.700000000000017,0.700000000000017,0.8964940505513037,0.780819459503996,False,False,False,False,False,False
E02002138,E02002139,Walsall East,65.19999999999999,63.97704251913649,66.42295748086349,0.6239578983997446,False,False,False,False,False,Walsall Central,57.05,56.16540969935229,57.934590300647706,0.4513215819631167,False,True,False,False,False,8.149999999999991,8.149999999999991,0.7700744310267134,10.583392554838992,True,False,False,True,False,False
E02002138,E02002144,Walsall East,65.19999999999999,63.97704251913649,66.42295748086349,0.6239578983997446,False,False,False,False,False,Walsall South East,70.1,68.975,71.225,0.5739795918367347,False,False,False,False,False,-4.900000000000006,4.900000000000006,0.8478065998920336,5.77962002256648,True,False,False,False,False,False
E02002138,E02002148,Walsall East,65.19999999999999,63.97704251913649,66.42295748086349,0.6239578983997446,False,False,False,False,False,Pheasey,67.75,66.96897503240933,68.53102496759067,0.39848212632176916,False,False,False,False,False,-2.5500000000000114,2.5500000000000114,0.7403455031087475,3.4443377980854004,True,False,False,False,False,False
E02002139,E02002143,Walsall Central,57.05,56.16540969935229,57.934590300647706,0.4513215819631167,False,True,False,False,False,Palfrey,56.650000000000006,55.74688040659058,57.55311959340943,0.4607753027599107,False,False,False,False,False,0.3999999999999915,0.3999999999999915,0.6449845346821718,0.620169908720523,False,False,False,True,False,False
E02002139,E02002144,Walsall Central,57.05,56.16540969935229,57.934590300647706,0.4513215819631167,False,True,False,False,False,Walsall South East,70.1,68.975,71.225,0.5739795918367347,False,False,False,False,False,-13.049999999999997,13.049999999999997,0.7301669276204962,17.87262543173241,True,True,False,True,False,False
E02002139,E02002146,Walsall Central,57.05,56.16540969935229,57.934590300647706,0.4513215819631167,False,True,False,False,False,The Delves,59.75,58.493765547359885,61.00623445264012,0.6409359452245502,False,False,False,False,False,-2.700000000000003,2.700000000000003,0.7838941613678329,3.444342531252839,True,False,False,True,False,False
E02002140,E02002142,Pleck,57.9,57.03217225211451,58.76782774788549,0.4427692591252494,False,False,False,False,False,Darlaston East,57.2,56.13698541872654,58.26301458127347,0.542354378200747,False,False,False,False,False,0.6999999999999957,0.6999999999999957,0.700137763857829,0.9998032332135977,False,False,False,False,False,False
E02002140,E02002143,Pleck,57.9,57.03217225211451,58.76782774788549,0.4427692591252494,False,False,False,False,False,Palfrey,56.650000000000006,55.74688040659058,57.55311959340943,0.4607753027599107,False,False,False,False,False,1.249999999999993,1.249999999999993,0.6390293392793555,1.956091720936694,False,False,False,False,False,False
E02002141,E02002148,Streetly South,71.65,70.74826556015644,72.55173443984357,0.4600685917569211,False,False,False,False,False,Pheasey,67.75,66.96897503240933,68.53102496759067,0.39848212632176916,False,False,False,False,False,3.9000000000000057,3.9000000000000057,0.6086469535938834,6.407655500404034,True,False,False,False,False,False
E02002142,E02002145,Darlaston East,57.2,56.13698541872654,58.26301458127347,0.542354378200747,False,False,False,False,False,Darlaston Central,58.05,57.07628289529248,59.02371710470752,0.49679444117730687,False,False,False,False,False,-0.8499999999999943,0.8499999999999943,0.7354950634356369,1.1556841673817404,False,False,False,False,False,False
E02002143,E02002146,Palfrey,56.650000000000006,55.74688040659058,57.55311959340943,0.4607753027599107,False,False,False,False,False,The Delves,59.75,58.493765547359885,61.00623445264012,0.6409359452245502,False,False,False,False,False,-3.0999999999999943,3.0999999999999943,0.789374920753361,3.9271579556155984,True,False,False,False,False,False
E02002144,E02002146,Walsall South East,70.1,68.975,71.225,0.5739795918367347,False,False,False,False,False,The Delves,59.75,58.493765547359885,61.00623445264012,0.6409359452245502,False,False,False,False,False,10.349999999999994,10.349999999999994,0.8603786711244952,12.029586910229634,True,True,False,False,False,False
E02002144,E02002148,Walsall South East,70.1,68.975,71.225,0.5739795918367347,False,False,False,False,False,Pheasey,67.75,66.96897503240933,68.53102496759067,0.39848212632176916,False,False,False,False,False,2.3499999999999943,2.3499999999999943,0.6987421390205281,3.363186315475607,True,False,False,False,False,False
E02002145,E02002147,Darlaston Central,58.05,57.07628289529248,59.02371710470752,0.49679444117730687,False,False,False,False,False,Darlaston West,57.35,56.44826556015643,58.25173443984357,0.46006859175692294,False,False,False,False,False,0.6999999999999957,0.6999999999999957,0.6771025224483149,1.033816854601112,False,False,False,False,False,False
E02002147,E02002175,Darlaston West,57.35,56.44826556015643,58.25173443984357,0.46006859175692294,False,False,False,False,False,Bilston Lunt,57.95,56.95752833793604,58.942471662063966,0.506363092889777,False,False,False,False,False,-0.6000000000000014,0.6000000000000014,0.6841539965257085,0.8769955346997015,False,False,False,False,False,False
E02002147,E02002181,Darlaston West,57.35,56.44826556015643,58.25173443984357,0.46006859175692294,False,False,False,False,False,Bradley,58.35,57.39540584539816,59.30459415460183,0.4870378339805283,False,False,False,False,False,-1.0,1.0,0.6699768360545332,1.492588916788467,False,False,False,False,False,False
E02002149,E02002150,Bushbury,62.65,61.84960947032089,63.45039052967911,0.40836251514240285,False,False,False,False,False,Fordhouses,61.05,59.704637595292624,62.39536240470737,0.686409390156823,False,False,False,False,False,1.6000000000000014,1.6000000000000014,0.7986975614516992,2.0032614060970317,True,False,False,False,False,False
E02002149,E02002152,Bushbury,62.65,61.84960947032089,63.45039052967911,0.40836251514240285,False,False,False,False,False,Bushbury Hill,56.1,54.968076857732825,57.23192314226718,0.5775118072791716,False,False,False,False,False,6.549999999999997,6.549999999999997,0.7073046241332545,9.260507815888381,True,False,False,False,False,False
E02002149,E02002154,Bushbury,62.65,61.84960947032089,63.45039052967911,0.40836251514240285,False,False,False,False,False,Oxley Park,60.75,59.72408577356584,61.77591422643416,0.5234256257317146,False,False,False,False,False,1.8999999999999986,1.8999999999999986,0.663878248962915,2.8619705540407527,True,False,False,False,False,False
E02002149,E02002155,Bushbury,62.65,61.84960947032089,63.45039052967911,0.40836251514240285,False,False,False,False,False,Low Hill,56.2,55.12995327204837,57.27004672795164,0.5459422081385891,False,False,False,False,False,6.449999999999996,6.449999999999996,0.6817718374945299,9.460643055752133,True,False,False,False,False,False
E02002149,E02006179,Bushbury,62.65,61.84960947032089,63.45039052967911,0.40836251514240285,False,False,False,False,False,Featherstone West,65.05,63.88676098758681,66.21323901241318,0.5934892920475439,False,False,False,False,False,-2.3999999999999986,2.3999999999999986,0.7204092472674987,3.3314397463707777,True,False,False,False,False,False
E02002149,E02006180,Bushbury,62.65,61.84960947032089,63.45039052967911,0.40836251514240285,False,False,False,False,False,Featherstone East,62.75,61.67035885591554,63.82964114408446,0.5508373184104399,False,False,False,False,False,-0.10000000000000142,0.10000000000000142,0.6856979620263091,0.14583680503364918,False,False,False,False,False,False
E02002150,E02002151,Fordhouses,61.05,59.704637595292624,62.39536240470737,0.686409390156823,False,False,False,False,False,Pendeford,59.3,58.18616652950272,60.41383347049727,0.5682823829067737,False,False,False,False,False,1.75,1.75,0.8911244119749289,1.9638110868510636,True,False,False,False,False,False
E02002150,E02002154,Fordhouses,61.05,59.704637595292624,62.39536240470737,0.686409390156823,False,False,False,False,False,Oxley Park,60.75,59.72408577356584,61.77591422643416,0.5234256257317146,False,False,False,False,False,0.29999999999999716,0.29999999999999716,0.8632104242698292,0.34753982524453475,False,False,False,False,False,False
E02002150,E02006179,Fordhouses,61.05,59.704637595292624,62.39536240470737,0.686409390156823,False,False,False,False,False,Featherstone West,65.05,63.88676098758681,66.21323901241318,0.5934892920475439,False,False,False,False,False,-4.0,4.0,0.9074069597873693,4.408165439834527,True,False,False,False,False,False
E02002150,E02006181,Fordhouses,61.05,59.704637595292624,62.39536240470737,0.686409390156823,False,False,False,False,False,Bilbrook,64.4,62.90459035712619,65.89540964287383,0.7629641035070512,False,False,False,False,False,-3.3500000000000085,3.3500000000000085,1.0262904433618096,3.2641831770609167,True,False,False,False,False,False
E02002151,E02002154,Pendeford,59.3,58.18616652950272,60.41383347049727,0.5682823829067737,False,False,False,False,False,Oxley Park,60.75,59.72408577356584,61.77591422643416,0.5234256257317146,False,False,False,False,False,-1.4500000000000028,1.4500000000000028,0.7726054959646856,1.8767663543339326,False,False,False,False,False,False
E02002151,E02002157,Pendeford,59.3,58.18616652950272,60.41383347049727,0.5682823829067737,False,False,False,False,False,Tettenhall North,68.30000000000001,67.34279051404617,69.25720948595385,0.48837218671114263,False,False,False,False,False,-9.000000000000014,9.000000000000014,0.7493011807512545,12.011191535794127,True,False,False,False,False,False
E02002151,E02006181,Pendeford,59.3,58.18616652950272,60.41383347049727,0.5682823829067737,False,False,False,False,False,Bilbrook,64.4,62.90459035712619,65.89540964287383,0.7629641035070512,False,False,False,False,False,-5.1000000000000085,5.1000000000000085,0.9513459360098824,5.3608259697732406,True,False,False,False,False,False
E02002152,E02002155,Bushbury Hill,56.1,54.968076857732825,57.23192314226718,0.5775118072791716,False,False,False,False,False,Low Hill,56.2,55.12995327204837,57.27004672795164,0.5459422081385891,False,False,False,False,False,-0.10000000000000142,0.10000000000000142,0.7947155353798575,0.12583118807688023,False,False,False,False,False,False
E02002152,E02002156,Bushbury Hill,56.1,54.968076857732825,57.23192314226718,0.5775118072791716,False,False,False,False,False,Wood End,62.35,61.27151726949385,63.42848273050614,0.550246291074564,False,False,False,False,False,-6.25,6.25,0.7976784241711499,7.835237622848127,True,False,False,False,False,False
E02002152,E02002158,Bushbury Hill,56.1,54.968076857732825,57.23192314226718,0.5775118072791716,False,False,False,False,False,Wednesfield North East,60.75,59.72408577356584,61.77591422643416,0.5234256257317146,False,False,False,False,False,-4.649999999999999,4.649999999999999,0.7794191896659282,5.965980901744368,True,False,False,False,False,False
E02002152,E02002159,Bushbury Hill,56.1,54.968076857732825,57.23192314226718,0.5775118072791716,False,False,False,False,False,Park Lane,59.3,58.128462548614,60.471537451386,0.5977231894826519,False,False,False,False,False,-3.1999999999999957,3.1999999999999957,0.8311395182471889,3.85013578315775,True,False,False,False,False,False
E02002152,E02006180,Bushbury Hill,56.1,54.968076857732825,57.23192314226718,0.5775118072791716,False,False,False,False,False,Featherstone East,62.75,61.67035885591554,63.82964114408446,0.5508373184104399,False,False,False,False,False,-6.649999999999999,6.649999999999999,0.7980862352530955,8.332432895413985,True,False,False,False,False,False
E02002153,E02002158,Ashmore Park,60.7,59.65567007128973,61.74432992871027,0.5328213921991186,False,False,False,False,False,Wednesfield North East,60.75,59.72408577356584,61.77591422643416,0.5234256257317146,False,False,False,False,False,-0.04999999999999716,0.04999999999999716,0.7469089781610903,0.06694256122492795,False,False,False,False,False,False
E02002153,E02006180,Ashmore Park,60.7,59.65567007128973,61.74432992871027,0.5328213921991186,False,False,False,False,False,Featherstone East,62.75,61.67035885591554,63.82964114408446,0.5508373184104399,False,False,False,False,False,-2.049999999999997,2.049999999999997,0.7663683104999914,2.6749540291697906,True,False,False,False,False,False
E02002154,E02002155,Oxley Park,60.75,59.72408577356584,61.77591422643416,0.5234256257317146,False,False,False,False,False,Low Hill,56.2,55.12995327204837,57.27004672795164,0.5459422081385891,False,False,False,False,False,4.549999999999997,4.549999999999997,0.7563248510394692,6.015933489090857,True,False,False,False,False,False
E02002154,E02002157,Oxley Park,60.75,59.72408577356584,61.77591422643416,0.5234256257317146,False,False,False,False,False,Tettenhall North,68.30000000000001,67.34279051404617,69.25720948595385,0.48837218671114263,False,False,False,False,False,-7.550000000000011,7.550000000000011,0.7158783265511396,10.54648495418679,True,False,False,False,False,False
E02002154,E02002161,Oxley Park,60.75,59.72408577356584,61.77591422643416,0.5234256257317146,False,False,False,False,False,Whitmore Reans,59.25,58.15341439002694,60.34658560997306,0.5594824540678885,False,False,False,False,False,1.5,1.5,0.7661559906980197,1.9578258451433619,False,False,False,False,False,False
E02002155,E02002159,Low Hill,56.2,55.12995327204837,57.27004672795164,0.5459422081385891,False,False,False,False,False,Park Lane,59.3,58.128462548614,60.471537451386,0.5977231894826519,False,False,False,False,False,-3.0999999999999943,3.0999999999999943,0.8095220230929809,3.829420215345928,True,False,False,False,False,False
E02002155,E02002161,Low Hill,56.2,55.12995327204837,57.27004672795164,0.5459422081385891,False,False,False,False,False,Whitmore Reans,59.25,58.15341439002694,60.34658560997306,0.5594824540678885,False,False,False,False,False,-3.049999999999997,3.049999999999997,0.7817119105124761,3.901693141659403,True,False,False,False,False,False
E02002155,E02002168,Low Hill,56.2,55.12995327204837,57.27004672795164,0.5459422081385891,False,False,False,False,False,Wolverhampton Central,57.9,57.05147186257614,58.748528137423854,0.43292251909380375,False,True,False,False,False,-1.6999999999999957,1.6999999999999957,0.6967602185585535,2.4398637504261202,True,False,False,True,False,False
E02002156,E02002158,Wood End,62.35,61.27151726949385,63.42848273050614,0.550246291074564,False,False,False,False,False,Wednesfield North East,60.75,59.72408577356584,61.77591422643416,0.5234256257317146,False,False,False,False,False,1.6000000000000014,1.6000000000000014,0.7594375329900088,2.1068223922257094,True,False,False,False,False,False
E02002156,E02002159,Wood End,62.35,61.27151726949385,63.42848273050614,0.550246291074564,False,False,False,False,False,Park Lane,59.3,58.128462548614,60.471537451386,0.5977231894826519,False,False,False,False,False,3.0500000000000043,3.0500000000000043,0.8124309152701096,3.754165360615269,True,False,False,False,False,False
E02002156,E02002160,Wood End,62.35,61.27151726949385,63.42848273050614,0.550246291074564,False,False,False,False,False,Wednesfield Town,63.05,62.0385035837928,64.06149641620719,0.5160696001057113,False,False,False,False,False,-0.6999999999999957,0.6999999999999957,0.7543863817663881,0.9279064640071483,False,False,False,False,False,False
E02002156,E02002163,Wood End,62.35,61.27151726949385,63.42848273050614,0.550246291074564,False,False,False,False,False,Heath Town,58.3,57.48605897019501,59.11394102980498,0.4152760356147873,False,False,False,False,False,4.050000000000004,4.050000000000004,0.6893657712689598,5.874965321450337,True,False,False,False,False,False
E02002157,E02002161,Tettenhall North,68.30000000000001,67.34279051404617,69.25720948595385,0.48837218671114263,False,False,False,False,False,Whitmore Reans,59.25,58.15341439002694,60.34658560997306,0.5594824540678885,False,False,False,False,False,9.050000000000011,9.050000000000011,0.7426493177555946,12.186101547027018,True,False,False,False,False,False
E02002157,E02002162,Tettenhall North,68.30000000000001,67.34279051404617,69.25720948595385,0.48837218671114263,False,False,False,False,False,Tettenhall South,67.6,66.65892348876406,68.54107651123593,0.480141077161191,False,False,False,False,False,0.700000000000017,0.700000000000017,0.6848670285030021,1.0220962184879785,False,False,False,False,False,False
E02002157,E02006181,Tettenhall North,68.30000000000001,67.34279051404617,69.25720948595385,0.48837218671114263,False,False,False,False,False,Bilbrook,64.4,62.90459035712619,65.89540964287383,0.7629641035070512,False,False,False,False,False,3.9000000000000057,3.9000000000000057,0.9058816788043246,4.305198009024341,True,False,False,False,False,False
E02002157,E02006182,Tettenhall North,68.30000000000001,67.34279051404617,69.25720948595385,0.48837218671114263,False,False,False,False,False,Codsall,70.69999999999999,69.4994792796457,71.90052072035428,0.6125105716093321,False,False,False,False,False,-2.3999999999999773,2.3999999999999773,0.7833751292236778,3.0636663208575046,True,False,False,False,False,False
E02002158,E02002160,Wednesfield North East,60.75,59.72408577356584,61.77591422643416,0.5234256257317146,False,False,False,False,False,Wednesfield Town,63.05,62.0385035837928,64.06149641620719,0.5160696001057113,False,False,False,False,False,-2.299999999999997,2.299999999999997,0.7350525272563219,3.1290280826392682,True,False,False,False,False,False
E02002158,E02006180,Wednesfield North East,60.75,59.72408577356584,61.77591422643416,0.5234256257317146,False,False,False,False,False,Featherstone East,62.75,61.67035885591554,63.82964114408446,0.5508373184104399,False,False,False,False,False,-2.0,2.0,0.7598658677860464,2.6320434760771954,True,False,False,False,False,False
E02002159,E02002163,Park Lane,59.3,58.128462548614,60.471537451386,0.5977231894826519,False,False,False,False,False,Heath Town,58.3,57.48605897019501,59.11394102980498,0.4152760356147873,False,False,False,False,False,1.0,1.0,0.7278236029432188,1.3739592889762535,False,False,False,False,False,False
E02002159,E02002168,Park Lane,59.3,58.128462548614,60.471537451386,0.5977231894826519,False,False,False,False,False,Wolverhampton Central,57.9,57.05147186257614,58.748528137423854,0.43292251909380375,False,True,False,False,False,1.3999999999999986,1.3999999999999986,0.7380344970147663,1.8969303002268576,False,False,False,True,False,False
E02002160,E02002163,Wednesfield Town,63.05,62.0385035837928,64.06149641620719,0.5160696001057113,False,False,False,False,False,Heath Town,58.3,57.48605897019501,59.11394102980498,0.4152760356147873,False,False,False,False,False,4.75,4.75,0.6624062332958551,7.1708262411209445,True,False,False,False,False,False
E02002160,E02002166,Wednesfield Town,63.05,62.0385035837928,64.06149641620719,0.5160696001057113,False,False,False,False,False,East Park,56.3,55.34475134127285,57.25524865872714,0.4873717646567075,False,False,False,False,False,6.75,6.75,0.7098303101008451,9.509314978450318,True,False,False,False,False,False
E02002160,E02002171,Wednesfield Town,63.05,62.0385035837928,64.06149641620719,0.5160696001057113,False,False,False,False,False,Bilston North East,59.15,58.173718790511664,60.12628120948833,0.4981026579022114,False,False,False,False,False,3.8999999999999986,3.8999999999999986,0.7172406081382428,5.437505846362094,True,False,False,False,False,False
E02002161,E02002164,Whitmore Reans,59.25,58.15341439002694,60.34658560997306,0.5594824540678885,False,False,False,False,False,Waterloo Road,57.5,56.29584054212077,58.70415945787923,0.6143670703465451,False,False,False,True,False,1.75,1.75,0.8309437487195049,2.1060390702701266,True,False,False,False,False,True
E02002161,E02002165,Whitmore Reans,59.25,58.15341439002694,60.34658560997306,0.5594824540678885,False,False,False,False,False,West Park,60.45,59.45941936219206,61.44058063780795,0.5053982845958902,False,False,False,False,False,-1.2000000000000028,1.2000000000000028,0.7539549339863063,1.5916070654984238,False,False,False,False,False,False
E02002161,E02002168,Whitmore Reans,59.25,58.15341439002694,60.34658560997306,0.5594824540678885,False,False,False,False,False,Wolverhampton Central,57.9,57.05147186257614,58.748528137423854,0.43292251909380375,False,True,False,False,False,1.3500000000000014,1.3500000000000014,0.7074196236664289,1.9083440080488492,False,False,False,True,False,False
E02002162,E02002165,Tettenhall South,67.6,66.65892348876406,68.54107651123593,0.480141077161191,False,False,False,False,False,West Park,60.45,59.45941936219206,61.44058063780795,0.5053982845958902,False,False,False,False,False,7.1499999999999915,7.1499999999999915,0.6971103786703919,10.256625376367632,True,False,False,False,False,False
E02002162,E02002167,Tettenhall South,67.6,66.65892348876406,68.54107651123593,0.480141077161191,False,False,False,False,False,Castlecroft,66.75,65.45940905008597,68.04059094991403,0.6584647703643028,False,False,False,False,False,0.8499999999999943,0.8499999999999943,0.8149302471920054,1.0430340546676582,False,False,False,False,False,False
E02002162,E02002169,Tettenhall South,67.6,66.65892348876406,68.54107651123593,0.480141077161191,False,False,False,False,False,Compton,67.80000000000001,66.86158378104383,68.73841621895619,0.4787837851817234,False,False,False,False,False,-0.20000000000001705,0.20000000000001705,0.6780629520409203,0.29495786401252505,False,False,False,False,False,False
E02002162,E02006182,Tettenhall South,67.6,66.65892348876406,68.54107651123593,0.480141077161191,False,False,False,False,False,Codsall,70.69999999999999,69.4994792796457,71.90052072035428,0.6125105716093321,False,False,False,False,False,-3.0999999999999943,3.0999999999999943,0.7782702964335073,3.9831919761116663,True,False,False,False,False,False
E02002162,E02006982,Tettenhall South,67.6,66.65892348876406,68.54107651123593,0.480141077161191,False,False,False,False,False,Perton,69.25,68.436058970195,70.063941029805,0.41527603561479276,False,False,False,False,False,-1.6500000000000057,1.6500000000000057,0.6348146499045586,2.5991838724076004,True,False,False,False,False,False
E02002163,E02002166,Heath Town,58.3,57.48605897019501,59.11394102980498,0.4152760356147873,False,False,False,False,False,East Park,56.3,55.34475134127285,57.25524865872714,0.4873717646567075,False,False,False,False,False,2.0,2.0,0.6403010407148556,3.1235307657272062,True,False,False,False,False,False
E02002163,E02002168,Heath Town,58.3,57.48605897019501,59.11394102980498,0.4152760356147873,False,False,False,False,False,Wolverhampton Central,57.9,57.05147186257614,58.748528137423854,0.43292251909380375,False,True,False,False,False,0.3999999999999986,0.3999999999999986,0.5998967355257561,0.6667814247220969,False,False,False,True,False,False
E02002164,E02002165,Waterloo Road,57.5,56.29584054212077,58.70415945787923,0.6143670703465451,False,False,False,True,False,West Park,60.45,59.45941936219206,61.44058063780795,0.5053982845958902,False,False,False,False,False,-2.950000000000003,2.950000000000003,0.795533986199625,3.708201096589924,True,False,False,False,False,True
E02002164,E02002168,Waterloo Road,57.5,56.29584054212077,58.70415945787923,0.6143670703465451,False,False,False,True,False,Wolverhampton Central,57.9,57.05147186257614,58.748528137423854,0.43292251909380375,False,True,False,False,False,-0.3999999999999986,0.3999999999999986,0.7515775440130722,0.5322138789088693,False,False,False,True,False,True
E02002165,E02002168,West Park,60.45,59.45941936219206,61.44058063780795,0.5053982845958902,False,False,False,False,False,Wolverhampton Central,57.9,57.05147186257614,58.748528137423854,0.43292251909380375,False,True,False,False,False,2.5500000000000043,2.5500000000000043,0.6654692582013036,3.8318824928027437,True,False,False,True,False,False
E02002165,E02002169,West Park,60.45,59.45941936219206,61.44058063780795,0.5053982845958902,False,False,False,False,False,Compton,67.80000000000001,66.86158378104383,68.73841621895619,0.4787837851817234,False,False,False,False,False,-7.3500000000000085,7.3500000000000085,0.6961762269895512,10.557671628322241,True,False,False,False,False,False
E02002166,E02002168,East Park,56.3,55.34475134127285,57.25524865872714,0.4873717646567075,False,False,False,False,False,Wolverhampton Central,57.9,57.05147186257614,58.748528137423854,0.43292251909380375,False,True,False,False,False,-1.6000000000000014,1.6000000000000014,0.6518843030194222,2.454423265890989,True,False,False,True,False,False
E02002166,E02002171,East Park,56.3,55.34475134127285,57.25524865872714,0.4873717646567075,False,False,False,False,False,Bilston North East,59.15,58.173718790511664,60.12628120948833,0.4981026579022114,False,False,False,False,False,-2.8500000000000014,2.8500000000000014,0.6968769581452959,4.089674607100137,True,False,False,False,False,False
E02002166,E02002177,East Park,56.3,55.34475134127285,57.25524865872714,0.4873717646567075,False,False,False,False,False,Ettingshall,59.55,58.75430847685802,60.34569152314197,0.40596506282753864,False,False,False,False,False,-3.25,3.25,0.6343018754671631,5.123743324275017,True,False,False,False,False,False
E02002166,E02006894,East Park,56.3,55.34475134127285,57.25524865872714,0.4873717646567075,False,False,False,False,False,Blakenhall,59.35,58.60669656263407,60.09330343736592,0.3792364476356755,False,False,False,False,False,-3.0500000000000043,3.0500000000000043,0.6175366549444005,4.93897807616717,True,False,False,False,False,False
E02002167,E02002169,Castlecroft,66.75,65.45940905008597,68.04059094991403,0.6584647703643028,False,False,False,False,False,Compton,67.80000000000001,66.86158378104383,68.73841621895619,0.4787837851817234,False,False,False,False,False,-1.0500000000000114,1.0500000000000114,0.8141312957771939,1.289718262209353,False,False,False,False,False,False
E02002167,E02002176,Castlecroft,66.75,65.45940905008597,68.04059094991403,0.6584647703643028,False,False,False,False,False,Merryhill South,64.1,63.12756748306116,65.07243251693883,0.49613903925450736,False,False,False,False,False,2.6500000000000057,2.6500000000000057,0.824457276081241,3.214235687985945,True,False,False,False,False,False
E02002167,E02006186,Castlecroft,66.75,65.45940905008597,68.04059094991403,0.6584647703643028,False,False,False,False,False,Wombourne Outer,70.0,69.2893664798224,70.7106335201776,0.3625681225395892,False,False,False,False,False,-3.25,3.25,0.7516857703141631,4.323615170527546,True,False,False,False,False,False
E02002167,E02006982,Castlecroft,66.75,65.45940905008597,68.04059094991403,0.6584647703643028,False,False,False,False,False,Perton,69.25,68.436058970195,70.063941029805,0.41527603561479276,False,False,False,False,False,-2.5,2.5,0.7784793122279183,3.211389128434624,True,False,False,False,False,False
E02002168,E02002169,Wolverhampton Central,57.9,57.05147186257614,58.748528137423854,0.43292251909380375,False,True,False,False,False,Compton,67.80000000000001,66.86158378104383,68.73841621895619,0.4787837851817234,False,False,False,False,False,-9.900000000000013,9.900000000000013,0.6454888229020418,15.33721367240842,True,True,False,True,False,False
E02002168,E02002174,Wolverhampton Central,57.9,57.05147186257614,58.748528137423854,0.43292251909380375,False,True,False,False,False,Bradmore,64.05,63.07628289529247,65.02371710470752,0.49679444117730687,False,False,False,False,False,-6.149999999999999,6.149999999999999,0.6589587425045649,9.332905997460676,True,False,False,True,False,False
E02002168,E02006894,Wolverhampton Central,57.9,57.05147186257614,58.748528137423854,0.43292251909380375,False,True,False,False,False,Blakenhall,59.35,58.60669656263407,60.09330343736592,0.3792364476356755,False,False,False,False,False,-1.4500000000000028,1.4500000000000028,0.5755364373815539,2.519388705599399,True,False,False,True,False,False
E02002169,E02002174,Compton,67.80000000000001,66.86158378104383,68.73841621895619,0.4787837851817234,False,False,False,False,False,Bradmore,64.05,63.07628289529247,65.02371710470752,0.49679444117730687,False,False,False,False,False,3.750000000000014,3.750000000000014,0.6899555273621708,5.435132919852047,True,False,False,False,False,False
E02002169,E02002176,Compton,67.80000000000001,66.86158378104383,68.73841621895619,0.4787837851817234,False,False,False,False,False,Merryhill South,64.1,63.12756748306116,65.07243251693883,0.49613903925450736,False,False,False,False,False,3.700000000000017,3.700000000000017,0.6894837628438572,5.3663337693971656,True,False,False,False,False,False
E02002169,E02002179,Compton,67.80000000000001,66.86158378104383,68.73841621895619,0.4787837851817234,False,False,False,False,False,Upper Penn,67.2,66.08981983444127,68.31018016555873,0.5664184518156791,False,False,False,False,False,0.6000000000000085,0.6000000000000085,0.7416628449034031,0.8089929327363767,False,False,False,False,False,False
E02002170,E02002171,Bilston North West,60.6,59.55327892922708,61.64672107077291,0.5340413626392421,False,False,False,False,False,Bilston North East,59.15,58.173718790511664,60.12628120948833,0.4981026579022114,False,False,False,False,False,1.4500000000000028,1.4500000000000028,0.7302783269540634,1.985544341768768,True,False,False,False,False,False
E02002170,E02002175,Bilston North West,60.6,59.55327892922708,61.64672107077291,0.5340413626392421,False,False,False,False,False,Bilston Lunt,57.95,56.95752833793604,58.942471662063966,0.506363092889777,False,False,False,False,False,2.6499999999999986,2.6499999999999986,0.7359373335077378,3.60085007152601,True,False,False,False,False,False
E02002171,E02002175,Bilston North East,59.15,58.173718790511664,60.12628120948833,0.4981026579022114,False,False,False,False,False,Bilston Lunt,57.95,56.95752833793604,58.942471662063966,0.506363092889777,False,False,False,False,False,1.1999999999999957,1.1999999999999957,0.7102885608329536,1.689454210824906,False,False,False,False,False,False
E02002171,E02002177,Bilston North East,59.15,58.173718790511664,60.12628120948833,0.4981026579022114,False,False,False,False,False,Ettingshall,59.55,58.75430847685802,60.34569152314197,0.40596506282753864,False,False,False,False,False,-0.3999999999999986,0.3999999999999986,0.6425837611127555,0.6224869413246964,False,False,False,False,False,False
E02002174,E02002178,Bradmore,64.05,63.07628289529247,65.02371710470752,0.49679444117730687,False,False,False,False,False,Goldthorn Park,64.2,63.17408577356584,65.22591422643417,0.5234256257317164,False,False,False,False,False,-0.15000000000000568,0.15000000000000568,0.7216502632559011,0.20785691856224664,False,False,False,False,False,False
E02002174,E02002179,Bradmore,64.05,63.07628289529247,65.02371710470752,0.49679444117730687,False,False,False,False,False,Upper Penn,67.2,66.08981983444127,68.31018016555873,0.5664184518156791,False,False,False,False,False,-3.1500000000000057,3.1500000000000057,0.753415276817469,4.180961147092801,True,False,False,False,False,False
E02002174,E02006894,Bradmore,64.05,63.07628289529247,65.02371710470752,0.49679444117730687,False,False,False,False,False,Blakenhall,59.35,58.60669656263407,60.09330343736592,0.3792364476356755,False,False,False,False,False,4.699999999999996,4.699999999999996,0.6249999999999992,7.520000000000002,True,False,False,False,False,False
E02002175,E02002177,Bilston Lunt,57.95,56.95752833793604,58.942471662063966,0.506363092889777,False,False,False,False,False,Ettingshall,59.55,58.75430847685802,60.34569152314197,0.40596506282753864,False,False,False,False,False,-1.5999999999999943,1.5999999999999943,0.6490078690412531,2.465301387429392,True,False,False,False,False,False
E02002175,E02002181,Bilston Lunt,57.95,56.95752833793604,58.942471662063966,0.506363092889777,False,False,False,False,False,Bradley,58.35,57.39540584539816,59.30459415460183,0.4870378339805283,False,False,False,False,False,-0.3999999999999986,0.3999999999999986,0.7025734364245104,0.5693355018311704,False,False,False,False,False,False
E02002176,E02002179,Merryhill South,64.1,63.12756748306116,65.07243251693883,0.49613903925450736,False,False,False,False,False,Upper Penn,67.2,66.08981983444127,68.31018016555873,0.5664184518156791,False,False,False,False,False,-3.1000000000000085,3.1000000000000085,0.7529832726094626,4.116957325302808,True,False,False,False,False,False
E02002176,E02006186,Merryhill South,64.1,63.12756748306116,65.07243251693883,0.49613903925450736,False,False,False,False,False,Wombourne Outer,70.0,69.2893664798224,70.7106335201776,0.3625681225395892,False,False,False,False,False,-5.900000000000006,5.900000000000006,0.6144994627778515,9.60131026531576,True,False,False,False,False,False
E02002177,E02002180,Ettingshall,59.55,58.75430847685802,60.34569152314197,0.40596506282753864,False,False,False,False,False,Ettingshall Park,62.150000000000006,61.05426964995945,63.24573035004056,0.5590460969594665,False,False,False,False,False,-2.6000000000000085,2.6000000000000085,0.6908980899974906,3.763217814091007,True,False,False,False,False,False
E02002177,E02002181,Ettingshall,59.55,58.75430847685802,60.34569152314197,0.40596506282753864,False,False,False,False,False,Bradley,58.35,57.39540584539816,59.30459415460183,0.4870378339805283,False,False,False,False,False,1.1999999999999957,1.1999999999999957,0.6340453327365576,1.8926091527568885,False,False,False,False,False,False
E02002177,E02002182,Ettingshall,59.55,58.75430847685802,60.34569152314197,0.40596506282753864,False,False,False,False,False,Woodcross,59.650000000000006,58.62469516727951,60.6753048327205,0.5231147105716805,False,False,False,False,False,-0.10000000000000853,0.10000000000000853,0.6621605792049693,0.15102076919177926,False,False,False,False,False,False
E02002177,E02006894,Ettingshall,59.55,58.75430847685802,60.34569152314197,0.40596506282753864,False,False,False,False,False,Blakenhall,59.35,58.60669656263407,60.09330343736592,0.3792364476356755,False,False,False,False,False,0.19999999999999574,0.19999999999999574,0.5555429015403706,0.3600081999886052,False,False,False,False,False,False
E02002178,E02002179,Goldthorn Park,64.2,63.17408577356584,65.22591422643417,0.5234256257317164,False,False,False,False,False,Upper Penn,67.2,66.08981983444127,68.31018016555873,0.5664184518156791,False,False,False,False,False,-3.0,3.0,0.7712355335628083,3.889862265735043,True,False,False,False,False,False
E02002178,E02002180,Goldthorn Park,64.2,63.17408577356584,65.22591422643417,0.5234256257317164,False,False,False,False,False,Ettingshall Park,62.150000000000006,61.05426964995945,63.24573035004056,0.5590460969594665,False,False,False,False,False,2.049999999999997,2.049999999999997,0.7658374006264332,2.676808416934398,True,False,False,False,False,False
E02002178,E02006185,Goldthorn Park,64.2,63.17408577356584,65.22591422643417,0.5234256257317164,False,False,False,False,False,Wombourne Inner,66.0,65.02371879051167,66.97628120948833,0.4981026579022114,False,False,False,False,False,-1.7999999999999972,1.7999999999999972,0.7225514815443163,2.491171973176001,True,False,False,False,False,False
E02002178,E02006894,Goldthorn Park,64.2,63.17408577356584,65.22591422643417,0.5234256257317164,False,False,False,False,False,Blakenhall,59.35,58.60669656263407,60.09330343736592,0.3792364476356755,False,False,False,False,False,4.850000000000001,4.850000000000001,0.6463703805775488,7.503437882884422,True,False,False,False,False,False
E02002179,E02006185,Upper Penn,67.2,66.08981983444127,68.31018016555873,0.5664184518156791,False,False,False,False,False,Wombourne Inner,66.0,65.02371879051167,66.97628120948833,0.4981026579022114,False,False,False,False,False,1.2000000000000028,1.2000000000000028,0.7542785429577844,1.5909242165293367,False,False,False,False,False,False
E02002179,E02006186,Upper Penn,67.2,66.08981983444127,68.31018016555873,0.5664184518156791,False,False,False,False,False,Wombourne Outer,70.0,69.2893664798224,70.7106335201776,0.3625681225395892,False,False,False,False,False,-2.799999999999997,2.799999999999997,0.6725217513502098,4.1634341110581,True,False,False,False,False,False
E02002180,E02002182,Ettingshall Park,62.150000000000006,61.05426964995945,63.24573035004056,0.5590460969594665,False,False,False,False,False,Woodcross,59.650000000000006,58.62469516727951,60.6753048327205,0.5231147105716805,False,False,False,False,False,2.5,2.5,0.765624933594842,3.265306405659674,True,False,False,False,False,False
E02002180,E02006894,Ettingshall Park,62.150000000000006,61.05426964995945,63.24573035004056,0.5590460969594665,False,False,False,False,False,Blakenhall,59.35,58.60669656263407,60.09330343736592,0.3792364476356755,False,False,False,False,False,2.8000000000000043,2.8000000000000043,0.6755389120849662,4.144838957326907,True,False,False,False,False,False
E02002809,E02002819,Spondon South,61.6,60.50426964995945,62.69573035004056,0.5590460969594684,False,False,False,False,False,Wilmorton,58.7,57.67469516727951,59.7253048327205,0.5231147105716805,False,False,False,False,False,2.8999999999999986,2.8999999999999986,0.7656249335948434,3.787755430565213,True,False,False,False,False,False
E02002809,E02004086,Spondon South,61.6,60.50426964995945,62.69573035004056,0.5590460969594684,False,False,False,False,False,Borrowash,67.75,66.77756748306116,68.72243251693884,0.49613903925450914,False,False,False,False,False,-6.149999999999999,6.149999999999999,0.747453332856308,8.227938427270733,True,False,False,False,False,False
E02002809,E02004121,Spondon South,61.6,60.50426964995945,62.69573035004056,0.5590460969594684,False,False,False,False,False,Aston-on-Trent,69.95,69.0792962616366,70.8207037383634,0.4442366012058179,False,False,False,False,False,-8.350000000000001,8.350000000000001,0.7140579082795122,11.693729462529054,True,False,False,False,False,False
E02002812,E02002815,Littleover East,63.9,62.92628289529247,64.87371710470752,0.4967944411773087,False,False,False,False,False,Normanton North,58.95,57.83616652950273,60.06383347049728,0.5682823829067737,False,False,False,False,False,4.949999999999996,4.949999999999996,0.754817582934364,6.557875852277846,True,False,False,False,False,False
E02002812,E02002816,Littleover East,63.9,62.92628289529247,64.87371710470752,0.4967944411773087,False,False,False,False,False,Littleover West,70.8,69.64972829296727,71.95027170703273,0.5868733199146579,False,False,False,False,False,-6.899999999999999,6.899999999999999,0.7689115751582407,8.97372366722401,True,False,False,False,False,False
E02002812,E02002817,Littleover East,63.9,62.92628289529247,64.87371710470752,0.4967944411773087,False,False,False,False,False,Normanton West,67.25,66.254384612413,68.245615387587,0.5079670344831604,False,False,False,False,False,-3.3500000000000014,3.3500000000000014,0.7105175753676265,4.714872814042199,True,False,False,False,False,False
E02002813,E02002815,Rose Hill,55.0,54.16896149307026,55.83103850692974,0.42399923822945756,False,False,False,False,False,Normanton North,58.95,57.83616652950273,60.06383347049728,0.5682823829067737,False,False,False,False,False,-3.950000000000003,3.950000000000003,0.7090276586575176,5.571009750845243,True,False,False,False,False,False
E02002813,E02002819,Rose Hill,55.0,54.16896149307026,55.83103850692974,0.42399923822945756,False,False,False,False,False,Wilmorton,58.7,57.67469516727951,59.7253048327205,0.5231147105716805,False,False,False,False,False,-3.700000000000003,3.700000000000003,0.6733679190722212,5.494767266456548,True,False,False,False,False,False
E02002813,E02002821,Rose Hill,55.0,54.16896149307026,55.83103850692974,0.42399923822945756,False,False,False,False,False,Allenton,56.3,55.45073561242685,57.14926438757315,0.43329815692507667,False,False,False,False,False,-1.2999999999999972,1.2999999999999972,0.6062364611385798,2.1443777854575954,True,False,False,False,False,False
E02002814,E02002816,Mickleover South,68.1,67.06922359359558,69.13077640640441,0.5259063297981702,False,False,False,False,False,Littleover West,70.8,69.64972829296727,71.95027170703273,0.5868733199146579,False,False,False,False,False,-2.700000000000003,2.700000000000003,0.7880341117930328,3.426247619987704,True,False,False,False,False,False
E02002814,E02004118,Mickleover South,68.1,67.06922359359558,69.13077640640441,0.5259063297981702,False,False,False,False,False,Hatton,68.44999999999999,67.14137476716975,69.75862523283023,0.6676659351174683,False,False,False,False,False,-0.3499999999999943,0.3499999999999943,0.8499148596406967,0.41180595447873164,False,False,False,False,False,False
E02002815,E02002817,Normanton North,58.95,57.83616652950273,60.06383347049728,0.5682823829067737,False,False,False,False,False,Normanton West,67.25,66.254384612413,68.245615387587,0.5079670344831604,False,False,False,False,False,-8.299999999999997,8.299999999999997,0.7622174065473821,10.889281625824482,True,False,False,False,False,False
E02002815,E02002818,Normanton North,58.95,57.83616652950273,60.06383347049728,0.5682823829067737,False,False,False,False,False,Normanton South,57.35,56.43076118445748,58.26923881554251,0.4689993956849559,False,False,False,True,False,1.6000000000000014,1.6000000000000014,0.7368210772467457,2.171490541474013,True,False,False,False,False,True
E02002815,E02002821,Normanton North,58.95,57.83616652950273,60.06383347049728,0.5682823829067737,False,False,False,False,False,Allenton,56.3,55.45073561242685,57.14926438757315,0.43329815692507667,False,False,False,False,False,2.6500000000000057,2.6500000000000057,0.714627287134258,3.708226718611357,True,False,False,False,False,False
E02002816,E02002817,Littleover West,70.8,69.64972829296727,71.95027170703273,0.5868733199146579,False,False,False,False,False,Normanton West,67.25,66.254384612413,68.245615387587,0.5079670344831604,False,False,False,False,False,3.549999999999997,3.549999999999997,0.7761770427868043,4.573698788170794,True,False,False,False,False,False
E02002816,E02002822,Littleover West,70.8,69.64972829296727,71.95027170703273,0.5868733199146579,False,False,False,False,False,Sunny Hill,63.7,62.65686769774875,64.74313230225125,0.5322103582914549,False,False,False,False,False,7.099999999999994,7.099999999999994,0.7922551098606883,8.96175980644476,True,False,False,False,False,False
E02002816,E02004118,Littleover West,70.8,69.64972829296727,71.95027170703273,0.5868733199146579,False,False,False,False,False,Hatton,68.44999999999999,67.14137476716975,69.75862523283023,0.6676659351174683,False,False,False,False,False,2.3500000000000085,2.3500000000000085,0.8889308716339734,2.6436251400296125,True,False,False,False,False,False
E02002816,E02004120,Littleover West,70.8,69.64972829296727,71.95027170703273,0.5868733199146579,False,False,False,False,False,Willington North,67.55000000000001,66.66329260745161,68.43670739254841,0.45240173089204194,False,False,False,False,False,3.249999999999986,3.249999999999986,0.7410044667488638,4.38593847383845,True,False,False,False,False,False
E02002817,E02002818,Normanton West,67.25,66.254384612413,68.245615387587,0.5079670344831604,False,False,False,False,False,Normanton South,57.35,56.43076118445748,58.26923881554251,0.4689993956849559,False,False,False,True,False,9.899999999999999,9.899999999999999,0.6913688894320239,14.319417826470447,True,True,False,False,False,True
E02002817,E02002822,Normanton West,67.25,66.254384612413,68.245615387587,0.5079670344831604,False,False,False,False,False,Sunny Hill,63.7,62.65686769774875,64.74313230225125,0.5322103582914549,False,False,False,False,False,3.549999999999997,3.549999999999997,0.7357162317050883,4.825229955539453,True,False,False,False,False,False
E02002818,E02002822,Normanton South,57.35,56.43076118445748,58.26923881554251,0.4689993956849559,False,False,False,True,False,Sunny Hill,63.7,62.65686769774875,64.74313230225125,0.5322103582914549,False,False,False,False,False,-6.350000000000001,6.350000000000001,0.7093717633410372,8.951582693526495,True,False,False,False,False,True
E02002818,E02002824,Normanton South,57.35,56.43076118445748,58.26923881554251,0.4689993956849559,False,False,False,True,False,Sinfin,60.55,59.648265560156425,61.45173443984357,0.46006859175692477,False,False,False,False,False,-3.1999999999999957,3.1999999999999957,0.6569806254936699,4.87076768450431,True,False,False,False,False,True
E02002819,E02002820,Wilmorton,58.7,57.67469516727951,59.7253048327205,0.5231147105716805,False,False,False,False,False,Alvaston,59.15,58.19540584539816,60.10459415460184,0.48703783398053013,False,False,False,False,False,-0.44999999999999574,0.44999999999999574,0.714741108475607,0.6295985982389504,False,False,False,False,False,False
E02002819,E02002821,Wilmorton,58.7,57.67469516727951,59.7253048327205,0.5231147105716805,False,False,False,False,False,Allenton,56.3,55.45073561242685,57.14926438757315,0.43329815692507667,False,False,False,False,False,2.4000000000000057,2.4000000000000057,0.6792615793721601,3.53324856415156,True,False,False,False,False,False
E02002819,E02002823,Wilmorton,58.7,57.67469516727951,59.7253048327205,0.5231147105716805,False,False,False,False,False,Boulton,60.5,59.47408577356584,61.52591422643416,0.5234256257317146,False,False,False,False,False,-1.7999999999999972,1.7999999999999972,0.7400158012428721,2.432380493736565,True,False,False,False,False,False
E02002819,E02004121,Wilmorton,58.7,57.67469516727951,59.7253048327205,0.5231147105716805,False,False,False,False,False,Aston-on-Trent,69.95,69.0792962616366,70.8207037383634,0.4442366012058179,False,False,False,False,False,-11.25,11.25,0.6862908700160523,16.392466360126377,True,True,False,False,False,False
E02002820,E02002821,Alvaston,59.15,58.19540584539816,60.10459415460184,0.48703783398053013,False,False,False,False,False,Allenton,56.3,55.45073561242685,57.14926438757315,0.43329815692507667,False,False,False,False,False,2.8500000000000014,2.8500000000000014,0.6518843030194199,4.371941442368338,True,False,False,False,False,False
E02002820,E02002823,Alvaston,59.15,58.19540584539816,60.10459415460184,0.48703783398053013,False,False,False,False,False,Boulton,60.5,59.47408577356584,61.52591422643416,0.5234256257317146,False,False,False,False,False,-1.3500000000000014,1.3500000000000014,0.7149686967980371,1.8881945545950898,False,False,False,False,False,False
E02002821,E02002823,Allenton,56.3,55.45073561242685,57.14926438757315,0.43329815692507667,False,False,False,False,False,Boulton,60.5,59.47408577356584,61.52591422643416,0.5234256257317146,False,False,False,False,False,-4.200000000000003,4.200000000000003,0.6795010511156736,6.181005891166787,True,False,False,False,False,False
E02002821,E02002824,Allenton,56.3,55.45073561242685,57.14926438757315,0.43329815692507667,False,False,False,False,False,Sinfin,60.55,59.648265560156425,61.45173443984357,0.46006859175692477,False,False,False,False,False,-4.25,4.25,0.6319892419304843,6.724798015576789,True,False,False,False,False,False
E02002821,E02002825,Allenton,56.3,55.45073561242685,57.14926438757315,0.43329815692507667,False,False,False,False,False,Chellaston West,64.4,63.434987046719066,65.36501295328094,0.4923535475923146,False,False,False,False,False,-8.100000000000009,8.100000000000009,0.6558653128664497,12.350096644994196,True,False,False,False,False,False
E02002822,E02002824,Sunny Hill,63.7,62.65686769774875,64.74313230225125,0.5322103582914549,False,False,False,False,False,Sinfin,60.55,59.648265560156425,61.45173443984357,0.46006859175692477,False,False,False,False,False,3.1500000000000057,3.1500000000000057,0.7034990935274321,4.477617709790517,True,False,False,False,False,False
E02002822,E02004120,Sunny Hill,63.7,62.65686769774875,64.74313230225125,0.5322103582914549,False,False,False,False,False,Willington North,67.55000000000001,66.66329260745161,68.43670739254841,0.45240173089204194,False,False,False,False,False,-3.8500000000000085,3.8500000000000085,0.6985092637802554,5.511737924797492,True,False,False,False,False,False
E02002823,E02002825,Boulton,60.5,59.47408577356584,61.52591422643416,0.5234256257317146,False,False,False,False,False,Chellaston West,64.4,63.434987046719066,65.36501295328094,0.4923535475923146,False,False,False,False,False,-3.9000000000000057,3.9000000000000057,0.7186003071940441,5.427217273575262,True,False,False,False,False,False
E02002823,E02002826,Boulton,60.5,59.47408577356584,61.52591422643416,0.5234256257317146,False,False,False,False,False,Chellaston East,68.05000000000001,66.80802576516258,69.29197423483744,0.6336603238966472,False,False,False,False,False,-7.550000000000011,7.550000000000011,0.8218879435503605,9.186167115903666,True,False,False,False,False,False
E02002823,E02004121,Boulton,60.5,59.47408577356584,61.52591422643416,0.5234256257317146,False,False,False,False,False,Aston-on-Trent,69.95,69.0792962616366,70.8207037383634,0.4442366012058179,False,False,False,False,False,-9.450000000000003,9.450000000000003,0.6865278898366284,13.764917842228959,True,False,False,False,False,False
E02002824,E02002825,Sinfin,60.55,59.648265560156425,61.45173443984357,0.46006859175692477,False,False,False,False,False,Chellaston West,64.4,63.434987046719066,65.36501295328094,0.4923535475923146,False,False,False,False,False,-3.8500000000000085,3.8500000000000085,0.673850966422055,5.713429514603718,True,False,False,False,False,False
E02002824,E02004120,Sinfin,60.55,59.648265560156425,61.45173443984357,0.46006859175692477,False,False,False,False,False,Willington North,67.55000000000001,66.66329260745161,68.43670739254841,0.45240173089204194,False,False,False,False,False,-7.000000000000014,7.000000000000014,0.6452367280582495,10.848731474207217,True,False,False,False,False,False
E02002824,E02004121,Sinfin,60.55,59.648265560156425,61.45173443984357,0.46006859175692477,False,False,False,False,False,Aston-on-Trent,69.95,69.0792962616366,70.8207037383634,0.4442366012058179,False,False,False,False,False,-9.400000000000006,9.400000000000006,0.6395383233021277,14.698102768048354,True,False,False,False,False,False
E02002825,E02002826,Chellaston West,64.4,63.434987046719066,65.36501295328094,0.4923535475923146,False,False,False,False,False,Chellaston East,68.05000000000001,66.80802576516258,69.29197423483744,0.6336603238966472,False,False,False,False,False,-3.6500000000000057,3.6500000000000057,0.802457115307442,4.548529672643748,True,False,False,False,False,False
E02002825,E02004121,Chellaston West,64.4,63.434987046719066,65.36501295328094,0.4923535475923146,False,False,False,False,False,Aston-on-Trent,69.95,69.0792962616366,70.8207037383634,0.4442366012058179,False,False,False,False,False,-5.549999999999997,5.549999999999997,0.6631426495691817,8.369240017371254,True,False,False,False,False,False
E02002826,E02004121,Chellaston East,68.05000000000001,66.80802576516258,69.29197423483744,0.6336603238966472,False,False,False,False,False,Aston-on-Trent,69.95,69.0792962616366,70.8207037383634,0.4442366012058179,False,False,False,False,False,-1.8999999999999915,1.8999999999999915,0.7738679240876318,2.455199318721004,True,False,False,False,False,False
E02002905,E02002908,Wigmore,68.3,66.11696885042838,70.48303114957162,1.1137914028426628,False,False,False,False,False,Shobdon,70.55,69.37473407264568,71.72526592735431,0.5996254731399578,False,False,False,False,False,-2.25,2.25,1.264943475845678,1.7787356059493193,False,False,False,False,False,False
E02002905,E02006043,Wigmore,68.3,66.11696885042838,70.48303114957162,1.1137914028426628,False,False,False,False,False,Craven Arms,67.9,66.61937515251344,69.18062484748657,0.6533800242278388,False,False,False,False,False,0.3999999999999915,0.3999999999999915,1.2912926643895248,0.3097671124687265,False,False,False,False,False,False
E02002905,E02006046,Wigmore,68.3,66.11696885042838,70.48303114957162,1.1137914028426628,False,False,False,False,False,Cleobury Mortimer,69.0,67.98757716343417,70.01242283656583,0.5165422635539962,False,False,False,False,False,-0.7000000000000028,0.7000000000000028,1.2277406888605236,0.5701529698829797,False,False,False,False,False,False
E02002905,E02006710,Wigmore,68.3,66.11696885042838,70.48303114957162,1.1137914028426628,False,False,False,False,False,Tenbury Wells,69.35,68.23616652950273,70.46383347049726,0.56828238290677,False,False,False,False,False,-1.0499999999999972,1.0499999999999972,1.2503904013420863,0.8397377322098735,False,False,False,False,False,False
E02002908,E02002909,Shobdon,70.55,69.37473407264568,71.72526592735431,0.5996254731399578,False,False,False,False,False,Bromyard,67.25,66.31158378104382,68.18841621895618,0.4787837851817234,False,False,False,False,False,3.299999999999997,3.299999999999997,0.7673230225864834,4.300665955357883,True,False,False,False,False,False
E02002908,E02006710,Shobdon,70.55,69.37473407264568,71.72526592735431,0.5996254731399578,False,False,False,False,False,Tenbury Wells,69.35,68.23616652950273,70.46383347049726,0.56828238290677,False,False,False,False,False,1.2000000000000028,1.2000000000000028,0.8261329038117989,1.452550787486095,False,False,False,False,False,False
E02002909,E02006710,Bromyard,67.25,66.31158378104382,68.18841621895618,0.4787837851817234,False,False,False,False,False,Tenbury Wells,69.35,68.23616652950273,70.46383347049726,0.56828238290677,False,False,False,False,False,-2.0999999999999943,2.0999999999999943,0.7430873297770157,2.826047378078911,True,False,False,False,False,False
E02002909,E02006711,Bromyard,67.25,66.31158378104382,68.18841621895618,0.4787837851817234,False,False,False,False,False,Abberley,71.35,70.3385035837928,72.36149641620719,0.5160696001057113,False,False,False,False,False,-4.099999999999994,4.099999999999994,0.7039614656401353,5.824182430598995,True,False,False,False,False,False
E02002909,E02006712,Bromyard,67.25,66.31158378104382,68.18841621895618,0.4787837851817234,False,False,False,False,False,Broadheath,70.8,69.64755694283839,71.9524430571616,0.5879811516130639,False,False,False,False,False,-3.549999999999997,3.549999999999997,0.758258364678665,4.681781521136819,True,False,False,False,False,False
E02002928,E02002929,Newport North,67.80000000000001,66.73698541872655,68.86301458127348,0.542354378200747,False,False,False,False,False,Edgmond,69.45,68.075,70.825,0.701530612244898,False,False,False,False,False,-1.6499999999999915,1.6499999999999915,0.8867319050706478,1.8607653458330593,False,False,False,False,False,False
E02002928,E02002930,Newport North,67.80000000000001,66.73698541872655,68.86301458127348,0.542354378200747,False,False,False,False,False,Newport South,66.6,65.41440942986206,67.78559057013793,0.6048931480295575,False,False,False,False,False,1.200000000000017,1.200000000000017,0.812430915270109,1.4770486664716014,False,False,False,False,False,False
E02002928,E02006202,Newport North,67.80000000000001,66.73698541872655,68.86301458127348,0.542354378200747,False,False,False,False,False,Gnosall,71.05,70.1049470914282,71.9950529085718,0.48216985131214085,False,False,False,False,False,-3.249999999999986,3.249999999999986,0.7256969319680846,4.478453548351115,True,False,False,False,False,False
E02002929,E02002930,Edgmond,69.45,68.075,70.825,0.701530612244898,False,False,False,False,False,Newport South,66.6,65.41440942986206,67.78559057013793,0.6048931480295575,False,False,False,False,False,2.8500000000000085,2.8500000000000085,0.9263049824165956,3.0767404408910455,True,False,False,False,False,False
E02002929,E02002931,Edgmond,69.45,68.075,70.825,0.701530612244898,False,False,False,False,False,Muxton,69.95,68.85170586817556,71.04829413182445,0.5603541488900233,False,False,False,False,False,-0.5,0.5,0.8978540928764338,0.5568833555106508,False,False,False,False,False,False
E02002929,E02002933,Edgmond,69.45,68.075,70.825,0.701530612244898,False,False,False,False,False,Dothill,65.7,64.81611652351683,66.58388347648318,0.4509609573893762,False,False,False,False,False,3.75,3.75,0.8339730121570147,4.496548383863021,True,False,False,False,False,False
E02002929,E02002934,Edgmond,69.45,68.075,70.825,0.701530612244898,False,False,False,False,False,Apley,64.19999999999999,63.06807685773281,65.33192314226717,0.5775118072791734,False,False,False,False,False,5.250000000000014,5.250000000000014,0.9086611510698356,5.7777313290204955,True,False,False,False,False,False
E02002929,E02002937,Edgmond,69.45,68.075,70.825,0.701530612244898,False,False,False,False,False,Ironbridge,68.0,67.13361382744182,68.86638617255818,0.4420337615092753,False,False,False,False,False,1.4500000000000028,1.4500000000000028,0.8291797430176042,1.7487161405114284,False,False,False,False,False,False
E02002929,E02006008,Edgmond,69.45,68.075,70.825,0.701530612244898,False,False,False,False,False,Shifnal,68.5,67.7027390640449,69.2972609359551,0.4067657836505584,False,False,False,False,False,0.9500000000000028,0.9500000000000028,0.810927618635322,1.171497897184363,False,False,False,False,False,False
E02002929,E02006020,Edgmond,69.45,68.075,70.825,0.701530612244898,False,False,False,False,False,Hinstock,65.85,64.59476097893668,67.10523902106331,0.6404280719710805,False,False,False,False,False,3.6000000000000085,3.6000000000000085,0.9498912123423908,3.789907679135765,True,False,False,False,False,False
E02002929,E02006176,Edgmond,69.45,68.075,70.825,0.701530612244898,False,False,False,False,False,Brewood,70.05,68.89755694283839,71.2024430571616,0.5879811516130639,False,False,False,False,False,-0.5999999999999943,0.5999999999999943,0.9153507713269958,0.655486419845549,False,False,False,False,False,False
E02002929,E02006192,Edgmond,69.45,68.075,70.825,0.701530612244898,False,False,False,False,False,Eccleshall,70.45,69.37151726949385,71.52848273050616,0.5502462910745677,False,False,False,False,False,-1.0,1.0,0.8915807202704752,1.1216034367551533,False,False,False,False,False,False
E02002929,E02006202,Edgmond,69.45,68.075,70.825,0.701530612244898,False,False,False,False,False,Gnosall,71.05,70.1049470914282,71.9950529085718,0.48216985131214085,False,False,False,False,False,-1.5999999999999943,1.5999999999999943,0.851253760891001,1.8795805358031972,False,False,False,False,False,False
E02002931,E02002932,Muxton,69.95,68.85170586817556,71.04829413182445,0.5603541488900233,False,False,False,False,False,Donnington,58.85,57.89475134127286,59.805248658727145,0.4873717646567057,False,False,False,False,False,11.100000000000001,11.100000000000001,0.7426493177555971,14.946489190276166,True,True,False,False,False,False
E02002931,E02002934,Muxton,69.95,68.85170586817556,71.04829413182445,0.5603541488900233,False,False,False,False,False,Apley,64.19999999999999,63.06807685773281,65.33192314226717,0.5775118072791734,False,False,False,False,False,5.750000000000014,5.750000000000014,0.8046841987544676,7.14566038316667,True,False,False,False,False,False
E02002931,E02002936,Muxton,69.95,68.85170586817556,71.04829413182445,0.5603541488900233,False,False,False,False,False,Hadley,61.6,60.75073561242685,62.449264387573145,0.43329815692507484,False,False,False,False,False,8.350000000000001,8.350000000000001,0.7083389478017774,11.78814185766992,True,False,False,False,False,False
E02002931,E02002942,Muxton,69.95,68.85170586817556,71.04829413182445,0.5603541488900233,False,False,False,False,False,Priorslee,68.95,67.99540584539817,69.90459415460184,0.4870378339805283,False,False,False,False,False,1.0,1.0,0.7424302148395546,1.346927940178335,False,False,False,False,False,False
E02002931,E02006008,Muxton,69.95,68.85170586817556,71.04829413182445,0.5603541488900233,False,False,False,False,False,Shifnal,68.5,67.7027390640449,69.2972609359551,0.4067657836505584,False,False,False,False,False,1.4500000000000028,1.4500000000000028,0.6924270177622442,2.094083510325825,True,False,False,False,False,False
E02002932,E02002935,Donnington,58.85,57.89475134127286,59.805248658727145,0.4873717646567057,False,False,False,False,False,Wrockwardine Wood,62.9,61.83875073616044,63.96124926383956,0.5414537060405918,False,False,False,False,False,-4.049999999999997,4.049999999999997,0.7284938934333512,5.5594151666976535,True,False,False,False,False,False
E02002932,E02002936,Donnington,58.85,57.89475134127286,59.805248658727145,0.4873717646567057,False,False,False,False,False,Hadley,61.6,60.75073561242685,62.449264387573145,0.43329815692507484,False,False,False,False,False,-2.75,2.75,0.6521338281206228,4.216925853892896,True,False,False,False,False,False
E02002932,E02002942,Donnington,58.85,57.89475134127286,59.805248658727145,0.4873717646567057,False,False,False,False,False,Priorslee,68.95,67.99540584539817,69.90459415460184,0.4870378339805283,False,False,False,False,False,-10.100000000000001,10.100000000000001,0.6890116753096684,14.658677584034656,True,True,False,False,False,False
E02002933,E02002934,Dothill,65.7,64.81611652351683,66.58388347648318,0.4509609573893762,False,False,False,False,False,Apley,64.19999999999999,63.06807685773281,65.33192314226717,0.5775118072791734,False,False,False,False,False,1.5000000000000142,1.5000000000000142,0.7327248273645435,2.047153234039029,True,False,False,False,False,False
E02002933,E02002937,Dothill,65.7,64.81611652351683,66.58388347648318,0.4509609573893762,False,False,False,False,False,Ironbridge,68.0,67.13361382744182,68.86638617255818,0.4420337615092753,False,False,False,False,False,-2.299999999999997,2.299999999999997,0.6314741731880898,3.6422708919164664,True,False,False,False,False,False
E02002933,E02002938,Dothill,65.7,64.81611652351683,66.58388347648318,0.4509609573893762,False,False,False,False,False,Wellington East,61.45,60.230112710124416,62.66988728987559,0.6223914744263197,False,False,False,False,False,4.25,4.25,0.7685941273052448,5.529576468273125,True,False,False,False,False,False
E02002933,E02002939,Dothill,65.7,64.81611652351683,66.58388347648318,0.4509609573893762,False,False,False,False,False,Wellington West,63.05,62.07756748306116,64.02243251693884,0.49613903925450914,False,False,False,False,False,2.6500000000000057,2.6500000000000057,0.6704623265791525,3.95249650121416,True,False,False,False,False,False
E02002934,E02002936,Apley,64.19999999999999,63.06807685773281,65.33192314226717,0.5775118072791734,False,False,False,False,False,Hadley,61.6,60.75073561242685,62.449264387573145,0.43329815692507484,False,False,False,False,False,2.599999999999987,2.599999999999987,0.7219883519431071,3.6011661310082577,True,False,False,False,False,False
E02002934,E02002938,Apley,64.19999999999999,63.06807685773281,65.33192314226717,0.5775118072791734,False,False,False,False,False,Wellington East,61.45,60.230112710124416,62.66988728987559,0.6223914744263197,False,False,False,False,False,2.749999999999986,2.749999999999986,0.8490530224817678,3.2389025504694415,True,False,False,False,False,False
E02002935,E02002936,Wrockwardine Wood,62.9,61.83875073616044,63.96124926383956,0.5414537060405918,False,False,False,False,False,Hadley,61.6,60.75073561242685,62.449264387573145,0.43329815692507484,False,False,False,False,False,1.2999999999999972,1.2999999999999972,0.6934835315851116,1.8745939027976002,False,False,False,False,False,False
E02002935,E02002940,Wrockwardine Wood,62.9,61.83875073616044,63.96124926383956,0.5414537060405918,False,False,False,False,False,St George's,62.3,61.11440942986206,63.48559057013794,0.6048931480295612,False,False,False,False,False,0.6000000000000014,0.6000000000000014,0.8118299306617146,0.7390710508923307,False,False,False,False,False,False
E02002935,E02002941,Wrockwardine Wood,62.9,61.83875073616044,63.96124926383956,0.5414537060405918,False,False,False,False,False,Oakengates,61.150000000000006,60.21158378104384,62.088416218956176,0.47878378518171794,False,False,False,False,False,1.749999999999993,1.749999999999993,0.7227766105360806,2.421218360541613,True,False,False,False,False,False
E02002936,E02002938,Hadley,61.6,60.75073561242685,62.449264387573145,0.43329815692507484,False,False,False,False,False,Wellington East,61.45,60.230112710124416,62.66988728987559,0.6223914744263197,False,False,False,False,False,0.14999999999999858,0.14999999999999858,0.7583656375609558,0.19779377198896608,False,False,False,False,False,False
E02002936,E02002941,Hadley,61.6,60.75073561242685,62.449264387573145,0.43329815692507484,False,False,False,False,False,Oakengates,61.150000000000006,60.21158378104384,62.088416218956176,0.47878378518171794,False,False,False,False,False,0.44999999999999574,0.44999999999999574,0.6457408193289319,0.696874019002927,False,False,False,False,False,False
E02002937,E02002938,Ironbridge,68.0,67.13361382744182,68.86638617255818,0.4420337615092753,False,False,False,False,False,Wellington East,61.45,60.230112710124416,62.66988728987559,0.6223914744263197,False,False,False,False,False,6.549999999999997,6.549999999999997,0.7633904595635231,8.580143906625493,True,False,False,False,False,False
E02002937,E02002939,Ironbridge,68.0,67.13361382744182,68.86638617255818,0.4420337615092753,False,False,False,False,False,Wellington West,63.05,62.07756748306116,64.02243251693884,0.49613903925450914,False,False,False,False,False,4.950000000000003,4.950000000000003,0.6644906264097533,7.449315014035459,True,False,False,False,False,False
E02002937,E02002948,Ironbridge,68.0,67.13361382744182,68.86638617255818,0.4420337615092753,False,False,False,False,False,Woodside,55.400000000000006,54.26807685773283,56.53192314226718,0.5775118072791716,False,False,False,False,False,12.599999999999994,12.599999999999994,0.7272645556198198,17.32519466628137,True,True,False,False,False,False
E02002937,E02002949,Ironbridge,68.0,67.13361382744182,68.86638617255818,0.4420337615092753,False,False,False,False,False,Madeley,61.7,60.30491935716963,63.095080642830375,0.7117758381787613,False,False,False,False,False,6.299999999999997,6.299999999999997,0.8378655561181144,7.5191060833056635,True,False,False,False,False,False
E02002937,E02002950,Ironbridge,68.0,67.13361382744182,68.86638617255818,0.4420337615092753,False,False,False,False,False,Sutton Hill,57.25,55.83181453963172,58.668185460368285,0.7235640103919804,False,False,False,False,False,10.75,10.75,0.8479025436030752,12.678343851073938,True,True,False,False,False,False
E02002937,E02006010,Ironbridge,68.0,67.13361382744182,68.86638617255818,0.4420337615092753,False,False,False,False,False,Much Wenlock,68.05000000000001,67.09475134127287,69.00524865872715,0.4873717646567057,False,False,False,False,False,-0.05000000000001137,0.05000000000001137,0.6579704273739285,0.07599125723563267,False,False,False,False,False,False
E02002937,E02006013,Ironbridge,68.0,67.13361382744182,68.86638617255818,0.4420337615092753,False,False,False,False,False,Alveley,69.4,68.48450832881998,70.31549167118003,0.4670875873367455,False,False,False,False,False,-1.4000000000000057,1.4000000000000057,0.6430899319365067,2.1769894543120136,True,False,False,False,False,False
E02002937,E02006020,Ironbridge,68.0,67.13361382744182,68.86638617255818,0.4420337615092753,False,False,False,False,False,Hinstock,65.85,64.59476097893668,67.10523902106331,0.6404280719710805,False,False,False,False,False,2.1500000000000057,2.1500000000000057,0.7781657674831465,2.7629074547365904,True,False,False,False,False,False
E02002937,E02006022,Ironbridge,68.0,67.13361382744182,68.86638617255818,0.4420337615092753,False,False,False,False,False,Shawbury,68.69999999999999,67.46256313292353,69.93743686707644,0.6313453403451296,False,False,False,False,False,-0.6999999999999886,0.6999999999999886,0.7707079765316733,0.9082558132460449,False,False,False,False,False,False
E02002937,E02006038,Ironbridge,68.0,67.13361382744182,68.86638617255818,0.4420337615092753,False,False,False,False,False,Bayston Hill,69.2,68.35073561242685,70.04926438757316,0.4332981569250803,False,False,False,False,False,-1.2000000000000028,1.2000000000000028,0.6189839570689295,1.938660907598243,False,False,False,False,False,False
E02002937,E02006040,Ironbridge,68.0,67.13361382744182,68.86638617255818,0.4420337615092753,False,False,False,False,False,Cressage,71.85,70.78698541872653,72.91301458127346,0.542354378200747,False,False,False,False,False,-3.8499999999999943,3.8499999999999943,0.6996728648929854,5.502571549046496,True,False,False,False,False,False
E02002937,E02007050,Ironbridge,68.0,67.13361382744182,68.86638617255818,0.4420337615092753,False,False,False,False,False,Telford Town Centre,63.7,62.67225976044528,64.72774023955472,0.5243572650789391,False,False,False,False,False,4.299999999999997,4.299999999999997,0.6858165846311269,6.2698979528364625,True,False,False,False,False,False
E02002937,E02007051,Ironbridge,68.0,67.13361382744182,68.86638617255818,0.4420337615092753,False,False,False,False,False,Lawley,64.25,63.36540969935229,65.1345903006477,0.4513215819631149,False,False,False,False,False,3.75,3.75,0.6317317600530525,5.9360637490904,True,False,False,False,False,False
E02002938,E02002939,Wellington East,61.45,60.230112710124416,62.66988728987559,0.6223914744263197,False,False,False,False,False,Wellington West,63.05,62.07756748306116,64.02243251693884,0.49613903925450914,False,False,False,False,False,-1.5999999999999943,1.5999999999999943,0.7959428960113631,2.0101944599517503,True,False,False,False,False,False
E02002938,E02002941,Wellington East,61.45,60.230112710124416,62.66988728987559,0.6223914744263197,False,False,False,False,False,Oakengates,61.150000000000006,60.21158378104384,62.088416218956176,0.47878378518171794,False,False,False,False,False,0.29999999999999716,0.29999999999999716,0.7852420393684368,0.38204780813987554,False,False,False,False,False,False
E02002938,E02007050,Wellington East,61.45,60.230112710124416,62.66988728987559,0.6223914744263197,False,False,False,False,False,Telford Town Centre,63.7,62.67225976044528,64.72774023955472,0.5243572650789391,False,False,False,False,False,-2.25,2.25,0.8138314867831258,2.7647001087334337,True,False,False,False,False,False
E02002940,E02002941,St George's,62.3,61.11440942986206,63.48559057013794,0.6048931480295612,False,False,False,False,False,Oakengates,61.150000000000006,60.21158378104384,62.088416218956176,0.47878378518171794,False,False,False,False,False,1.1499999999999915,1.1499999999999915,0.7714464553590522,1.490706181888865,False,False,False,False,False,False
E02002940,E02002942,St George's,62.3,61.11440942986206,63.48559057013794,0.6048931480295612,False,False,False,False,False,Priorslee,68.95,67.99540584539817,69.90459415460184,0.4870378339805283,False,False,False,False,False,-6.650000000000006,6.650000000000006,0.7765961448922839,8.563009285762524,True,False,False,False,False,False
E02002941,E02002942,Oakengates,61.150000000000006,60.21158378104384,62.088416218956176,0.47878378518171794,False,False,False,False,False,Priorslee,68.95,67.99540584539817,69.90459415460184,0.4870378339805283,False,False,False,False,False,-7.799999999999997,7.799999999999997,0.6829639556238514,11.420807695297933,True,False,False,False,False,False
E02002941,E02007050,Oakengates,61.150000000000006,60.21158378104384,62.088416218956176,0.47878378518171794,False,False,False,False,False,Telford Town Centre,63.7,62.67225976044528,64.72774023955472,0.5243572650789391,False,False,False,False,False,-2.549999999999997,2.549999999999997,0.7100594724345266,3.5912484784647787,True,False,False,False,False,False
E02002942,E02002945,Priorslee,68.95,67.99540584539817,69.90459415460184,0.4870378339805283,False,False,False,False,False,Hollinswood,61.35,60.29970242312,62.40029757688,0.5358661106530604,False,False,False,False,False,7.600000000000001,7.600000000000001,0.7241259146549602,10.49541225661194,True,False,False,False,False,False
E02002942,E02006008,Priorslee,68.95,67.99540584539817,69.90459415460184,0.4870378339805283,False,False,False,False,False,Shifnal,68.5,67.7027390640449,69.2972609359551,0.4067657836505584,False,False,False,False,False,0.45000000000000284,0.45000000000000284,0.6345583144812599,0.7091546824469077,False,False,False,False,False,False
E02002944,E02002945,Malinslee,56.55,55.648265560156425,57.45173443984357,0.46006859175692477,False,False,False,False,False,Hollinswood,61.35,60.29970242312,62.40029757688,0.5358661106530604,False,False,False,False,False,-4.800000000000004,4.800000000000004,0.706268785709547,6.796279401159892,True,False,False,False,False,False
E02002944,E02002946,Malinslee,56.55,55.648265560156425,57.45173443984357,0.46006859175692477,False,False,False,False,False,Dawley,60.95,59.903278929227085,61.99672107077292,0.5340413626392438,False,False,False,False,False,-4.400000000000006,4.400000000000006,0.7048852999820469,6.242150318799487,True,False,False,False,False,False
E02002944,E02007050,Malinslee,56.55,55.648265560156425,57.45173443984357,0.46006859175692477,False,False,False,False,False,Telford Town Centre,63.7,62.67225976044528,64.72774023955472,0.5243572650789391,False,False,False,False,False,-7.150000000000006,7.150000000000006,0.6975769854018011,10.24976475661914,True,False,False,False,False,False
E02002944,E02007051,Malinslee,56.55,55.648265560156425,57.45173443984357,0.46006859175692477,False,False,False,False,False,Lawley,64.25,63.36540969935229,65.1345903006477,0.4513215819631149,False,False,False,False,False,-7.700000000000003,7.700000000000003,0.6444798518703967,11.947619429301342,True,False,False,False,False,False
E02002945,E02002946,Hollinswood,61.35,60.29970242312,62.40029757688,0.5358661106530604,False,False,False,False,False,Dawley,60.95,59.903278929227085,61.99672107077292,0.5340413626392438,False,False,False,False,False,0.3999999999999986,0.3999999999999986,0.7565399299151488,0.5287229188879182,False,False,False,False,False,False
E02002945,E02002947,Hollinswood,61.35,60.29970242312,62.40029757688,0.5358661106530604,False,False,False,False,False,Brookside,60.1,58.91440942986206,61.28559057013794,0.6048931480295612,False,False,False,False,False,1.25,1.25,0.8081139827274062,1.546811497780569,False,False,False,False,False,False
E02002945,E02002950,Hollinswood,61.35,60.29970242312,62.40029757688,0.5358661106530604,False,False,False,False,False,Sutton Hill,57.25,55.83181453963172,58.668185460368285,0.7235640103919804,False,False,False,False,False,4.100000000000001,4.100000000000001,0.9003873420261771,4.553595778871802,True,False,False,False,False,False
E02002945,E02006008,Hollinswood,61.35,60.29970242312,62.40029757688,0.5358661106530604,False,False,False,False,False,Shifnal,68.5,67.7027390640449,69.2972609359551,0.4067657836505584,False,False,False,False,False,-7.149999999999999,7.149999999999999,0.6727636221551303,10.62780412694684,True,False,False,False,False,False
E02002945,E02007050,Hollinswood,61.35,60.29970242312,62.40029757688,0.5358661106530604,False,False,False,False,False,Telford Town Centre,63.7,62.67225976044528,64.72774023955472,0.5243572650789391,False,False,False,False,False,-2.3500000000000014,2.3500000000000014,0.7497353066166104,3.134439553880731,True,False,False,False,False,False
E02002946,E02002947,Dawley,60.95,59.903278929227085,61.99672107077292,0.5340413626392438,False,False,False,False,False,Brookside,60.1,58.91440942986206,61.28559057013794,0.6048931480295612,False,False,False,False,False,0.8500000000000014,0.8500000000000014,0.8069051354048337,1.0534075973795192,False,False,False,False,False,False
E02002946,E02002948,Dawley,60.95,59.903278929227085,61.99672107077292,0.5340413626392438,False,False,False,False,False,Woodside,55.400000000000006,54.26807685773283,56.53192314226718,0.5775118072791716,False,False,False,False,False,5.549999999999997,5.549999999999997,0.7865876076804386,7.055793843951273,True,False,False,False,False,False
E02002946,E02002949,Dawley,60.95,59.903278929227085,61.99672107077292,0.5340413626392438,False,False,False,False,False,Madeley,61.7,60.30491935716963,63.095080642830375,0.7117758381787613,False,False,False,False,False,-0.75,0.75,0.8898455039076495,0.8428429392590795,False,False,False,False,False,False
E02002946,E02007051,Dawley,60.95,59.903278929227085,61.99672107077292,0.5340413626392438,False,False,False,False,False,Lawley,64.25,63.36540969935229,65.1345903006477,0.4513215819631149,False,False,False,False,False,-3.299999999999997,3.299999999999997,0.6992076568196811,4.719627950028349,True,False,False,False,False,False
E02002947,E02002950,Brookside,60.1,58.91440942986206,61.28559057013794,0.6048931480295612,False,False,False,False,False,Sutton Hill,57.25,55.83181453963172,58.668185460368285,0.7235640103919804,False,False,False,False,False,2.8500000000000014,2.8500000000000014,0.9431015839598821,3.0219438165223518,True,False,False,False,False,False
E02002948,E02002949,Woodside,55.400000000000006,54.26807685773283,56.53192314226718,0.5775118072791716,False,False,False,False,False,Madeley,61.7,60.30491935716963,63.095080642830375,0.7117758381787613,False,False,False,False,False,-6.299999999999997,6.299999999999997,0.9165940930215147,6.873271438213513,True,False,False,False,False,False
E02002948,E02007051,Woodside,55.400000000000006,54.26807685773283,56.53192314226718,0.5775118072791716,False,False,False,False,False,Lawley,64.25,63.36540969935229,65.1345903006477,0.4513215819631149,False,False,False,False,False,-8.849999999999994,8.849999999999994,0.7329468315591137,12.074545681812152,True,False,False,False,False,False
E02002949,E02002950,Madeley,61.7,60.30491935716963,63.095080642830375,0.7117758381787613,False,False,False,False,False,Sutton Hill,57.25,55.83181453963172,58.668185460368285,0.7235640103919804,False,False,False,False,False,4.450000000000003,4.450000000000003,1.014972768575396,4.384354080992706,True,False,False,False,False,False
E02002950,E02006008,Sutton Hill,57.25,55.83181453963172,58.668185460368285,0.7235640103919804,False,False,False,False,False,Shifnal,68.5,67.7027390640449,69.2972609359551,0.4067657836505584,False,False,False,False,False,-11.25,11.25,0.8300622144655054,13.553200957646425,True,True,False,False,False,False
E02002950,E02006013,Sutton Hill,57.25,55.83181453963172,58.668185460368285,0.7235640103919804,False,False,False,False,False,Alveley,69.4,68.48450832881998,70.31549167118003,0.4670875873367455,False,False,False,False,False,-12.150000000000006,12.150000000000006,0.8612291747140175,14.10774316143502,True,True,False,False,False,False
E02004077,E02004118,Doveridge,72.19999999999999,71.0549017509401,73.34509824905987,0.5842338005407575,False,False,False,False,False,Hatton,68.44999999999999,67.14137476716975,69.75862523283023,0.6676659351174683,False,False,False,False,False,3.75,3.75,0.8871904725652666,4.226826274584604,True,False,False,False,False,False
E02004077,E02006131,Doveridge,72.19999999999999,71.0549017509401,73.34509824905987,0.5842338005407575,False,False,False,False,False,Mayfield,68.1,66.9281958354742,69.27180416452579,0.5978592676152018,False,False,False,False,False,4.099999999999994,4.099999999999994,0.8359215498883152,4.904766482629598,True,False,False,False,False,False
E02004077,E02006132,Doveridge,72.19999999999999,71.0549017509401,73.34509824905987,0.5842338005407575,False,False,False,False,False,Uttoxeter Heath,65.1,64.00398448916084,66.19601551083915,0.5591915871628326,False,False,False,False,False,7.099999999999994,7.099999999999994,0.8087177287830317,8.779330225249495,True,False,False,False,False,False
E02004077,E02006133,Doveridge,72.19999999999999,71.0549017509401,73.34509824905987,0.5842338005407575,False,False,False,False,False,Uttoxeter Town,66.5,65.39886422272274,67.60113577727726,0.5618039679986041,False,False,False,False,False,5.699999999999989,5.699999999999989,0.8105262686386384,7.032467941568039,True,False,False,False,False,False
E02004077,E02006136,Doveridge,72.19999999999999,71.0549017509401,73.34509824905987,0.5842338005407575,False,False,False,False,False,Abbots Bromley,69.9,68.87225976044527,70.92774023955474,0.5243572650789445,False,False,False,False,False,2.299999999999983,2.299999999999983,0.7850348241545518,2.929806333721542,True,False,False,False,False,False
E02004086,E02004090,Borrowash,67.75,66.77756748306116,68.72243251693884,0.49613903925450914,False,False,False,False,False,Breaston,66.55000000000001,65.09655581462515,68.00344418537487,0.7415531558035017,False,False,False,False,False,1.1999999999999886,1.1999999999999886,0.8922191598225853,1.3449610297974375,False,False,False,False,False,False
E02004086,E02004121,Borrowash,67.75,66.77756748306116,68.72243251693884,0.49613903925450914,False,False,False,False,False,Aston-on-Trent,69.95,69.0792962616366,70.8207037383634,0.4442366012058179,False,False,False,False,False,-2.200000000000003,2.200000000000003,0.6659580348064615,3.303511460206887,True,False,False,False,False,False
E02004088,E02004090,Long Eaton West,70.1,69.23361382744181,70.96638617255817,0.4420337615092753,False,False,False,False,False,Breaston,66.55000000000001,65.09655581462515,68.00344418537487,0.7415531558035017,False,False,False,False,False,3.549999999999983,3.549999999999983,0.8633046560723343,4.1121057033920785,True,False,False,False,False,False
E02004088,E02004092,Long Eaton West,70.1,69.23361382744181,70.96638617255817,0.4420337615092753,False,False,False,False,False,Sawley,64.05,63.00567007128973,65.09432992871027,0.5328213921991168,False,False,False,False,False,6.049999999999997,6.049999999999997,0.6923095278118336,8.738865719676124,True,False,False,False,False,False
E02004090,E02004092,Breaston,66.55000000000001,65.09655581462515,68.00344418537487,0.7415531558035017,False,False,False,False,False,Sawley,64.05,63.00567007128973,65.09432992871027,0.5328213921991168,False,False,False,False,False,2.500000000000014,2.500000000000014,0.9131263433211954,2.737846759416764,True,False,False,False,False,False
E02004090,E02004121,Breaston,66.55000000000001,65.09655581462515,68.00344418537487,0.7415531558035017,False,False,False,False,False,Aston-on-Trent,69.95,69.0792962616366,70.8207037383634,0.4442366012058179,False,False,False,False,False,-3.3999999999999915,3.3999999999999915,0.8644346364723184,3.9332065798231914,True,False,False,False,False,False
E02004090,E02005397,Breaston,66.55000000000001,65.09655581462515,68.00344418537487,0.7415531558035017,False,False,False,False,False,Castle Donington,67.55000000000001,66.57756748306117,68.52243251693885,0.49613903925450914,False,False,False,False,False,-1.0,1.0,0.8922191598225853,1.1208008581645417,False,False,False,False,False,False
E02004091,E02004092,Long Eaton South,67.4,66.58605897019503,68.21394102980499,0.41527603561478554,False,False,False,False,False,Sawley,64.05,63.00567007128973,65.09432992871027,0.5328213921991168,False,False,False,False,False,3.3500000000000085,3.3500000000000085,0.6755389120849647,4.959003752516137,True,False,False,False,False,False
E02004091,E02005397,Long Eaton South,67.4,66.58605897019503,68.21394102980499,0.41527603561478554,False,False,False,False,False,Castle Donington,67.55000000000001,66.57756748306117,68.52243251693885,0.49613903925450914,False,False,False,False,False,-0.15000000000000568,0.15000000000000568,0.6469993292332845,0.23183949847020802,False,False,False,False,False,False
E02004092,E02005397,Sawley,64.05,63.00567007128973,65.09432992871027,0.5328213921991168,False,False,False,False,False,Castle Donington,67.55000000000001,66.57756748306117,68.52243251693885,0.49613903925450914,False,False,False,False,False,-3.500000000000014,3.500000000000014,0.728047101675017,4.807381269628804,True,False,False,False,False,False
E02004118,E02004119,Hatton,68.44999999999999,67.14137476716975,69.75862523283023,0.6676659351174683,False,False,False,False,False,Hilton,69.35,68.53605897019501,70.16394102980497,0.41527603561478554,False,False,False,False,False,-0.9000000000000057,0.9000000000000057,0.7862772962970609,1.1446343474986713,False,False,False,False,False,False
E02004118,E02004120,Hatton,68.44999999999999,67.14137476716975,69.75862523283023,0.6676659351174683,False,False,False,False,False,Willington North,67.55000000000001,66.66329260745161,68.43670739254841,0.45240173089204194,False,False,False,False,False,0.8999999999999773,0.8999999999999773,0.8065017836498559,1.11593057603294,False,False,False,False,False,False
E02004118,E02006134,Hatton,68.44999999999999,67.14137476716975,69.75862523283023,0.6676659351174683,False,False,False,False,False,Rolleston-on-Dove,70.1,69.23217225211451,70.96782774788548,0.44276925912524756,False,False,False,False,False,-1.6500000000000057,1.6500000000000057,0.8011382014001105,2.05956974354285,True,False,False,False,False,False
E02004118,E02006136,Hatton,68.44999999999999,67.14137476716975,69.75862523283023,0.6676659351174683,False,False,False,False,False,Abbots Bromley,69.9,68.87225976044527,70.92774023955474,0.5243572650789445,False,False,False,False,False,-1.450000000000017,1.450000000000017,0.8489572087904984,1.7079777225354136,False,False,False,False,False,False
E02004119,E02004120,Hilton,69.35,68.53605897019501,70.16394102980497,0.41527603561478554,False,False,False,False,False,Willington North,67.55000000000001,66.66329260745161,68.43670739254841,0.45240173089204194,False,False,False,False,False,1.799999999999983,1.799999999999983,0.6141021998576851,2.9311082103550894,True,False,False,False,False,False
E02004119,E02004122,Hilton,69.35,68.53605897019501,70.16394102980497,0.41527603561478554,False,False,False,False,False,Willington South,70.7,69.28401977414937,72.11598022585063,0.7224388907401182,False,False,False,False,False,-1.3500000000000085,1.3500000000000085,0.8332899475031156,1.6200843464452823,False,False,False,False,False,False
E02004119,E02006134,Hilton,69.35,68.53605897019501,70.16394102980497,0.41527603561478554,False,False,False,False,False,Rolleston-on-Dove,70.1,69.23217225211451,70.96782774788548,0.44276925912524756,False,False,False,False,False,-0.75,0.75,0.6070410221576902,1.2355013460773554,False,False,False,False,False,False
E02004119,E02006135,Hilton,69.35,68.53605897019501,70.16394102980497,0.41527603561478554,False,False,False,False,False,Burton Stretton,68.95,67.68064977252139,70.21935022747861,0.6476276670809241,False,False,False,False,False,0.3999999999999915,0.3999999999999915,0.7693346352040917,0.5199297960813607,False,False,False,False,False,False
E02004119,E02006141,Hilton,69.35,68.53605897019501,70.16394102980497,0.41527603561478554,False,False,False,False,False,Burton Central,59.8,58.91540969935229,60.684590300647706,0.4513215819631167,False,False,False,False,False,9.549999999999997,9.549999999999997,0.6133069020495554,15.571323212058608,True,False,False,False,False,False
E02004120,E02004121,Willington North,67.55000000000001,66.66329260745161,68.43670739254841,0.45240173089204194,False,False,False,False,False,Aston-on-Trent,69.95,69.0792962616366,70.8207037383634,0.4442366012058179,False,False,False,False,False,-2.3999999999999915,2.3999999999999915,0.6340453327365579,3.785218305513775,True,False,False,False,False,False
E02004120,E02004122,Willington North,67.55000000000001,66.66329260745161,68.43670739254841,0.45240173089204194,False,False,False,False,False,Willington South,70.7,69.28401977414937,72.11598022585063,0.7224388907401182,False,False,False,False,False,-3.1499999999999915,3.1499999999999915,0.8523997166634489,3.695449374772257,True,False,False,False,False,False
E02004121,E02004122,Aston-on-Trent,69.95,69.0792962616366,70.8207037383634,0.4442366012058179,False,False,False,False,False,Willington South,70.7,69.28401977414937,72.11598022585063,0.7224388907401182,False,False,False,False,False,-0.75,0.75,0.8480943984632309,0.8843355189693736,False,False,False,False,False,False
E02004121,E02004123,Aston-on-Trent,69.95,69.0792962616366,70.8207037383634,0.4442366012058179,False,False,False,False,False,Melbourne,70.15,68.94739865291943,71.35260134708058,0.6135721158574355,False,False,False,False,False,-0.20000000000000284,0.20000000000000284,0.7575070291480253,0.2640239526555213,False,False,False,False,False,False
E02004121,E02005397,Aston-on-Trent,69.95,69.0792962616366,70.8207037383634,0.4442366012058179,False,False,False,False,False,Castle Donington,67.55000000000001,66.57756748306117,68.52243251693885,0.49613903925450914,False,False,False,False,False,2.3999999999999915,2.3999999999999915,0.6659580348064615,3.6038306838620415,True,False,False,False,False,False
E02004122,E02004123,Willington South,70.7,69.28401977414937,72.11598022585063,0.7224388907401182,False,False,False,False,False,Melbourne,70.15,68.94739865291943,71.35260134708058,0.6135721158574355,False,False,False,False,False,0.5499999999999972,0.5499999999999972,0.9478336838346604,0.5802705784572422,False,False,False,False,False,False
E02004122,E02004124,Willington South,70.7,69.28401977414937,72.11598022585063,0.7224388907401182,False,False,False,False,False,Swadlincote North,64.35,63.32225976044527,65.37774023955473,0.5243572650789428,False,False,False,False,False,6.3500000000000085,6.3500000000000085,0.8926749085164661,7.11345187303747,True,False,False,False,False,False
E02004122,E02004125,Willington South,70.7,69.28401977414937,72.11598022585063,0.7224388907401182,False,False,False,False,False,Swadlincote West,62.05,61.10892348876406,62.99107651123593,0.480141077161191,False,False,False,False,False,8.650000000000006,8.650000000000006,0.8674407212203732,9.971862962382733,True,False,False,False,False,False
E02004122,E02006140,Willington South,70.7,69.28401977414937,72.11598022585063,0.7224388907401182,False,False,False,False,False,Burton Winshill,62.95,61.94097819646947,63.95902180353053,0.5148070426176172,False,False,False,False,False,7.75,7.75,0.8870987780301074,8.73634390209584,True,False,False,False,False,False
E02004122,E02006141,Willington South,70.7,69.28401977414937,72.11598022585063,0.7224388907401182,False,False,False,False,False,Burton Central,59.8,58.91540969935229,60.684590300647706,0.4513215819631167,False,False,False,False,False,10.900000000000006,10.900000000000006,0.8518269314828587,12.796026513302774,True,True,False,False,False,False
E02004122,E02006142,Willington South,70.7,69.28401977414937,72.11598022585063,0.7224388907401182,False,False,False,False,False,Burton Brizlincote,70.05,69.09475134127285,71.00524865872714,0.4873717646567057,False,False,False,False,False,0.6500000000000057,0.6500000000000057,0.8714638190070795,0.7458714703045237,False,False,False,False,False,False
E02004122,E02006144,Willington South,70.7,69.28401977414937,72.11598022585063,0.7224388907401182,False,False,False,False,False,Burton Stapenhill,58.3,57.29097819646947,59.30902180353053,0.5148070426176172,False,False,False,False,False,12.400000000000006,12.400000000000006,0.8870987780301074,13.978150243353351,True,True,False,False,False,False
E02004123,E02004124,Melbourne,70.15,68.94739865291943,71.35260134708058,0.6135721158574355,False,False,False,False,False,Swadlincote North,64.35,63.32225976044527,65.37774023955473,0.5243572650789428,False,False,False,False,False,5.800000000000011,5.800000000000011,0.8071067356916549,7.186162304827833,True,False,False,False,False,False
E02004123,E02005397,Melbourne,70.15,68.94739865291943,71.35260134708058,0.6135721158574355,False,False,False,False,False,Castle Donington,67.55000000000001,66.57756748306117,68.52243251693885,0.49613903925450914,False,False,False,False,False,2.5999999999999943,2.5999999999999943,0.7890657055215096,3.2950361190537376,True,False,False,False,False,False
E02004123,E02005399,Melbourne,70.15,68.94739865291943,71.35260134708058,0.6135721158574355,False,False,False,False,False,Ashby de la Zouch North,68.65,67.58698541872654,69.71301458127347,0.542354378200747,False,False,False,False,False,1.5,1.5,0.8189133122078852,1.831695708982708,False,False,False,False,False,False
E02004123,E02005401,Melbourne,70.15,68.94739865291943,71.35260134708058,0.6135721158574355,False,False,False,False,False,Packington,71.0,69.99221778146268,72.00778221853732,0.5141746012945485,False,False,False,False,False,-0.8499999999999943,0.8499999999999943,0.8005287390057763,1.061798232322876,False,False,False,False,False,False
E02004123,E02005402,Melbourne,70.15,68.94739865291943,71.35260134708058,0.6135721158574355,False,False,False,False,False,Ashby de la Zouch South,67.55,66.45341439002694,68.64658560997306,0.5594824540678885,False,False,False,False,False,2.6000000000000085,2.6000000000000085,0.8303561632020307,3.131186489871832,True,False,False,False,False,False
E02004123,E02005404,Melbourne,70.15,68.94739865291943,71.35260134708058,0.6135721158574355,False,False,False,False,False,Donisthope,65.85,64.89475134127285,66.80524865872714,0.4873717646567057,False,False,False,False,False,4.300000000000011,4.300000000000011,0.7835827833371287,5.4876141888763,True,False,False,False,False,False
E02004123,E02006920,Melbourne,70.15,68.94739865291943,71.35260134708058,0.6135721158574355,False,False,False,False,False,Swadlincote East,63.400000000000006,62.36922359359559,64.43077640640442,0.5259063297981702,False,False,False,False,False,6.75,6.75,0.8081139827274071,8.352782088015063,True,False,False,False,False,False
E02004124,E02004125,Swadlincote North,64.35,63.32225976044527,65.37774023955473,0.5243572650789428,False,False,False,False,False,Swadlincote West,62.05,61.10892348876406,62.99107651123593,0.480141077161191,False,False,False,False,False,2.299999999999997,2.299999999999997,0.7109753831312146,3.234992454830914,True,False,False,False,False,False
E02004124,E02004126,Swadlincote North,64.35,63.32225976044527,65.37774023955473,0.5243572650789428,False,False,False,False,False,Swadlincote Central,61.55,60.50567007128973,62.594329928710266,0.5328213921991168,False,False,False,False,False,2.799999999999997,2.799999999999997,0.7475621562292153,3.7455079509689218,True,False,False,False,False,False
E02004124,E02006919,Swadlincote North,64.35,63.32225976044527,65.37774023955473,0.5243572650789428,False,False,False,False,False,Swadlincote South,62.55,61.630081525351294,63.4699184746487,0.4693461605350528,False,False,False,False,False,1.7999999999999972,1.7999999999999972,0.7037303175578442,2.5577980017210833,True,False,False,False,False,False
E02004124,E02006920,Swadlincote North,64.35,63.32225976044527,65.37774023955473,0.5243572650789428,False,False,False,False,False,Swadlincote East,63.400000000000006,62.36922359359559,64.43077640640442,0.5259063297981702,False,False,False,False,False,0.9499999999999886,0.9499999999999886,0.7426493177555947,1.279204029798399,False,False,False,False,False,False
E02004125,E02004126,Swadlincote West,62.05,61.10892348876406,62.99107651123593,0.480141077161191,False,False,False,False,False,Swadlincote Central,61.55,60.50567007128973,62.594329928710266,0.5328213921991168,False,False,False,False,False,0.5,0.5,0.7172406081382411,0.6971161341489883,False,False,False,False,False,False
E02004125,E02004128,Swadlincote West,62.05,61.10892348876406,62.99107651123593,0.480141077161191,False,False,False,False,False,Castle Gresley,65.94999999999999,65.13375861413427,66.76624138586571,0.41644968666618526,False,False,False,False,False,-3.8999999999999915,3.8999999999999915,0.6355830358827025,6.136098322044801,True,False,False,False,False,False
E02004125,E02006144,Swadlincote West,62.05,61.10892348876406,62.99107651123593,0.480141077161191,False,False,False,False,False,Burton Stapenhill,58.3,57.29097819646947,59.30902180353053,0.5148070426176172,False,False,False,False,False,3.75,3.75,0.7039614656401342,5.326996125547877,True,False,False,False,False,False
E02004125,E02006919,Swadlincote West,62.05,61.10892348876406,62.99107651123593,0.480141077161191,False,False,False,False,False,Swadlincote South,62.55,61.630081525351294,63.4699184746487,0.4693461605350528,False,False,False,False,False,-0.5,0.5,0.6714322545026448,0.7446767661919502,False,False,False,False,False,False
E02004126,E02006919,Swadlincote Central,61.55,60.50567007128973,62.594329928710266,0.5328213921991168,False,False,False,False,False,Swadlincote South,62.55,61.630081525351294,63.4699184746487,0.4693461605350528,False,False,False,False,False,-1.0,1.0,0.7100594724345283,1.4083327366528526,False,False,False,False,False,False
E02004128,E02005404,Castle Gresley,65.94999999999999,65.13375861413427,66.76624138586571,0.41644968666618526,False,False,False,False,False,Donisthope,65.85,64.89475134127285,66.80524865872714,0.4873717646567057,False,False,False,False,False,0.09999999999999432,0.09999999999999432,0.6410628506698506,0.15599094518658146,False,False,False,False,False,False
E02004128,E02005408,Castle Gresley,65.94999999999999,65.13375861413427,66.76624138586571,0.41644968666618526,False,False,False,False,False,Measham,66.80000000000001,65.75956739766578,67.84043260233425,0.5308329603746097,False,False,False,False,False,-0.8500000000000227,0.8500000000000227,0.6746954671141906,1.2598276428855306,False,False,False,False,False,False
E02004128,E02006143,Castle Gresley,65.94999999999999,65.13375861413427,66.76624138586571,0.41644968666618526,False,False,False,False,False,Branston,67.05,65.96804574958088,68.13195425041911,0.5520174747036307,False,False,False,False,False,-1.1000000000000085,1.1000000000000085,0.6914865392055998,1.5907757239406586,False,False,False,False,False,False
E02004128,E02006144,Castle Gresley,65.94999999999999,65.13375861413427,66.76624138586571,0.41644968666618526,False,False,False,False,False,Burton Stapenhill,58.3,57.29097819646947,59.30902180353053,0.5148070426176172,False,False,False,False,False,7.6499999999999915,7.6499999999999915,0.6621605792049697,11.553088843170107,True,False,False,False,False,False
E02004128,E02006145,Castle Gresley,65.94999999999999,65.13375861413427,66.76624138586571,0.41644968666618526,False,False,False,False,False,Barton-under-Needwood,71.25,70.12945325844925,72.37054674155075,0.5717075211993644,False,False,False,False,False,-5.300000000000011,5.300000000000011,0.7073046241332553,7.493235331940228,True,False,False,False,False,False
E02004128,E02006153,Castle Gresley,65.94999999999999,65.13375861413427,66.76624138586571,0.41644968666618526,False,False,False,False,False,Whittington,70.5,69.5496711095626,71.4503288904374,0.4848616787945942,False,False,False,False,False,-4.550000000000011,4.550000000000011,0.6391566232840555,7.118755926554623,True,False,False,False,False,False
E02004128,E02006919,Castle Gresley,65.94999999999999,65.13375861413427,66.76624138586571,0.41644968666618526,False,False,False,False,False,Swadlincote South,62.55,61.630081525351294,63.4699184746487,0.4693461605350528,False,False,False,False,False,3.3999999999999915,3.3999999999999915,0.6274680549106539,5.418602546203124,True,False,False,False,False,False
E02005335,E02005342,Kirby Muxloe,69.9,68.85327892922709,70.94672107077292,0.5340413626392438,False,False,False,False,False,Cosby,69.15,68.17628289529249,70.12371710470752,0.4967944411773051,False,False,False,False,False,0.75,0.75,0.7293866558926418,1.0282612026705247,False,False,False,False,False,False
E02005335,E02005381,Kirby Muxloe,69.9,68.85327892922709,70.94672107077292,0.5340413626392438,False,False,False,False,False,Desford,67.75,66.66458533269538,68.83541466730462,0.5537829935227647,False,False,False,False,False,2.1500000000000057,2.1500000000000057,0.769334635204093,2.7946226539373766,True,False,False,False,False,False
E02005335,E02005382,Kirby Muxloe,69.9,68.85327892922709,70.94672107077292,0.5340413626392438,False,False,False,False,False,Earl Shilton,64.0,63.16446125164658,64.83553874835343,0.4262952797721557,False,False,False,False,False,5.900000000000006,5.900000000000006,0.6833211855091286,8.634299836033968,True,False,False,False,False,False
E02005342,E02005344,Cosby,69.15,68.17628289529249,70.12371710470752,0.4967944411773051,False,False,False,False,False,Stoney Stanton,69.1,68.21329260745158,69.98670739254841,0.45240173089204916,False,False,False,False,False,0.05000000000001137,0.05000000000001137,0.6719166934217313,0.07441398686701278,False,False,False,False,False,False
E02005342,E02005372,Cosby,69.15,68.17628289529249,70.12371710470752,0.4967944411773051,False,False,False,False,False,Dunton Bassett,72.35,71.48361382744181,73.21638617255817,0.4420337615092753,False,False,False,False,False,-3.1999999999999886,3.1999999999999886,0.6649801223335249,4.812173916974633,True,False,False,False,False,False
E02005342,E02005382,Cosby,69.15,68.17628289529249,70.12371710470752,0.4967944411773051,False,False,False,False,False,Earl Shilton,64.0,63.16446125164658,64.83553874835343,0.4262952797721557,False,False,False,False,False,5.150000000000006,5.150000000000006,0.6546238479773643,7.86711332914667,True,False,False,False,False,False
E02005342,E02005383,Cosby,69.15,68.17628289529249,70.12371710470752,0.4967944411773051,False,False,False,False,False,Barwell,63.6,62.57408577356584,64.62591422643416,0.5234256257317146,False,False,False,False,False,5.550000000000004,5.550000000000004,0.7216502632558985,7.690705986802867,True,False,False,False,False,False
E02005342,E02005385,Cosby,69.15,68.17628289529249,70.12371710470752,0.4967944411773051,False,False,False,False,False,Hinckley East,69.9,68.78616652950274,71.01383347049727,0.56828238290677,False,False,False,False,False,-0.75,0.75,0.7548175829343589,0.9936175533754388,False,False,False,False,False,False
E02005342,E02005389,Cosby,69.15,68.17628289529249,70.12371710470752,0.4967944411773051,False,False,False,False,False,Burbage St Catherines,65.25,64.0270425191365,66.4729574808635,0.6239578983997446,False,False,False,False,False,3.9000000000000057,3.9000000000000057,0.7975764388195634,4.889813452579066,True,False,False,False,False,False
E02005344,E02005372,Stoney Stanton,69.1,68.21329260745158,69.98670739254841,0.45240173089204916,False,False,False,False,False,Dunton Bassett,72.35,71.48361382744181,73.21638617255817,0.4420337615092753,False,False,False,False,False,-3.25,3.25,0.6325038912355884,5.138308309299356,True,False,False,False,False,False
E02005344,E02005389,Stoney Stanton,69.1,68.21329260745158,69.98670739254841,0.45240173089204916,False,False,False,False,False,Burbage St Catherines,65.25,64.0270425191365,66.4729574808635,0.6239578983997446,False,False,False,False,False,3.8499999999999943,3.8499999999999943,0.7707079765316744,4.9954069728533135,True,False,False,False,False,False
E02005344,E02005390,Stoney Stanton,69.1,68.21329260745158,69.98670739254841,0.45240173089204916,False,False,False,False,False,Burbage Sketchley,71.75,70.91896149307027,72.58103850692973,0.42399923822945396,False,False,False,False,False,-2.6500000000000057,2.6500000000000057,0.6200344185069724,4.273956285170653,True,False,False,False,False,False
E02005344,E02007048,Stoney Stanton,69.1,68.21329260745158,69.98670739254841,0.45240173089204916,False,False,False,False,False,Brinklow,69.5,68.52371879051167,70.47628120948833,0.4981026579022114,False,False,False,False,False,-0.4000000000000057,0.4000000000000057,0.6728845249545939,0.5944556386209024,False,False,False,False,False,False
E02005349,E02005350,Shepshed West,66.35,65.28875073616044,67.41124926383955,0.5414537060405901,False,False,False,False,False,Shepshed East,64.85,63.884987046719054,65.81501295328093,0.4923535475923146,False,False,False,False,False,1.5,1.5,0.7318361371316856,2.0496391526647066,True,False,False,False,False,False
E02005349,E02005398,Shepshed West,66.35,65.28875073616044,67.41124926383955,0.5414537060405901,False,False,False,False,False,Kegworth,70.30000000000001,69.18504484395112,71.4149551560489,0.5688546714535169,False,False,False,False,False,-3.950000000000017,3.950000000000017,0.7853456264725603,5.029632644345067,True,False,False,False,False,False
E02005349,E02005405,Shepshed West,66.35,65.28875073616044,67.41124926383955,0.5414537060405901,False,False,False,False,False,Agar Nook,61.9,60.81804574958088,62.98195425041912,0.5520174747036325,False,False,False,False,False,4.449999999999996,4.449999999999996,0.7732369676646773,5.755027483282184,True,False,False,False,False,False
E02005350,E02005398,Shepshed East,64.85,63.884987046719054,65.81501295328093,0.4923535475923146,False,False,False,False,False,Kegworth,70.30000000000001,69.18504484395112,71.4149551560489,0.5688546714535169,False,False,False,False,False,-5.450000000000017,5.450000000000017,0.7523348011764618,7.244115241615292,True,False,False,False,False,False
E02005350,E02005405,Shepshed East,64.85,63.884987046719054,65.81501295328093,0.4923535475923146,False,False,False,False,False,Agar Nook,61.9,60.81804574958088,62.98195425041912,0.5520174747036325,False,False,False,False,False,2.9499999999999957,2.9499999999999957,0.7396859524182632,3.988179024294742,True,False,False,False,False,False
E02005372,E02007048,Dunton Bassett,72.35,71.48361382744181,73.21638617255817,0.4420337615092753,False,False,False,False,False,Brinklow,69.5,68.52371879051167,70.47628120948833,0.4981026579022114,False,False,False,False,False,2.8499999999999943,2.8499999999999943,0.6659580348064631,4.279548937086171,True,False,False,False,False,False
E02005377,E02005380,Markfield,68.6,67.73361382744183,69.46638617255816,0.4420337615092681,False,False,False,False,False,Market Bosworth,70.05000000000001,69.10892348876408,70.99107651123595,0.480141077161191,False,False,False,False,False,-1.450000000000017,1.450000000000017,0.6526325921156109,2.2217707443932806,True,False,False,False,False,False
E02005377,E02005381,Markfield,68.6,67.73361382744183,69.46638617255816,0.4420337615092681,False,False,False,False,False,Desford,67.75,66.66458533269538,68.83541466730462,0.5537829935227647,False,False,False,False,False,0.8499999999999943,0.8499999999999943,0.708568592465872,1.1996015756808107,False,False,False,False,False,False
E02005377,E02005405,Markfield,68.6,67.73361382744183,69.46638617255816,0.4420337615092681,False,False,False,False,False,Agar Nook,61.9,60.81804574958088,62.98195425041912,0.5520174747036325,False,False,False,False,False,6.699999999999996,6.699999999999996,0.707189605899442,9.474121146730619,True,False,False,False,False,False
E02005377,E02005407,Markfield,68.6,67.73361382744183,69.46638617255816,0.4420337615092681,False,False,False,False,False,Hugglescote,67.0,66.06291675930044,67.93708324069956,0.47810369423447174,False,False,False,False,False,1.5999999999999943,1.5999999999999943,0.6511351539847021,2.457247147859544,True,False,False,False,False,False
E02005377,E02005409,Markfield,68.6,67.73361382744183,69.46638617255816,0.4420337615092681,False,False,False,False,False,Ibstock,65.4,64.56896149307028,66.23103850692974,0.42399923822945396,False,False,False,False,False,3.1999999999999886,3.1999999999999886,0.6125105716093313,5.224399623980691,True,False,False,False,False,False
E02005380,E02005381,Market Bosworth,70.05000000000001,69.10892348876408,70.99107651123595,0.480141077161191,False,False,False,False,False,Desford,67.75,66.66458533269538,68.83541466730462,0.5537829935227647,False,False,False,False,False,2.3000000000000114,2.3000000000000114,0.7329468315591133,3.1380175218269057,True,False,False,False,False,False
E02005380,E02005384,Market Bosworth,70.05000000000001,69.10892348876408,70.99107651123595,0.480141077161191,False,False,False,False,False,Stoke Golding,70.15,69.03504484395111,71.2649551560489,0.5688546714535169,False,False,False,False,False,-0.09999999999999432,0.09999999999999432,0.7443998194599442,0.13433641087197398,False,False,False,False,False,False
E02005380,E02005408,Market Bosworth,70.05000000000001,69.10892348876408,70.99107651123595,0.480141077161191,False,False,False,False,False,Measham,66.80000000000001,65.75956739766578,67.84043260233425,0.5308329603746097,False,False,False,False,False,3.25,3.25,0.715764686050926,4.540598416402965,True,False,False,False,False,False
E02005380,E02005409,Market Bosworth,70.05000000000001,69.10892348876408,70.99107651123595,0.480141077161191,False,False,False,False,False,Ibstock,65.4,64.56896149307028,66.23103850692974,0.42399923822945396,False,False,False,False,False,4.650000000000006,4.650000000000006,0.6405550780351882,7.259328915576192,True,False,False,False,False,False
E02005380,E02006468,Market Bosworth,70.05000000000001,69.10892348876408,70.99107651123595,0.480141077161191,False,False,False,False,False,Polesworth,66.05,65.25430847685801,66.84569152314198,0.40596506282754224,False,False,False,False,False,4.000000000000014,4.000000000000014,0.6287631399931767,6.361696075319272,True,False,False,False,False,False
E02005380,E02006470,Market Bosworth,70.05000000000001,69.10892348876408,70.99107651123595,0.480141077161191,False,False,False,False,False,Atherstone,61.3,60.55753787975412,62.04246212024587,0.3788072042070792,False,False,False,False,False,8.750000000000014,8.750000000000014,0.6115802089151451,14.307199403200523,True,False,False,False,False,False
E02005380,E02006472,Market Bosworth,70.05000000000001,69.10892348876408,70.99107651123595,0.480141077161191,False,False,False,False,False,Hartshill,64.4,63.434987046719066,65.36501295328095,0.49235354759231825,False,False,False,False,False,5.650000000000006,5.650000000000006,0.6877117636075815,8.215651234990332,True,False,False,False,False,False
E02005381,E02005382,Desford,67.75,66.66458533269538,68.83541466730462,0.5537829935227647,False,False,False,False,False,Earl Shilton,64.0,63.16446125164658,64.83553874835343,0.4262952797721557,False,False,False,False,False,3.75,3.75,0.6988585475409562,5.36589273064623,True,False,False,False,False,False
E02005381,E02005383,Desford,67.75,66.66458533269538,68.83541466730462,0.5537829935227647,False,False,False,False,False,Barwell,63.6,62.57408577356584,64.62591422643416,0.5234256257317146,False,False,False,False,False,4.149999999999999,4.149999999999999,0.762003930165502,5.446166136044268,True,False,False,False,False,False
E02005381,E02005384,Desford,67.75,66.66458533269538,68.83541466730462,0.5537829935227647,False,False,False,False,False,Stoke Golding,70.15,69.03504484395111,71.2649551560489,0.5688546714535169,False,False,False,False,False,-2.4000000000000057,2.4000000000000057,0.7938962407956868,3.0230650766082388,True,False,False,False,False,False
E02005382,E02005383,Earl Shilton,64.0,63.16446125164658,64.83553874835343,0.4262952797721557,False,False,False,False,False,Barwell,63.6,62.57408577356584,64.62591422643416,0.5234256257317146,False,False,False,False,False,0.3999999999999986,0.3999999999999986,0.6750570725713919,0.5925424919649233,False,False,False,False,False,False
E02005383,E02005384,Barwell,63.6,62.57408577356584,64.62591422643416,0.5234256257317146,False,False,False,False,False,Stoke Golding,70.15,69.03504484395111,71.2649551560489,0.5688546714535169,False,False,False,False,False,-6.550000000000004,6.550000000000004,0.7730265344133573,8.473189093011843,True,False,False,False,False,False
E02005383,E02005385,Barwell,63.6,62.57408577356584,64.62591422643416,0.5234256257317146,False,False,False,False,False,Hinckley East,69.9,68.78616652950274,71.01383347049727,0.56828238290677,False,False,False,False,False,-6.300000000000004,6.300000000000004,0.772605495964683,8.154226229175034,True,False,False,False,False,False
E02005384,E02005385,Stoke Golding,70.15,69.03504484395111,71.2649551560489,0.5688546714535169,False,False,False,False,False,Hinckley East,69.9,68.78616652950274,71.01383347049727,0.56828238290677,False,False,False,False,False,0.25,0.25,0.8040774241058416,0.3109153329084044,False,False,False,False,False,False
E02005384,E02005386,Stoke Golding,70.15,69.03504484395111,71.2649551560489,0.5688546714535169,False,False,False,False,False,Hinckley Central,62.25,61.15398448916085,63.34601551083915,0.5591915871628326,False,False,False,False,False,7.900000000000006,7.900000000000006,0.7976784241711546,9.90374035527998,True,False,False,False,False,False
E02005384,E02005387,Stoke Golding,70.15,69.03504484395111,71.2649551560489,0.5688546714535169,False,False,False,False,False,Hinckley West,65.94999999999999,65.03008152535128,66.8699184746487,0.4693461605350564,False,False,False,False,False,4.200000000000017,4.200000000000017,0.7374831900751959,5.695045062073581,True,False,False,False,False,False
E02005384,E02006470,Stoke Golding,70.15,69.03504484395111,71.2649551560489,0.5688546714535169,False,False,False,False,False,Atherstone,61.3,60.55753787975412,62.04246212024587,0.3788072042070792,False,False,False,False,False,8.850000000000009,8.850000000000009,0.6834402206438194,12.949193993386967,True,False,False,False,False,False
E02005384,E02006472,Stoke Golding,70.15,69.03504484395111,71.2649551560489,0.5688546714535169,False,False,False,False,False,Hartshill,64.4,63.434987046719066,65.36501295328095,0.49235354759231825,False,False,False,False,False,5.75,5.75,0.7523348011764641,7.64287387876838,True,False,False,False,False,False
E02005384,E02006475,Stoke Golding,70.15,69.03504484395111,71.2649551560489,0.5688546714535169,False,False,False,False,False,Weddington,68.80000000000001,67.96896149307028,69.63103850692974,0.42399923822945396,False,False,False,False,False,1.3499999999999943,1.3499999999999943,0.7094864278149695,1.9027848131748442,False,False,False,False,False,False
E02005384,E02006477,Stoke Golding,70.15,69.03504484395111,71.2649551560489,0.5688546714535169,False,False,False,False,False,Horeston Grange,69.65,68.7654096993523,70.53459030064771,0.45132158196311306,False,False,False,False,False,0.5,0.5,0.726145169769913,0.6885675493213437,False,False,False,False,False,False
E02005385,E02005386,Hinckley East,69.9,68.78616652950274,71.01383347049727,0.56828238290677,False,False,False,False,False,Hinckley Central,62.25,61.15398448916085,63.34601551083915,0.5591915871628326,False,False,False,False,False,7.650000000000006,7.650000000000006,0.7972704044901483,9.595238901276105,True,False,False,False,False,False
E02005385,E02005389,Hinckley East,69.9,68.78616652950274,71.01383347049727,0.56828238290677,False,False,False,False,False,Burbage St Catherines,65.25,64.0270425191365,66.4729574808635,0.6239578983997446,False,False,False,False,False,4.650000000000006,4.650000000000006,0.8439599076363893,5.509740401084795,True,False,False,False,False,False
E02005386,E02005387,Hinckley Central,62.25,61.15398448916085,63.34601551083915,0.5591915871628326,False,False,False,False,False,Hinckley West,65.94999999999999,65.03008152535128,66.8699184746487,0.4693461605350564,False,False,False,False,False,-3.6999999999999886,3.6999999999999886,0.7300555112884819,5.06810775727153,True,False,False,False,False,False
E02005386,E02005388,Hinckley Central,62.25,61.15398448916085,63.34601551083915,0.5591915871628326,False,False,False,False,False,Hinckley Clarendon Park,65.25,64.15398448916085,66.34601551083915,0.5591915871628326,False,False,False,False,False,-3.0,3.0,0.7908163265306146,3.793548387096763,True,False,False,False,False,False
E02005386,E02005389,Hinckley Central,62.25,61.15398448916085,63.34601551083915,0.5591915871628326,False,False,False,False,False,Burbage St Catherines,65.25,64.0270425191365,66.4729574808635,0.6239578983997446,False,False,False,False,False,-3.0,3.0,0.8378655561181124,3.5805267063360406,True,False,False,False,False,False
E02005387,E02005388,Hinckley West,65.94999999999999,65.03008152535128,66.8699184746487,0.4693461605350564,False,False,False,False,False,Hinckley Clarendon Park,65.25,64.15398448916085,66.34601551083915,0.5591915871628326,False,False,False,False,False,0.6999999999999886,0.6999999999999886,0.7300555112884819,0.9588311973216284,False,False,False,False,False,False
E02005387,E02005390,Hinckley West,65.94999999999999,65.03008152535128,66.8699184746487,0.4693461605350564,False,False,False,False,False,Burbage Sketchley,71.75,70.91896149307027,72.58103850692973,0.42399923822945396,False,False,False,False,False,-5.800000000000011,5.800000000000011,0.6325038912355846,9.16990405967277,True,False,False,False,False,False
E02005387,E02006477,Hinckley West,65.94999999999999,65.03008152535128,66.8699184746487,0.4693461605350564,False,False,False,False,False,Horeston Grange,69.65,68.7654096993523,70.53459030064771,0.45132158196311306,False,False,False,False,False,-3.700000000000017,3.700000000000017,0.6511351539847053,5.682384029425214,True,False,False,False,False,False
E02005387,E02007048,Hinckley West,65.94999999999999,65.03008152535128,66.8699184746487,0.4693461605350564,False,False,False,False,False,Brinklow,69.5,68.52371879051167,70.47628120948833,0.4981026579022114,False,False,False,False,False,-3.5500000000000114,3.5500000000000114,0.6843917563926719,5.187087610043023,True,False,False,False,False,False
E02005388,E02005389,Hinckley Clarendon Park,65.25,64.15398448916085,66.34601551083915,0.5591915871628326,False,False,False,False,False,Burbage St Catherines,65.25,64.0270425191365,66.4729574808635,0.6239578983997446,False,False,False,False,False,0.0,0.0,0.8378655561181124,0.0,False,False,False,False,False,False
E02005388,E02005390,Hinckley Clarendon Park,65.25,64.15398448916085,66.34601551083915,0.5591915871628326,False,False,False,False,False,Burbage Sketchley,71.75,70.91896149307027,72.58103850692973,0.42399923822945396,False,False,False,False,False,-6.5,6.5,0.7017624848713737,9.262393103261124,True,False,False,False,False,False
E02005389,E02005390,Burbage St Catherines,65.25,64.0270425191365,66.4729574808635,0.6239578983997446,False,False,False,False,False,Burbage Sketchley,71.75,70.91896149307027,72.58103850692973,0.42399923822945396,False,False,False,False,False,-6.5,6.5,0.7543863817663885,8.616274308637852,True,False,False,False,False,False
E02005390,E02007048,Burbage Sketchley,71.75,70.91896149307027,72.58103850692973,0.42399923822945396,False,False,False,False,False,Brinklow,69.5,68.52371879051167,70.47628120948833,0.4981026579022114,False,False,False,False,False,2.25,2.25,0.6541266022937797,3.4397011100146107,True,False,False,False,False,False
E02005397,E02005398,Castle Donington,67.55000000000001,66.57756748306117,68.52243251693885,0.49613903925450914,False,False,False,False,False,Kegworth,70.30000000000001,69.18504484395112,71.4149551560489,0.5688546714535169,False,False,False,False,False,-2.75,2.75,0.7548175829343643,3.643264362376583,True,False,False,False,False,False
E02005397,E02005401,Castle Donington,67.55000000000001,66.57756748306117,68.52243251693885,0.49613903925450914,False,False,False,False,False,Packington,71.0,69.99221778146268,72.00778221853732,0.5141746012945485,False,False,False,False,False,-3.4499999999999886,3.4499999999999886,0.7145134476612706,4.828460557729811,True,False,False,False,False,False
E02005398,E02005400,Kegworth,70.30000000000001,69.18504484395112,71.4149551560489,0.5688546714535169,False,False,False,False,False,Thringstone,66.35,65.23616652950273,67.46383347049726,0.56828238290677,False,False,False,False,False,3.950000000000017,3.950000000000017,0.8040774241058416,4.91246225995281,True,False,False,False,False,False
E02005398,E02005401,Kegworth,70.30000000000001,69.18504484395112,71.4149551560489,0.5688546714535169,False,False,False,False,False,Packington,71.0,69.99221778146268,72.00778221853732,0.5141746012945485,False,False,False,False,False,-0.6999999999999886,0.6999999999999886,0.7667927737341403,0.912893318739973,False,False,False,False,False,False
E02005398,E02005405,Kegworth,70.30000000000001,69.18504484395112,71.4149551560489,0.5688546714535169,False,False,False,False,False,Agar Nook,61.9,60.81804574958088,62.98195425041912,0.5520174747036325,False,False,False,False,False,8.400000000000013,8.400000000000013,0.7926657111372133,10.597153228627475,True,False,False,False,False,False
E02005399,E02005401,Ashby de la Zouch North,68.65,67.58698541872654,69.71301458127347,0.542354378200747,False,False,False,False,False,Packington,71.0,69.99221778146268,72.00778221853732,0.5141746012945485,False,False,False,False,False,-2.3499999999999943,2.3499999999999943,0.7473444936372561,3.144466869037548,True,False,False,False,False,False
E02005399,E02005402,Ashby de la Zouch North,68.65,67.58698541872654,69.71301458127347,0.542354378200747,False,False,False,False,False,Ashby de la Zouch South,67.55,66.45341439002694,68.64658560997306,0.5594824540678885,False,False,False,False,False,1.1000000000000085,1.1000000000000085,0.7792104259847566,1.411685423240894,False,False,False,False,False,False
E02005400,E02005401,Thringstone,66.35,65.23616652950273,67.46383347049726,0.56828238290677,False,False,False,False,False,Packington,71.0,69.99221778146268,72.00778221853732,0.5141746012945485,False,False,False,False,False,-4.650000000000006,4.650000000000006,0.7663683104999871,6.067578651531526,True,False,False,False,False,False
E02005400,E02005403,Thringstone,66.35,65.23616652950273,67.46383347049726,0.56828238290677,False,False,False,False,False,Whitwick,65.15,64.09970242312001,66.20029757688,0.5358661106530604,False,False,False,False,False,1.1999999999999886,1.1999999999999886,0.7810872904283073,1.536319966673599,False,False,False,False,False,False
E02005400,E02005405,Thringstone,66.35,65.23616652950273,67.46383347049726,0.56828238290677,False,False,False,False,False,Agar Nook,61.9,60.81804574958088,62.98195425041912,0.5520174747036325,False,False,False,False,False,4.449999999999996,4.449999999999996,0.7922551098606889,5.616877625166077,True,False,False,False,False,False
E02005400,E02005406,Thringstone,66.35,65.23616652950273,67.46383347049726,0.56828238290677,False,False,False,False,False,Coalville,61.3,60.380081525351294,62.2199184746487,0.4693461605350528,False,False,False,False,False,5.049999999999997,5.049999999999997,0.7370418476119197,6.851714073444324,True,False,False,False,False,False
E02005400,E02005407,Thringstone,66.35,65.23616652950273,67.46383347049726,0.56828238290677,False,False,False,False,False,Hugglescote,67.0,66.06291675930044,67.93708324069956,0.47810369423447174,False,False,False,False,False,-0.6500000000000057,0.6500000000000057,0.7426493177555918,0.8752448624936631,False,False,False,False,False,False
E02005401,E02005402,Packington,71.0,69.99221778146268,72.00778221853732,0.5141746012945485,False,False,False,False,False,Ashby de la Zouch South,67.55,66.45341439002694,68.64658560997306,0.5594824540678885,False,False,False,False,False,3.450000000000003,3.450000000000003,0.7598658677860421,4.540274996233191,True,False,False,False,False,False
E02005401,E02005407,Packington,71.0,69.99221778146268,72.00778221853732,0.5141746012945485,False,False,False,False,False,Hugglescote,67.0,66.06291675930044,67.93708324069956,0.47810369423447174,False,False,False,False,False,4.0,4.0,0.7021101502307577,5.697111768980049,True,False,False,False,False,False
E02005401,E02005408,Packington,71.0,69.99221778146268,72.00778221853732,0.5141746012945485,False,False,False,False,False,Measham,66.80000000000001,65.75956739766578,67.84043260233425,0.5308329603746097,False,False,False,False,False,4.199999999999989,4.199999999999989,0.7390258131056586,5.683157374909602,True,False,False,False,False,False
E02005401,E02005409,Packington,71.0,69.99221778146268,72.00778221853732,0.5141746012945485,False,False,False,False,False,Ibstock,65.4,64.56896149307028,66.23103850692974,0.42399923822945396,False,False,False,False,False,5.599999999999994,5.599999999999994,0.6664464529394429,8.402775609804081,True,False,False,False,False,False
E02005402,E02005404,Ashby de la Zouch South,67.55,66.45341439002694,68.64658560997306,0.5594824540678885,False,False,False,False,False,Donisthope,65.85,64.89475134127285,66.80524865872714,0.4873717646567057,False,False,False,False,False,1.7000000000000028,1.7000000000000028,0.7419918149106621,2.2911303950228716,True,False,False,False,False,False
E02005402,E02005408,Ashby de la Zouch South,67.55,66.45341439002694,68.64658560997306,0.5594824540678885,False,False,False,False,False,Measham,66.80000000000001,65.75956739766578,67.84043260233425,0.5308329603746097,False,False,False,False,False,0.7499999999999858,0.7499999999999858,0.7712355335628014,0.9724655664337509,False,False,False,False,False,False
E02005403,E02005405,Whitwick,65.15,64.09970242312001,66.20029757688,0.5358661106530604,False,False,False,False,False,Agar Nook,61.9,60.81804574958088,62.98195425041912,0.5520174747036325,False,False,False,False,False,3.250000000000007,3.250000000000007,0.7693346352040922,4.224429593161153,True,False,False,False,False,False
E02005403,E02005406,Whitwick,65.15,64.09970242312001,66.20029757688,0.5358661106530604,False,False,False,False,False,Coalville,61.3,60.380081525351294,62.2199184746487,0.4693461605350528,False,False,False,False,False,3.8500000000000085,3.8500000000000085,0.7123470410940398,5.404669041773635,True,False,False,False,False,False
E02005404,E02005408,Donisthope,65.85,64.89475134127285,66.80524865872714,0.4873717646567057,False,False,False,False,False,Measham,66.80000000000001,65.75956739766578,67.84043260233425,0.5308329603746097,False,False,False,False,False,-0.950000000000017,0.950000000000017,0.7206350455013018,1.318281709903742,False,False,False,False,False,False
E02005404,E02006919,Donisthope,65.85,64.89475134127285,66.80524865872714,0.4873717646567057,False,False,False,False,False,Swadlincote South,62.55,61.630081525351294,63.4699184746487,0.4693461605350528,False,False,False,False,False,3.299999999999997,3.299999999999997,0.6766217964221866,4.877170699273367,True,False,False,False,False,False
E02005404,E02006920,Donisthope,65.85,64.89475134127285,66.80524865872714,0.4873717646567057,False,False,False,False,False,Swadlincote East,63.400000000000006,62.36922359359559,64.43077640640442,0.5259063297981702,False,False,False,False,False,2.4499999999999886,2.4499999999999886,0.7170137409466941,3.416949857565048,True,False,False,False,False,False
E02005405,E02005406,Agar Nook,61.9,60.81804574958088,62.98195425041912,0.5520174747036325,False,False,False,False,False,Coalville,61.3,60.380081525351294,62.2199184746487,0.4693461605350528,False,False,False,False,False,0.6000000000000014,0.6000000000000014,0.7245751243226413,0.8280714861152636,False,False,False,False,False,False
E02005405,E02005407,Agar Nook,61.9,60.81804574958088,62.98195425041912,0.5520174747036325,False,False,False,False,False,Hugglescote,67.0,66.06291675930044,67.93708324069956,0.47810369423447174,False,False,False,False,False,-5.100000000000001,5.100000000000001,0.7302783269540626,6.983638719324627,True,False,False,False,False,False
E02005406,E02005407,Coalville,61.3,60.380081525351294,62.2199184746487,0.4693461605350528,False,False,False,False,False,Hugglescote,67.0,66.06291675930044,67.93708324069956,0.47810369423447174,False,False,False,False,False,-5.700000000000003,5.700000000000003,0.6699768360545346,8.507756825694248,True,False,False,False,False,False
E02005407,E02005409,Hugglescote,67.0,66.06291675930044,67.93708324069956,0.47810369423447174,False,False,False,False,False,Ibstock,65.4,64.56896149307028,66.23103850692974,0.42399923822945396,False,False,False,False,False,1.5999999999999943,1.5999999999999943,0.639029339279353,2.503797402798983,True,False,False,False,False,False
E02005408,E02005409,Measham,66.80000000000001,65.75956739766578,67.84043260233425,0.5308329603746097,False,False,False,False,False,Ibstock,65.4,64.56896149307028,66.23103850692974,0.42399923822945396,False,False,False,False,False,1.4000000000000057,1.4000000000000057,0.6793813257951893,2.0606983837263417,True,False,False,False,False,False
E02005408,E02006153,Measham,66.80000000000001,65.75956739766578,67.84043260233425,0.5308329603746097,False,False,False,False,False,Whittington,70.5,69.5496711095626,71.4503288904374,0.4848616787945942,False,False,False,False,False,-3.6999999999999886,3.6999999999999886,0.7189398301551975,5.146466845773825,True,False,False,False,False,False
E02005408,E02006468,Measham,66.80000000000001,65.75956739766578,67.84043260233425,0.5308329603746097,False,False,False,False,False,Polesworth,66.05,65.25430847685801,66.84569152314198,0.40596506282754224,False,False,False,False,False,0.7500000000000142,0.7500000000000142,0.6682748417055981,1.122292735255204,False,False,False,False,False,False
E02006008,E02006009,Shifnal,68.5,67.7027390640449,69.2972609359551,0.4067657836505584,False,False,False,False,False,Cosford,68.80000000000001,67.8807611844575,69.71923881554252,0.4689993956849559,False,False,False,False,False,-0.30000000000001137,0.30000000000001137,0.620821098144793,0.4832309998750121,False,False,False,False,False,False
E02006008,E02006013,Shifnal,68.5,67.7027390640449,69.2972609359551,0.4067657836505584,False,False,False,False,False,Alveley,69.4,68.48450832881998,70.31549167118003,0.4670875873367455,False,False,False,False,False,-0.9000000000000057,0.9000000000000057,0.6193780888866789,1.4530704526822054,False,False,False,False,False,False
E02006008,E02006176,Shifnal,68.5,67.7027390640449,69.2972609359551,0.4067657836505584,False,False,False,False,False,Brewood,70.05,68.89755694283839,71.2024430571616,0.5879811516130639,False,False,False,False,False,-1.5499999999999972,1.5499999999999972,0.714968696798033,2.1679270812017757,True,False,False,False,False,False
E02006009,E02006013,Cosford,68.80000000000001,67.8807611844575,69.71923881554252,0.4689993956849559,False,False,False,False,False,Alveley,69.4,68.48450832881998,70.31549167118003,0.4670875873367455,False,False,False,False,False,-0.5999999999999943,0.5999999999999943,0.6619148339453617,0.906461026751248,False,False,False,False,False,False
E02006009,E02006176,Cosford,68.80000000000001,67.8807611844575,69.71923881554252,0.4689993956849559,False,False,False,False,False,Brewood,70.05,68.89755694283839,71.2024430571616,0.5879811516130639,False,False,False,False,False,-1.2499999999999858,1.2499999999999858,0.7521185197859966,1.6619721056139576,False,False,False,False,False,False
E02006009,E02006182,Cosford,68.80000000000001,67.8807611844575,69.71923881554252,0.4689993956849559,False,False,False,False,False,Codsall,70.69999999999999,69.4994792796457,71.90052072035428,0.6125105716093321,False,False,False,False,False,-1.8999999999999773,1.8999999999999773,0.7714464553590512,2.462905865729421,True,False,False,False,False,False
E02006009,E02006982,Cosford,68.80000000000001,67.8807611844575,69.71923881554252,0.4689993956849559,False,False,False,False,False,Perton,69.25,68.436058970195,70.063941029805,0.41527603561479276,False,False,False,False,False,-0.44999999999998863,0.44999999999998863,0.6264300590718748,0.7183563328150524,False,False,False,False,False,False
E02006010,E02006011,Much Wenlock,68.05000000000001,67.09475134127287,69.00524865872715,0.4873717646567057,False,False,False,False,False,Bridgnorth West,68.05000000000001,67.0422177814627,69.05778221853733,0.5141746012945485,False,False,False,False,False,0.0,0.0,0.7084537794387149,0.0,False,False,False,False,False,False
E02006010,E02006012,Much Wenlock,68.05000000000001,67.09475134127287,69.00524865872715,0.4873717646567057,False,False,False,False,False,Bridgnorth East,67.25,66.29475134127286,68.20524865872714,0.4873717646567057,False,False,False,False,False,0.8000000000000114,0.8000000000000114,0.6892477594952214,1.1606856735898579,False,False,False,False,False,False
E02006010,E02006013,Much Wenlock,68.05000000000001,67.09475134127287,69.00524865872715,0.4873717646567057,False,False,False,False,False,Alveley,69.4,68.48450832881998,70.31549167118003,0.4670875873367455,False,False,False,False,False,-1.3499999999999943,1.3499999999999943,0.6750570725713887,1.999830910381624,True,False,False,False,False,False
E02006010,E02006014,Much Wenlock,68.05000000000001,67.09475134127287,69.00524865872715,0.4873717646567057,False,False,False,False,False,Highley,69.3,68.59200988707468,70.00799011292531,0.3612194453700591,False,False,False,False,False,-1.2499999999999858,1.2499999999999858,0.6066388750303136,2.060533954302753,True,False,False,False,False,False
E02006010,E02006040,Much Wenlock,68.05000000000001,67.09475134127287,69.00524865872715,0.4873717646567057,False,False,False,False,False,Cressage,71.85,70.78698541872653,72.91301458127346,0.542354378200747,False,False,False,False,False,-3.799999999999983,3.799999999999983,0.7291635677528809,5.211450719775719,True,False,False,False,False,False
E02006010,E02006043,Much Wenlock,68.05000000000001,67.09475134127287,69.00524865872715,0.4873717646567057,False,False,False,False,False,Craven Arms,67.9,66.61937515251344,69.18062484748657,0.6533800242278388,False,False,False,False,False,0.15000000000000568,0.15000000000000568,0.8151298626872668,0.18401975791378258,False,False,False,False,False,False
E02006011,E02006012,Bridgnorth West,68.05000000000001,67.0422177814627,69.05778221853733,0.5141746012945485,False,False,False,False,False,Bridgnorth East,67.25,66.29475134127286,68.20524865872714,0.4873717646567057,False,False,False,False,False,0.8000000000000114,0.8000000000000114,0.7084537794387149,1.1292197504173462,False,False,False,False,False,False
E02006011,E02006014,Bridgnorth West,68.05000000000001,67.0422177814627,69.05778221853733,0.5141746012945485,False,False,False,False,False,Highley,69.3,68.59200988707468,70.00799011292531,0.3612194453700591,False,False,False,False,False,-1.2499999999999858,1.2499999999999858,0.6283748947323254,1.9892583400112755,True,False,False,False,False,False
E02006012,E02006013,Bridgnorth East,67.25,66.29475134127286,68.20524865872714,0.4873717646567057,False,False,False,False,False,Alveley,69.4,68.48450832881998,70.31549167118003,0.4670875873367455,False,False,False,False,False,-2.1500000000000057,2.1500000000000057,0.6750570725713887,3.184915894311497,True,False,False,False,False,False
E02006012,E02006014,Bridgnorth East,67.25,66.29475134127286,68.20524865872714,0.4873717646567057,False,False,False,False,False,Highley,69.3,68.59200988707468,70.00799011292531,0.3612194453700591,False,False,False,False,False,-2.049999999999997,2.049999999999997,0.6066388750303136,3.379275685056549,True,False,False,False,False,False
E02006013,E02006014,Alveley,69.4,68.48450832881998,70.31549167118003,0.4670875873367455,False,False,False,False,False,Highley,69.3,68.59200988707468,70.00799011292531,0.3612194453700591,False,False,False,False,False,0.10000000000000853,0.10000000000000853,0.5904661734236052,0.16935771175543315,False,False,False,False,False,False
E02006013,E02006186,Alveley,69.4,68.48450832881998,70.31549167118003,0.4670875873367455,False,False,False,False,False,Wombourne Outer,70.0,69.2893664798224,70.7106335201776,0.3625681225395892,False,False,False,False,False,-0.5999999999999943,0.5999999999999943,0.591292193188735,1.0147267407071614,False,False,False,False,False,False
E02006013,E02006187,Alveley,69.4,68.48450832881998,70.31549167118003,0.4670875873367455,False,False,False,False,False,Kinver,69.85,68.79970242312,70.90029757687999,0.5358661106530604,False,False,False,False,False,-0.44999999999998863,0.44999999999998863,0.7108609588312611,0.6330351869933066,False,False,False,False,False,False
E02006013,E02006771,Alveley,69.4,68.48450832881998,70.31549167118003,0.4670875873367455,False,False,False,False,False,Bewdley East,67.1,65.84376554735988,68.35623445264011,0.6409359452245483,False,False,False,False,False,2.3000000000000114,2.3000000000000114,0.7930760998321328,2.900100003627449,True,False,False,False,False,False
E02006013,E02006982,Alveley,69.4,68.48450832881998,70.31549167118003,0.4670875873367455,False,False,False,False,False,Perton,69.25,68.436058970195,70.063941029805,0.41527603561479276,False,False,False,False,False,0.15000000000000568,0.15000000000000568,0.6250000000000003,0.24000000000000896,False,False,False,False,False,False
E02006014,E02006043,Highley,69.3,68.59200988707468,70.00799011292531,0.3612194453700591,False,False,False,False,False,Craven Arms,67.9,66.61937515251344,69.18062484748657,0.6533800242278388,False,False,False,False,False,1.3999999999999915,1.3999999999999915,0.7465821748296864,1.8752121965935842,False,False,False,False,False,False
E02006014,E02006046,Highley,69.3,68.59200988707468,70.00799011292531,0.3612194453700591,False,False,False,False,False,Cleobury Mortimer,69.0,67.98757716343417,70.01242283656583,0.5165422635539962,False,False,False,False,False,0.29999999999999716,0.29999999999999716,0.6303137296227485,0.47595345920760973,False,False,False,False,False,False
E02006014,E02006771,Highley,69.3,68.59200988707468,70.00799011292531,0.3612194453700591,False,False,False,False,False,Bewdley East,67.1,65.84376554735988,68.35623445264011,0.6409359452245483,False,False,False,False,False,2.200000000000003,2.200000000000003,0.7357162317050904,2.990283352728673,True,False,False,False,False,False
E02006014,E02006777,Highley,69.3,68.59200988707468,70.00799011292531,0.3612194453700591,False,False,False,False,False,Bewdley West,69.15,67.75133992693007,70.54866007306994,0.7136020780969049,False,False,False,False,False,0.14999999999999147,0.14999999999999147,0.7998171125811665,0.18754287404018163,False,False,False,False,False,False
E02006016,E02006018,Woore,69.3,68.19886422272273,70.40113577727726,0.5618039679986041,False,False,False,False,False,Market Drayton,66.44999999999999,65.5661165235168,67.33388347648318,0.45096095738938347,False,False,False,False,False,2.8500000000000085,2.8500000000000085,0.7204092472675,3.9560846988153053,True,False,False,False,False,False
E02006016,E02006020,Woore,69.3,68.19886422272273,70.40113577727726,0.5618039679986041,False,False,False,False,False,Hinstock,65.85,64.59476097893668,67.10523902106331,0.6404280719710805,False,False,False,False,False,3.450000000000003,3.450000000000003,0.8519224224232933,4.049664510750261,True,False,False,False,False,False
E02006016,E02006022,Woore,69.3,68.19886422272273,70.40113577727726,0.5618039679986041,False,False,False,False,False,Shawbury,68.69999999999999,67.46256313292353,69.93743686707644,0.6313453403451296,False,False,False,False,False,0.6000000000000085,0.6000000000000085,0.8451157537488484,0.7099619162682377,False,False,False,False,False,False
E02006016,E02006173,Woore,69.3,68.19886422272273,70.40113577727726,0.5618039679986041,False,False,False,False,False,Loggerheads,70.1,68.85,71.35,0.6377551020408163,False,False,False,False,False,-0.7999999999999972,0.7999999999999972,0.8499148596406987,0.9412707530942535,False,False,False,False,False,False
E02006018,E02006020,Market Drayton,66.44999999999999,65.5661165235168,67.33388347648318,0.45096095738938347,False,False,False,False,False,Hinstock,65.85,64.59476097893668,67.10523902106331,0.6404280719710805,False,False,False,False,False,0.5999999999999943,0.5999999999999943,0.7832712815226567,0.7660181269937686,False,False,False,False,False,False
E02006018,E02006173,Market Drayton,66.44999999999999,65.5661165235168,67.33388347648318,0.45096095738938347,False,False,False,False,False,Loggerheads,70.1,68.85,71.35,0.6377551020408163,False,False,False,False,False,-3.6500000000000057,3.6500000000000057,0.7810872904283114,4.672973231965557,True,False,False,False,False,False
E02006020,E02006022,Hinstock,65.85,64.59476097893668,67.10523902106331,0.6404280719710805,False,False,False,False,False,Shawbury,68.69999999999999,67.46256313292353,69.93743686707644,0.6313453403451296,False,False,False,False,False,-2.8499999999999943,2.8499999999999943,0.8993025376057286,3.1691226042658944,True,False,False,False,False,False
E02006020,E02006173,Hinstock,65.85,64.59476097893668,67.10523902106331,0.6404280719710805,False,False,False,False,False,Loggerheads,70.1,68.85,71.35,0.6377551020408163,False,False,False,False,False,-4.25,4.25,0.9038139662273911,4.702295116925356,True,False,False,False,False,False
E02006020,E02006192,Hinstock,65.85,64.59476097893668,67.10523902106331,0.6404280719710805,False,False,False,False,False,Eccleshall,70.45,69.37151726949385,71.52848273050616,0.5502462910745677,False,False,False,False,False,-4.6000000000000085,4.6000000000000085,0.8443453654813967,5.4480076377009015,True,False,False,False,False,False
E02006022,E02006038,Shawbury,68.69999999999999,67.46256313292353,69.93743686707644,0.6313453403451296,False,False,False,False,False,Bayston Hill,69.2,68.35073561242685,70.04926438757316,0.4332981569250803,False,False,False,False,False,-0.5000000000000142,0.5000000000000142,0.7657311744797772,0.6529706725597327,False,False,False,False,False,False
E02006038,E02006040,Bayston Hill,69.2,68.35073561242685,70.04926438757316,0.4332981569250803,False,False,False,False,False,Cressage,71.85,70.78698541872653,72.91301458127346,0.542354378200747,False,False,False,False,False,-2.6499999999999915,2.6499999999999915,0.6941869808259086,3.817415297600591,True,False,False,False,False,False
E02006043,E02006046,Craven Arms,67.9,66.61937515251344,69.18062484748657,0.6533800242278388,False,False,False,False,False,Cleobury Mortimer,69.0,67.98757716343417,70.01242283656583,0.5165422635539962,False,False,False,False,False,-1.0999999999999943,1.0999999999999943,0.8328993733323715,1.3206877507891164,False,False,False,False,False,False
E02006046,E02006710,Cleobury Mortimer,69.0,67.98757716343417,70.01242283656583,0.5165422635539962,False,False,False,False,False,Tenbury Wells,69.35,68.23616652950273,70.46383347049726,0.56828238290677,False,False,False,False,False,-0.3499999999999943,0.3499999999999943,0.7679588379331818,0.45575359343731775,False,False,False,False,False,False
E02006046,E02006777,Cleobury Mortimer,69.0,67.98757716343417,70.01242283656583,0.5165422635539962,False,False,False,False,False,Bewdley West,69.15,67.75133992693007,70.54866007306994,0.7136020780969049,False,False,False,False,False,-0.15000000000000568,0.15000000000000568,0.8809335025424492,0.17027391916312967,False,False,False,False,False,False
E02006118,E02006119,Rugeley North,68.8,67.59739865291942,70.00260134708057,0.6135721158574355,False,False,False,False,False,Rugeley Town,60.1,59.15494709142821,61.04505290857179,0.4821698513121372,False,False,False,False,False,8.699999999999996,8.699999999999996,0.7803579350991049,11.148730100239325,True,False,False,False,False,False
E02006118,E02006120,Rugeley North,68.8,67.59739865291942,70.00260134708057,0.6135721158574355,False,False,False,False,False,Rugeley South,61.8,60.82756748306116,62.77243251693884,0.49613903925451097,False,False,False,False,False,7.0,7.0,0.7890657055215108,8.871251089760069,True,False,False,False,False,False
E02006118,E02006121,Rugeley North,68.8,67.59739865291942,70.00260134708057,0.6135721158574355,False,False,False,False,False,Hednesford Pye Green,63.45,62.30081550654389,64.59918449345612,0.5863186191102628,False,False,False,False,False,5.349999999999994,5.349999999999994,0.8486697028132534,6.303983731556919,True,False,False,False,False,False
E02006118,E02006123,Rugeley North,68.8,67.59739865291942,70.00260134708057,0.6135721158574355,False,False,False,False,False,Wimblebury,63.45,62.304901750940125,64.59509824905987,0.584233800540752,False,False,False,False,False,5.349999999999994,5.349999999999994,0.8472307094599802,6.314690839535375,True,False,False,False,False,False
E02006118,E02006146,Rugeley North,68.8,67.59739865291942,70.00260134708057,0.6135721158574355,False,False,False,False,False,Armitage,65.19999999999999,64.35147186257613,66.04852813742384,0.43292251909380375,False,False,False,False,False,3.6000000000000085,3.6000000000000085,0.7509278586497475,4.79406904209575,True,False,False,False,False,False
E02006118,E02006148,Rugeley North,68.8,67.59739865291942,70.00260134708057,0.6135721158574355,False,False,False,False,False,Burntwood North East,71.55,70.54097819646947,72.55902180353053,0.5148070426176172,False,False,False,False,False,-2.75,2.75,0.800935098797941,3.4334866884061563,True,False,False,False,False,False
E02006118,E02006174,Rugeley North,68.8,67.59739865291942,70.00260134708057,0.6135721158574355,False,False,False,False,False,Penkridge,69.0,68.0800815253513,69.9199184746487,0.4693461605350492,False,False,False,False,False,-0.20000000000000284,0.20000000000000284,0.7725002004962603,0.25889960918006394,False,False,False,False,False,False
E02006118,E02006195,Rugeley North,68.8,67.59739865291942,70.00260134708057,0.6135721158574355,False,False,False,False,False,Weston,70.1,68.83657212315066,71.36342787684933,0.6446060596170075,False,False,False,False,False,-1.2999999999999972,1.2999999999999972,0.8899369154343106,1.4607776994682435,False,False,False,False,False,False
E02006118,E02006201,Rugeley North,68.8,67.59739865291942,70.00260134708057,0.6135721158574355,False,False,False,False,False,Weeping Cross,72.80000000000001,71.9996094703209,73.60039052967912,0.4083625151424011,False,False,False,False,False,-4.000000000000014,4.000000000000014,0.7370418476119237,5.427100256193517,True,False,False,False,False,False
E02006119,E02006120,Rugeley Town,60.1,59.15494709142821,61.04505290857179,0.4821698513121372,False,False,False,False,False,Rugeley South,61.8,60.82756748306116,62.77243251693884,0.49613903925451097,False,False,False,False,False,-1.6999999999999957,1.6999999999999957,0.6918393684857473,2.4572177841235665,True,False,False,False,False,False
E02006119,E02006146,Rugeley Town,60.1,59.15494709142821,61.04505290857179,0.4821698513121372,False,False,False,False,False,Armitage,65.19999999999999,64.35147186257613,66.04852813742384,0.43292251909380375,False,False,False,False,False,-5.099999999999987,5.099999999999987,0.6480043773408428,7.870317205152838,True,False,False,False,False,False
E02006120,E02006146,Rugeley South,61.8,60.82756748306116,62.77243251693884,0.49613903925451097,False,False,False,False,False,Armitage,65.19999999999999,64.35147186257613,66.04852813742384,0.43292251909380375,False,False,False,False,False,-3.3999999999999915,3.3999999999999915,0.6584647703643028,5.163526057922438,True,False,False,False,False,False
E02006120,E02006148,Rugeley South,61.8,60.82756748306116,62.77243251693884,0.49613903925451097,False,False,False,False,False,Burntwood North East,71.55,70.54097819646947,72.55902180353053,0.5148070426176172,False,False,False,False,False,-9.75,9.75,0.7149686967980391,13.636960672075595,True,True,False,False,False,False
E02006121,E02006122,Hednesford Pye Green,63.45,62.30081550654389,64.59918449345612,0.5863186191102628,False,False,False,False,False,Hednesford Central,64.1,62.94972829296726,65.25027170703272,0.5868733199146596,False,False,False,False,False,-0.6499999999999915,0.6499999999999915,0.8295720684443395,0.7835365060191917,False,False,False,False,False,False
E02006121,E02006123,Hednesford Pye Green,63.45,62.30081550654389,64.59918449345612,0.5863186191102628,False,False,False,False,False,Wimblebury,63.45,62.304901750940125,64.59509824905987,0.584233800540752,False,False,False,False,False,0.0,0.0,0.827706866474875,0.0,False,False,False,False,False,False
E02006121,E02006126,Hednesford Pye Green,63.45,62.30081550654389,64.59918449345612,0.5863186191102628,False,False,False,False,False,Hednesford South,64.3,63.220358855915535,65.37964114408446,0.5508373184104399,False,False,False,False,False,-0.8499999999999943,0.8499999999999943,0.8044819913888501,1.056580519015177,False,False,False,False,False,False
E02006121,E02006174,Hednesford Pye Green,63.45,62.30081550654389,64.59918449345612,0.5863186191102628,False,False,False,False,False,Penkridge,69.0,68.0800815253513,69.9199184746487,0.4693461605350492,False,False,False,False,False,-5.549999999999997,5.549999999999997,0.751036178572216,7.3897904766066285,True,False,False,False,False,False
E02006121,E02006175,Hednesford Pye Green,63.45,62.30081550654389,64.59918449345612,0.5863186191102628,False,False,False,False,False,Huntington,65.25,64.29475134127286,66.20524865872714,0.4873717646567057,False,False,False,False,False,-1.7999999999999972,1.7999999999999972,0.7624308231570631,2.3608699246268428,True,False,False,False,False,False
E02006122,E02006124,Hednesford Central,64.1,62.94972829296726,65.25027170703272,0.5868733199146596,False,False,False,False,False,Cannock North,57.1,56.05686769774875,58.14313230225125,0.5322103582914549,False,False,False,False,False,6.999999999999993,6.999999999999993,0.7922551098606895,8.83553783733989,True,False,False,False,False,False
E02006122,E02006125,Hednesford Central,64.1,62.94972829296726,65.25027170703272,0.5868733199146596,False,False,False,False,False,Cannock North East,60.4,59.320358855915536,61.47964114408446,0.5508373184104399,False,False,False,False,False,3.6999999999999957,3.6999999999999957,0.8048863553205873,4.596922255597538,True,False,False,False,False,False
E02006122,E02006126,Hednesford Central,64.1,62.94972829296726,65.25027170703272,0.5868733199146596,False,False,False,False,False,Hednesford South,64.3,63.220358855915535,65.37964114408446,0.5508373184104399,False,False,False,False,False,-0.20000000000000284,0.20000000000000284,0.8048863553205873,0.24848228408635725,False,False,False,False,False,False
E02006122,E02006175,Hednesford Central,64.1,62.94972829296726,65.25027170703272,0.5868733199146596,False,False,False,False,False,Huntington,65.25,64.29475134127286,66.20524865872714,0.4873717646567057,False,False,False,False,False,-1.1500000000000057,1.1500000000000057,0.7628574772604944,1.5074899758861682,False,False,False,False,False,False
E02006123,E02006126,Wimblebury,63.45,62.304901750940125,64.59509824905987,0.584233800540752,False,False,False,False,False,Hednesford South,64.3,63.220358855915535,65.37964114408446,0.5508373184104399,False,False,False,False,False,-0.8499999999999943,0.8499999999999943,0.8029638130376086,1.0585782151059187,False,False,False,False,False,False
E02006123,E02006130,Wimblebury,63.45,62.304901750940125,64.59509824905987,0.584233800540752,False,False,False,False,False,Norton Canes,64.3,63.29097819646947,65.30902180353053,0.5148070426176172,False,False,False,False,False,-0.8499999999999943,0.8499999999999943,0.778688271918223,1.091579301568395,False,False,False,False,False,False
E02006123,E02006148,Wimblebury,63.45,62.304901750940125,64.59509824905987,0.584233800540752,False,False,False,False,False,Burntwood North East,71.55,70.54097819646947,72.55902180353053,0.5148070426176172,False,False,False,False,False,-8.099999999999994,8.099999999999994,0.778688271918223,10.402108638475356,True,False,False,False,False,False
E02006123,E02006151,Wimblebury,63.45,62.304901750940125,64.59509824905987,0.584233800540752,False,False,False,False,False,Burntwood West,65.0,64.13217225211451,65.86782774788549,0.44276925912524756,False,False,False,False,False,-1.5499999999999972,1.5499999999999972,0.7330578084439261,2.114430788603436,True,False,False,False,False,False
E02006124,E02006125,Cannock North,57.1,56.05686769774875,58.14313230225125,0.5322103582914549,False,False,False,False,False,Cannock North East,60.4,59.320358855915536,61.47964114408446,0.5508373184104399,False,False,False,False,False,-3.299999999999997,3.299999999999997,0.7659436120409409,4.308411152103984,True,False,False,False,False,False
E02006124,E02006128,Cannock North,57.1,56.05686769774875,58.14313230225125,0.5322103582914549,False,False,False,False,False,Cannock West,65.94999999999999,65.10147186257613,66.79852813742384,0.43292251909380375,False,False,False,False,False,-8.849999999999987,8.849999999999987,0.6860537683091928,12.899863551236178,True,False,False,False,False,False
E02006124,E02006175,Cannock North,57.1,56.05686769774875,58.14313230225125,0.5322103582914549,False,False,False,False,False,Huntington,65.25,64.29475134127286,66.20524865872714,0.4873717646567057,False,False,False,False,False,-8.149999999999999,8.149999999999999,0.7216502632559002,11.29355924188165,True,False,False,False,False,False
E02006125,E02006126,Cannock North East,60.4,59.320358855915536,61.47964114408446,0.5508373184104399,False,False,False,False,False,Hednesford South,64.3,63.220358855915535,65.37964114408446,0.5508373184104399,False,False,False,False,False,-3.8999999999999986,3.8999999999999986,0.7790016063572711,5.006408161642934,True,False,False,False,False,False
E02006125,E02006127,Cannock North East,60.4,59.320358855915536,61.47964114408446,0.5508373184104399,False,False,False,False,False,Hawks Green,67.2,66.18480297478766,68.21519702521235,0.5179576659246657,False,False,False,False,False,-6.800000000000004,6.800000000000004,0.7561097109836191,8.993403868803536,True,False,False,False,False,False
E02006125,E02006128,Cannock North East,60.4,59.320358855915536,61.47964114408446,0.5508373184104399,False,False,False,False,False,Cannock West,65.94999999999999,65.10147186257613,66.79852813742384,0.43292251909380375,False,False,False,False,False,-5.54999999999999,5.54999999999999,0.7006023543295649,7.921754709646977,True,False,False,False,False,False
E02006126,E02006127,Hednesford South,64.3,63.220358855915535,65.37964114408446,0.5508373184104399,False,False,False,False,False,Hawks Green,67.2,66.18480297478766,68.21519702521235,0.5179576659246657,False,False,False,False,False,-2.9000000000000057,2.9000000000000057,0.7561097109836191,3.8354222381662195,True,False,False,False,False,False
E02006126,E02006130,Hednesford South,64.3,63.220358855915535,65.37964114408446,0.5508373184104399,False,False,False,False,False,Norton Canes,64.3,63.29097819646947,65.30902180353053,0.5148070426176172,False,False,False,False,False,0.0,0.0,0.7539549339863103,0.0,False,False,False,False,False,False
E02006127,E02006128,Hawks Green,67.2,66.18480297478766,68.21519702521235,0.5179576659246657,False,False,False,False,False,Cannock West,65.94999999999999,65.10147186257613,66.79852813742384,0.43292251909380375,False,False,False,False,False,1.2500000000000142,1.2500000000000142,0.6750570725713883,1.8516952873904227,False,False,False,False,False,False
E02006127,E02006130,Hawks Green,67.2,66.18480297478766,68.21519702521235,0.5179576659246657,False,False,False,False,False,Norton Canes,64.3,63.29097819646947,65.30902180353053,0.5148070426176172,False,False,False,False,False,2.9000000000000057,2.9000000000000057,0.7302783269540626,3.9710886835375403,True,False,False,False,False,False
E02006128,E02006129,Cannock West,65.94999999999999,65.10147186257613,66.79852813742384,0.43292251909380375,False,False,False,False,False,Cannock South,59.5,58.594116453400325,60.40588354659968,0.46218548295901973,False,False,False,False,False,6.449999999999989,6.449999999999989,0.6332750809850228,10.18514732960499,True,False,False,False,False,False
E02006128,E02006175,Cannock West,65.94999999999999,65.10147186257613,66.79852813742384,0.43292251909380375,False,False,False,False,False,Huntington,65.25,64.29475134127286,66.20524865872714,0.4873717646567057,False,False,False,False,False,0.6999999999999886,0.6999999999999886,0.6518843030194209,1.0738101788272916,False,False,False,False,False,False
E02006129,E02006130,Cannock South,59.5,58.594116453400325,60.40588354659968,0.46218548295901973,False,False,False,False,False,Norton Canes,64.3,63.29097819646947,65.30902180353053,0.5148070426176172,False,False,False,False,False,-4.799999999999997,4.799999999999997,0.6918393684857487,6.938026684584188,True,False,False,False,False,False
E02006129,E02006175,Cannock South,59.5,58.594116453400325,60.40588354659968,0.46218548295901973,False,False,False,False,False,Huntington,65.25,64.29475134127286,66.20524865872714,0.4873717646567057,False,False,False,False,False,-5.75,5.75,0.6716745176368191,8.560693980516737,True,False,False,False,False,False
E02006129,E02006177,Cannock South,59.5,58.594116453400325,60.40588354659968,0.46218548295901973,False,False,False,False,False,Cheslyn Hay,67.05000000000001,66.09475134127287,68.00524865872715,0.4873717646567057,False,False,False,False,False,-7.550000000000011,7.550000000000011,0.6716745176368191,11.240563400504602,True,False,False,False,False,False
E02006130,E02006151,Norton Canes,64.3,63.29097819646947,65.30902180353053,0.5148070426176172,False,False,False,False,False,Burntwood West,65.0,64.13217225211451,65.86782774788549,0.44276925912524756,False,False,False,False,False,-0.7000000000000028,0.7000000000000028,0.6790220231737832,1.030894398282058,False,False,False,False,False,False
E02006130,E02006177,Norton Canes,64.3,63.29097819646947,65.30902180353053,0.5148070426176172,False,False,False,False,False,Cheslyn Hay,67.05000000000001,66.09475134127287,68.00524865872715,0.4873717646567057,False,False,False,False,False,-2.750000000000014,2.750000000000014,0.7089129199790962,3.8791788419952957,True,False,False,False,False,False
E02006130,E02006178,Norton Canes,64.3,63.29097819646947,65.30902180353053,0.5148070426176172,False,False,False,False,False,Great Wyrley,64.1,63.134987046719054,65.06501295328093,0.4923535475923146,False,False,False,False,False,0.20000000000000284,0.20000000000000284,0.7123470410940406,0.280762028144088,False,False,False,False,False,False
E02006130,E02006180,Norton Canes,64.3,63.29097819646947,65.30902180353053,0.5148070426176172,False,False,False,False,False,Featherstone East,62.75,61.67035885591554,63.82964114408446,0.5508373184104399,False,False,False,False,False,1.5499999999999972,1.5499999999999972,0.7539549339863103,2.0558257929354444,True,False,False,False,False,False
E02006131,E02006132,Mayfield,68.1,66.9281958354742,69.27180416452579,0.5978592676152018,False,False,False,False,False,Uttoxeter Heath,65.1,64.00398448916084,66.19601551083915,0.5591915871628326,False,False,False,False,False,3.0,3.0,0.8186152545775538,3.664725257957903,True,False,False,False,False,False
E02006131,E02006133,Mayfield,68.1,66.9281958354742,69.27180416452579,0.5978592676152018,False,False,False,False,False,Uttoxeter Town,66.5,65.39886422272274,67.60113577727726,0.5618039679986041,False,False,False,False,False,1.5999999999999943,1.5999999999999943,0.8204019760656126,1.9502634643483994,False,False,False,False,False,False
E02006131,E02006136,Mayfield,68.1,66.9281958354742,69.27180416452579,0.5978592676152018,False,False,False,False,False,Abbots Bromley,69.9,68.87225976044527,70.92774023955474,0.5243572650789445,False,False,False,False,False,-1.8000000000000114,1.8000000000000114,0.7952271658554277,2.2635041624411145,True,False,False,False,False,False
E02006131,E02006191,Mayfield,68.1,66.9281958354742,69.27180416452579,0.5978592676152018,False,False,False,False,False,Little Stoke,71.5,70.4183346173608,72.5816653826392,0.551870093183266,False,False,False,False,False,-3.4000000000000057,3.4000000000000057,0.8136315527457697,4.178795658214083,True,False,False,False,False,False
E02006131,E02006195,Mayfield,68.1,66.9281958354742,69.27180416452579,0.5978592676152018,False,False,False,False,False,Weston,70.1,68.83657212315066,71.36342787684933,0.6446060596170075,False,False,False,False,False,-2.0,2.0,0.8791772722087113,2.2748540746230894,True,False,False,False,False,False
E02006132,E02006133,Uttoxeter Heath,65.1,64.00398448916084,66.19601551083915,0.5591915871628326,False,False,False,False,False,Uttoxeter Town,66.5,65.39886422272274,67.60113577727726,0.5618039679986041,False,False,False,False,False,-1.4000000000000057,1.4000000000000057,0.7926657111372135,1.7661922047712497,False,False,False,False,False,False
E02006134,E02006135,Rolleston-on-Dove,70.1,69.23217225211451,70.96782774788548,0.44276925912524756,False,False,False,False,False,Burton Stretton,68.95,67.68064977252139,70.21935022747861,0.6476276670809241,False,False,False,False,False,1.1499999999999915,1.1499999999999915,0.7845165466674371,1.465870930173619,False,False,False,False,False,False
E02006134,E02006136,Rolleston-on-Dove,70.1,69.23217225211451,70.96782774788548,0.44276925912524756,False,False,False,False,False,Abbots Bromley,69.9,68.87225976044527,70.92774023955474,0.5243572650789445,False,False,False,False,False,0.19999999999998863,0.19999999999998863,0.6862908700160532,0.2914216241800075,False,False,False,False,False,False
E02006134,E02006137,Rolleston-on-Dove,70.1,69.23217225211451,70.96782774788548,0.44276925912524756,False,False,False,False,False,Burton Horninglow,60.95,59.99540584539816,61.904594154601845,0.48703783398053196,False,False,False,False,False,9.149999999999991,9.149999999999991,0.6582176452775851,13.901177012872743,True,False,False,False,False,False
E02006134,E02006139,Rolleston-on-Dove,70.1,69.23217225211451,70.96782774788548,0.44276925912524756,False,False,False,False,False,Burton Shobnall,60.5,59.52756748306116,61.47243251693884,0.49613903925450914,False,False,False,False,False,9.599999999999994,9.599999999999994,0.6649801223335235,14.43652175092397,True,True,False,False,False,False
E02006134,E02006143,Rolleston-on-Dove,70.1,69.23217225211451,70.96782774788548,0.44276925912524756,False,False,False,False,False,Branston,67.05,65.96804574958088,68.13195425041911,0.5520174747036307,False,False,False,False,False,3.049999999999997,3.049999999999997,0.7076495666673542,4.310042913420895,True,False,False,False,False,False
E02006134,E02006145,Rolleston-on-Dove,70.1,69.23217225211451,70.96782774788548,0.44276925912524756,False,False,False,False,False,Barton-under-Needwood,71.25,70.12945325844925,72.37054674155075,0.5717075211993644,False,False,False,False,False,-1.1500000000000057,1.1500000000000057,0.7231141726050198,1.5903436048793362,False,False,False,False,False,False
E02006135,E02006137,Burton Stretton,68.95,67.68064977252139,70.21935022747861,0.6476276670809241,False,False,False,False,False,Burton Horninglow,60.95,59.99540584539816,61.904594154601845,0.48703783398053196,False,False,False,False,False,8.0,8.0,0.8103255190953377,9.872575664322342,True,False,False,False,False,False
E02006135,E02006138,Burton Stretton,68.95,67.68064977252139,70.21935022747861,0.6476276670809241,False,False,False,False,False,Burton Eton Park,60.6,59.50341439002693,61.69658560997307,0.5594824540678922,False,False,False,False,False,8.350000000000001,8.350000000000001,0.855828377408994,9.756629039667375,True,False,False,False,False,False
E02006135,E02006141,Burton Stretton,68.95,67.68064977252139,70.21935022747861,0.6476276670809241,False,False,False,False,False,Burton Central,59.8,58.91540969935229,60.684590300647706,0.4513215819631167,False,False,False,False,False,9.150000000000006,9.150000000000006,0.7893749207533582,11.59145009480095,True,False,False,False,False,False
E02006136,E02006145,Abbots Bromley,69.9,68.87225976044527,70.92774023955474,0.5243572650789445,False,False,False,False,False,Barton-under-Needwood,71.25,70.12945325844925,72.37054674155075,0.5717075211993644,False,False,False,False,False,-1.3499999999999943,1.3499999999999943,0.7757577142619931,1.7402340642971228,False,False,False,False,False,False
E02006136,E02006146,Abbots Bromley,69.9,68.87225976044527,70.92774023955474,0.5243572650789445,False,False,False,False,False,Armitage,65.19999999999999,64.35147186257613,66.04852813742384,0.43292251909380375,False,False,False,False,False,4.700000000000017,4.700000000000017,0.6799797415949944,6.911970625735794,True,False,False,False,False,False
E02006136,E02006147,Abbots Bromley,69.9,68.87225976044527,70.92774023955474,0.5243572650789445,False,False,False,False,False,Alrewas,70.25,69.24439073194407,71.25560926805593,0.5130659530897625,False,False,False,False,False,-0.3499999999999943,0.3499999999999943,0.7336124410483896,0.4770911457006058,False,False,False,False,False,False
E02006136,E02006195,Abbots Bromley,69.9,68.87225976044527,70.92774023955474,0.5243572650789445,False,False,False,False,False,Weston,70.1,68.83657212315066,71.36342787684933,0.6446060596170075,False,False,False,False,False,-0.19999999999998863,0.19999999999998863,0.8309437487195119,0.24069017945942736,False,False,False,False,False,False
E02006137,E02006138,Burton Horninglow,60.95,59.99540584539816,61.904594154601845,0.48703783398053196,False,False,False,False,False,Burton Eton Park,60.6,59.50341439002693,61.69658560997307,0.5594824540678922,False,False,False,False,False,0.3500000000000014,0.3500000000000014,0.7417725177830999,0.47184277067318386,False,False,False,False,False,False
E02006137,E02006139,Burton Horninglow,60.95,59.99540584539816,61.904594154601845,0.48703783398053196,False,False,False,False,False,Burton Shobnall,60.5,59.52756748306116,61.47243251693884,0.49613903925450914,False,False,False,False,False,0.45000000000000284,0.45000000000000284,0.6952408201485551,0.647257737115967,False,False,False,False,False,False
E02006138,E02006139,Burton Eton Park,60.6,59.50341439002693,61.69658560997307,0.5594824540678922,False,False,False,False,False,Burton Shobnall,60.5,59.52756748306116,61.47243251693884,0.49613903925450914,False,False,False,False,False,0.10000000000000142,0.10000000000000142,0.7477797554642801,0.13372921541305113,False,False,False,False,False,False
E02006138,E02006141,Burton Eton Park,60.6,59.50341439002693,61.69658560997307,0.5594824540678922,False,False,False,False,False,Burton Central,59.8,58.91540969935229,60.684590300647706,0.4513215819631167,False,False,False,False,False,0.8000000000000043,0.8000000000000043,0.7188266736533373,1.112924755468679,False,False,False,False,False,False
E02006139,E02006141,Burton Shobnall,60.5,59.52756748306116,61.47243251693884,0.49613903925450914,False,False,False,False,False,Burton Central,59.8,58.91540969935229,60.684590300647706,0.4513215819631167,False,False,False,False,False,0.7000000000000028,0.7000000000000028,0.6707049400579048,1.0436780142689404,False,False,False,False,False,False
E02006139,E02006143,Burton Shobnall,60.5,59.52756748306116,61.47243251693884,0.49613903925450914,False,False,False,False,False,Branston,67.05,65.96804574958088,68.13195425041911,0.5520174747036307,False,False,False,False,False,-6.549999999999997,6.549999999999997,0.7422110472436805,8.82498316930807,True,False,False,False,False,False
E02006140,E02006141,Burton Winshill,62.95,61.94097819646947,63.95902180353053,0.5148070426176172,False,False,False,False,False,Burton Central,59.8,58.91540969935229,60.684590300647706,0.4513215819631167,False,False,False,False,False,3.1500000000000057,3.1500000000000057,0.6846294336897789,4.601029177234208,True,False,False,False,False,False
E02006140,E02006142,Burton Winshill,62.95,61.94097819646947,63.95902180353053,0.5148070426176172,False,False,False,False,False,Burton Brizlincote,70.05,69.09475134127285,71.00524865872714,0.4873717646567057,False,False,False,False,False,-7.099999999999994,7.099999999999994,0.7089129199790962,10.015334464787795,True,False,False,False,False,False
E02006141,E02006142,Burton Central,59.8,58.91540969935229,60.684590300647706,0.4513215819631167,False,False,False,False,False,Burton Brizlincote,70.05,69.09475134127285,71.00524865872714,0.4873717646567057,False,False,False,False,False,-10.25,10.25,0.6642457431781416,15.431036036389157,True,True,False,False,False,False
E02006141,E02006143,Burton Central,59.8,58.91540969935229,60.684590300647706,0.4513215819631167,False,False,False,False,False,Branston,67.05,65.96804574958088,68.13195425041911,0.5520174747036307,False,False,False,False,False,-7.25,7.25,0.7130318805802892,10.167848307287056,True,False,False,False,False,False
E02006141,E02006144,Burton Central,59.8,58.91540969935229,60.684590300647706,0.4513215819631167,False,False,False,False,False,Burton Stapenhill,58.3,57.29097819646947,59.30902180353053,0.5148070426176172,False,False,False,False,False,1.5,1.5,0.6846294336897789,2.190966274873429,True,False,False,False,False,False
E02006142,E02006144,Burton Brizlincote,70.05,69.09475134127285,71.00524865872714,0.4873717646567057,False,False,False,False,False,Burton Stapenhill,58.3,57.29097819646947,59.30902180353053,0.5148070426176172,False,False,False,False,False,11.75,11.75,0.7089129199790962,16.574673233979816,True,True,False,False,False,False
E02006143,E02006145,Branston,67.05,65.96804574958088,68.13195425041911,0.5520174747036307,False,False,False,False,False,Barton-under-Needwood,71.25,70.12945325844925,72.37054674155075,0.5717075211993644,False,False,False,False,False,-4.200000000000003,4.200000000000003,0.7947155353798586,5.284909899228891,True,False,False,False,False,False
E02006145,E02006147,Barton-under-Needwood,71.25,70.12945325844925,72.37054674155075,0.5717075211993644,False,False,False,False,False,Alrewas,70.25,69.24439073194407,71.25560926805593,0.5130659530897625,False,False,False,False,False,1.0,1.0,0.7681706594343657,1.3017940580239544,False,False,False,False,False,False
E02006145,E02006153,Barton-under-Needwood,71.25,70.12945325844925,72.37054674155075,0.5717075211993644,False,False,False,False,False,Whittington,70.5,69.5496711095626,71.4503288904374,0.4848616787945942,False,False,False,False,False,0.75,0.75,0.7496267987201591,1.000497849437184,False,False,False,False,False,False
E02006146,E02006147,Armitage,65.19999999999999,64.35147186257613,66.04852813742384,0.43292251909380375,False,False,False,False,False,Alrewas,70.25,69.24439073194407,71.25560926805593,0.5130659530897625,False,False,False,False,False,-5.050000000000011,5.050000000000011,0.6713110901500371,7.52259283973894,True,False,False,False,False,False
E02006146,E02006148,Armitage,65.19999999999999,64.35147186257613,66.04852813742384,0.43292251909380375,False,False,False,False,False,Burntwood North East,71.55,70.54097819646947,72.55902180353053,0.5148070426176172,False,False,False,False,False,-6.3500000000000085,6.3500000000000085,0.6726426976242453,9.440376030882408,True,False,False,False,False,False
E02006146,E02006195,Armitage,65.19999999999999,64.35147186257613,66.04852813742384,0.43292251909380375,False,False,False,False,False,Weston,70.1,68.83657212315066,71.36342787684933,0.6446060596170075,False,False,False,False,False,-4.900000000000006,4.900000000000006,0.7764913905726771,6.310436998388562,True,False,False,False,False,False
E02006147,E02006148,Alrewas,70.25,69.24439073194407,71.25560926805593,0.5130659530897625,False,False,False,False,False,Burntwood North East,71.55,70.54097819646947,72.55902180353053,0.5148070426176172,False,False,False,False,False,-1.2999999999999972,1.2999999999999972,0.7268170081585897,1.7886207744279152,False,False,False,False,False,False
E02006147,E02006149,Alrewas,70.25,69.24439073194407,71.25560926805593,0.5130659530897625,False,False,False,False,False,Lichfield Central,64.3,63.46896149307027,65.13103850692973,0.42399923822945396,False,False,False,False,False,5.950000000000003,5.950000000000003,0.6655914860025357,8.939417232836021,True,False,False,False,False,False
E02006147,E02006150,Alrewas,70.25,69.24439073194407,71.25560926805593,0.5130659530897625,False,False,False,False,False,Lichfield East,69.25,68.38361382744183,70.11638617255817,0.4420337615092681,False,False,False,False,False,1.0,1.0,0.6772226506356229,1.4766192463607455,False,False,False,False,False,False
E02006147,E02006153,Alrewas,70.25,69.24439073194407,71.25560926805593,0.5130659530897625,False,False,False,False,False,Whittington,70.5,69.5496711095626,71.4503288904374,0.4848616787945942,False,False,False,False,False,-0.25,0.25,0.705923168470492,0.3541461892257616,False,False,False,False,False,False
E02006148,E02006149,Burntwood North East,71.55,70.54097819646947,72.55902180353053,0.5148070426176172,False,False,False,False,False,Lichfield Central,64.3,63.46896149307027,65.13103850692973,0.42399923822945396,False,False,False,False,False,7.25,7.25,0.6669345133878246,10.870632505089898,True,False,False,False,False,False
E02006148,E02006151,Burntwood North East,71.55,70.54097819646947,72.55902180353053,0.5148070426176172,False,False,False,False,False,Burntwood West,65.0,64.13217225211451,65.86782774788549,0.44276925912524756,False,False,False,False,False,6.549999999999997,6.549999999999997,0.6790220231737832,9.646226155353498,True,False,False,False,False,False
E02006148,E02006152,Burntwood North East,71.55,70.54097819646947,72.55902180353053,0.5148070426176172,False,False,False,False,False,Lichfield West,70.35,69.46329260745158,71.23670739254841,0.45240173089204916,False,False,False,False,False,1.2000000000000028,1.2000000000000028,0.6853419710209052,1.7509506943117,False,False,False,False,False,False
E02006148,E02006154,Burntwood North East,71.55,70.54097819646947,72.55902180353053,0.5148070426176172,False,False,False,False,False,Burntwood Chase Terrace,67.7,66.93965468371273,68.46034531628727,0.3879312838200363,False,False,False,False,False,3.8499999999999943,3.8499999999999943,0.6446060596170026,5.9726400994236695,True,False,False,False,False,False
E02006148,E02006156,Burntwood North East,71.55,70.54097819646947,72.55902180353053,0.5148070426176172,False,False,False,False,False,Shenstone,72.05000000000001,71.01498792277579,73.08501207722423,0.5280673863388895,False,False,False,False,False,-0.5000000000000142,0.5000000000000142,0.7374831900751929,0.677981555008779,False,False,False,False,False,False
E02006149,E02006150,Lichfield Central,64.3,63.46896149307027,65.13103850692973,0.42399923822945396,False,False,False,False,False,Lichfield East,69.25,68.38361382744183,70.11638617255817,0.4420337615092681,False,False,False,False,False,-4.950000000000003,4.950000000000003,0.6125105716093313,8.081493168345165,True,False,False,False,False,False
E02006149,E02006152,Lichfield Central,64.3,63.46896149307027,65.13103850692973,0.42399923822945396,False,False,False,False,False,Lichfield West,70.35,69.46329260745158,71.23670739254841,0.45240173089204916,False,False,False,False,False,-6.049999999999997,6.049999999999997,0.6200344185069724,9.757522839729202,True,False,False,False,False,False
E02006150,E02006152,Lichfield East,69.25,68.38361382744183,70.11638617255817,0.4420337615092681,False,False,False,False,False,Lichfield West,70.35,69.46329260745158,71.23670739254841,0.45240173089204916,False,False,False,False,False,-1.0999999999999943,1.0999999999999943,0.6325038912355833,1.7391197354551717,False,False,False,False,False,False
E02006150,E02006153,Lichfield East,69.25,68.38361382744183,70.11638617255817,0.4420337615092681,False,False,False,False,False,Whittington,70.5,69.5496711095626,71.4503288904374,0.4848616787945942,False,False,False,False,False,-1.25,1.25,0.6561133239597751,1.9051586888313747,False,False,False,False,False,False
E02006150,E02006157,Lichfield East,69.25,68.38361382744183,70.11638617255817,0.4420337615092681,False,False,False,False,False,Fazeley,66.5,65.52371879051167,67.47628120948833,0.4981026579022114,False,False,False,False,False,2.75,2.75,0.6659580348064583,4.129389325258623,True,False,False,False,False,False
E02006151,E02006154,Burntwood West,65.0,64.13217225211451,65.86782774788549,0.44276925912524756,False,False,False,False,False,Burntwood Chase Terrace,67.7,66.93965468371273,68.46034531628727,0.3879312838200363,False,False,False,False,False,-2.700000000000003,2.700000000000003,0.588672487715013,4.586591111944613,True,False,False,False,False,False
E02006151,E02006155,Burntwood West,65.0,64.13217225211451,65.86782774788549,0.44276925912524756,False,False,False,False,False,Burntwood Chasetown,60.05,58.90081550654388,61.19918449345612,0.5863186191102664,False,False,False,False,False,4.950000000000003,4.950000000000003,0.7347204501997275,6.7372563247074275,True,False,False,False,False,False
E02006152,E02006156,Lichfield West,70.35,69.46329260745158,71.23670739254841,0.45240173089204916,False,False,False,False,False,Shenstone,72.05000000000001,71.01498792277579,73.08501207722423,0.5280673863388895,False,False,False,False,False,-1.700000000000017,1.700000000000017,0.6953578148183194,2.4447844890391965,True,False,False,False,False,False
E02006152,E02006157,Lichfield West,70.35,69.46329260745158,71.23670739254841,0.45240173089204916,False,False,False,False,False,Fazeley,66.5,65.52371879051167,67.47628120948833,0.4981026579022114,False,False,False,False,False,3.8499999999999943,3.8499999999999943,0.6728845249545939,5.721635521726096,True,False,False,False,False,False
E02006153,E02006157,Whittington,70.5,69.5496711095626,71.4503288904374,0.4848616787945942,False,False,False,False,False,Fazeley,66.5,65.52371879051167,67.47628120948833,0.4981026579022114,False,False,False,False,False,4.0,4.0,0.6951238057876883,5.754370612393787,True,False,False,False,False,False
E02006153,E02006217,Whittington,70.5,69.5496711095626,71.4503288904374,0.4848616787945942,False,False,False,False,False,Coton Farm,67.5,66.63361382744182,68.36638617255818,0.4420337615092753,False,False,False,False,False,3.0,3.0,0.65611332395978,4.572380853195265,True,False,False,False,False,False
E02006153,E02006218,Whittington,70.5,69.5496711095626,71.4503288904374,0.4848616787945942,False,False,False,False,False,Central Tamworth,60.3,59.32756748306116,61.27243251693884,0.49613903925451097,False,False,False,False,False,10.200000000000003,10.200000000000003,0.6937180939228135,14.703378922007627,True,True,False,False,False,False
E02006153,E02006468,Whittington,70.5,69.5496711095626,71.4503288904374,0.4848616787945942,False,False,False,False,False,Polesworth,66.05,65.25430847685801,66.84569152314198,0.40596506282754224,False,False,False,False,False,4.450000000000003,4.450000000000003,0.6323752681755371,7.036960842631744,True,False,False,False,False,False
E02006154,E02006155,Burntwood Chase Terrace,67.7,66.93965468371273,68.46034531628727,0.3879312838200363,False,False,False,False,False,Burntwood Chasetown,60.05,58.90081550654388,61.19918449345612,0.5863186191102664,False,False,False,False,False,7.650000000000006,7.650000000000006,0.7030364173224821,10.881370881376347,True,False,False,False,False,False
E02006154,E02006156,Burntwood Chase Terrace,67.7,66.93965468371273,68.46034531628727,0.3879312838200363,False,False,False,False,False,Shenstone,72.05000000000001,71.01498792277579,73.08501207722423,0.5280673863388895,False,False,False,False,False,-4.3500000000000085,4.3500000000000085,0.6552448744408822,6.638739454027544,True,False,False,False,False,False
E02006156,E02006157,Shenstone,72.05000000000001,71.01498792277579,73.08501207722423,0.5280673863388895,False,False,False,False,False,Fazeley,66.5,65.52371879051167,67.47628120948833,0.4981026579022114,False,False,False,False,False,5.550000000000011,5.550000000000011,0.7259210854659296,7.645459143038621,True,False,False,False,False,False
E02006157,E02006218,Fazeley,66.5,65.52371879051167,67.47628120948833,0.4981026579022114,False,False,False,False,False,Central Tamworth,60.3,59.32756748306116,61.27243251693884,0.49613903925451097,False,False,False,False,False,6.200000000000003,6.200000000000003,0.7030364173224859,8.818888818893198,True,False,False,False,False,False
E02006157,E02006221,Fazeley,66.5,65.52371879051167,67.47628120948833,0.4981026579022114,False,False,False,False,False,Kettlebrook,66.0,64.84972829296727,67.15027170703273,0.5868733199146579,False,False,False,False,False,0.5,0.5,0.7697574627354383,0.6495552485105914,False,False,False,False,False,False
E02006157,E02006225,Fazeley,66.5,65.52371879051167,67.47628120948833,0.4981026579022114,False,False,False,False,False,Dosthill,67.45,66.23011271012442,68.66988728987559,0.6223914744263197,False,False,False,False,False,-0.9500000000000028,0.9500000000000028,0.7971683669387638,1.1917181355905195,False,False,False,False,False,False
E02006157,E02006471,Fazeley,66.5,65.52371879051167,67.47628120948833,0.4981026579022114,False,False,False,False,False,Kingsbury,69.4,68.33404971973361,70.4659502802664,0.5438521838093838,False,False,False,False,False,-2.9000000000000057,2.9000000000000057,0.737483190075193,3.9322930190508134,True,False,False,False,False,False
E02006173,E02006189,Loggerheads,70.1,68.85,71.35,0.6377551020408163,False,False,False,False,False,Barlaston,69.0,67.97378121241131,70.02621878758869,0.523581014075862,False,False,False,False,False,1.0999999999999943,1.0999999999999943,0.8251476525324423,1.333094745678557,False,False,False,False,False,False
E02006173,E02006192,Loggerheads,70.1,68.85,71.35,0.6377551020408163,False,False,False,False,False,Eccleshall,70.45,69.37151726949385,71.52848273050616,0.5502462910745677,False,False,False,False,False,-0.3500000000000085,0.3500000000000085,0.8423197439336263,0.41551916896250274,False,False,False,False,False,False
E02006174,E02006175,Penkridge,69.0,68.0800815253513,69.9199184746487,0.4693461605350492,False,False,False,False,False,Huntington,65.25,64.29475134127286,66.20524865872714,0.4873717646567057,False,False,False,False,False,3.75,3.75,0.676621796422184,5.542239430992487,True,False,False,False,False,False
E02006174,E02006176,Penkridge,69.0,68.0800815253513,69.9199184746487,0.4693461605350492,False,False,False,False,False,Brewood,70.05,68.89755694283839,71.2024430571616,0.5879811516130639,False,False,False,False,False,-1.0499999999999972,1.0499999999999972,0.7523348011764556,1.395655230035977,False,False,False,False,False,False
E02006174,E02006179,Penkridge,69.0,68.0800815253513,69.9199184746487,0.4693461605350492,False,False,False,False,False,Featherstone West,65.05,63.88676098758681,66.21323901241318,0.5934892920475439,False,False,False,False,False,3.950000000000003,3.950000000000003,0.7566474464267272,5.2203969215172865,True,False,False,False,False,False
E02006174,E02006199,Penkridge,69.0,68.0800815253513,69.9199184746487,0.4693461605350492,False,False,False,False,False,Rowley,69.0,68.13217225211451,69.86782774788549,0.44276925912524756,False,False,False,False,False,0.0,0.0,0.6452367280582475,0.0,False,False,False,False,False,False
E02006174,E02006201,Penkridge,69.0,68.0800815253513,69.9199184746487,0.4693461605350492,False,False,False,False,False,Weeping Cross,72.80000000000001,71.9996094703209,73.60039052967912,0.4083625151424011,False,False,False,False,False,-3.8000000000000114,3.8000000000000114,0.6221300203192416,6.108047957644077,True,False,False,False,False,False
E02006174,E02006202,Penkridge,69.0,68.0800815253513,69.9199184746487,0.4693461605350492,False,False,False,False,False,Gnosall,71.05,70.1049470914282,71.9950529085718,0.48216985131214085,False,False,False,False,False,-2.049999999999997,2.049999999999997,0.67288452495459,3.0465851479320953,True,False,False,False,False,False
E02006174,E02006203,Penkridge,69.0,68.0800815253513,69.9199184746487,0.4693461605350492,False,False,False,False,False,Mosspit,62.05,60.89755694283839,63.20244305716161,0.5879811516130656,False,False,False,False,False,6.950000000000003,6.950000000000003,0.752334801176457,9.237908427381003,True,False,False,False,False,False
E02006175,E02006177,Huntington,65.25,64.29475134127286,66.20524865872714,0.4873717646567057,False,False,False,False,False,Cheslyn Hay,67.05000000000001,66.09475134127287,68.00524865872715,0.4873717646567057,False,False,False,False,False,-1.8000000000000114,1.8000000000000114,0.6892477594952214,2.6115427655771595,True,False,False,False,False,False
E02006175,E02006178,Huntington,65.25,64.29475134127286,66.20524865872714,0.4873717646567057,False,False,False,False,False,Great Wyrley,64.1,63.134987046719054,65.06501295328093,0.4923535475923146,False,False,False,False,False,1.1500000000000057,1.1500000000000057,0.6927793680612384,1.6599801509942644,False,False,False,False,False,False
E02006175,E02006179,Huntington,65.25,64.29475134127286,66.20524865872714,0.4873717646567057,False,False,False,False,False,Featherstone West,65.05,63.88676098758681,66.21323901241318,0.5934892920475439,False,False,False,False,False,0.20000000000000284,0.20000000000000284,0.7679588379331838,0.26043062482133167,False,False,False,False,False,False
E02006175,E02006180,Huntington,65.25,64.29475134127286,66.20524865872714,0.4873717646567057,False,False,False,False,False,Featherstone East,62.75,61.67035885591554,63.82964114408446,0.5508373184104399,False,False,False,False,False,2.5,2.5,0.7354950634356398,3.39907108053454,True,False,False,False,False,False
E02006176,E02006179,Brewood,70.05,68.89755694283839,71.2024430571616,0.5879811516130639,False,False,False,False,False,Featherstone West,65.05,63.88676098758681,66.21323901241318,0.5934892920475439,False,False,False,False,False,5.0,5.0,0.8354348415210605,5.984907202214112,True,False,False,False,False,False
E02006176,E02006181,Brewood,70.05,68.89755694283839,71.2024430571616,0.5879811516130639,False,False,False,False,False,Bilbrook,64.4,62.90459035712619,65.89540964287383,0.7629641035070512,False,False,False,False,False,5.6499999999999915,5.6499999999999915,0.9632424709763078,5.865605151601502,True,False,False,False,False,False
E02006176,E02006182,Brewood,70.05,68.89755694283839,71.2024430571616,0.5879811516130639,False,False,False,False,False,Codsall,70.69999999999999,69.4994792796457,71.90052072035428,0.6125105716093321,False,False,False,False,False,-0.6499999999999915,0.6499999999999915,0.8490530224817621,0.7655587846564126,False,False,False,False,False,False
E02006176,E02006202,Brewood,70.05,68.89755694283839,71.2024430571616,0.5879811516130639,False,False,False,False,False,Gnosall,71.05,70.1049470914282,71.9950529085718,0.48216985131214085,False,False,False,False,False,-1.0,1.0,0.7604009469790243,1.3150956794213264,False,False,False,False,False,False
E02006177,E02006178,Cheslyn Hay,67.05000000000001,66.09475134127287,68.00524865872715,0.4873717646567057,False,False,False,False,False,Great Wyrley,64.1,63.134987046719054,65.06501295328093,0.4923535475923146,False,False,False,False,False,2.950000000000017,2.950000000000017,0.6927793680612384,4.258209952550509,True,False,False,False,False,False
E02006178,E02006180,Great Wyrley,64.1,63.134987046719054,65.06501295328093,0.4923535475923146,False,False,False,False,False,Featherstone East,62.75,61.67035885591554,63.82964114408446,0.5508373184104399,False,False,False,False,False,1.3499999999999943,1.3499999999999943,0.7388056355905401,1.8272735547298795,False,False,False,False,False,False
E02006179,E02006180,Featherstone West,65.05,63.88676098758681,66.21323901241318,0.5934892920475439,False,False,False,False,False,Featherstone East,62.75,61.67035885591554,63.82964114408446,0.5508373184104399,False,False,False,False,False,2.299999999999997,2.299999999999997,0.8097229718420363,2.8404776448020663,True,False,False,False,False,False
E02006179,E02006181,Featherstone West,65.05,63.88676098758681,66.21323901241318,0.5934892920475439,False,False,False,False,False,Bilbrook,64.4,62.90459035712619,65.89540964287383,0.7629641035070512,False,False,False,False,False,0.6499999999999915,0.6499999999999915,0.9666145886626237,0.6724500205395308,False,False,False,False,False,False
E02006181,E02006182,Bilbrook,64.4,62.90459035712619,65.89540964287383,0.7629641035070512,False,False,False,False,False,Codsall,70.69999999999999,69.4994792796457,71.90052072035428,0.6125105716093321,False,False,False,False,False,-6.299999999999983,6.299999999999983,0.978408617896178,6.439027503198562,True,False,False,False,False,False
E02006182,E02006982,Codsall,70.69999999999999,69.4994792796457,71.90052072035428,0.6125105716093321,False,False,False,False,False,Perton,69.25,68.436058970195,70.063941029805,0.41527603561479276,False,False,False,False,False,1.4499999999999886,1.4499999999999886,0.7400158012428717,1.9594176199544442,False,False,False,False,False,False
E02006185,E02006186,Wombourne Inner,66.0,65.02371879051167,66.97628120948833,0.4981026579022114,False,False,False,False,False,Wombourne Outer,70.0,69.2893664798224,70.7106335201776,0.3625681225395892,False,False,False,False,False,-4.0,4.0,0.616085952843538,6.4926005560393705,True,False,False,False,False,False
E02006186,E02006187,Wombourne Outer,70.0,69.2893664798224,70.7106335201776,0.3625681225395892,False,False,False,False,False,Kinver,69.85,68.79970242312,70.90029757687999,0.5358661106530604,False,False,False,False,False,0.15000000000000568,0.15000000000000568,0.6469993292332848,0.2318394984702079,False,False,False,False,False,False
E02006186,E02006982,Wombourne Outer,70.0,69.2893664798224,70.7106335201776,0.3625681225395892,False,False,False,False,False,Perton,69.25,68.436058970195,70.063941029805,0.41527603561479276,False,False,False,False,False,0.75,0.75,0.5512801730860826,1.3604697513452697,False,False,False,False,False,False
E02006187,E02006696,Kinver,69.85,68.79970242312,70.90029757687999,0.5358661106530604,False,False,False,False,False,Hagley,73.25,72.17151726949385,74.32848273050615,0.5502462910745677,False,False,False,False,False,-3.4000000000000057,3.4000000000000057,0.7680647559859494,4.426710083364642,True,False,False,False,False,False
E02006187,E02006767,Kinver,69.85,68.79970242312,70.90029757687999,0.5358661106530604,False,False,False,False,False,Wolverley,68.6,67.60941936219204,69.59058063780795,0.5053982845958938,False,False,False,False,False,1.25,1.25,0.7366002407133126,1.696985598035535,False,False,False,False,False,False
E02006187,E02006771,Kinver,69.85,68.79970242312,70.90029757687999,0.5358661106530604,False,False,False,False,False,Bewdley East,67.1,65.84376554735988,68.35623445264011,0.6409359452245483,False,False,False,False,False,2.75,2.75,0.8354348415210627,3.2916989612177527,True,False,False,False,False,False
E02006189,E02006190,Barlaston,69.0,67.97378121241131,70.02621878758869,0.523581014075862,False,False,False,False,False,Stone Town,65.3,64.36291675930043,66.23708324069956,0.47810369423447174,False,False,False,False,False,3.700000000000003,3.700000000000003,0.7090276586575147,5.218414196994299,True,False,False,False,False,False
E02006189,E02006191,Barlaston,69.0,67.97378121241131,70.02621878758869,0.523581014075862,False,False,False,False,False,Little Stoke,71.5,70.4183346173608,72.5816653826392,0.551870093183266,False,False,False,False,False,-2.5,2.5,0.760721813839208,3.286352454365689,True,False,False,False,False,False
E02006189,E02006192,Barlaston,69.0,67.97378121241131,70.02621878758869,0.523581014075862,False,False,False,False,False,Eccleshall,70.45,69.37151726949385,71.52848273050616,0.5502462910745677,False,False,False,False,False,-1.4500000000000028,1.4500000000000028,0.7595446393346648,1.9090385540343666,False,False,False,False,False,False
E02006190,E02006191,Stone Town,65.3,64.36291675930043,66.23708324069956,0.47810369423447174,False,False,False,False,False,Little Stoke,71.5,70.4183346173608,72.5816653826392,0.551870093183266,False,False,False,False,False,-6.200000000000003,6.200000000000003,0.7301669276204968,8.491209017374782,True,False,False,False,False,False
E02006191,E02006192,Little Stoke,71.5,70.4183346173608,72.5816653826392,0.551870093183266,False,False,False,False,False,Eccleshall,70.45,69.37151726949385,71.52848273050616,0.5502462910745677,False,False,False,False,False,1.0499999999999972,1.0499999999999972,0.7793148148158257,1.347337404650959,False,False,False,False,False,False
E02006191,E02006193,Little Stoke,71.5,70.4183346173608,72.5816653826392,0.551870093183266,False,False,False,False,False,Stafford Common,69.5,68.52371879051167,70.47628120948833,0.4981026579022114,False,False,False,False,False,2.0,2.0,0.743415669433564,2.690284967390954,True,False,False,False,False,False
E02006191,E02006195,Little Stoke,71.5,70.4183346173608,72.5816653826392,0.551870093183266,False,False,False,False,False,Weston,70.1,68.83657212315066,71.36342787684933,0.6446060596170075,False,False,False,False,False,1.4000000000000057,1.4000000000000057,0.8485738458408152,1.649826950078583,False,False,False,False,False,False
E02006192,E02006193,Eccleshall,70.45,69.37151726949385,71.52848273050616,0.5502462910745677,False,False,False,False,False,Stafford Common,69.5,68.52371879051167,70.47628120948833,0.4981026579022114,False,False,False,False,False,0.9500000000000028,0.9500000000000028,0.7422110472436835,1.2799593909683453,False,False,False,False,False,False
E02006192,E02006199,Eccleshall,70.45,69.37151726949385,71.52848273050616,0.5502462910745677,False,False,False,False,False,Rowley,69.0,68.13217225211451,69.86782774788549,0.44276925912524756,False,False,False,False,False,1.4500000000000028,1.4500000000000028,0.7062687857095473,2.053042735767052,True,False,False,False,False,False
E02006192,E02006202,Eccleshall,70.45,69.37151726949385,71.52848273050616,0.5502462910745677,False,False,False,False,False,Gnosall,71.05,70.1049470914282,71.9950529085718,0.48216985131214085,False,False,False,False,False,-0.5999999999999943,0.5999999999999943,0.7316137959030639,0.8201048194551708,False,False,False,False,False,False
E02006193,E02006194,Stafford Common,69.5,68.52371879051167,70.47628120948833,0.4981026579022114,False,False,False,False,False,Doxey,63.65,62.589339828220176,64.71066017177982,0.5411531488672565,False,False,False,False,False,5.850000000000001,5.850000000000001,0.735495063435639,7.953826328450834,True,False,False,False,False,False
E02006193,E02006195,Stafford Common,69.5,68.52371879051167,70.47628120948833,0.4981026579022114,False,False,False,False,False,Weston,70.1,68.83657212315066,71.36342787684933,0.6446060596170075,False,False,False,False,False,-0.5999999999999943,0.5999999999999943,0.8146307322365223,0.7365300328809453,False,False,False,False,False,False
E02006193,E02006197,Stafford Common,69.5,68.52371879051167,70.47628120948833,0.4981026579022114,False,False,False,False,False,Central Stafford,60.8,59.85892348876406,61.74107651123593,0.480141077161191,False,False,False,False,False,8.700000000000003,8.700000000000003,0.6918393684857462,12.575173365808897,True,False,False,False,False,False
E02006193,E02006198,Stafford Common,69.5,68.52371879051167,70.47628120948833,0.4981026579022114,False,False,False,False,False,Littleworth,69.55000000000001,68.67500000000001,70.42500000000001,0.44642857142857145,False,False,False,False,False,-0.05000000000001137,0.05000000000001137,0.668883193986067,0.07475146699687132,False,False,False,False,False,False
E02006193,E02006199,Stafford Common,69.5,68.52371879051167,70.47628120948833,0.4981026579022114,False,False,False,False,False,Rowley,69.0,68.13217225211451,69.86782774788549,0.44276925912524756,False,False,False,False,False,0.5,0.5,0.6664464529394452,0.750247822303934,False,False,False,False,False,False
E02006194,E02006197,Doxey,63.65,62.589339828220176,64.71066017177982,0.5411531488672565,False,False,False,False,False,Central Stafford,60.8,59.85892348876406,61.74107651123593,0.480141077161191,False,False,False,False,False,2.8500000000000014,2.8500000000000014,0.7234515771677161,3.939448181394029,True,False,False,False,False,False
E02006194,E02006199,Doxey,63.65,62.589339828220176,64.71066017177982,0.5411531488672565,False,False,False,False,False,Rowley,69.0,68.13217225211451,69.86782774788549,0.44276925912524756,False,False,False,False,False,-5.350000000000001,5.350000000000001,0.6992076568196802,7.651518040197494,True,False,False,False,False,False
E02006195,E02006198,Weston,70.1,68.83657212315066,71.36342787684933,0.6446060596170075,False,False,False,False,False,Littleworth,69.55000000000001,68.67500000000001,70.42500000000001,0.44642857142857145,False,False,False,False,False,0.549999999999983,0.549999999999983,0.784101678025701,0.7014396415842835,False,False,False,False,False,False
E02006195,E02006201,Weston,70.1,68.83657212315066,71.36342787684933,0.6446060596170075,False,False,False,False,False,Weeping Cross,72.80000000000001,71.9996094703209,73.60039052967912,0.4083625151424011,False,False,False,False,False,-2.700000000000017,2.700000000000017,0.7630707148543919,3.5383352387140516,True,False,False,False,False,False
E02006196,E02006197,Stafford North East,60.6,59.50341439002693,61.69658560997307,0.5594824540678922,False,False,False,False,False,Central Stafford,60.8,59.85892348876406,61.74107651123593,0.480141077161191,False,False,False,False,False,-0.19999999999999574,0.19999999999999574,0.7372625518682879,0.27127378095249544,False,False,False,False,False,False
E02006196,E02006198,Stafford North East,60.6,59.50341439002693,61.69658560997307,0.5594824540678922,False,False,False,False,False,Littleworth,69.55000000000001,68.67500000000001,70.42500000000001,0.44642857142857145,False,False,False,False,False,-8.95000000000001,8.95000000000001,0.7157646860509299,12.504109485171188,True,False,False,False,False,False
E02006197,E02006198,Central Stafford,60.8,59.85892348876406,61.74107651123593,0.480141077161191,False,False,False,False,False,Littleworth,69.55000000000001,68.67500000000001,70.42500000000001,0.44642857142857145,False,False,False,False,False,-8.750000000000014,8.750000000000014,0.6556172079538973,13.346202469742542,True,False,False,False,False,False
E02006197,E02006199,Central Stafford,60.8,59.85892348876406,61.74107651123593,0.480141077161191,False,False,False,False,False,Rowley,69.0,68.13217225211451,69.86782774788549,0.44276925912524756,False,False,False,False,False,-8.200000000000003,8.200000000000003,0.6531309752291874,12.554909062646395,True,False,False,False,False,False
E02006197,E02006203,Central Stafford,60.8,59.85892348876406,61.74107651123593,0.480141077161191,False,False,False,False,False,Mosspit,62.05,60.89755694283839,63.20244305716161,0.5879811516130656,False,False,False,False,False,-1.25,1.25,0.7591161232840044,1.6466518911393793,False,False,False,False,False,False
E02006198,E02006201,Littleworth,69.55000000000001,68.67500000000001,70.42500000000001,0.44642857142857145,False,False,False,False,False,Weeping Cross,72.80000000000001,71.9996094703209,73.60039052967912,0.4083625151424011,False,False,False,False,False,-3.25,3.25,0.6050276135526236,5.371655652072687,True,False,False,False,False,False
E02006198,E02006203,Littleworth,69.55000000000001,68.67500000000001,70.42500000000001,0.44642857142857145,False,False,False,False,False,Mosspit,62.05,60.89755694283839,63.20244305716161,0.5879811516130656,False,False,False,False,False,7.500000000000014,7.500000000000014,0.7382549045146819,10.159092684836827,True,False,False,False,False,False
E02006199,E02006200,Rowley,69.0,68.13217225211451,69.86782774788549,0.44276925912524756,False,False,False,False,False,Highfields,59.3,58.07908845529252,60.520911544707474,0.6229140534221819,False,False,False,False,False,9.700000000000003,9.700000000000003,0.7642424581094494,12.692307129854383,True,True,False,False,False,False
E02006199,E02006202,Rowley,69.0,68.13217225211451,69.86782774788549,0.44276925912524756,False,False,False,False,False,Gnosall,71.05,70.1049470914282,71.9950529085718,0.48216985131214085,False,False,False,False,False,-2.049999999999997,2.049999999999997,0.6546238479773653,3.13156938344672,True,False,False,False,False,False
E02006199,E02006203,Rowley,69.0,68.13217225211451,69.86782774788549,0.44276925912524756,False,False,False,False,False,Mosspit,62.05,60.89755694283839,63.20244305716161,0.5879811516130656,False,False,False,False,False,6.950000000000003,6.950000000000003,0.7360478595027279,9.442320781552718,True,False,False,False,False,False
E02006200,E02006203,Highfields,59.3,58.07908845529252,60.520911544707474,0.6229140534221819,False,False,False,False,False,Mosspit,62.05,60.89755694283839,63.20244305716161,0.5879811516130656,False,False,False,False,False,-2.75,2.75,0.8565884382847341,3.2104098970874584,True,False,False,False,False,False
E02006201,E02006203,Weeping Cross,72.80000000000001,71.9996094703209,73.60039052967912,0.4083625151424011,False,False,False,False,False,Mosspit,62.05,60.89755694283839,63.20244305716161,0.5879811516130656,False,False,False,False,False,10.750000000000014,10.750000000000014,0.7158783265511358,15.01651831225279,True,True,False,False,False,False
E02006217,E02006218,Coton Farm,67.5,66.63361382744182,68.36638617255818,0.4420337615092753,False,False,False,False,False,Central Tamworth,60.3,59.32756748306116,61.27243251693884,0.49613903925451097,False,False,False,False,False,7.200000000000003,7.200000000000003,0.6644906264097546,10.835367293142463,True,False,False,False,False,False
E02006217,E02006219,Coton Farm,67.5,66.63361382744182,68.36638617255818,0.4420337615092753,False,False,False,False,False,Amington,64.5,63.38616652950272,65.61383347049727,0.5682823829067737,False,False,False,False,False,3.0,3.0,0.719957438350518,4.166912987069414,True,False,False,False,False,False
E02006217,E02006468,Coton Farm,67.5,66.63361382744182,68.36638617255818,0.4420337615092753,False,False,False,False,False,Polesworth,66.05,65.25430847685801,66.84569152314198,0.40596506282754224,False,False,False,False,False,1.4500000000000028,1.4500000000000028,0.6001678753070754,2.415990691367997,True,False,False,False,False,False
E02006218,E02006220,Central Tamworth,60.3,59.32756748306116,61.27243251693884,0.49613903925451097,False,False,False,False,False,Bolehall,64.65,63.53616652950273,65.76383347049727,0.5682823829067718,False,False,False,False,False,-4.3500000000000085,4.3500000000000085,0.7543863817663916,5.7662758834730115,True,False,False,False,False,False
E02006218,E02006221,Central Tamworth,60.3,59.32756748306116,61.27243251693884,0.49613903925451097,False,False,False,False,False,Kettlebrook,66.0,64.84972829296727,67.15027170703273,0.5868733199146579,False,False,False,False,False,-5.700000000000003,5.700000000000003,0.768488282213881,7.417159287815418,True,False,False,False,False,False
E02006219,E02006220,Amington,64.5,63.38616652950272,65.61383347049727,0.5682823829067737,False,False,False,False,False,Bolehall,64.65,63.53616652950273,65.76383347049727,0.5682823829067718,False,False,False,False,False,-0.15000000000000568,0.15000000000000568,0.8036726531644584,0.18664315553027863,False,False,False,False,False,False
E02006219,E02006223,Amington,64.5,63.38616652950272,65.61383347049727,0.5682823829067737,False,False,False,False,False,Glascote Heath,55.1,54.038750736160445,56.16124926383956,0.5414537060405901,False,False,False,False,False,9.399999999999999,9.399999999999999,0.7849311960339522,11.975571932286153,True,False,False,False,False,False
E02006219,E02006224,Amington,64.5,63.38616652950272,65.61383347049727,0.5682823829067737,False,False,False,False,False,Wilnecote East,66.44999999999999,65.36804574958087,67.5319542504191,0.5520174747036307,False,False,False,False,False,-1.9499999999999886,1.9499999999999886,0.7922551098606904,2.4613283975446687,True,False,False,False,False,False
E02006219,E02006468,Amington,64.5,63.38616652950272,65.61383347049727,0.5682823829067737,False,False,False,False,False,Polesworth,66.05,65.25430847685801,66.84569152314198,0.40596506282754224,False,False,False,False,False,-1.5499999999999972,1.5499999999999972,0.6983927970410142,2.2193814234154696,True,False,False,False,False,False
E02006220,E02006221,Bolehall,64.65,63.53616652950273,65.76383347049727,0.5682823829067718,False,False,False,False,False,Kettlebrook,66.0,64.84972829296727,67.15027170703273,0.5868733199146579,False,False,False,False,False,-1.3499999999999943,1.3499999999999943,0.8169242072247898,1.6525400864128392,False,False,False,False,False,False
E02006220,E02006222,Bolehall,64.65,63.53616652950273,65.76383347049727,0.5682823829067718,False,False,False,False,False,Belgrave,61.95,60.87995327204837,63.02004672795164,0.5459422081385891,False,False,False,False,False,2.700000000000003,2.700000000000003,0.7880341117930348,3.426247619987695,True,False,False,False,False,False
E02006220,E02006223,Bolehall,64.65,63.53616652950273,65.76383347049727,0.5682823829067718,False,False,False,False,False,Glascote Heath,55.1,54.038750736160445,56.16124926383956,0.5414537060405901,False,False,False,False,False,9.550000000000004,9.550000000000004,0.7849311960339508,12.166671484397131,True,False,False,False,False,False
E02006221,E02006222,Kettlebrook,66.0,64.84972829296727,67.15027170703273,0.5868733199146579,False,False,False,False,False,Belgrave,61.95,60.87995327204837,63.02004672795164,0.5459422081385891,False,False,False,False,False,4.049999999999997,4.049999999999997,0.8015442522124969,5.052746606092939,True,False,False,False,False,False
E02006221,E02006225,Kettlebrook,66.0,64.84972829296727,67.15027170703273,0.5868733199146579,False,False,False,False,False,Dosthill,67.45,66.23011271012442,68.66988728987559,0.6223914744263197,False,False,False,False,False,-1.4500000000000028,1.4500000000000028,0.8554480937299589,1.6950180970976918,False,False,False,False,False,False
E02006222,E02006223,Belgrave,61.95,60.87995327204837,63.02004672795164,0.5459422081385891,False,False,False,False,False,Glascote Heath,55.1,54.038750736160445,56.16124926383956,0.5414537060405901,False,False,False,False,False,6.850000000000001,6.850000000000001,0.7689115751582416,8.908696684128179,True,False,False,False,False,False
E02006222,E02006225,Belgrave,61.95,60.87995327204837,63.02004672795164,0.5459422081385891,False,False,False,False,False,Dosthill,67.45,66.23011271012442,68.66988728987559,0.6223914744263197,False,False,False,False,False,-5.5,5.5,0.8279034014097337,6.643287116147529,True,False,False,False,False,False
E02006222,E02006226,Belgrave,61.95,60.87995327204837,63.02004672795164,0.5459422081385891,False,False,False,False,False,Wilnecote West,64.25,63.29475134127286,65.20524865872714,0.4873717646567057,False,False,False,False,False,-2.299999999999997,2.299999999999997,0.7318361371316873,3.142780034085872,True,False,False,False,False,False
E02006223,E02006224,Glascote Heath,55.1,54.038750736160445,56.16124926383956,0.5414537060405901,False,False,False,False,False,Wilnecote East,66.44999999999999,65.36804574958087,67.5319542504191,0.5520174747036307,False,False,False,False,False,-11.349999999999987,11.349999999999987,0.7732369676646761,14.678553243877053,True,True,False,False,False,False
E02006223,E02006226,Glascote Heath,55.1,54.038750736160445,56.16124926383956,0.5414537060405901,False,False,False,False,False,Wilnecote West,64.25,63.29475134127286,65.20524865872714,0.4873717646567057,False,False,False,False,False,-9.149999999999999,9.149999999999999,0.7284938934333499,12.560160191428063,True,False,False,False,False,False
E02006224,E02006226,Wilnecote East,66.44999999999999,65.36804574958087,67.5319542504191,0.5520174747036307,False,False,False,False,False,Wilnecote West,64.25,63.29475134127286,65.20524865872714,0.4873717646567057,False,False,False,False,False,2.1999999999999886,2.1999999999999886,0.7363793379520944,2.987590616160269,True,False,False,False,False,False
E02006224,E02006468,Wilnecote East,66.44999999999999,65.36804574958087,67.5319542504191,0.5520174747036307,False,False,False,False,False,Polesworth,66.05,65.25430847685801,66.84569152314198,0.40596506282754224,False,False,False,False,False,0.3999999999999915,0.3999999999999915,0.6852232662532293,0.5837513401831405,False,False,False,False,False,False
E02006224,E02006469,Wilnecote East,66.44999999999999,65.36804574958087,67.5319542504191,0.5520174747036307,False,False,False,False,False,Dordon,62.4,61.40752833793604,63.39247166206396,0.5063630928897752,False,False,False,False,False,4.04999999999999,4.04999999999999,0.7490840234707137,5.406603095384706,True,False,False,False,False,False
E02006225,E02006226,Dosthill,67.45,66.23011271012442,68.66988728987559,0.6223914744263197,False,False,False,False,False,Wilnecote West,64.25,63.29475134127286,65.20524865872714,0.4873717646567057,False,False,False,False,False,3.200000000000003,3.200000000000003,0.790507675119704,4.048031538106746,True,False,False,False,False,False
E02006225,E02006469,Dosthill,67.45,66.23011271012442,68.66988728987559,0.6223914744263197,False,False,False,False,False,Dordon,62.4,61.40752833793604,63.39247166206396,0.5063630928897752,False,False,False,False,False,5.050000000000004,5.050000000000004,0.8023557373630896,6.2939663354270134,True,False,False,False,False,False
E02006225,E02006471,Dosthill,67.45,66.23011271012442,68.66988728987559,0.6223914744263197,False,False,False,False,False,Kingsbury,69.4,68.33404971973361,70.4659502802664,0.5438521838093838,False,False,False,False,False,-1.9500000000000028,1.9500000000000028,0.826526675475634,2.359270496475935,True,False,False,False,False,False
E02006226,E02006469,Wilnecote West,64.25,63.29475134127286,65.20524865872714,0.4873717646567057,False,False,False,False,False,Dordon,62.4,61.40752833793604,63.39247166206396,0.5063630928897752,False,False,False,False,False,1.8500000000000014,1.8500000000000014,0.7028049649977512,2.6323092353309154,True,False,False,False,False,False
E02006468,E02006469,Polesworth,66.05,65.25430847685801,66.84569152314198,0.40596506282754224,False,False,False,False,False,Dordon,62.4,61.40752833793604,63.39247166206396,0.5063630928897752,False,False,False,False,False,3.6499999999999986,3.6499999999999986,0.649007869041254,5.62396879007331,True,False,False,False,False,False
E02006468,E02006472,Polesworth,66.05,65.25430847685801,66.84569152314198,0.40596506282754224,False,False,False,False,False,Hartshill,64.4,63.434987046719066,65.36501295328095,0.49235354759231825,False,False,False,False,False,1.6499999999999915,1.6499999999999915,0.6381376403749519,2.58564907569235,True,False,False,False,False,False
E02006469,E02006471,Dordon,62.4,61.40752833793604,63.39247166206396,0.5063630928897752,False,False,False,False,False,Kingsbury,69.4,68.33404971973361,70.4659502802664,0.5438521838093838,False,False,False,False,False,-7.000000000000007,7.000000000000007,0.7430873297770155,9.420157926929742,True,False,False,False,False,False
E02006469,E02006472,Dordon,62.4,61.40752833793604,63.39247166206396,0.5063630928897752,False,False,False,False,False,Hartshill,64.4,63.434987046719066,65.36501295328095,0.49235354759231825,False,False,False,False,False,-2.000000000000007,2.000000000000007,0.7062687857095485,2.831783083816623,True,False,False,False,False,False
E02006469,E02006474,Dordon,62.4,61.40752833793604,63.39247166206396,0.5063630928897752,False,False,False,False,False,New Arley,66.75,65.80892348876407,67.69107651123593,0.480141077161191,False,False,False,False,False,-4.350000000000001,4.350000000000001,0.6978101717647915,6.23378703265197,True,False,False,False,False,False
E02006470,E02006472,Atherstone,61.3,60.55753787975412,62.04246212024587,0.3788072042070792,False,False,False,False,False,Hartshill,64.4,63.434987046719066,65.36501295328095,0.49235354759231825,False,False,False,False,False,-3.1000000000000085,3.1000000000000085,0.6212140643819367,4.99022829285793,True,False,False,False,False,False
E02006471,E02006473,Kingsbury,69.4,68.33404971973361,70.4659502802664,0.5438521838093838,False,False,False,False,False,Coleshill,67.75,66.93605897019502,68.56394102980498,0.41527603561478554,False,False,False,False,False,1.6500000000000057,1.6500000000000057,0.6842728867857972,2.4113186885870532,True,False,False,False,False,False
E02006471,E02006474,Kingsbury,69.4,68.33404971973361,70.4659502802664,0.5438521838093838,False,False,False,False,False,New Arley,66.75,65.80892348876407,67.69107651123593,0.480141077161191,False,False,False,False,False,2.6500000000000057,2.6500000000000057,0.7254727092122382,3.6527907478112236,True,False,False,False,False,False
E02006472,E02006474,Hartshill,64.4,63.434987046719066,65.36501295328095,0.49235354759231825,False,False,False,False,False,New Arley,66.75,65.80892348876407,67.69107651123593,0.480141077161191,False,False,False,False,False,-2.3499999999999943,2.3499999999999943,0.6877117636075815,3.4171292747304802,True,False,False,False,False,False
E02006472,E02006475,Hartshill,64.4,63.434987046719066,65.36501295328095,0.49235354759231825,False,False,False,False,False,Weddington,68.80000000000001,67.96896149307028,69.63103850692974,0.42399923822945396,False,False,False,False,False,-4.400000000000006,4.400000000000006,0.6497594707627573,6.771736616374078,True,False,False,False,False,False
E02006472,E02006476,Hartshill,64.4,63.434987046719066,65.36501295328095,0.49235354759231825,False,False,False,False,False,Camp Hill,58.8,57.86158378104383,59.73841621895617,0.4787837851817197,False,False,False,False,False,5.6000000000000085,5.6000000000000085,0.6867648278557051,8.154174140636995,True,False,False,False,False,False
E02006472,E02006478,Hartshill,64.4,63.434987046719066,65.36501295328095,0.49235354759231825,False,False,False,False,False,Galley Common,64.45,63.24584054212077,65.65415945787923,0.614367070346547,False,False,False,False,False,-0.04999999999999716,0.04999999999999716,0.7873111919393374,0.06350728976281297,False,False,False,False,False,False
E02006472,E02006481,Hartshill,64.4,63.434987046719066,65.36501295328095,0.49235354759231825,False,False,False,False,False,Stockingford,60.400000000000006,59.30170586817557,61.49829413182445,0.5603541488900216,False,False,False,False,False,4.0,4.0,0.7459281386333415,5.3624468535650545,True,False,False,False,False,False
E02006473,E02006474,Coleshill,67.75,66.93605897019502,68.56394102980498,0.41527603561478554,False,False,False,False,False,New Arley,66.75,65.80892348876407,67.69107651123593,0.480141077161191,False,False,False,False,False,1.0,1.0,0.6348146499045539,1.5752629529743094,False,False,False,False,False,False
E02006474,E02006482,New Arley,66.75,65.80892348876407,67.69107651123593,0.480141077161191,False,False,False,False,False,Bermuda,64.75,63.71498792277578,65.78501207722422,0.5280673863388895,False,False,False,False,False,2.0,2.0,0.713716062935601,2.802234815584445,True,False,False,False,False,False
E02006474,E02006486,New Arley,66.75,65.80892348876407,67.69107651123593,0.480141077161191,False,False,False,False,False,Bedworth Woodlands,64.35,63.23504484395111,65.46495515604889,0.5688546714535151,False,False,False,False,False,2.4000000000000057,2.4000000000000057,0.7443998194599427,3.224073860927573,True,False,False,False,False,False
E02006474,E02006490,New Arley,66.75,65.80892348876407,67.69107651123593,0.480141077161191,False,False,False,False,False,Bedworth Heath,62.1,61.07225976044527,63.12774023955472,0.5243572650789409,False,False,False,False,False,4.649999999999999,4.649999999999999,0.7109753831312132,6.540310832592953,True,False,False,False,False,False
E02006474,E02006806,New Arley,66.75,65.80892348876407,67.69107651123593,0.480141077161191,False,False,False,False,False,Ash Green,62.8,61.87804555427071,63.72195444572929,0.4703849212904529,False,False,False,False,False,3.950000000000003,3.950000000000003,0.6721587819518051,5.8765876546759515,True,False,False,False,False,False
E02006475,E02006476,Weddington,68.80000000000001,67.96896149307028,69.63103850692974,0.42399923822945396,False,False,False,False,False,Camp Hill,58.8,57.86158378104383,59.73841621895617,0.4787837851817197,False,False,False,False,False,10.000000000000014,10.000000000000014,0.6395383233021242,15.63627954047707,True,True,False,False,False,False
E02006475,E02006477,Weddington,68.80000000000001,67.96896149307028,69.63103850692974,0.42399923822945396,False,False,False,False,False,Horeston Grange,69.65,68.7654096993523,70.53459030064771,0.45132158196311306,False,False,False,False,False,-0.8499999999999943,0.8499999999999943,0.6192467394866478,1.372635406533815,False,False,False,False,False,False
E02006475,E02006479,Weddington,68.80000000000001,67.96896149307028,69.63103850692974,0.42399923822945396,False,False,False,False,False,Nuneaton Town Centre,59.55,58.630081525351294,60.4699184746487,0.4693461605350528,False,False,False,False,False,9.250000000000014,9.250000000000014,0.6325038912355819,14.6244159572368,True,False,False,False,False,False
E02006476,E02006478,Camp Hill,58.8,57.86158378104383,59.73841621895617,0.4787837851817197,False,False,False,False,False,Galley Common,64.45,63.24584054212077,65.65415945787923,0.614367070346547,False,False,False,False,False,-5.650000000000006,5.650000000000006,0.7788971755495935,7.253845792948651,True,False,False,False,False,False
E02006476,E02006479,Camp Hill,58.8,57.86158378104383,59.73841621895617,0.4787837851817197,False,False,False,False,False,Nuneaton Town Centre,59.55,58.630081525351294,60.4699184746487,0.4693461605350528,False,False,False,False,False,-0.75,0.75,0.670462326579153,1.1186310852492873,False,False,False,False,False,False
E02006476,E02006480,Camp Hill,58.8,57.86158378104383,59.73841621895617,0.4787837851817197,False,False,False,False,False,Tomkinson Road,60.5,59.47469516727951,61.525304832720494,0.5231147105716787,False,False,False,False,False,-1.7000000000000028,1.7000000000000028,0.7091423787713059,2.397261891110646,True,False,False,False,False,False
E02006477,E02006479,Horeston Grange,69.65,68.7654096993523,70.53459030064771,0.45132158196311306,False,False,False,False,False,Nuneaton Town Centre,59.55,58.630081525351294,60.4699184746487,0.4693461605350528,False,False,False,False,False,10.100000000000009,10.100000000000009,0.6511351539847028,15.511372620863424,True,True,False,False,False,False
E02006477,E02006484,Horeston Grange,69.65,68.7654096993523,70.53459030064771,0.45132158196311306,False,False,False,False,False,Attleborough,62.6,61.604384612413,63.59561538758699,0.5079670344831604,False,False,False,False,False,7.050000000000004,7.050000000000004,0.6795010511156722,10.37525988874427,True,False,False,False,False,False
E02006477,E02006485,Horeston Grange,69.65,68.7654096993523,70.53459030064771,0.45132158196311306,False,False,False,False,False,Whitestone,71.85,70.70982457490085,72.99017542509914,0.5817221556628288,False,False,False,False,False,-2.1999999999999886,2.1999999999999886,0.7362688617174404,2.9880389004476027,True,False,False,False,False,False
E02006477,E02007048,Horeston Grange,69.65,68.7654096993523,70.53459030064771,0.45132158196311306,False,False,False,False,False,Brinklow,69.5,68.52371879051167,70.47628120948833,0.4981026579022114,False,False,False,False,False,0.15000000000000568,0.15000000000000568,0.6721587819518052,0.22316155650668998,False,False,False,False,False,False
E02006478,E02006480,Galley Common,64.45,63.24584054212077,65.65415945787923,0.614367070346547,False,False,False,False,False,Tomkinson Road,60.5,59.47469516727951,61.525304832720494,0.5231147105716787,False,False,False,False,False,3.950000000000003,3.950000000000003,0.8069051354048319,4.895247070175419,True,False,False,False,False,False
E02006478,E02006481,Galley Common,64.45,63.24584054212077,65.65415945787923,0.614367070346547,False,False,False,False,False,Stockingford,60.400000000000006,59.30170586817557,61.49829413182445,0.5603541488900216,False,False,False,False,False,4.049999999999997,4.049999999999997,0.8315309190309519,4.870534465176327,True,False,False,False,False,False
E02006479,E02006480,Nuneaton Town Centre,59.55,58.630081525351294,60.4699184746487,0.4693461605350528,False,False,False,False,False,Tomkinson Road,60.5,59.47469516727951,61.525304832720494,0.5231147105716787,False,False,False,False,False,-0.9500000000000028,0.9500000000000028,0.7028049649977487,1.3517263640888564,False,False,False,False,False,False
E02006479,E02006483,Nuneaton Town Centre,59.55,58.630081525351294,60.4699184746487,0.4693461605350528,False,False,False,False,False,Caldwell,58.2,57.29688040659058,59.103119593409424,0.46077530275990886,False,False,False,False,False,1.3499999999999943,1.3499999999999943,0.6577231165486592,2.052535430233916,True,False,False,False,False,False
E02006479,E02006484,Nuneaton Town Centre,59.55,58.630081525351294,60.4699184746487,0.4693461605350528,False,False,False,False,False,Attleborough,62.6,61.604384612413,63.59561538758699,0.5079670344831604,False,False,False,False,False,-3.0500000000000043,3.0500000000000043,0.6916041689656098,4.41003703688152,True,False,False,False,False,False
E02006480,E02006481,Tomkinson Road,60.5,59.47469516727951,61.525304832720494,0.5231147105716787,False,False,False,False,False,Stockingford,60.400000000000006,59.30170586817557,61.49829413182445,0.5603541488900216,False,False,False,False,False,0.09999999999999432,0.09999999999999432,0.7665805714957507,0.1304494318253781,False,False,False,False,False,False
E02006480,E02006482,Tomkinson Road,60.5,59.47469516727951,61.525304832720494,0.5231147105716787,False,False,False,False,False,Bermuda,64.75,63.71498792277578,65.78501207722422,0.5280673863388895,False,False,False,False,False,-4.25,4.25,0.7433062389966044,5.717697198044661,True,False,False,False,False,False
E02006480,E02006483,Tomkinson Road,60.5,59.47469516727951,61.525304832720494,0.5231147105716787,False,False,False,False,False,Caldwell,58.2,57.29688040659058,59.103119593409424,0.46077530275990886,False,False,False,False,False,2.299999999999997,2.299999999999997,0.6971103786703916,3.299334037153226,True,False,False,False,False,False
E02006481,E02006482,Stockingford,60.400000000000006,59.30170586817557,61.49829413182445,0.5603541488900216,False,False,False,False,False,Bermuda,64.75,63.71498792277578,65.78501207722422,0.5280673863388895,False,False,False,False,False,-4.349999999999994,4.349999999999994,0.7699687894278875,5.649579644951829,True,False,False,False,False,False
E02006482,E02006483,Bermuda,64.75,63.71498792277578,65.78501207722422,0.5280673863388895,False,False,False,False,False,Caldwell,58.2,57.29688040659058,59.103119593409424,0.46077530275990886,False,False,False,False,False,6.549999999999997,6.549999999999997,0.7008345340722528,9.346000634330503,True,False,False,False,False,False
E02006482,E02006486,Bermuda,64.75,63.71498792277578,65.78501207722422,0.5280673863388895,False,False,False,False,False,Bedworth Woodlands,64.35,63.23504484395111,65.46495515604889,0.5688546714535151,False,False,False,False,False,0.4000000000000057,0.4000000000000057,0.7761770427868069,0.5153463423291096,False,False,False,False,False,False
E02006483,E02006484,Caldwell,58.2,57.29688040659058,59.103119593409424,0.46077530275990886,False,False,False,False,False,Attleborough,62.6,61.604384612413,63.59561538758699,0.5079670344831604,False,False,False,False,False,-4.399999999999999,4.399999999999999,0.6858165846311256,6.415709533134999,True,False,False,False,False,False
E02006483,E02006486,Caldwell,58.2,57.29688040659058,59.103119593409424,0.46077530275990886,False,False,False,False,False,Bedworth Woodlands,64.35,63.23504484395111,65.46495515604889,0.5688546714535151,False,False,False,False,False,-6.1499999999999915,6.1499999999999915,0.7320584108307016,8.400968978720282,True,False,False,False,False,False
E02006483,E02006487,Caldwell,58.2,57.29688040659058,59.103119593409424,0.46077530275990886,False,False,False,False,False,Bedworth Town,58.65,57.589339828220176,59.71066017177982,0.5411531488672565,False,False,False,False,False,-0.44999999999999574,0.44999999999999574,0.710746516109951,0.6331371168203963,False,False,False,False,False,False
E02006483,E02006488,Caldwell,58.2,57.29688040659058,59.103119593409424,0.46077530275990886,False,False,False,False,False,Bulkington,67.4,66.26284345844559,68.53715654155442,0.5801819089563358,False,False,False,False,False,-9.200000000000003,9.200000000000003,0.7408946801764091,12.41741943377088,True,False,False,False,False,False
E02006484,E02006485,Attleborough,62.6,61.604384612413,63.59561538758699,0.5079670344831604,False,False,False,False,False,Whitestone,71.85,70.70982457490085,72.99017542509914,0.5817221556628288,False,False,False,False,False,-9.249999999999993,9.249999999999993,0.7722895664908498,11.977372738609422,True,False,False,False,False,False
E02006484,E02006488,Attleborough,62.6,61.604384612413,63.59561538758699,0.5079670344831604,False,False,False,False,False,Bulkington,67.4,66.26284345844559,68.53715654155442,0.5801819089563358,False,False,False,False,False,-4.800000000000004,4.800000000000004,0.7711300510301969,6.224630973189812,True,False,False,False,False,False
E02006485,E02006488,Whitestone,71.85,70.70982457490085,72.99017542509914,0.5817221556628288,False,False,False,False,False,Bulkington,67.4,66.26284345844559,68.53715654155442,0.5801819089563358,False,False,False,False,False,4.449999999999989,4.449999999999989,0.8215909650606111,5.416320516221474,True,False,False,False,False,False
E02006485,E02007048,Whitestone,71.85,70.70982457490085,72.99017542509914,0.5817221556628288,False,False,False,False,False,Brinklow,69.5,68.52371879051167,70.47628120948833,0.4981026579022114,False,False,False,False,False,2.3499999999999943,2.3499999999999943,0.7658374006264358,3.068536477949175,True,False,False,False,False,False
E02006486,E02006487,Bedworth Woodlands,64.35,63.23504484395111,65.46495515604889,0.5688546714535151,False,False,False,False,False,Bedworth Town,58.65,57.589339828220176,59.71066017177982,0.5411531488672565,False,False,False,False,False,5.699999999999996,5.699999999999996,0.7851384385975722,7.2598661838305025,True,False,False,False,False,False
E02006486,E02006490,Bedworth Woodlands,64.35,63.23504484395111,65.46495515604889,0.5688546714535151,False,False,False,False,False,Bedworth Heath,62.1,61.07225976044527,63.12774023955472,0.5243572650789409,False,False,False,False,False,2.249999999999993,2.249999999999993,0.7736576624551412,2.908263058960466,True,False,False,False,False,False
E02006487,E02006488,Bedworth Town,58.65,57.589339828220176,59.71066017177982,0.5411531488672565,False,False,False,False,False,Bulkington,67.4,66.26284345844559,68.53715654155442,0.5801819089563358,False,False,False,False,False,-8.750000000000007,8.750000000000007,0.7933837520451027,11.028710857066534,True,False,False,False,False,False
E02006487,E02006489,Bedworth Town,58.65,57.589339828220176,59.71066017177982,0.5411531488672565,False,False,False,False,False,Bedworth Coalpit Field,61.25,60.28953136438507,62.21046863561493,0.49003501817088274,False,False,False,False,False,-2.6000000000000014,2.6000000000000014,0.7300555112884805,3.5613730186232577,True,False,False,False,False,False
E02006487,E02006806,Bedworth Town,58.65,57.589339828220176,59.71066017177982,0.5411531488672565,False,False,False,False,False,Ash Green,62.8,61.87804555427071,63.72195444572929,0.4703849212904529,False,False,False,False,False,-4.149999999999999,4.149999999999999,0.7170137409466939,5.787894656691843,True,False,False,False,False,False
E02006488,E02006489,Bulkington,67.4,66.26284345844559,68.53715654155442,0.5801819089563358,False,False,False,False,False,Bedworth Coalpit Field,61.25,60.28953136438507,62.21046863561493,0.49003501817088274,False,False,False,False,False,6.150000000000006,6.150000000000006,0.7594375329900118,8.09809857011754,True,False,False,False,False,False
E02006488,E02007048,Bulkington,67.4,66.26284345844559,68.53715654155442,0.5801819089563358,False,False,False,False,False,Brinklow,69.5,68.52371879051167,70.47628120948833,0.4981026579022114,False,False,False,False,False,-2.0999999999999943,2.0999999999999943,0.7646681013939743,2.7462895289756917,True,False,False,False,False,False
E02006489,E02006806,Bedworth Coalpit Field,61.25,60.28953136438507,62.21046863561493,0.49003501817088274,False,False,False,False,False,Ash Green,62.8,61.87804555427071,63.72195444572929,0.4703849212904529,False,False,False,False,False,-1.5499999999999972,1.5499999999999972,0.6792615793721613,2.2818896976812026,True,False,False,False,False,False
E02006490,E02006806,Bedworth Heath,62.1,61.07225976044527,63.12774023955472,0.5243572650789409,False,False,False,False,False,Ash Green,62.8,61.87804555427071,63.72195444572929,0.4703849212904529,False,False,False,False,False,-0.6999999999999957,0.6999999999999957,0.7044235342593915,0.9937203485626775,False,False,False,False,False,False
E02006494,E02006497,Rugby Town North,59.1,57.91440942986206,60.28559057013794,0.6048931480295612,False,False,False,False,False,New Bilton,63.7,62.54755694283839,64.85244305716161,0.5879811516130656,False,False,False,False,False,-4.600000000000001,4.600000000000001,0.8435742736625741,5.452987536032874,True,False,False,False,False,False
E02006494,E02007048,Rugby Town North,59.1,57.91440942986206,60.28559057013794,0.6048931480295612,False,False,False,False,False,Brinklow,69.5,68.52371879051167,70.47628120948833,0.4981026579022114,False,False,False,False,False,-10.399999999999999,10.399999999999999,0.7835827833371277,13.272369201003125,True,True,False,False,False,False
E02006495,E02006498,Wolston,69.15,68.03280485142479,70.26719514857523,0.5699975247832757,False,False,False,False,False,Cawston,67.9,67.08375861413428,68.71624138586573,0.41644968666618526,False,False,False,False,False,1.25,1.25,0.7059231684704964,1.7707309461287966,False,False,False,False,False,False
E02006495,E02006503,Wolston,69.15,68.03280485142479,70.26719514857523,0.5699975247832757,False,False,False,False,False,Dunchurch,72.35,71.45487431050158,73.24512568949841,0.4566967803563337,False,False,False,False,False,-3.1999999999999886,3.1999999999999886,0.7303897092969631,4.381222735298598,True,False,False,False,False,False
E02006495,E02006523,Wolston,69.15,68.03280485142479,70.26719514857523,0.5699975247832757,False,False,False,False,False,Cubbington,70.65,69.8496094703209,71.45039052967911,0.4083625151424011,False,False,False,False,False,-1.5,1.5,0.701182659534938,2.1392428629009173,True,False,False,False,False,False
E02006495,E02007048,Wolston,69.15,68.03280485142479,70.26719514857523,0.5699975247832757,False,False,False,False,False,Brinklow,69.5,68.52371879051167,70.47628120948833,0.4981026579022114,False,False,False,False,False,-0.3499999999999943,0.3499999999999943,0.7569699043345836,0.46236976925478,False,False,False,False,False,False
E02006497,E02006498,New Bilton,63.7,62.54755694283839,64.85244305716161,0.5879811516130656,False,False,False,False,False,Cawston,67.9,67.08375861413428,68.71624138586573,0.41644968666618526,False,False,False,False,False,-4.200000000000003,4.200000000000003,0.7205221552295188,5.829105974766471,True,False,False,False,False,False
E02006497,E02007048,New Bilton,63.7,62.54755694283839,64.85244305716161,0.5879811516130656,False,False,False,False,False,Brinklow,69.5,68.52371879051167,70.47628120948833,0.4981026579022114,False,False,False,False,False,-5.799999999999997,5.799999999999997,0.7706024217853681,7.526578993305372,True,False,False,False,False,False
E02006498,E02006503,Cawston,67.9,67.08375861413428,68.71624138586573,0.41644968666618526,False,False,False,False,False,Dunchurch,72.35,71.45487431050158,73.24512568949841,0.4566967803563337,False,False,False,False,False,-4.449999999999989,4.449999999999989,0.6180633387543749,7.199909331248115,True,False,False,False,False,False
E02006498,E02007048,Cawston,67.9,67.08375861413428,68.71624138586573,0.41644968666618526,False,False,False,False,False,Brinklow,69.5,68.52371879051167,70.47628120948833,0.4981026579022114,False,False,False,False,False,-1.5999999999999943,1.5999999999999943,0.6492584996236949,2.464349717296488,True,False,False,False,False,False
E02006503,E02006507,Dunchurch,72.35,71.45487431050158,73.24512568949841,0.4566967803563337,False,False,False,False,False,Southam,68.8,67.89826556015643,69.70173443984356,0.4600685917569211,False,False,False,False,False,3.549999999999997,3.549999999999997,0.6482553958965848,5.476236715453925,True,False,False,False,False,False
E02006503,E02006508,Dunchurch,72.35,71.45487431050158,73.24512568949841,0.4566967803563337,False,False,False,False,False,Harbury,71.6,70.69411645340033,72.50588354659966,0.4621854829590143,False,False,False,False,False,0.75,0.75,0.6497594707627574,1.1542732868819434,False,False,False,False,False,False
E02006503,E02006523,Dunchurch,72.35,71.45487431050158,73.24512568949841,0.4566967803563337,False,False,False,False,False,Cubbington,70.65,69.8496094703209,71.45039052967911,0.4083625151424011,False,False,False,False,False,1.6999999999999886,1.6999999999999886,0.6126433652307589,2.774860704415961,True,False,False,False,False,False
E02006504,E02006505,Earlswood,73.4,72.55073561242685,74.24926438757316,0.4332981569250803,False,False,False,False,False,Henley-in-Arden,70.65,69.60567007128974,71.69432992871027,0.5328213921991168,False,False,False,False,False,2.75,2.75,0.6867648278557054,4.004281944062803,True,False,False,False,False,False
E02006504,E02006506,Earlswood,73.4,72.55073561242685,74.24926438757316,0.4332981569250803,False,False,False,False,False,Studley,66.85,65.70081550654388,67.99918449345611,0.5863186191102646,False,False,False,False,False,6.550000000000011,6.550000000000011,0.7290519980838398,8.984270007098687,True,False,False,False,False,False
E02006504,E02006509,Earlswood,73.4,72.55073561242685,74.24926438757316,0.4332981569250803,False,False,False,False,False,Alcester,66.5,65.125,67.875,0.701530612244898,False,False,False,False,False,6.900000000000006,6.900000000000006,0.8245559366782662,8.368140587037358,True,False,False,False,False,False
E02006504,E02006510,Earlswood,73.4,72.55073561242685,74.24926438757316,0.4332981569250803,False,False,False,False,False,Wilmcote,71.6,70.5885035837928,72.61149641620719,0.5160696001057113,False,False,False,False,False,1.8000000000000114,1.8000000000000114,0.6738509664220571,2.6712137990355074,True,False,False,False,False,False
E02006504,E02006522,Earlswood,73.4,72.55073561242685,74.24926438757316,0.4332981569250803,False,False,False,False,False,Kingswood,75.69999999999999,74.58280485142477,76.81719514857521,0.5699975247832757,False,False,False,False,False,-2.299999999999983,2.299999999999983,0.7159919490146048,3.212326623456303,True,False,False,False,False,False
E02006504,E02006700,Earlswood,73.4,72.55073561242685,74.24926438757316,0.4332981569250803,False,False,False,False,False,Wythall,69.35,68.30567007128973,70.39432992871026,0.5328213921991168,False,False,False,False,False,4.050000000000011,4.050000000000011,0.6867648278557054,5.897215226710689,True,False,False,False,False,False
E02006504,E02006704,Earlswood,73.4,72.55073561242685,74.24926438757316,0.4332981569250803,False,False,False,False,False,Alvechurch,71.1,70.12371879051166,72.07628120948833,0.4981026579022114,False,False,False,False,False,2.3000000000000114,2.3000000000000114,0.6601920558473261,3.483834710867684,True,False,False,False,False,False
E02006504,E02006725,Earlswood,73.4,72.55073561242685,74.24926438757316,0.4332981569250803,False,False,False,False,False,Winyates Green,62.400000000000006,61.10940905008597,63.69059094991404,0.6584647703643028,False,False,False,False,False,11.0,11.0,0.78824053854492,13.955131031836844,True,True,False,False,False,False
E02006504,E02006729,Earlswood,73.4,72.55073561242685,74.24926438757316,0.4332981569250803,False,False,False,False,False,Matchborough,65.5,64.54475134127286,66.45524865872714,0.4873717646567057,False,False,False,False,False,7.900000000000006,7.900000000000006,0.6521338281206265,12.114077907546804,True,False,False,False,False,False
E02006504,E02006731,Earlswood,73.4,72.55073561242685,74.24926438757316,0.4332981569250803,False,False,False,False,False,Oakenshaw,64.9,63.77945325844926,66.02054674155076,0.5717075211993625,False,False,False,False,False,8.5,8.5,0.7173540148285162,11.849100756802663,True,False,False,False,False,False
E02006504,E02006733,Earlswood,73.4,72.55073561242685,74.24926438757316,0.4332981569250803,False,False,False,False,False,Hunt End,72.05,70.95398448916085,73.14601551083915,0.5591915871628326,False,False,False,False,False,1.3500000000000085,1.3500000000000085,0.7074196236664342,1.908344008048845,False,False,False,False,False,False
E02006504,E02006755,Earlswood,73.4,72.55073561242685,74.24926438757316,0.4332981569250803,False,False,False,False,False,Inkberrow,72.55,71.36440942986206,73.73559057013793,0.6048931480295575,False,False,False,False,False,0.8500000000000085,0.8500000000000085,0.7440719140834303,1.1423626989698483,False,False,False,False,False,False
E02006505,E02006510,Henley-in-Arden,70.65,69.60567007128974,71.69432992871027,0.5328213921991168,False,False,False,False,False,Wilmcote,71.6,70.5885035837928,72.61149641620719,0.5160696001057113,False,False,False,False,False,-0.9499999999999886,0.9499999999999886,0.7417725177830963,1.2807160918271991,False,False,False,False,False,False
E02006505,E02006511,Henley-in-Arden,70.65,69.60567007128974,71.69432992871027,0.5328213921991168,False,False,False,False,False,Wellesbourne,70.65,69.6647969752381,71.6352030247619,0.5026546044703578,False,False,False,False,False,0.0,0.0,0.7325027558857762,0.0,False,False,False,False,False,False
E02006505,E02006522,Henley-in-Arden,70.65,69.60567007128974,71.69432992871027,0.5328213921991168,False,False,False,False,False,Kingswood,75.69999999999999,74.58280485142477,76.81719514857521,0.5699975247832757,False,False,False,False,False,-5.049999999999983,5.049999999999983,0.7802536858253643,6.47225394989069,True,False,False,False,False,False
E02006505,E02006532,Henley-in-Arden,70.65,69.60567007128974,71.69432992871027,0.5328213921991168,False,False,False,False,False,Bishops Tachbrook,71.44999999999999,70.35341439002693,72.54658560997305,0.5594824540678885,False,False,False,False,False,-0.799999999999983,0.799999999999983,0.7726054959646819,1.0354572989428403,False,False,False,False,False,False
E02006506,E02006729,Studley,66.85,65.70081550654388,67.99918449345611,0.5863186191102646,False,False,False,False,False,Matchborough,65.5,64.54475134127286,66.45524865872714,0.4873717646567057,False,False,False,False,False,1.3499999999999943,1.3499999999999943,0.7624308231570645,1.7706524434701243,False,False,False,False,False,False
E02006507,E02006508,Southam,68.8,67.89826556015643,69.70173443984356,0.4600685917569211,False,False,False,False,False,Harbury,71.6,70.69411645340033,72.50588354659966,0.4621854829590143,False,False,False,False,False,-2.799999999999997,2.799999999999997,0.6521338281206196,4.2935972330546015,True,False,False,False,False,False
E02006508,E02006511,Harbury,71.6,70.69411645340033,72.50588354659966,0.4621854829590143,False,False,False,False,False,Wellesbourne,70.65,69.6647969752381,71.6352030247619,0.5026546044703578,False,False,False,False,False,0.9499999999999886,0.9499999999999886,0.6828448374655176,1.3912384598616254,False,False,False,False,False,False
E02006508,E02006516,Harbury,71.6,70.69411645340033,72.50588354659966,0.4621854829590143,False,False,False,False,False,Kineton,70.9,70.06745870973268,71.73254129026733,0.4247659644221068,False,False,False,False,False,0.6999999999999886,0.6999999999999886,0.6277272856818475,1.1151339378845662,False,False,False,False,False,False
E02006508,E02006523,Harbury,71.6,70.69411645340033,72.50588354659966,0.4621854829590143,False,False,False,False,False,Cubbington,70.65,69.8496094703209,71.45039052967911,0.4083625151424011,False,False,False,False,False,0.9499999999999886,0.9499999999999886,0.6167457859049261,1.5403429122845032,False,False,False,False,False,False
E02006508,E02006532,Harbury,71.6,70.69411645340033,72.50588354659966,0.4621854829590143,False,False,False,False,False,Bishops Tachbrook,71.44999999999999,70.35341439002693,72.54658560997305,0.5594824540678885,False,False,False,False,False,0.15000000000000568,0.15000000000000568,0.7256969319680802,0.20669785607775373,False,False,False,False,False,False
E02006508,E02006533,Harbury,71.6,70.69411645340033,72.50588354659966,0.4621854829590143,False,False,False,False,False,Whitnash,67.15,66.23076118445749,68.06923881554252,0.4689993956849559,False,False,False,False,False,4.449999999999989,4.449999999999989,0.6584647703643006,6.758144399339683,True,False,False,False,False,False
E02006509,E02006510,Alcester,66.5,65.125,67.875,0.701530612244898,False,False,False,False,False,Wilmcote,71.6,70.5885035837928,72.61149641620719,0.5160696001057113,False,False,False,False,False,-5.099999999999994,5.099999999999994,0.8709035721995692,5.855987003382413,True,False,False,False,False,False
E02006509,E02006755,Alcester,66.5,65.125,67.875,0.701530612244898,False,False,False,False,False,Inkberrow,72.55,71.36440942986206,73.73559057013793,0.6048931480295575,False,False,False,False,False,-6.049999999999997,6.049999999999997,0.9263049824165956,6.531326199084477,True,False,False,False,False,False
E02006510,E02006511,Wilmcote,71.6,70.5885035837928,72.61149641620719,0.5160696001057113,False,False,False,False,False,Wellesbourne,70.65,69.6647969752381,71.6352030247619,0.5026546044703578,False,False,False,False,False,0.9499999999999886,0.9499999999999886,0.7204092472674963,1.3186948996050887,False,False,False,False,False,False
E02006510,E02006512,Wilmcote,71.6,70.5885035837928,72.61149641620719,0.5160696001057113,False,False,False,False,False,Stratford North,67.7,66.86745870973267,68.53254129026733,0.4247659644221068,False,False,False,False,False,3.8999999999999915,3.8999999999999915,0.6683965564578496,5.834859504166122,True,False,False,False,False,False
E02006510,E02006514,Wilmcote,71.6,70.5885035837928,72.61149641620719,0.5160696001057113,False,False,False,False,False,Stratford South West,71.3,70.45147186257614,72.14852813742385,0.43292251909380375,False,False,False,False,False,0.29999999999999716,0.29999999999999716,0.6736094860464731,0.44536189916318936,False,False,False,False,False,False
E02006511,E02006512,Wellesbourne,70.65,69.6647969752381,71.6352030247619,0.5026546044703578,False,False,False,False,False,Stratford North,67.7,66.86745870973267,68.53254129026733,0.4247659644221068,False,False,False,False,False,2.950000000000003,2.950000000000003,0.6580940479344076,4.482641970793254,True,False,False,False,False,False
E02006511,E02006513,Wellesbourne,70.65,69.6647969752381,71.6352030247619,0.5026546044703578,False,False,False,False,False,Stratford South East,73.44999999999999,72.31366818226364,74.58633181773634,0.5797611314981368,False,False,False,False,False,-2.799999999999983,2.799999999999983,0.76732302258648,3.649049901515777,True,False,False,False,False,False
E02006511,E02006516,Wellesbourne,70.65,69.6647969752381,71.6352030247619,0.5026546044703578,False,False,False,False,False,Kineton,70.9,70.06745870973268,71.73254129026733,0.4247659644221068,False,False,False,False,False,-0.25,0.25,0.6580940479344076,0.3798849127790889,False,False,False,False,False,False
E02006511,E02006532,Wellesbourne,70.65,69.6647969752381,71.6352030247619,0.5026546044703578,False,False,False,False,False,Bishops Tachbrook,71.44999999999999,70.35341439002693,72.54658560997305,0.5594824540678885,False,False,False,False,False,-0.799999999999983,0.799999999999983,0.7521185197859969,1.063662147592922,False,False,False,False,False,False
E02006512,E02006513,Stratford North,67.7,66.86745870973267,68.53254129026733,0.4247659644221068,False,False,False,False,False,Stratford South East,73.44999999999999,72.31366818226364,74.58633181773634,0.5797611314981368,False,False,False,False,False,-5.749999999999986,5.749999999999986,0.7187134993357522,8.000406288895697,True,False,False,False,False,False
E02006512,E02006514,Stratford North,67.7,66.86745870973267,68.53254129026733,0.4247659644221068,False,False,False,False,False,Stratford South West,71.3,70.45147186257614,72.14852813742385,0.43292251909380375,False,False,False,False,False,-3.5999999999999943,3.5999999999999943,0.6065047667330962,5.935649969234689,True,False,False,False,False,False
E02006513,E02006514,Stratford South East,73.44999999999999,72.31366818226364,74.58633181773634,0.5797611314981368,False,False,False,False,False,Stratford South West,71.3,70.45147186257614,72.14852813742385,0.43292251909380375,False,False,False,False,False,2.1499999999999915,2.1499999999999915,0.7235640103919796,2.971402625229055,True,False,False,False,False,False
E02006519,E02006520,Kenilworth West,71.4,70.151751226718,72.648248773282,0.6368616190214288,False,False,False,False,False,Kenilworth East,71.69999999999999,70.57945325844923,72.82054674155074,0.5717075211993644,False,False,False,False,False,-0.29999999999998295,0.29999999999998295,0.8558283774089973,0.35053757028742927,False,False,False,False,False,False
E02006519,E02006521,Kenilworth West,71.4,70.151751226718,72.648248773282,0.6368616190214288,False,False,False,False,False,Kenilworth South,71.75,70.75752833793604,72.74247166206396,0.506363092889777,False,False,False,False,False,-0.3499999999999943,0.3499999999999943,0.8136315527457723,0.43017014128673486,False,False,False,False,False,False
E02006519,E02006522,Kenilworth West,71.4,70.151751226718,72.648248773282,0.6368616190214288,False,False,False,False,False,Kingswood,75.69999999999999,74.58280485142477,76.81719514857521,0.5699975247832757,False,False,False,False,False,-4.299999999999983,4.299999999999983,0.854687018762808,5.031081443385436,True,False,False,False,False,False
E02006519,E02006523,Kenilworth West,71.4,70.151751226718,72.648248773282,0.6368616190214288,False,False,False,False,False,Cubbington,70.65,69.8496094703209,71.45039052967911,0.4083625151424011,False,False,False,False,False,0.75,0.75,0.7565399299151521,0.9913554729148459,False,False,False,False,False,False
E02006520,E02006521,Kenilworth East,71.69999999999999,70.57945325844923,72.82054674155074,0.5717075211993644,False,False,False,False,False,Kenilworth South,71.75,70.75752833793604,72.74247166206396,0.506363092889777,False,False,False,False,False,-0.05000000000001137,0.05000000000001137,0.7637100704042226,0.06546987127398618,False,False,False,False,False,False
E02006520,E02006523,Kenilworth East,71.69999999999999,70.57945325844923,72.82054674155074,0.5717075211993644,False,False,False,False,False,Cubbington,70.65,69.8496094703209,71.45039052967911,0.4083625151424011,False,False,False,False,False,1.049999999999983,1.049999999999983,0.7025734364245132,1.4945056923067976,False,False,False,False,False,False
E02006521,E02006522,Kenilworth South,71.75,70.75752833793604,72.74247166206396,0.506363092889777,False,False,False,False,False,Kingswood,75.69999999999999,74.58280485142477,76.81719514857521,0.5699975247832757,False,False,False,False,False,-3.9499999999999886,3.9499999999999886,0.7624308231570665,5.18079789015332,True,False,False,False,False,False
E02006521,E02006523,Kenilworth South,71.75,70.75752833793604,72.74247166206396,0.506363092889777,False,False,False,False,False,Cubbington,70.65,69.8496094703209,71.45039052967911,0.4083625151424011,False,False,False,False,False,1.0999999999999943,1.0999999999999943,0.6505102040816336,1.6909803921568516,False,False,False,False,False,False
E02006522,E02006523,Kingswood,75.69999999999999,74.58280485142477,76.81719514857521,0.5699975247832757,False,False,False,False,False,Cubbington,70.65,69.8496094703209,71.45039052967911,0.4083625151424011,False,False,False,False,False,5.049999999999983,5.049999999999983,0.701182659534938,7.202117638433064,True,False,False,False,False,False
E02006522,E02006526,Kingswood,75.69999999999999,74.58280485142477,76.81719514857521,0.5699975247832757,False,False,False,False,False,Warwick North,65.7,64.62151726949385,66.77848273050616,0.5502462910745677,False,False,False,False,False,9.999999999999986,9.999999999999986,0.7922551098606931,12.622196910485494,True,True,False,False,False,False
E02006522,E02006532,Kingswood,75.69999999999999,74.58280485142477,76.81719514857521,0.5699975247832757,False,False,False,False,False,Bishops Tachbrook,71.44999999999999,70.35341439002693,72.54658560997305,0.5594824540678885,False,False,False,False,False,4.25,4.25,0.7986975614516975,5.321163109945248,True,False,False,False,False,False
E02006523,E02006524,Cubbington,70.65,69.8496094703209,71.45039052967911,0.4083625151424011,False,False,False,False,False,Lillington,63.5,62.209409050085966,64.79059094991403,0.6584647703643028,False,False,False,False,False,7.150000000000006,7.150000000000006,0.774813395330993,9.228028378298227,True,False,False,False,False,False
E02006523,E02006525,Cubbington,70.65,69.8496094703209,71.45039052967911,0.4083625151424011,False,False,False,False,False,Leamington Central,70.35,69.53375861413427,71.16624138586572,0.41644968666618526,False,False,False,False,False,0.30000000000001137,0.30000000000001137,0.5832583349578397,0.514351843804678,False,False,False,False,False,False
E02006523,E02006526,Cubbington,70.65,69.8496094703209,71.45039052967911,0.4083625151424011,False,False,False,False,False,Warwick North,65.7,64.62151726949385,66.77848273050616,0.5502462910745677,False,False,False,False,False,4.950000000000003,4.950000000000003,0.6852232662532305,7.223922834766508,True,False,False,False,False,False
E02006523,E02006527,Cubbington,70.65,69.8496094703209,71.45039052967911,0.4083625151424011,False,False,False,False,False,Leamington West,69.9,68.99411645340034,70.80588354659967,0.4621854829590143,False,False,False,False,False,0.75,0.75,0.6167457859049261,1.216060193908833,False,False,False,False,False,False
E02006523,E02006528,Cubbington,70.65,69.8496094703209,71.45039052967911,0.4083625151424011,False,False,False,False,False,Leamington East,64.75,63.79279051404617,65.70720948595383,0.48837218671113725,False,False,False,False,False,5.900000000000006,5.900000000000006,0.6366061078299875,9.267897256140785,True,False,False,False,False,False
E02006523,E02006533,Cubbington,70.65,69.8496094703209,71.45039052967911,0.4083625151424011,False,False,False,False,False,Whitnash,67.15,66.23076118445749,68.06923881554252,0.4689993956849559,False,False,False,False,False,3.5,3.5,0.6218684562882102,5.6281999265418525,True,False,False,False,False,False
E02006524,E02006525,Lillington,63.5,62.209409050085966,64.79059094991403,0.6584647703643028,False,False,False,False,False,Leamington Central,70.35,69.53375861413427,71.16624138586572,0.41644968666618526,False,False,False,False,False,-6.849999999999994,6.849999999999994,0.7791060231671155,8.792128152410257,True,False,False,False,False,False
E02006524,E02006528,Lillington,63.5,62.209409050085966,64.79059094991403,0.6584647703643028,False,False,False,False,False,Leamington East,64.75,63.79279051404617,65.70720948595383,0.48837218671113725,False,False,False,False,False,-1.25,1.25,0.8198068349092559,1.5247494248304994,False,False,False,False,False,False
E02006525,E02006527,Leamington Central,70.35,69.53375861413427,71.16624138586572,0.41644968666618526,False,False,False,False,False,Leamington West,69.9,68.99411645340034,70.80588354659967,0.4621854829590143,False,False,False,False,False,0.44999999999998863,0.44999999999998863,0.6221300203192426,0.7233214686683559,False,False,False,False,False,False
E02006525,E02006528,Leamington Central,70.35,69.53375861413427,71.16624138586572,0.41644968666618526,False,False,False,False,False,Leamington East,64.75,63.79279051404617,65.70720948595383,0.48837218671113725,False,False,False,False,False,5.599999999999994,5.599999999999994,0.6418237563984227,8.725136681484413,True,False,False,False,False,False
E02006526,E02006527,Warwick North,65.7,64.62151726949385,66.77848273050616,0.5502462910745677,False,False,False,False,False,Leamington West,69.9,68.99411645340034,70.80588354659967,0.4621854829590143,False,False,False,False,False,-4.200000000000003,4.200000000000003,0.7186003071940446,5.844695525388735,True,False,False,False,False,False
E02006526,E02006529,Warwick North,65.7,64.62151726949385,66.77848273050616,0.5502462910745677,False,False,False,False,False,Warwick South West,67.05000000000001,66.18217225211453,67.9178277478855,0.44276925912524756,False,False,False,False,False,-1.3500000000000085,1.3500000000000085,0.7062687857095473,1.9114535815762292,False,False,False,False,False,False
E02006526,E02006530,Warwick North,65.7,64.62151726949385,66.77848273050616,0.5502462910745677,False,False,False,False,False,Warwick South East,71.1,70.28682720163546,71.91317279836453,0.4148840807982313,False,False,False,False,False,-5.3999999999999915,5.3999999999999915,0.6891297275122524,7.835970187346158,True,False,False,False,False,False
E02006526,E02006532,Warwick North,65.7,64.62151726949385,66.77848273050616,0.5502462910745677,False,False,False,False,False,Bishops Tachbrook,71.44999999999999,70.35341439002693,72.54658560997305,0.5594824540678885,False,False,False,False,False,-5.749999999999986,5.749999999999986,0.7847238987383683,7.327417973690476,True,False,False,False,False,False
E02006527,E02006528,Leamington West,69.9,68.99411645340034,70.80588354659967,0.4621854829590143,False,False,False,False,False,Leamington East,64.75,63.79279051404617,65.70720948595383,0.48837218671113725,False,False,False,False,False,5.150000000000006,5.150000000000006,0.6724007833212832,7.659122546767258,True,False,False,False,False,False
E02006527,E02006530,Leamington West,69.9,68.99411645340034,70.80588354659967,0.4621854829590143,False,False,False,False,False,Warwick South East,71.1,70.28682720163546,71.91317279836453,0.4148840807982313,False,False,False,False,False,-1.1999999999999886,1.1999999999999886,0.621083103262237,1.932108591743991,False,False,False,False,False,False
E02006527,E02006531,Leamington West,69.9,68.99411645340034,70.80588354659967,0.4621854829590143,False,False,False,False,False,Leamington Brunswick,61.2,60.26158378104383,62.13841621895617,0.4787837851817197,False,False,False,False,False,8.700000000000003,8.700000000000003,0.665469258201303,13.073481446032886,True,False,False,False,False,False
E02006528,E02006531,Leamington East,64.75,63.79279051404617,65.70720948595383,0.48837218671113725,False,False,False,False,False,Leamington Brunswick,61.2,60.26158378104383,62.13841621895617,0.4787837851817197,False,False,False,False,False,3.549999999999997,3.549999999999997,0.683916154002779,5.190694764588894,True,False,False,False,False,False
E02006528,E02006533,Leamington East,64.75,63.79279051404617,65.70720948595383,0.48837218671113725,False,False,False,False,False,Whitnash,67.15,66.23076118445749,68.06923881554252,0.4689993956849559,False,False,False,False,False,-2.4000000000000057,2.4000000000000057,0.6771025224483156,3.544514930060982,True,False,False,False,False,False
E02006529,E02006530,Warwick South West,67.05000000000001,66.18217225211453,67.9178277478855,0.44276925912524756,False,False,False,False,False,Warwick South East,71.1,70.28682720163546,71.91317279836453,0.4148840807982313,False,False,False,False,False,-4.049999999999983,4.049999999999983,0.6067729536870559,6.674654787083304,True,False,False,False,False,False
E02006529,E02006532,Warwick South West,67.05000000000001,66.18217225211453,67.9178277478855,0.44276925912524756,False,False,False,False,False,Bishops Tachbrook,71.44999999999999,70.35341439002693,72.54658560997305,0.5594824540678885,False,False,False,False,False,-4.399999999999977,4.399999999999977,0.7134880750483134,6.166886530937513,True,False,False,False,False,False
E02006530,E02006531,Warwick South East,71.1,70.28682720163546,71.91317279836453,0.4148840807982313,False,False,False,False,False,Leamington Brunswick,61.2,60.26158378104383,62.13841621895617,0.4787837851817197,False,False,False,False,False,9.899999999999991,9.899999999999991,0.6335319356218189,15.626678693447438,True,True,False,False,False,False
E02006530,E02006532,Warwick South East,71.1,70.28682720163546,71.91317279836453,0.4148840807982313,False,False,False,False,False,Bishops Tachbrook,71.44999999999999,70.35341439002693,72.54658560997305,0.5594824540678885,False,False,False,False,False,-0.3499999999999943,0.3499999999999943,0.696526680687553,0.5024933139022091,False,False,False,False,False,False
E02006530,E02006533,Warwick South East,71.1,70.28682720163546,71.91317279836453,0.4148840807982313,False,False,False,False,False,Whitnash,67.15,66.23076118445749,68.06923881554252,0.4689993956849559,False,False,False,False,False,3.9499999999999886,3.9499999999999886,0.6261702912568171,6.308188132132155,True,False,False,False,False,False
E02006531,E02006533,Leamington Brunswick,61.2,60.26158378104383,62.13841621895617,0.4787837851817197,False,False,False,False,False,Whitnash,67.15,66.23076118445749,68.06923881554252,0.4689993956849559,False,False,False,False,False,-5.950000000000003,5.950000000000003,0.6702196252765127,8.877686918739823,True,False,False,False,False,False
E02006532,E02006533,Bishops Tachbrook,71.44999999999999,70.35341439002693,72.54658560997305,0.5594824540678885,False,False,False,False,False,Whitnash,67.15,66.23076118445749,68.06923881554252,0.4689993956849559,False,False,False,False,False,4.299999999999983,4.299999999999983,0.7300555112884779,5.889963069261536,True,False,False,False,False,False
E02006696,E02006697,Hagley,73.25,72.17151726949385,74.32848273050615,0.5502462910745677,False,False,False,False,False,Dodford,70.95,69.98953136438507,71.91046863561493,0.49003501817088274,False,False,False,False,False,2.299999999999997,2.299999999999997,0.736821077246746,3.121517653368886,True,False,False,False,False,False
E02006696,E02006767,Hagley,73.25,72.17151726949385,74.32848273050615,0.5502462910745677,False,False,False,False,False,Wolverley,68.6,67.60941936219204,69.59058063780795,0.5053982845958938,False,False,False,False,False,4.650000000000006,4.650000000000006,0.747126767633037,6.223843397729696,True,False,False,False,False,False
E02006697,E02006698,Dodford,70.95,69.98953136438507,71.91046863561493,0.49003501817088274,False,False,False,False,False,Rubery West,67.6,66.48616652950273,68.71383347049726,0.56828238290677,False,False,False,False,False,3.3500000000000085,3.3500000000000085,0.7503860244940161,4.464368859026802,True,False,False,False,False,False
E02006697,E02006702,Dodford,70.95,69.98953136438507,71.91046863561493,0.49003501817088274,False,False,False,False,False,Catshill,65.35,64.18461379791933,66.51538620208066,0.5945847969799329,False,False,False,False,False,5.6000000000000085,5.6000000000000085,0.7704968525785199,7.2680374764143805,True,False,False,False,False,False
E02006697,E02006705,Dodford,70.95,69.98953136438507,71.91046863561493,0.49003501817088274,False,False,False,False,False,Bromsgrove Sidemoor,65.1,63.963668182263646,66.23633181773634,0.5797611314981368,False,False,False,False,False,5.8500000000000085,5.8500000000000085,0.7591161232840054,7.7063308505322965,True,False,False,False,False,False
E02006697,E02006706,Dodford,70.95,69.98953136438507,71.91046863561493,0.49003501817088274,False,False,False,False,False,Bromsgrove Central,66.35,65.31498792277577,67.38501207722422,0.5280673863388895,False,False,False,False,False,4.6000000000000085,4.6000000000000085,0.7204092472674982,6.385259513877343,True,False,False,False,False,False
E02006697,E02006708,Dodford,70.95,69.98953136438507,71.91046863561493,0.49003501817088274,False,False,False,False,False,Bromsgrove Charford,64.05000000000001,63.02408577356585,65.07591422643416,0.5234256257317127,False,False,False,False,False,6.8999999999999915,6.8999999999999915,0.7170137409466937,9.623246537632214,True,False,False,False,False,False
E02006697,E02006709,Dodford,70.95,69.98953136438507,71.91046863561493,0.49003501817088274,False,False,False,False,False,Stoke Heath (B60),68.5,67.5800815253513,69.4199184746487,0.4693461605350492,False,False,False,False,False,2.450000000000003,2.450000000000003,0.6785426570546096,3.6106794090659875,True,False,False,False,False,False
E02006697,E02006748,Dodford,70.95,69.98953136438507,71.91046863561493,0.49003501817088274,False,False,False,False,False,Hartlebury,69.6,68.61988521080436,70.58011478919563,0.5000585659161424,False,False,False,False,False,1.3500000000000085,1.3500000000000085,0.7001377638578327,1.928191949769095,False,False,False,False,False,False
E02006697,E02006767,Dodford,70.95,69.98953136438507,71.91046863561493,0.49003501817088274,False,False,False,False,False,Wolverley,68.6,67.60941936219204,69.59058063780795,0.5053982845958938,False,False,False,False,False,2.3500000000000085,2.3500000000000085,0.7039614656401367,3.3382509053433367,True,False,False,False,False,False
E02006698,E02006701,Rubery West,67.6,66.48616652950273,68.71383347049726,0.56828238290677,False,False,False,False,False,Barnt Green,73.6,72.428462548614,74.771537451386,0.5977231894826537,False,False,False,False,False,-6.0,6.0,0.8247532224656737,7.274903372990119,True,False,False,False,False,False
E02006698,E02006702,Rubery West,67.6,66.48616652950273,68.71383347049726,0.56828238290677,False,False,False,False,False,Catshill,65.35,64.18461379791933,66.51538620208066,0.5945847969799329,False,False,False,False,False,2.25,2.25,0.822481578834362,2.7356235785715066,True,False,False,False,False,False
E02006698,E02006703,Rubery West,67.6,66.48616652950273,68.71383347049726,0.56828238290677,False,False,False,False,False,Marlbrook,70.19999999999999,68.88922732710816,71.51077267289182,0.6687615678019538,False,False,False,False,False,-2.5999999999999943,2.5999999999999943,0.8776029291719143,2.962615453498194,True,False,False,False,False,False
E02006699,E02006700,Hollywood,69.75,68.24916689801964,71.25083310198036,0.7657311744797766,False,False,False,False,False,Wythall,69.35,68.30567007128973,70.39432992871026,0.5328213921991168,False,False,False,False,False,0.4000000000000057,0.4000000000000057,0.9328680868993124,0.4287851686828891,False,False,False,False,False,False
E02006700,E02006704,Wythall,69.35,68.30567007128973,70.39432992871026,0.5328213921991168,False,False,False,False,False,Alvechurch,71.1,70.12371879051166,72.07628120948833,0.4981026579022114,False,False,False,False,False,-1.75,1.75,0.7293866558926428,2.399276139564554,True,False,False,False,False,False
E02006701,E02006703,Barnt Green,73.6,72.428462548614,74.771537451386,0.5977231894826537,False,False,False,False,False,Marlbrook,70.19999999999999,68.88922732710816,71.51077267289182,0.6687615678019538,False,False,False,False,False,3.4000000000000057,3.4000000000000057,0.8969476271300592,3.790633808663835,True,False,False,False,False,False
E02006701,E02006704,Barnt Green,73.6,72.428462548614,74.771537451386,0.5977231894826537,False,False,False,False,False,Alvechurch,71.1,70.12371879051166,72.07628120948833,0.4981026579022114,False,False,False,False,False,2.5,2.5,0.778061224489798,3.2131147540983522,True,False,False,False,False,False
E02006701,E02006709,Barnt Green,73.6,72.428462548614,74.771537451386,0.5977231894826537,False,False,False,False,False,Stoke Heath (B60),68.5,67.5800815253513,69.4199184746487,0.4693461605350492,False,False,False,False,False,5.099999999999994,5.099999999999994,0.7599729137635818,6.710765486026968,True,False,False,False,False,False
E02006702,E02006703,Catshill,65.35,64.18461379791933,66.51538620208066,0.5945847969799329,False,False,False,False,False,Marlbrook,70.19999999999999,68.88922732710816,71.51077267289182,0.6687615678019538,False,False,False,False,False,-4.849999999999994,4.849999999999994,0.8948592712648148,5.419846623642723,True,False,False,False,False,False
E02006702,E02006705,Catshill,65.35,64.18461379791933,66.51538620208066,0.5945847969799329,False,False,False,False,False,Bromsgrove Sidemoor,65.1,63.963668182263646,66.23633181773634,0.5797611314981368,False,False,False,False,False,0.25,0.25,0.8304541229927562,0.30104010935493986,False,False,False,False,False,False
E02006703,E02006705,Marlbrook,70.19999999999999,68.88922732710816,71.51077267289182,0.6687615678019538,False,False,False,False,False,Bromsgrove Sidemoor,65.1,63.963668182263646,66.23633181773634,0.5797611314981368,False,False,False,False,False,5.099999999999994,5.099999999999994,0.8850790948638021,5.762196881155343,True,False,False,False,False,False
E02006703,E02006706,Marlbrook,70.19999999999999,68.88922732710816,71.51077267289182,0.6687615678019538,False,False,False,False,False,Bromsgrove Central,66.35,65.31498792277577,67.38501207722422,0.5280673863388895,False,False,False,False,False,3.8499999999999943,3.8499999999999943,0.8521133722009726,4.51817812699689,True,False,False,False,False,False
E02006703,E02006707,Marlbrook,70.19999999999999,68.88922732710816,71.51077267289182,0.6687615678019538,False,False,False,False,False,Bromsgrove Stoney Hill,73.1,71.87398001647607,74.32601998352392,0.6255203997571053,False,False,False,False,False,-2.9000000000000057,2.9000000000000057,0.9157061783570186,3.166954715980243,True,False,False,False,False,False
E02006703,E02006709,Marlbrook,70.19999999999999,68.88922732710816,71.51077267289182,0.6687615678019538,False,False,False,False,False,Stoke Heath (B60),68.5,67.5800815253513,69.4199184746487,0.4693461605350492,False,False,False,False,False,1.6999999999999886,1.6999999999999886,0.8170237774862611,2.0807227976037397,True,False,False,False,False,False
E02006704,E02006709,Alvechurch,71.1,70.12371879051166,72.07628120948833,0.4981026579022114,False,False,False,False,False,Stoke Heath (B60),68.5,67.5800815253513,69.4199184746487,0.4693461605350492,False,False,False,False,False,2.5999999999999943,2.5999999999999943,0.684391756392667,3.7989937425667275,True,False,False,False,False,False
E02006704,E02006721,Alvechurch,71.1,70.12371879051166,72.07628120948833,0.4981026579022114,False,False,False,False,False,Riverside,68.15,66.85940905008597,69.44059094991404,0.6584647703643028,False,False,False,False,False,2.9499999999999886,2.9499999999999886,0.8256404251368519,3.572983965157737,True,False,False,False,False,False
E02006704,E02006722,Alvechurch,71.1,70.12371879051166,72.07628120948833,0.4981026579022114,False,False,False,False,False,Church Hill South,59.65,58.33994274934261,60.960057250657385,0.6683965564578505,False,False,False,False,False,11.449999999999996,11.449999999999996,0.8335827580354335,13.735888716058694,True,True,False,False,False,False
E02006705,E02006706,Bromsgrove Sidemoor,65.1,63.963668182263646,66.23633181773634,0.5797611314981368,False,False,False,False,False,Bromsgrove Central,66.35,65.31498792277577,67.38501207722422,0.5280673863388895,False,False,False,False,False,-1.25,1.25,0.7842054157622133,1.5939701191492728,False,False,False,False,False,False
E02006706,E02006707,Bromsgrove Central,66.35,65.31498792277577,67.38501207722422,0.5280673863388895,False,False,False,False,False,Bromsgrove Stoney Hill,73.1,71.87398001647607,74.32601998352392,0.6255203997571053,False,False,False,False,False,-6.75,6.75,0.8186152545775548,8.245631830405271,True,False,False,False,False,False
E02006706,E02006708,Bromsgrove Central,66.35,65.31498792277577,67.38501207722422,0.5280673863388895,False,False,False,False,False,Bromsgrove Charford,64.05000000000001,63.02408577356585,65.07591422643416,0.5234256257317127,False,False,False,False,False,2.299999999999983,2.299999999999983,0.7435250837647785,3.0933724365479653,True,False,False,False,False,False
E02006707,E02006708,Bromsgrove Stoney Hill,73.1,71.87398001647607,74.32601998352392,0.6255203997571053,False,False,False,False,False,Bromsgrove Charford,64.05000000000001,63.02408577356585,65.07591422643416,0.5234256257317127,False,False,False,False,False,9.049999999999983,9.049999999999983,0.8156286876912335,11.095735273384564,True,False,False,False,False,False
E02006707,E02006709,Bromsgrove Stoney Hill,73.1,71.87398001647607,74.32601998352392,0.6255203997571053,False,False,False,False,False,Stoke Heath (B60),68.5,67.5800815253513,69.4199184746487,0.4693461605350492,False,False,False,False,False,4.599999999999994,4.599999999999994,0.7820240334678219,5.882172162409982,True,False,False,False,False,False
E02006708,E02006709,Bromsgrove Charford,64.05000000000001,63.02408577356585,65.07591422643416,0.5234256257317127,False,False,False,False,False,Stoke Heath (B60),68.5,67.5800815253513,69.4199184746487,0.4693461605350492,False,False,False,False,False,-4.449999999999989,4.449999999999989,0.7030364173224792,6.329686329689514,True,False,False,False,False,False
E02006709,E02006721,Stoke Heath (B60),68.5,67.5800815253513,69.4199184746487,0.4693461605350492,False,False,False,False,False,Riverside,68.15,66.85940905008597,69.44059094991404,0.6584647703643028,False,False,False,False,False,0.3499999999999943,0.3499999999999943,0.8086171357446651,0.43283772322939357,False,False,False,False,False,False
E02006709,E02006723,Stoke Heath (B60),68.5,67.5800815253513,69.4199184746487,0.4693461605350492,False,False,False,False,False,Batchley,61.85,61.00147186257615,62.69852813742386,0.43292251909380197,False,False,False,False,False,6.649999999999999,6.649999999999999,0.6385199495297821,10.414709837800967,True,False,False,False,False,False
E02006709,E02006728,Stoke Heath (B60),68.5,67.5800815253513,69.4199184746487,0.4693461605350492,False,False,False,False,False,Webheath,68.5,67.39886422272274,69.60113577727726,0.5618039679986041,False,False,False,False,False,0.0,0.0,0.7320584108306992,0.0,False,False,False,False,False,False
E02006709,E02006733,Stoke Heath (B60),68.5,67.5800815253513,69.4199184746487,0.4693461605350492,False,False,False,False,False,Hunt End,72.05,70.95398448916085,73.14601551083915,0.5591915871628326,False,False,False,False,False,-3.549999999999997,3.549999999999997,0.7300555112884773,4.8626439292740775,True,False,False,False,False,False
E02006709,E02006748,Stoke Heath (B60),68.5,67.5800815253513,69.4199184746487,0.4693461605350492,False,False,False,False,False,Hartlebury,69.6,68.61988521080436,70.58011478919563,0.5000585659161424,False,False,False,False,False,-1.0999999999999943,1.0999999999999943,0.685816584631125,1.6039273832837433,False,False,False,False,False,False
E02006709,E02006754,Stoke Heath (B60),68.5,67.5800815253513,69.4199184746487,0.4693461605350492,False,False,False,False,False,Crowle,72.6,71.01471611375122,74.18528388624877,0.8088183093105992,False,False,False,False,False,-4.099999999999994,4.099999999999994,0.9351325445545398,4.384405209587773,True,False,False,False,False,False
E02006710,E02006711,Tenbury Wells,69.35,68.23616652950273,70.46383347049726,0.56828238290677,False,False,False,False,False,Abberley,71.35,70.3385035837928,72.36149641620719,0.5160696001057113,False,False,False,False,False,-2.0,2.0,0.7676409960883184,2.6053845615221634,True,False,False,False,False,False
E02006710,E02006777,Tenbury Wells,69.35,68.23616652950273,70.46383347049726,0.56828238290677,False,False,False,False,False,Bewdley West,69.15,67.75133992693007,70.54866007306994,0.7136020780969049,False,False,False,False,False,0.19999999999998863,0.19999999999998863,0.9122350533642182,0.21924173957404025,False,False,False,False,False,False
E02006711,E02006712,Abberley,71.35,70.3385035837928,72.36149641620719,0.5160696001057113,False,False,False,False,False,Broadheath,70.8,69.64755694283839,71.9524430571616,0.5879811516130639,False,False,False,False,False,0.5499999999999972,0.5499999999999972,0.7823360318977348,0.7030227134826533,False,False,False,False,False,False
E02006711,E02006734,Abberley,71.35,70.3385035837928,72.36149641620719,0.5160696001057113,False,False,False,False,False,Northwick,70.69999999999999,69.6737812124113,71.72621878758868,0.523581014075862,False,False,False,False,False,0.6500000000000057,0.6500000000000057,0.7351631862749772,0.8841574389674112,False,False,False,False,False,False
E02006711,E02006739,Abberley,71.35,70.3385035837928,72.36149641620719,0.5160696001057113,False,False,False,False,False,Henwick,68.5,67.43875073616044,69.56124926383956,0.5414537060405901,False,False,False,False,False,2.8499999999999943,2.8499999999999943,0.747997291397742,3.8101742249284807,True,False,False,False,False,False
E02006711,E02006748,Abberley,71.35,70.3385035837928,72.36149641620719,0.5160696001057113,False,False,False,False,False,Hartlebury,69.6,68.61988521080436,70.58011478919563,0.5000585659161424,False,False,False,False,False,1.75,1.75,0.7186003071940463,2.4352898022452987,True,False,False,False,False,False
E02006711,E02006753,Abberley,71.35,70.3385035837928,72.36149641620719,0.5160696001057113,False,False,False,False,False,Fernhill Heath,70.75,69.80892348876407,71.69107651123593,0.480141077161191,False,False,False,False,False,0.5999999999999943,0.5999999999999943,0.704885299982045,0.8512023161999231,False,False,False,False,False,False
E02006711,E02006777,Abberley,71.35,70.3385035837928,72.36149641620719,0.5160696001057113,False,False,False,False,False,Bewdley West,69.15,67.75133992693007,70.54866007306994,0.7136020780969049,False,False,False,False,False,2.1999999999999886,2.1999999999999886,0.8806564358576447,2.4981365154703887,True,False,False,False,False,False
E02006711,E02006779,Abberley,71.35,70.3385035837928,72.36149641620719,0.5160696001057113,False,False,False,False,False,Stourport Mitton,65.55,64.38998922418799,66.71001077581201,0.5918422325571489,False,False,False,False,False,5.799999999999997,5.799999999999997,0.7852420393684352,7.386257624037676,True,False,False,False,False,False
E02006711,E02006780,Abberley,71.35,70.3385035837928,72.36149641620719,0.5160696001057113,False,False,False,False,False,Stourport Areley Kings,64.0,62.74476097893668,65.25523902106332,0.6404280719710805,False,False,False,False,False,7.349999999999994,7.349999999999994,0.8224815788343617,8.936370356666918,True,False,False,False,False,False
E02006712,E02006739,Broadheath,70.8,69.64755694283839,71.9524430571616,0.5879811516130639,False,False,False,False,False,Henwick,68.5,67.43875073616044,69.56124926383956,0.5414537060405901,False,False,False,False,False,2.299999999999997,2.299999999999997,0.7993084200965949,2.8774875156726694,True,False,False,False,False,False
E02006721,E02006722,Riverside,68.15,66.85940905008597,69.44059094991404,0.6584647703643028,False,False,False,False,False,Church Hill South,59.65,58.33994274934261,60.960057250657385,0.6683965564578505,False,False,False,False,False,8.500000000000007,8.500000000000007,0.938258925081785,9.059332954662903,True,False,False,False,False,False
E02006721,E02006723,Riverside,68.15,66.85940905008597,69.44059094991404,0.6584647703643028,False,False,False,False,False,Batchley,61.85,61.00147186257615,62.69852813742386,0.43292251909380197,False,False,False,False,False,6.300000000000004,6.300000000000004,0.7880341117930348,7.994577779971285,True,False,False,False,False,False
E02006721,E02006724,Riverside,68.15,66.85940905008597,69.44059094991404,0.6584647703643028,False,False,False,False,False,Redditch Town,58.95,57.90686769774875,59.99313230225125,0.532210358291453,False,False,False,False,False,9.200000000000003,9.200000000000003,0.8466544273100041,10.86629881477181,True,False,False,False,False,False
E02006721,E02006727,Riverside,68.15,66.85940905008597,69.44059094991404,0.6584647703643028,False,False,False,False,False,Arrow Valley,66.75,65.68698541872654,67.81301458127346,0.542354378200747,False,False,False,False,False,1.4000000000000057,1.4000000000000057,0.8530674799594888,1.641136290960816,False,False,False,False,False,False
E02006722,E02006725,Church Hill South,59.65,58.33994274934261,60.960057250657385,0.6683965564578505,False,False,False,False,False,Winyates Green,62.400000000000006,61.10940905008597,63.69059094991404,0.6584647703643028,False,False,False,False,False,-2.750000000000007,2.750000000000007,0.938258925081785,2.9309606618027093,True,False,False,False,False,False
E02006722,E02006727,Church Hill South,59.65,58.33994274934261,60.960057250657385,0.6683965564578505,False,False,False,False,False,Arrow Valley,66.75,65.68698541872654,67.81301458127346,0.542354378200747,False,False,False,False,False,-7.100000000000001,7.100000000000001,0.8607567764695386,8.248555450380778,True,False,False,False,False,False
E02006723,E02006724,Batchley,61.85,61.00147186257615,62.69852813742386,0.43292251909380197,False,False,False,False,False,Redditch Town,58.95,57.90686769774875,59.99313230225125,0.532210358291453,False,False,False,False,False,2.8999999999999986,2.8999999999999986,0.6860537683091903,4.227073932043513,True,False,False,False,False,False
E02006723,E02006726,Batchley,61.85,61.00147186257615,62.69852813742386,0.43292251909380197,False,False,False,False,False,Southcrest,63.95,62.81862915010152,65.08137084989848,0.5772300254584068,False,False,False,False,False,-2.1000000000000014,2.1000000000000014,0.7215375318230066,2.910451511363836,True,False,False,False,False,False
E02006723,E02006728,Batchley,61.85,61.00147186257615,62.69852813742386,0.43292251909380197,False,False,False,False,False,Webheath,68.5,67.39886422272274,69.60113577727726,0.5618039679986041,False,False,False,False,False,-6.649999999999999,6.649999999999999,0.7092570803294811,9.376007916495922,True,False,False,False,False,False
E02006724,E02006726,Redditch Town,58.95,57.90686769774875,59.99313230225125,0.532210358291453,False,False,False,False,False,Southcrest,63.95,62.81862915010152,65.08137084989848,0.5772300254584068,False,False,False,False,False,-5.0,5.0,0.7851384385975698,6.368303670026781,True,False,False,False,False,False
E02006724,E02006727,Redditch Town,58.95,57.90686769774875,59.99313230225125,0.532210358291453,False,False,False,False,False,Arrow Valley,66.75,65.68698541872654,67.81301458127346,0.542354378200747,False,False,False,False,False,-7.799999999999997,7.799999999999997,0.7598658677860427,10.264969556701107,True,False,False,False,False,False
E02006725,E02006727,Winyates Green,62.400000000000006,61.10940905008597,63.69059094991404,0.6584647703643028,False,False,False,False,False,Arrow Valley,66.75,65.68698541872654,67.81301458127346,0.542354378200747,False,False,False,False,False,-4.349999999999994,4.349999999999994,0.8530674799594888,5.0992449040567935,True,False,False,False,False,False
E02006725,E02006729,Winyates Green,62.400000000000006,61.10940905008597,63.69059094991404,0.6584647703643028,False,False,False,False,False,Matchborough,65.5,64.54475134127286,66.45524865872714,0.4873717646567057,False,False,False,False,False,-3.0999999999999943,3.0999999999999943,0.8192112613944619,3.784127667780314,True,False,False,False,False,False
E02006726,E02006727,Southcrest,63.95,62.81862915010152,65.08137084989848,0.5772300254584068,False,False,False,False,False,Arrow Valley,66.75,65.68698541872654,67.81301458127346,0.542354378200747,False,False,False,False,False,-2.799999999999997,2.799999999999997,0.7920497294010218,3.5351315656877556,True,False,False,False,False,False
E02006726,E02006728,Southcrest,63.95,62.81862915010152,65.08137084989848,0.5772300254584068,False,False,False,False,False,Webheath,68.5,67.39886422272274,69.60113577727726,0.5618039679986041,False,False,False,False,False,-4.549999999999997,4.549999999999997,0.8054925206044372,5.6487178758478125,True,False,False,False,False,False
E02006726,E02006730,Southcrest,63.95,62.81862915010152,65.08137084989848,0.5772300254584068,False,False,False,False,False,Greenlands,58.95,57.7270425191365,60.1729574808635,0.6239578983997446,False,False,False,False,False,5.0,5.0,0.8500105653850069,5.882279825234034,True,False,False,False,False,False
E02006726,E02006731,Southcrest,63.95,62.81862915010152,65.08137084989848,0.5772300254584068,False,False,False,False,False,Oakenshaw,64.9,63.77945325844926,66.02054674155076,0.5717075211993625,False,False,False,False,False,-0.9500000000000028,0.9500000000000028,0.8124309152701124,1.1693301942899998,False,False,False,False,False,False
E02006727,E02006729,Arrow Valley,66.75,65.68698541872654,67.81301458127346,0.542354378200747,False,False,False,False,False,Matchborough,65.5,64.54475134127286,66.45524865872714,0.4873717646567057,False,False,False,False,False,1.25,1.25,0.7291635677528809,1.7142929999262313,False,False,False,False,False,False
E02006727,E02006730,Arrow Valley,66.75,65.68698541872654,67.81301458127346,0.542354378200747,False,False,False,False,False,Greenlands,58.95,57.7270425191365,60.1729574808635,0.6239578983997446,False,False,False,False,False,7.799999999999997,7.799999999999997,0.8267234909744278,9.43483532904869,True,False,False,False,False,False
E02006728,E02006731,Webheath,68.5,67.39886422272274,69.60113577727726,0.5618039679986041,False,False,False,False,False,Oakenshaw,64.9,63.77945325844926,66.02054674155076,0.5717075211993625,False,False,False,False,False,3.5999999999999943,3.5999999999999943,0.8015442522125003,4.491330316527035,True,False,False,False,False,False
E02006728,E02006732,Webheath,68.5,67.39886422272274,69.60113577727726,0.5618039679986041,False,False,False,False,False,Crabbs Cross,69.44999999999999,68.39970242311999,70.50029757687999,0.5358661106530604,False,False,False,False,False,-0.9499999999999886,0.9499999999999886,0.7763866221190411,1.2236171682184498,False,False,False,False,False,False
E02006728,E02006733,Webheath,68.5,67.39886422272274,69.60113577727726,0.5618039679986041,False,False,False,False,False,Hunt End,72.05,70.95398448916085,73.14601551083915,0.5591915871628326,False,False,False,False,False,-3.549999999999997,3.549999999999997,0.7926657111372135,4.4785588049556475,True,False,False,False,False,False
E02006729,E02006730,Matchborough,65.5,64.54475134127286,66.45524865872714,0.4873717646567057,False,False,False,False,False,Greenlands,58.95,57.7270425191365,60.1729574808635,0.6239578983997446,False,False,False,False,False,6.549999999999997,6.549999999999997,0.791741558818291,8.272901588968198,True,False,False,False,False,False
E02006729,E02006731,Matchborough,65.5,64.54475134127286,66.45524865872714,0.4873717646567057,False,False,False,False,False,Oakenshaw,64.9,63.77945325844926,66.02054674155076,0.5717075211993625,False,False,False,False,False,0.5999999999999943,0.5999999999999943,0.7512527715626152,0.7986659386986178,False,False,False,False,False,False
E02006730,E02006731,Greenlands,58.95,57.7270425191365,60.1729574808635,0.6239578983997446,False,False,False,False,False,Oakenshaw,64.9,63.77945325844926,66.02054674155076,0.5717075211993625,False,False,False,False,False,-5.950000000000003,5.950000000000003,0.8462700211937946,7.030852861367592,True,False,False,False,False,False
E02006731,E02006732,Oakenshaw,64.9,63.77945325844926,66.02054674155076,0.5717075211993625,False,False,False,False,False,Crabbs Cross,69.44999999999999,68.39970242311999,70.50029757687999,0.5358661106530604,False,False,False,False,False,-4.549999999999983,4.549999999999983,0.7835827833371262,5.806661525438858,True,False,False,False,False,False
E02006731,E02006733,Oakenshaw,64.9,63.77945325844926,66.02054674155076,0.5717075211993625,False,False,False,False,False,Hunt End,72.05,70.95398448916085,73.14601551083915,0.5591915871628326,False,False,False,False,False,-7.1499999999999915,7.1499999999999915,0.799715399970269,8.940680647472597,True,False,False,False,False,False
E02006732,E02006733,Crabbs Cross,69.44999999999999,68.39970242311999,70.50029757687999,0.5358661106530604,False,False,False,False,False,Hunt End,72.05,70.95398448916085,73.14601551083915,0.5591915871628326,False,False,False,False,False,-2.6000000000000085,2.6000000000000085,0.7744983664928712,3.357011599357505,True,False,False,False,False,False
E02006733,E02006754,Hunt End,72.05,70.95398448916085,73.14601551083915,0.5591915871628326,False,False,False,False,False,Crowle,72.6,71.01471611375122,74.18528388624877,0.8088183093105992,False,False,False,False,False,-0.5499999999999972,0.5499999999999972,0.9833017281738825,0.5593400115561861,False,False,False,False,False,False
E02006733,E02006755,Hunt End,72.05,70.95398448916085,73.14601551083915,0.5591915871628326,False,False,False,False,False,Inkberrow,72.55,71.36440942986206,73.73559057013793,0.6048931480295575,False,False,False,False,False,-0.5,0.5,0.8237663210442607,0.6069682472162334,False,False,False,False,False,False
E02006734,E02006736,Northwick,70.69999999999999,69.6737812124113,71.72621878758868,0.523581014075862,False,False,False,False,False,Warndon East,69.45,67.91112866034877,70.98887133965124,0.78513843859757,False,False,False,False,False,1.2499999999999858,1.2499999999999858,0.9437051690354029,1.3245662321397036,False,False,False,False,False,False
E02006734,E02006737,Northwick,70.69999999999999,69.6737812124113,71.72621878758868,0.523581014075862,False,False,False,False,False,Barbourne,66.25,65.08273824700713,67.41726175299287,0.5955417107106488,False,False,False,False,False,4.449999999999989,4.449999999999989,0.7929735225698737,5.611788884928212,True,False,False,False,False,False
E02006734,E02006739,Northwick,70.69999999999999,69.6737812124113,71.72621878758868,0.523581014075862,False,False,False,False,False,Henwick,68.5,67.43875073616044,69.56124926383956,0.5414537060405901,False,False,False,False,False,2.1999999999999886,2.1999999999999886,0.7531993056859504,2.920873643127451,True,False,False,False,False,False
E02006734,E02006740,Northwick,70.69999999999999,69.6737812124113,71.72621878758868,0.523581014075862,False,False,False,False,False,Worcester Town North,64.3,63.09791847198287,65.50208152801713,0.6133069020495553,False,False,False,False,False,6.3999999999999915,6.3999999999999915,0.806400914187435,7.936498939177063,True,False,False,False,False,False
E02006734,E02006753,Northwick,70.69999999999999,69.6737812124113,71.72621878758868,0.523581014075862,False,False,False,False,False,Fernhill Heath,70.75,69.80892348876407,71.69107651123593,0.480141077161191,False,False,False,False,False,-0.05000000000001137,0.05000000000001137,0.7104030773287914,0.0703825779978571,False,False,False,False,False,False
E02006735,E02006736,Warndon West,55.3,54.0252451216018,56.5747548783982,0.650385142039899,False,False,False,False,False,Warndon East,69.45,67.91112866034877,70.98887133965124,0.78513843859757,False,False,False,False,False,-14.150000000000006,14.150000000000006,1.0195308728771728,13.87893233685795,True,True,False,False,False,False
E02006735,E02006738,Warndon West,55.3,54.0252451216018,56.5747548783982,0.650385142039899,False,False,False,False,False,King George's Field,59.2,58.24475134127286,60.155248658727146,0.4873717646567057,False,False,False,False,False,-3.9000000000000057,3.9000000000000057,0.8127312409221457,4.798634288470277,True,False,False,False,False,False
E02006736,E02006737,Warndon East,69.45,67.91112866034877,70.98887133965124,0.78513843859757,False,False,False,False,False,Barbourne,66.25,65.08273824700713,67.41726175299287,0.5955417107106488,False,False,False,False,False,3.200000000000003,3.200000000000003,0.9854503016182989,3.2472464565133192,True,False,False,False,False,False
E02006736,E02006738,Warndon East,69.45,67.91112866034877,70.98887133965124,0.78513843859757,False,False,False,False,False,King George's Field,59.2,58.24475134127286,60.155248658727146,0.4873717646567057,False,False,False,False,False,10.25,10.25,0.9241069227897937,11.091790081018107,True,True,False,False,False,False
E02006736,E02006741,Warndon East,69.45,67.91112866034877,70.98887133965124,0.78513843859757,False,False,False,False,False,Lyppard Grange,67.5,66.36366818226365,68.63633181773635,0.5797611314981368,False,False,False,False,False,1.9500000000000028,1.9500000000000028,0.9759945375663893,1.997962001777453,True,False,False,False,False,False
E02006736,E02006753,Warndon East,69.45,67.91112866034877,70.98887133965124,0.78513843859757,False,False,False,False,False,Fernhill Heath,70.75,69.80892348876407,71.69107651123593,0.480141077161191,False,False,False,False,False,-1.2999999999999972,1.2999999999999972,0.9203139799769093,1.4125613956582668,False,False,False,False,False,False
E02006736,E02006754,Warndon East,69.45,67.91112866034877,70.98887133965124,0.78513843859757,False,False,False,False,False,Crowle,72.6,71.01471611375122,74.18528388624877,0.8088183093105992,False,False,False,False,False,-3.1499999999999915,3.1499999999999915,1.127221994657435,2.794480603580915,True,False,False,False,False,False
E02006737,E02006738,Barbourne,66.25,65.08273824700713,67.41726175299287,0.5955417107106488,False,False,False,False,False,King George's Field,59.2,58.24475134127286,60.155248658727146,0.4873717646567057,False,False,False,False,False,7.049999999999997,7.049999999999997,0.7695460780101198,9.161244792813157,True,False,False,False,False,False
E02006737,E02006740,Barbourne,66.25,65.08273824700713,67.41726175299287,0.5955417107106488,False,False,False,False,False,Worcester Town North,64.3,63.09791847198287,65.50208152801713,0.6133069020495553,False,False,False,False,False,1.9500000000000028,1.9500000000000028,0.8548773510263264,2.281028965919991,True,False,False,False,False,False
E02006738,E02006741,King George's Field,59.2,58.24475134127286,60.155248658727146,0.4873717646567057,False,False,False,False,False,Lyppard Grange,67.5,66.36366818226365,68.63633181773635,0.5797611314981368,False,False,False,False,False,-8.299999999999997,8.299999999999997,0.7573996346583428,10.958547667829366,True,False,False,False,False,False
E02006739,E02006740,Henwick,68.5,67.43875073616044,69.56124926383956,0.5414537060405901,False,False,False,False,False,Worcester Town North,64.3,63.09791847198287,65.50208152801713,0.6133069020495553,False,False,False,False,False,4.200000000000003,4.200000000000003,0.8181182505522735,5.133732192338673,True,False,False,False,False,False
E02006741,E02006754,Lyppard Grange,67.5,66.36366818226365,68.63633181773635,0.5797611314981368,False,False,False,False,False,Crowle,72.6,71.01471611375122,74.18528388624877,0.8088183093105992,False,False,False,False,False,-5.099999999999994,5.099999999999994,0.9951432193770181,5.124890468723395,True,False,False,False,False,False
E02006748,E02006749,Hartlebury,69.6,68.61988521080436,70.58011478919563,0.5000585659161424,False,False,False,False,False,Droitwich Spa West,59.9,58.609409050085965,61.19059094991403,0.6584647703643028,False,False,False,False,False,9.699999999999996,9.699999999999996,0.8268218811551996,11.731668236026334,True,True,False,False,False,False
E02006748,E02006750,Hartlebury,69.6,68.61988521080436,70.58011478919563,0.5000585659161424,False,False,False,False,False,Droitwich Spa East,66.2,64.85370879821637,67.54629120178363,0.6868832662161372,False,False,False,False,False,3.3999999999999915,3.3999999999999915,0.8496276777235177,4.001752872634648,True,False,False,False,False,False
E02006748,E02006752,Hartlebury,69.6,68.61988521080436,70.58011478919563,0.5000585659161424,False,False,False,False,False,Droitwich Spa South,72.25,71.38361382744183,73.11638617255817,0.4420337615092681,False,False,False,False,False,-2.6500000000000057,2.6500000000000057,0.667422216936282,3.970500131332904,True,False,False,False,False,False
E02006748,E02006753,Hartlebury,69.6,68.61988521080436,70.58011478919563,0.5000585659161424,False,False,False,False,False,Fernhill Heath,70.75,69.80892348876407,71.69107651123593,0.480141077161191,False,False,False,False,False,-1.1500000000000057,1.1500000000000057,0.6932488898827157,1.6588558839157512,False,False,False,False,False,False
E02006748,E02006754,Hartlebury,69.6,68.61988521080436,70.58011478919563,0.5000585659161424,False,False,False,False,False,Crowle,72.6,71.01471611375122,74.18528388624877,0.8088183093105992,False,False,False,False,False,-3.0,3.0,0.9509183071232592,3.154845140247296,True,False,False,False,False,False
E02006748,E02006767,Hartlebury,69.6,68.61988521080436,70.58011478919563,0.5000585659161424,False,False,False,False,False,Wolverley,68.6,67.60941936219204,69.59058063780795,0.5053982845958938,False,False,False,False,False,1.0,1.0,0.7109753831312171,1.406518458622133,False,False,False,False,False,False
E02006748,E02006776,Hartlebury,69.6,68.61988521080436,70.58011478919563,0.5000585659161424,False,False,False,False,False,Spennells,67.95,67.01158378104383,68.88841621895618,0.4787837851817234,False,False,False,False,False,1.6499999999999915,1.6499999999999915,0.6923095278118362,2.383327014457105,True,False,False,False,False,False
E02006748,E02006779,Hartlebury,69.6,68.61988521080436,70.58011478919563,0.5000585659161424,False,False,False,False,False,Stourport Mitton,65.55,64.38998922418799,66.71001077581201,0.5918422325571489,False,False,False,False,False,4.049999999999997,4.049999999999997,0.7748133953309915,5.227065025469627,True,False,False,False,False,False
E02006749,E02006750,Droitwich Spa West,59.9,58.609409050085965,61.19059094991403,0.6584647703643028,False,False,False,False,False,Droitwich Spa East,66.2,64.85370879821637,67.54629120178363,0.6868832662161372,False,False,False,False,False,-6.300000000000004,6.300000000000004,0.9515169337529747,6.621006706787165,True,False,False,False,False,False
E02006749,E02006751,Droitwich Spa West,59.9,58.609409050085965,61.19059094991403,0.6584647703643028,False,False,False,False,False,Droitwich Spa Central,64.2,63.04972829296727,65.35027170703273,0.5868733199146579,False,False,False,False,False,-4.300000000000004,4.300000000000004,0.8820408989602275,4.875057386872825,True,False,False,False,False,False
E02006749,E02006752,Droitwich Spa West,59.9,58.609409050085965,61.19059094991403,0.6584647703643028,False,False,False,False,False,Droitwich Spa South,72.25,71.38361382744183,73.11638617255817,0.4420337615092681,False,False,False,False,False,-12.350000000000001,12.350000000000001,0.7930760998321325,15.572276106434277,True,True,False,False,False,False
E02006750,E02006751,Droitwich Spa East,66.2,64.85370879821637,67.54629120178363,0.6868832662161372,False,False,False,False,False,Droitwich Spa Central,64.2,63.04972829296727,65.35027170703273,0.5868733199146579,False,False,False,False,False,2.0,2.0,0.9034538809675905,2.2137267237792138,True,False,False,False,False,False
E02006750,E02006752,Droitwich Spa East,66.2,64.85370879821637,67.54629120178363,0.6868832662161372,False,False,False,False,False,Droitwich Spa South,72.25,71.38361382744183,73.11638617255817,0.4420337615092681,False,False,False,False,False,-6.049999999999997,6.049999999999997,0.8168246248257831,7.406730669132771,True,False,False,False,False,False
E02006750,E02006754,Droitwich Spa East,66.2,64.85370879821637,67.54629120178363,0.6868832662161372,False,False,False,False,False,Crowle,72.6,71.01471611375122,74.18528388624877,0.8088183093105992,False,False,False,False,False,-6.3999999999999915,6.3999999999999915,1.0611294354996494,6.031309457537055,True,False,False,False,False,False
E02006751,E02006752,Droitwich Spa Central,64.2,63.04972829296727,65.35027170703273,0.5868733199146579,False,False,False,False,False,Droitwich Spa South,72.25,71.38361382744183,73.11638617255817,0.4420337615092681,False,False,False,False,False,-8.049999999999997,8.049999999999997,0.7347204501997239,10.956548164423234,True,False,False,False,False,False
E02006752,E02006754,Droitwich Spa South,72.25,71.38361382744183,73.11638617255817,0.4420337615092681,False,False,False,False,False,Crowle,72.6,71.01471611375122,74.18528388624877,0.8088183093105992,False,False,False,False,False,-0.3499999999999943,0.3499999999999943,0.9217271308744733,0.37972192450051634,False,False,False,False,False,False
E02006753,E02006754,Fernhill Heath,70.75,69.80892348876407,71.69107651123593,0.480141077161191,False,False,False,False,False,Crowle,72.6,71.01471611375122,74.18528388624877,0.8088183093105992,False,False,False,False,False,-1.8499999999999943,1.8499999999999943,0.9405968910503398,1.9668361841321291,True,False,False,False,False,False
E02006754,E02006755,Crowle,72.6,71.01471611375122,74.18528388624877,0.8088183093105992,False,False,False,False,False,Inkberrow,72.55,71.36440942986206,73.73559057013793,0.6048931480295575,False,False,False,False,False,0.04999999999999716,0.04999999999999716,1.009991474225978,0.04950536838770387,False,False,False,False,False,False
E02006767,E02006768,Wolverley,68.6,67.60941936219204,69.59058063780795,0.5053982845958938,False,False,False,False,False,Franche,66.15,65.08404971973361,67.2159502802664,0.5438521838093838,False,False,False,False,False,2.4499999999999886,2.4499999999999886,0.7424302148395551,3.299973453436903,True,False,False,False,False,False
E02006767,E02006769,Wolverley,68.6,67.60941936219204,69.59058063780795,0.5053982845958938,False,False,False,False,False,Greenhill,66.95,65.91498792277578,67.98501207722423,0.5280673863388895,False,False,False,False,False,1.6499999999999915,1.6499999999999915,0.7309463664231857,2.2573475644650984,True,False,False,False,False,False
E02006767,E02006770,Wolverley,68.6,67.60941936219204,69.59058063780795,0.5053982845958938,False,False,False,False,False,Kidderminster Town,58.85,57.82225976044528,59.877740239554726,0.5243572650789409,False,False,False,False,False,9.749999999999993,9.749999999999993,0.7282705318173589,13.38788207682852,True,True,False,False,False,False
E02006767,E02006771,Wolverley,68.6,67.60941936219204,69.59058063780795,0.5053982845958938,False,False,False,False,False,Bewdley East,67.1,65.84376554735988,68.35623445264011,0.6409359452245483,False,False,False,False,False,1.5,1.5,0.8162268752947046,1.8377243452788958,False,False,False,False,False,False
E02006767,E02006773,Wolverley,68.6,67.60941936219204,69.59058063780795,0.5053982845958938,False,False,False,False,False,Comberton,63.05,61.878462548614,64.221537451386,0.5977231894826519,False,False,False,False,False,5.549999999999997,5.549999999999997,0.7827518363554226,7.0903698237763315,True,False,False,False,False,False
E02006767,E02006776,Wolverley,68.6,67.60941936219204,69.59058063780795,0.5053982845958938,False,False,False,False,False,Spennells,67.95,67.01158378104383,68.88841621895618,0.4787837851817234,False,False,False,False,False,0.6499999999999915,0.6499999999999915,0.6961762269895537,0.9336716405999093,False,False,False,False,False,False
E02006768,E02006770,Franche,66.15,65.08404971973361,67.2159502802664,0.5438521838093838,False,False,False,False,False,Kidderminster Town,58.85,57.82225976044528,59.877740239554726,0.5243572650789409,False,False,False,False,False,7.300000000000004,7.300000000000004,0.7554639232122885,9.66293660848802,True,False,False,False,False,False
E02006768,E02006771,Franche,66.15,65.08404971973361,67.2159502802664,0.5438521838093838,False,False,False,False,False,Bewdley East,67.1,65.84376554735988,68.35623445264011,0.6409359452245483,False,False,False,False,False,-0.9499999999999886,0.9499999999999886,0.8405796117650731,1.1301725460663403,False,False,False,False,False,False
E02006768,E02006772,Franche,66.15,65.08404971973361,67.2159502802664,0.5438521838093838,False,False,False,False,False,Habberley,64.0,62.894898194734985,65.10510180526502,0.5638274516658258,False,False,False,False,False,2.1500000000000057,2.1500000000000057,0.7833751292236785,2.744534412434879,True,False,False,False,False,False
E02006769,E02006770,Greenhill,66.95,65.91498792277578,67.98501207722423,0.5280673863388895,False,False,False,False,False,Kidderminster Town,58.85,57.82225976044528,59.877740239554726,0.5243572650789409,False,False,False,False,False,8.100000000000001,8.100000000000001,0.7441812319293283,10.884445417953277,True,False,False,False,False,False
E02006769,E02006773,Greenhill,66.95,65.91498792277578,67.98501207722423,0.5280673863388895,False,False,False,False,False,Comberton,63.05,61.878462548614,64.221537451386,0.5977231894826519,False,False,False,False,False,3.9000000000000057,3.9000000000000057,0.7975764388195655,4.8898134525790535,True,False,False,False,False,False
E02006770,E02006772,Kidderminster Town,58.85,57.82225976044528,59.877740239554726,0.5243572650789409,False,False,False,False,False,Habberley,64.0,62.894898194734985,65.10510180526502,0.5638274516658258,False,False,False,False,False,-5.149999999999999,5.149999999999999,0.769968789427887,6.688582798046429,True,False,False,False,False,False
E02006770,E02006773,Kidderminster Town,58.85,57.82225976044528,59.877740239554726,0.5243572650789409,False,False,False,False,False,Comberton,63.05,61.878462548614,64.221537451386,0.5977231894826519,False,False,False,False,False,-4.199999999999996,4.199999999999996,0.7951248660973828,5.282189224711785,True,False,False,False,False,False
E02006770,E02006774,Kidderminster Town,58.85,57.82225976044528,59.877740239554726,0.5243572650789409,False,False,False,False,False,Foley Park,64.05,62.99970242312,65.10029757688,0.5358661106530604,False,False,False,False,False,-5.199999999999996,5.199999999999996,0.7497353066166117,6.935781140502021,True,False,False,False,False,False
E02006770,E02006776,Kidderminster Town,58.85,57.82225976044528,59.877740239554726,0.5243572650789409,False,False,False,False,False,Spennells,67.95,67.01158378104383,68.88841621895618,0.4787837851817234,False,False,False,False,False,-9.100000000000001,9.100000000000001,0.7100594724345316,12.815827903540901,True,False,False,False,False,False
E02006771,E02006772,Bewdley East,67.1,65.84376554735988,68.35623445264011,0.6409359452245483,False,False,False,False,False,Habberley,64.0,62.894898194734985,65.10510180526502,0.5638274516658258,False,False,False,False,False,3.0999999999999943,3.0999999999999943,0.8536394327424573,3.6315098402152457,True,False,False,False,False,False
E02006771,E02006774,Bewdley East,67.1,65.84376554735988,68.35623445264011,0.6409359452245483,False,False,False,False,False,Foley Park,64.05,62.99970242312,65.10029757688,0.5358661106530604,False,False,False,False,False,3.049999999999997,3.049999999999997,0.8354348415210627,3.650793393350595,True,False,False,False,False,False
E02006771,E02006775,Bewdley East,67.1,65.84376554735988,68.35623445264011,0.6409359452245483,False,False,False,False,False,Birchen Coppice,57.1,55.939989224187975,58.26001077581201,0.5918422325571525,False,False,False,False,False,9.999999999999993,9.999999999999993,0.8723967641613074,11.462674336732155,True,True,False,False,False,False
E02006771,E02006777,Bewdley East,67.1,65.84376554735988,68.35623445264011,0.6409359452245483,False,False,False,False,False,Bewdley West,69.15,67.75133992693007,70.54866007306994,0.7136020780969049,False,False,False,False,False,-2.0500000000000114,2.0500000000000114,0.9591802811490165,2.1372416012809246,True,False,False,False,False,False
E02006771,E02006778,Bewdley East,67.1,65.84376554735988,68.35623445264011,0.6409359452245483,False,False,False,False,False,Stourport Lickhill,65.75,64.59891355667787,66.90108644332213,0.5872890016949636,False,False,False,False,False,1.3499999999999943,1.3499999999999943,0.8693142454790167,1.5529482083387536,False,False,False,False,False,False
E02006772,E02006774,Habberley,64.0,62.894898194734985,65.10510180526502,0.5638274516658258,False,False,False,False,False,Foley Park,64.05,62.99970242312,65.10029757688,0.5358661106530604,False,False,False,False,False,-0.04999999999999716,0.04999999999999716,0.7778520963514961,0.06427957221497689,False,False,False,False,False,False
E02006773,E02006776,Comberton,63.05,61.878462548614,64.221537451386,0.5977231894826519,False,False,False,False,False,Spennells,67.95,67.01158378104383,68.88841621895618,0.4787837851817234,False,False,False,False,False,-4.900000000000006,4.900000000000006,0.7658374006264338,6.398224996574914,True,False,False,False,False,False
E02006774,E02006775,Foley Park,64.05,62.99970242312,65.10029757688,0.5358661106530604,False,False,False,False,False,Birchen Coppice,57.1,55.939989224187975,58.26001077581201,0.5918422325571525,False,False,False,False,False,6.949999999999996,6.949999999999996,0.7983919568637153,8.704997514380462,True,False,False,False,False,False
E02006774,E02006776,Foley Park,64.05,62.99970242312,65.10029757688,0.5358661106530604,False,False,False,False,False,Spennells,67.95,67.01158378104383,68.88841621895618,0.4787837851817234,False,False,False,False,False,-3.9000000000000057,3.9000000000000057,0.7186003071940456,5.427217273575251,True,False,False,False,False,False
E02006775,E02006776,Birchen Coppice,57.1,55.939989224187975,58.26001077581201,0.5918422325571525,False,False,False,False,False,Spennells,67.95,67.01158378104383,68.88841621895618,0.4787837851817234,False,False,False,False,False,-10.850000000000001,10.850000000000001,0.7612562913967761,14.252755770454248,True,True,False,False,False,False
E02006775,E02006778,Birchen Coppice,57.1,55.939989224187975,58.26001077581201,0.5918422325571525,False,False,False,False,False,Stourport Lickhill,65.75,64.59891355667787,66.90108644332213,0.5872890016949636,False,False,False,False,False,-8.649999999999999,8.649999999999999,0.833777907928785,10.374465331526649,True,False,False,False,False,False
E02006775,E02006779,Birchen Coppice,57.1,55.939989224187975,58.26001077581201,0.5918422325571525,False,False,False,False,False,Stourport Mitton,65.55,64.38998922418799,66.71001077581201,0.5918422325571489,False,False,False,False,False,-8.449999999999996,8.449999999999996,0.8369913120674939,10.095684242082788,True,False,False,False,False,False
E02006776,E02006779,Spennells,67.95,67.01158378104383,68.88841621895618,0.4787837851817234,False,False,False,False,False,Stourport Mitton,65.55,64.38998922418799,66.71001077581201,0.5918422325571489,False,False,False,False,False,2.4000000000000057,2.4000000000000057,0.7612562913967732,3.1526833040636317,True,False,False,False,False,False
E02006777,E02006778,Bewdley West,69.15,67.75133992693007,70.54866007306994,0.7136020780969049,False,False,False,False,False,Stourport Lickhill,65.75,64.59891355667787,66.90108644332213,0.5872890016949636,False,False,False,False,False,3.4000000000000057,3.4000000000000057,0.924194945547793,3.678877509965976,True,False,False,False,False,False
E02006777,E02006779,Bewdley West,69.15,67.75133992693007,70.54866007306994,0.7136020780969049,False,False,False,False,False,Stourport Mitton,65.55,64.38998922418799,66.71001077581201,0.5918422325571489,False,False,False,False,False,3.6000000000000085,3.6000000000000085,0.9270950081315569,3.8830971674147556,True,False,False,False,False,False
E02006777,E02006780,Bewdley West,69.15,67.75133992693007,70.54866007306994,0.7136020780969049,False,False,False,False,False,Stourport Areley Kings,64.0,62.74476097893668,65.25523902106332,0.6404280719710805,False,False,False,False,False,5.150000000000006,5.150000000000006,0.9588409885026905,5.371067843107288,True,False,False,False,False,False
E02006778,E02006779,Stourport Lickhill,65.75,64.59891355667787,66.90108644332213,0.5872890016949636,False,False,False,False,False,Stourport Mitton,65.55,64.38998922418799,66.71001077581201,0.5918422325571489,False,False,False,False,False,0.20000000000000284,0.20000000000000284,0.8337779079287825,0.23987203078674751,False,False,False,False,False,False
E02006779,E02006780,Stourport Mitton,65.55,64.38998922418799,66.71001077581201,0.5918422325571489,False,False,False,False,False,Stourport Areley Kings,64.0,62.74476097893668,65.25523902106332,0.6404280719710805,False,False,False,False,False,1.5499999999999972,1.5499999999999972,0.8720237058743447,1.7774746140024618,False,False,False,False,False,False
E02006805,E02006806,Holbrooks,59.8,58.896880406590576,60.70311959340942,0.46077530275990886,False,False,False,False,False,Ash Green,62.8,61.87804555427071,63.72195444572929,0.4703849212904529,False,False,False,False,False,-3.0,3.0,0.6584647703643007,4.556052404049235,True,False,False,False,False,False
E02006807,E02006808,Yardley Wood East,67.05000000000001,66.02225976044528,68.07774023955474,0.5243572650789445,False,False,False,False,False,Shirley West,68.0,66.762058159686,69.237941840314,0.6316029797520376,False,False,False,False,False,-0.9499999999999886,0.9499999999999886,0.8208975974338841,1.1572698019456715,False,False,False,False,False,False
E02006809,E02006810,Handsworth Wood,63.6,62.50341439002694,64.69658560997307,0.5594824540678903,False,False,False,False,False,Charlemont,63.55,62.648265560156425,64.45173443984358,0.46006859175692655,False,False,False,False,False,0.05000000000000426,0.05000000000000426,0.7243505543112606,0.06902735105593467,False,False,False,False,False,False
E02006895,E02006896,Attwood Green,58.05,56.971517269493845,59.12848273050615,0.5502462910745677,False,False,False,True,False,Digbeth,57.35,55.809707819925066,58.89029218007494,0.7858633571810895,False,True,False,False,False,0.6999999999999957,0.6999999999999957,0.959349882473152,0.7296607971592529,False,False,False,True,False,True
E02006895,E02006897,Attwood Green,58.05,56.971517269493845,59.12848273050615,0.5502462910745677,False,False,False,True,False,Five Ways North,58.650000000000006,57.35361078375359,59.94638921624642,0.6614230695134784,False,False,False,False,False,-0.6000000000000085,0.6000000000000085,0.8603786711244936,0.6973673571147729,False,False,False,False,False,True
E02006895,E02006898,Attwood Green,58.05,56.971517269493845,59.12848273050615,0.5502462910745677,False,False,False,True,False,Ladywood Summer Hill,61.6,60.23778672741747,62.96221327258253,0.6950067717257804,False,False,False,True,False,-3.5500000000000043,3.5500000000000043,0.8864566507088821,4.00470795403378,True,False,False,False,False,True
E02006895,E02006899,Attwood Green,58.05,56.971517269493845,59.12848273050615,0.5502462910745677,False,False,False,True,False,Birmingham city centre,63.55,60.96881810017194,66.13118189982806,1.316929540728604,False,True,True,True,False,-5.5,5.5,1.4272611520268355,3.8535344370506546,True,False,False,True,True,True
E02006896,E02006899,Digbeth,57.35,55.809707819925066,58.89029218007494,0.7858633571810895,False,True,False,False,False,Birmingham city centre,63.55,60.96881810017194,66.13118189982806,1.316929540728604,False,True,True,True,False,-6.199999999999996,6.199999999999996,1.53358554746828,4.042813268705659,True,False,False,True,True,True
E02006896,E02006900,Digbeth,57.35,55.809707819925066,58.89029218007494,0.7858633571810895,False,True,False,False,False,Bordesley,56.6,55.8027390640449,57.3972609359551,0.406765783650562,False,False,False,False,False,0.75,0.75,0.8848952587220639,0.8475579370637887,False,False,False,True,False,False
E02006897,E02006898,Five Ways North,58.650000000000006,57.35361078375359,59.94638921624642,0.6614230695134784,False,False,False,False,False,Ladywood Summer Hill,61.6,60.23778672741747,62.96221327258253,0.6950067717257804,False,False,False,True,False,-2.9499999999999957,2.9499999999999957,0.9594346718924237,3.0747273226860865,True,False,False,False,False,True
E02006898,E02006899,Ladywood Summer Hill,61.6,60.23778672741747,62.96221327258253,0.6950067717257804,False,False,False,True,False,Birmingham city centre,63.55,60.96881810017194,66.13118189982806,1.316929540728604,False,True,True,True,False,-1.9499999999999957,1.9499999999999957,1.4890728081555793,1.3095397278896912,False,False,False,True,True,True
E02006919,E02006920,Swadlincote South,62.55,61.630081525351294,63.4699184746487,0.4693461605350528,False,False,False,False,False,Swadlincote East,63.400000000000006,62.36922359359559,64.43077640640442,0.5259063297981702,False,False,False,False,False,-0.8500000000000085,0.8500000000000085,0.7048852999820449,1.2058699479499149,False,False,False,False,False,False
E02006943,E02006944,Smethwick East,57.3,56.256867697748746,58.34313230225125,0.5322103582914549,False,False,False,False,False,Smethwick South East,57.5,56.394898194734985,58.605101805265015,0.563827451665824,False,False,False,False,False,-0.20000000000000284,0.20000000000000284,0.7753381589504647,0.2579519628838242,False,False,False,False,False,False
E02007039,E02007040,Greet,56.65,55.60686769774875,57.69313230225125,0.5322103582914549,False,False,False,False,False,Sparkhill South,57.6,56.395840542120766,58.80415945787922,0.6143670703465451,False,False,False,False,False,-0.9500000000000028,0.9500000000000028,0.8128313248140203,1.1687541695287977,False,False,False,False,False,False
E02007050,E02007051,Telford Town Centre,63.7,62.67225976044528,64.72774023955472,0.5243572650789391,False,False,False,False,False,Lawley,64.25,63.36540969935229,65.1345903006477,0.4513215819631149,False,False,False,False,False,-0.5499999999999972,0.5499999999999972,0.6918393684857442,0.794982224275273,False,False,False,False,False,False
