LSOA Code,LSOA Name,Local Authority Code,Local Authority Name,Region,Number of households,Number of households in fuel poverty,Proportion of households fuel poor (%),LSOA21CD,MSOA21CD
E01008881,Birmingham 067A,E08000025,Birmingham,West Midlands,612.0,88.0,14.37908496732026,E01008881,E02001893
E01008882,Birmingham 066A,E08000025,Birmingham,West Midlands,696.0,114.0,16.379310344827587,E01008882,E02001892
E01008883,Birmingham 078A,E08000025,Birmingham,West Midlands,664.0,112.0,16.867469879518072,E01008883,E02001904
E01008884,Birmingham 078B,E08000025,Birmingham,West Midlands,740.0,175.0,23.64864864864865,E01008884,E02001904
E01008885,Birmingham 076A,E08000025,Birmingham,West Midlands,525.0,54.0,10.285714285714285,E01008885,E02001902
E01008886,Birmingham 076B,E08000025,Birmingham,West Midlands,725.0,112.0,15.448275862068966,E01008886,E02001902
E01008887,Birmingham 078C,E08000025,Birmingham,West Midlands,642.0,92.0,14.330218068535824,E01008887,E02001904
E01008888,Birmingham 076C,E08000025,Birmingham,West Midlands,660.0,69.0,10.454545454545453,E01008888,E02001902
E01008889,Birmingham 078D,E08000025,Birmingham,West Midlands,693.0,120.0,17.316017316017316,E01008889,E02001904
E01008890,Birmingham 089A,E08000025,Birmingham,West Midlands,737.0,96.0,13.025780189959294,E01008890,E02001915
E01008891,Birmingham 089B,E08000025,Birmingham,West Midlands,740.0,77.0,10.405405405405405,E01008891,E02001915
E01008892,Birmingham 089C,E08000025,Birmingham,West Midlands,522.0,87.0,16.666666666666664,E01008892,E02001915
E01008893,Birmingham 089D,E08000025,Birmingham,West Midlands,754.0,97.0,12.86472148541114,E01008893,E02001915
E01008894,Birmingham 089E,E08000025,Birmingham,West Midlands,742.0,138.0,18.598382749326145,E01008894,E02001915
E01008895,Birmingham 089F,E08000025,Birmingham,West Midlands,800.0,92.0,11.5,E01008895,E02001915
E01008896,Birmingham 066B,E08000025,Birmingham,West Midlands,593.0,107.0,18.043844856661046,E01008896,E02001892
E01008897,Birmingham 067B,E08000025,Birmingham,West Midlands,648.0,85.0,13.117283950617283,E01008897,E02001893
E01008898,Birmingham 066C,E08000025,Birmingham,West Midlands,586.0,119.0,20.30716723549488,E01008898,E02001892
E01008899,Birmingham 037A,E08000025,Birmingham,West Midlands,479.0,77.0,16.075156576200417,E01008899,E02001863
E01008901,Birmingham 037C,E08000025,Birmingham,West Midlands,637.0,92.0,14.442700156985872,E01008901,E02001863
E01008905,Birmingham 040A,E08000025,Birmingham,West Midlands,511.0,107.0,20.939334637964773,E01008905,E02001866
E01008906,Birmingham 049A,E08000025,Birmingham,West Midlands,535.0,116.0,21.682242990654206,E01008906,E02001875
E01008907,Birmingham 040B,E08000025,Birmingham,West Midlands,644.0,123.0,19.099378881987576,E01008907,E02001866
E01008909,Birmingham 041D,E08000025,Birmingham,West Midlands,577.0,87.0,15.077989601386482,E01008909,E02001867
E01008910,Birmingham 050A,E08000025,Birmingham,West Midlands,457.0,71.0,15.536105032822759,E01008910,E02001876
E01008911,Birmingham 049B,E08000025,Birmingham,West Midlands,661.0,99.0,14.977307110438728,E01008911,E02001875
E01008913,Birmingham 050B,E08000025,Birmingham,West Midlands,963.0,122.0,12.668743509865005,E01008913,E02001876
E01008915,Birmingham 030A,E08000025,Birmingham,West Midlands,580.0,126.0,21.72413793103448,E01008915,E02001856
E01008916,Birmingham 037E,E08000025,Birmingham,West Midlands,506.0,121.0,23.91304347826087,E01008916,E02001863
E01008917,Birmingham 102A,E08000025,Birmingham,West Midlands,533.0,44.0,8.25515947467167,E01008917,E02001928
E01008918,Birmingham 094A,E08000025,Birmingham,West Midlands,756.0,100.0,13.227513227513226,E01008918,E02001920
E01008919,Birmingham 095A,E08000025,Birmingham,West Midlands,729.0,87.0,11.934156378600823,E01008919,E02001921
E01008920,Birmingham 094B,E08000025,Birmingham,West Midlands,570.0,51.0,8.947368421052632,E01008920,E02001920
E01008921,Birmingham 094C,E08000025,Birmingham,West Midlands,650.0,71.0,10.923076923076923,E01008921,E02001920
E01008923,Birmingham 102B,E08000025,Birmingham,West Midlands,672.0,88.0,13.095238095238097,E01008923,E02001928
E01008924,Birmingham 101A,E08000025,Birmingham,West Midlands,661.0,66.0,9.984871406959153,E01008924,E02001927
E01008925,Birmingham 102C,E08000025,Birmingham,West Midlands,531.0,41.0,7.721280602636535,E01008925,E02001928
E01008927,Birmingham 102D,E08000025,Birmingham,West Midlands,625.0,84.0,13.44,E01008927,E02001928
E01008928,Birmingham 102E,E08000025,Birmingham,West Midlands,764.0,88.0,11.518324607329843,E01008928,E02001928
E01008929,Birmingham 106C,E08000025,Birmingham,West Midlands,728.0,84.0,11.538461538461538,E01008929,E02001932
E01008930,Birmingham 106D,E08000025,Birmingham,West Midlands,821.0,69.0,8.404384896467722,E01008930,E02001932
E01008931,Birmingham 094D,E08000025,Birmingham,West Midlands,650.0,82.0,12.615384615384615,E01008931,E02001920
E01008932,Birmingham 111A,E08000025,Birmingham,West Midlands,683.0,102.0,14.93411420204978,E01008932,E02001937
E01008933,Birmingham 105A,E08000025,Birmingham,West Midlands,566.0,70.0,12.36749116607774,E01008933,E02001931
E01008934,Birmingham 105B,E08000025,Birmingham,West Midlands,574.0,59.0,10.278745644599303,E01008934,E02001931
E01008935,Birmingham 111B,E08000025,Birmingham,West Midlands,706.0,91.0,12.889518413597735,E01008935,E02001937
E01008936,Birmingham 111C,E08000025,Birmingham,West Midlands,683.0,76.0,11.127379209370424,E01008936,E02001937
E01008937,Birmingham 115A,E08000025,Birmingham,West Midlands,654.0,88.0,13.455657492354739,E01008937,E02001941
E01008938,Birmingham 111D,E08000025,Birmingham,West Midlands,599.0,90.0,15.025041736227045,E01008938,E02001937
E01008939,Birmingham 111E,E08000025,Birmingham,West Midlands,727.0,82.0,11.279229711141678,E01008939,E02001937
E01008940,Birmingham 115B,E08000025,Birmingham,West Midlands,606.0,94.0,15.51155115511551,E01008940,E02001941
E01008941,Birmingham 115C,E08000025,Birmingham,West Midlands,606.0,97.0,16.006600660066006,E01008941,E02001941
E01008942,Birmingham 117A,E08000025,Birmingham,West Midlands,651.0,78.0,11.981566820276496,E01008942,E02001943
E01008943,Birmingham 117B,E08000025,Birmingham,West Midlands,594.0,77.0,12.962962962962962,E01008943,E02001943
E01008944,Birmingham 115D,E08000025,Birmingham,West Midlands,769.0,89.0,11.573472041612485,E01008944,E02001941
E01008945,Birmingham 122A,E08000025,Birmingham,West Midlands,768.0,96.0,12.5,E01008945,E02001948
E01008946,Birmingham 122B,E08000025,Birmingham,West Midlands,676.0,76.0,11.242603550295858,E01008946,E02001948
E01008947,Birmingham 122C,E08000025,Birmingham,West Midlands,559.0,58.0,10.37567084078712,E01008947,E02001948
E01008948,Birmingham 122D,E08000025,Birmingham,West Midlands,646.0,65.0,10.061919504643962,E01008948,E02001948
E01008949,Birmingham 122E,E08000025,Birmingham,West Midlands,529.0,47.0,8.88468809073724,E01008949,E02001948
E01008950,Birmingham 113A,E08000025,Birmingham,West Midlands,750.0,110.0,14.666666666666666,E01008950,E02001939
E01008951,Birmingham 112A,E08000025,Birmingham,West Midlands,638.0,89.0,13.94984326018809,E01008951,E02001938
E01008952,Birmingham 112B,E08000025,Birmingham,West Midlands,904.0,169.0,18.694690265486727,E01008952,E02001938
E01008953,Birmingham 107A,E08000025,Birmingham,West Midlands,683.0,87.0,12.73792093704246,E01008953,E02001933
E01008954,Birmingham 113B,E08000025,Birmingham,West Midlands,627.0,87.0,13.875598086124402,E01008954,E02001939
E01008955,Birmingham 112C,E08000025,Birmingham,West Midlands,769.0,109.0,14.174252275682706,E01008955,E02001938
E01008956,Birmingham 112D,E08000025,Birmingham,West Midlands,583.0,63.0,10.806174957118353,E01008956,E02001938
E01008957,Birmingham 112E,E08000025,Birmingham,West Midlands,756.0,115.0,15.211640211640212,E01008957,E02001938
E01008958,Birmingham 113C,E08000025,Birmingham,West Midlands,798.0,101.0,12.656641604010025,E01008958,E02001939
E01008959,Birmingham 116A,E08000025,Birmingham,West Midlands,835.0,87.0,10.419161676646707,E01008959,E02001942
E01008960,Birmingham 116B,E08000025,Birmingham,West Midlands,652.0,71.0,10.889570552147239,E01008960,E02001942
E01008961,Birmingham 116C,E08000025,Birmingham,West Midlands,755.0,122.0,16.158940397350992,E01008961,E02001942
E01008962,Birmingham 116D,E08000025,Birmingham,West Midlands,896.0,106.0,11.830357142857142,E01008962,E02001942
E01008963,Birmingham 107B,E08000025,Birmingham,West Midlands,647.0,80.0,12.364760432766616,E01008963,E02001933
E01008964,Birmingham 107C,E08000025,Birmingham,West Midlands,649.0,79.0,12.172573189522343,E01008964,E02001933
E01008965,Birmingham 107D,E08000025,Birmingham,West Midlands,599.0,63.0,10.51752921535893,E01008965,E02001933
E01008966,Birmingham 107E,E08000025,Birmingham,West Midlands,713.0,101.0,14.165497896213184,E01008966,E02001933
E01008967,Birmingham 110A,E08000025,Birmingham,West Midlands,673.0,68.0,10.104011887072808,E01008967,E02001936
E01008968,Birmingham 110B,E08000025,Birmingham,West Midlands,738.0,70.0,9.48509485094851,E01008968,E02001936
E01008969,Birmingham 117C,E08000025,Birmingham,West Midlands,722.0,77.0,10.664819944598337,E01008969,E02001943
E01008970,Birmingham 110C,E08000025,Birmingham,West Midlands,628.0,65.0,10.35031847133758,E01008970,E02001936
E01008971,Birmingham 117D,E08000025,Birmingham,West Midlands,779.0,74.0,9.499358151476251,E01008971,E02001943
E01008972,Birmingham 118A,E08000025,Birmingham,West Midlands,786.0,82.0,10.432569974554708,E01008972,E02001944
E01008973,Birmingham 118B,E08000025,Birmingham,West Midlands,916.0,84.0,9.170305676855897,E01008973,E02001944
E01008974,Birmingham 118C,E08000025,Birmingham,West Midlands,1163.0,86.0,7.394668959587274,E01008974,E02001944
E01008975,Birmingham 118D,E08000025,Birmingham,West Midlands,692.0,68.0,9.826589595375722,E01008975,E02001944
E01008976,Birmingham 121A,E08000025,Birmingham,West Midlands,676.0,82.0,12.1301775147929,E01008976,E02001947
E01008977,Birmingham 123A,E08000025,Birmingham,West Midlands,731.0,90.0,12.311901504787961,E01008977,E02001949
E01008978,Birmingham 121B,E08000025,Birmingham,West Midlands,662.0,94.0,14.19939577039275,E01008978,E02001947
E01008979,Birmingham 121C,E08000025,Birmingham,West Midlands,741.0,98.0,13.225371120107962,E01008979,E02001947
E01008980,Birmingham 121D,E08000025,Birmingham,West Midlands,709.0,92.0,12.976022566995768,E01008980,E02001947
E01008981,Birmingham 110D,E08000025,Birmingham,West Midlands,622.0,64.0,10.289389067524116,E01008981,E02001936
E01008982,Birmingham 079A,E08000025,Birmingham,West Midlands,735.0,104.0,14.14965986394558,E01008982,E02001905
E01008984,Birmingham 074A,E08000025,Birmingham,West Midlands,816.0,124.0,15.196078431372548,E01008984,E02001900
E01008986,Birmingham 064A,E08000025,Birmingham,West Midlands,815.0,167.0,20.49079754601227,E01008986,E02001890
E01008987,Birmingham 064B,E08000025,Birmingham,West Midlands,656.0,145.0,22.103658536585368,E01008987,E02001890
E01008988,Birmingham 064C,E08000025,Birmingham,West Midlands,1016.0,178.0,17.519685039370078,E01008988,E02001890
E01008989,Birmingham 064D,E08000025,Birmingham,West Midlands,956.0,166.0,17.364016736401673,E01008989,E02001890
E01008990,Birmingham 064E,E08000025,Birmingham,West Midlands,535.0,73.0,13.644859813084112,E01008990,E02001890
E01008991,Birmingham 064F,E08000025,Birmingham,West Midlands,608.0,48.0,7.894736842105263,E01008991,E02001890
E01008992,Birmingham 079C,E08000025,Birmingham,West Midlands,506.0,62.0,12.25296442687747,E01008992,E02001905
E01008994,Birmingham 074B,E08000025,Birmingham,West Midlands,679.0,96.0,14.138438880706921,E01008994,E02001900
E01008995,Birmingham 134A,E08000025,Birmingham,West Midlands,950.0,111.0,11.68421052631579,E01008995,E02006895
E01008996,Birmingham 074C,E08000025,Birmingham,West Midlands,703.0,108.0,15.362731152204837,E01008996,E02001900
E01008997,Birmingham 074D,E08000025,Birmingham,West Midlands,658.0,90.0,13.677811550151976,E01008997,E02001900
E01008998,Birmingham 031A,E08000025,Birmingham,West Midlands,674.0,125.0,18.5459940652819,E01008998,E02001857
E01008999,Birmingham 031B,E08000025,Birmingham,West Midlands,546.0,81.0,14.835164835164836,E01008999,E02001857
E01009000,Birmingham 031C,E08000025,Birmingham,West Midlands,875.0,159.0,18.17142857142857,E01009000,E02001857
E01009001,Birmingham 018A,E08000025,Birmingham,West Midlands,747.0,75.0,10.040160642570282,E01009001,E02001844
E01009002,Birmingham 023A,E08000025,Birmingham,West Midlands,816.0,111.0,13.602941176470587,E01009002,E02001849
E01009003,Birmingham 018B,E08000025,Birmingham,West Midlands,714.0,113.0,15.826330532212884,E01009003,E02001844
E01009005,Birmingham 025A,E08000025,Birmingham,West Midlands,756.0,67.0,8.862433862433862,E01009005,E02001851
E01009006,Birmingham 023C,E08000025,Birmingham,West Midlands,779.0,122.0,15.661103979460847,E01009006,E02001849
E01009007,Birmingham 023D,E08000025,Birmingham,West Midlands,934.0,202.0,21.627408993576015,E01009007,E02001849
E01009008,Birmingham 141A,E08000025,Birmingham,West Midlands,625.0,76.0,12.16,E01009008,E02007038
E01009009,Birmingham 025B,E08000025,Birmingham,West Midlands,654.0,67.0,10.244648318042813,E01009009,E02001851
E01009011,Birmingham 141B,E08000025,Birmingham,West Midlands,825.0,82.0,9.93939393939394,E01009011,E02007038
E01009012,Birmingham 141C,E08000025,Birmingham,West Midlands,634.0,67.0,10.56782334384858,E01009012,E02007038
E01009013,Birmingham 031D,E08000025,Birmingham,West Midlands,931.0,150.0,16.11170784103115,E01009013,E02001857
E01009014,Birmingham 090A,E08000025,Birmingham,West Midlands,844.0,146.0,17.298578199052134,E01009014,E02001916
E01009015,Birmingham 089G,E08000025,Birmingham,West Midlands,815.0,104.0,12.76073619631902,E01009015,E02001915
E01009016,Birmingham 098A,E08000025,Birmingham,West Midlands,754.0,111.0,14.721485411140584,E01009016,E02001924
E01009017,Birmingham 097A,E08000025,Birmingham,West Midlands,507.0,85.0,16.765285996055226,E01009017,E02001923
E01009018,Birmingham 090B,E08000025,Birmingham,West Midlands,749.0,114.0,15.220293724966622,E01009018,E02001916
E01009019,Birmingham 103A,E08000025,Birmingham,West Midlands,631.0,101.0,16.00633914421553,E01009019,E02001929
E01009020,Birmingham 103B,E08000025,Birmingham,West Midlands,577.0,92.0,15.944540727902945,E01009020,E02001929
E01009021,Birmingham 103C,E08000025,Birmingham,West Midlands,709.0,116.0,16.361071932299012,E01009021,E02001929
E01009022,Birmingham 098B,E08000025,Birmingham,West Midlands,620.0,92.0,14.838709677419354,E01009022,E02001924
E01009023,Birmingham 098C,E08000025,Birmingham,West Midlands,586.0,66.0,11.262798634812286,E01009023,E02001924
E01009024,Birmingham 103D,E08000025,Birmingham,West Midlands,643.0,96.0,14.930015552099535,E01009024,E02001929
E01009025,Birmingham 103E,E08000025,Birmingham,West Midlands,600.0,99.0,16.5,E01009025,E02001929
E01009026,Birmingham 090C,E08000025,Birmingham,West Midlands,737.0,153.0,20.759837177747624,E01009026,E02001916
E01009028,Birmingham 090D,E08000025,Birmingham,West Midlands,650.0,149.0,22.923076923076923,E01009028,E02001916
E01009029,Birmingham 090E,E08000025,Birmingham,West Midlands,535.0,100.0,18.69158878504673,E01009029,E02001916
E01009030,Birmingham 098D,E08000025,Birmingham,West Midlands,650.0,79.0,12.153846153846153,E01009030,E02001924
E01009031,Birmingham 105C,E08000025,Birmingham,West Midlands,669.0,72.0,10.762331838565023,E01009031,E02001931
E01009032,Birmingham 108A,E08000025,Birmingham,West Midlands,617.0,77.0,12.479740680713128,E01009032,E02001934
E01009033,Birmingham 103F,E08000025,Birmingham,West Midlands,727.0,119.0,16.368638239339752,E01009033,E02001929
E01009034,Birmingham 108B,E08000025,Birmingham,West Midlands,576.0,64.0,11.11111111111111,E01009034,E02001934
E01009035,Birmingham 108C,E08000025,Birmingham,West Midlands,636.0,93.0,14.622641509433961,E01009035,E02001934
E01009036,Birmingham 108D,E08000025,Birmingham,West Midlands,558.0,56.0,10.03584229390681,E01009036,E02001934
E01009037,Birmingham 105D,E08000025,Birmingham,West Midlands,787.0,73.0,9.275730622617536,E01009037,E02001931
E01009039,Birmingham 132A,E08000025,Birmingham,West Midlands,679.0,62.0,9.131075110456553,E01009039,E02006807
E01009040,Birmingham 132B,E08000025,Birmingham,West Midlands,642.0,66.0,10.2803738317757,E01009040,E02006807
E01009041,Birmingham 132C,E08000025,Birmingham,West Midlands,662.0,79.0,11.933534743202417,E01009041,E02006807
E01009042,Birmingham 132D,E08000025,Birmingham,West Midlands,546.0,87.0,15.934065934065933,E01009042,E02006807
E01009043,Birmingham 097B,E08000025,Birmingham,West Midlands,626.0,88.0,14.057507987220447,E01009043,E02001923
E01009044,Birmingham 097C,E08000025,Birmingham,West Midlands,476.0,92.0,19.327731092436977,E01009044,E02001923
E01009045,Birmingham 097D,E08000025,Birmingham,West Midlands,726.0,103.0,14.18732782369146,E01009045,E02001923
E01009046,Birmingham 097E,E08000025,Birmingham,West Midlands,632.0,76.0,12.025316455696203,E01009046,E02001923
E01009047,Birmingham 040C,E08000025,Birmingham,West Midlands,574.0,105.0,18.29268292682927,E01009047,E02001866
E01009048,Birmingham 040D,E08000025,Birmingham,West Midlands,669.0,132.0,19.730941704035875,E01009048,E02001866
E01009049,Birmingham 032A,E08000025,Birmingham,West Midlands,599.0,103.0,17.195325542570952,E01009049,E02001858
E01009050,Birmingham 035A,E08000025,Birmingham,West Midlands,780.0,154.0,19.743589743589745,E01009050,E02001861
E01009051,Birmingham 033A,E08000025,Birmingham,West Midlands,565.0,118.0,20.884955752212388,E01009051,E02001859
E01009053,Birmingham 033B,E08000025,Birmingham,West Midlands,463.0,116.0,25.05399568034557,E01009053,E02001859
E01009054,Birmingham 033C,E08000025,Birmingham,West Midlands,456.0,83.0,18.201754385964914,E01009054,E02001859
E01009056,Birmingham 032B,E08000025,Birmingham,West Midlands,784.0,125.0,15.943877551020408,E01009056,E02001858
E01009057,Birmingham 035D,E08000025,Birmingham,West Midlands,647.0,135.0,20.86553323029366,E01009057,E02001861
E01009058,Birmingham 033D,E08000025,Birmingham,West Midlands,522.0,120.0,22.988505747126435,E01009058,E02001859
E01009059,Birmingham 035E,E08000025,Birmingham,West Midlands,594.0,134.0,22.55892255892256,E01009059,E02001861
E01009060,Birmingham 035F,E08000025,Birmingham,West Midlands,501.0,107.0,21.35728542914172,E01009060,E02001861
E01009061,Birmingham 033E,E08000025,Birmingham,West Midlands,488.0,97.0,19.87704918032787,E01009061,E02001859
E01009062,Birmingham 040E,E08000025,Birmingham,West Midlands,534.0,115.0,21.53558052434457,E01009062,E02001866
E01009064,Birmingham 095B,E08000025,Birmingham,West Midlands,620.0,90.0,14.516129032258066,E01009064,E02001921
E01009065,Birmingham 075A,E08000025,Birmingham,West Midlands,661.0,85.0,12.859304084720122,E01009065,E02001901
E01009066,Birmingham 073A,E08000025,Birmingham,West Midlands,909.0,66.0,7.2607260726072615,E01009066,E02001899
E01009067,Birmingham 075B,E08000025,Birmingham,West Midlands,719.0,96.0,13.351877607788595,E01009067,E02001901
E01009068,Birmingham 075C,E08000025,Birmingham,West Midlands,755.0,104.0,13.774834437086092,E01009068,E02001901
E01009069,Birmingham 075D,E08000025,Birmingham,West Midlands,889.0,151.0,16.985376827896513,E01009069,E02001901
E01009070,Birmingham 073B,E08000025,Birmingham,West Midlands,702.0,83.0,11.823361823361823,E01009070,E02001899
E01009071,Birmingham 087B,E08000025,Birmingham,West Midlands,770.0,99.0,12.857142857142856,E01009071,E02001913
E01009072,Birmingham 075E,E08000025,Birmingham,West Midlands,881.0,136.0,15.43700340522134,E01009072,E02001901
E01009073,Birmingham 085A,E08000025,Birmingham,West Midlands,671.0,102.0,15.201192250372578,E01009073,E02001911
E01009074,Birmingham 085B,E08000025,Birmingham,West Midlands,736.0,101.0,13.722826086956522,E01009074,E02001911
E01009075,Birmingham 087C,E08000025,Birmingham,West Midlands,849.0,141.0,16.607773851590103,E01009075,E02001913
E01009077,Birmingham 095C,E08000025,Birmingham,West Midlands,722.0,101.0,13.988919667590027,E01009077,E02001921
E01009078,Birmingham 087E,E08000025,Birmingham,West Midlands,637.0,141.0,22.135007849293565,E01009078,E02001913
E01009079,Birmingham 141G,E08000025,Birmingham,West Midlands,508.0,61.0,12.007874015748031,E01009079,E02007038
E01009080,Birmingham 141F,E08000025,Birmingham,West Midlands,420.0,48.0,11.428571428571429,E01009080,E02007038
E01009081,Birmingham 141H,E08000025,Birmingham,West Midlands,580.0,71.0,12.241379310344827,E01009081,E02007038
E01009082,Birmingham 044A,E08000025,Birmingham,West Midlands,518.0,60.0,11.583011583011583,E01009082,E02001870
E01009083,Birmingham 141I,E08000025,Birmingham,West Midlands,575.0,67.0,11.652173913043478,E01009083,E02007038
E01009084,Birmingham 042A,E08000025,Birmingham,West Midlands,550.0,75.0,13.636363636363635,E01009084,E02001868
E01009085,Birmingham 042B,E08000025,Birmingham,West Midlands,516.0,69.0,13.372093023255813,E01009085,E02001868
E01009086,Birmingham 044B,E08000025,Birmingham,West Midlands,651.0,81.0,12.442396313364055,E01009086,E02001870
E01009087,Birmingham 042C,E08000025,Birmingham,West Midlands,607.0,70.0,11.532125205930807,E01009087,E02001868
E01009088,Birmingham 045A,E08000025,Birmingham,West Midlands,709.0,81.0,11.42454160789845,E01009088,E02001871
E01009089,Birmingham 042D,E08000025,Birmingham,West Midlands,511.0,59.0,11.545988258317024,E01009089,E02001868
E01009090,Birmingham 042E,E08000025,Birmingham,West Midlands,563.0,83.0,14.742451154529308,E01009090,E02001868
E01009091,Birmingham 045B,E08000025,Birmingham,West Midlands,688.0,74.0,10.755813953488373,E01009091,E02001871
E01009092,Birmingham 054A,E08000025,Birmingham,West Midlands,644.0,96.0,14.906832298136646,E01009092,E02001880
E01009093,Birmingham 054B,E08000025,Birmingham,West Midlands,672.0,109.0,16.220238095238095,E01009093,E02001880
E01009094,Birmingham 054C,E08000025,Birmingham,West Midlands,567.0,77.0,13.580246913580247,E01009094,E02001880
E01009095,Birmingham 056A,E08000025,Birmingham,West Midlands,695.0,87.0,12.51798561151079,E01009095,E02001882
E01009096,Birmingham 029A,E08000025,Birmingham,West Midlands,807.0,111.0,13.754646840148698,E01009096,E02001855
E01009097,Birmingham 029B,E08000025,Birmingham,West Midlands,809.0,94.0,11.61928306551298,E01009097,E02001855
E01009098,Birmingham 025C,E08000025,Birmingham,West Midlands,970.0,85.0,8.762886597938143,E01009098,E02001851
E01009099,Birmingham 029C,E08000025,Birmingham,West Midlands,829.0,83.0,10.012062726176115,E01009099,E02001855
E01009100,Birmingham 025D,E08000025,Birmingham,West Midlands,855.0,61.0,7.1345029239766085,E01009100,E02001851
E01009101,Birmingham 029D,E08000025,Birmingham,West Midlands,634.0,81.0,12.77602523659306,E01009101,E02001855
E01009102,Birmingham 141E,E08000025,Birmingham,West Midlands,674.0,109.0,16.172106824925816,E01009102,E02007038
E01009103,Birmingham 029E,E08000025,Birmingham,West Midlands,713.0,94.0,13.183730715287517,E01009103,E02001855
E01009104,Birmingham 141D,E08000025,Birmingham,West Midlands,651.0,108.0,16.589861751152075,E01009104,E02007038
E01009105,Birmingham 025E,E08000025,Birmingham,West Midlands,770.0,67.0,8.701298701298702,E01009105,E02001851
E01009106,Birmingham 029F,E08000025,Birmingham,West Midlands,600.0,90.0,15.0,E01009106,E02001855
E01009107,Birmingham 128A,E08000025,Birmingham,West Midlands,729.0,93.0,12.757201646090536,E01009107,E02001954
E01009108,Birmingham 127A,E08000025,Birmingham,West Midlands,463.0,34.0,7.343412526997841,E01009108,E02001953
E01009109,Birmingham 123B,E08000025,Birmingham,West Midlands,539.0,61.0,11.317254174397032,E01009109,E02001949
E01009110,Birmingham 128B,E08000025,Birmingham,West Midlands,633.0,71.0,11.216429699842022,E01009110,E02001954
E01009111,Birmingham 127B,E08000025,Birmingham,West Midlands,626.0,59.0,9.424920127795527,E01009111,E02001953
E01009112,Birmingham 127C,E08000025,Birmingham,West Midlands,664.0,66.0,9.939759036144578,E01009112,E02001953
E01009113,Birmingham 128C,E08000025,Birmingham,West Midlands,730.0,78.0,10.684931506849315,E01009113,E02001954
E01009114,Birmingham 128D,E08000025,Birmingham,West Midlands,682.0,88.0,12.903225806451612,E01009114,E02001954
E01009115,Birmingham 128E,E08000025,Birmingham,West Midlands,638.0,79.0,12.38244514106583,E01009115,E02001954
E01009116,Birmingham 127D,E08000025,Birmingham,West Midlands,596.0,48.0,8.053691275167784,E01009116,E02001953
E01009117,Birmingham 126A,E08000025,Birmingham,West Midlands,826.0,84.0,10.16949152542373,E01009117,E02001952
E01009118,Birmingham 127E,E08000025,Birmingham,West Midlands,707.0,77.0,10.891089108910892,E01009118,E02001953
E01009119,Birmingham 123C,E08000025,Birmingham,West Midlands,684.0,77.0,11.257309941520468,E01009119,E02001949
E01009120,Birmingham 123D,E08000025,Birmingham,West Midlands,800.0,68.0,8.5,E01009120,E02001949
E01009122,Birmingham 014B,E08000025,Birmingham,West Midlands,695.0,98.0,14.100719424460431,E01009122,E02001840
E01009123,Birmingham 022A,E08000025,Birmingham,West Midlands,639.0,71.0,11.11111111111111,E01009123,E02001848
E01009124,Birmingham 022B,E08000025,Birmingham,West Midlands,741.0,96.0,12.955465587044534,E01009124,E02001848
E01009125,Birmingham 022C,E08000025,Birmingham,West Midlands,709.0,97.0,13.681241184767279,E01009125,E02001848
E01009126,Birmingham 026A,E08000025,Birmingham,West Midlands,565.0,60.0,10.619469026548673,E01009126,E02001852
E01009127,Birmingham 011A,E08000025,Birmingham,West Midlands,600.0,99.0,16.5,E01009127,E02001837
E01009128,Birmingham 011B,E08000025,Birmingham,West Midlands,549.0,89.0,16.21129326047359,E01009128,E02001837
E01009129,Birmingham 014C,E08000025,Birmingham,West Midlands,594.0,105.0,17.67676767676768,E01009129,E02001840
E01009130,Birmingham 011C,E08000025,Birmingham,West Midlands,624.0,95.0,15.224358974358973,E01009130,E02001837
E01009131,Birmingham 011D,E08000025,Birmingham,West Midlands,528.0,78.0,14.772727272727273,E01009131,E02001837
E01009132,Birmingham 014D,E08000025,Birmingham,West Midlands,624.0,98.0,15.705128205128204,E01009132,E02001840
E01009133,Birmingham 011E,E08000025,Birmingham,West Midlands,628.0,97.0,15.445859872611464,E01009133,E02001837
E01009134,Birmingham 011F,E08000025,Birmingham,West Midlands,682.0,106.0,15.542521994134898,E01009134,E02001837
E01009135,Birmingham 010A,E08000025,Birmingham,West Midlands,623.0,33.0,5.296950240770466,E01009135,E02001836
E01009136,Birmingham 014E,E08000025,Birmingham,West Midlands,877.0,89.0,10.148232611174459,E01009136,E02001840
E01009137,Birmingham 011G,E08000025,Birmingham,West Midlands,612.0,95.0,15.522875816993464,E01009137,E02001837
E01009138,Birmingham 060A,E08000025,Birmingham,West Midlands,710.0,157.0,22.112676056338028,E01009138,E02001886
E01009139,Birmingham 060B,E08000025,Birmingham,West Midlands,592.0,139.0,23.47972972972973,E01009139,E02001886
E01009140,Birmingham 060C,E08000025,Birmingham,West Midlands,872.0,134.0,15.36697247706422,E01009140,E02001886
E01009141,Birmingham 137A,E08000025,Birmingham,West Midlands,843.0,113.0,13.404507710557533,E01009141,E02006898
E01009143,Birmingham 136A,E08000025,Birmingham,West Midlands,784.0,113.0,14.41326530612245,E01009143,E02006897
E01009145,Birmingham 060D,E08000025,Birmingham,West Midlands,759.0,135.0,17.786561264822133,E01009145,E02001886
E01009146,Birmingham 136B,E08000025,Birmingham,West Midlands,1085.0,123.0,11.336405529953918,E01009146,E02006897
E01009147,Birmingham 060E,E08000025,Birmingham,West Midlands,696.0,124.0,17.81609195402299,E01009147,E02001886
E01009151,Birmingham 053A,E08000025,Birmingham,West Midlands,654.0,181.0,27.675840978593275,E01009151,E02001879
E01009152,Birmingham 053B,E08000025,Birmingham,West Midlands,604.0,128.0,21.192052980132452,E01009152,E02001879
E01009153,Birmingham 053C,E08000025,Birmingham,West Midlands,855.0,179.0,20.93567251461988,E01009153,E02001879
E01009155,Birmingham 125B,E08000025,Birmingham,West Midlands,610.0,71.0,11.639344262295081,E01009155,E02001951
E01009157,Birmingham 125D,E08000025,Birmingham,West Midlands,644.0,84.0,13.043478260869565,E01009157,E02001951
E01009158,Birmingham 129A,E08000025,Birmingham,West Midlands,923.0,81.0,8.775731310942579,E01009158,E02001955
E01009159,Birmingham 130A,E08000025,Birmingham,West Midlands,946.0,52.0,5.496828752642706,E01009159,E02001956
E01009160,Birmingham 125E,E08000025,Birmingham,West Midlands,743.0,93.0,12.516823687752353,E01009160,E02001951
E01009161,Birmingham 125F,E08000025,Birmingham,West Midlands,634.0,73.0,11.514195583596216,E01009161,E02001951
E01009162,Birmingham 124A,E08000025,Birmingham,West Midlands,662.0,89.0,13.444108761329304,E01009162,E02001950
E01009164,Birmingham 130B,E08000025,Birmingham,West Midlands,653.0,61.0,9.341500765696784,E01009164,E02001956
E01009165,Birmingham 129C,E08000025,Birmingham,West Midlands,671.0,64.0,9.538002980625931,E01009165,E02001955
E01009166,Birmingham 131A,E08000025,Birmingham,West Midlands,588.0,69.0,11.73469387755102,E01009166,E02001957
E01009167,Birmingham 130C,E08000025,Birmingham,West Midlands,617.0,67.0,10.85899513776337,E01009167,E02001956
E01009168,Birmingham 131B,E08000025,Birmingham,West Midlands,677.0,66.0,9.748892171344165,E01009168,E02001957
E01009169,Birmingham 129D,E08000025,Birmingham,West Midlands,725.0,78.0,10.758620689655173,E01009169,E02001955
E01009170,Birmingham 131C,E08000025,Birmingham,West Midlands,664.0,61.0,9.186746987951807,E01009170,E02001957
E01009171,Birmingham 130D,E08000025,Birmingham,West Midlands,753.0,84.0,11.155378486055776,E01009171,E02001956
E01009172,Birmingham 119A,E08000025,Birmingham,West Midlands,576.0,87.0,15.104166666666666,E01009172,E02001945
E01009173,Birmingham 119B,E08000025,Birmingham,West Midlands,660.0,120.0,18.181818181818183,E01009173,E02001945
E01009174,Birmingham 119C,E08000025,Birmingham,West Midlands,541.0,65.0,12.014787430683919,E01009174,E02001945
E01009175,Birmingham 104A,E08000025,Birmingham,West Midlands,617.0,91.0,14.748784440842789,E01009175,E02001930
E01009176,Birmingham 105E,E08000025,Birmingham,West Midlands,702.0,79.0,11.253561253561253,E01009176,E02001931
E01009177,Birmingham 104B,E08000025,Birmingham,West Midlands,662.0,97.0,14.652567975830816,E01009177,E02001930
E01009178,Birmingham 104C,E08000025,Birmingham,West Midlands,784.0,146.0,18.622448979591837,E01009178,E02001930
E01009179,Birmingham 104D,E08000025,Birmingham,West Midlands,670.0,81.0,12.08955223880597,E01009179,E02001930
E01009182,Birmingham 092A,E08000025,Birmingham,West Midlands,668.0,136.0,20.35928143712575,E01009182,E02001918
E01009183,Birmingham 088C,E08000025,Birmingham,West Midlands,600.0,49.0,8.166666666666666,E01009183,E02001914
E01009184,Birmingham 092B,E08000025,Birmingham,West Midlands,757.0,131.0,17.305151915455745,E01009184,E02001918
E01009185,Birmingham 093A,E08000025,Birmingham,West Midlands,793.0,92.0,11.601513240857503,E01009185,E02001919
E01009186,Birmingham 088D,E08000025,Birmingham,West Midlands,812.0,87.0,10.714285714285714,E01009186,E02001914
E01009187,Birmingham 092C,E08000025,Birmingham,West Midlands,675.0,72.0,10.666666666666668,E01009187,E02001918
E01009188,Birmingham 092D,E08000025,Birmingham,West Midlands,688.0,87.0,12.645348837209303,E01009188,E02001918
E01009189,Birmingham 104E,E08000025,Birmingham,West Midlands,618.0,71.0,11.488673139158575,E01009189,E02001930
E01009192,Birmingham 052B,E08000025,Birmingham,West Midlands,646.0,106.0,16.408668730650156,E01009192,E02001878
E01009195,Birmingham 058A,E08000025,Birmingham,West Midlands,714.0,144.0,20.168067226890756,E01009195,E02001884
E01009197,Birmingham 058C,E08000025,Birmingham,West Midlands,505.0,83.0,16.435643564356436,E01009197,E02001884
E01009199,Birmingham 052D,E08000025,Birmingham,West Midlands,558.0,56.0,10.03584229390681,E01009199,E02001878
E01009200,Birmingham 139A,E08000025,Birmingham,West Midlands,630.0,84.0,13.333333333333334,E01009200,E02006900
E01009201,Birmingham 043A,E08000025,Birmingham,West Midlands,735.0,99.0,13.46938775510204,E01009201,E02001869
E01009202,Birmingham 043B,E08000025,Birmingham,West Midlands,662.0,114.0,17.220543806646525,E01009202,E02001869
E01009204,Birmingham 052E,E08000025,Birmingham,West Midlands,738.0,91.0,12.330623306233063,E01009204,E02001878
E01009205,Birmingham 120A,E08000025,Birmingham,West Midlands,644.0,66.0,10.248447204968944,E01009205,E02001946
E01009206,Birmingham 120B,E08000025,Birmingham,West Midlands,680.0,73.0,10.735294117647058,E01009206,E02001946
E01009207,Birmingham 124B,E08000025,Birmingham,West Midlands,692.0,63.0,9.104046242774565,E01009207,E02001950
E01009208,Birmingham 124C,E08000025,Birmingham,West Midlands,728.0,72.0,9.89010989010989,E01009208,E02001950
E01009209,Birmingham 124D,E08000025,Birmingham,West Midlands,984.0,126.0,12.804878048780488,E01009209,E02001950
E01009210,Birmingham 126B,E08000025,Birmingham,West Midlands,859.0,99.0,11.525029103608848,E01009210,E02001952
E01009211,Birmingham 120C,E08000025,Birmingham,West Midlands,714.0,48.0,6.722689075630252,E01009211,E02001946
E01009212,Birmingham 126C,E08000025,Birmingham,West Midlands,806.0,99.0,12.28287841191067,E01009212,E02001952
E01009213,Birmingham 124E,E08000025,Birmingham,West Midlands,782.0,88.0,11.253196930946292,E01009213,E02001950
E01009214,Birmingham 126D,E08000025,Birmingham,West Midlands,802.0,99.0,12.344139650872817,E01009214,E02001952
E01009215,Birmingham 126E,E08000025,Birmingham,West Midlands,971.0,117.0,12.049433573635428,E01009215,E02001952
E01009216,Birmingham 131D,E08000025,Birmingham,West Midlands,859.0,88.0,10.244470314318974,E01009216,E02001957
E01009217,Birmingham 131E,E08000025,Birmingham,West Midlands,682.0,64.0,9.3841642228739,E01009217,E02001957
E01009218,Birmingham 120D,E08000025,Birmingham,West Midlands,674.0,65.0,9.643916913946587,E01009218,E02001946
E01009219,Birmingham 120E,E08000025,Birmingham,West Midlands,636.0,77.0,12.10691823899371,E01009219,E02001946
E01009220,Birmingham 008A,E08000025,Birmingham,West Midlands,646.0,84.0,13.003095975232199,E01009220,E02001834
E01009221,Birmingham 007A,E08000025,Birmingham,West Midlands,621.0,69.0,11.11111111111111,E01009221,E02001833
E01009222,Birmingham 008B,E08000025,Birmingham,West Midlands,602.0,91.0,15.11627906976744,E01009222,E02001834
E01009223,Birmingham 013A,E08000025,Birmingham,West Midlands,718.0,72.0,10.027855153203342,E01009223,E02001839
E01009224,Birmingham 008C,E08000025,Birmingham,West Midlands,621.0,64.0,10.305958132045088,E01009224,E02001834
E01009225,Birmingham 013B,E08000025,Birmingham,West Midlands,781.0,81.0,10.371318822023047,E01009225,E02001839
E01009226,Birmingham 017A,E08000025,Birmingham,West Midlands,695.0,83.0,11.942446043165468,E01009226,E02001843
E01009227,Birmingham 013C,E08000025,Birmingham,West Midlands,737.0,80.0,10.854816824966079,E01009227,E02001839
E01009228,Birmingham 013D,E08000025,Birmingham,West Midlands,703.0,89.0,12.660028449502134,E01009228,E02001839
E01009229,Birmingham 017B,E08000025,Birmingham,West Midlands,685.0,76.0,11.094890510948906,E01009229,E02001843
E01009230,Birmingham 017C,E08000025,Birmingham,West Midlands,765.0,98.0,12.810457516339868,E01009230,E02001843
E01009231,Birmingham 017D,E08000025,Birmingham,West Midlands,810.0,79.0,9.753086419753085,E01009231,E02001843
E01009232,Birmingham 022D,E08000025,Birmingham,West Midlands,613.0,82.0,13.376835236541599,E01009232,E02001848
E01009233,Birmingham 008D,E08000025,Birmingham,West Midlands,647.0,92.0,14.219474497681608,E01009233,E02001834
E01009234,Birmingham 019A,E08000025,Birmingham,West Midlands,638.0,72.0,11.285266457680251,E01009234,E02001845
E01009235,Birmingham 016A,E08000025,Birmingham,West Midlands,657.0,76.0,11.56773211567732,E01009235,E02001842
E01009236,Birmingham 019B,E08000025,Birmingham,West Midlands,627.0,64.0,10.207336523125997,E01009236,E02001845
E01009237,Birmingham 024A,E08000025,Birmingham,West Midlands,606.0,74.0,12.211221122112212,E01009237,E02001850
E01009238,Birmingham 024B,E08000025,Birmingham,West Midlands,658.0,65.0,9.878419452887538,E01009238,E02001850
E01009239,Birmingham 033F,E08000025,Birmingham,West Midlands,578.0,101.0,17.474048442906575,E01009239,E02001859
E01009240,Birmingham 024C,E08000025,Birmingham,West Midlands,623.0,73.0,11.717495987158909,E01009240,E02001850
E01009241,Birmingham 024D,E08000025,Birmingham,West Midlands,617.0,82.0,13.290113452188008,E01009241,E02001850
E01009242,Birmingham 024E,E08000025,Birmingham,West Midlands,661.0,117.0,17.700453857791228,E01009242,E02001850
E01009243,Birmingham 016B,E08000025,Birmingham,West Midlands,762.0,70.0,9.186351706036746,E01009243,E02001842
E01009244,Birmingham 019C,E08000025,Birmingham,West Midlands,837.0,73.0,8.72162485065711,E01009244,E02001845
E01009245,Birmingham 016C,E08000025,Birmingham,West Midlands,595.0,71.0,11.932773109243698,E01009245,E02001842
E01009246,Birmingham 016D,E08000025,Birmingham,West Midlands,693.0,78.0,11.255411255411255,E01009246,E02001842
E01009247,Birmingham 016E,E08000025,Birmingham,West Midlands,613.0,70.0,11.419249592169658,E01009247,E02001842
E01009248,Birmingham 019D,E08000025,Birmingham,West Midlands,734.0,86.0,11.716621253405995,E01009248,E02001845
E01009249,Birmingham 080A,E08000025,Birmingham,West Midlands,677.0,75.0,11.078286558345644,E01009249,E02001906
E01009250,Birmingham 080B,E08000025,Birmingham,West Midlands,762.0,73.0,9.580052493438322,E01009250,E02001906
E01009251,Birmingham 080C,E08000025,Birmingham,West Midlands,657.0,77.0,11.71993911719939,E01009251,E02001906
E01009252,Birmingham 073C,E08000025,Birmingham,West Midlands,667.0,93.0,13.943028485757122,E01009252,E02001899
E01009253,Birmingham 080D,E08000025,Birmingham,West Midlands,653.0,70.0,10.719754977029096,E01009253,E02001906
E01009254,Birmingham 085C,E08000025,Birmingham,West Midlands,884.0,110.0,12.44343891402715,E01009254,E02001911
E01009255,Birmingham 080E,E08000025,Birmingham,West Midlands,651.0,75.0,11.52073732718894,E01009255,E02001906
E01009256,Birmingham 085D,E08000025,Birmingham,West Midlands,707.0,95.0,13.437057991513438,E01009256,E02001911
E01009257,Birmingham 080F,E08000025,Birmingham,West Midlands,645.0,70.0,10.852713178294573,E01009257,E02001906
E01009258,Birmingham 085E,E08000025,Birmingham,West Midlands,680.0,93.0,13.676470588235295,E01009258,E02001911
E01009259,Birmingham 094E,E08000025,Birmingham,West Midlands,751.0,93.0,12.383488681757656,E01009259,E02001920
E01009260,Birmingham 073D,E08000025,Birmingham,West Midlands,653.0,63.0,9.647779479326186,E01009260,E02001899
E01009261,Birmingham 073E,E08000025,Birmingham,West Midlands,753.0,80.0,10.624169986719787,E01009261,E02001899
E01009262,Birmingham 133A,E08000025,Birmingham,West Midlands,558.0,60.0,10.75268817204301,E01009262,E02006809
E01009263,Birmingham 032C,E08000025,Birmingham,West Midlands,651.0,102.0,15.668202764976957,E01009263,E02001858
E01009264,Birmingham 032D,E08000025,Birmingham,West Midlands,710.0,122.0,17.183098591549296,E01009264,E02001858
E01009265,Birmingham 032E,E08000025,Birmingham,West Midlands,613.0,106.0,17.29200652528548,E01009265,E02001858
E01009266,Birmingham 034A,E08000025,Birmingham,West Midlands,618.0,142.0,22.97734627831715,E01009266,E02001860
E01009267,Birmingham 133B,E08000025,Birmingham,West Midlands,623.0,78.0,12.520064205457466,E01009267,E02006809
E01009268,Birmingham 036A,E08000025,Birmingham,West Midlands,455.0,76.0,16.7032967032967,E01009268,E02001862
E01009269,Birmingham 034B,E08000025,Birmingham,West Midlands,527.0,138.0,26.185958254269448,E01009269,E02001860
E01009270,Birmingham 034C,E08000025,Birmingham,West Midlands,658.0,135.0,20.51671732522796,E01009270,E02001860
E01009271,Birmingham 034D,E08000025,Birmingham,West Midlands,541.0,122.0,22.55083179297597,E01009271,E02001860
E01009272,Birmingham 036B,E08000025,Birmingham,West Midlands,500.0,65.0,13.0,E01009272,E02001862
E01009273,Birmingham 034E,E08000025,Birmingham,West Midlands,518.0,109.0,21.042471042471043,E01009273,E02001860
E01009274,Birmingham 036C,E08000025,Birmingham,West Midlands,734.0,143.0,19.482288828337875,E01009274,E02001862
E01009275,Birmingham 039A,E08000025,Birmingham,West Midlands,526.0,110.0,20.912547528517113,E01009275,E02001865
E01009276,Birmingham 133C,E08000025,Birmingham,West Midlands,567.0,64.0,11.28747795414462,E01009276,E02006809
E01009278,Birmingham 133D,E08000025,Birmingham,West Midlands,563.0,71.0,12.61101243339254,E01009278,E02006809
E01009279,Birmingham 133E,E08000025,Birmingham,West Midlands,476.0,56.0,11.76470588235294,E01009279,E02006809
E01009280,Birmingham 100A,E08000025,Birmingham,West Midlands,770.0,105.0,13.636363636363635,E01009280,E02001926
E01009281,Birmingham 099A,E08000025,Birmingham,West Midlands,726.0,85.0,11.707988980716253,E01009281,E02001925
E01009282,Birmingham 100B,E08000025,Birmingham,West Midlands,723.0,124.0,17.15076071922545,E01009282,E02001926
E01009283,Birmingham 079E,E08000025,Birmingham,West Midlands,638.0,116.0,18.181818181818183,E01009283,E02001905
E01009284,Birmingham 096A,E08000025,Birmingham,West Midlands,1037.0,214.0,20.63645130183221,E01009284,E02001922
E01009286,Birmingham 096C,E08000025,Birmingham,West Midlands,542.0,166.0,30.627306273062732,E01009286,E02001922
E01009288,Birmingham 100C,E08000025,Birmingham,West Midlands,469.0,63.0,13.432835820895523,E01009288,E02001926
E01009289,Birmingham 096E,E08000025,Birmingham,West Midlands,643.0,187.0,29.082426127527217,E01009289,E02001922
E01009290,Birmingham 096F,E08000025,Birmingham,West Midlands,551.0,170.0,30.852994555353902,E01009290,E02001922
E01009291,Birmingham 095D,E08000025,Birmingham,West Midlands,614.0,109.0,17.75244299674267,E01009291,E02001921
E01009292,Birmingham 099B,E08000025,Birmingham,West Midlands,693.0,115.0,16.594516594516595,E01009292,E02001925
E01009293,Birmingham 100D,E08000025,Birmingham,West Midlands,643.0,141.0,21.928460342146188,E01009293,E02001926
E01009294,Birmingham 099C,E08000025,Birmingham,West Midlands,838.0,110.0,13.126491646778044,E01009294,E02001925
E01009295,Birmingham 099D,E08000025,Birmingham,West Midlands,698.0,119.0,17.048710601719197,E01009295,E02001925
E01009296,Birmingham 100E,E08000025,Birmingham,West Midlands,616.0,156.0,25.324675324675322,E01009296,E02001926
E01009297,Birmingham 057A,E08000025,Birmingham,West Midlands,826.0,83.0,10.048426150121065,E01009297,E02001883
E01009298,Birmingham 054D,E08000025,Birmingham,West Midlands,605.0,92.0,15.206611570247933,E01009298,E02001880
E01009299,Birmingham 057B,E08000025,Birmingham,West Midlands,651.0,79.0,12.135176651305683,E01009299,E02001883
E01009300,Birmingham 057C,E08000025,Birmingham,West Midlands,754.0,121.0,16.047745358090186,E01009300,E02001883
E01009301,Birmingham 057D,E08000025,Birmingham,West Midlands,801.0,94.0,11.735330836454432,E01009301,E02001883
E01009302,Birmingham 069A,E08000025,Birmingham,West Midlands,638.0,61.0,9.561128526645767,E01009302,E02001895
E01009303,Birmingham 057E,E08000025,Birmingham,West Midlands,747.0,78.0,10.441767068273093,E01009303,E02001883
E01009304,Birmingham 046A,E08000025,Birmingham,West Midlands,839.0,90.0,10.727056019070321,E01009304,E02001872
E01009305,Birmingham 045C,E08000025,Birmingham,West Midlands,736.0,89.0,12.092391304347826,E01009305,E02001871
E01009306,Birmingham 046B,E08000025,Birmingham,West Midlands,736.0,70.0,9.510869565217392,E01009306,E02001872
E01009307,Birmingham 045D,E08000025,Birmingham,West Midlands,760.0,88.0,11.578947368421053,E01009307,E02001871
E01009308,Birmingham 046C,E08000025,Birmingham,West Midlands,794.0,83.0,10.453400503778337,E01009308,E02001872
E01009309,Birmingham 045E,E08000025,Birmingham,West Midlands,817.0,87.0,10.648714810281518,E01009309,E02001871
E01009310,Birmingham 046D,E08000025,Birmingham,West Midlands,836.0,96.0,11.483253588516746,E01009310,E02001872
E01009311,Birmingham 054E,E08000025,Birmingham,West Midlands,588.0,95.0,16.156462585034014,E01009311,E02001880
E01009312,Birmingham 072A,E08000025,Birmingham,West Midlands,645.0,60.0,9.30232558139535,E01009312,E02001898
E01009313,Birmingham 076D,E08000025,Birmingham,West Midlands,660.0,75.0,11.363636363636363,E01009313,E02001902
E01009314,Birmingham 069B,E08000025,Birmingham,West Midlands,779.0,84.0,10.783055198973042,E01009314,E02001895
E01009315,Birmingham 081A,E08000025,Birmingham,West Midlands,871.0,94.0,10.79219288174512,E01009315,E02001907
E01009316,Birmingham 081B,E08000025,Birmingham,West Midlands,827.0,99.0,11.970979443772672,E01009316,E02001907
E01009317,Birmingham 081C,E08000025,Birmingham,West Midlands,878.0,95.0,10.82004555808656,E01009317,E02001907
E01009318,Birmingham 081D,E08000025,Birmingham,West Midlands,669.0,67.0,10.014947683109119,E01009318,E02001907
E01009319,Birmingham 081E,E08000025,Birmingham,West Midlands,652.0,73.0,11.196319018404909,E01009319,E02001907
E01009320,Birmingham 081F,E08000025,Birmingham,West Midlands,681.0,82.0,12.041116005873716,E01009320,E02001907
E01009321,Birmingham 069C,E08000025,Birmingham,West Midlands,849.0,108.0,12.7208480565371,E01009321,E02001895
E01009322,Birmingham 069D,E08000025,Birmingham,West Midlands,752.0,82.0,10.904255319148938,E01009322,E02001895
E01009323,Birmingham 069E,E08000025,Birmingham,West Midlands,664.0,71.0,10.692771084337348,E01009323,E02001895
E01009324,Birmingham 072B,E08000025,Birmingham,West Midlands,746.0,78.0,10.455764075067025,E01009324,E02001898
E01009325,Birmingham 063A,E08000025,Birmingham,West Midlands,530.0,109.0,20.566037735849058,E01009325,E02001889
E01009326,Birmingham 066D,E08000025,Birmingham,West Midlands,580.0,124.0,21.379310344827587,E01009326,E02001892
E01009327,Birmingham 139B,E08000025,Birmingham,West Midlands,431.0,98.0,22.73781902552204,E01009327,E02006900
E01009328,Birmingham 139C,E08000025,Birmingham,West Midlands,536.0,104.0,19.402985074626866,E01009328,E02006900
E01009329,Birmingham 070A,E08000025,Birmingham,West Midlands,744.0,153.0,20.56451612903226,E01009329,E02001896
E01009331,Birmingham 139D,E08000025,Birmingham,West Midlands,613.0,129.0,21.04404567699837,E01009331,E02006900
E01009332,Birmingham 139E,E08000025,Birmingham,West Midlands,620.0,113.0,18.225806451612904,E01009332,E02006900
E01009333,Birmingham 139F,E08000025,Birmingham,West Midlands,423.0,107.0,25.295508274231675,E01009333,E02006900
E01009334,Birmingham 070B,E08000025,Birmingham,West Midlands,453.0,76.0,16.777041942604857,E01009334,E02001896
E01009335,Birmingham 139G,E08000025,Birmingham,West Midlands,507.0,103.0,20.315581854043394,E01009335,E02006900
E01009337,Birmingham 070C,E08000025,Birmingham,West Midlands,516.0,107.0,20.73643410852713,E01009337,E02001896
E01009338,Birmingham 070D,E08000025,Birmingham,West Midlands,450.0,92.0,20.444444444444446,E01009338,E02001896
E01009339,Birmingham 142A,E08000025,Birmingham,West Midlands,492.0,109.0,22.15447154471545,E01009339,E02007039
E01009341,Birmingham 066E,E08000025,Birmingham,West Midlands,542.0,84.0,15.498154981549817,E01009341,E02001892
E01009342,Birmingham 063D,E08000025,Birmingham,West Midlands,425.0,82.0,19.294117647058822,E01009342,E02001889
E01009343,Birmingham 063E,E08000025,Birmingham,West Midlands,516.0,110.0,21.31782945736434,E01009343,E02001889
E01009344,Birmingham 139H,E08000025,Birmingham,West Midlands,491.0,105.0,21.384928716904277,E01009344,E02006900
E01009345,Birmingham 053D,E08000025,Birmingham,West Midlands,523.0,103.0,19.694072657743785,E01009345,E02001879
E01009346,Birmingham 053E,E08000025,Birmingham,West Midlands,548.0,104.0,18.97810218978102,E01009346,E02001879
E01009347,Birmingham 049D,E08000025,Birmingham,West Midlands,589.0,92.0,15.619694397283531,E01009347,E02001875
E01009348,Birmingham 047A,E08000025,Birmingham,West Midlands,846.0,132.0,15.602836879432624,E01009348,E02001873
E01009349,Birmingham 036D,E08000025,Birmingham,West Midlands,585.0,148.0,25.299145299145298,E01009349,E02001862
E01009350,Birmingham 039B,E08000025,Birmingham,West Midlands,497.0,123.0,24.748490945674046,E01009350,E02001865
E01009351,Birmingham 036E,E08000025,Birmingham,West Midlands,574.0,141.0,24.56445993031359,E01009351,E02001862
E01009352,Birmingham 039C,E08000025,Birmingham,West Midlands,512.0,111.0,21.6796875,E01009352,E02001865
E01009353,Birmingham 039D,E08000025,Birmingham,West Midlands,494.0,107.0,21.65991902834008,E01009353,E02001865
E01009354,Birmingham 036F,E08000025,Birmingham,West Midlands,533.0,107.0,20.075046904315197,E01009354,E02001862
E01009355,Birmingham 039E,E08000025,Birmingham,West Midlands,501.0,95.0,18.962075848303392,E01009355,E02001865
E01009358,Birmingham 047B,E08000025,Birmingham,West Midlands,768.0,171.0,22.265625,E01009358,E02001873
E01009359,Birmingham 047C,E08000025,Birmingham,West Midlands,717.0,180.0,25.10460251046025,E01009359,E02001873
E01009360,Birmingham 047D,E08000025,Birmingham,West Midlands,1001.0,163.0,16.283716283716284,E01009360,E02001873
E01009361,Birmingham 047E,E08000025,Birmingham,West Midlands,802.0,210.0,26.184538653366584,E01009361,E02001873
E01009362,Birmingham 071A,E08000025,Birmingham,West Midlands,515.0,72.0,13.980582524271846,E01009362,E02001897
E01009363,Birmingham 071B,E08000025,Birmingham,West Midlands,592.0,85.0,14.358108108108109,E01009363,E02001897
E01009364,Birmingham 071C,E08000025,Birmingham,West Midlands,585.0,78.0,13.333333333333334,E01009364,E02001897
E01009365,Birmingham 071D,E08000025,Birmingham,West Midlands,609.0,117.0,19.21182266009852,E01009365,E02001897
E01009366,Birmingham 084A,E08000025,Birmingham,West Midlands,562.0,98.0,17.437722419928825,E01009366,E02001910
E01009367,Birmingham 083A,E08000025,Birmingham,West Midlands,577.0,122.0,21.143847487001732,E01009367,E02001909
E01009368,Birmingham 077A,E08000025,Birmingham,West Midlands,434.0,90.0,20.737327188940093,E01009368,E02001903
E01009371,Birmingham 077D,E08000025,Birmingham,West Midlands,547.0,121.0,22.120658135283364,E01009371,E02001903
E01009372,Birmingham 082A,E08000025,Birmingham,West Midlands,443.0,92.0,20.767494356659142,E01009372,E02001908
E01009373,Birmingham 082B,E08000025,Birmingham,West Midlands,486.0,97.0,19.958847736625515,E01009373,E02001908
E01009374,Birmingham 084B,E08000025,Birmingham,West Midlands,455.0,63.0,13.846153846153847,E01009374,E02001910
E01009375,Birmingham 083B,E08000025,Birmingham,West Midlands,579.0,113.0,19.516407599309154,E01009375,E02001909
E01009376,Birmingham 084C,E08000025,Birmingham,West Midlands,561.0,107.0,19.073083778966133,E01009376,E02001910
E01009377,Birmingham 083C,E08000025,Birmingham,West Midlands,454.0,93.0,20.484581497797357,E01009377,E02001909
E01009379,Birmingham 071E,E08000025,Birmingham,West Midlands,703.0,99.0,14.082503556187767,E01009379,E02001897
E01009380,Birmingham 070E,E08000025,Birmingham,West Midlands,530.0,108.0,20.37735849056604,E01009380,E02001896
E01009382,Birmingham 142D,E08000025,Birmingham,West Midlands,491.0,85.0,17.311608961303463,E01009382,E02007039
E01009383,Birmingham 083D,E08000025,Birmingham,West Midlands,421.0,86.0,20.42755344418052,E01009383,E02001909
E01009384,Birmingham 092E,E08000025,Birmingham,West Midlands,728.0,89.0,12.225274725274724,E01009384,E02001918
E01009385,Birmingham 092F,E08000025,Birmingham,West Midlands,623.0,108.0,17.335473515248793,E01009385,E02001918
E01009389,Birmingham 093B,E08000025,Birmingham,West Midlands,507.0,81.0,15.976331360946746,E01009389,E02001919
E01009390,Birmingham 093C,E08000025,Birmingham,West Midlands,676.0,143.0,21.153846153846153,E01009390,E02001919
E01009391,Birmingham 143C,E08000025,Birmingham,West Midlands,536.0,131.0,24.44029850746269,E01009391,E02007040
E01009392,Birmingham 142E,E08000025,Birmingham,West Midlands,443.0,85.0,19.187358916478555,E01009392,E02007039
E01009393,Birmingham 143D,E08000025,Birmingham,West Midlands,504.0,120.0,23.809523809523807,E01009393,E02007040
E01009394,Birmingham 093D,E08000025,Birmingham,West Midlands,756.0,86.0,11.375661375661375,E01009394,E02001919
E01009395,Birmingham 097F,E08000025,Birmingham,West Midlands,544.0,103.0,18.933823529411764,E01009395,E02001923
E01009396,Birmingham 082D,E08000025,Birmingham,West Midlands,537.0,119.0,22.160148975791433,E01009396,E02001908
E01009397,Birmingham 077E,E08000025,Birmingham,West Midlands,488.0,101.0,20.69672131147541,E01009397,E02001903
E01009399,Birmingham 083E,E08000025,Birmingham,West Midlands,442.0,101.0,22.850678733031675,E01009399,E02001909
E01009400,Birmingham 031E,E08000025,Birmingham,West Midlands,599.0,100.0,16.69449081803005,E01009400,E02001857
E01009401,Birmingham 031F,E08000025,Birmingham,West Midlands,663.0,143.0,21.568627450980394,E01009401,E02001857
E01009403,Birmingham 020A,E08000025,Birmingham,West Midlands,635.0,94.0,14.803149606299213,E01009403,E02001846
E01009404,Birmingham 020B,E08000025,Birmingham,West Midlands,653.0,97.0,14.854517611026033,E01009404,E02001846
E01009405,Birmingham 020C,E08000025,Birmingham,West Midlands,635.0,89.0,14.015748031496065,E01009405,E02001846
E01009406,Birmingham 020D,E08000025,Birmingham,West Midlands,792.0,104.0,13.131313131313133,E01009406,E02001846
E01009407,Birmingham 020E,E08000025,Birmingham,West Midlands,718.0,109.0,15.181058495821729,E01009407,E02001846
E01009408,Birmingham 026B,E08000025,Birmingham,West Midlands,684.0,114.0,16.666666666666664,E01009408,E02001852
E01009409,Birmingham 026C,E08000025,Birmingham,West Midlands,867.0,160.0,18.45444059976932,E01009409,E02001852
E01009410,Birmingham 026D,E08000025,Birmingham,West Midlands,847.0,125.0,14.757969303423849,E01009410,E02001852
E01009411,Birmingham 030B,E08000025,Birmingham,West Midlands,905.0,96.0,10.607734806629834,E01009411,E02001856
E01009412,Birmingham 030C,E08000025,Birmingham,West Midlands,673.0,140.0,20.802377414561665,E01009412,E02001856
E01009413,Birmingham 030D,E08000025,Birmingham,West Midlands,698.0,141.0,20.20057306590258,E01009413,E02001856
E01009414,Birmingham 030E,E08000025,Birmingham,West Midlands,900.0,136.0,15.11111111111111,E01009414,E02001856
E01009415,Birmingham 002A,E08000025,Birmingham,West Midlands,714.0,42.0,5.88235294117647,E01009415,E02001828
E01009416,Birmingham 003A,E08000025,Birmingham,West Midlands,1114.0,70.0,6.283662477558348,E01009416,E02001829
E01009417,Birmingham 001A,E08000025,Birmingham,West Midlands,666.0,47.0,7.057057057057057,E01009417,E02001827
E01009418,Birmingham 001B,E08000025,Birmingham,West Midlands,670.0,62.0,9.253731343283581,E01009418,E02001827
E01009419,Birmingham 001C,E08000025,Birmingham,West Midlands,631.0,59.0,9.350237717908081,E01009419,E02001827
E01009420,Birmingham 003B,E08000025,Birmingham,West Midlands,675.0,56.0,8.296296296296296,E01009420,E02001829
E01009421,Birmingham 004A,E08000025,Birmingham,West Midlands,677.0,36.0,5.317577548005908,E01009421,E02001830
E01009422,Birmingham 002B,E08000025,Birmingham,West Midlands,887.0,79.0,8.90642615558061,E01009422,E02001828
E01009423,Birmingham 002C,E08000025,Birmingham,West Midlands,791.0,81.0,10.240202275600506,E01009423,E02001828
E01009424,Birmingham 004B,E08000025,Birmingham,West Midlands,751.0,78.0,10.386151797603196,E01009424,E02001830
E01009425,Birmingham 002D,E08000025,Birmingham,West Midlands,869.0,73.0,8.400460299194476,E01009425,E02001828
E01009426,Birmingham 003C,E08000025,Birmingham,West Midlands,640.0,45.0,7.03125,E01009426,E02001829
E01009427,Birmingham 004C,E08000025,Birmingham,West Midlands,715.0,59.0,8.251748251748252,E01009427,E02001830
E01009428,Birmingham 004D,E08000025,Birmingham,West Midlands,664.0,37.0,5.572289156626506,E01009428,E02001830
E01009429,Birmingham 003D,E08000025,Birmingham,West Midlands,604.0,44.0,7.28476821192053,E01009429,E02001829
E01009430,Birmingham 004E,E08000025,Birmingham,West Midlands,711.0,43.0,6.047819971870605,E01009430,E02001830
E01009431,Birmingham 003E,E08000025,Birmingham,West Midlands,687.0,49.0,7.132459970887918,E01009431,E02001829
E01009432,Birmingham 006A,E08000025,Birmingham,West Midlands,676.0,67.0,9.911242603550296,E01009432,E02001832
E01009433,Birmingham 001D,E08000025,Birmingham,West Midlands,782.0,28.0,3.580562659846547,E01009433,E02001827
E01009434,Birmingham 012A,E08000025,Birmingham,West Midlands,733.0,31.0,4.229195088676671,E01009434,E02001838
E01009435,Birmingham 006B,E08000025,Birmingham,West Midlands,733.0,30.0,4.092769440654844,E01009435,E02001832
E01009436,Birmingham 012B,E08000025,Birmingham,West Midlands,578.0,20.0,3.4602076124567476,E01009436,E02001838
E01009437,Birmingham 006C,E08000025,Birmingham,West Midlands,858.0,63.0,7.3426573426573425,E01009437,E02001832
E01009438,Birmingham 012C,E08000025,Birmingham,West Midlands,625.0,20.0,3.2,E01009438,E02001838
E01009439,Birmingham 021A,E08000025,Birmingham,West Midlands,626.0,47.0,7.507987220447284,E01009439,E02001847
E01009440,Birmingham 012D,E08000025,Birmingham,West Midlands,672.0,42.0,6.25,E01009440,E02001838
E01009441,Birmingham 021B,E08000025,Birmingham,West Midlands,666.0,66.0,9.90990990990991,E01009441,E02001847
E01009442,Birmingham 021C,E08000025,Birmingham,West Midlands,620.0,51.0,8.225806451612904,E01009442,E02001847
E01009443,Birmingham 021D,E08000025,Birmingham,West Midlands,545.0,35.0,6.422018348623854,E01009443,E02001847
E01009444,Birmingham 006D,E08000025,Birmingham,West Midlands,633.0,47.0,7.424960505529225,E01009444,E02001832
E01009445,Birmingham 005A,E08000025,Birmingham,West Midlands,823.0,87.0,10.571081409477522,E01009445,E02001831
E01009446,Birmingham 005B,E08000025,Birmingham,West Midlands,1050.0,78.0,7.428571428571429,E01009446,E02001831
E01009447,Birmingham 005C,E08000025,Birmingham,West Midlands,658.0,57.0,8.662613981762918,E01009447,E02001831
E01009448,Birmingham 005D,E08000025,Birmingham,West Midlands,702.0,66.0,9.401709401709402,E01009448,E02001831
E01009449,Birmingham 009A,E08000025,Birmingham,West Midlands,1150.0,136.0,11.826086956521738,E01009449,E02001835
E01009450,Birmingham 012E,E08000025,Birmingham,West Midlands,698.0,64.0,9.169054441260744,E01009450,E02001838
E01009451,Birmingham 009B,E08000025,Birmingham,West Midlands,665.0,72.0,10.827067669172932,E01009451,E02001835
E01009452,Birmingham 005E,E08000025,Birmingham,West Midlands,720.0,61.0,8.472222222222223,E01009452,E02001831
E01009453,Birmingham 009C,E08000025,Birmingham,West Midlands,543.0,58.0,10.681399631675875,E01009453,E02001835
E01009454,Birmingham 006E,E08000025,Birmingham,West Midlands,675.0,37.0,5.481481481481482,E01009454,E02001832
E01009455,Birmingham 005F,E08000025,Birmingham,West Midlands,727.0,73.0,10.041265474552958,E01009455,E02001831
E01009456,Birmingham 018C,E08000025,Birmingham,West Midlands,736.0,70.0,9.510869565217392,E01009456,E02001844
E01009457,Birmingham 015A,E08000025,Birmingham,West Midlands,631.0,36.0,5.705229793977813,E01009457,E02001841
E01009458,Birmingham 018D,E08000025,Birmingham,West Midlands,763.0,69.0,9.043250327653997,E01009458,E02001844
E01009459,Birmingham 015B,E08000025,Birmingham,West Midlands,665.0,63.0,9.473684210526317,E01009459,E02001841
E01009460,Birmingham 018E,E08000025,Birmingham,West Midlands,844.0,115.0,13.625592417061611,E01009460,E02001844
E01009461,Birmingham 015C,E08000025,Birmingham,West Midlands,540.0,26.0,4.814814814814815,E01009461,E02001841
E01009462,Birmingham 018F,E08000025,Birmingham,West Midlands,805.0,107.0,13.291925465838508,E01009462,E02001844
E01009463,Birmingham 015D,E08000025,Birmingham,West Midlands,643.0,51.0,7.931570762052877,E01009463,E02001841
E01009464,Birmingham 007B,E08000025,Birmingham,West Midlands,571.0,53.0,9.281961471103326,E01009464,E02001833
E01009465,Birmingham 007C,E08000025,Birmingham,West Midlands,519.0,52.0,10.01926782273603,E01009465,E02001833
E01009466,Birmingham 009D,E08000025,Birmingham,West Midlands,684.0,66.0,9.649122807017543,E01009466,E02001835
E01009467,Birmingham 007D,E08000025,Birmingham,West Midlands,685.0,67.0,9.781021897810218,E01009467,E02001833
E01009468,Birmingham 004F,E08000025,Birmingham,West Midlands,635.0,49.0,7.716535433070866,E01009468,E02001830
E01009469,Birmingham 010B,E08000025,Birmingham,West Midlands,614.0,43.0,7.0032573289902285,E01009469,E02001836
E01009470,Birmingham 010C,E08000025,Birmingham,West Midlands,553.0,43.0,7.775768535262206,E01009470,E02001836
E01009471,Birmingham 009E,E08000025,Birmingham,West Midlands,752.0,58.0,7.712765957446808,E01009471,E02001835
E01009472,Birmingham 010D,E08000025,Birmingham,West Midlands,690.0,64.0,9.27536231884058,E01009472,E02001836
E01009473,Birmingham 010E,E08000025,Birmingham,West Midlands,719.0,81.0,11.265646731571627,E01009473,E02001836
E01009474,Birmingham 010F,E08000025,Birmingham,West Midlands,663.0,72.0,10.85972850678733,E01009474,E02001836
E01009475,Birmingham 055A,E08000025,Birmingham,West Midlands,641.0,144.0,22.46489859594384,E01009475,E02001881
E01009476,Birmingham 055B,E08000025,Birmingham,West Midlands,601.0,113.0,18.80199667221298,E01009476,E02001881
E01009477,Birmingham 055C,E08000025,Birmingham,West Midlands,552.0,120.0,21.73913043478261,E01009477,E02001881
E01009478,Birmingham 048A,E08000025,Birmingham,West Midlands,647.0,92.0,14.219474497681608,E01009478,E02001874
E01009479,Birmingham 048B,E08000025,Birmingham,West Midlands,620.0,127.0,20.483870967741936,E01009479,E02001874
E01009480,Birmingham 044C,E08000025,Birmingham,West Midlands,601.0,123.0,20.465890183028286,E01009480,E02001870
E01009481,Birmingham 044D,E08000025,Birmingham,West Midlands,752.0,128.0,17.02127659574468,E01009481,E02001870
E01009482,Birmingham 048C,E08000025,Birmingham,West Midlands,496.0,90.0,18.14516129032258,E01009482,E02001874
E01009483,Birmingham 051B,E08000025,Birmingham,West Midlands,550.0,124.0,22.545454545454547,E01009483,E02001877
E01009484,Birmingham 048D,E08000025,Birmingham,West Midlands,511.0,96.0,18.786692759295498,E01009484,E02001874
E01009485,Birmingham 048E,E08000025,Birmingham,West Midlands,525.0,96.0,18.285714285714285,E01009485,E02001874
E01009486,Birmingham 044E,E08000025,Birmingham,West Midlands,635.0,130.0,20.47244094488189,E01009486,E02001870
E01009487,Birmingham 044F,E08000025,Birmingham,West Midlands,598.0,108.0,18.06020066889632,E01009487,E02001870
E01009488,Birmingham 051C,E08000025,Birmingham,West Midlands,756.0,161.0,21.296296296296298,E01009488,E02001877
E01009489,Birmingham 051D,E08000025,Birmingham,West Midlands,543.0,120.0,22.099447513812155,E01009489,E02001877
E01009490,Birmingham 055D,E08000025,Birmingham,West Midlands,669.0,128.0,19.13303437967115,E01009490,E02001881
E01009491,Birmingham 051E,E08000025,Birmingham,West Midlands,556.0,103.0,18.525179856115106,E01009491,E02001877
E01009492,Birmingham 055E,E08000025,Birmingham,West Midlands,563.0,124.0,22.02486678507993,E01009492,E02001881
E01009493,Birmingham 113D,E08000025,Birmingham,West Midlands,1056.0,108.0,10.227272727272728,E01009493,E02001939
E01009494,Birmingham 109A,E08000025,Birmingham,West Midlands,652.0,96.0,14.723926380368098,E01009494,E02001935
E01009495,Birmingham 106E,E08000025,Birmingham,West Midlands,564.0,64.0,11.347517730496454,E01009495,E02001932
E01009496,Birmingham 109B,E08000025,Birmingham,West Midlands,664.0,64.0,9.63855421686747,E01009496,E02001935
E01009497,Birmingham 109C,E08000025,Birmingham,West Midlands,778.0,73.0,9.383033419023135,E01009497,E02001935
E01009498,Birmingham 119D,E08000025,Birmingham,West Midlands,711.0,123.0,17.29957805907173,E01009498,E02001945
E01009499,Birmingham 119E,E08000025,Birmingham,West Midlands,689.0,97.0,14.078374455732948,E01009499,E02001945
E01009500,Birmingham 095E,E08000025,Birmingham,West Midlands,636.0,82.0,12.89308176100629,E01009500,E02001921
E01009501,Birmingham 101B,E08000025,Birmingham,West Midlands,596.0,98.0,16.44295302013423,E01009501,E02001927
E01009502,Birmingham 101C,E08000025,Birmingham,West Midlands,608.0,83.0,13.651315789473683,E01009502,E02001927
E01009503,Birmingham 101D,E08000025,Birmingham,West Midlands,611.0,96.0,15.711947626841244,E01009503,E02001927
E01009504,Birmingham 109D,E08000025,Birmingham,West Midlands,674.0,84.0,12.462908011869436,E01009504,E02001935
E01009505,Birmingham 101E,E08000025,Birmingham,West Midlands,673.0,90.0,13.37295690936107,E01009505,E02001927
E01009506,Birmingham 109E,E08000025,Birmingham,West Midlands,649.0,52.0,8.012326656394453,E01009506,E02001935
E01009507,Birmingham 056B,E08000025,Birmingham,West Midlands,594.0,94.0,15.824915824915825,E01009507,E02001882
E01009508,Birmingham 056C,E08000025,Birmingham,West Midlands,637.0,70.0,10.989010989010989,E01009508,E02001882
E01009509,Birmingham 056D,E08000025,Birmingham,West Midlands,655.0,114.0,17.404580152671755,E01009509,E02001882
E01009510,Birmingham 056E,E08000025,Birmingham,West Midlands,713.0,96.0,13.464235624123422,E01009510,E02001882
E01009511,Birmingham 054F,E08000025,Birmingham,West Midlands,506.0,77.0,15.217391304347828,E01009511,E02001880
E01009512,Birmingham 062A,E08000025,Birmingham,West Midlands,740.0,82.0,11.081081081081082,E01009512,E02001888
E01009513,Birmingham 066F,E08000025,Birmingham,West Midlands,618.0,91.0,14.724919093851133,E01009513,E02001892
E01009514,Birmingham 062B,E08000025,Birmingham,West Midlands,643.0,72.0,11.19751166407465,E01009514,E02001888
E01009515,Birmingham 067C,E08000025,Birmingham,West Midlands,662.0,69.0,10.42296072507553,E01009515,E02001893
E01009516,Birmingham 062C,E08000025,Birmingham,West Midlands,539.0,64.0,11.873840445269018,E01009516,E02001888
E01009517,Birmingham 062D,E08000025,Birmingham,West Midlands,725.0,74.0,10.206896551724139,E01009517,E02001888
E01009518,Birmingham 067D,E08000025,Birmingham,West Midlands,738.0,83.0,11.246612466124661,E01009518,E02001893
E01009519,Birmingham 072C,E08000025,Birmingham,West Midlands,621.0,59.0,9.500805152979067,E01009519,E02001898
E01009520,Birmingham 072D,E08000025,Birmingham,West Midlands,741.0,72.0,9.7165991902834,E01009520,E02001898
E01009521,Birmingham 067E,E08000025,Birmingham,West Midlands,642.0,80.0,12.461059190031152,E01009521,E02001893
E01009522,Coventry 014A,E08000026,Coventry,West Midlands,766.0,99.0,12.924281984334204,E01009522,E02001971
E01009523,Coventry 010A,E08000026,Coventry,West Midlands,650.0,68.0,10.461538461538462,E01009523,E02001967
E01009524,Coventry 006A,E08000026,Coventry,West Midlands,781.0,75.0,9.603072983354673,E01009524,E02001963
E01009525,Coventry 006B,E08000026,Coventry,West Midlands,605.0,58.0,9.586776859504132,E01009525,E02001963
E01009526,Coventry 010B,E08000026,Coventry,West Midlands,634.0,53.0,8.3596214511041,E01009526,E02001967
E01009527,Coventry 006C,E08000026,Coventry,West Midlands,685.0,73.0,10.656934306569344,E01009527,E02001963
E01009528,Coventry 010C,E08000026,Coventry,West Midlands,898.0,69.0,7.683741648106904,E01009528,E02001967
E01009529,Coventry 014B,E08000026,Coventry,West Midlands,655.0,73.0,11.145038167938932,E01009529,E02001971
E01009530,Coventry 014C,E08000026,Coventry,West Midlands,577.0,52.0,9.01213171577123,E01009530,E02001971
E01009531,Coventry 010D,E08000026,Coventry,West Midlands,806.0,83.0,10.297766749379653,E01009531,E02001967
E01009532,Coventry 033A,E08000026,Coventry,West Midlands,602.0,55.0,9.136212624584719,E01009532,E02001990
E01009535,Coventry 033B,E08000026,Coventry,West Midlands,596.0,52.0,8.724832214765101,E01009535,E02001990
E01009536,Coventry 033C,E08000026,Coventry,West Midlands,632.0,54.0,8.544303797468354,E01009536,E02001990
E01009537,Coventry 035C,E08000026,Coventry,West Midlands,652.0,67.0,10.276073619631902,E01009537,E02001992
E01009538,Coventry 035D,E08000026,Coventry,West Midlands,654.0,73.0,11.162079510703364,E01009538,E02001992
E01009539,Coventry 039A,E08000026,Coventry,West Midlands,979.0,109.0,11.133810010214505,E01009539,E02001996
E01009540,Coventry 039B,E08000026,Coventry,West Midlands,787.0,108.0,13.722998729351971,E01009540,E02001996
E01009541,Coventry 039C,E08000026,Coventry,West Midlands,849.0,103.0,12.131919905771497,E01009541,E02001996
E01009542,Coventry 039D,E08000026,Coventry,West Midlands,852.0,88.0,10.328638497652582,E01009542,E02001996
E01009543,Coventry 033D,E08000026,Coventry,West Midlands,649.0,19.0,2.9275808936825887,E01009543,E02001990
E01009544,Coventry 038A,E08000026,Coventry,West Midlands,768.0,94.0,12.239583333333332,E01009544,E02001995
E01009548,Coventry 031A,E08000026,Coventry,West Midlands,985.0,153.0,15.532994923857867,E01009548,E02001988
E01009549,Coventry 037B,E08000026,Coventry,West Midlands,682.0,73.0,10.703812316715542,E01009549,E02001994
E01009550,Coventry 037C,E08000026,Coventry,West Midlands,761.0,94.0,12.352168199737187,E01009550,E02001994
E01009552,Coventry 037E,E08000026,Coventry,West Midlands,708.0,84.0,11.864406779661017,E01009552,E02001994
E01009553,Coventry 031B,E08000026,Coventry,West Midlands,907.0,199.0,21.940463065049613,E01009553,E02001988
E01009554,Coventry 034A,E08000026,Coventry,West Midlands,609.0,101.0,16.58456486042693,E01009554,E02001991
E01009555,Coventry 034B,E08000026,Coventry,West Midlands,613.0,68.0,11.092985318107667,E01009555,E02001991
E01009556,Coventry 034C,E08000026,Coventry,West Midlands,734.0,110.0,14.986376021798364,E01009556,E02001991
E01009557,Coventry 034D,E08000026,Coventry,West Midlands,561.0,40.0,7.130124777183601,E01009557,E02001991
E01009558,Coventry 034E,E08000026,Coventry,West Midlands,660.0,104.0,15.757575757575756,E01009558,E02001991
E01009559,Coventry 034F,E08000026,Coventry,West Midlands,606.0,60.0,9.900990099009901,E01009559,E02001991
E01009560,Coventry 040A,E08000026,Coventry,West Midlands,562.0,46.0,8.185053380782918,E01009560,E02001997
E01009561,Coventry 040B,E08000026,Coventry,West Midlands,787.0,88.0,11.181702668360865,E01009561,E02001997
E01009562,Coventry 040C,E08000026,Coventry,West Midlands,697.0,64.0,9.182209469153516,E01009562,E02001997
E01009563,Coventry 040D,E08000026,Coventry,West Midlands,649.0,54.0,8.320493066255779,E01009563,E02001997
E01009564,Coventry 005A,E08000026,Coventry,West Midlands,716.0,139.0,19.41340782122905,E01009564,E02001962
E01009565,Coventry 009A,E08000026,Coventry,West Midlands,482.0,105.0,21.78423236514523,E01009565,E02001966
E01009566,Coventry 009B,E08000026,Coventry,West Midlands,685.0,139.0,20.29197080291971,E01009566,E02001966
E01009567,Coventry 009C,E08000026,Coventry,West Midlands,614.0,137.0,22.31270358306189,E01009567,E02001966
E01009568,Coventry 009D,E08000026,Coventry,West Midlands,560.0,114.0,20.357142857142858,E01009568,E02001966
E01009569,Coventry 015A,E08000026,Coventry,West Midlands,518.0,125.0,24.13127413127413,E01009569,E02001972
E01009570,Coventry 015B,E08000026,Coventry,West Midlands,713.0,169.0,23.70266479663394,E01009570,E02001972
E01009571,Coventry 015C,E08000026,Coventry,West Midlands,673.0,142.0,21.099554234769688,E01009571,E02001972
E01009573,Coventry 015E,E08000026,Coventry,West Midlands,519.0,141.0,27.167630057803464,E01009573,E02001972
E01009574,Coventry 015F,E08000026,Coventry,West Midlands,588.0,140.0,23.809523809523807,E01009574,E02001972
E01009575,Coventry 005B,E08000026,Coventry,West Midlands,473.0,96.0,20.29598308668076,E01009575,E02001962
E01009576,Coventry 008A,E08000026,Coventry,West Midlands,744.0,66.0,8.870967741935484,E01009576,E02001965
E01009577,Coventry 007A,E08000026,Coventry,West Midlands,706.0,78.0,11.048158640226628,E01009577,E02001964
E01009578,Coventry 008B,E08000026,Coventry,West Midlands,594.0,36.0,6.0606060606060606,E01009578,E02001965
E01009579,Coventry 007B,E08000026,Coventry,West Midlands,904.0,110.0,12.168141592920353,E01009579,E02001964
E01009580,Coventry 019A,E08000026,Coventry,West Midlands,636.0,74.0,11.635220125786164,E01009580,E02001976
E01009581,Coventry 007C,E08000026,Coventry,West Midlands,720.0,97.0,13.472222222222221,E01009581,E02001964
E01009582,Coventry 008C,E08000026,Coventry,West Midlands,749.0,73.0,9.746328437917223,E01009582,E02001965
E01009583,Coventry 008D,E08000026,Coventry,West Midlands,676.0,74.0,10.946745562130179,E01009583,E02001965
E01009584,Coventry 007D,E08000026,Coventry,West Midlands,908.0,75.0,8.259911894273127,E01009584,E02001964
E01009585,Coventry 007E,E08000026,Coventry,West Midlands,641.0,61.0,9.51638065522621,E01009585,E02001964
E01009586,Coventry 008E,E08000026,Coventry,West Midlands,752.0,59.0,7.845744680851063,E01009586,E02001965
E01009587,Coventry 011A,E08000026,Coventry,West Midlands,814.0,109.0,13.39066339066339,E01009587,E02001968
E01009588,Coventry 043A,E08000026,Coventry,West Midlands,676.0,92.0,13.609467455621301,E01009588,E02006805
E01009589,Coventry 001A,E08000026,Coventry,West Midlands,677.0,65.0,9.601181683899556,E01009589,E02001958
E01009590,Coventry 002A,E08000026,Coventry,West Midlands,618.0,48.0,7.766990291262135,E01009590,E02001959
E01009591,Coventry 002B,E08000026,Coventry,West Midlands,621.0,59.0,9.500805152979067,E01009591,E02001959
E01009592,Coventry 043B,E08000026,Coventry,West Midlands,654.0,99.0,15.137614678899084,E01009592,E02006805
E01009593,Coventry 002C,E08000026,Coventry,West Midlands,651.0,75.0,11.52073732718894,E01009593,E02001959
E01009594,Coventry 006D,E08000026,Coventry,West Midlands,571.0,48.0,8.40630472854641,E01009594,E02001963
E01009596,Coventry 043C,E08000026,Coventry,West Midlands,787.0,117.0,14.866581956797967,E01009596,E02006805
E01009597,Coventry 043D,E08000026,Coventry,West Midlands,690.0,84.0,12.173913043478262,E01009597,E02006805
E01009598,Coventry 002D,E08000026,Coventry,West Midlands,796.0,60.0,7.537688442211055,E01009598,E02001959
E01009599,Coventry 013A,E08000026,Coventry,West Midlands,583.0,75.0,12.864493996569468,E01009599,E02001970
E01009604,Coventry 004A,E08000026,Coventry,West Midlands,591.0,72.0,12.18274111675127,E01009604,E02001961
E01009605,Coventry 004B,E08000026,Coventry,West Midlands,733.0,92.0,12.551159618008187,E01009605,E02001961
E01009606,Coventry 005C,E08000026,Coventry,West Midlands,815.0,69.0,8.466257668711656,E01009606,E02001962
E01009607,Coventry 004C,E08000026,Coventry,West Midlands,798.0,119.0,14.912280701754385,E01009607,E02001961
E01009608,Coventry 004D,E08000026,Coventry,West Midlands,645.0,84.0,13.023255813953488,E01009608,E02001961
E01009609,Coventry 005D,E08000026,Coventry,West Midlands,610.0,86.0,14.098360655737704,E01009609,E02001962
E01009610,Coventry 004E,E08000026,Coventry,West Midlands,633.0,93.0,14.691943127962084,E01009610,E02001961
E01009612,Coventry 035F,E08000026,Coventry,West Midlands,576.0,97.0,16.84027777777778,E01009612,E02001992
E01009613,Coventry 018A,E08000026,Coventry,West Midlands,517.0,49.0,9.477756286266924,E01009613,E02001975
E01009614,Coventry 021A,E08000026,Coventry,West Midlands,616.0,67.0,10.876623376623376,E01009614,E02001978
E01009615,Coventry 027A,E08000026,Coventry,West Midlands,682.0,155.0,22.727272727272727,E01009615,E02001984
E01009616,Coventry 027B,E08000026,Coventry,West Midlands,630.0,98.0,15.555555555555555,E01009616,E02001984
E01009617,Coventry 027C,E08000026,Coventry,West Midlands,491.0,59.0,12.016293279022404,E01009617,E02001984
E01009618,Coventry 027D,E08000026,Coventry,West Midlands,682.0,62.0,9.090909090909092,E01009618,E02001984
E01009620,Coventry 027E,E08000026,Coventry,West Midlands,1069.0,114.0,10.664172123479888,E01009620,E02001984
E01009621,Coventry 027F,E08000026,Coventry,West Midlands,572.0,91.0,15.909090909090908,E01009621,E02001984
E01009622,Coventry 012A,E08000026,Coventry,West Midlands,694.0,111.0,15.994236311239193,E01009622,E02001969
E01009623,Coventry 012B,E08000026,Coventry,West Midlands,696.0,102.0,14.655172413793101,E01009623,E02001969
E01009624,Coventry 011B,E08000026,Coventry,West Midlands,631.0,96.0,15.213946117274169,E01009624,E02001968
E01009625,Coventry 011C,E08000026,Coventry,West Midlands,912.0,109.0,11.951754385964913,E01009625,E02001968
E01009626,Coventry 011D,E08000026,Coventry,West Midlands,663.0,85.0,12.82051282051282,E01009626,E02001968
E01009627,Coventry 012C,E08000026,Coventry,West Midlands,751.0,130.0,17.310252996005325,E01009627,E02001969
E01009628,Coventry 012D,E08000026,Coventry,West Midlands,660.0,87.0,13.18181818181818,E01009628,E02001969
E01009630,Coventry 020B,E08000026,Coventry,West Midlands,736.0,130.0,17.66304347826087,E01009630,E02001977
E01009631,Coventry 020C,E08000026,Coventry,West Midlands,630.0,127.0,20.158730158730158,E01009631,E02001977
E01009632,Coventry 020D,E08000026,Coventry,West Midlands,1022.0,159.0,15.557729941291583,E01009632,E02001977
E01009633,Coventry 028A,E08000026,Coventry,West Midlands,763.0,208.0,27.260812581913502,E01009633,E02001985
E01009634,Coventry 028B,E08000026,Coventry,West Midlands,716.0,172.0,24.022346368715084,E01009634,E02001985
E01009636,Coventry 024A,E08000026,Coventry,West Midlands,1000.0,238.0,23.799999999999997,E01009636,E02001981
E01009637,Coventry 024B,E08000026,Coventry,West Midlands,548.0,128.0,23.357664233576642,E01009637,E02001981
E01009638,Coventry 024C,E08000026,Coventry,West Midlands,789.0,132.0,16.730038022813687,E01009638,E02001981
E01009639,Coventry 024D,E08000026,Coventry,West Midlands,579.0,140.0,24.179620034542314,E01009639,E02001981
E01009640,Coventry 024E,E08000026,Coventry,West Midlands,767.0,212.0,27.640156453715775,E01009640,E02001981
E01009641,Coventry 024F,E08000026,Coventry,West Midlands,869.0,189.0,21.74913693901036,E01009641,E02001981
E01009643,Coventry 017A,E08000026,Coventry,West Midlands,620.0,59.0,9.516129032258064,E01009643,E02001974
E01009644,Coventry 017B,E08000026,Coventry,West Midlands,708.0,65.0,9.180790960451978,E01009644,E02001974
E01009645,Coventry 014D,E08000026,Coventry,West Midlands,590.0,59.0,10.0,E01009645,E02001971
E01009646,Coventry 022A,E08000026,Coventry,West Midlands,631.0,61.0,9.667194928684628,E01009646,E02001979
E01009647,Coventry 017C,E08000026,Coventry,West Midlands,862.0,83.0,9.62877030162413,E01009647,E02001974
E01009648,Coventry 017D,E08000026,Coventry,West Midlands,621.0,59.0,9.500805152979067,E01009648,E02001974
E01009649,Coventry 026A,E08000026,Coventry,West Midlands,598.0,67.0,11.20401337792642,E01009649,E02001983
E01009650,Coventry 020E,E08000026,Coventry,West Midlands,786.0,174.0,22.137404580152673,E01009650,E02001977
E01009651,Coventry 031D,E08000026,Coventry,West Midlands,766.0,123.0,16.057441253263708,E01009651,E02001988
E01009652,Coventry 017E,E08000026,Coventry,West Midlands,645.0,58.0,8.992248062015504,E01009652,E02001974
E01009653,Coventry 017F,E08000026,Coventry,West Midlands,661.0,64.0,9.68229954614221,E01009653,E02001974
E01009654,Coventry 021B,E08000026,Coventry,West Midlands,745.0,92.0,12.348993288590604,E01009654,E02001978
E01009655,Coventry 016A,E08000026,Coventry,West Midlands,878.0,113.0,12.870159453302962,E01009655,E02001973
E01009656,Coventry 016B,E08000026,Coventry,West Midlands,730.0,130.0,17.80821917808219,E01009656,E02001973
E01009657,Coventry 018B,E08000026,Coventry,West Midlands,638.0,75.0,11.755485893416928,E01009657,E02001975
E01009658,Coventry 021C,E08000026,Coventry,West Midlands,662.0,102.0,15.407854984894259,E01009658,E02001978
E01009659,Coventry 016C,E08000026,Coventry,West Midlands,818.0,211.0,25.794621026894866,E01009659,E02001973
E01009660,Coventry 021D,E08000026,Coventry,West Midlands,682.0,146.0,21.407624633431084,E01009660,E02001978
E01009661,Coventry 028D,E08000026,Coventry,West Midlands,824.0,271.0,32.88834951456311,E01009661,E02001985
E01009662,Coventry 016D,E08000026,Coventry,West Midlands,589.0,65.0,11.03565365025467,E01009662,E02001973
E01009663,Coventry 013B,E08000026,Coventry,West Midlands,647.0,68.0,10.510046367851624,E01009663,E02001970
E01009664,Coventry 016E,E08000026,Coventry,West Midlands,619.0,69.0,11.147011308562197,E01009664,E02001973
E01009665,Coventry 042A,E08000026,Coventry,West Midlands,499.0,40.0,8.016032064128256,E01009665,E02001999
E01009666,Coventry 041A,E08000026,Coventry,West Midlands,533.0,54.0,10.131332082551594,E01009666,E02001998
E01009667,Coventry 041B,E08000026,Coventry,West Midlands,598.0,50.0,8.361204013377927,E01009667,E02001998
E01009668,Coventry 041C,E08000026,Coventry,West Midlands,659.0,64.0,9.711684370257966,E01009668,E02001998
E01009669,Coventry 042B,E08000026,Coventry,West Midlands,486.0,56.0,11.522633744855968,E01009669,E02001999
E01009670,Coventry 041D,E08000026,Coventry,West Midlands,690.0,66.0,9.565217391304348,E01009670,E02001998
E01009671,Coventry 042C,E08000026,Coventry,West Midlands,436.0,20.0,4.587155963302752,E01009671,E02001999
E01009672,Coventry 040E,E08000026,Coventry,West Midlands,862.0,66.0,7.65661252900232,E01009672,E02001997
E01009674,Coventry 029A,E08000026,Coventry,West Midlands,772.0,88.0,11.398963730569948,E01009674,E02001986
E01009676,Coventry 032A,E08000026,Coventry,West Midlands,708.0,89.0,12.570621468926554,E01009676,E02001989
E01009679,Coventry 036C,E08000026,Coventry,West Midlands,836.0,143.0,17.105263157894736,E01009679,E02001993
E01009681,Coventry 032B,E08000026,Coventry,West Midlands,564.0,70.0,12.411347517730496,E01009681,E02001989
E01009682,Coventry 032C,E08000026,Coventry,West Midlands,625.0,67.0,10.72,E01009682,E02001989
E01009683,Coventry 032D,E08000026,Coventry,West Midlands,739.0,114.0,15.426251691474965,E01009683,E02001989
E01009684,Coventry 026B,E08000026,Coventry,West Midlands,710.0,85.0,11.971830985915492,E01009684,E02001983
E01009685,Coventry 026C,E08000026,Coventry,West Midlands,748.0,80.0,10.695187165775401,E01009685,E02001983
E01009686,Coventry 026D,E08000026,Coventry,West Midlands,704.0,77.0,10.9375,E01009686,E02001983
E01009687,Coventry 026E,E08000026,Coventry,West Midlands,628.0,57.0,9.076433121019107,E01009687,E02001983
E01009688,Coventry 030A,E08000026,Coventry,West Midlands,657.0,148.0,22.526636225266362,E01009688,E02001987
E01009689,Coventry 030B,E08000026,Coventry,West Midlands,945.0,190.0,20.105820105820104,E01009689,E02001987
E01009690,Coventry 030C,E08000026,Coventry,West Midlands,664.0,166.0,25.0,E01009690,E02001987
E01009691,Coventry 030D,E08000026,Coventry,West Midlands,628.0,157.0,25.0,E01009691,E02001987
E01009692,Coventry 022B,E08000026,Coventry,West Midlands,546.0,44.0,8.058608058608058,E01009692,E02001979
E01009693,Coventry 022C,E08000026,Coventry,West Midlands,705.0,57.0,8.085106382978724,E01009693,E02001979
E01009694,Coventry 022D,E08000026,Coventry,West Midlands,641.0,46.0,7.17628705148206,E01009694,E02001979
E01009695,Coventry 023A,E08000026,Coventry,West Midlands,777.0,68.0,8.751608751608751,E01009695,E02001980
E01009696,Coventry 023B,E08000026,Coventry,West Midlands,679.0,62.0,9.131075110456553,E01009696,E02001980
E01009697,Coventry 025A,E08000026,Coventry,West Midlands,904.0,74.0,8.185840707964601,E01009697,E02001982
E01009698,Coventry 025B,E08000026,Coventry,West Midlands,658.0,50.0,7.598784194528875,E01009698,E02001982
E01009699,Coventry 029B,E08000026,Coventry,West Midlands,654.0,58.0,8.868501529051988,E01009699,E02001986
E01009700,Coventry 029C,E08000026,Coventry,West Midlands,866.0,118.0,13.625866050808314,E01009700,E02001986
E01009701,Coventry 029D,E08000026,Coventry,West Midlands,745.0,79.0,10.604026845637584,E01009701,E02001986
E01009702,Coventry 029E,E08000026,Coventry,West Midlands,766.0,102.0,13.315926892950392,E01009702,E02001986
E01009704,Coventry 023C,E08000026,Coventry,West Midlands,624.0,30.0,4.807692307692308,E01009704,E02001980
E01009705,Coventry 023D,E08000026,Coventry,West Midlands,599.0,33.0,5.509181969949917,E01009705,E02001980
E01009706,Coventry 025D,E08000026,Coventry,West Midlands,670.0,66.0,9.850746268656717,E01009706,E02001982
E01009707,Coventry 033E,E08000026,Coventry,West Midlands,759.0,60.0,7.905138339920949,E01009707,E02001990
E01009708,Coventry 033F,E08000026,Coventry,West Midlands,635.0,61.0,9.606299212598426,E01009708,E02001990
E01009709,Coventry 007F,E08000026,Coventry,West Midlands,437.0,76.0,17.391304347826086,E01009709,E02001964
E01009710,Coventry 013C,E08000026,Coventry,West Midlands,629.0,78.0,12.400635930047695,E01009710,E02001970
E01009711,Coventry 013D,E08000026,Coventry,West Midlands,782.0,67.0,8.567774936061381,E01009711,E02001970
E01009712,Coventry 018C,E08000026,Coventry,West Midlands,621.0,77.0,12.399355877616747,E01009712,E02001975
E01009713,Coventry 019B,E08000026,Coventry,West Midlands,547.0,61.0,11.151736745886655,E01009713,E02001976
E01009714,Coventry 018D,E08000026,Coventry,West Midlands,591.0,62.0,10.490693739424705,E01009714,E02001975
E01009715,Coventry 019C,E08000026,Coventry,West Midlands,610.0,70.0,11.475409836065573,E01009715,E02001976
E01009716,Coventry 018E,E08000026,Coventry,West Midlands,671.0,68.0,10.134128166915051,E01009716,E02001975
E01009717,Coventry 019D,E08000026,Coventry,West Midlands,599.0,50.0,8.347245409015025,E01009717,E02001976
E01009718,Coventry 019E,E08000026,Coventry,West Midlands,876.0,101.0,11.529680365296803,E01009718,E02001976
E01009719,Dudley 027A,E08000027,Dudley,West Midlands,590.0,53.0,8.983050847457626,E01009719,E02002026
E01009720,Dudley 028A,E08000027,Dudley,West Midlands,548.0,18.0,3.2846715328467155,E01009720,E02002027
E01009721,Dudley 031A,E08000027,Dudley,West Midlands,1145.0,91.0,7.9475982532751095,E01009721,E02002030
E01009722,Dudley 027B,E08000027,Dudley,West Midlands,640.0,55.0,8.59375,E01009722,E02002026
E01009723,Dudley 028B,E08000027,Dudley,West Midlands,480.0,21.0,4.375,E01009723,E02002027
E01009724,Dudley 028C,E08000027,Dudley,West Midlands,651.0,31.0,4.761904761904762,E01009724,E02002027
E01009725,Dudley 031B,E08000027,Dudley,West Midlands,660.0,81.0,12.272727272727273,E01009725,E02002030
E01009726,Dudley 031C,E08000027,Dudley,West Midlands,569.0,42.0,7.381370826010544,E01009726,E02002030
E01009727,Dudley 027C,E08000027,Dudley,West Midlands,577.0,32.0,5.545927209705372,E01009727,E02002026
E01009728,Dudley 027D,E08000027,Dudley,West Midlands,517.0,44.0,8.51063829787234,E01009728,E02002026
E01009729,Dudley 027E,E08000027,Dudley,West Midlands,667.0,84.0,12.593703148425787,E01009729,E02002026
E01009730,Dudley 028D,E08000027,Dudley,West Midlands,665.0,27.0,4.06015037593985,E01009730,E02002027
E01009731,Dudley 023A,E08000027,Dudley,West Midlands,764.0,73.0,9.55497382198953,E01009731,E02002022
E01009732,Dudley 039A,E08000027,Dudley,West Midlands,776.0,101.0,13.015463917525775,E01009732,E02002038
E01009733,Dudley 039B,E08000027,Dudley,West Midlands,986.0,144.0,14.60446247464503,E01009733,E02002038
E01009734,Dudley 034A,E08000027,Dudley,West Midlands,707.0,102.0,14.427157001414429,E01009734,E02002033
E01009735,Dudley 034B,E08000027,Dudley,West Midlands,731.0,53.0,7.250341997264022,E01009735,E02002033
E01009736,Dudley 034C,E08000027,Dudley,West Midlands,644.0,74.0,11.490683229813664,E01009736,E02002033
E01009737,Dudley 034D,E08000027,Dudley,West Midlands,724.0,75.0,10.359116022099448,E01009737,E02002033
E01009738,Dudley 034E,E08000027,Dudley,West Midlands,632.0,76.0,12.025316455696203,E01009738,E02002033
E01009739,Dudley 039C,E08000027,Dudley,West Midlands,688.0,99.0,14.38953488372093,E01009739,E02002038
E01009740,Dudley 023B,E08000027,Dudley,West Midlands,896.0,118.0,13.169642857142858,E01009740,E02002022
E01009741,Dudley 022A,E08000027,Dudley,West Midlands,1126.0,143.0,12.699822380106571,E01009741,E02002021
E01009742,Dudley 023C,E08000027,Dudley,West Midlands,699.0,97.0,13.876967095851217,E01009742,E02002022
E01009743,Dudley 023D,E08000027,Dudley,West Midlands,743.0,135.0,18.16958277254374,E01009743,E02002022
E01009744,Dudley 022B,E08000027,Dudley,West Midlands,1127.0,154.0,13.664596273291925,E01009744,E02002021
E01009745,Dudley 023E,E08000027,Dudley,West Midlands,776.0,79.0,10.18041237113402,E01009745,E02002022
E01009746,Dudley 022C,E08000027,Dudley,West Midlands,917.0,146.0,15.921483097055617,E01009746,E02002021
E01009747,Dudley 022D,E08000027,Dudley,West Midlands,713.0,94.0,13.183730715287517,E01009747,E02002021
E01009748,Dudley 013A,E08000027,Dudley,West Midlands,694.0,126.0,18.155619596541786,E01009748,E02002012
E01009749,Dudley 016A,E08000027,Dudley,West Midlands,1007.0,60.0,5.958291956305859,E01009749,E02002015
E01009750,Dudley 016B,E08000027,Dudley,West Midlands,624.0,79.0,12.660256410256409,E01009750,E02002015
E01009751,Dudley 017A,E08000027,Dudley,West Midlands,713.0,99.0,13.884992987377279,E01009751,E02002016
E01009752,Dudley 017B,E08000027,Dudley,West Midlands,677.0,122.0,18.020679468242246,E01009752,E02002016
E01009753,Dudley 017C,E08000027,Dudley,West Midlands,647.0,101.0,15.610510046367851,E01009753,E02002016
E01009754,Dudley 017D,E08000027,Dudley,West Midlands,719.0,106.0,14.74269819193324,E01009754,E02002016
E01009756,Dudley 006B,E08000027,Dudley,West Midlands,553.0,109.0,19.710669077757686,E01009756,E02002005
E01009757,Dudley 006C,E08000027,Dudley,West Midlands,899.0,107.0,11.902113459399333,E01009757,E02002005
E01009758,Dudley 005A,E08000027,Dudley,West Midlands,709.0,89.0,12.552891396332862,E01009758,E02002004
E01009759,Dudley 006D,E08000027,Dudley,West Midlands,540.0,48.0,8.88888888888889,E01009759,E02002005
E01009760,Dudley 005B,E08000027,Dudley,West Midlands,544.0,66.0,12.132352941176471,E01009760,E02002004
E01009762,Dudley 006F,E08000027,Dudley,West Midlands,527.0,127.0,24.09867172675522,E01009762,E02002005
E01009763,Dudley 001A,E08000027,Dudley,West Midlands,918.0,92.0,10.021786492374728,E01009763,E02002000
E01009764,Dudley 001B,E08000027,Dudley,West Midlands,660.0,65.0,9.848484848484848,E01009764,E02002000
E01009765,Dudley 004A,E08000027,Dudley,West Midlands,694.0,62.0,8.93371757925072,E01009765,E02002003
E01009766,Dudley 004B,E08000027,Dudley,West Midlands,715.0,68.0,9.51048951048951,E01009766,E02002003
E01009767,Dudley 001C,E08000027,Dudley,West Midlands,685.0,76.0,11.094890510948906,E01009767,E02002000
E01009768,Dudley 004C,E08000027,Dudley,West Midlands,634.0,74.0,11.67192429022082,E01009768,E02002003
E01009769,Dudley 001D,E08000027,Dudley,West Midlands,850.0,110.0,12.941176470588237,E01009769,E02002000
E01009770,Dudley 001E,E08000027,Dudley,West Midlands,668.0,72.0,10.778443113772456,E01009770,E02002000
E01009771,Dudley 004D,E08000027,Dudley,West Midlands,673.0,47.0,6.983655274888559,E01009771,E02002003
E01009772,Dudley 005C,E08000027,Dudley,West Midlands,531.0,44.0,8.286252354048965,E01009772,E02002004
E01009773,Dudley 002A,E08000027,Dudley,West Midlands,700.0,100.0,14.285714285714285,E01009773,E02002001
E01009774,Dudley 005D,E08000027,Dudley,West Midlands,718.0,51.0,7.103064066852367,E01009774,E02002004
E01009775,Dudley 004E,E08000027,Dudley,West Midlands,648.0,75.0,11.574074074074074,E01009775,E02002003
E01009776,Dudley 004F,E08000027,Dudley,West Midlands,622.0,55.0,8.842443729903538,E01009776,E02002003
E01009777,Dudley 002B,E08000027,Dudley,West Midlands,684.0,90.0,13.157894736842104,E01009777,E02002001
E01009778,Dudley 002C,E08000027,Dudley,West Midlands,659.0,63.0,9.559939301972687,E01009778,E02002001
E01009779,Dudley 008A,E08000027,Dudley,West Midlands,728.0,76.0,10.43956043956044,E01009779,E02002007
E01009780,Dudley 009A,E08000027,Dudley,West Midlands,883.0,33.0,3.737259343148358,E01009780,E02002008
E01009781,Dudley 007A,E08000027,Dudley,West Midlands,925.0,98.0,10.594594594594595,E01009781,E02002006
E01009782,Dudley 008B,E08000027,Dudley,West Midlands,779.0,94.0,12.066752246469834,E01009782,E02002007
E01009783,Dudley 008C,E08000027,Dudley,West Midlands,627.0,86.0,13.716108452950559,E01009783,E02002007
E01009784,Dudley 009B,E08000027,Dudley,West Midlands,656.0,23.0,3.50609756097561,E01009784,E02002008
E01009785,Dudley 008D,E08000027,Dudley,West Midlands,690.0,51.0,7.391304347826087,E01009785,E02002007
E01009786,Dudley 007B,E08000027,Dudley,West Midlands,651.0,77.0,11.827956989247312,E01009786,E02002006
E01009787,Dudley 009C,E08000027,Dudley,West Midlands,622.0,31.0,4.983922829581994,E01009787,E02002008
E01009788,Dudley 005E,E08000027,Dudley,West Midlands,742.0,110.0,14.824797843665769,E01009788,E02002004
E01009789,Dudley 007C,E08000027,Dudley,West Midlands,711.0,44.0,6.188466947960619,E01009789,E02002006
E01009790,Dudley 007D,E08000027,Dudley,West Midlands,731.0,94.0,12.859097127222983,E01009790,E02002006
E01009791,Dudley 026A,E08000027,Dudley,West Midlands,689.0,79.0,11.46589259796807,E01009791,E02002025
E01009792,Dudley 026B,E08000027,Dudley,West Midlands,655.0,102.0,15.572519083969466,E01009792,E02002025
E01009793,Dudley 030A,E08000027,Dudley,West Midlands,631.0,65.0,10.301109350237718,E01009793,E02002029
E01009794,Dudley 030B,E08000027,Dudley,West Midlands,658.0,51.0,7.750759878419452,E01009794,E02002029
E01009795,Dudley 026C,E08000027,Dudley,West Midlands,774.0,158.0,20.41343669250646,E01009795,E02002025
E01009796,Dudley 026D,E08000027,Dudley,West Midlands,659.0,80.0,12.139605462822459,E01009796,E02002025
E01009797,Dudley 030C,E08000027,Dudley,West Midlands,680.0,72.0,10.588235294117647,E01009797,E02002029
E01009798,Dudley 026E,E08000027,Dudley,West Midlands,1042.0,116.0,11.132437619961612,E01009798,E02002025
E01009799,Dudley 039D,E08000027,Dudley,West Midlands,727.0,79.0,10.866574965612106,E01009799,E02002038
E01009800,Dudley 036A,E08000027,Dudley,West Midlands,671.0,64.0,9.538002980625931,E01009800,E02002035
E01009801,Dudley 030D,E08000027,Dudley,West Midlands,727.0,71.0,9.766162310866575,E01009801,E02002029
E01009802,Dudley 036B,E08000027,Dudley,West Midlands,707.0,71.0,10.042432814710041,E01009802,E02002035
E01009803,Dudley 036C,E08000027,Dudley,West Midlands,676.0,44.0,6.508875739644971,E01009803,E02002035
E01009804,Dudley 036D,E08000027,Dudley,West Midlands,557.0,35.0,6.283662477558348,E01009804,E02002035
E01009805,Dudley 039E,E08000027,Dudley,West Midlands,679.0,57.0,8.394698085419734,E01009805,E02002038
E01009806,Dudley 039F,E08000027,Dudley,West Midlands,728.0,73.0,10.027472527472527,E01009806,E02002038
E01009807,Dudley 043A,E08000027,Dudley,West Midlands,781.0,73.0,9.346991037131883,E01009807,E02002042
E01009808,Dudley 043B,E08000027,Dudley,West Midlands,618.0,44.0,7.119741100323624,E01009808,E02002042
E01009809,Dudley 033A,E08000027,Dudley,West Midlands,711.0,113.0,15.89310829817159,E01009809,E02002032
E01009810,Dudley 043C,E08000027,Dudley,West Midlands,805.0,77.0,9.565217391304348,E01009810,E02002042
E01009811,Dudley 043D,E08000027,Dudley,West Midlands,685.0,64.0,9.343065693430656,E01009811,E02002042
E01009812,Dudley 043E,E08000027,Dudley,West Midlands,600.0,42.0,7.000000000000001,E01009812,E02002042
E01009813,Dudley 033B,E08000027,Dudley,West Midlands,680.0,94.0,13.823529411764707,E01009813,E02002032
E01009814,Dudley 014A,E08000027,Dudley,West Midlands,536.0,44.0,8.208955223880597,E01009814,E02002013
E01009815,Dudley 014B,E08000027,Dudley,West Midlands,519.0,26.0,5.009633911368015,E01009815,E02002013
E01009816,Dudley 012A,E08000027,Dudley,West Midlands,741.0,51.0,6.882591093117409,E01009816,E02002011
E01009817,Dudley 012B,E08000027,Dudley,West Midlands,557.0,46.0,8.258527827648116,E01009817,E02002011
E01009818,Dudley 014C,E08000027,Dudley,West Midlands,570.0,69.0,12.105263157894736,E01009818,E02002013
E01009819,Dudley 012C,E08000027,Dudley,West Midlands,714.0,55.0,7.703081232492997,E01009819,E02002011
E01009820,Dudley 012D,E08000027,Dudley,West Midlands,695.0,61.0,8.776978417266188,E01009820,E02002011
E01009821,Dudley 014D,E08000027,Dudley,West Midlands,630.0,50.0,7.936507936507936,E01009821,E02002013
E01009822,Dudley 014E,E08000027,Dudley,West Midlands,682.0,69.0,10.117302052785924,E01009822,E02002013
E01009823,Dudley 016C,E08000027,Dudley,West Midlands,555.0,38.0,6.846846846846846,E01009823,E02002015
E01009824,Dudley 016D,E08000027,Dudley,West Midlands,889.0,123.0,13.835770528683913,E01009824,E02002015
E01009825,Dudley 019A,E08000027,Dudley,West Midlands,643.0,66.0,10.26438569206843,E01009825,E02002018
E01009826,Dudley 019B,E08000027,Dudley,West Midlands,658.0,51.0,7.750759878419452,E01009826,E02002018
E01009827,Dudley 019C,E08000027,Dudley,West Midlands,653.0,47.0,7.197549770290965,E01009827,E02002018
E01009828,Dudley 019D,E08000027,Dudley,West Midlands,599.0,59.0,9.84974958263773,E01009828,E02002018
E01009829,Dudley 019E,E08000027,Dudley,West Midlands,653.0,61.0,9.341500765696784,E01009829,E02002018
E01009830,Dudley 019F,E08000027,Dudley,West Midlands,660.0,53.0,8.030303030303031,E01009830,E02002018
E01009831,Dudley 037A,E08000027,Dudley,West Midlands,663.0,98.0,14.781297134238311,E01009831,E02002036
E01009832,Dudley 042A,E08000027,Dudley,West Midlands,767.0,107.0,13.95045632333768,E01009832,E02002041
E01009833,Dudley 032A,E08000027,Dudley,West Midlands,552.0,114.0,20.652173913043477,E01009833,E02002031
E01009834,Dudley 031D,E08000027,Dudley,West Midlands,763.0,103.0,13.499344692005241,E01009834,E02002030
E01009835,Dudley 032B,E08000027,Dudley,West Midlands,624.0,68.0,10.897435897435898,E01009835,E02002031
E01009836,Dudley 037B,E08000027,Dudley,West Midlands,917.0,151.0,16.466739367502726,E01009836,E02002036
E01009837,Dudley 037C,E08000027,Dudley,West Midlands,691.0,107.0,15.48480463096961,E01009837,E02002036
E01009838,Dudley 037D,E08000027,Dudley,West Midlands,719.0,103.0,14.325452016689846,E01009838,E02002036
E01009839,Dudley 013B,E08000027,Dudley,West Midlands,657.0,100.0,15.220700152207002,E01009839,E02002012
E01009840,Dudley 018A,E08000027,Dudley,West Midlands,564.0,122.0,21.631205673758867,E01009840,E02002017
E01009841,Dudley 017E,E08000027,Dudley,West Midlands,701.0,101.0,14.407988587731813,E01009841,E02002016
E01009842,Dudley 018B,E08000027,Dudley,West Midlands,706.0,122.0,17.280453257790366,E01009842,E02002017
E01009843,Dudley 018C,E08000027,Dudley,West Midlands,682.0,57.0,8.357771260997067,E01009843,E02002017
E01009844,Dudley 011A,E08000027,Dudley,West Midlands,646.0,142.0,21.981424148606813,E01009844,E02002010
E01009845,Dudley 041A,E08000027,Dudley,West Midlands,678.0,39.0,5.752212389380531,E01009845,E02002040
E01009846,Dudley 041B,E08000027,Dudley,West Midlands,666.0,59.0,8.85885885885886,E01009846,E02002040
E01009847,Dudley 038A,E08000027,Dudley,West Midlands,645.0,68.0,10.542635658914728,E01009847,E02002037
E01009848,Dudley 038B,E08000027,Dudley,West Midlands,646.0,75.0,11.609907120743033,E01009848,E02002037
E01009849,Dudley 038C,E08000027,Dudley,West Midlands,683.0,73.0,10.68814055636896,E01009849,E02002037
E01009850,Dudley 041C,E08000027,Dudley,West Midlands,691.0,65.0,9.406657018813313,E01009850,E02002040
E01009851,Dudley 038D,E08000027,Dudley,West Midlands,673.0,61.0,9.063893016344725,E01009851,E02002037
E01009852,Dudley 041D,E08000027,Dudley,West Midlands,633.0,40.0,6.31911532385466,E01009852,E02002040
E01009853,Dudley 042B,E08000027,Dudley,West Midlands,647.0,55.0,8.500772797527048,E01009853,E02002041
E01009854,Dudley 040A,E08000027,Dudley,West Midlands,673.0,49.0,7.280832095096583,E01009854,E02002039
E01009855,Dudley 042C,E08000027,Dudley,West Midlands,675.0,35.0,5.185185185185185,E01009855,E02002041
E01009856,Dudley 035A,E08000027,Dudley,West Midlands,1010.0,137.0,13.564356435643566,E01009856,E02002034
E01009857,Dudley 040B,E08000027,Dudley,West Midlands,731.0,106.0,14.500683994528044,E01009857,E02002039
E01009858,Dudley 040C,E08000027,Dudley,West Midlands,691.0,74.0,10.709117221418236,E01009858,E02002039
E01009859,Dudley 040D,E08000027,Dudley,West Midlands,671.0,55.0,8.19672131147541,E01009859,E02002039
E01009860,Dudley 042D,E08000027,Dudley,West Midlands,663.0,51.0,7.6923076923076925,E01009860,E02002041
E01009861,Dudley 033C,E08000027,Dudley,West Midlands,749.0,108.0,14.419225634178906,E01009861,E02002032
E01009862,Dudley 033D,E08000027,Dudley,West Midlands,782.0,87.0,11.12531969309463,E01009862,E02002032
E01009863,Dudley 033E,E08000027,Dudley,West Midlands,820.0,91.0,11.097560975609756,E01009863,E02002032
E01009864,Dudley 025A,E08000027,Dudley,West Midlands,627.0,77.0,12.280701754385964,E01009864,E02002024
E01009865,Dudley 025B,E08000027,Dudley,West Midlands,692.0,87.0,12.572254335260116,E01009865,E02002024
E01009866,Dudley 025C,E08000027,Dudley,West Midlands,801.0,107.0,13.358302122347066,E01009866,E02002024
E01009867,Dudley 025D,E08000027,Dudley,West Midlands,736.0,87.0,11.820652173913043,E01009867,E02002024
E01009868,Dudley 033F,E08000027,Dudley,West Midlands,691.0,87.0,12.590448625180898,E01009868,E02002032
E01009869,Dudley 032C,E08000027,Dudley,West Midlands,703.0,70.0,9.95732574679943,E01009869,E02002031
E01009870,Dudley 032D,E08000027,Dudley,West Midlands,784.0,81.0,10.331632653061225,E01009870,E02002031
E01009871,Dudley 018D,E08000027,Dudley,West Midlands,944.0,105.0,11.122881355932202,E01009871,E02002017
E01009872,Dudley 020A,E08000027,Dudley,West Midlands,532.0,85.0,15.977443609022558,E01009872,E02002019
E01009873,Dudley 020B,E08000027,Dudley,West Midlands,682.0,82.0,12.023460410557185,E01009873,E02002019
E01009874,Dudley 020C,E08000027,Dudley,West Midlands,610.0,79.0,12.950819672131148,E01009874,E02002019
E01009875,Dudley 018E,E08000027,Dudley,West Midlands,662.0,81.0,12.235649546827794,E01009875,E02002017
E01009876,Dudley 020D,E08000027,Dudley,West Midlands,704.0,101.0,14.346590909090908,E01009876,E02002019
E01009877,Dudley 020E,E08000027,Dudley,West Midlands,699.0,106.0,15.164520743919885,E01009877,E02002019
E01009878,Dudley 025E,E08000027,Dudley,West Midlands,929.0,82.0,8.826695371367062,E01009878,E02002024
E01009879,Dudley 011B,E08000027,Dudley,West Midlands,996.0,118.0,11.847389558232932,E01009879,E02002010
E01009880,Dudley 009D,E08000027,Dudley,West Midlands,589.0,50.0,8.488964346349745,E01009880,E02002008
E01009882,Dudley 009E,E08000027,Dudley,West Midlands,589.0,66.0,11.205432937181664,E01009882,E02002008
E01009883,Dudley 013C,E08000027,Dudley,West Midlands,689.0,80.0,11.611030478955007,E01009883,E02002012
E01009884,Dudley 013D,E08000027,Dudley,West Midlands,652.0,93.0,14.263803680981596,E01009884,E02002012
E01009885,Dudley 011D,E08000027,Dudley,West Midlands,700.0,98.0,14.000000000000002,E01009885,E02002010
E01009886,Dudley 013E,E08000027,Dudley,West Midlands,1074.0,138.0,12.849162011173185,E01009886,E02002012
E01009887,Dudley 015A,E08000027,Dudley,West Midlands,674.0,87.0,12.908011869436201,E01009887,E02002014
E01009888,Dudley 015B,E08000027,Dudley,West Midlands,699.0,78.0,11.158798283261802,E01009888,E02002014
E01009889,Dudley 015C,E08000027,Dudley,West Midlands,1228.0,247.0,20.11400651465798,E01009889,E02002014
E01009890,Dudley 015D,E08000027,Dudley,West Midlands,698.0,91.0,13.03724928366762,E01009890,E02002014
E01009891,Dudley 010A,E08000027,Dudley,West Midlands,671.0,114.0,16.98956780923994,E01009891,E02002009
E01009892,Dudley 010B,E08000027,Dudley,West Midlands,670.0,128.0,19.1044776119403,E01009892,E02002009
E01009893,Dudley 010C,E08000027,Dudley,West Midlands,679.0,140.0,20.618556701030926,E01009893,E02002009
E01009894,Dudley 010D,E08000027,Dudley,West Midlands,731.0,98.0,13.406292749658002,E01009894,E02002009
E01009895,Dudley 002D,E08000027,Dudley,West Midlands,647.0,68.0,10.510046367851624,E01009895,E02002001
E01009896,Dudley 003A,E08000027,Dudley,West Midlands,625.0,52.0,8.32,E01009896,E02002002
E01009897,Dudley 003B,E08000027,Dudley,West Midlands,629.0,49.0,7.790143084260731,E01009897,E02002002
E01009898,Dudley 003C,E08000027,Dudley,West Midlands,700.0,52.0,7.428571428571429,E01009898,E02002002
E01009899,Dudley 008E,E08000027,Dudley,West Midlands,649.0,53.0,8.166409861325114,E01009899,E02002007
E01009900,Dudley 008F,E08000027,Dudley,West Midlands,665.0,56.0,8.421052631578947,E01009900,E02002007
E01009901,Dudley 003D,E08000027,Dudley,West Midlands,661.0,43.0,6.505295007564296,E01009901,E02002002
E01009902,Dudley 003E,E08000027,Dudley,West Midlands,543.0,45.0,8.287292817679557,E01009902,E02002002
E01009903,Dudley 029A,E08000027,Dudley,West Midlands,648.0,54.0,8.333333333333332,E01009903,E02002028
E01009904,Dudley 029B,E08000027,Dudley,West Midlands,640.0,59.0,9.21875,E01009904,E02002028
E01009905,Dudley 035B,E08000027,Dudley,West Midlands,690.0,88.0,12.753623188405797,E01009905,E02002034
E01009906,Dudley 035C,E08000027,Dudley,West Midlands,939.0,137.0,14.589989350372736,E01009906,E02002034
E01009907,Dudley 035D,E08000027,Dudley,West Midlands,699.0,80.0,11.444921316165951,E01009907,E02002034
E01009908,Dudley 035E,E08000027,Dudley,West Midlands,717.0,79.0,11.01813110181311,E01009908,E02002034
E01009909,Dudley 029C,E08000027,Dudley,West Midlands,701.0,66.0,9.4151212553495,E01009909,E02002028
E01009910,Dudley 029D,E08000027,Dudley,West Midlands,749.0,90.0,12.016021361815755,E01009910,E02002028
E01009911,Dudley 021A,E08000027,Dudley,West Midlands,632.0,51.0,8.069620253164556,E01009911,E02002020
E01009912,Dudley 021B,E08000027,Dudley,West Midlands,921.0,52.0,5.646036916395222,E01009912,E02002020
E01009913,Dudley 021C,E08000027,Dudley,West Midlands,678.0,83.0,12.24188790560472,E01009913,E02002020
E01009914,Dudley 021D,E08000027,Dudley,West Midlands,616.0,48.0,7.792207792207792,E01009914,E02002020
E01009915,Dudley 021E,E08000027,Dudley,West Midlands,765.0,49.0,6.405228758169934,E01009915,E02002020
E01009916,Dudley 021F,E08000027,Dudley,West Midlands,787.0,91.0,11.56289707750953,E01009916,E02002020
E01009917,Dudley 024A,E08000027,Dudley,West Midlands,519.0,40.0,7.7071290944123305,E01009917,E02002023
E01009918,Dudley 024B,E08000027,Dudley,West Midlands,628.0,90.0,14.331210191082802,E01009918,E02002023
E01009919,Dudley 024C,E08000027,Dudley,West Midlands,523.0,41.0,7.839388145315487,E01009919,E02002023
E01009920,Dudley 024D,E08000027,Dudley,West Midlands,756.0,57.0,7.5396825396825395,E01009920,E02002023
E01009921,Sandwell 034A,E08000028,Sandwell,West Midlands,779.0,204.0,26.187419768934532,E01009921,E02002076
E01009922,Sandwell 034B,E08000028,Sandwell,West Midlands,527.0,80.0,15.180265654648956,E01009922,E02002076
E01009923,Sandwell 036A,E08000028,Sandwell,West Midlands,630.0,77.0,12.222222222222221,E01009923,E02002078
E01009924,Sandwell 034C,E08000028,Sandwell,West Midlands,659.0,100.0,15.174506828528072,E01009924,E02002076
E01009925,Sandwell 034D,E08000028,Sandwell,West Midlands,616.0,78.0,12.662337662337661,E01009925,E02002076
E01009926,Sandwell 034E,E08000028,Sandwell,West Midlands,646.0,112.0,17.3374613003096,E01009926,E02002076
E01009927,Sandwell 034F,E08000028,Sandwell,West Midlands,718.0,141.0,19.637883008356546,E01009927,E02002076
E01009928,Sandwell 034G,E08000028,Sandwell,West Midlands,789.0,183.0,23.193916349809886,E01009928,E02002076
E01009929,Sandwell 033A,E08000028,Sandwell,West Midlands,760.0,130.0,17.105263157894736,E01009929,E02002075
E01009930,Sandwell 033B,E08000028,Sandwell,West Midlands,671.0,113.0,16.84053651266766,E01009930,E02002075
E01009931,Sandwell 033C,E08000028,Sandwell,West Midlands,995.0,65.0,6.532663316582915,E01009931,E02002075
E01009932,Sandwell 033D,E08000028,Sandwell,West Midlands,823.0,102.0,12.393681652490887,E01009932,E02002075
E01009933,Sandwell 035A,E08000028,Sandwell,West Midlands,573.0,92.0,16.05584642233857,E01009933,E02002077
E01009934,Sandwell 027A,E08000028,Sandwell,West Midlands,620.0,74.0,11.935483870967742,E01009934,E02002069
E01009935,Sandwell 027B,E08000028,Sandwell,West Midlands,1080.0,141.0,13.055555555555557,E01009935,E02002069
E01009936,Sandwell 027C,E08000028,Sandwell,West Midlands,685.0,61.0,8.905109489051096,E01009936,E02002069
E01009937,Sandwell 032A,E08000028,Sandwell,West Midlands,639.0,113.0,17.683881064162755,E01009937,E02002074
E01009938,Sandwell 031A,E08000028,Sandwell,West Midlands,706.0,119.0,16.855524079320112,E01009938,E02002073
E01009939,Sandwell 032B,E08000028,Sandwell,West Midlands,705.0,75.0,10.638297872340425,E01009939,E02002074
E01009940,Sandwell 032C,E08000028,Sandwell,West Midlands,630.0,95.0,15.079365079365079,E01009940,E02002074
E01009941,Sandwell 032D,E08000028,Sandwell,West Midlands,646.0,78.0,12.074303405572756,E01009941,E02002074
E01009942,Sandwell 032E,E08000028,Sandwell,West Midlands,679.0,120.0,17.673048600883654,E01009942,E02002074
E01009943,Sandwell 031B,E08000028,Sandwell,West Midlands,510.0,77.0,15.098039215686274,E01009943,E02002073
E01009944,Sandwell 031C,E08000028,Sandwell,West Midlands,648.0,115.0,17.746913580246915,E01009944,E02002073
E01009946,Sandwell 039A,E08000028,Sandwell,West Midlands,715.0,72.0,10.06993006993007,E01009946,E02006810
E01009947,Sandwell 017A,E08000028,Sandwell,West Midlands,950.0,93.0,9.789473684210526,E01009947,E02002059
E01009948,Sandwell 039B,E08000028,Sandwell,West Midlands,637.0,57.0,8.948194662480377,E01009948,E02006810
E01009949,Sandwell 039C,E08000028,Sandwell,West Midlands,602.0,43.0,7.142857142857142,E01009949,E02006810
E01009950,Sandwell 039D,E08000028,Sandwell,West Midlands,682.0,93.0,13.636363636363635,E01009950,E02006810
E01009951,Sandwell 039E,E08000028,Sandwell,West Midlands,1100.0,144.0,13.090909090909092,E01009951,E02006810
E01009952,Sandwell 035B,E08000028,Sandwell,West Midlands,980.0,116.0,11.83673469387755,E01009952,E02002077
E01009953,Sandwell 038A,E08000028,Sandwell,West Midlands,1014.0,124.0,12.22879684418146,E01009953,E02002080
E01009954,Sandwell 038B,E08000028,Sandwell,West Midlands,786.0,103.0,13.104325699745548,E01009954,E02002080
E01009955,Sandwell 035C,E08000028,Sandwell,West Midlands,919.0,142.0,15.451577801958653,E01009955,E02002077
E01009956,Sandwell 035D,E08000028,Sandwell,West Midlands,746.0,102.0,13.672922252010725,E01009956,E02002077
E01009957,Sandwell 038C,E08000028,Sandwell,West Midlands,721.0,130.0,18.030513176144243,E01009957,E02002080
E01009958,Sandwell 038D,E08000028,Sandwell,West Midlands,690.0,71.0,10.289855072463768,E01009958,E02002080
E01009959,Sandwell 035E,E08000028,Sandwell,West Midlands,637.0,55.0,8.634222919937205,E01009959,E02002077
E01009960,Sandwell 003A,E08000028,Sandwell,West Midlands,656.0,108.0,16.463414634146343,E01009960,E02002045
E01009961,Sandwell 003B,E08000028,Sandwell,West Midlands,551.0,57.0,10.344827586206897,E01009961,E02002045
E01009962,Sandwell 004A,E08000028,Sandwell,West Midlands,535.0,100.0,18.69158878504673,E01009962,E02002046
E01009963,Sandwell 004B,E08000028,Sandwell,West Midlands,524.0,101.0,19.27480916030534,E01009963,E02002046
E01009964,Sandwell 004C,E08000028,Sandwell,West Midlands,614.0,101.0,16.449511400651463,E01009964,E02002046
E01009965,Sandwell 004D,E08000028,Sandwell,West Midlands,476.0,91.0,19.11764705882353,E01009965,E02002046
E01009966,Sandwell 003C,E08000028,Sandwell,West Midlands,485.0,90.0,18.556701030927837,E01009966,E02002045
E01009967,Sandwell 003D,E08000028,Sandwell,West Midlands,794.0,86.0,10.831234256926953,E01009967,E02002045
E01009968,Sandwell 006A,E08000028,Sandwell,West Midlands,666.0,54.0,8.108108108108109,E01009968,E02002048
E01009969,Sandwell 002A,E08000028,Sandwell,West Midlands,844.0,94.0,11.137440758293838,E01009969,E02002044
E01009970,Sandwell 002B,E08000028,Sandwell,West Midlands,718.0,73.0,10.167130919220057,E01009970,E02002044
E01009971,Sandwell 002C,E08000028,Sandwell,West Midlands,711.0,74.0,10.40787623066104,E01009971,E02002044
E01009972,Sandwell 006B,E08000028,Sandwell,West Midlands,777.0,73.0,9.395109395109396,E01009972,E02002048
E01009973,Sandwell 002D,E08000028,Sandwell,West Midlands,797.0,47.0,5.897114178168131,E01009973,E02002044
E01009974,Sandwell 006C,E08000028,Sandwell,West Midlands,695.0,57.0,8.201438848920864,E01009974,E02002048
E01009975,Sandwell 006D,E08000028,Sandwell,West Midlands,702.0,70.0,9.971509971509972,E01009975,E02002048
E01009976,Sandwell 016A,E08000028,Sandwell,West Midlands,1103.0,68.0,6.165004533091569,E01009976,E02002058
E01009977,Sandwell 016B,E08000028,Sandwell,West Midlands,825.0,89.0,10.787878787878787,E01009977,E02002058
E01009978,Sandwell 014A,E08000028,Sandwell,West Midlands,679.0,89.0,13.107511045655377,E01009978,E02002056
E01009979,Sandwell 016C,E08000028,Sandwell,West Midlands,883.0,111.0,12.570781426953568,E01009979,E02002058
E01009980,Sandwell 016D,E08000028,Sandwell,West Midlands,898.0,97.0,10.801781737193764,E01009980,E02002058
E01009981,Sandwell 018A,E08000028,Sandwell,West Midlands,795.0,117.0,14.716981132075471,E01009981,E02002060
E01009982,Sandwell 009A,E08000028,Sandwell,West Midlands,574.0,82.0,14.285714285714285,E01009982,E02002051
E01009983,Sandwell 009B,E08000028,Sandwell,West Midlands,629.0,109.0,17.329093799682035,E01009983,E02002051
E01009985,Sandwell 018C,E08000028,Sandwell,West Midlands,691.0,108.0,15.629522431259044,E01009985,E02002060
E01009986,Sandwell 019A,E08000028,Sandwell,West Midlands,563.0,105.0,18.650088809946713,E01009986,E02002061
E01009987,Sandwell 019B,E08000028,Sandwell,West Midlands,615.0,94.0,15.284552845528454,E01009987,E02002061
E01009988,Sandwell 020A,E08000028,Sandwell,West Midlands,1104.0,115.0,10.416666666666668,E01009988,E02002062
E01009989,Sandwell 019C,E08000028,Sandwell,West Midlands,683.0,88.0,12.88433382137628,E01009989,E02002061
E01009991,Sandwell 010A,E08000028,Sandwell,West Midlands,873.0,99.0,11.34020618556701,E01009991,E02002052
E01009992,Sandwell 017B,E08000028,Sandwell,West Midlands,641.0,83.0,12.948517940717629,E01009992,E02002059
E01009993,Sandwell 017C,E08000028,Sandwell,West Midlands,752.0,122.0,16.22340425531915,E01009993,E02002059
E01009994,Sandwell 010B,E08000028,Sandwell,West Midlands,671.0,89.0,13.263785394932937,E01009994,E02002052
E01009995,Sandwell 010C,E08000028,Sandwell,West Midlands,658.0,89.0,13.5258358662614,E01009995,E02002052
E01009996,Sandwell 010D,E08000028,Sandwell,West Midlands,676.0,130.0,19.230769230769234,E01009996,E02002052
E01009997,Sandwell 010E,E08000028,Sandwell,West Midlands,679.0,92.0,13.549337260677467,E01009997,E02002052
E01009998,Sandwell 010F,E08000028,Sandwell,West Midlands,843.0,105.0,12.455516014234876,E01009998,E02002052
E01009999,Sandwell 033E,E08000028,Sandwell,West Midlands,581.0,76.0,13.080895008605854,E01009999,E02002075
E01010000,Sandwell 030A,E08000028,Sandwell,West Midlands,775.0,81.0,10.451612903225808,E01010000,E02002072
E01010001,Sandwell 037A,E08000028,Sandwell,West Midlands,796.0,100.0,12.562814070351758,E01010001,E02002079
E01010002,Sandwell 030B,E08000028,Sandwell,West Midlands,898.0,92.0,10.244988864142538,E01010002,E02002072
E01010003,Sandwell 030C,E08000028,Sandwell,West Midlands,731.0,93.0,12.722298221614228,E01010003,E02002072
E01010004,Sandwell 027D,E08000028,Sandwell,West Midlands,906.0,106.0,11.699779249448124,E01010004,E02002069
E01010005,Sandwell 030D,E08000028,Sandwell,West Midlands,635.0,95.0,14.960629921259844,E01010005,E02002072
E01010006,Sandwell 030E,E08000028,Sandwell,West Midlands,707.0,83.0,11.73974540311174,E01010006,E02002072
E01010007,Sandwell 012A,E08000028,Sandwell,West Midlands,566.0,69.0,12.190812720848058,E01010007,E02002054
E01010008,Sandwell 011A,E08000028,Sandwell,West Midlands,652.0,68.0,10.429447852760736,E01010008,E02002053
E01010009,Sandwell 012B,E08000028,Sandwell,West Midlands,573.0,61.0,10.645724258289704,E01010009,E02002054
E01010010,Sandwell 011B,E08000028,Sandwell,West Midlands,654.0,82.0,12.538226299694188,E01010010,E02002053
E01010011,Sandwell 011C,E08000028,Sandwell,West Midlands,743.0,79.0,10.632570659488561,E01010011,E02002053
E01010012,Sandwell 011D,E08000028,Sandwell,West Midlands,593.0,59.0,9.949409780775717,E01010012,E02002053
E01010013,Sandwell 012C,E08000028,Sandwell,West Midlands,545.0,46.0,8.440366972477065,E01010013,E02002054
E01010014,Sandwell 012D,E08000028,Sandwell,West Midlands,725.0,69.0,9.517241379310343,E01010014,E02002054
E01010015,Sandwell 021A,E08000028,Sandwell,West Midlands,744.0,81.0,10.887096774193548,E01010015,E02002063
E01010016,Sandwell 021B,E08000028,Sandwell,West Midlands,642.0,107.0,16.666666666666664,E01010016,E02002063
E01010017,Sandwell 024A,E08000028,Sandwell,West Midlands,906.0,125.0,13.796909492273732,E01010017,E02002066
E01010018,Sandwell 021C,E08000028,Sandwell,West Midlands,1040.0,101.0,9.711538461538462,E01010018,E02002063
E01010019,Sandwell 024B,E08000028,Sandwell,West Midlands,694.0,145.0,20.893371757925074,E01010019,E02002066
E01010020,Sandwell 024C,E08000028,Sandwell,West Midlands,726.0,112.0,15.426997245179063,E01010020,E02002066
E01010021,Sandwell 024D,E08000028,Sandwell,West Midlands,704.0,110.0,15.625,E01010021,E02002066
E01010022,Sandwell 037B,E08000028,Sandwell,West Midlands,648.0,71.0,10.95679012345679,E01010022,E02002079
E01010023,Sandwell 037C,E08000028,Sandwell,West Midlands,821.0,90.0,10.962241169305726,E01010023,E02002079
E01010024,Sandwell 036B,E08000028,Sandwell,West Midlands,686.0,78.0,11.370262390670554,E01010024,E02002078
E01010025,Sandwell 037D,E08000028,Sandwell,West Midlands,734.0,86.0,11.716621253405995,E01010025,E02002079
E01010026,Sandwell 036C,E08000028,Sandwell,West Midlands,747.0,101.0,13.520749665327978,E01010026,E02002078
E01010027,Sandwell 036D,E08000028,Sandwell,West Midlands,643.0,71.0,11.04199066874028,E01010027,E02002078
E01010028,Sandwell 037E,E08000028,Sandwell,West Midlands,678.0,81.0,11.946902654867257,E01010028,E02002079
E01010029,Sandwell 009C,E08000028,Sandwell,West Midlands,621.0,116.0,18.679549114331724,E01010029,E02002051
E01010030,Sandwell 007A,E08000028,Sandwell,West Midlands,745.0,113.0,15.167785234899329,E01010030,E02002049
E01010031,Sandwell 014B,E08000028,Sandwell,West Midlands,749.0,108.0,14.419225634178906,E01010031,E02002056
E01010032,Sandwell 014C,E08000028,Sandwell,West Midlands,542.0,102.0,18.81918819188192,E01010032,E02002056
E01010033,Sandwell 014D,E08000028,Sandwell,West Midlands,811.0,117.0,14.426633785450061,E01010033,E02002056
E01010034,Sandwell 007B,E08000028,Sandwell,West Midlands,523.0,22.0,4.2065009560229445,E01010034,E02002049
E01010035,Sandwell 007C,E08000028,Sandwell,West Midlands,625.0,57.0,9.120000000000001,E01010035,E02002049
E01010036,Sandwell 007D,E08000028,Sandwell,West Midlands,712.0,80.0,11.235955056179774,E01010036,E02002049
E01010037,Sandwell 009D,E08000028,Sandwell,West Midlands,513.0,68.0,13.255360623781677,E01010037,E02002051
E01010038,Sandwell 029A,E08000028,Sandwell,West Midlands,734.0,98.0,13.35149863760218,E01010038,E02002071
E01010039,Sandwell 025A,E08000028,Sandwell,West Midlands,801.0,97.0,12.109862671660425,E01010039,E02002067
E01010040,Sandwell 029B,E08000028,Sandwell,West Midlands,622.0,67.0,10.77170418006431,E01010040,E02002071
E01010041,Sandwell 029C,E08000028,Sandwell,West Midlands,825.0,122.0,14.787878787878789,E01010041,E02002071
E01010042,Sandwell 035F,E08000028,Sandwell,West Midlands,847.0,87.0,10.271546635182998,E01010042,E02002077
E01010043,Sandwell 025B,E08000028,Sandwell,West Midlands,618.0,46.0,7.443365695792881,E01010043,E02002067
E01010044,Sandwell 025C,E08000028,Sandwell,West Midlands,648.0,74.0,11.419753086419753,E01010044,E02002067
E01010045,Sandwell 029D,E08000028,Sandwell,West Midlands,666.0,105.0,15.765765765765765,E01010045,E02002071
E01010046,Sandwell 023A,E08000028,Sandwell,West Midlands,854.0,101.0,11.826697892271664,E01010046,E02002065
E01010047,Sandwell 023B,E08000028,Sandwell,West Midlands,618.0,120.0,19.41747572815534,E01010047,E02002065
E01010048,Sandwell 023C,E08000028,Sandwell,West Midlands,546.0,120.0,21.978021978021978,E01010048,E02002065
E01010049,Sandwell 023D,E08000028,Sandwell,West Midlands,582.0,119.0,20.446735395189002,E01010049,E02002065
E01010050,Sandwell 023E,E08000028,Sandwell,West Midlands,537.0,92.0,17.13221601489758,E01010050,E02002065
E01010051,Sandwell 031D,E08000028,Sandwell,West Midlands,514.0,87.0,16.926070038910506,E01010051,E02002073
E01010052,Sandwell 023F,E08000028,Sandwell,West Midlands,498.0,93.0,18.67469879518072,E01010052,E02002065
E01010053,Sandwell 023G,E08000028,Sandwell,West Midlands,696.0,93.0,13.36206896551724,E01010053,E02002065
E01010054,Sandwell 028A,E08000028,Sandwell,West Midlands,947.0,183.0,19.32418162618796,E01010054,E02002070
E01010055,Sandwell 028B,E08000028,Sandwell,West Midlands,658.0,158.0,24.012158054711247,E01010055,E02002070
E01010056,Sandwell 028C,E08000028,Sandwell,West Midlands,686.0,121.0,17.63848396501458,E01010056,E02002070
E01010057,Sandwell 028D,E08000028,Sandwell,West Midlands,721.0,136.0,18.8626907073509,E01010057,E02002070
E01010058,Sandwell 031E,E08000028,Sandwell,West Midlands,685.0,132.0,19.27007299270073,E01010058,E02002073
E01010059,Sandwell 041D,E08000028,Sandwell,West Midlands,732.0,181.0,24.726775956284154,E01010059,E02006944
E01010060,Sandwell 028E,E08000028,Sandwell,West Midlands,727.0,181.0,24.896836313617605,E01010060,E02002070
E01010061,Sandwell 041B,E08000028,Sandwell,West Midlands,559.0,141.0,25.223613595706617,E01010061,E02006944
E01010062,Sandwell 040A,E08000028,Sandwell,West Midlands,887.0,110.0,12.401352874859075,E01010062,E02006943
E01010064,Sandwell 040D,E08000028,Sandwell,West Midlands,828.0,119.0,14.371980676328503,E01010064,E02006943
E01010066,Sandwell 015A,E08000028,Sandwell,West Midlands,721.0,102.0,14.147018030513175,E01010066,E02002057
E01010067,Sandwell 015B,E08000028,Sandwell,West Midlands,734.0,104.0,14.168937329700274,E01010067,E02002057
E01010068,Sandwell 015C,E08000028,Sandwell,West Midlands,730.0,76.0,10.41095890410959,E01010068,E02002057
E01010069,Sandwell 016E,E08000028,Sandwell,West Midlands,768.0,51.0,6.640625,E01010069,E02002058
E01010070,Sandwell 015D,E08000028,Sandwell,West Midlands,861.0,98.0,11.38211382113821,E01010070,E02002057
E01010071,Sandwell 016F,E08000028,Sandwell,West Midlands,711.0,79.0,11.11111111111111,E01010071,E02002058
E01010072,Sandwell 021D,E08000028,Sandwell,West Midlands,1006.0,95.0,9.443339960238568,E01010072,E02002063
E01010073,Sandwell 021E,E08000028,Sandwell,West Midlands,659.0,66.0,10.015174506828528,E01010073,E02002063
E01010075,Sandwell 015E,E08000028,Sandwell,West Midlands,512.0,35.0,6.8359375,E01010075,E02002057
E01010076,Sandwell 015F,E08000028,Sandwell,West Midlands,901.0,93.0,10.321864594894562,E01010076,E02002057
E01010077,Sandwell 022A,E08000028,Sandwell,West Midlands,701.0,112.0,15.977175463623395,E01010077,E02002064
E01010078,Sandwell 025D,E08000028,Sandwell,West Midlands,546.0,40.0,7.326007326007327,E01010078,E02002067
E01010079,Sandwell 022B,E08000028,Sandwell,West Midlands,641.0,47.0,7.332293291731669,E01010079,E02002064
E01010080,Sandwell 022C,E08000028,Sandwell,West Midlands,803.0,126.0,15.69115815691158,E01010080,E02002064
E01010081,Sandwell 022D,E08000028,Sandwell,West Midlands,694.0,66.0,9.510086455331413,E01010081,E02002064
E01010082,Sandwell 022E,E08000028,Sandwell,West Midlands,885.0,84.0,9.491525423728813,E01010082,E02002064
E01010083,Sandwell 022F,E08000028,Sandwell,West Midlands,716.0,94.0,13.128491620111731,E01010083,E02002064
E01010084,Sandwell 022G,E08000028,Sandwell,West Midlands,575.0,109.0,18.956521739130437,E01010084,E02002064
E01010085,Sandwell 001A,E08000028,Sandwell,West Midlands,693.0,86.0,12.40981240981241,E01010085,E02002043
E01010086,Sandwell 001B,E08000028,Sandwell,West Midlands,706.0,128.0,18.13031161473088,E01010086,E02002043
E01010087,Sandwell 001C,E08000028,Sandwell,West Midlands,649.0,100.0,15.408320493066254,E01010087,E02002043
E01010088,Sandwell 001D,E08000028,Sandwell,West Midlands,589.0,101.0,17.147707979626485,E01010088,E02002043
E01010089,Sandwell 001E,E08000028,Sandwell,West Midlands,723.0,106.0,14.661134163208853,E01010089,E02002043
E01010090,Sandwell 005A,E08000028,Sandwell,West Midlands,849.0,128.0,15.076560659599528,E01010090,E02002047
E01010091,Sandwell 005B,E08000028,Sandwell,West Midlands,719.0,93.0,12.934631432545201,E01010091,E02002047
E01010092,Sandwell 003E,E08000028,Sandwell,West Midlands,828.0,101.0,12.198067632850242,E01010092,E02002045
E01010093,Sandwell 013A,E08000028,Sandwell,West Midlands,739.0,75.0,10.148849797023004,E01010093,E02002055
E01010094,Sandwell 013B,E08000028,Sandwell,West Midlands,597.0,63.0,10.552763819095476,E01010094,E02002055
E01010095,Sandwell 013C,E08000028,Sandwell,West Midlands,714.0,82.0,11.484593837535014,E01010095,E02002055
E01010096,Sandwell 005C,E08000028,Sandwell,West Midlands,829.0,114.0,13.751507840772014,E01010096,E02002047
E01010097,Sandwell 005D,E08000028,Sandwell,West Midlands,819.0,79.0,9.645909645909647,E01010097,E02002047
E01010098,Sandwell 013D,E08000028,Sandwell,West Midlands,846.0,112.0,13.238770685579196,E01010098,E02002055
E01010099,Sandwell 013E,E08000028,Sandwell,West Midlands,697.0,81.0,11.621233859397417,E01010099,E02002055
E01010100,Sandwell 013F,E08000028,Sandwell,West Midlands,752.0,67.0,8.909574468085106,E01010100,E02002055
E01010101,Sandwell 020B,E08000028,Sandwell,West Midlands,958.0,121.0,12.630480167014612,E01010101,E02002062
E01010102,Sandwell 020C,E08000028,Sandwell,West Midlands,733.0,149.0,20.327421555252386,E01010102,E02002062
E01010103,Sandwell 017D,E08000028,Sandwell,West Midlands,995.0,172.0,17.28643216080402,E01010103,E02002059
E01010104,Sandwell 017E,E08000028,Sandwell,West Midlands,852.0,121.0,14.2018779342723,E01010104,E02002059
E01010105,Sandwell 017F,E08000028,Sandwell,West Midlands,560.0,72.0,12.857142857142856,E01010105,E02002059
E01010106,Sandwell 019D,E08000028,Sandwell,West Midlands,664.0,121.0,18.22289156626506,E01010106,E02002061
E01010107,Sandwell 020D,E08000028,Sandwell,West Midlands,829.0,185.0,22.316043425814232,E01010107,E02002062
E01010108,Solihull 017A,E08000029,Solihull,West Midlands,955.0,77.0,8.06282722513089,E01010108,E02002097
E01010109,Solihull 009A,E08000029,Solihull,West Midlands,680.0,62.0,9.117647058823529,E01010109,E02002089
E01010110,Solihull 009B,E08000029,Solihull,West Midlands,600.0,40.0,6.666666666666667,E01010110,E02002089
E01010111,Solihull 008A,E08000029,Solihull,West Midlands,663.0,93.0,14.027149321266968,E01010111,E02002088
E01010112,Solihull 009C,E08000029,Solihull,West Midlands,712.0,55.0,7.724719101123595,E01010112,E02002089
E01010113,Solihull 009D,E08000029,Solihull,West Midlands,576.0,66.0,11.458333333333332,E01010113,E02002089
E01010114,Solihull 009E,E08000029,Solihull,West Midlands,812.0,69.0,8.497536945812808,E01010114,E02002089
E01010115,Solihull 015A,E08000029,Solihull,West Midlands,704.0,46.0,6.534090909090909,E01010115,E02002095
E01010116,Solihull 015B,E08000029,Solihull,West Midlands,542.0,19.0,3.505535055350553,E01010116,E02002095
E01010117,Solihull 003A,E08000029,Solihull,West Midlands,588.0,45.0,7.653061224489796,E01010117,E02002083
E01010118,Solihull 001A,E08000029,Solihull,West Midlands,526.0,36.0,6.844106463878327,E01010118,E02002081
E01010119,Solihull 003B,E08000029,Solihull,West Midlands,631.0,57.0,9.033280507131538,E01010119,E02002083
E01010120,Solihull 001B,E08000029,Solihull,West Midlands,675.0,62.0,9.185185185185185,E01010120,E02002081
E01010121,Solihull 001C,E08000029,Solihull,West Midlands,633.0,49.0,7.740916271721959,E01010121,E02002081
E01010122,Solihull 001D,E08000029,Solihull,West Midlands,631.0,40.0,6.3391442155309035,E01010122,E02002081
E01010123,Solihull 003C,E08000029,Solihull,West Midlands,654.0,60.0,9.174311926605505,E01010123,E02002083
E01010124,Solihull 003D,E08000029,Solihull,West Midlands,645.0,65.0,10.077519379844961,E01010124,E02002083
E01010125,Solihull 006A,E08000029,Solihull,West Midlands,874.0,103.0,11.784897025171624,E01010125,E02002086
E01010126,Solihull 008B,E08000029,Solihull,West Midlands,664.0,97.0,14.60843373493976,E01010126,E02002088
E01010127,Solihull 008C,E08000029,Solihull,West Midlands,786.0,73.0,9.287531806615776,E01010127,E02002088
E01010128,Solihull 008D,E08000029,Solihull,West Midlands,679.0,80.0,11.7820324005891,E01010128,E02002088
E01010129,Solihull 006B,E08000029,Solihull,West Midlands,770.0,96.0,12.467532467532468,E01010129,E02002086
E01010130,Solihull 008E,E08000029,Solihull,West Midlands,809.0,103.0,12.73176761433869,E01010130,E02002088
E01010131,Solihull 008F,E08000029,Solihull,West Midlands,715.0,96.0,13.426573426573427,E01010131,E02002088
E01010132,Solihull 011A,E08000029,Solihull,West Midlands,652.0,63.0,9.662576687116564,E01010132,E02002091
E01010133,Solihull 011B,E08000029,Solihull,West Midlands,718.0,67.0,9.331476323119778,E01010133,E02002091
E01010134,Solihull 011C,E08000029,Solihull,West Midlands,606.0,51.0,8.415841584158416,E01010134,E02002091
E01010135,Solihull 011D,E08000029,Solihull,West Midlands,676.0,64.0,9.467455621301776,E01010135,E02002091
E01010136,Solihull 012A,E08000029,Solihull,West Midlands,534.0,58.0,10.861423220973784,E01010136,E02002092
E01010137,Solihull 012B,E08000029,Solihull,West Midlands,670.0,84.0,12.53731343283582,E01010137,E02002092
E01010138,Solihull 011E,E08000029,Solihull,West Midlands,614.0,59.0,9.609120521172638,E01010138,E02002091
E01010139,Solihull 006C,E08000029,Solihull,West Midlands,449.0,46.0,10.244988864142538,E01010139,E02002086
E01010140,Solihull 007A,E08000029,Solihull,West Midlands,636.0,87.0,13.679245283018867,E01010140,E02002087
E01010141,Solihull 006D,E08000029,Solihull,West Midlands,657.0,78.0,11.87214611872146,E01010141,E02002086
E01010142,Solihull 007B,E08000029,Solihull,West Midlands,663.0,92.0,13.8763197586727,E01010142,E02002087
E01010143,Solihull 007C,E08000029,Solihull,West Midlands,735.0,104.0,14.14965986394558,E01010143,E02002087
E01010144,Solihull 007D,E08000029,Solihull,West Midlands,765.0,83.0,10.84967320261438,E01010144,E02002087
E01010145,Solihull 005A,E08000029,Solihull,West Midlands,705.0,62.0,8.794326241134751,E01010145,E02002085
E01010146,Solihull 004A,E08000029,Solihull,West Midlands,652.0,76.0,11.65644171779141,E01010146,E02002084
E01010147,Solihull 005B,E08000029,Solihull,West Midlands,677.0,84.0,12.40768094534712,E01010147,E02002085
E01010148,Solihull 005C,E08000029,Solihull,West Midlands,732.0,94.0,12.841530054644808,E01010148,E02002085
E01010149,Solihull 005D,E08000029,Solihull,West Midlands,657.0,51.0,7.76255707762557,E01010149,E02002085
E01010150,Solihull 028A,E08000029,Solihull,West Midlands,684.0,40.0,5.847953216374268,E01010150,E02002108
E01010151,Solihull 026A,E08000029,Solihull,West Midlands,821.0,93.0,11.327649208282581,E01010151,E02002106
E01010152,Solihull 026B,E08000029,Solihull,West Midlands,521.0,32.0,6.142034548944338,E01010152,E02002106
E01010153,Solihull 026C,E08000029,Solihull,West Midlands,759.0,36.0,4.743083003952568,E01010153,E02002106
E01010154,Solihull 026D,E08000029,Solihull,West Midlands,698.0,43.0,6.160458452722064,E01010154,E02002106
E01010155,Solihull 026E,E08000029,Solihull,West Midlands,802.0,55.0,6.857855361596011,E01010155,E02002106
E01010156,Solihull 026F,E08000029,Solihull,West Midlands,647.0,39.0,6.0278207109737245,E01010156,E02002106
E01010157,Solihull 010A,E08000029,Solihull,West Midlands,620.0,64.0,10.32258064516129,E01010157,E02002090
E01010158,Solihull 012C,E08000029,Solihull,West Midlands,666.0,81.0,12.162162162162163,E01010158,E02002092
E01010159,Solihull 010B,E08000029,Solihull,West Midlands,566.0,62.0,10.954063604240282,E01010159,E02002090
E01010160,Solihull 012D,E08000029,Solihull,West Midlands,652.0,61.0,9.355828220858896,E01010160,E02002092
E01010161,Solihull 012E,E08000029,Solihull,West Midlands,647.0,65.0,10.046367851622875,E01010161,E02002092
E01010162,Solihull 010C,E08000029,Solihull,West Midlands,650.0,66.0,10.153846153846153,E01010162,E02002090
E01010163,Solihull 010D,E08000029,Solihull,West Midlands,588.0,57.0,9.693877551020408,E01010163,E02002090
E01010164,Solihull 017B,E08000029,Solihull,West Midlands,751.0,94.0,12.51664447403462,E01010164,E02002097
E01010165,Solihull 017C,E08000029,Solihull,West Midlands,865.0,96.0,11.098265895953757,E01010165,E02002097
E01010166,Solihull 025A,E08000029,Solihull,West Midlands,758.0,63.0,8.311345646437996,E01010166,E02002105
E01010167,Solihull 017D,E08000029,Solihull,West Midlands,675.0,92.0,13.62962962962963,E01010167,E02002097
E01010168,Solihull 025B,E08000029,Solihull,West Midlands,816.0,57.0,6.985294117647059,E01010168,E02002105
E01010169,Solihull 025C,E08000029,Solihull,West Midlands,736.0,43.0,5.842391304347826,E01010169,E02002105
E01010170,Solihull 025D,E08000029,Solihull,West Midlands,581.0,25.0,4.3029259896729775,E01010170,E02002105
E01010171,Solihull 025E,E08000029,Solihull,West Midlands,574.0,48.0,8.362369337979095,E01010171,E02002105
E01010172,Solihull 014A,E08000029,Solihull,West Midlands,601.0,48.0,7.9866888519134775,E01010172,E02002094
E01010173,Solihull 014B,E08000029,Solihull,West Midlands,563.0,32.0,5.683836589698046,E01010173,E02002094
E01010174,Solihull 013A,E08000029,Solihull,West Midlands,712.0,76.0,10.674157303370785,E01010174,E02002093
E01010175,Solihull 013B,E08000029,Solihull,West Midlands,740.0,62.0,8.378378378378379,E01010175,E02002093
E01010176,Solihull 014C,E08000029,Solihull,West Midlands,512.0,31.0,6.0546875,E01010176,E02002094
E01010177,Solihull 013C,E08000029,Solihull,West Midlands,597.0,60.0,10.050251256281408,E01010177,E02002093
E01010178,Solihull 013D,E08000029,Solihull,West Midlands,1021.0,127.0,12.438785504407443,E01010178,E02002093
E01010179,Solihull 014D,E08000029,Solihull,West Midlands,821.0,67.0,8.160779537149818,E01010179,E02002094
E01010180,Solihull 029A,E08000029,Solihull,West Midlands,662.0,44.0,6.646525679758309,E01010180,E02002109
E01010181,Solihull 029B,E08000029,Solihull,West Midlands,1097.0,47.0,4.284412032816773,E01010181,E02002109
E01010183,Solihull 029D,E08000029,Solihull,West Midlands,776.0,42.0,5.412371134020619,E01010183,E02002109
E01010184,Solihull 028B,E08000029,Solihull,West Midlands,724.0,66.0,9.116022099447514,E01010184,E02002108
E01010185,Solihull 028C,E08000029,Solihull,West Midlands,649.0,37.0,5.701078582434515,E01010185,E02002108
E01010186,Solihull 028D,E08000029,Solihull,West Midlands,816.0,49.0,6.004901960784314,E01010186,E02002108
E01010187,Solihull 028E,E08000029,Solihull,West Midlands,537.0,20.0,3.7243947858473,E01010187,E02002108
E01010188,Solihull 028F,E08000029,Solihull,West Midlands,736.0,47.0,6.385869565217392,E01010188,E02002108
E01010189,Solihull 029E,E08000029,Solihull,West Midlands,692.0,45.0,6.502890173410404,E01010189,E02002109
E01010190,Solihull 024A,E08000029,Solihull,West Midlands,696.0,39.0,5.603448275862069,E01010190,E02002104
E01010191,Solihull 022A,E08000029,Solihull,West Midlands,837.0,70.0,8.363201911589007,E01010191,E02002102
E01010192,Solihull 019A,E08000029,Solihull,West Midlands,839.0,68.0,8.104886769964244,E01010192,E02002099
E01010193,Solihull 024B,E08000029,Solihull,West Midlands,494.0,14.0,2.834008097165992,E01010193,E02002104
E01010194,Solihull 024C,E08000029,Solihull,West Midlands,678.0,24.0,3.5398230088495577,E01010194,E02002104
E01010195,Solihull 016A,E08000029,Solihull,West Midlands,603.0,42.0,6.965174129353234,E01010195,E02002096
E01010196,Solihull 019B,E08000029,Solihull,West Midlands,646.0,37.0,5.727554179566564,E01010196,E02002099
E01010197,Solihull 019C,E08000029,Solihull,West Midlands,666.0,40.0,6.006006006006006,E01010197,E02002099
E01010198,Solihull 019D,E08000029,Solihull,West Midlands,763.0,64.0,8.387942332896461,E01010198,E02002099
E01010199,Solihull 018A,E08000029,Solihull,West Midlands,709.0,60.0,8.46262341325811,E01010199,E02002098
E01010200,Solihull 018B,E08000029,Solihull,West Midlands,678.0,77.0,11.35693215339233,E01010200,E02002098
E01010201,Solihull 018C,E08000029,Solihull,West Midlands,751.0,66.0,8.788282290279627,E01010201,E02002098
E01010202,Solihull 022B,E08000029,Solihull,West Midlands,632.0,55.0,8.702531645569621,E01010202,E02002102
E01010203,Solihull 022C,E08000029,Solihull,West Midlands,758.0,73.0,9.630606860158311,E01010203,E02002102
E01010204,Solihull 018D,E08000029,Solihull,West Midlands,686.0,76.0,11.078717201166182,E01010204,E02002098
E01010205,Solihull 018E,E08000029,Solihull,West Midlands,563.0,30.0,5.328596802841918,E01010205,E02002098
E01010206,Solihull 018F,E08000029,Solihull,West Midlands,669.0,70.0,10.46337817638266,E01010206,E02002098
E01010207,Solihull 024D,E08000029,Solihull,West Midlands,613.0,23.0,3.7520391517128875,E01010207,E02002104
E01010208,Solihull 023A,E08000029,Solihull,West Midlands,648.0,60.0,9.25925925925926,E01010208,E02002103
E01010209,Solihull 022D,E08000029,Solihull,West Midlands,707.0,76.0,10.74964639321075,E01010209,E02002102
E01010210,Solihull 023B,E08000029,Solihull,West Midlands,660.0,47.0,7.121212121212121,E01010210,E02002103
E01010211,Solihull 023C,E08000029,Solihull,West Midlands,686.0,74.0,10.787172011661808,E01010211,E02002103
E01010212,Solihull 027A,E08000029,Solihull,West Midlands,502.0,14.0,2.788844621513944,E01010212,E02002107
E01010213,Solihull 022E,E08000029,Solihull,West Midlands,741.0,64.0,8.63697705802969,E01010213,E02002102
E01010214,Solihull 027B,E08000029,Solihull,West Midlands,525.0,21.0,4.0,E01010214,E02002107
E01010215,Solihull 027C,E08000029,Solihull,West Midlands,680.0,33.0,4.852941176470589,E01010215,E02002107
E01010216,Solihull 027D,E08000029,Solihull,West Midlands,640.0,27.0,4.21875,E01010216,E02002107
E01010217,Solihull 023D,E08000029,Solihull,West Midlands,656.0,53.0,8.079268292682928,E01010217,E02002103
E01010218,Solihull 021A,E08000029,Solihull,West Midlands,675.0,82.0,12.148148148148149,E01010218,E02002101
E01010219,Solihull 021B,E08000029,Solihull,West Midlands,707.0,67.0,9.476661951909476,E01010219,E02002101
E01010220,Solihull 030A,E08000029,Solihull,West Midlands,689.0,71.0,10.304789550072568,E01010220,E02006808
E01010221,Solihull 021C,E08000029,Solihull,West Midlands,939.0,75.0,7.987220447284344,E01010221,E02002101
E01010222,Solihull 021D,E08000029,Solihull,West Midlands,656.0,53.0,8.079268292682928,E01010222,E02002101
E01010223,Solihull 030B,E08000029,Solihull,West Midlands,495.0,50.0,10.1010101010101,E01010223,E02006808
E01010225,Solihull 030C,E08000029,Solihull,West Midlands,605.0,64.0,10.578512396694215,E01010225,E02006808
E01010226,Solihull 016B,E08000029,Solihull,West Midlands,956.0,94.0,9.832635983263598,E01010226,E02002096
E01010227,Solihull 015C,E08000029,Solihull,West Midlands,803.0,55.0,6.8493150684931505,E01010227,E02002095
E01010228,Solihull 015D,E08000029,Solihull,West Midlands,684.0,60.0,8.771929824561402,E01010228,E02002095
E01010229,Solihull 016C,E08000029,Solihull,West Midlands,585.0,38.0,6.495726495726497,E01010229,E02002096
E01010230,Solihull 016D,E08000029,Solihull,West Midlands,784.0,84.0,10.714285714285714,E01010230,E02002096
E01010231,Solihull 016E,E08000029,Solihull,West Midlands,673.0,43.0,6.389301634472511,E01010231,E02002096
E01010232,Solihull 015E,E08000029,Solihull,West Midlands,1051.0,113.0,10.751665080875357,E01010232,E02002095
E01010233,Solihull 016F,E08000029,Solihull,West Midlands,843.0,91.0,10.794780545670225,E01010233,E02002096
E01010234,Solihull 004B,E08000029,Solihull,West Midlands,772.0,76.0,9.844559585492227,E01010234,E02002084
E01010235,Solihull 002A,E08000029,Solihull,West Midlands,584.0,69.0,11.815068493150685,E01010235,E02002082
E01010236,Solihull 002B,E08000029,Solihull,West Midlands,605.0,82.0,13.553719008264462,E01010236,E02002082
E01010237,Solihull 004C,E08000029,Solihull,West Midlands,786.0,75.0,9.541984732824428,E01010237,E02002084
E01010238,Solihull 004D,E08000029,Solihull,West Midlands,655.0,83.0,12.67175572519084,E01010238,E02002084
E01010239,Solihull 002C,E08000029,Solihull,West Midlands,648.0,78.0,12.037037037037036,E01010239,E02002082
E01010240,Solihull 002D,E08000029,Solihull,West Midlands,587.0,72.0,12.265758091993186,E01010240,E02002082
E01010241,Walsall 015A,E08000030,Walsall,West Midlands,1160.0,84.0,7.241379310344828,E01010241,E02002124
E01010242,Walsall 015B,E08000030,Walsall,West Midlands,815.0,95.0,11.65644171779141,E01010242,E02002124
E01010243,Walsall 015C,E08000030,Walsall,West Midlands,727.0,57.0,7.8404401650618984,E01010243,E02002124
E01010244,Walsall 015D,E08000030,Walsall,West Midlands,635.0,86.0,13.543307086614172,E01010244,E02002124
E01010245,Walsall 022A,E08000030,Walsall,West Midlands,703.0,61.0,8.677098150782362,E01010245,E02002131
E01010246,Walsall 022B,E08000030,Walsall,West Midlands,658.0,60.0,9.118541033434651,E01010246,E02002131
E01010247,Walsall 022C,E08000030,Walsall,West Midlands,709.0,73.0,10.296191819464035,E01010247,E02002131
E01010248,Walsall 022D,E08000030,Walsall,West Midlands,663.0,48.0,7.239819004524888,E01010248,E02002131
E01010249,Walsall 004A,E08000030,Walsall,West Midlands,789.0,83.0,10.519645120405578,E01010249,E02002113
E01010250,Walsall 004B,E08000030,Walsall,West Midlands,604.0,62.0,10.264900662251655,E01010250,E02002113
E01010251,Walsall 007A,E08000030,Walsall,West Midlands,587.0,28.0,4.770017035775128,E01010251,E02002116
E01010252,Walsall 004C,E08000030,Walsall,West Midlands,763.0,88.0,11.533420707732635,E01010252,E02002113
E01010253,Walsall 007B,E08000030,Walsall,West Midlands,546.0,63.0,11.538461538461538,E01010253,E02002116
E01010254,Walsall 004D,E08000030,Walsall,West Midlands,646.0,81.0,12.538699690402478,E01010254,E02002113
E01010255,Walsall 007C,E08000030,Walsall,West Midlands,644.0,55.0,8.540372670807454,E01010255,E02002116
E01010256,Walsall 007D,E08000030,Walsall,West Midlands,732.0,66.0,9.01639344262295,E01010256,E02002116
E01010257,Walsall 007E,E08000030,Walsall,West Midlands,520.0,39.0,7.5,E01010257,E02002116
E01010258,Walsall 023A,E08000030,Walsall,West Midlands,760.0,94.0,12.368421052631579,E01010258,E02002132
E01010259,Walsall 023B,E08000030,Walsall,West Midlands,653.0,69.0,10.566615620214396,E01010259,E02002132
E01010260,Walsall 023C,E08000030,Walsall,West Midlands,743.0,86.0,11.574697173620457,E01010260,E02002132
E01010261,Walsall 033A,E08000030,Walsall,West Midlands,756.0,123.0,16.26984126984127,E01010261,E02002142
E01010262,Walsall 036A,E08000030,Walsall,West Midlands,714.0,86.0,12.044817927170868,E01010262,E02002145
E01010263,Walsall 033B,E08000030,Walsall,West Midlands,557.0,99.0,17.7737881508079,E01010263,E02002142
E01010264,Walsall 033C,E08000030,Walsall,West Midlands,798.0,88.0,11.027568922305765,E01010264,E02002142
E01010265,Walsall 033D,E08000030,Walsall,West Midlands,720.0,110.0,15.277777777777779,E01010265,E02002142
E01010266,Walsall 023D,E08000030,Walsall,West Midlands,526.0,60.0,11.406844106463879,E01010266,E02002132
E01010267,Walsall 021A,E08000030,Walsall,West Midlands,711.0,56.0,7.876230661040788,E01010267,E02002130
E01010268,Walsall 021B,E08000030,Walsall,West Midlands,591.0,120.0,20.304568527918782,E01010268,E02002130
E01010269,Walsall 026A,E08000030,Walsall,West Midlands,560.0,121.0,21.607142857142858,E01010269,E02002135
E01010270,Walsall 026B,E08000030,Walsall,West Midlands,676.0,84.0,12.42603550295858,E01010270,E02002135
E01010271,Walsall 017A,E08000030,Walsall,West Midlands,828.0,113.0,13.647342995169081,E01010271,E02002126
E01010272,Walsall 017B,E08000030,Walsall,West Midlands,722.0,126.0,17.451523545706372,E01010272,E02002126
E01010273,Walsall 017C,E08000030,Walsall,West Midlands,631.0,104.0,16.48177496038035,E01010273,E02002126
E01010274,Walsall 021C,E08000030,Walsall,West Midlands,623.0,99.0,15.890850722311397,E01010274,E02002130
E01010275,Walsall 021D,E08000030,Walsall,West Midlands,770.0,119.0,15.454545454545453,E01010275,E02002130
E01010277,Walsall 013B,E08000030,Walsall,West Midlands,682.0,101.0,14.809384164222875,E01010277,E02002122
E01010279,Walsall 018B,E08000030,Walsall,West Midlands,818.0,100.0,12.224938875305623,E01010279,E02002127
E01010282,Walsall 012A,E08000030,Walsall,West Midlands,526.0,84.0,15.96958174904943,E01010282,E02002121
E01010283,Walsall 013D,E08000030,Walsall,West Midlands,699.0,108.0,15.450643776824036,E01010283,E02002122
E01010284,Walsall 006A,E08000030,Walsall,West Midlands,712.0,88.0,12.359550561797752,E01010284,E02002115
E01010285,Walsall 006B,E08000030,Walsall,West Midlands,780.0,76.0,9.743589743589745,E01010285,E02002115
E01010286,Walsall 006C,E08000030,Walsall,West Midlands,665.0,117.0,17.593984962406015,E01010286,E02002115
E01010287,Walsall 012B,E08000030,Walsall,West Midlands,745.0,103.0,13.825503355704699,E01010287,E02002121
E01010288,Walsall 012C,E08000030,Walsall,West Midlands,652.0,100.0,15.337423312883436,E01010288,E02002121
E01010289,Walsall 012D,E08000030,Walsall,West Midlands,741.0,107.0,14.439946018893387,E01010289,E02002121
E01010290,Walsall 006D,E08000030,Walsall,West Midlands,802.0,86.0,10.723192019950124,E01010290,E02002115
E01010291,Walsall 009A,E08000030,Walsall,West Midlands,570.0,67.0,11.75438596491228,E01010291,E02002118
E01010292,Walsall 008A,E08000030,Walsall,West Midlands,970.0,117.0,12.061855670103093,E01010292,E02002117
E01010293,Walsall 009B,E08000030,Walsall,West Midlands,807.0,93.0,11.524163568773234,E01010293,E02002118
E01010294,Walsall 008B,E08000030,Walsall,West Midlands,676.0,88.0,13.017751479289942,E01010294,E02002117
E01010295,Walsall 017D,E08000030,Walsall,West Midlands,667.0,95.0,14.24287856071964,E01010295,E02002126
E01010296,Walsall 008C,E08000030,Walsall,West Midlands,645.0,26.0,4.0310077519379846,E01010296,E02002117
E01010297,Walsall 008D,E08000030,Walsall,West Midlands,604.0,27.0,4.470198675496689,E01010297,E02002117
E01010298,Walsall 009C,E08000030,Walsall,West Midlands,508.0,47.0,9.251968503937007,E01010298,E02002118
E01010299,Walsall 009D,E08000030,Walsall,West Midlands,624.0,74.0,11.858974358974358,E01010299,E02002118
E01010300,Walsall 009E,E08000030,Walsall,West Midlands,649.0,82.0,12.63482280431433,E01010300,E02002118
E01010301,Walsall 001A,E08000030,Walsall,West Midlands,640.0,82.0,12.812499999999998,E01010301,E02002110
E01010302,Walsall 002A,E08000030,Walsall,West Midlands,664.0,82.0,12.349397590361445,E01010302,E02002111
E01010303,Walsall 001B,E08000030,Walsall,West Midlands,659.0,66.0,10.015174506828528,E01010303,E02002110
E01010304,Walsall 002B,E08000030,Walsall,West Midlands,766.0,66.0,8.616187989556137,E01010304,E02002111
E01010305,Walsall 002C,E08000030,Walsall,West Midlands,544.0,81.0,14.88970588235294,E01010305,E02002111
E01010306,Walsall 001C,E08000030,Walsall,West Midlands,938.0,74.0,7.889125799573561,E01010306,E02002110
E01010307,Walsall 001D,E08000030,Walsall,West Midlands,704.0,47.0,6.676136363636363,E01010307,E02002110
E01010308,Walsall 002D,E08000030,Walsall,West Midlands,904.0,103.0,11.393805309734512,E01010308,E02002111
E01010309,Walsall 036B,E08000030,Walsall,West Midlands,925.0,135.0,14.594594594594595,E01010309,E02002145
E01010310,Walsall 038A,E08000030,Walsall,West Midlands,798.0,100.0,12.531328320802004,E01010310,E02002147
E01010311,Walsall 036C,E08000030,Walsall,West Midlands,1123.0,112.0,9.973285841495994,E01010311,E02002145
E01010312,Walsall 038B,E08000030,Walsall,West Midlands,726.0,106.0,14.600550964187327,E01010312,E02002147
E01010313,Walsall 038C,E08000030,Walsall,West Midlands,566.0,97.0,17.137809187279153,E01010313,E02002147
E01010314,Walsall 038D,E08000030,Walsall,West Midlands,720.0,92.0,12.777777777777777,E01010314,E02002147
E01010315,Walsall 038E,E08000030,Walsall,West Midlands,811.0,79.0,9.741060419235511,E01010315,E02002147
E01010316,Walsall 036D,E08000030,Walsall,West Midlands,653.0,113.0,17.304747320061256,E01010316,E02002145
E01010317,Walsall 024A,E08000030,Walsall,West Midlands,709.0,49.0,6.911142454160791,E01010317,E02002133
E01010318,Walsall 024B,E08000030,Walsall,West Midlands,809.0,112.0,13.8442521631644,E01010318,E02002133
E01010319,Walsall 010A,E08000030,Walsall,West Midlands,501.0,24.0,4.790419161676647,E01010319,E02002119
E01010320,Walsall 016A,E08000030,Walsall,West Midlands,612.0,63.0,10.294117647058822,E01010320,E02002125
E01010321,Walsall 010B,E08000030,Walsall,West Midlands,664.0,86.0,12.951807228915662,E01010321,E02002119
E01010322,Walsall 016B,E08000030,Walsall,West Midlands,734.0,85.0,11.580381471389646,E01010322,E02002125
E01010323,Walsall 016C,E08000030,Walsall,West Midlands,646.0,70.0,10.8359133126935,E01010323,E02002125
E01010324,Walsall 016D,E08000030,Walsall,West Midlands,856.0,87.0,10.163551401869158,E01010324,E02002125
E01010325,Walsall 024C,E08000030,Walsall,West Midlands,804.0,86.0,10.696517412935323,E01010325,E02002133
E01010326,Walsall 029A,E08000030,Walsall,West Midlands,580.0,49.0,8.448275862068966,E01010326,E02002138
E01010327,Walsall 029B,E08000030,Walsall,West Midlands,605.0,142.0,23.471074380165287,E01010327,E02002138
E01010328,Walsall 029C,E08000030,Walsall,West Midlands,531.0,39.0,7.344632768361582,E01010328,E02002138
E01010329,Walsall 039A,E08000030,Walsall,West Midlands,678.0,58.0,8.55457227138643,E01010329,E02002148
E01010330,Walsall 029D,E08000030,Walsall,West Midlands,646.0,107.0,16.563467492260063,E01010330,E02002138
E01010331,Walsall 035A,E08000030,Walsall,West Midlands,651.0,46.0,7.066052227342549,E01010331,E02002144
E01010332,Walsall 035B,E08000030,Walsall,West Midlands,678.0,49.0,7.227138643067847,E01010332,E02002144
E01010333,Walsall 035C,E08000030,Walsall,West Midlands,655.0,55.0,8.396946564885496,E01010333,E02002144
E01010334,Walsall 035D,E08000030,Walsall,West Midlands,589.0,39.0,6.621392190152801,E01010334,E02002144
E01010335,Walsall 037A,E08000030,Walsall,West Midlands,620.0,106.0,17.096774193548388,E01010335,E02002146
E01010336,Walsall 034A,E08000030,Walsall,West Midlands,525.0,90.0,17.142857142857142,E01010336,E02002143
E01010337,Walsall 037B,E08000030,Walsall,West Midlands,556.0,73.0,13.129496402877697,E01010337,E02002146
E01010338,Walsall 037C,E08000030,Walsall,West Midlands,558.0,106.0,18.996415770609318,E01010338,E02002146
E01010339,Walsall 037D,E08000030,Walsall,West Midlands,534.0,75.0,14.04494382022472,E01010339,E02002146
E01010340,Walsall 034B,E08000030,Walsall,West Midlands,612.0,115.0,18.790849673202615,E01010340,E02002143
E01010341,Walsall 034C,E08000030,Walsall,West Midlands,493.0,105.0,21.29817444219067,E01010341,E02002143
E01010342,Walsall 034D,E08000030,Walsall,West Midlands,542.0,151.0,27.85977859778598,E01010342,E02002143
E01010343,Walsall 034E,E08000030,Walsall,West Midlands,485.0,110.0,22.68041237113402,E01010343,E02002143
E01010344,Walsall 034F,E08000030,Walsall,West Midlands,611.0,133.0,21.76759410801964,E01010344,E02002143
E01010345,Walsall 003A,E08000030,Walsall,West Midlands,500.0,40.0,8.0,E01010345,E02002112
E01010346,Walsall 003B,E08000030,Walsall,West Midlands,537.0,39.0,7.262569832402235,E01010346,E02002112
E01010347,Walsall 003C,E08000030,Walsall,West Midlands,667.0,91.0,13.6431784107946,E01010347,E02002112
E01010348,Walsall 005A,E08000030,Walsall,West Midlands,663.0,80.0,12.066365007541478,E01010348,E02002114
E01010349,Walsall 005B,E08000030,Walsall,West Midlands,640.0,63.0,9.84375,E01010349,E02002114
E01010350,Walsall 003D,E08000030,Walsall,West Midlands,607.0,39.0,6.425041186161449,E01010350,E02002112
E01010351,Walsall 005C,E08000030,Walsall,West Midlands,775.0,67.0,8.645161290322582,E01010351,E02002114
E01010352,Walsall 005D,E08000030,Walsall,West Midlands,716.0,55.0,7.681564245810056,E01010352,E02002114
E01010353,Walsall 010C,E08000030,Walsall,West Midlands,707.0,70.0,9.900990099009901,E01010353,E02002119
E01010354,Walsall 010D,E08000030,Walsall,West Midlands,675.0,73.0,10.814814814814815,E01010354,E02002119
E01010355,Walsall 039B,E08000030,Walsall,West Midlands,625.0,56.0,8.959999999999999,E01010355,E02002148
E01010356,Walsall 039C,E08000030,Walsall,West Midlands,637.0,56.0,8.791208791208792,E01010356,E02002148
E01010357,Walsall 039D,E08000030,Walsall,West Midlands,994.0,62.0,6.237424547283702,E01010357,E02002148
E01010358,Walsall 039E,E08000030,Walsall,West Midlands,655.0,57.0,8.702290076335878,E01010358,E02002148
E01010359,Walsall 039F,E08000030,Walsall,West Midlands,661.0,54.0,8.169440242057489,E01010359,E02002148
E01010360,Walsall 039G,E08000030,Walsall,West Midlands,639.0,55.0,8.607198748043817,E01010360,E02002148
E01010361,Walsall 031A,E08000030,Walsall,West Midlands,588.0,81.0,13.77551020408163,E01010361,E02002140
E01010362,Walsall 026C,E08000030,Walsall,West Midlands,638.0,95.0,14.890282131661442,E01010362,E02002135
E01010363,Walsall 026D,E08000030,Walsall,West Midlands,1170.0,177.0,15.128205128205128,E01010363,E02002135
E01010364,Walsall 031B,E08000030,Walsall,West Midlands,493.0,114.0,23.123732251521297,E01010364,E02002140
E01010365,Walsall 031C,E08000030,Walsall,West Midlands,698.0,102.0,14.613180515759314,E01010365,E02002140
E01010366,Walsall 031D,E08000030,Walsall,West Midlands,650.0,133.0,20.46153846153846,E01010366,E02002140
E01010367,Walsall 031E,E08000030,Walsall,West Midlands,654.0,130.0,19.877675840978593,E01010367,E02002140
E01010368,Walsall 030A,E08000030,Walsall,West Midlands,1216.0,193.0,15.871710526315788,E01010368,E02002139
E01010369,Walsall 024D,E08000030,Walsall,West Midlands,856.0,129.0,15.070093457943926,E01010369,E02002133
E01010370,Walsall 030B,E08000030,Walsall,West Midlands,906.0,153.0,16.887417218543046,E01010370,E02002139
E01010372,Walsall 030D,E08000030,Walsall,West Midlands,628.0,118.0,18.789808917197455,E01010372,E02002139
E01010373,Walsall 030E,E08000030,Walsall,West Midlands,549.0,53.0,9.65391621129326,E01010373,E02002139
E01010374,Walsall 018D,E08000030,Walsall,West Midlands,941.0,154.0,16.365568544102018,E01010374,E02002127
E01010375,Walsall 018E,E08000030,Walsall,West Midlands,765.0,142.0,18.562091503267975,E01010375,E02002127
E01010376,Walsall 020A,E08000030,Walsall,West Midlands,518.0,41.0,7.915057915057915,E01010376,E02002129
E01010377,Walsall 020B,E08000030,Walsall,West Midlands,752.0,74.0,9.840425531914894,E01010377,E02002129
E01010378,Walsall 019A,E08000030,Walsall,West Midlands,495.0,44.0,8.88888888888889,E01010378,E02002128
E01010379,Walsall 019B,E08000030,Walsall,West Midlands,586.0,46.0,7.849829351535837,E01010379,E02002128
E01010380,Walsall 020C,E08000030,Walsall,West Midlands,699.0,64.0,9.15593705293276,E01010380,E02002129
E01010381,Walsall 020D,E08000030,Walsall,West Midlands,703.0,92.0,13.086770981507822,E01010381,E02002129
E01010382,Walsall 019C,E08000030,Walsall,West Midlands,668.0,74.0,11.077844311377245,E01010382,E02002128
E01010383,Walsall 019D,E08000030,Walsall,West Midlands,774.0,92.0,11.886304909560723,E01010383,E02002128
E01010384,Walsall 032A,E08000030,Walsall,West Midlands,591.0,49.0,8.29103214890017,E01010384,E02002141
E01010385,Walsall 028A,E08000030,Walsall,West Midlands,641.0,47.0,7.332293291731669,E01010385,E02002137
E01010386,Walsall 028B,E08000030,Walsall,West Midlands,742.0,52.0,7.008086253369273,E01010386,E02002137
E01010387,Walsall 028C,E08000030,Walsall,West Midlands,632.0,54.0,8.544303797468354,E01010387,E02002137
E01010388,Walsall 022E,E08000030,Walsall,West Midlands,586.0,32.0,5.460750853242321,E01010388,E02002131
E01010389,Walsall 032B,E08000030,Walsall,West Midlands,603.0,44.0,7.2968490878938645,E01010389,E02002141
E01010390,Walsall 032C,E08000030,Walsall,West Midlands,733.0,57.0,7.776261937244201,E01010390,E02002141
E01010391,Walsall 032D,E08000030,Walsall,West Midlands,789.0,61.0,7.731305449936629,E01010391,E02002141
E01010392,Walsall 028D,E08000030,Walsall,West Midlands,662.0,47.0,7.099697885196375,E01010392,E02002137
E01010393,Walsall 014A,E08000030,Walsall,West Midlands,606.0,59.0,9.735973597359736,E01010393,E02002123
E01010394,Walsall 014B,E08000030,Walsall,West Midlands,535.0,48.0,8.97196261682243,E01010394,E02002123
E01010395,Walsall 011A,E08000030,Walsall,West Midlands,514.0,24.0,4.669260700389105,E01010395,E02002120
E01010396,Walsall 014C,E08000030,Walsall,West Midlands,670.0,76.0,11.343283582089553,E01010396,E02002123
E01010397,Walsall 011B,E08000030,Walsall,West Midlands,639.0,75.0,11.737089201877934,E01010397,E02002120
E01010398,Walsall 011C,E08000030,Walsall,West Midlands,646.0,28.0,4.3343653250774,E01010398,E02002120
E01010399,Walsall 011D,E08000030,Walsall,West Midlands,656.0,57.0,8.689024390243901,E01010399,E02002120
E01010400,Walsall 014D,E08000030,Walsall,West Midlands,989.0,126.0,12.740141557128412,E01010400,E02002123
E01010401,Walsall 025A,E08000030,Walsall,West Midlands,689.0,85.0,12.336719883889694,E01010401,E02002134
E01010402,Walsall 027A,E08000030,Walsall,West Midlands,691.0,73.0,10.5643994211288,E01010402,E02002136
E01010403,Walsall 025B,E08000030,Walsall,West Midlands,752.0,100.0,13.297872340425531,E01010403,E02002134
E01010404,Walsall 025C,E08000030,Walsall,West Midlands,830.0,124.0,14.93975903614458,E01010404,E02002134
E01010405,Walsall 027B,E08000030,Walsall,West Midlands,806.0,109.0,13.523573200992555,E01010405,E02002136
E01010406,Walsall 027C,E08000030,Walsall,West Midlands,1225.0,182.0,14.857142857142858,E01010406,E02002136
E01010407,Walsall 025D,E08000030,Walsall,West Midlands,724.0,88.0,12.154696132596685,E01010407,E02002134
E01010408,Walsall 025E,E08000030,Walsall,West Midlands,761.0,126.0,16.557161629434955,E01010408,E02002134
E01010409,Walsall 027D,E08000030,Walsall,West Midlands,652.0,78.0,11.96319018404908,E01010409,E02002136
E01010410,Wolverhampton 033A,E08000031,Wolverhampton,West Midlands,1097.0,110.0,10.027347310847768,E01010410,E02002181
E01010411,Wolverhampton 033B,E08000031,Wolverhampton,West Midlands,829.0,73.0,8.805790108564535,E01010411,E02002181
E01010412,Wolverhampton 033C,E08000031,Wolverhampton,West Midlands,885.0,112.0,12.655367231638417,E01010412,E02002181
E01010413,Wolverhampton 033D,E08000031,Wolverhampton,West Midlands,715.0,79.0,11.048951048951048,E01010413,E02002181
E01010414,Wolverhampton 027A,E08000031,Wolverhampton,West Midlands,1037.0,166.0,16.00771456123433,E01010414,E02002175
E01010415,Wolverhampton 027B,E08000031,Wolverhampton,West Midlands,624.0,94.0,15.064102564102564,E01010415,E02002175
E01010416,Wolverhampton 027C,E08000031,Wolverhampton,West Midlands,772.0,159.0,20.595854922279795,E01010416,E02002175
E01010417,Wolverhampton 023A,E08000031,Wolverhampton,West Midlands,722.0,85.0,11.772853185595569,E01010417,E02002171
E01010418,Wolverhampton 022A,E08000031,Wolverhampton,West Midlands,602.0,47.0,7.807308970099667,E01010418,E02002170
E01010419,Wolverhampton 023B,E08000031,Wolverhampton,West Midlands,690.0,84.0,12.173913043478262,E01010419,E02002171
E01010420,Wolverhampton 023C,E08000031,Wolverhampton,West Midlands,541.0,67.0,12.384473197781885,E01010420,E02002171
E01010421,Wolverhampton 022B,E08000031,Wolverhampton,West Midlands,613.0,106.0,17.29200652528548,E01010421,E02002170
E01010422,Wolverhampton 027D,E08000031,Wolverhampton,West Midlands,748.0,103.0,13.770053475935828,E01010422,E02002175
E01010423,Wolverhampton 022C,E08000031,Wolverhampton,West Midlands,689.0,97.0,14.078374455732948,E01010423,E02002170
E01010424,Wolverhampton 022D,E08000031,Wolverhampton,West Midlands,622.0,66.0,10.610932475884244,E01010424,E02002170
E01010425,Wolverhampton 023D,E08000031,Wolverhampton,West Midlands,538.0,57.0,10.594795539033457,E01010425,E02002171
E01010426,Wolverhampton 035A,E08000031,Wolverhampton,West Midlands,564.0,82.0,14.539007092198581,E01010426,E02006894
E01010427,Wolverhampton 030A,E08000031,Wolverhampton,West Midlands,570.0,101.0,17.719298245614034,E01010427,E02002178
E01010428,Wolverhampton 035B,E08000031,Wolverhampton,West Midlands,567.0,167.0,29.453262786596117,E01010428,E02006894
E01010429,Wolverhampton 035C,E08000031,Wolverhampton,West Midlands,494.0,98.0,19.838056680161944,E01010429,E02006894
E01010430,Wolverhampton 035D,E08000031,Wolverhampton,West Midlands,717.0,132.0,18.410041841004183,E01010430,E02006894
E01010431,Wolverhampton 030B,E08000031,Wolverhampton,West Midlands,486.0,57.0,11.728395061728394,E01010431,E02002178
E01010432,Wolverhampton 030C,E08000031,Wolverhampton,West Midlands,526.0,57.0,10.836501901140684,E01010432,E02002178
E01010433,Wolverhampton 035E,E08000031,Wolverhampton,West Midlands,511.0,102.0,19.960861056751465,E01010433,E02006894
E01010434,Wolverhampton 001A,E08000031,Wolverhampton,West Midlands,769.0,112.0,14.564369310793237,E01010434,E02002149
E01010436,Wolverhampton 001B,E08000031,Wolverhampton,West Midlands,662.0,44.0,6.646525679758309,E01010436,E02002149
E01010437,Wolverhampton 001C,E08000031,Wolverhampton,West Midlands,520.0,24.0,4.615384615384616,E01010437,E02002149
E01010438,Wolverhampton 001D,E08000031,Wolverhampton,West Midlands,654.0,68.0,10.397553516819572,E01010438,E02002149
E01010439,Wolverhampton 001E,E08000031,Wolverhampton,West Midlands,551.0,59.0,10.707803992740473,E01010439,E02002149
E01010440,Wolverhampton 001F,E08000031,Wolverhampton,West Midlands,724.0,90.0,12.430939226519337,E01010440,E02002149
E01010441,Wolverhampton 001G,E08000031,Wolverhampton,West Midlands,563.0,94.0,16.69626998223801,E01010441,E02002149
E01010442,Wolverhampton 018A,E08000031,Wolverhampton,West Midlands,557.0,96.0,17.235188509874327,E01010442,E02002166
E01010443,Wolverhampton 018B,E08000031,Wolverhampton,West Midlands,654.0,119.0,18.195718654434252,E01010443,E02002166
E01010444,Wolverhampton 018C,E08000031,Wolverhampton,West Midlands,579.0,79.0,13.644214162348877,E01010444,E02002166
E01010445,Wolverhampton 018D,E08000031,Wolverhampton,West Midlands,511.0,84.0,16.43835616438356,E01010445,E02002166
E01010446,Wolverhampton 023E,E08000031,Wolverhampton,West Midlands,725.0,95.0,13.10344827586207,E01010446,E02002171
E01010447,Wolverhampton 018E,E08000031,Wolverhampton,West Midlands,884.0,128.0,14.479638009049776,E01010447,E02002166
E01010448,Wolverhampton 018F,E08000031,Wolverhampton,West Midlands,787.0,76.0,9.6569250317662,E01010448,E02002166
E01010449,Wolverhampton 029A,E08000031,Wolverhampton,West Midlands,977.0,159.0,16.274309109518935,E01010449,E02002177
E01010450,Wolverhampton 029B,E08000031,Wolverhampton,West Midlands,1120.0,145.0,12.946428571428573,E01010450,E02002177
E01010451,Wolverhampton 029C,E08000031,Wolverhampton,West Midlands,820.0,76.0,9.268292682926829,E01010451,E02002177
E01010452,Wolverhampton 029D,E08000031,Wolverhampton,West Midlands,703.0,103.0,14.65149359886202,E01010452,E02002177
E01010454,Wolverhampton 035G,E08000031,Wolverhampton,West Midlands,649.0,120.0,18.489984591679505,E01010454,E02006894
E01010455,Wolverhampton 029E,E08000031,Wolverhampton,West Midlands,1101.0,142.0,12.897366030881017,E01010455,E02002177
E01010456,Wolverhampton 004A,E08000031,Wolverhampton,West Midlands,519.0,113.0,21.772639691714836,E01010456,E02002152
E01010457,Wolverhampton 004B,E08000031,Wolverhampton,West Midlands,677.0,71.0,10.487444608567207,E01010457,E02002152
E01010458,Wolverhampton 008A,E08000031,Wolverhampton,West Midlands,785.0,100.0,12.738853503184714,E01010458,E02002156
E01010459,Wolverhampton 008B,E08000031,Wolverhampton,West Midlands,631.0,79.0,12.519809825673534,E01010459,E02002156
E01010460,Wolverhampton 008C,E08000031,Wolverhampton,West Midlands,664.0,83.0,12.5,E01010460,E02002156
E01010461,Wolverhampton 008D,E08000031,Wolverhampton,West Midlands,637.0,58.0,9.105180533751962,E01010461,E02002156
E01010462,Wolverhampton 004C,E08000031,Wolverhampton,West Midlands,662.0,91.0,13.746223564954683,E01010462,E02002152
E01010463,Wolverhampton 020A,E08000031,Wolverhampton,West Midlands,772.0,185.0,23.963730569948186,E01010463,E02002168
E01010464,Wolverhampton 020B,E08000031,Wolverhampton,West Midlands,922.0,131.0,14.20824295010846,E01010464,E02002168
E01010465,Wolverhampton 020C,E08000031,Wolverhampton,West Midlands,623.0,144.0,23.113964686998393,E01010465,E02002168
E01010466,Wolverhampton 020D,E08000031,Wolverhampton,West Midlands,558.0,170.0,30.46594982078853,E01010466,E02002168
E01010467,Wolverhampton 026A,E08000031,Wolverhampton,West Midlands,659.0,119.0,18.057663125948405,E01010467,E02002174
E01010468,Wolverhampton 026B,E08000031,Wolverhampton,West Midlands,635.0,71.0,11.181102362204724,E01010468,E02002174
E01010469,Wolverhampton 026C,E08000031,Wolverhampton,West Midlands,654.0,83.0,12.691131498470948,E01010469,E02002174
E01010470,Wolverhampton 020E,E08000031,Wolverhampton,West Midlands,729.0,140.0,19.204389574759944,E01010470,E02002168
E01010471,Wolverhampton 015A,E08000031,Wolverhampton,West Midlands,867.0,162.0,18.685121107266436,E01010471,E02002163
E01010472,Wolverhampton 015B,E08000031,Wolverhampton,West Midlands,1046.0,157.0,15.009560229445507,E01010472,E02002163
E01010473,Wolverhampton 015C,E08000031,Wolverhampton,West Midlands,995.0,139.0,13.969849246231156,E01010473,E02002163
E01010474,Wolverhampton 012A,E08000031,Wolverhampton,West Midlands,641.0,87.0,13.57254290171607,E01010474,E02002160
E01010475,Wolverhampton 015D,E08000031,Wolverhampton,West Midlands,673.0,83.0,12.332838038632987,E01010475,E02002163
E01010476,Wolverhampton 015E,E08000031,Wolverhampton,West Midlands,913.0,137.0,15.005476451259584,E01010476,E02002163
E01010477,Wolverhampton 015F,E08000031,Wolverhampton,West Midlands,717.0,112.0,15.620641562064156,E01010477,E02002163
E01010478,Wolverhampton 011A,E08000031,Wolverhampton,West Midlands,534.0,159.0,29.775280898876407,E01010478,E02002159
E01010479,Wolverhampton 011B,E08000031,Wolverhampton,West Midlands,599.0,91.0,15.191986644407345,E01010479,E02002159
E01010480,Wolverhampton 011C,E08000031,Wolverhampton,West Midlands,536.0,64.0,11.940298507462686,E01010480,E02002159
E01010481,Wolverhampton 004D,E08000031,Wolverhampton,West Midlands,544.0,88.0,16.176470588235293,E01010481,E02002152
E01010482,Wolverhampton 007A,E08000031,Wolverhampton,West Midlands,510.0,91.0,17.84313725490196,E01010482,E02002155
E01010483,Wolverhampton 007B,E08000031,Wolverhampton,West Midlands,570.0,114.0,20.0,E01010483,E02002155
E01010484,Wolverhampton 007C,E08000031,Wolverhampton,West Midlands,522.0,103.0,19.731800766283524,E01010484,E02002155
E01010485,Wolverhampton 007D,E08000031,Wolverhampton,West Midlands,839.0,116.0,13.825983313468415,E01010485,E02002155
E01010486,Wolverhampton 011D,E08000031,Wolverhampton,West Midlands,654.0,128.0,19.571865443425075,E01010486,E02002159
E01010487,Wolverhampton 021A,E08000031,Wolverhampton,West Midlands,635.0,65.0,10.236220472440944,E01010487,E02002169
E01010488,Wolverhampton 021B,E08000031,Wolverhampton,West Midlands,655.0,71.0,10.839694656488549,E01010488,E02002169
E01010489,Wolverhampton 028A,E08000031,Wolverhampton,West Midlands,681.0,74.0,10.866372980910425,E01010489,E02002176
E01010490,Wolverhampton 028B,E08000031,Wolverhampton,West Midlands,974.0,127.0,13.03901437371663,E01010490,E02002176
E01010491,Wolverhampton 028C,E08000031,Wolverhampton,West Midlands,639.0,80.0,12.519561815336463,E01010491,E02002176
E01010492,Wolverhampton 028D,E08000031,Wolverhampton,West Midlands,531.0,60.0,11.299435028248588,E01010492,E02002176
E01010493,Wolverhampton 021C,E08000031,Wolverhampton,West Midlands,647.0,67.0,10.35548686244204,E01010493,E02002169
E01010494,Wolverhampton 028E,E08000031,Wolverhampton,West Midlands,627.0,60.0,9.569377990430622,E01010494,E02002176
E01010495,Wolverhampton 002A,E08000031,Wolverhampton,West Midlands,800.0,94.0,11.75,E01010495,E02002150
E01010496,Wolverhampton 003A,E08000031,Wolverhampton,West Midlands,656.0,56.0,8.536585365853659,E01010496,E02002151
E01010497,Wolverhampton 002B,E08000031,Wolverhampton,West Midlands,476.0,20.0,4.201680672268908,E01010497,E02002150
E01010498,Wolverhampton 003B,E08000031,Wolverhampton,West Midlands,680.0,41.0,6.029411764705882,E01010498,E02002151
E01010499,Wolverhampton 002C,E08000031,Wolverhampton,West Midlands,547.0,68.0,12.431444241316271,E01010499,E02002150
E01010500,Wolverhampton 002D,E08000031,Wolverhampton,West Midlands,533.0,92.0,17.26078799249531,E01010500,E02002150
E01010501,Wolverhampton 006B,E08000031,Wolverhampton,West Midlands,610.0,79.0,12.950819672131148,E01010501,E02002154
E01010502,Wolverhampton 006C,E08000031,Wolverhampton,West Midlands,544.0,56.0,10.294117647058822,E01010502,E02002154
E01010503,Wolverhampton 006D,E08000031,Wolverhampton,West Midlands,603.0,89.0,14.759535655058043,E01010503,E02002154
E01010504,Wolverhampton 021D,E08000031,Wolverhampton,West Midlands,611.0,47.0,7.6923076923076925,E01010504,E02002169
E01010505,Wolverhampton 021E,E08000031,Wolverhampton,West Midlands,522.0,50.0,9.578544061302683,E01010505,E02002169
E01010506,Wolverhampton 017A,E08000031,Wolverhampton,West Midlands,863.0,174.0,20.162224797219004,E01010506,E02002165
E01010507,Wolverhampton 021F,E08000031,Wolverhampton,West Midlands,648.0,49.0,7.561728395061729,E01010507,E02002169
E01010508,Wolverhampton 017B,E08000031,Wolverhampton,West Midlands,842.0,193.0,22.921615201900238,E01010508,E02002165
E01010509,Wolverhampton 019A,E08000031,Wolverhampton,West Midlands,761.0,95.0,12.483574244415244,E01010509,E02002167
E01010510,Wolverhampton 017C,E08000031,Wolverhampton,West Midlands,755.0,146.0,19.337748344370862,E01010510,E02002165
E01010511,Wolverhampton 017D,E08000031,Wolverhampton,West Midlands,696.0,148.0,21.26436781609195,E01010511,E02002165
E01010512,Wolverhampton 017E,E08000031,Wolverhampton,West Midlands,644.0,108.0,16.77018633540373,E01010512,E02002165
E01010513,Wolverhampton 031A,E08000031,Wolverhampton,West Midlands,655.0,52.0,7.938931297709924,E01010513,E02002179
E01010514,Wolverhampton 031B,E08000031,Wolverhampton,West Midlands,673.0,70.0,10.401188707280832,E01010514,E02002179
E01010515,Wolverhampton 031C,E08000031,Wolverhampton,West Midlands,700.0,69.0,9.857142857142858,E01010515,E02002179
E01010516,Wolverhampton 026D,E08000031,Wolverhampton,West Midlands,545.0,60.0,11.009174311926607,E01010516,E02002174
E01010517,Wolverhampton 031D,E08000031,Wolverhampton,West Midlands,683.0,85.0,12.445095168374817,E01010517,E02002179
E01010518,Wolverhampton 026E,E08000031,Wolverhampton,West Midlands,660.0,63.0,9.545454545454547,E01010518,E02002174
E01010519,Wolverhampton 030D,E08000031,Wolverhampton,West Midlands,586.0,63.0,10.750853242320819,E01010519,E02002178
E01010520,Wolverhampton 030E,E08000031,Wolverhampton,West Midlands,691.0,67.0,9.696092619392186,E01010520,E02002178
E01010522,Wolverhampton 013A,E08000031,Wolverhampton,West Midlands,650.0,102.0,15.692307692307692,E01010522,E02002161
E01010523,Wolverhampton 013B,E08000031,Wolverhampton,West Midlands,643.0,124.0,19.284603421461895,E01010523,E02002161
E01010524,Wolverhampton 013C,E08000031,Wolverhampton,West Midlands,695.0,96.0,13.81294964028777,E01010524,E02002161
E01010525,Wolverhampton 013D,E08000031,Wolverhampton,West Midlands,669.0,122.0,18.236173393124066,E01010525,E02002161
E01010526,Wolverhampton 016A,E08000031,Wolverhampton,West Midlands,517.0,129.0,24.95164410058027,E01010526,E02002164
E01010527,Wolverhampton 016B,E08000031,Wolverhampton,West Midlands,733.0,135.0,18.417462482946796,E01010527,E02002164
E01010528,Wolverhampton 016C,E08000031,Wolverhampton,West Midlands,514.0,97.0,18.8715953307393,E01010528,E02002164
E01010529,Wolverhampton 016D,E08000031,Wolverhampton,West Midlands,693.0,193.0,27.84992784992785,E01010529,E02002164
E01010530,Wolverhampton 035H,E08000031,Wolverhampton,West Midlands,680.0,172.0,25.294117647058822,E01010530,E02006894
E01010531,Wolverhampton 034A,E08000031,Wolverhampton,West Midlands,747.0,97.0,12.985274431057563,E01010531,E02002182
E01010532,Wolverhampton 034B,E08000031,Wolverhampton,West Midlands,693.0,75.0,10.822510822510822,E01010532,E02002182
E01010533,Wolverhampton 032A,E08000031,Wolverhampton,West Midlands,723.0,99.0,13.692946058091287,E01010533,E02002180
E01010534,Wolverhampton 034C,E08000031,Wolverhampton,West Midlands,501.0,23.0,4.590818363273453,E01010534,E02002182
E01010535,Wolverhampton 032B,E08000031,Wolverhampton,West Midlands,640.0,98.0,15.312500000000002,E01010535,E02002180
E01010536,Wolverhampton 032C,E08000031,Wolverhampton,West Midlands,656.0,64.0,9.75609756097561,E01010536,E02002180
E01010537,Wolverhampton 032D,E08000031,Wolverhampton,West Midlands,692.0,63.0,9.104046242774565,E01010537,E02002180
E01010538,Wolverhampton 034D,E08000031,Wolverhampton,West Midlands,653.0,76.0,11.638591117917304,E01010538,E02002182
E01010539,Wolverhampton 009A,E08000031,Wolverhampton,West Midlands,673.0,95.0,14.115898959881129,E01010539,E02002157
E01010540,Wolverhampton 009B,E08000031,Wolverhampton,West Midlands,668.0,55.0,8.233532934131736,E01010540,E02002157
E01010541,Wolverhampton 003C,E08000031,Wolverhampton,West Midlands,648.0,85.0,13.117283950617283,E01010541,E02002151
E01010542,Wolverhampton 009C,E08000031,Wolverhampton,West Midlands,671.0,75.0,11.177347242921014,E01010542,E02002157
E01010543,Wolverhampton 003D,E08000031,Wolverhampton,West Midlands,584.0,82.0,14.04109589041096,E01010543,E02002151
E01010544,Wolverhampton 009D,E08000031,Wolverhampton,West Midlands,627.0,58.0,9.250398724082935,E01010544,E02002157
E01010545,Wolverhampton 009E,E08000031,Wolverhampton,West Midlands,684.0,80.0,11.695906432748536,E01010545,E02002157
E01010546,Wolverhampton 014A,E08000031,Wolverhampton,West Midlands,625.0,33.0,5.28,E01010546,E02002162
E01010547,Wolverhampton 014B,E08000031,Wolverhampton,West Midlands,801.0,74.0,9.238451935081148,E01010547,E02002162
E01010548,Wolverhampton 014C,E08000031,Wolverhampton,West Midlands,753.0,64.0,8.49933598937583,E01010548,E02002162
E01010549,Wolverhampton 014D,E08000031,Wolverhampton,West Midlands,662.0,67.0,10.120845921450151,E01010549,E02002162
E01010550,Wolverhampton 019B,E08000031,Wolverhampton,West Midlands,685.0,38.0,5.547445255474453,E01010550,E02002167
E01010551,Wolverhampton 019C,E08000031,Wolverhampton,West Midlands,805.0,77.0,9.565217391304348,E01010551,E02002167
E01010552,Wolverhampton 019D,E08000031,Wolverhampton,West Midlands,832.0,82.0,9.85576923076923,E01010552,E02002167
E01010553,Wolverhampton 014E,E08000031,Wolverhampton,West Midlands,672.0,56.0,8.333333333333332,E01010553,E02002162
E01010554,Wolverhampton 010A,E08000031,Wolverhampton,West Midlands,641.0,59.0,9.204368174726989,E01010554,E02002158
E01010555,Wolverhampton 005A,E08000031,Wolverhampton,West Midlands,725.0,90.0,12.413793103448276,E01010555,E02002153
E01010556,Wolverhampton 005B,E08000031,Wolverhampton,West Midlands,625.0,58.0,9.28,E01010556,E02002153
E01010557,Wolverhampton 005C,E08000031,Wolverhampton,West Midlands,649.0,57.0,8.782742681047766,E01010557,E02002153
E01010558,Wolverhampton 010B,E08000031,Wolverhampton,West Midlands,693.0,60.0,8.658008658008658,E01010558,E02002158
E01010559,Wolverhampton 005D,E08000031,Wolverhampton,West Midlands,677.0,87.0,12.850812407680944,E01010559,E02002153
E01010560,Wolverhampton 005E,E08000031,Wolverhampton,West Midlands,821.0,88.0,10.71863580998782,E01010560,E02002153
E01010561,Wolverhampton 012B,E08000031,Wolverhampton,West Midlands,645.0,55.0,8.527131782945736,E01010561,E02002160
E01010562,Wolverhampton 010C,E08000031,Wolverhampton,West Midlands,744.0,80.0,10.75268817204301,E01010562,E02002158
E01010563,Wolverhampton 010D,E08000031,Wolverhampton,West Midlands,681.0,87.0,12.77533039647577,E01010563,E02002158
E01010564,Wolverhampton 012C,E08000031,Wolverhampton,West Midlands,1015.0,147.0,14.482758620689657,E01010564,E02002160
E01010565,Wolverhampton 012D,E08000031,Wolverhampton,West Midlands,759.0,54.0,7.114624505928854,E01010565,E02002160
E01010566,Wolverhampton 008E,E08000031,Wolverhampton,West Midlands,768.0,92.0,11.979166666666668,E01010566,E02002156
E01010567,Wolverhampton 010E,E08000031,Wolverhampton,West Midlands,670.0,78.0,11.641791044776118,E01010567,E02002158
E01013455,Derby 017A,E06000015,Derby,East Midlands,874.0,92.0,10.526315789473683,E01013455,E02002812
E01013458,Derby 017B,E06000015,Derby,East Midlands,606.0,60.0,9.900990099009901,E01013458,E02002812
E01013459,Derby 020A,E06000015,Derby,East Midlands,639.0,98.0,15.336463223787167,E01013459,E02002815
E01013470,Derby 024A,E06000015,Derby,East Midlands,636.0,57.0,8.962264150943396,E01013470,E02002819
E01013471,Derby 025A,E06000015,Derby,East Midlands,888.0,180.0,20.27027027027027,E01013471,E02002820
E01013472,Derby 026A,E06000015,Derby,East Midlands,1049.0,139.0,13.250714966634892,E01013472,E02002821
E01013473,Derby 025B,E06000015,Derby,East Midlands,750.0,119.0,15.866666666666667,E01013473,E02002820
E01013474,Derby 024B,E06000015,Derby,East Midlands,782.0,75.0,9.59079283887468,E01013474,E02002819
E01013475,Derby 025C,E06000015,Derby,East Midlands,624.0,103.0,16.506410256410255,E01013475,E02002820
E01013476,Derby 024C,E06000015,Derby,East Midlands,771.0,39.0,5.058365758754864,E01013476,E02002819
E01013477,Derby 025D,E06000015,Derby,East Midlands,815.0,123.0,15.092024539877299,E01013477,E02002820
E01013481,Derby 018A,E06000015,Derby,East Midlands,606.0,129.0,21.287128712871286,E01013481,E02002813
E01013484,Derby 018C,E06000015,Derby,East Midlands,768.0,165.0,21.484375,E01013484,E02002813
E01013486,Derby 018D,E06000015,Derby,East Midlands,643.0,148.0,23.017107309486782,E01013486,E02002813
E01013487,Derby 018E,E06000015,Derby,East Midlands,862.0,182.0,21.11368909512761,E01013487,E02002813
E01013488,Derby 022A,E06000015,Derby,East Midlands,617.0,47.0,7.6175040518638575,E01013488,E02002817
E01013489,Derby 022B,E06000015,Derby,East Midlands,670.0,48.0,7.164179104477612,E01013489,E02002817
E01013490,Derby 022C,E06000015,Derby,East Midlands,630.0,47.0,7.4603174603174605,E01013490,E02002817
E01013491,Derby 022D,E06000015,Derby,East Midlands,624.0,69.0,11.057692307692307,E01013491,E02002817
E01013492,Derby 027A,E06000015,Derby,East Midlands,631.0,52.0,8.240887480190175,E01013492,E02002822
E01013493,Derby 027B,E06000015,Derby,East Midlands,680.0,52.0,7.647058823529412,E01013493,E02002822
E01013494,Derby 027C,E06000015,Derby,East Midlands,848.0,87.0,10.25943396226415,E01013494,E02002822
E01013495,Derby 027D,E06000015,Derby,East Midlands,746.0,67.0,8.981233243967829,E01013495,E02002822
E01013496,Derby 028A,E06000015,Derby,East Midlands,707.0,59.0,8.345120226308344,E01013496,E02002823
E01013497,Derby 026B,E06000015,Derby,East Midlands,687.0,106.0,15.429403202328967,E01013497,E02002821
E01013498,Derby 028B,E06000015,Derby,East Midlands,658.0,60.0,9.118541033434651,E01013498,E02002823
E01013499,Derby 028C,E06000015,Derby,East Midlands,690.0,69.0,10.0,E01013499,E02002823
E01013500,Derby 028D,E06000015,Derby,East Midlands,767.0,77.0,10.039113428943937,E01013500,E02002823
E01013501,Derby 028E,E06000015,Derby,East Midlands,678.0,66.0,9.734513274336283,E01013501,E02002823
E01013502,Derby 025E,E06000015,Derby,East Midlands,654.0,79.0,12.079510703363914,E01013502,E02002820
E01013503,Derby 025F,E06000015,Derby,East Midlands,661.0,73.0,11.043872919818456,E01013503,E02002820
E01013504,Derby 026C,E06000015,Derby,East Midlands,754.0,123.0,16.312997347480106,E01013504,E02002821
E01013514,Derby 031A,E06000015,Derby,East Midlands,717.0,44.0,6.136680613668061,E01013514,E02002826
E01013515,Derby 031B,E06000015,Derby,East Midlands,858.0,62.0,7.226107226107226,E01013515,E02002826
E01013517,Derby 030B,E06000015,Derby,East Midlands,701.0,74.0,10.556348074179743,E01013517,E02002825
E01013518,Derby 030C,E06000015,Derby,East Midlands,702.0,64.0,9.116809116809117,E01013518,E02002825
E01013519,Derby 031C,E06000015,Derby,East Midlands,641.0,29.0,4.5241809672386895,E01013519,E02002826
E01013520,Derby 031D,E06000015,Derby,East Midlands,881.0,39.0,4.426787741203178,E01013520,E02002826
E01013521,Derby 030D,E06000015,Derby,East Midlands,752.0,62.0,8.24468085106383,E01013521,E02002825
E01013539,Derby 021A,E06000015,Derby,East Midlands,765.0,22.0,2.8758169934640523,E01013539,E02002816
E01013540,Derby 019A,E06000015,Derby,East Midlands,699.0,53.0,7.582260371959943,E01013540,E02002814
E01013541,Derby 021B,E06000015,Derby,East Midlands,703.0,43.0,6.116642958748222,E01013541,E02002816
E01013542,Derby 017C,E06000015,Derby,East Midlands,1030.0,107.0,10.388349514563107,E01013542,E02002812
E01013543,Derby 021C,E06000015,Derby,East Midlands,669.0,55.0,8.221225710014949,E01013543,E02002816
E01013544,Derby 021D,E06000015,Derby,East Midlands,710.0,24.0,3.3802816901408446,E01013544,E02002816
E01013545,Derby 021E,E06000015,Derby,East Midlands,749.0,68.0,9.078771695594126,E01013545,E02002816
E01013546,Derby 017D,E06000015,Derby,East Midlands,702.0,69.0,9.82905982905983,E01013546,E02002812
E01013560,Derby 019B,E06000015,Derby,East Midlands,620.0,36.0,5.806451612903226,E01013560,E02002814
E01013561,Derby 019C,E06000015,Derby,East Midlands,710.0,63.0,8.87323943661972,E01013561,E02002814
E01013562,Derby 019D,E06000015,Derby,East Midlands,747.0,63.0,8.433734939759036,E01013562,E02002814
E01013563,Derby 019E,E06000015,Derby,East Midlands,663.0,54.0,8.144796380090497,E01013563,E02002814
E01013567,Derby 020B,E06000015,Derby,East Midlands,667.0,156.0,23.388305847076463,E01013567,E02002815
E01013568,Derby 020C,E06000015,Derby,East Midlands,778.0,174.0,22.36503856041131,E01013568,E02002815
E01013569,Derby 020D,E06000015,Derby,East Midlands,576.0,116.0,20.13888888888889,E01013569,E02002815
E01013570,Derby 023A,E06000015,Derby,East Midlands,739.0,168.0,22.73342354533153,E01013570,E02002818
E01013571,Derby 023B,E06000015,Derby,East Midlands,715.0,146.0,20.41958041958042,E01013571,E02002818
E01013572,Derby 023C,E06000015,Derby,East Midlands,722.0,70.0,9.695290858725762,E01013572,E02002818
E01013573,Derby 023D,E06000015,Derby,East Midlands,912.0,139.0,15.241228070175438,E01013573,E02002818
E01013583,Derby 026D,E06000015,Derby,East Midlands,612.0,117.0,19.11764705882353,E01013583,E02002821
E01013584,Derby 029A,E06000015,Derby,East Midlands,675.0,112.0,16.59259259259259,E01013584,E02002824
E01013585,Derby 029B,E06000015,Derby,East Midlands,775.0,93.0,12.0,E01013585,E02002824
E01013586,Derby 029C,E06000015,Derby,East Midlands,734.0,60.0,8.174386920980927,E01013586,E02002824
E01013587,Derby 029D,E06000015,Derby,East Midlands,639.0,51.0,7.981220657276995,E01013587,E02002824
E01013588,Derby 029E,E06000015,Derby,East Midlands,693.0,66.0,9.523809523809524,E01013588,E02002824
E01013589,Derby 029F,E06000015,Derby,East Midlands,723.0,33.0,4.564315352697095,E01013589,E02002824
E01013590,Derby 026E,E06000015,Derby,East Midlands,820.0,141.0,17.195121951219512,E01013590,E02002821
E01013591,Derby 026F,E06000015,Derby,East Midlands,882.0,191.0,21.65532879818594,E01013591,E02002821
E01013593,Derby 014A,E06000015,Derby,East Midlands,660.0,46.0,6.969696969696971,E01013593,E02002809
E01013595,Derby 014B,E06000015,Derby,East Midlands,1114.0,99.0,8.88689407540395,E01013595,E02002809
E01013597,Derby 014C,E06000015,Derby,East Midlands,772.0,91.0,11.78756476683938,E01013597,E02002809
E01013598,Derby 014D,E06000015,Derby,East Midlands,672.0,74.0,11.011904761904761,E01013598,E02002809
E01013998,Herefordshire 001A,E06000019,"Herefordshire, County of",West Midlands,671.0,85.0,12.667660208643817,E01013998,E02002905
E01013999,Herefordshire 004A,E06000019,"Herefordshire, County of",West Midlands,728.0,113.0,15.521978021978022,E01013999,E02002908
E01014000,Herefordshire 005A,E06000019,"Herefordshire, County of",West Midlands,617.0,92.0,14.910858995137763,E01014000,E02002909
E01014001,Herefordshire 005B,E06000019,"Herefordshire, County of",West Midlands,767.0,116.0,15.123859191655804,E01014001,E02002909
E01014002,Herefordshire 005C,E06000019,"Herefordshire, County of",West Midlands,673.0,66.0,9.806835066864785,E01014002,E02002909
E01014003,Herefordshire 005D,E06000019,"Herefordshire, County of",West Midlands,682.0,94.0,13.78299120234604,E01014003,E02002909
E01014004,Herefordshire 005E,E06000019,"Herefordshire, County of",West Midlands,657.0,111.0,16.894977168949772,E01014004,E02002909
E01014005,Herefordshire 005F,E06000019,"Herefordshire, County of",West Midlands,943.0,148.0,15.69459172852598,E01014005,E02002909
E01014015,Herefordshire 005G,E06000019,"Herefordshire, County of",West Midlands,732.0,117.0,15.983606557377051,E01014015,E02002909
E01014017,Herefordshire 004B,E06000019,"Herefordshire, County of",West Midlands,673.0,111.0,16.493313521545318,E01014017,E02002908
E01014024,Herefordshire 004C,E06000019,"Herefordshire, County of",West Midlands,597.0,100.0,16.750418760469014,E01014024,E02002908
E01014025,Herefordshire 004D,E06000019,"Herefordshire, County of",West Midlands,679.0,95.0,13.991163475699558,E01014025,E02002908
E01014051,Herefordshire 001B,E06000019,"Herefordshire, County of",West Midlands,822.0,122.0,14.841849148418493,E01014051,E02002905
E01014052,Herefordshire 001C,E06000019,"Herefordshire, County of",West Midlands,707.0,141.0,19.943422913719942,E01014052,E02002905
E01014055,Herefordshire 004E,E06000019,"Herefordshire, County of",West Midlands,790.0,112.0,14.177215189873419,E01014055,E02002908
E01014096,Herefordshire 001D,E06000019,"Herefordshire, County of",West Midlands,699.0,107.0,15.30758226037196,E01014096,E02002905
E01014097,Herefordshire 004F,E06000019,"Herefordshire, County of",West Midlands,629.0,104.0,16.534181240063592,E01014097,E02002908
E01014102,Telford and Wrekin 007A,E06000020,Telford and Wrekin,West Midlands,811.0,34.0,4.192355117139334,E01014102,E02002934
E01014103,Telford and Wrekin 007B,E06000020,Telford and Wrekin,West Midlands,505.0,21.0,4.158415841584159,E01014103,E02002934
E01014104,Telford and Wrekin 011A,E06000020,Telford and Wrekin,West Midlands,676.0,75.0,11.094674556213018,E01014104,E02002938
E01014105,Telford and Wrekin 011B,E06000020,Telford and Wrekin,West Midlands,847.0,113.0,13.34120425029516,E01014105,E02002938
E01014106,Telford and Wrekin 020A,E06000020,Telford and Wrekin,West Midlands,645.0,67.0,10.387596899224807,E01014106,E02002947
E01014107,Telford and Wrekin 020B,E06000020,Telford and Wrekin,West Midlands,500.0,34.0,6.800000000000001,E01014107,E02002947
E01014108,Telford and Wrekin 020C,E06000020,Telford and Wrekin,West Midlands,658.0,115.0,17.477203647416413,E01014108,E02002947
E01014109,Telford and Wrekin 020D,E06000020,Telford and Wrekin,West Midlands,490.0,45.0,9.183673469387756,E01014109,E02002947
E01014110,Telford and Wrekin 020E,E06000020,Telford and Wrekin,West Midlands,578.0,92.0,15.916955017301039,E01014110,E02002947
E01014111,Telford and Wrekin 004A,E06000020,Telford and Wrekin,West Midlands,705.0,95.0,13.47517730496454,E01014111,E02002931
E01014112,Telford and Wrekin 002A,E06000020,Telford and Wrekin,West Midlands,759.0,79.0,10.408432147562582,E01014112,E02002929
E01014113,Telford and Wrekin 011C,E06000020,Telford and Wrekin,West Midlands,763.0,136.0,17.82437745740498,E01014113,E02002938
E01014114,Telford and Wrekin 011D,E06000020,Telford and Wrekin,West Midlands,697.0,72.0,10.329985652797705,E01014114,E02002938
E01014115,Telford and Wrekin 023A,E06000020,Telford and Wrekin,West Midlands,636.0,115.0,18.081761006289305,E01014115,E02002950
E01014116,Telford and Wrekin 023B,E06000020,Telford and Wrekin,West Midlands,842.0,116.0,13.77672209026128,E01014116,E02002950
E01014117,Telford and Wrekin 023C,E06000020,Telford and Wrekin,West Midlands,515.0,51.0,9.902912621359224,E01014117,E02002950
E01014118,Telford and Wrekin 023D,E06000020,Telford and Wrekin,West Midlands,506.0,92.0,18.181818181818183,E01014118,E02002950
E01014119,Telford and Wrekin 019A,E06000020,Telford and Wrekin,West Midlands,710.0,76.0,10.704225352112676,E01014119,E02002946
E01014120,Telford and Wrekin 019B,E06000020,Telford and Wrekin,West Midlands,847.0,109.0,12.868949232585598,E01014120,E02002946
E01014121,Telford and Wrekin 019C,E06000020,Telford and Wrekin,West Midlands,663.0,71.0,10.708898944193061,E01014121,E02002946
E01014122,Telford and Wrekin 019D,E06000020,Telford and Wrekin,West Midlands,777.0,96.0,12.355212355212355,E01014122,E02002946
E01014123,Telford and Wrekin 019E,E06000020,Telford and Wrekin,West Midlands,647.0,38.0,5.873261205564142,E01014123,E02002946
E01014124,Telford and Wrekin 017A,E06000020,Telford and Wrekin,West Midlands,798.0,105.0,13.157894736842104,E01014124,E02002944
E01014125,Telford and Wrekin 005A,E06000020,Telford and Wrekin,West Midlands,602.0,80.0,13.2890365448505,E01014125,E02002932
E01014126,Telford and Wrekin 005B,E06000020,Telford and Wrekin,West Midlands,669.0,87.0,13.004484304932735,E01014126,E02002932
E01014127,Telford and Wrekin 005C,E06000020,Telford and Wrekin,West Midlands,684.0,102.0,14.912280701754385,E01014127,E02002932
E01014128,Telford and Wrekin 005D,E06000020,Telford and Wrekin,West Midlands,979.0,107.0,10.929519918283964,E01014128,E02002932
E01014129,Telford and Wrekin 006A,E06000020,Telford and Wrekin,West Midlands,560.0,60.0,10.714285714285714,E01014129,E02002933
E01014130,Telford and Wrekin 006B,E06000020,Telford and Wrekin,West Midlands,679.0,46.0,6.774668630338733,E01014130,E02002933
E01014131,Telford and Wrekin 002B,E06000020,Telford and Wrekin,West Midlands,799.0,119.0,14.893617021276595,E01014131,E02002929
E01014132,Telford and Wrekin 002C,E06000020,Telford and Wrekin,West Midlands,484.0,69.0,14.256198347107437,E01014132,E02002929
E01014133,Telford and Wrekin 012A,E06000020,Telford and Wrekin,West Midlands,998.0,85.0,8.517034068136272,E01014133,E02002939
E01014134,Telford and Wrekin 012B,E06000020,Telford and Wrekin,West Midlands,774.0,63.0,8.13953488372093,E01014134,E02002939
E01014135,Telford and Wrekin 002D,E06000020,Telford and Wrekin,West Midlands,533.0,79.0,14.821763602251407,E01014135,E02002929
E01014136,Telford and Wrekin 010A,E06000020,Telford and Wrekin,West Midlands,806.0,129.0,16.00496277915633,E01014136,E02002937
E01014137,Telford and Wrekin 009A,E06000020,Telford and Wrekin,West Midlands,792.0,45.0,5.681818181818182,E01014137,E02002936
E01014138,Telford and Wrekin 007C,E06000020,Telford and Wrekin,West Midlands,717.0,67.0,9.344490934449093,E01014138,E02002934
E01014139,Telford and Wrekin 009B,E06000020,Telford and Wrekin,West Midlands,543.0,71.0,13.075506445672191,E01014139,E02002936
E01014140,Telford and Wrekin 007D,E06000020,Telford and Wrekin,West Midlands,638.0,81.0,12.695924764890282,E01014140,E02002934
E01014142,Telford and Wrekin 009D,E06000020,Telford and Wrekin,West Midlands,473.0,76.0,16.0676532769556,E01014142,E02002936
E01014143,Telford and Wrekin 009E,E06000020,Telford and Wrekin,West Midlands,690.0,110.0,15.942028985507244,E01014143,E02002936
E01014144,Telford and Wrekin 012C,E06000020,Telford and Wrekin,West Midlands,826.0,114.0,13.801452784503631,E01014144,E02002939
E01014145,Telford and Wrekin 012D,E06000020,Telford and Wrekin,West Midlands,1048.0,148.0,14.122137404580155,E01014145,E02002939
E01014148,Telford and Wrekin 010B,E06000020,Telford and Wrekin,West Midlands,760.0,97.0,12.763157894736842,E01014148,E02002937
E01014149,Telford and Wrekin 010C,E06000020,Telford and Wrekin,West Midlands,505.0,70.0,13.861386138613863,E01014149,E02002937
E01014150,Telford and Wrekin 014A,E06000020,Telford and Wrekin,West Midlands,738.0,58.0,7.8590785907859075,E01014150,E02002941
E01014151,Telford and Wrekin 014B,E06000020,Telford and Wrekin,West Midlands,654.0,87.0,13.302752293577983,E01014151,E02002941
E01014152,Telford and Wrekin 014C,E06000020,Telford and Wrekin,West Midlands,857.0,94.0,10.968494749124854,E01014152,E02002941
E01014153,Telford and Wrekin 014D,E06000020,Telford and Wrekin,West Midlands,937.0,114.0,12.16648879402348,E01014153,E02002941
E01014154,Telford and Wrekin 014E,E06000020,Telford and Wrekin,West Midlands,775.0,72.0,9.290322580645162,E01014154,E02002941
E01014155,Telford and Wrekin 014F,E06000020,Telford and Wrekin,West Midlands,886.0,103.0,11.62528216704289,E01014155,E02002941
E01014157,Telford and Wrekin 024C,E06000020,Telford and Wrekin,West Midlands,538.0,25.0,4.646840148698884,E01014157,E02007050
E01014158,Telford and Wrekin 024E,E06000020,Telford and Wrekin,West Midlands,849.0,76.0,8.95170789163722,E01014158,E02007050
E01014159,Telford and Wrekin 022A,E06000020,Telford and Wrekin,West Midlands,637.0,95.0,14.91365777080063,E01014159,E02002949
E01014160,Telford and Wrekin 022B,E06000020,Telford and Wrekin,West Midlands,551.0,37.0,6.715063520871143,E01014160,E02002949
E01014161,Telford and Wrekin 022C,E06000020,Telford and Wrekin,West Midlands,513.0,63.0,12.280701754385964,E01014161,E02002949
E01014162,Telford and Wrekin 022D,E06000020,Telford and Wrekin,West Midlands,966.0,143.0,14.803312629399587,E01014162,E02002949
E01014163,Telford and Wrekin 017B,E06000020,Telford and Wrekin,West Midlands,815.0,116.0,14.23312883435583,E01014163,E02002944
E01014164,Telford and Wrekin 017C,E06000020,Telford and Wrekin,West Midlands,734.0,115.0,15.66757493188011,E01014164,E02002944
E01014165,Telford and Wrekin 017D,E06000020,Telford and Wrekin,West Midlands,638.0,101.0,15.830721003134796,E01014165,E02002944
E01014166,Telford and Wrekin 017E,E06000020,Telford and Wrekin,West Midlands,670.0,70.0,10.44776119402985,E01014166,E02002944
E01014167,Telford and Wrekin 004B,E06000020,Telford and Wrekin,West Midlands,861.0,46.0,5.342624854819976,E01014167,E02002931
E01014168,Telford and Wrekin 004C,E06000020,Telford and Wrekin,West Midlands,539.0,32.0,5.936920222634509,E01014168,E02002931
E01014169,Telford and Wrekin 005E,E06000020,Telford and Wrekin,West Midlands,783.0,71.0,9.067688378033207,E01014169,E02002932
E01014170,Telford and Wrekin 004D,E06000020,Telford and Wrekin,West Midlands,700.0,47.0,6.714285714285714,E01014170,E02002931
E01014171,Telford and Wrekin 001A,E06000020,Telford and Wrekin,West Midlands,627.0,86.0,13.716108452950559,E01014171,E02002928
E01014172,Telford and Wrekin 001B,E06000020,Telford and Wrekin,West Midlands,566.0,45.0,7.950530035335689,E01014172,E02002928
E01014173,Telford and Wrekin 001C,E06000020,Telford and Wrekin,West Midlands,829.0,101.0,12.18335343787696,E01014173,E02002928
E01014174,Telford and Wrekin 001D,E06000020,Telford and Wrekin,West Midlands,637.0,31.0,4.866562009419153,E01014174,E02002928
E01014175,Telford and Wrekin 003A,E06000020,Telford and Wrekin,West Midlands,725.0,60.0,8.275862068965518,E01014175,E02002930
E01014176,Telford and Wrekin 003B,E06000020,Telford and Wrekin,West Midlands,723.0,78.0,10.78838174273859,E01014176,E02002930
E01014177,Telford and Wrekin 003C,E06000020,Telford and Wrekin,West Midlands,900.0,56.0,6.222222222222222,E01014177,E02002930
E01014178,Telford and Wrekin 003D,E06000020,Telford and Wrekin,West Midlands,878.0,135.0,15.375854214123008,E01014178,E02002930
E01014179,Telford and Wrekin 006C,E06000020,Telford and Wrekin,West Midlands,520.0,46.0,8.846153846153847,E01014179,E02002933
E01014180,Telford and Wrekin 006D,E06000020,Telford and Wrekin,West Midlands,620.0,65.0,10.483870967741936,E01014180,E02002933
E01014181,Telford and Wrekin 015A,E06000020,Telford and Wrekin,West Midlands,850.0,25.0,2.941176470588235,E01014181,E02002942
E01014182,Telford and Wrekin 015B,E06000020,Telford and Wrekin,West Midlands,595.0,16.0,2.689075630252101,E01014182,E02002942
E01014183,Telford and Wrekin 015C,E06000020,Telford and Wrekin,West Midlands,792.0,34.0,4.292929292929292,E01014183,E02002942
E01014184,Telford and Wrekin 015D,E06000020,Telford and Wrekin,West Midlands,892.0,59.0,6.614349775784753,E01014184,E02002942
E01014185,Telford and Wrekin 013A,E06000020,Telford and Wrekin,West Midlands,823.0,119.0,14.459295261239369,E01014185,E02002940
E01014186,Telford and Wrekin 013B,E06000020,Telford and Wrekin,West Midlands,657.0,100.0,15.220700152207002,E01014186,E02002940
E01014187,Telford and Wrekin 013C,E06000020,Telford and Wrekin,West Midlands,713.0,88.0,12.342215988779802,E01014187,E02002940
E01014188,Telford and Wrekin 013D,E06000020,Telford and Wrekin,West Midlands,633.0,44.0,6.9510268562401265,E01014188,E02002940
E01014189,Telford and Wrekin 006E,E06000020,Telford and Wrekin,West Midlands,617.0,39.0,6.3209076175040515,E01014189,E02002933
E01014190,Telford and Wrekin 006F,E06000020,Telford and Wrekin,West Midlands,632.0,20.0,3.1645569620253164,E01014190,E02002933
E01014191,Telford and Wrekin 018A,E06000020,Telford and Wrekin,West Midlands,748.0,114.0,15.240641711229946,E01014191,E02002945
E01014192,Telford and Wrekin 018B,E06000020,Telford and Wrekin,West Midlands,604.0,96.0,15.894039735099339,E01014192,E02002945
E01014193,Telford and Wrekin 018C,E06000020,Telford and Wrekin,West Midlands,644.0,72.0,11.180124223602485,E01014193,E02002945
E01014194,Telford and Wrekin 018D,E06000020,Telford and Wrekin,West Midlands,655.0,75.0,11.450381679389313,E01014194,E02002945
E01014195,Telford and Wrekin 018E,E06000020,Telford and Wrekin,West Midlands,591.0,28.0,4.737732656514383,E01014195,E02002945
E01014196,Telford and Wrekin 018F,E06000020,Telford and Wrekin,West Midlands,674.0,78.0,11.572700296735905,E01014196,E02002945
E01014197,Telford and Wrekin 021A,E06000020,Telford and Wrekin,West Midlands,703.0,102.0,14.509246088193455,E01014197,E02002948
E01014198,Telford and Wrekin 021B,E06000020,Telford and Wrekin,West Midlands,570.0,68.0,11.929824561403509,E01014198,E02002948
E01014199,Telford and Wrekin 021C,E06000020,Telford and Wrekin,West Midlands,643.0,83.0,12.908242612752721,E01014199,E02002948
E01014200,Telford and Wrekin 021D,E06000020,Telford and Wrekin,West Midlands,509.0,75.0,14.734774066797643,E01014200,E02002948
E01014201,Telford and Wrekin 021E,E06000020,Telford and Wrekin,West Midlands,467.0,75.0,16.059957173447536,E01014201,E02002948
E01014202,Telford and Wrekin 010D,E06000020,Telford and Wrekin,West Midlands,1123.0,96.0,8.54853072128228,E01014202,E02002937
E01014203,Telford and Wrekin 010E,E06000020,Telford and Wrekin,West Midlands,682.0,70.0,10.263929618768328,E01014203,E02002937
E01014204,Telford and Wrekin 010F,E06000020,Telford and Wrekin,West Midlands,856.0,91.0,10.630841121495326,E01014204,E02002937
E01014205,Telford and Wrekin 008A,E06000020,Telford and Wrekin,West Midlands,617.0,55.0,8.914100486223662,E01014205,E02002935
E01014206,Telford and Wrekin 008B,E06000020,Telford and Wrekin,West Midlands,564.0,73.0,12.943262411347517,E01014206,E02002935
E01014207,Telford and Wrekin 008C,E06000020,Telford and Wrekin,West Midlands,534.0,56.0,10.486891385767791,E01014207,E02002935
E01014208,Telford and Wrekin 008D,E06000020,Telford and Wrekin,West Midlands,612.0,74.0,12.091503267973856,E01014208,E02002935
E01014209,Telford and Wrekin 008E,E06000020,Telford and Wrekin,West Midlands,669.0,83.0,12.406576980568012,E01014209,E02002935
E01019603,Derbyshire Dales 010A,E07000035,Derbyshire Dales,East Midlands,921.0,110.0,11.943539630836048,E01019603,E02004077
E01019607,Derbyshire Dales 010B,E07000035,Derbyshire Dales,East Midlands,857.0,131.0,15.28588098016336,E01019607,E02004077
E01019612,Derbyshire Dales 010C,E07000035,Derbyshire Dales,East Midlands,1001.0,140.0,13.986013986013987,E01019612,E02004077
E01019629,Derbyshire Dales 010D,E07000035,Derbyshire Dales,East Midlands,752.0,106.0,14.095744680851062,E01019629,E02004077
E01019641,Erewash 011A,E07000036,Erewash,East Midlands,680.0,51.0,7.5,E01019641,E02004088
E01019642,Erewash 013A,E07000036,Erewash,East Midlands,679.0,64.0,9.425625920471282,E01019642,E02004090
E01019643,Erewash 013B,E07000036,Erewash,East Midlands,745.0,50.0,6.7114093959731544,E01019643,E02004090
E01019652,Erewash 011B,E07000036,Erewash,East Midlands,675.0,80.0,11.851851851851853,E01019652,E02004088
E01019653,Erewash 011C,E07000036,Erewash,East Midlands,638.0,35.0,5.4858934169279,E01019653,E02004088
E01019654,Erewash 013C,E07000036,Erewash,East Midlands,763.0,79.0,10.35386631716907,E01019654,E02004090
E01019655,Erewash 013D,E07000036,Erewash,East Midlands,787.0,74.0,9.40279542566709,E01019655,E02004090
E01019676,Erewash 014A,E07000036,Erewash,East Midlands,716.0,91.0,12.70949720670391,E01019676,E02004091
E01019677,Erewash 014B,E07000036,Erewash,East Midlands,676.0,59.0,8.727810650887575,E01019677,E02004091
E01019678,Erewash 014C,E07000036,Erewash,East Midlands,806.0,37.0,4.590570719602978,E01019678,E02004091
E01019680,Erewash 014D,E07000036,Erewash,East Midlands,845.0,82.0,9.70414201183432,E01019680,E02004091
E01019681,Erewash 014E,E07000036,Erewash,East Midlands,730.0,55.0,7.534246575342466,E01019681,E02004091
E01019683,Erewash 009A,E07000036,Erewash,East Midlands,569.0,49.0,8.611599297012303,E01019683,E02004086
E01019684,Erewash 009B,E07000036,Erewash,East Midlands,751.0,44.0,5.858854860186418,E01019684,E02004086
E01019685,Erewash 009C,E07000036,Erewash,East Midlands,729.0,78.0,10.699588477366255,E01019685,E02004086
E01019686,Erewash 009D,E07000036,Erewash,East Midlands,639.0,64.0,10.015649452269171,E01019686,E02004086
E01019687,Erewash 009E,E07000036,Erewash,East Midlands,669.0,82.0,12.25710014947683,E01019687,E02004086
E01019697,Erewash 015A,E07000036,Erewash,East Midlands,660.0,53.0,8.030303030303031,E01019697,E02004092
E01019698,Erewash 014F,E07000036,Erewash,East Midlands,672.0,72.0,10.714285714285714,E01019698,E02004091
E01019699,Erewash 015B,E07000036,Erewash,East Midlands,756.0,99.0,13.095238095238097,E01019699,E02004092
E01019700,Erewash 015C,E07000036,Erewash,East Midlands,1080.0,100.0,9.25925925925926,E01019700,E02004092
E01019705,Erewash 015D,E07000036,Erewash,East Midlands,848.0,76.0,8.962264150943396,E01019705,E02004092
E01019706,Erewash 015E,E07000036,Erewash,East Midlands,550.0,38.0,6.909090909090909,E01019706,E02004092
E01019707,Erewash 011D,E07000036,Erewash,East Midlands,667.0,42.0,6.296851574212893,E01019707,E02004088
E01019708,Erewash 011E,E07000036,Erewash,East Midlands,789.0,34.0,4.309252217997465,E01019708,E02004088
E01019709,Erewash 015F,E07000036,Erewash,East Midlands,559.0,45.0,8.050089445438283,E01019709,E02004092
E01019832,South Derbyshire 004A,E07000039,South Derbyshire,East Midlands,838.0,96.0,11.455847255369928,E01019832,E02004121
E01019833,South Derbyshire 004B,E07000039,South Derbyshire,East Midlands,965.0,85.0,8.808290155440414,E01019833,E02004121
E01019834,South Derbyshire 004C,E07000039,South Derbyshire,East Midlands,1075.0,89.0,8.279069767441861,E01019834,E02004121
E01019837,South Derbyshire 012A,E07000039,South Derbyshire,East Midlands,946.0,85.0,8.985200845665963,E01019837,E02006919
E01019838,South Derbyshire 012B,E07000039,South Derbyshire,East Midlands,734.0,102.0,13.896457765667575,E01019838,E02006919
E01019839,South Derbyshire 001A,E07000039,South Derbyshire,East Midlands,1174.0,61.0,5.195911413969336,E01019839,E02004118
E01019840,South Derbyshire 002A,E07000039,South Derbyshire,East Midlands,789.0,77.0,9.759188846641319,E01019840,E02004119
E01019841,South Derbyshire 002B,E07000039,South Derbyshire,East Midlands,844.0,64.0,7.5829383886255926,E01019841,E02004119
E01019842,South Derbyshire 013A,E07000039,South Derbyshire,East Midlands,709.0,72.0,10.155148095909732,E01019842,E02006920
E01019843,South Derbyshire 006A,E07000039,South Derbyshire,East Midlands,731.0,114.0,15.595075239398085,E01019843,E02004123
E01019844,South Derbyshire 007A,E07000039,South Derbyshire,East Midlands,703.0,60.0,8.534850640113797,E01019844,E02004124
E01019845,South Derbyshire 001B,E07000039,South Derbyshire,East Midlands,599.0,37.0,6.176961602671119,E01019845,E02004118
E01019846,South Derbyshire 001C,E07000039,South Derbyshire,East Midlands,631.0,59.0,9.350237717908081,E01019846,E02004118
E01019847,South Derbyshire 002C,E07000039,South Derbyshire,East Midlands,643.0,55.0,8.553654743390357,E01019847,E02004119
E01019848,South Derbyshire 002D,E07000039,South Derbyshire,East Midlands,1119.0,41.0,3.6639857015192137,E01019848,E02004119
E01019850,South Derbyshire 011A,E07000039,South Derbyshire,East Midlands,1024.0,72.0,7.03125,E01019850,E02004128
E01019851,South Derbyshire 011B,E07000039,South Derbyshire,East Midlands,768.0,92.0,11.979166666666668,E01019851,E02004128
E01019852,South Derbyshire 011C,E07000039,South Derbyshire,East Midlands,897.0,89.0,9.92196209587514,E01019852,E02004128
E01019853,South Derbyshire 006B,E07000039,South Derbyshire,East Midlands,775.0,69.0,8.903225806451614,E01019853,E02004123
E01019854,South Derbyshire 006C,E07000039,South Derbyshire,East Midlands,1020.0,135.0,13.23529411764706,E01019854,E02004123
E01019855,South Derbyshire 006D,E07000039,South Derbyshire,East Midlands,711.0,69.0,9.70464135021097,E01019855,E02004123
E01019856,South Derbyshire 007B,E07000039,South Derbyshire,East Midlands,687.0,76.0,11.06259097525473,E01019856,E02004124
E01019857,South Derbyshire 007C,E07000039,South Derbyshire,East Midlands,570.0,20.0,3.508771929824561,E01019857,E02004124
E01019858,South Derbyshire 007D,E07000039,South Derbyshire,East Midlands,669.0,100.0,14.947683109118087,E01019858,E02004124
E01019859,South Derbyshire 007E,E07000039,South Derbyshire,East Midlands,770.0,67.0,8.701298701298702,E01019859,E02004124
E01019860,South Derbyshire 008A,E07000039,South Derbyshire,East Midlands,537.0,28.0,5.21415270018622,E01019860,E02004125
E01019861,South Derbyshire 008B,E07000039,South Derbyshire,East Midlands,825.0,92.0,11.15151515151515,E01019861,E02004125
E01019862,South Derbyshire 008C,E07000039,South Derbyshire,East Midlands,726.0,77.0,10.606060606060606,E01019862,E02004125
E01019863,South Derbyshire 008D,E07000039,South Derbyshire,East Midlands,734.0,75.0,10.217983651226158,E01019863,E02004125
E01019864,South Derbyshire 008E,E07000039,South Derbyshire,East Midlands,619.0,64.0,10.339256865912763,E01019864,E02004125
E01019865,South Derbyshire 008F,E07000039,South Derbyshire,East Midlands,590.0,41.0,6.9491525423728815,E01019865,E02004125
E01019866,South Derbyshire 001D,E07000039,South Derbyshire,East Midlands,930.0,123.0,13.225806451612904,E01019866,E02004118
E01019867,South Derbyshire 005A,E07000039,South Derbyshire,East Midlands,736.0,65.0,8.831521739130435,E01019867,E02004122
E01019868,South Derbyshire 005B,E07000039,South Derbyshire,East Midlands,867.0,91.0,10.4959630911188,E01019868,E02004122
E01019869,South Derbyshire 005C,E07000039,South Derbyshire,East Midlands,537.0,57.0,10.614525139664805,E01019869,E02004122
E01019870,South Derbyshire 011D,E07000039,South Derbyshire,East Midlands,741.0,99.0,13.360323886639677,E01019870,E02004128
E01019871,South Derbyshire 011E,E07000039,South Derbyshire,East Midlands,795.0,106.0,13.333333333333334,E01019871,E02004128
E01019872,South Derbyshire 011F,E07000039,South Derbyshire,East Midlands,954.0,102.0,10.69182389937107,E01019872,E02004128
E01019873,South Derbyshire 003A,E07000039,South Derbyshire,East Midlands,1102.0,70.0,6.352087114337568,E01019873,E02004120
E01019874,South Derbyshire 003B,E07000039,South Derbyshire,East Midlands,612.0,42.0,6.862745098039216,E01019874,E02004120
E01019875,South Derbyshire 003C,E07000039,South Derbyshire,East Midlands,511.0,18.0,3.522504892367906,E01019875,E02004120
E01019876,South Derbyshire 009A,E07000039,South Derbyshire,East Midlands,862.0,83.0,9.62877030162413,E01019876,E02004126
E01019877,South Derbyshire 009B,E07000039,South Derbyshire,East Midlands,1091.0,140.0,12.832263978001833,E01019877,E02004126
E01019878,South Derbyshire 009C,E07000039,South Derbyshire,East Midlands,689.0,61.0,8.853410740203193,E01019878,E02004126
E01019879,South Derbyshire 009D,E07000039,South Derbyshire,East Midlands,955.0,53.0,5.549738219895288,E01019879,E02004126
E01019880,South Derbyshire 005D,E07000039,South Derbyshire,East Midlands,760.0,49.0,6.447368421052632,E01019880,E02004122
E01019882,South Derbyshire 003E,E07000039,South Derbyshire,East Midlands,945.0,95.0,10.052910052910052,E01019882,E02004120
E01019885,South Derbyshire 013C,E07000039,South Derbyshire,East Midlands,750.0,46.0,6.133333333333333,E01019885,E02006920
E01025613,Blaby 010A,E07000129,Blaby,East Midlands,729.0,79.0,10.83676268861454,E01025613,E02005342
E01025614,Blaby 010B,E07000129,Blaby,East Midlands,729.0,54.0,7.4074074074074066,E01025614,E02005342
E01025620,Blaby 010C,E07000129,Blaby,East Midlands,537.0,67.0,12.476722532588454,E01025620,E02005342
E01025621,Blaby 010D,E07000129,Blaby,East Midlands,591.0,55.0,9.30626057529611,E01025621,E02005342
E01025634,Blaby 003A,E07000129,Blaby,East Midlands,764.0,28.0,3.664921465968586,E01025634,E02005335
E01025638,Blaby 003B,E07000129,Blaby,East Midlands,693.0,44.0,6.349206349206349,E01025638,E02005335
E01025639,Blaby 003C,E07000129,Blaby,East Midlands,591.0,40.0,6.768189509306261,E01025639,E02005335
E01025640,Blaby 003D,E07000129,Blaby,East Midlands,711.0,56.0,7.876230661040788,E01025640,E02005335
E01025644,Blaby 010E,E07000129,Blaby,East Midlands,741.0,53.0,7.152496626180836,E01025644,E02005342
E01025645,Blaby 003E,E07000129,Blaby,East Midlands,515.0,60.0,11.650485436893204,E01025645,E02005335
E01025661,Blaby 012A,E07000129,Blaby,East Midlands,1042.0,56.0,5.3742802303262955,E01025661,E02005344
E01025662,Blaby 012B,E07000129,Blaby,East Midlands,885.0,87.0,9.830508474576272,E01025662,E02005344
E01025663,Blaby 012C,E07000129,Blaby,East Midlands,718.0,60.0,8.356545961002785,E01025663,E02005344
E01025664,Blaby 012D,E07000129,Blaby,East Midlands,643.0,83.0,12.908242612752721,E01025664,E02005344
E01025665,Blaby 012E,E07000129,Blaby,East Midlands,871.0,57.0,6.544202066590127,E01025665,E02005344
E01025740,Charnwood 006A,E07000130,Charnwood,East Midlands,757.0,68.0,8.982826948480845,E01025740,E02005350
E01025741,Charnwood 006B,E07000130,Charnwood,East Midlands,690.0,29.0,4.202898550724638,E01025741,E02005350
E01025742,Charnwood 006C,E07000130,Charnwood,East Midlands,715.0,78.0,10.909090909090908,E01025742,E02005350
E01025743,Charnwood 006D,E07000130,Charnwood,East Midlands,1098.0,81.0,7.377049180327869,E01025743,E02005350
E01025744,Charnwood 005A,E07000130,Charnwood,East Midlands,1170.0,72.0,6.153846153846154,E01025744,E02005349
E01025745,Charnwood 005B,E07000130,Charnwood,East Midlands,691.0,53.0,7.670043415340087,E01025745,E02005349
E01025746,Charnwood 005C,E07000130,Charnwood,East Midlands,949.0,96.0,10.1159114857745,E01025746,E02005349
E01025747,Charnwood 005D,E07000130,Charnwood,East Midlands,839.0,71.0,8.462455303933254,E01025747,E02005349
E01025777,Harborough 006A,E07000131,Harborough,East Midlands,1018.0,129.0,12.671905697445974,E01025777,E02005372
E01025808,Harborough 006B,E07000131,Harborough,East Midlands,1270.0,129.0,10.15748031496063,E01025808,E02005372
E01025810,Harborough 006C,E07000131,Harborough,East Midlands,1030.0,125.0,12.135922330097088,E01025810,E02005372
E01025816,Harborough 006D,E07000131,Harborough,East Midlands,1102.0,114.0,10.344827586206897,E01025816,E02005372
E01025817,Hinckley and Bosworth 008A,E07000132,Hinckley and Bosworth,East Midlands,1055.0,81.0,7.677725118483412,E01025817,E02005384
E01025818,Hinckley and Bosworth 008B,E07000132,Hinckley and Bosworth,East Midlands,621.0,85.0,13.687600644122384,E01025818,E02005384
E01025819,Hinckley and Bosworth 004A,E07000132,Hinckley and Bosworth,East Midlands,794.0,102.0,12.846347607052897,E01025819,E02005380
E01025820,Hinckley and Bosworth 004B,E07000132,Hinckley and Bosworth,East Midlands,717.0,70.0,9.762900976290098,E01025820,E02005380
E01025821,Hinckley and Bosworth 007A,E07000132,Hinckley and Bosworth,East Midlands,924.0,107.0,11.580086580086581,E01025821,E02005383
E01025822,Hinckley and Bosworth 007B,E07000132,Hinckley and Bosworth,East Midlands,707.0,72.0,10.183875530410184,E01025822,E02005383
E01025823,Hinckley and Bosworth 007C,E07000132,Hinckley and Bosworth,East Midlands,729.0,70.0,9.602194787379972,E01025823,E02005383
E01025824,Hinckley and Bosworth 007D,E07000132,Hinckley and Bosworth,East Midlands,661.0,59.0,8.925869894099849,E01025824,E02005383
E01025825,Hinckley and Bosworth 007E,E07000132,Hinckley and Bosworth,East Midlands,659.0,48.0,7.283763277693475,E01025825,E02005383
E01025826,Hinckley and Bosworth 007F,E07000132,Hinckley and Bosworth,East Midlands,640.0,38.0,5.9375,E01025826,E02005383
E01025827,Hinckley and Bosworth 013A,E07000132,Hinckley and Bosworth,East Midlands,747.0,69.0,9.236947791164658,E01025827,E02005389
E01025828,Hinckley and Bosworth 013B,E07000132,Hinckley and Bosworth,East Midlands,688.0,45.0,6.540697674418605,E01025828,E02005389
E01025829,Hinckley and Bosworth 013C,E07000132,Hinckley and Bosworth,East Midlands,706.0,77.0,10.906515580736544,E01025829,E02005389
E01025830,Hinckley and Bosworth 013D,E07000132,Hinckley and Bosworth,East Midlands,736.0,63.0,8.559782608695652,E01025830,E02005389
E01025831,Hinckley and Bosworth 014A,E07000132,Hinckley and Bosworth,East Midlands,649.0,51.0,7.858243451463791,E01025831,E02005390
E01025832,Hinckley and Bosworth 014B,E07000132,Hinckley and Bosworth,East Midlands,824.0,37.0,4.490291262135923,E01025832,E02005390
E01025833,Hinckley and Bosworth 014C,E07000132,Hinckley and Bosworth,East Midlands,909.0,67.0,7.37073707370737,E01025833,E02005390
E01025834,Hinckley and Bosworth 014D,E07000132,Hinckley and Bosworth,East Midlands,691.0,42.0,6.078147612156296,E01025834,E02005390
E01025835,Hinckley and Bosworth 014E,E07000132,Hinckley and Bosworth,East Midlands,1164.0,59.0,5.0687285223367695,E01025835,E02005390
E01025836,Hinckley and Bosworth 014F,E07000132,Hinckley and Bosworth,East Midlands,593.0,39.0,6.57672849915683,E01025836,E02005390
E01025837,Hinckley and Bosworth 004C,E07000132,Hinckley and Bosworth,East Midlands,964.0,113.0,11.721991701244812,E01025837,E02005380
E01025838,Hinckley and Bosworth 004D,E07000132,Hinckley and Bosworth,East Midlands,712.0,75.0,10.53370786516854,E01025838,E02005380
E01025839,Hinckley and Bosworth 006A,E07000132,Hinckley and Bosworth,East Midlands,778.0,64.0,8.226221079691516,E01025839,E02005382
E01025840,Hinckley and Bosworth 006B,E07000132,Hinckley and Bosworth,East Midlands,799.0,86.0,10.763454317897372,E01025840,E02005382
E01025841,Hinckley and Bosworth 006C,E07000132,Hinckley and Bosworth,East Midlands,879.0,58.0,6.598407281001138,E01025841,E02005382
E01025842,Hinckley and Bosworth 006D,E07000132,Hinckley and Bosworth,East Midlands,867.0,68.0,7.8431372549019605,E01025842,E02005382
E01025843,Hinckley and Bosworth 006E,E07000132,Hinckley and Bosworth,East Midlands,842.0,82.0,9.73871733966746,E01025843,E02005382
E01025844,Hinckley and Bosworth 006F,E07000132,Hinckley and Bosworth,East Midlands,773.0,90.0,11.642949547218628,E01025844,E02005382
E01025849,Hinckley and Bosworth 012A,E07000132,Hinckley and Bosworth,East Midlands,1067.0,110.0,10.309278350515463,E01025849,E02005388
E01025850,Hinckley and Bosworth 010A,E07000132,Hinckley and Bosworth,East Midlands,701.0,95.0,13.55206847360913,E01025850,E02005386
E01025851,Hinckley and Bosworth 012B,E07000132,Hinckley and Bosworth,East Midlands,588.0,47.0,7.993197278911565,E01025851,E02005388
E01025852,Hinckley and Bosworth 010B,E07000132,Hinckley and Bosworth,East Midlands,1073.0,189.0,17.61416589002796,E01025852,E02005386
E01025854,Hinckley and Bosworth 011B,E07000132,Hinckley and Bosworth,East Midlands,1003.0,55.0,5.483549351944168,E01025854,E02005387
E01025855,Hinckley and Bosworth 011C,E07000132,Hinckley and Bosworth,East Midlands,669.0,53.0,7.922272047832586,E01025855,E02005387
E01025856,Hinckley and Bosworth 012C,E07000132,Hinckley and Bosworth,East Midlands,682.0,74.0,10.850439882697946,E01025856,E02005388
E01025857,Hinckley and Bosworth 012D,E07000132,Hinckley and Bosworth,East Midlands,638.0,46.0,7.210031347962382,E01025857,E02005388
E01025858,Hinckley and Bosworth 010C,E07000132,Hinckley and Bosworth,East Midlands,1139.0,172.0,15.100965759438104,E01025858,E02005386
E01025859,Hinckley and Bosworth 009A,E07000132,Hinckley and Bosworth,East Midlands,709.0,59.0,8.321579689703809,E01025859,E02005385
E01025860,Hinckley and Bosworth 009B,E07000132,Hinckley and Bosworth,East Midlands,586.0,22.0,3.754266211604096,E01025860,E02005385
E01025861,Hinckley and Bosworth 009C,E07000132,Hinckley and Bosworth,East Midlands,827.0,52.0,6.287787182587666,E01025861,E02005385
E01025862,Hinckley and Bosworth 009D,E07000132,Hinckley and Bosworth,East Midlands,892.0,54.0,6.053811659192825,E01025862,E02005385
E01025863,Hinckley and Bosworth 010D,E07000132,Hinckley and Bosworth,East Midlands,815.0,89.0,10.920245398773005,E01025863,E02005386
E01025864,Hinckley and Bosworth 008C,E07000132,Hinckley and Bosworth,East Midlands,889.0,46.0,5.174353205849269,E01025864,E02005384
E01025865,Hinckley and Bosworth 010E,E07000132,Hinckley and Bosworth,East Midlands,836.0,100.0,11.961722488038278,E01025865,E02005386
E01025866,Hinckley and Bosworth 011D,E07000132,Hinckley and Bosworth,East Midlands,878.0,85.0,9.681093394077449,E01025866,E02005387
E01025867,Hinckley and Bosworth 011E,E07000132,Hinckley and Bosworth,East Midlands,703.0,58.0,8.250355618776672,E01025867,E02005387
E01025868,Hinckley and Bosworth 001A,E07000132,Hinckley and Bosworth,East Midlands,726.0,77.0,10.606060606060606,E01025868,E02005377
E01025869,Hinckley and Bosworth 001B,E07000132,Hinckley and Bosworth,East Midlands,800.0,60.0,7.5,E01025869,E02005377
E01025870,Hinckley and Bosworth 001C,E07000132,Hinckley and Bosworth,East Midlands,757.0,51.0,6.737120211360634,E01025870,E02005377
E01025871,Hinckley and Bosworth 001D,E07000132,Hinckley and Bosworth,East Midlands,647.0,82.0,12.673879443585781,E01025871,E02005377
E01025872,Hinckley and Bosworth 005A,E07000132,Hinckley and Bosworth,East Midlands,709.0,64.0,9.026798307475318,E01025872,E02005381
E01025873,Hinckley and Bosworth 005B,E07000132,Hinckley and Bosworth,East Midlands,704.0,78.0,11.079545454545455,E01025873,E02005381
E01025874,Hinckley and Bosworth 005C,E07000132,Hinckley and Bosworth,East Midlands,906.0,91.0,10.044150110375275,E01025874,E02005381
E01025875,Hinckley and Bosworth 005D,E07000132,Hinckley and Bosworth,East Midlands,788.0,94.0,11.928934010152284,E01025875,E02005381
E01025876,Hinckley and Bosworth 005E,E07000132,Hinckley and Bosworth,East Midlands,822.0,49.0,5.961070559610706,E01025876,E02005381
E01025881,Hinckley and Bosworth 008D,E07000132,Hinckley and Bosworth,East Midlands,653.0,71.0,10.872894333843798,E01025881,E02005384
E01025882,Hinckley and Bosworth 004E,E07000132,Hinckley and Bosworth,East Midlands,758.0,93.0,12.269129287598943,E01025882,E02005380
E01025913,North West Leicestershire 012A,E07000134,North West Leicestershire,East Midlands,1101.0,128.0,11.625794732061761,E01025913,E02005408
E01025914,North West Leicestershire 006A,E07000134,North West Leicestershire,East Midlands,566.0,23.0,4.063604240282685,E01025914,E02005402
E01025915,North West Leicestershire 003A,E07000134,North West Leicestershire,East Midlands,586.0,47.0,8.020477815699659,E01025915,E02005399
E01025916,North West Leicestershire 003B,E07000134,North West Leicestershire,East Midlands,827.0,61.0,7.376058041112454,E01025916,E02005399
E01025918,North West Leicestershire 003D,E07000134,North West Leicestershire,East Midlands,798.0,88.0,11.027568922305765,E01025918,E02005399
E01025919,North West Leicestershire 006B,E07000134,North West Leicestershire,East Midlands,654.0,62.0,9.480122324159021,E01025919,E02005402
E01025920,North West Leicestershire 006C,E07000134,North West Leicestershire,East Midlands,850.0,77.0,9.058823529411764,E01025920,E02005402
E01025921,North West Leicestershire 006D,E07000134,North West Leicestershire,East Midlands,990.0,87.0,8.787878787878787,E01025921,E02005402
E01025923,North West Leicestershire 002A,E07000134,North West Leicestershire,East Midlands,661.0,83.0,12.556732223903177,E01025923,E02005398
E01025924,North West Leicestershire 001A,E07000134,North West Leicestershire,East Midlands,516.0,72.0,13.953488372093023,E01025924,E02005397
E01025926,North West Leicestershire 001C,E07000134,North West Leicestershire,East Midlands,1169.0,74.0,6.330196749358426,E01025926,E02005397
E01025927,North West Leicestershire 001D,E07000134,North West Leicestershire,East Midlands,719.0,69.0,9.596662030598054,E01025927,E02005397
E01025928,North West Leicestershire 001E,E07000134,North West Leicestershire,East Midlands,664.0,49.0,7.379518072289157,E01025928,E02005397
E01025929,North West Leicestershire 010A,E07000134,North West Leicestershire,East Midlands,837.0,88.0,10.51373954599761,E01025929,E02005406
E01025930,North West Leicestershire 010B,E07000134,North West Leicestershire,East Midlands,868.0,149.0,17.165898617511523,E01025930,E02005406
E01025931,North West Leicestershire 010C,E07000134,North West Leicestershire,East Midlands,903.0,124.0,13.732004429678849,E01025931,E02005406
E01025932,North West Leicestershire 009A,E07000134,North West Leicestershire,East Midlands,591.0,87.0,14.720812182741117,E01025932,E02005405
E01025933,North West Leicestershire 009B,E07000134,North West Leicestershire,East Midlands,592.0,56.0,9.45945945945946,E01025933,E02005405
E01025934,North West Leicestershire 009C,E07000134,North West Leicestershire,East Midlands,827.0,98.0,11.85006045949214,E01025934,E02005405
E01025935,North West Leicestershire 009D,E07000134,North West Leicestershire,East Midlands,587.0,48.0,8.17717206132879,E01025935,E02005405
E01025936,North West Leicestershire 009E,E07000134,North West Leicestershire,East Midlands,620.0,70.0,11.29032258064516,E01025936,E02005405
E01025937,North West Leicestershire 011B,E07000134,North West Leicestershire,East Midlands,1056.0,73.0,6.912878787878787,E01025937,E02005407
E01025938,North West Leicestershire 013A,E07000134,North West Leicestershire,East Midlands,586.0,38.0,6.484641638225256,E01025938,E02005409
E01025939,North West Leicestershire 013B,E07000134,North West Leicestershire,East Midlands,929.0,93.0,10.010764262648008,E01025939,E02005409
E01025940,North West Leicestershire 013C,E07000134,North West Leicestershire,East Midlands,920.0,106.0,11.521739130434783,E01025940,E02005409
E01025941,North West Leicestershire 013D,E07000134,North West Leicestershire,East Midlands,900.0,79.0,8.777777777777777,E01025941,E02005409
E01025942,North West Leicestershire 013E,E07000134,North West Leicestershire,East Midlands,1200.0,68.0,5.666666666666666,E01025942,E02005409
E01025943,North West Leicestershire 013F,E07000134,North West Leicestershire,East Midlands,884.0,115.0,13.009049773755658,E01025943,E02005409
E01025944,North West Leicestershire 002B,E07000134,North West Leicestershire,East Midlands,763.0,93.0,12.18872870249017,E01025944,E02005398
E01025945,North West Leicestershire 002C,E07000134,North West Leicestershire,East Midlands,763.0,95.0,12.450851900393186,E01025945,E02005398
E01025946,North West Leicestershire 002D,E07000134,North West Leicestershire,East Midlands,931.0,135.0,14.500537056928033,E01025946,E02005398
E01025947,North West Leicestershire 012B,E07000134,North West Leicestershire,East Midlands,969.0,88.0,9.081527347781218,E01025947,E02005408
E01025948,North West Leicestershire 012C,E07000134,North West Leicestershire,East Midlands,783.0,59.0,7.535121328224776,E01025948,E02005408
E01025949,North West Leicestershire 012D,E07000134,North West Leicestershire,East Midlands,761.0,110.0,14.454664914586072,E01025949,E02005408
E01025950,North West Leicestershire 008A,E07000134,North West Leicestershire,East Midlands,972.0,102.0,10.493827160493826,E01025950,E02005404
E01025951,North West Leicestershire 008B,E07000134,North West Leicestershire,East Midlands,896.0,66.0,7.366071428571429,E01025951,E02005404
E01025952,North West Leicestershire 008C,E07000134,North West Leicestershire,East Midlands,793.0,76.0,9.583858764186633,E01025952,E02005404
E01025953,North West Leicestershire 008D,E07000134,North West Leicestershire,East Midlands,573.0,84.0,14.659685863874344,E01025953,E02005404
E01025954,North West Leicestershire 008E,E07000134,North West Leicestershire,East Midlands,677.0,69.0,10.19202363367799,E01025954,E02005404
E01025955,North West Leicestershire 005A,E07000134,North West Leicestershire,East Midlands,840.0,55.0,6.547619047619048,E01025955,E02005401
E01025956,North West Leicestershire 005B,E07000134,North West Leicestershire,East Midlands,589.0,65.0,11.03565365025467,E01025956,E02005401
E01025957,North West Leicestershire 010D,E07000134,North West Leicestershire,East Midlands,962.0,116.0,12.058212058212058,E01025957,E02005406
E01025958,North West Leicestershire 011C,E07000134,North West Leicestershire,East Midlands,949.0,67.0,7.060063224446786,E01025958,E02005407
E01025959,North West Leicestershire 011D,E07000134,North West Leicestershire,East Midlands,1194.0,85.0,7.118927973199329,E01025959,E02005407
E01025960,North West Leicestershire 004A,E07000134,North West Leicestershire,East Midlands,678.0,56.0,8.259587020648967,E01025960,E02005400
E01025961,North West Leicestershire 004B,E07000134,North West Leicestershire,East Midlands,697.0,56.0,8.034433285509325,E01025961,E02005400
E01025962,North West Leicestershire 004C,E07000134,North West Leicestershire,East Midlands,763.0,93.0,12.18872870249017,E01025962,E02005400
E01025963,North West Leicestershire 005C,E07000134,North West Leicestershire,East Midlands,712.0,87.0,12.219101123595506,E01025963,E02005401
E01025964,North West Leicestershire 005D,E07000134,North West Leicestershire,East Midlands,726.0,81.0,11.15702479338843,E01025964,E02005401
E01025965,North West Leicestershire 004D,E07000134,North West Leicestershire,East Midlands,607.0,70.0,11.532125205930807,E01025965,E02005400
E01025966,North West Leicestershire 007A,E07000134,North West Leicestershire,East Midlands,689.0,72.0,10.449927431059507,E01025966,E02005403
E01025967,North West Leicestershire 007B,E07000134,North West Leicestershire,East Midlands,776.0,61.0,7.860824742268041,E01025967,E02005403
E01025968,North West Leicestershire 007C,E07000134,North West Leicestershire,East Midlands,855.0,61.0,7.1345029239766085,E01025968,E02005403
E01025969,North West Leicestershire 007D,E07000134,North West Leicestershire,East Midlands,857.0,78.0,9.101516919486581,E01025969,E02005403
E01028826,Shropshire 027A,E06000051,Shropshire,West Midlands,821.0,124.0,15.10353227771011,E01028826,E02006009
E01028827,Shropshire 027B,E06000051,Shropshire,West Midlands,628.0,100.0,15.92356687898089,E01028827,E02006009
E01028828,Shropshire 034A,E06000051,Shropshire,West Midlands,722.0,125.0,17.31301939058172,E01028828,E02006013
E01028829,Shropshire 034B,E06000051,Shropshire,West Midlands,602.0,75.0,12.458471760797343,E01028829,E02006013
E01028830,Shropshire 031A,E06000051,Shropshire,West Midlands,752.0,73.0,9.707446808510637,E01028830,E02006011
E01028831,Shropshire 031B,E06000051,Shropshire,West Midlands,666.0,45.0,6.756756756756757,E01028831,E02006011
E01028832,Shropshire 033A,E06000051,Shropshire,West Midlands,903.0,115.0,12.73532668881506,E01028832,E02006012
E01028833,Shropshire 033B,E06000051,Shropshire,West Midlands,680.0,78.0,11.470588235294118,E01028833,E02006012
E01028834,Shropshire 033C,E06000051,Shropshire,West Midlands,729.0,93.0,12.757201646090536,E01028834,E02006012
E01028835,Shropshire 033D,E06000051,Shropshire,West Midlands,723.0,74.0,10.235131396957122,E01028835,E02006012
E01028836,Shropshire 031C,E06000051,Shropshire,West Midlands,665.0,65.0,9.774436090225564,E01028836,E02006011
E01028837,Shropshire 031D,E06000051,Shropshire,West Midlands,663.0,63.0,9.502262443438914,E01028837,E02006011
E01028838,Shropshire 029A,E06000051,Shropshire,West Midlands,781.0,118.0,15.108834827144687,E01028838,E02006010
E01028839,Shropshire 029B,E06000051,Shropshire,West Midlands,619.0,54.0,8.723747980613894,E01028839,E02006010
E01028840,Shropshire 029C,E06000051,Shropshire,West Midlands,578.0,70.0,12.110726643598616,E01028840,E02006010
E01028841,Shropshire 029D,E06000051,Shropshire,West Midlands,713.0,136.0,19.074333800841515,E01028841,E02006010
E01028842,Shropshire 034C,E06000051,Shropshire,West Midlands,726.0,120.0,16.528925619834713,E01028842,E02006013
E01028843,Shropshire 035A,E06000051,Shropshire,West Midlands,727.0,135.0,18.56946354883081,E01028843,E02006014
E01028844,Shropshire 027C,E06000051,Shropshire,West Midlands,472.0,89.0,18.85593220338983,E01028844,E02006009
E01028845,Shropshire 027D,E06000051,Shropshire,West Midlands,934.0,101.0,10.813704496788008,E01028845,E02006009
E01028846,Shropshire 035B,E06000051,Shropshire,West Midlands,863.0,137.0,15.874855156431057,E01028846,E02006014
E01028847,Shropshire 034D,E06000051,Shropshire,West Midlands,638.0,146.0,22.884012539184955,E01028847,E02006013
E01028848,Shropshire 035C,E06000051,Shropshire,West Midlands,798.0,81.0,10.150375939849624,E01028848,E02006014
E01028849,Shropshire 035D,E06000051,Shropshire,West Midlands,932.0,157.0,16.84549356223176,E01028849,E02006014
E01028850,Shropshire 029E,E06000051,Shropshire,West Midlands,1062.0,176.0,16.57250470809793,E01028850,E02006010
E01028851,Shropshire 029F,E06000051,Shropshire,West Midlands,875.0,150.0,17.142857142857142,E01028851,E02006010
E01028852,Shropshire 029G,E06000051,Shropshire,West Midlands,738.0,132.0,17.88617886178862,E01028852,E02006010
E01028853,Shropshire 025A,E06000051,Shropshire,West Midlands,632.0,91.0,14.39873417721519,E01028853,E02006008
E01028854,Shropshire 025B,E06000051,Shropshire,West Midlands,670.0,62.0,9.253731343283581,E01028854,E02006008
E01028855,Shropshire 025C,E06000051,Shropshire,West Midlands,1207.0,80.0,6.628003314001657,E01028855,E02006008
E01028856,Shropshire 025D,E06000051,Shropshire,West Midlands,811.0,80.0,9.864364981504316,E01028856,E02006008
E01028858,Shropshire 035E,E06000051,Shropshire,West Midlands,970.0,158.0,16.288659793814432,E01028858,E02006014
E01028859,Shropshire 034E,E06000051,Shropshire,West Midlands,695.0,148.0,21.294964028776977,E01028859,E02006013
E01028861,Shropshire 013A,E06000051,Shropshire,West Midlands,633.0,113.0,17.851500789889414,E01028861,E02006022
E01028868,Shropshire 009A,E06000051,Shropshire,West Midlands,620.0,91.0,14.677419354838708,E01028868,E02006020
E01028869,Shropshire 009B,E06000051,Shropshire,West Midlands,701.0,104.0,14.835948644793154,E01028869,E02006020
E01028870,Shropshire 013B,E06000051,Shropshire,West Midlands,638.0,108.0,16.927899686520377,E01028870,E02006022
E01028871,Shropshire 009C,E06000051,Shropshire,West Midlands,542.0,99.0,18.265682656826566,E01028871,E02006020
E01028873,Shropshire 005A,E06000051,Shropshire,West Midlands,998.0,150.0,15.030060120240481,E01028873,E02006018
E01028874,Shropshire 005B,E06000051,Shropshire,West Midlands,701.0,53.0,7.560627674750357,E01028874,E02006018
E01028875,Shropshire 005C,E06000051,Shropshire,West Midlands,1148.0,70.0,6.097560975609756,E01028875,E02006018
E01028876,Shropshire 005D,E06000051,Shropshire,West Midlands,864.0,108.0,12.5,E01028876,E02006018
E01028877,Shropshire 005E,E06000051,Shropshire,West Midlands,570.0,43.0,7.5438596491228065,E01028877,E02006018
E01028878,Shropshire 005F,E06000051,Shropshire,West Midlands,707.0,86.0,12.164073550212164,E01028878,E02006018
E01028879,Shropshire 005G,E06000051,Shropshire,West Midlands,696.0,110.0,15.804597701149426,E01028879,E02006018
E01028880,Shropshire 002A,E06000051,Shropshire,West Midlands,744.0,115.0,15.456989247311828,E01028880,E02006016
E01028881,Shropshire 002B,E06000051,Shropshire,West Midlands,602.0,75.0,12.458471760797343,E01028881,E02006016
E01028882,Shropshire 002C,E06000051,Shropshire,West Midlands,680.0,129.0,18.970588235294116,E01028882,E02006016
E01028883,Shropshire 013C,E06000051,Shropshire,West Midlands,605.0,102.0,16.859504132231404,E01028883,E02006022
E01028884,Shropshire 013D,E06000051,Shropshire,West Midlands,671.0,95.0,14.157973174366617,E01028884,E02006022
E01028893,Shropshire 002D,E06000051,Shropshire,West Midlands,665.0,93.0,13.984962406015036,E01028893,E02006016
E01028899,Shropshire 002E,E06000051,Shropshire,West Midlands,833.0,111.0,13.325330132052821,E01028899,E02006016
E01028935,Shropshire 024A,E06000051,Shropshire,West Midlands,695.0,55.0,7.913669064748201,E01028935,E02006038
E01028936,Shropshire 024B,E06000051,Shropshire,West Midlands,959.0,96.0,10.010427528675704,E01028936,E02006038
E01028937,Shropshire 024C,E06000051,Shropshire,West Midlands,647.0,58.0,8.964451313755797,E01028937,E02006038
E01028950,Shropshire 028A,E06000051,Shropshire,West Midlands,1104.0,153.0,13.858695652173914,E01028950,E02006040
E01028960,Shropshire 028B,E06000051,Shropshire,West Midlands,643.0,115.0,17.884914463452567,E01028960,E02006040
E01028961,Shropshire 028C,E06000051,Shropshire,West Midlands,554.0,117.0,21.119133574007222,E01028961,E02006040
E01028980,Shropshire 028D,E06000051,Shropshire,West Midlands,1002.0,188.0,18.7624750499002,E01028980,E02006040
E01028993,Shropshire 036A,E06000051,Shropshire,West Midlands,649.0,119.0,18.335901386748844,E01028993,E02006043
E01028995,Shropshire 039A,E06000051,Shropshire,West Midlands,662.0,82.0,12.386706948640484,E01028995,E02006046
E01028996,Shropshire 039B,E06000051,Shropshire,West Midlands,579.0,84.0,14.507772020725387,E01028996,E02006046
E01028999,Shropshire 039C,E06000051,Shropshire,West Midlands,696.0,102.0,14.655172413793101,E01028999,E02006046
E01029000,Shropshire 039D,E06000051,Shropshire,West Midlands,517.0,83.0,16.054158607350097,E01029000,E02006046
E01029001,Shropshire 039E,E06000051,Shropshire,West Midlands,938.0,104.0,11.087420042643924,E01029001,E02006046
E01029002,Shropshire 039F,E06000051,Shropshire,West Midlands,625.0,96.0,15.36,E01029002,E02006046
E01029013,Shropshire 036C,E06000051,Shropshire,West Midlands,817.0,124.0,15.177478580171359,E01029013,E02006043
E01029014,Shropshire 036D,E06000051,Shropshire,West Midlands,517.0,77.0,14.893617021276595,E01029014,E02006043
E01029345,Cannock Chase 003A,E07000192,Cannock Chase,West Midlands,845.0,81.0,9.585798816568047,E01029345,E02006120
E01029346,Cannock Chase 003B,E07000192,Cannock Chase,West Midlands,799.0,107.0,13.391739674593243,E01029346,E02006120
E01029347,Cannock Chase 003C,E07000192,Cannock Chase,West Midlands,716.0,53.0,7.402234636871509,E01029347,E02006120
E01029348,Cannock Chase 003D,E07000192,Cannock Chase,West Midlands,723.0,79.0,10.926694329183956,E01029348,E02006120
E01029349,Cannock Chase 008A,E07000192,Cannock Chase,West Midlands,684.0,73.0,10.67251461988304,E01029349,E02006125
E01029350,Cannock Chase 008B,E07000192,Cannock Chase,West Midlands,752.0,126.0,16.75531914893617,E01029350,E02006125
E01029351,Cannock Chase 008C,E07000192,Cannock Chase,West Midlands,640.0,85.0,13.28125,E01029351,E02006125
E01029352,Cannock Chase 008D,E07000192,Cannock Chase,West Midlands,599.0,82.0,13.689482470784641,E01029352,E02006125
E01029353,Cannock Chase 011A,E07000192,Cannock Chase,West Midlands,708.0,67.0,9.463276836158192,E01029353,E02006128
E01029354,Cannock Chase 007A,E07000192,Cannock Chase,West Midlands,694.0,91.0,13.112391930835734,E01029354,E02006124
E01029355,Cannock Chase 007B,E07000192,Cannock Chase,West Midlands,664.0,94.0,14.156626506024098,E01029355,E02006124
E01029356,Cannock Chase 007C,E07000192,Cannock Chase,West Midlands,662.0,97.0,14.652567975830816,E01029356,E02006124
E01029357,Cannock Chase 007D,E07000192,Cannock Chase,West Midlands,701.0,89.0,12.696148359486447,E01029357,E02006124
E01029358,Cannock Chase 007E,E07000192,Cannock Chase,West Midlands,526.0,99.0,18.8212927756654,E01029358,E02006124
E01029359,Cannock Chase 012A,E07000192,Cannock Chase,West Midlands,1144.0,155.0,13.54895104895105,E01029359,E02006129
E01029360,Cannock Chase 012B,E07000192,Cannock Chase,West Midlands,745.0,119.0,15.973154362416109,E01029360,E02006129
E01029361,Cannock Chase 012C,E07000192,Cannock Chase,West Midlands,653.0,98.0,15.007656967840735,E01029361,E02006129
E01029362,Cannock Chase 012D,E07000192,Cannock Chase,West Midlands,757.0,102.0,13.474240422721268,E01029362,E02006129
E01029363,Cannock Chase 012E,E07000192,Cannock Chase,West Midlands,695.0,90.0,12.949640287769784,E01029363,E02006129
E01029364,Cannock Chase 011B,E07000192,Cannock Chase,West Midlands,778.0,69.0,8.868894601542417,E01029364,E02006128
E01029365,Cannock Chase 011C,E07000192,Cannock Chase,West Midlands,736.0,93.0,12.635869565217392,E01029365,E02006128
E01029366,Cannock Chase 011D,E07000192,Cannock Chase,West Midlands,797.0,52.0,6.524466750313676,E01029366,E02006128
E01029367,Cannock Chase 011E,E07000192,Cannock Chase,West Midlands,1046.0,111.0,10.611854684512428,E01029367,E02006128
E01029368,Cannock Chase 001A,E07000192,Cannock Chase,West Midlands,542.0,39.0,7.195571955719557,E01029368,E02006118
E01029369,Cannock Chase 001B,E07000192,Cannock Chase,West Midlands,526.0,45.0,8.555133079847907,E01029369,E02006118
E01029370,Cannock Chase 001C,E07000192,Cannock Chase,West Midlands,612.0,48.0,7.8431372549019605,E01029370,E02006118
E01029371,Cannock Chase 001D,E07000192,Cannock Chase,West Midlands,651.0,59.0,9.062980030721967,E01029371,E02006118
E01029372,Cannock Chase 002A,E07000192,Cannock Chase,West Midlands,536.0,65.0,12.126865671641792,E01029372,E02006119
E01029373,Cannock Chase 002B,E07000192,Cannock Chase,West Midlands,922.0,100.0,10.84598698481562,E01029373,E02006119
E01029374,Cannock Chase 003E,E07000192,Cannock Chase,West Midlands,992.0,102.0,10.28225806451613,E01029374,E02006120
E01029375,Cannock Chase 010A,E07000192,Cannock Chase,West Midlands,928.0,38.0,4.094827586206897,E01029375,E02006127
E01029376,Cannock Chase 010B,E07000192,Cannock Chase,West Midlands,750.0,47.0,6.266666666666667,E01029376,E02006127
E01029377,Cannock Chase 010C,E07000192,Cannock Chase,West Midlands,532.0,19.0,3.571428571428571,E01029377,E02006127
E01029378,Cannock Chase 010D,E07000192,Cannock Chase,West Midlands,685.0,36.0,5.255474452554744,E01029378,E02006127
E01029379,Cannock Chase 006A,E07000192,Cannock Chase,West Midlands,691.0,46.0,6.657018813314037,E01029379,E02006123
E01029380,Cannock Chase 009A,E07000192,Cannock Chase,West Midlands,589.0,38.0,6.451612903225806,E01029380,E02006126
E01029381,Cannock Chase 009B,E07000192,Cannock Chase,West Midlands,714.0,101.0,14.145658263305322,E01029381,E02006126
E01029382,Cannock Chase 009C,E07000192,Cannock Chase,West Midlands,791.0,98.0,12.389380530973451,E01029382,E02006126
E01029383,Cannock Chase 004A,E07000192,Cannock Chase,West Midlands,802.0,39.0,4.86284289276808,E01029383,E02006121
E01029385,Cannock Chase 004B,E07000192,Cannock Chase,West Midlands,706.0,56.0,7.932011331444759,E01029385,E02006121
E01029386,Cannock Chase 005B,E07000192,Cannock Chase,West Midlands,654.0,66.0,10.091743119266056,E01029386,E02006122
E01029387,Cannock Chase 005C,E07000192,Cannock Chase,West Midlands,674.0,92.0,13.649851632047477,E01029387,E02006122
E01029388,Cannock Chase 004C,E07000192,Cannock Chase,West Midlands,665.0,85.0,12.781954887218044,E01029388,E02006121
E01029389,Cannock Chase 005D,E07000192,Cannock Chase,West Midlands,873.0,96.0,10.996563573883162,E01029389,E02006122
E01029390,Cannock Chase 004D,E07000192,Cannock Chase,West Midlands,469.0,72.0,15.351812366737741,E01029390,E02006121
E01029391,Cannock Chase 009D,E07000192,Cannock Chase,West Midlands,731.0,51.0,6.976744186046512,E01029391,E02006126
E01029392,Cannock Chase 009E,E07000192,Cannock Chase,West Midlands,871.0,55.0,6.3145809414466125,E01029392,E02006126
E01029393,Cannock Chase 008E,E07000192,Cannock Chase,West Midlands,773.0,67.0,8.667529107373868,E01029393,E02006125
E01029394,Cannock Chase 013A,E07000192,Cannock Chase,West Midlands,693.0,71.0,10.245310245310245,E01029394,E02006130
E01029395,Cannock Chase 013B,E07000192,Cannock Chase,West Midlands,1126.0,75.0,6.660746003552398,E01029395,E02006130
E01029396,Cannock Chase 013C,E07000192,Cannock Chase,West Midlands,767.0,67.0,8.735332464146023,E01029396,E02006130
E01029397,Cannock Chase 013D,E07000192,Cannock Chase,West Midlands,1079.0,124.0,11.492122335495829,E01029397,E02006130
E01029398,Cannock Chase 006B,E07000192,Cannock Chase,West Midlands,722.0,98.0,13.573407202216067,E01029398,E02006123
E01029399,Cannock Chase 006C,E07000192,Cannock Chase,West Midlands,695.0,71.0,10.215827338129497,E01029399,E02006123
E01029400,Cannock Chase 006D,E07000192,Cannock Chase,West Midlands,674.0,60.0,8.902077151335313,E01029400,E02006123
E01029401,Cannock Chase 002C,E07000192,Cannock Chase,West Midlands,697.0,72.0,10.329985652797705,E01029401,E02006119
E01029402,Cannock Chase 001E,E07000192,Cannock Chase,West Midlands,959.0,69.0,7.194994786235662,E01029402,E02006118
E01029403,Cannock Chase 002D,E07000192,Cannock Chase,West Midlands,641.0,78.0,12.168486739469579,E01029403,E02006119
E01029404,Cannock Chase 002E,E07000192,Cannock Chase,West Midlands,952.0,152.0,15.966386554621847,E01029404,E02006119
E01029405,East Staffordshire 001A,E07000193,East Staffordshire,West Midlands,679.0,79.0,11.634756995581737,E01029405,E02006131
E01029406,East Staffordshire 001B,E07000193,East Staffordshire,West Midlands,517.0,76.0,14.70019342359768,E01029406,E02006131
E01029407,East Staffordshire 011A,E07000193,East Staffordshire,West Midlands,607.0,121.0,19.934102141680395,E01029407,E02006141
E01029408,East Staffordshire 011B,E07000193,East Staffordshire,West Midlands,920.0,188.0,20.434782608695652,E01029408,E02006141
E01029409,East Staffordshire 011C,E07000193,East Staffordshire,West Midlands,819.0,220.0,26.862026862026863,E01029409,E02006141
E01029410,East Staffordshire 011D,E07000193,East Staffordshire,West Midlands,645.0,140.0,21.705426356589147,E01029410,E02006141
E01029411,East Staffordshire 006A,E07000193,East Staffordshire,West Midlands,594.0,82.0,13.804713804713806,E01029411,E02006136
E01029412,East Staffordshire 006B,E07000193,East Staffordshire,West Midlands,634.0,83.0,13.09148264984227,E01029412,E02006136
E01029413,East Staffordshire 013A,E07000193,East Staffordshire,West Midlands,683.0,55.0,8.052708638360176,E01029413,E02006143
E01029414,East Staffordshire 013B,E07000193,East Staffordshire,West Midlands,711.0,46.0,6.469760900140647,E01029414,E02006143
E01029415,East Staffordshire 013C,E07000193,East Staffordshire,West Midlands,651.0,32.0,4.915514592933948,E01029415,E02006143
E01029416,East Staffordshire 013D,E07000193,East Staffordshire,West Midlands,1044.0,58.0,5.555555555555555,E01029416,E02006143
E01029417,East Staffordshire 013E,E07000193,East Staffordshire,West Midlands,845.0,66.0,7.8106508875739635,E01029417,E02006143
E01029418,East Staffordshire 012A,E07000193,East Staffordshire,West Midlands,863.0,30.0,3.476245654692932,E01029418,E02006142
E01029419,East Staffordshire 012B,E07000193,East Staffordshire,West Midlands,718.0,35.0,4.874651810584958,E01029419,E02006142
E01029420,East Staffordshire 012C,E07000193,East Staffordshire,West Midlands,768.0,88.0,11.458333333333332,E01029420,E02006142
E01029422,East Staffordshire 001C,E07000193,East Staffordshire,West Midlands,472.0,61.0,12.923728813559322,E01029422,E02006131
E01029423,East Staffordshire 001D,E07000193,East Staffordshire,West Midlands,711.0,91.0,12.79887482419128,E01029423,E02006131
E01029424,East Staffordshire 006C,E07000193,East Staffordshire,West Midlands,455.0,73.0,16.043956043956044,E01029424,E02006136
E01029425,East Staffordshire 006D,E07000193,East Staffordshire,West Midlands,657.0,87.0,13.24200913242009,E01029425,E02006136
E01029426,East Staffordshire 008A,E07000193,East Staffordshire,West Midlands,952.0,186.0,19.537815126050422,E01029426,E02006138
E01029427,East Staffordshire 008B,E07000193,East Staffordshire,West Midlands,742.0,125.0,16.846361185983827,E01029427,E02006138
E01029428,East Staffordshire 008C,E07000193,East Staffordshire,West Midlands,987.0,65.0,6.5856129685916915,E01029428,E02006138
E01029429,East Staffordshire 008D,E07000193,East Staffordshire,West Midlands,509.0,102.0,20.039292730844792,E01029429,E02006138
E01029430,East Staffordshire 002A,E07000193,East Staffordshire,West Midlands,1059.0,71.0,6.704438149197356,E01029430,E02006132
E01029431,East Staffordshire 002B,E07000193,East Staffordshire,West Midlands,708.0,76.0,10.734463276836157,E01029431,E02006132
E01029432,East Staffordshire 002C,E07000193,East Staffordshire,West Midlands,650.0,58.0,8.923076923076923,E01029432,E02006132
E01029433,East Staffordshire 002D,E07000193,East Staffordshire,West Midlands,636.0,82.0,12.89308176100629,E01029433,E02006132
E01029434,East Staffordshire 007A,E07000193,East Staffordshire,West Midlands,668.0,115.0,17.21556886227545,E01029434,E02006137
E01029435,East Staffordshire 007B,E07000193,East Staffordshire,West Midlands,663.0,77.0,11.613876319758672,E01029435,E02006137
E01029436,East Staffordshire 007C,E07000193,East Staffordshire,West Midlands,850.0,164.0,19.294117647058822,E01029436,E02006137
E01029437,East Staffordshire 007D,E07000193,East Staffordshire,West Midlands,1102.0,116.0,10.526315789473683,E01029437,E02006137
E01029438,East Staffordshire 007E,E07000193,East Staffordshire,West Midlands,666.0,59.0,8.85885885885886,E01029438,E02006137
E01029439,East Staffordshire 015A,E07000193,East Staffordshire,West Midlands,650.0,56.0,8.615384615384615,E01029439,E02006145
E01029440,East Staffordshire 015B,E07000193,East Staffordshire,West Midlands,544.0,87.0,15.992647058823529,E01029440,E02006145
E01029441,East Staffordshire 015C,E07000193,East Staffordshire,West Midlands,762.0,88.0,11.548556430446194,E01029441,E02006145
E01029442,East Staffordshire 015D,E07000193,East Staffordshire,West Midlands,676.0,54.0,7.988165680473373,E01029442,E02006145
E01029443,East Staffordshire 004A,E07000193,East Staffordshire,West Midlands,762.0,55.0,7.217847769028872,E01029443,E02006134
E01029444,East Staffordshire 004B,E07000193,East Staffordshire,West Midlands,753.0,65.0,8.632138114209829,E01029444,E02006134
E01029445,East Staffordshire 009A,E07000193,East Staffordshire,West Midlands,1100.0,230.0,20.909090909090907,E01029445,E02006139
E01029446,East Staffordshire 009B,E07000193,East Staffordshire,West Midlands,932.0,100.0,10.72961373390558,E01029446,E02006139
E01029447,East Staffordshire 009C,E07000193,East Staffordshire,West Midlands,627.0,167.0,26.6347687400319,E01029447,E02006139
E01029448,East Staffordshire 009D,E07000193,East Staffordshire,West Midlands,797.0,152.0,19.071518193224595,E01029448,E02006139
E01029449,East Staffordshire 014A,E07000193,East Staffordshire,West Midlands,752.0,96.0,12.76595744680851,E01029449,E02006144
E01029450,East Staffordshire 014B,E07000193,East Staffordshire,West Midlands,670.0,96.0,14.328358208955224,E01029450,E02006144
E01029451,East Staffordshire 014C,E07000193,East Staffordshire,West Midlands,910.0,123.0,13.516483516483516,E01029451,E02006144
E01029452,East Staffordshire 014D,E07000193,East Staffordshire,West Midlands,796.0,114.0,14.321608040201006,E01029452,E02006144
E01029453,East Staffordshire 014E,E07000193,East Staffordshire,West Midlands,715.0,110.0,15.384615384615385,E01029453,E02006144
E01029454,East Staffordshire 005A,E07000193,East Staffordshire,West Midlands,664.0,28.0,4.216867469879518,E01029454,E02006135
E01029455,East Staffordshire 005B,E07000193,East Staffordshire,West Midlands,771.0,50.0,6.48508430609598,E01029455,E02006135
E01029456,East Staffordshire 005C,E07000193,East Staffordshire,West Midlands,775.0,70.0,9.032258064516128,E01029456,E02006135
E01029457,East Staffordshire 005D,E07000193,East Staffordshire,West Midlands,557.0,21.0,3.7701974865350087,E01029457,E02006135
E01029458,East Staffordshire 005E,E07000193,East Staffordshire,West Midlands,790.0,58.0,7.341772151898734,E01029458,E02006135
E01029459,East Staffordshire 003A,E07000193,East Staffordshire,West Midlands,673.0,33.0,4.903417533432393,E01029459,E02006133
E01029460,East Staffordshire 003B,E07000193,East Staffordshire,West Midlands,867.0,77.0,8.881199538638986,E01029460,E02006133
E01029461,East Staffordshire 003C,E07000193,East Staffordshire,West Midlands,911.0,111.0,12.184412733260155,E01029461,E02006133
E01029462,East Staffordshire 003D,E07000193,East Staffordshire,West Midlands,751.0,78.0,10.386151797603196,E01029462,E02006133
E01029463,East Staffordshire 004C,E07000193,East Staffordshire,West Midlands,521.0,56.0,10.748560460652591,E01029463,E02006134
E01029464,East Staffordshire 004D,E07000193,East Staffordshire,West Midlands,738.0,97.0,13.143631436314362,E01029464,E02006134
E01029465,East Staffordshire 004E,E07000193,East Staffordshire,West Midlands,1008.0,86.0,8.531746031746032,E01029465,E02006134
E01029466,East Staffordshire 004F,E07000193,East Staffordshire,West Midlands,918.0,62.0,6.753812636165578,E01029466,E02006134
E01029467,East Staffordshire 001E,E07000193,East Staffordshire,West Midlands,960.0,155.0,16.145833333333336,E01029467,E02006131
E01029468,East Staffordshire 010A,E07000193,East Staffordshire,West Midlands,713.0,92.0,12.903225806451612,E01029468,E02006140
E01029469,East Staffordshire 010B,E07000193,East Staffordshire,West Midlands,810.0,69.0,8.518518518518519,E01029469,E02006140
E01029470,East Staffordshire 010C,E07000193,East Staffordshire,West Midlands,662.0,93.0,14.04833836858006,E01029470,E02006140
E01029471,East Staffordshire 010D,E07000193,East Staffordshire,West Midlands,751.0,90.0,11.984021304926765,E01029471,E02006140
E01029472,East Staffordshire 010E,E07000193,East Staffordshire,West Midlands,664.0,73.0,10.993975903614457,E01029472,E02006140
E01029473,East Staffordshire 006E,E07000193,East Staffordshire,West Midlands,644.0,103.0,15.993788819875776,E01029473,E02006136
E01029474,East Staffordshire 006F,E07000193,East Staffordshire,West Midlands,538.0,67.0,12.453531598513012,E01029474,E02006136
E01029475,Lichfield 009A,E07000194,Lichfield,West Midlands,910.0,80.0,8.791208791208792,E01029475,E02006154
E01029476,Lichfield 009B,E07000194,Lichfield,West Midlands,650.0,61.0,9.384615384615385,E01029476,E02006154
E01029477,Lichfield 002A,E07000194,Lichfield,West Midlands,726.0,67.0,9.228650137741047,E01029477,E02006147
E01029478,Lichfield 002B,E07000194,Lichfield,West Midlands,676.0,85.0,12.57396449704142,E01029478,E02006147
E01029480,Lichfield 001A,E07000194,Lichfield,West Midlands,862.0,71.0,8.236658932714617,E01029480,E02006146
E01029482,Lichfield 001C,E07000194,Lichfield,West Midlands,703.0,87.0,12.375533428165006,E01029482,E02006146
E01029483,Lichfield 005A,E07000194,Lichfield,West Midlands,655.0,21.0,3.2061068702290076,E01029483,E02006150
E01029484,Lichfield 005B,E07000194,Lichfield,West Midlands,873.0,69.0,7.903780068728522,E01029484,E02006150
E01029485,Lichfield 005C,E07000194,Lichfield,West Midlands,683.0,27.0,3.953147877013177,E01029485,E02006150
E01029486,Lichfield 003A,E07000194,Lichfield,West Midlands,646.0,55.0,8.513931888544892,E01029486,E02006148
E01029487,Lichfield 006A,E07000194,Lichfield,West Midlands,775.0,110.0,14.193548387096774,E01029487,E02006151
E01029488,Lichfield 012A,E07000194,Lichfield,West Midlands,731.0,115.0,15.731874145006842,E01029488,E02006157
E01029489,Lichfield 009C,E07000194,Lichfield,West Midlands,693.0,61.0,8.802308802308803,E01029489,E02006154
E01029490,Lichfield 009D,E07000194,Lichfield,West Midlands,658.0,54.0,8.206686930091186,E01029490,E02006154
E01029491,Lichfield 007A,E07000194,Lichfield,West Midlands,817.0,80.0,9.791921664626683,E01029491,E02006152
E01029492,Lichfield 004A,E07000194,Lichfield,West Midlands,812.0,108.0,13.30049261083744,E01029492,E02006149
E01029493,Lichfield 006B,E07000194,Lichfield,West Midlands,837.0,49.0,5.854241338112306,E01029493,E02006151
E01029494,Lichfield 006C,E07000194,Lichfield,West Midlands,712.0,83.0,11.657303370786517,E01029494,E02006151
E01029495,Lichfield 006D,E07000194,Lichfield,West Midlands,703.0,54.0,7.681365576102419,E01029495,E02006151
E01029496,Lichfield 010A,E07000194,Lichfield,West Midlands,856.0,115.0,13.434579439252337,E01029496,E02006155
E01029498,Lichfield 001D,E07000194,Lichfield,West Midlands,870.0,105.0,12.068965517241379,E01029498,E02006146
E01029499,Lichfield 004B,E07000194,Lichfield,West Midlands,791.0,106.0,13.400758533501897,E01029499,E02006149
E01029500,Lichfield 005D,E07000194,Lichfield,West Midlands,771.0,54.0,7.003891050583658,E01029500,E02006150
E01029501,Lichfield 004C,E07000194,Lichfield,West Midlands,656.0,71.0,10.823170731707316,E01029501,E02006149
E01029502,Lichfield 012B,E07000194,Lichfield,West Midlands,695.0,97.0,13.956834532374101,E01029502,E02006157
E01029503,Lichfield 012C,E07000194,Lichfield,West Midlands,688.0,78.0,11.337209302325581,E01029503,E02006157
E01029504,Lichfield 012D,E07000194,Lichfield,West Midlands,840.0,103.0,12.261904761904761,E01029504,E02006157
E01029505,Lichfield 009E,E07000194,Lichfield,West Midlands,704.0,78.0,11.079545454545455,E01029505,E02006154
E01029506,Lichfield 009F,E07000194,Lichfield,West Midlands,796.0,64.0,8.040201005025125,E01029506,E02006154
E01029507,Lichfield 003B,E07000194,Lichfield,West Midlands,680.0,33.0,4.852941176470589,E01029507,E02006148
E01029508,Lichfield 003C,E07000194,Lichfield,West Midlands,988.0,72.0,7.28744939271255,E01029508,E02006148
E01029509,Lichfield 002D,E07000194,Lichfield,West Midlands,742.0,97.0,13.07277628032345,E01029509,E02006147
E01029511,Lichfield 007B,E07000194,Lichfield,West Midlands,724.0,62.0,8.56353591160221,E01029511,E02006152
E01029512,Lichfield 007C,E07000194,Lichfield,West Midlands,942.0,63.0,6.687898089171974,E01029512,E02006152
E01029513,Lichfield 011A,E07000194,Lichfield,West Midlands,542.0,27.0,4.981549815498155,E01029513,E02006156
E01029514,Lichfield 011B,E07000194,Lichfield,West Midlands,658.0,38.0,5.775075987841945,E01029514,E02006156
E01029515,Lichfield 003D,E07000194,Lichfield,West Midlands,834.0,118.0,14.148681055155876,E01029515,E02006148
E01029516,Lichfield 008A,E07000194,Lichfield,West Midlands,865.0,122.0,14.104046242774567,E01029516,E02006153
E01029517,Lichfield 008B,E07000194,Lichfield,West Midlands,898.0,92.0,10.244988864142538,E01029517,E02006153
E01029518,Lichfield 007D,E07000194,Lichfield,West Midlands,1227.0,69.0,5.623471882640587,E01029518,E02006152
E01029519,Lichfield 007E,E07000194,Lichfield,West Midlands,1016.0,108.0,10.62992125984252,E01029519,E02006152
E01029520,Lichfield 005E,E07000194,Lichfield,West Midlands,637.0,24.0,3.767660910518053,E01029520,E02006150
E01029521,Lichfield 011C,E07000194,Lichfield,West Midlands,747.0,74.0,9.906291834002676,E01029521,E02006156
E01029522,Lichfield 011D,E07000194,Lichfield,West Midlands,677.0,82.0,12.112259970457902,E01029522,E02006156
E01029523,Lichfield 011E,E07000194,Lichfield,West Midlands,682.0,70.0,10.263929618768328,E01029523,E02006156
E01029524,Lichfield 005F,E07000194,Lichfield,West Midlands,816.0,88.0,10.784313725490197,E01029524,E02006150
E01029525,Lichfield 005G,E07000194,Lichfield,West Midlands,894.0,75.0,8.389261744966444,E01029525,E02006150
E01029526,Lichfield 004E,E07000194,Lichfield,West Midlands,1026.0,142.0,13.840155945419102,E01029526,E02006149
E01029527,Lichfield 010B,E07000194,Lichfield,West Midlands,574.0,75.0,13.066202090592336,E01029527,E02006155
E01029528,Lichfield 010C,E07000194,Lichfield,West Midlands,566.0,58.0,10.247349823321555,E01029528,E02006155
E01029529,Lichfield 010D,E07000194,Lichfield,West Midlands,526.0,51.0,9.695817490494296,E01029529,E02006155
E01029531,Lichfield 008D,E07000194,Lichfield,West Midlands,728.0,63.0,8.653846153846153,E01029531,E02006153
E01029569,Newcastle-under-Lyme 016A,E07000195,Newcastle-under-Lyme,West Midlands,674.0,109.0,16.172106824925816,E01029569,E02006173
E01029570,Newcastle-under-Lyme 016B,E07000195,Newcastle-under-Lyme,West Midlands,1184.0,143.0,12.077702702702704,E01029570,E02006173
E01029571,Newcastle-under-Lyme 016C,E07000195,Newcastle-under-Lyme,West Midlands,576.0,71.0,12.32638888888889,E01029571,E02006173
E01029572,Newcastle-under-Lyme 016D,E07000195,Newcastle-under-Lyme,West Midlands,686.0,52.0,7.580174927113703,E01029572,E02006173
E01029613,South Staffordshire 008A,E07000196,South Staffordshire,West Midlands,647.0,62.0,9.582689335394127,E01029613,E02006181
E01029614,South Staffordshire 008B,E07000196,South Staffordshire,West Midlands,760.0,67.0,8.81578947368421,E01029614,E02006181
E01029615,South Staffordshire 008C,E07000196,South Staffordshire,West Midlands,585.0,87.0,14.871794871794872,E01029615,E02006181
E01029616,South Staffordshire 006A,E07000196,South Staffordshire,West Midlands,721.0,63.0,8.737864077669903,E01029616,E02006179
E01029617,South Staffordshire 003A,E07000196,South Staffordshire,West Midlands,715.0,98.0,13.706293706293707,E01029617,E02006176
E01029618,South Staffordshire 003B,E07000196,South Staffordshire,West Midlands,767.0,115.0,14.993481095176012,E01029618,E02006176
E01029619,South Staffordshire 006B,E07000196,South Staffordshire,West Midlands,931.0,76.0,8.16326530612245,E01029619,E02006179
E01029620,South Staffordshire 004A,E07000196,South Staffordshire,West Midlands,535.0,55.0,10.2803738317757,E01029620,E02006177
E01029621,South Staffordshire 002A,E07000196,South Staffordshire,West Midlands,641.0,65.0,10.14040561622465,E01029621,E02006175
E01029622,South Staffordshire 004B,E07000196,South Staffordshire,West Midlands,708.0,76.0,10.734463276836157,E01029622,E02006177
E01029623,South Staffordshire 004C,E07000196,South Staffordshire,West Midlands,518.0,45.0,8.687258687258687,E01029623,E02006177
E01029624,South Staffordshire 004D,E07000196,South Staffordshire,West Midlands,569.0,40.0,7.029876977152901,E01029624,E02006177
E01029625,South Staffordshire 004E,E07000196,South Staffordshire,West Midlands,510.0,40.0,7.8431372549019605,E01029625,E02006177
E01029626,South Staffordshire 009A,E07000196,South Staffordshire,West Midlands,666.0,66.0,9.90990990990991,E01029626,E02006182
E01029627,South Staffordshire 008D,E07000196,South Staffordshire,West Midlands,680.0,85.0,12.5,E01029627,E02006181
E01029628,South Staffordshire 009B,E07000196,South Staffordshire,West Midlands,714.0,45.0,6.302521008403361,E01029628,E02006182
E01029629,South Staffordshire 009C,E07000196,South Staffordshire,West Midlands,499.0,30.0,6.012024048096192,E01029629,E02006182
E01029630,South Staffordshire 009D,E07000196,South Staffordshire,West Midlands,556.0,47.0,8.453237410071942,E01029630,E02006182
E01029631,South Staffordshire 009E,E07000196,South Staffordshire,West Midlands,598.0,53.0,8.862876254180602,E01029631,E02006182
E01029632,South Staffordshire 007A,E07000196,South Staffordshire,West Midlands,635.0,50.0,7.874015748031496,E01029632,E02006180
E01029633,South Staffordshire 007B,E07000196,South Staffordshire,West Midlands,786.0,58.0,7.37913486005089,E01029633,E02006180
E01029634,South Staffordshire 007C,E07000196,South Staffordshire,West Midlands,726.0,79.0,10.881542699724518,E01029634,E02006180
E01029635,South Staffordshire 007D,E07000196,South Staffordshire,West Midlands,745.0,100.0,13.422818791946309,E01029635,E02006180
E01029636,South Staffordshire 006C,E07000196,South Staffordshire,West Midlands,610.0,51.0,8.360655737704919,E01029636,E02006179
E01029637,South Staffordshire 006D,E07000196,South Staffordshire,West Midlands,710.0,41.0,5.774647887323944,E01029637,E02006179
E01029638,South Staffordshire 005A,E07000196,South Staffordshire,West Midlands,939.0,99.0,10.543130990415335,E01029638,E02006178
E01029639,South Staffordshire 005B,E07000196,South Staffordshire,West Midlands,544.0,46.0,8.455882352941178,E01029639,E02006178
E01029640,South Staffordshire 005C,E07000196,South Staffordshire,West Midlands,588.0,55.0,9.35374149659864,E01029640,E02006178
E01029641,South Staffordshire 004F,E07000196,South Staffordshire,West Midlands,874.0,59.0,6.750572082379863,E01029641,E02006177
E01029642,South Staffordshire 004G,E07000196,South Staffordshire,West Midlands,669.0,65.0,9.715994020926756,E01029642,E02006177
E01029643,South Staffordshire 005D,E07000196,South Staffordshire,West Midlands,660.0,98.0,14.84848484848485,E01029643,E02006178
E01029644,South Staffordshire 005E,E07000196,South Staffordshire,West Midlands,632.0,67.0,10.601265822784809,E01029644,E02006178
E01029645,South Staffordshire 013A,E07000196,South Staffordshire,West Midlands,1142.0,101.0,8.84413309982487,E01029645,E02006186
E01029646,South Staffordshire 002B,E07000196,South Staffordshire,West Midlands,658.0,69.0,10.486322188449847,E01029646,E02006175
E01029647,South Staffordshire 002C,E07000196,South Staffordshire,West Midlands,984.0,92.0,9.34959349593496,E01029647,E02006175
E01029648,South Staffordshire 002D,E07000196,South Staffordshire,West Midlands,609.0,65.0,10.673234811165845,E01029648,E02006175
E01029649,South Staffordshire 014A,E07000196,South Staffordshire,West Midlands,648.0,65.0,10.030864197530864,E01029649,E02006187
E01029650,South Staffordshire 014B,E07000196,South Staffordshire,West Midlands,701.0,59.0,8.416547788873038,E01029650,E02006187
E01029651,South Staffordshire 014C,E07000196,South Staffordshire,West Midlands,646.0,65.0,10.061919504643962,E01029651,E02006187
E01029652,South Staffordshire 014D,E07000196,South Staffordshire,West Midlands,713.0,58.0,8.134642356241233,E01029652,E02006187
E01029653,South Staffordshire 014E,E07000196,South Staffordshire,West Midlands,542.0,79.0,14.575645756457565,E01029653,E02006187
E01029654,South Staffordshire 015G,E07000196,South Staffordshire,West Midlands,1019.0,135.0,13.24828263002944,E01029654,E02006982
E01029655,South Staffordshire 001A,E07000196,South Staffordshire,West Midlands,916.0,100.0,10.91703056768559,E01029655,E02006174
E01029656,South Staffordshire 001B,E07000196,South Staffordshire,West Midlands,781.0,98.0,12.548015364916774,E01029656,E02006174
E01029657,South Staffordshire 001C,E07000196,South Staffordshire,West Midlands,651.0,30.0,4.6082949308755765,E01029657,E02006174
E01029658,South Staffordshire 001D,E07000196,South Staffordshire,West Midlands,958.0,95.0,9.916492693110648,E01029658,E02006174
E01029659,South Staffordshire 001E,E07000196,South Staffordshire,West Midlands,594.0,51.0,8.585858585858585,E01029659,E02006174
E01029660,South Staffordshire 001F,E07000196,South Staffordshire,West Midlands,1012.0,113.0,11.16600790513834,E01029660,E02006174
E01029661,South Staffordshire 015C,E07000196,South Staffordshire,West Midlands,826.0,67.0,8.111380145278451,E01029661,E02006982
E01029662,South Staffordshire 015D,E07000196,South Staffordshire,West Midlands,853.0,34.0,3.985932004689332,E01029662,E02006982
E01029663,South Staffordshire 015E,E07000196,South Staffordshire,West Midlands,618.0,23.0,3.7216828478964405,E01029663,E02006982
E01029664,South Staffordshire 015F,E07000196,South Staffordshire,West Midlands,692.0,39.0,5.635838150289017,E01029664,E02006982
E01029665,South Staffordshire 015A,E07000196,South Staffordshire,West Midlands,792.0,40.0,5.05050505050505,E01029665,E02006982
E01029666,South Staffordshire 015B,E07000196,South Staffordshire,West Midlands,768.0,66.0,8.59375,E01029666,E02006982
E01029667,South Staffordshire 013B,E07000196,South Staffordshire,West Midlands,971.0,170.0,17.507723995880536,E01029667,E02006186
E01029668,South Staffordshire 003C,E07000196,South Staffordshire,West Midlands,569.0,81.0,14.235500878734623,E01029668,E02006176
E01029669,South Staffordshire 003D,E07000196,South Staffordshire,West Midlands,606.0,74.0,12.211221122112212,E01029669,E02006176
E01029670,South Staffordshire 003E,E07000196,South Staffordshire,West Midlands,655.0,116.0,17.709923664122137,E01029670,E02006176
E01029671,South Staffordshire 012A,E07000196,South Staffordshire,West Midlands,722.0,72.0,9.97229916897507,E01029671,E02006185
E01029672,South Staffordshire 013C,E07000196,South Staffordshire,West Midlands,660.0,58.0,8.787878787878787,E01029672,E02006186
E01029673,South Staffordshire 012B,E07000196,South Staffordshire,West Midlands,702.0,79.0,11.253561253561253,E01029673,E02006185
E01029674,South Staffordshire 013D,E07000196,South Staffordshire,West Midlands,716.0,42.0,5.865921787709497,E01029674,E02006186
E01029675,South Staffordshire 013E,E07000196,South Staffordshire,West Midlands,698.0,61.0,8.739255014326648,E01029675,E02006186
E01029676,South Staffordshire 012C,E07000196,South Staffordshire,West Midlands,574.0,47.0,8.188153310104529,E01029676,E02006185
E01029677,South Staffordshire 013F,E07000196,South Staffordshire,West Midlands,605.0,50.0,8.264462809917356,E01029677,E02006186
E01029678,South Staffordshire 013G,E07000196,South Staffordshire,West Midlands,709.0,36.0,5.077574047954866,E01029678,E02006186
E01029679,South Staffordshire 012D,E07000196,South Staffordshire,West Midlands,670.0,91.0,13.582089552238804,E01029679,E02006185
E01029680,South Staffordshire 012E,E07000196,South Staffordshire,West Midlands,663.0,61.0,9.200603318250378,E01029680,E02006185
E01029681,Stafford 002A,E07000197,Stafford,West Midlands,512.0,75.0,14.6484375,E01029681,E02006189
E01029682,Stafford 002B,E07000197,Stafford,West Midlands,732.0,94.0,12.841530054644808,E01029682,E02006189
E01029683,Stafford 002C,E07000197,Stafford,West Midlands,550.0,89.0,16.18181818181818,E01029683,E02006189
E01029684,Stafford 014A,E07000197,Stafford,West Midlands,605.0,49.0,8.099173553719009,E01029684,E02006201
E01029685,Stafford 014B,E07000197,Stafford,West Midlands,662.0,49.0,7.401812688821751,E01029685,E02006201
E01029686,Stafford 011A,E07000197,Stafford,West Midlands,626.0,49.0,7.827476038338658,E01029686,E02006198
E01029687,Stafford 008A,E07000197,Stafford,West Midlands,908.0,113.0,12.444933920704845,E01029687,E02006195
E01029688,Stafford 015A,E07000197,Stafford,West Midlands,1095.0,147.0,13.424657534246576,E01029688,E02006202
E01029689,Stafford 010A,E07000197,Stafford,West Midlands,911.0,177.0,19.42919868276619,E01029689,E02006197
E01029690,Stafford 006A,E07000197,Stafford,West Midlands,655.0,61.0,9.31297709923664,E01029690,E02006193
E01029691,Stafford 010B,E07000197,Stafford,West Midlands,820.0,122.0,14.878048780487804,E01029691,E02006197
E01029692,Stafford 009A,E07000197,Stafford,West Midlands,665.0,100.0,15.037593984962406,E01029692,E02006196
E01029693,Stafford 009B,E07000197,Stafford,West Midlands,611.0,95.0,15.548281505728315,E01029693,E02006196
E01029694,Stafford 010C,E07000197,Stafford,West Midlands,950.0,150.0,15.789473684210526,E01029694,E02006197
E01029695,Stafford 005A,E07000197,Stafford,West Midlands,1148.0,133.0,11.585365853658537,E01029695,E02006192
E01029696,Stafford 005B,E07000197,Stafford,West Midlands,678.0,129.0,19.02654867256637,E01029696,E02006192
E01029697,Stafford 005C,E07000197,Stafford,West Midlands,569.0,98.0,17.223198594024606,E01029697,E02006192
E01029698,Stafford 005D,E07000197,Stafford,West Midlands,824.0,95.0,11.529126213592233,E01029698,E02006192
E01029699,Stafford 010D,E07000197,Stafford,West Midlands,997.0,160.0,16.0481444332999,E01029699,E02006197
E01029700,Stafford 011B,E07000197,Stafford,West Midlands,555.0,39.0,7.027027027027027,E01029700,E02006198
E01029706,Stafford 015B,E07000197,Stafford,West Midlands,798.0,94.0,11.779448621553884,E01029706,E02006202
E01029707,Stafford 015C,E07000197,Stafford,West Midlands,716.0,98.0,13.687150837988826,E01029707,E02006202
E01029708,Stafford 015D,E07000197,Stafford,West Midlands,914.0,134.0,14.660831509846828,E01029708,E02006202
E01029709,Stafford 015E,E07000197,Stafford,West Midlands,688.0,70.0,10.174418604651162,E01029709,E02006202
E01029710,Stafford 008B,E07000197,Stafford,West Midlands,677.0,73.0,10.782865583456426,E01029710,E02006195
E01029711,Stafford 008C,E07000197,Stafford,West Midlands,689.0,68.0,9.869375907111756,E01029711,E02006195
E01029712,Stafford 008D,E07000197,Stafford,West Midlands,893.0,82.0,9.182530795072788,E01029712,E02006195
E01029713,Stafford 008E,E07000197,Stafford,West Midlands,843.0,98.0,11.625148279952551,E01029713,E02006195
E01029714,Stafford 012A,E07000197,Stafford,West Midlands,676.0,32.0,4.733727810650888,E01029714,E02006199
E01029715,Stafford 013A,E07000197,Stafford,West Midlands,790.0,71.0,8.987341772151899,E01029715,E02006200
E01029716,Stafford 013B,E07000197,Stafford,West Midlands,686.0,84.0,12.244897959183673,E01029716,E02006200
E01029717,Stafford 013C,E07000197,Stafford,West Midlands,787.0,96.0,12.198221092757306,E01029717,E02006200
E01029718,Stafford 006B,E07000197,Stafford,West Midlands,833.0,66.0,7.923169267707082,E01029718,E02006193
E01029719,Stafford 007A,E07000197,Stafford,West Midlands,745.0,75.0,10.06711409395973,E01029719,E02006194
E01029720,Stafford 007B,E07000197,Stafford,West Midlands,687.0,131.0,19.068413391557495,E01029720,E02006194
E01029721,Stafford 007C,E07000197,Stafford,West Midlands,745.0,66.0,8.859060402684564,E01029721,E02006194
E01029722,Stafford 009C,E07000197,Stafford,West Midlands,723.0,113.0,15.629322268326417,E01029722,E02006196
E01029723,Stafford 011C,E07000197,Stafford,West Midlands,707.0,64.0,9.052333804809052,E01029723,E02006198
E01029724,Stafford 011D,E07000197,Stafford,West Midlands,712.0,51.0,7.162921348314606,E01029724,E02006198
E01029725,Stafford 009D,E07000197,Stafford,West Midlands,1045.0,130.0,12.440191387559809,E01029725,E02006196
E01029726,Stafford 016A,E07000197,Stafford,West Midlands,730.0,64.0,8.767123287671232,E01029726,E02006203
E01029727,Stafford 013D,E07000197,Stafford,West Midlands,689.0,88.0,12.772133526850507,E01029727,E02006200
E01029728,Stafford 013E,E07000197,Stafford,West Midlands,658.0,70.0,10.638297872340425,E01029728,E02006200
E01029729,Stafford 016B,E07000197,Stafford,West Midlands,872.0,95.0,10.894495412844037,E01029729,E02006203
E01029733,Stafford 004A,E07000197,Stafford,West Midlands,804.0,133.0,16.54228855721393,E01029733,E02006191
E01029734,Stafford 016C,E07000197,Stafford,West Midlands,968.0,114.0,11.776859504132231,E01029734,E02006203
E01029735,Stafford 016D,E07000197,Stafford,West Midlands,988.0,88.0,8.906882591093117,E01029735,E02006203
E01029736,Stafford 012B,E07000197,Stafford,West Midlands,705.0,28.0,3.9716312056737593,E01029736,E02006199
E01029737,Stafford 012C,E07000197,Stafford,West Midlands,806.0,75.0,9.305210918114144,E01029737,E02006199
E01029738,Stafford 012D,E07000197,Stafford,West Midlands,608.0,68.0,11.18421052631579,E01029738,E02006199
E01029739,Stafford 004B,E07000197,Stafford,West Midlands,627.0,25.0,3.9872408293460926,E01029739,E02006191
E01029740,Stafford 003A,E07000197,Stafford,West Midlands,699.0,73.0,10.44349070100143,E01029740,E02006190
E01029741,Stafford 004C,E07000197,Stafford,West Midlands,712.0,31.0,4.353932584269663,E01029741,E02006191
E01029742,Stafford 012E,E07000197,Stafford,West Midlands,945.0,133.0,14.074074074074074,E01029742,E02006199
E01029743,Stafford 006C,E07000197,Stafford,West Midlands,1089.0,99.0,9.090909090909092,E01029743,E02006193
E01029744,Stafford 003B,E07000197,Stafford,West Midlands,1108.0,111.0,10.018050541516246,E01029744,E02006190
E01029745,Stafford 003C,E07000197,Stafford,West Midlands,1016.0,128.0,12.598425196850393,E01029745,E02006190
E01029746,Stafford 003D,E07000197,Stafford,West Midlands,704.0,96.0,13.636363636363635,E01029746,E02006190
E01029747,Stafford 005E,E07000197,Stafford,West Midlands,877.0,67.0,7.639680729760548,E01029747,E02006192
E01029748,Stafford 002D,E07000197,Stafford,West Midlands,606.0,42.0,6.9306930693069315,E01029748,E02006189
E01029749,Stafford 002E,E07000197,Stafford,West Midlands,847.0,120.0,14.167650531286895,E01029749,E02006189
E01029750,Stafford 007D,E07000197,Stafford,West Midlands,1047.0,79.0,7.545367717287488,E01029750,E02006194
E01029751,Stafford 006D,E07000197,Stafford,West Midlands,803.0,67.0,8.34371108343711,E01029751,E02006193
E01029752,Stafford 007E,E07000197,Stafford,West Midlands,544.0,51.0,9.375,E01029752,E02006194
E01029753,Stafford 003E,E07000197,Stafford,West Midlands,946.0,75.0,7.928118393234672,E01029753,E02006190
E01029754,Stafford 004D,E07000197,Stafford,West Midlands,801.0,52.0,6.491885143570538,E01029754,E02006191
E01029755,Stafford 004E,E07000197,Stafford,West Midlands,676.0,53.0,7.840236686390532,E01029755,E02006191
E01029756,Stafford 003F,E07000197,Stafford,West Midlands,847.0,96.0,11.334120425029516,E01029756,E02006190
E01029757,Stafford 014E,E07000197,Stafford,West Midlands,659.0,58.0,8.801213960546281,E01029757,E02006201
E01029758,Stafford 014F,E07000197,Stafford,West Midlands,700.0,50.0,7.142857142857142,E01029758,E02006201
E01029759,Stafford 014G,E07000197,Stafford,West Midlands,769.0,52.0,6.762028608582575,E01029759,E02006201
E01029760,Stafford 014H,E07000197,Stafford,West Midlands,757.0,48.0,6.340819022457067,E01029760,E02006201
E01029820,Tamworth 003A,E07000199,Tamworth,West Midlands,960.0,60.0,6.25,E01029820,E02006219
E01029821,Tamworth 003B,E07000199,Tamworth,West Midlands,657.0,63.0,9.58904109589041,E01029821,E02006219
E01029822,Tamworth 003C,E07000199,Tamworth,West Midlands,550.0,26.0,4.7272727272727275,E01029822,E02006219
E01029823,Tamworth 004A,E07000199,Tamworth,West Midlands,683.0,70.0,10.248901903367496,E01029823,E02006220
E01029824,Tamworth 003D,E07000199,Tamworth,West Midlands,731.0,89.0,12.175102599179207,E01029824,E02006219
E01029825,Tamworth 006A,E07000199,Tamworth,West Midlands,539.0,42.0,7.792207792207792,E01029825,E02006222
E01029826,Tamworth 006B,E07000199,Tamworth,West Midlands,767.0,70.0,9.126466753585397,E01029826,E02006222
E01029827,Tamworth 006C,E07000199,Tamworth,West Midlands,571.0,74.0,12.95971978984238,E01029827,E02006222
E01029828,Tamworth 006D,E07000199,Tamworth,West Midlands,484.0,72.0,14.87603305785124,E01029828,E02006222
E01029829,Tamworth 010A,E07000199,Tamworth,West Midlands,885.0,76.0,8.587570621468926,E01029829,E02006226
E01029830,Tamworth 006E,E07000199,Tamworth,West Midlands,551.0,89.0,16.152450090744104,E01029830,E02006222
E01029831,Tamworth 004B,E07000199,Tamworth,West Midlands,671.0,91.0,13.561847988077497,E01029831,E02006220
E01029832,Tamworth 004C,E07000199,Tamworth,West Midlands,723.0,75.0,10.37344398340249,E01029832,E02006220
E01029833,Tamworth 005A,E07000199,Tamworth,West Midlands,715.0,39.0,5.454545454545454,E01029833,E02006221
E01029834,Tamworth 004D,E07000199,Tamworth,West Midlands,730.0,103.0,14.10958904109589,E01029834,E02006220
E01029835,Tamworth 002A,E07000199,Tamworth,West Midlands,1112.0,155.0,13.93884892086331,E01029835,E02006218
E01029836,Tamworth 002B,E07000199,Tamworth,West Midlands,791.0,61.0,7.711757269279393,E01029836,E02006218
E01029837,Tamworth 005B,E07000199,Tamworth,West Midlands,694.0,63.0,9.077809798270893,E01029837,E02006221
E01029838,Tamworth 005C,E07000199,Tamworth,West Midlands,753.0,92.0,12.217795484727755,E01029838,E02006221
E01029839,Tamworth 005D,E07000199,Tamworth,West Midlands,472.0,16.0,3.389830508474576,E01029839,E02006221
E01029840,Tamworth 007A,E07000199,Tamworth,West Midlands,477.0,69.0,14.465408805031446,E01029840,E02006223
E01029841,Tamworth 003E,E07000199,Tamworth,West Midlands,641.0,54.0,8.424336973478939,E01029841,E02006219
E01029842,Tamworth 007B,E07000199,Tamworth,West Midlands,516.0,69.0,13.372093023255813,E01029842,E02006223
E01029843,Tamworth 007C,E07000199,Tamworth,West Midlands,567.0,70.0,12.345679012345679,E01029843,E02006223
E01029844,Tamworth 004E,E07000199,Tamworth,West Midlands,511.0,42.0,8.21917808219178,E01029844,E02006220
E01029845,Tamworth 007D,E07000199,Tamworth,West Midlands,466.0,73.0,15.665236051502147,E01029845,E02006223
E01029846,Tamworth 001A,E07000199,Tamworth,West Midlands,696.0,56.0,8.045977011494253,E01029846,E02006217
E01029847,Tamworth 001B,E07000199,Tamworth,West Midlands,595.0,33.0,5.546218487394958,E01029847,E02006217
E01029848,Tamworth 001C,E07000199,Tamworth,West Midlands,522.0,41.0,7.854406130268199,E01029848,E02006217
E01029849,Tamworth 002C,E07000199,Tamworth,West Midlands,721.0,79.0,10.957004160887656,E01029849,E02006218
E01029850,Tamworth 002D,E07000199,Tamworth,West Midlands,616.0,74.0,12.012987012987013,E01029850,E02006218
E01029851,Tamworth 002E,E07000199,Tamworth,West Midlands,1022.0,142.0,13.894324853228962,E01029851,E02006218
E01029852,Tamworth 001D,E07000199,Tamworth,West Midlands,780.0,93.0,11.923076923076923,E01029852,E02006217
E01029853,Tamworth 001E,E07000199,Tamworth,West Midlands,714.0,76.0,10.644257703081232,E01029853,E02006217
E01029854,Tamworth 001F,E07000199,Tamworth,West Midlands,1055.0,57.0,5.402843601895735,E01029854,E02006217
E01029855,Tamworth 008A,E07000199,Tamworth,West Midlands,603.0,35.0,5.804311774461028,E01029855,E02006224
E01029856,Tamworth 008B,E07000199,Tamworth,West Midlands,609.0,51.0,8.374384236453201,E01029856,E02006224
E01029857,Tamworth 008C,E07000199,Tamworth,West Midlands,633.0,51.0,8.056872037914692,E01029857,E02006224
E01029858,Tamworth 008D,E07000199,Tamworth,West Midlands,655.0,28.0,4.2748091603053435,E01029858,E02006224
E01029859,Tamworth 007E,E07000199,Tamworth,West Midlands,749.0,82.0,10.947930574098798,E01029859,E02006223
E01029860,Tamworth 009A,E07000199,Tamworth,West Midlands,556.0,39.0,7.014388489208632,E01029860,E02006225
E01029861,Tamworth 009B,E07000199,Tamworth,West Midlands,608.0,55.0,9.046052631578947,E01029861,E02006225
E01029862,Tamworth 009C,E07000199,Tamworth,West Midlands,506.0,20.0,3.9525691699604746,E01029862,E02006225
E01029863,Tamworth 009D,E07000199,Tamworth,West Midlands,802.0,68.0,8.478802992518704,E01029863,E02006225
E01029864,Tamworth 009E,E07000199,Tamworth,West Midlands,679.0,31.0,4.565537555228277,E01029864,E02006225
E01029865,Tamworth 008E,E07000199,Tamworth,West Midlands,634.0,27.0,4.2586750788643535,E01029865,E02006224
E01029867,Tamworth 010C,E07000199,Tamworth,West Midlands,728.0,85.0,11.675824175824175,E01029867,E02006226
E01029868,Tamworth 010D,E07000199,Tamworth,West Midlands,548.0,25.0,4.562043795620438,E01029868,E02006226
E01029869,Tamworth 010E,E07000199,Tamworth,West Midlands,682.0,78.0,11.436950146627565,E01029869,E02006226
E01031005,North Warwickshire 005A,E07000218,North Warwickshire,West Midlands,716.0,112.0,15.64245810055866,E01031005,E02006472
E01031006,North Warwickshire 007A,E07000218,North Warwickshire,West Midlands,729.0,136.0,18.655692729766805,E01031006,E02006474
E01031007,North Warwickshire 007B,E07000218,North Warwickshire,West Midlands,561.0,65.0,11.58645276292335,E01031007,E02006474
E01031008,North Warwickshire 005B,E07000218,North Warwickshire,West Midlands,670.0,88.0,13.134328358208954,E01031008,E02006472
E01031009,North Warwickshire 003A,E07000218,North Warwickshire,West Midlands,1037.0,146.0,14.07907425265188,E01031009,E02006470
E01031010,North Warwickshire 003B,E07000218,North Warwickshire,West Midlands,982.0,159.0,16.191446028513237,E01031010,E02006470
E01031011,North Warwickshire 003C,E07000218,North Warwickshire,West Midlands,1003.0,81.0,8.075772681954138,E01031011,E02006470
E01031012,North Warwickshire 003D,E07000218,North Warwickshire,West Midlands,659.0,74.0,11.229135053110774,E01031012,E02006470
E01031013,North Warwickshire 003E,E07000218,North Warwickshire,West Midlands,517.0,46.0,8.897485493230175,E01031013,E02006470
E01031014,North Warwickshire 003F,E07000218,North Warwickshire,West Midlands,524.0,51.0,9.732824427480915,E01031014,E02006470
E01031015,North Warwickshire 003G,E07000218,North Warwickshire,West Midlands,727.0,93.0,12.792297111416781,E01031015,E02006470
E01031016,North Warwickshire 002A,E07000218,North Warwickshire,West Midlands,715.0,97.0,13.566433566433567,E01031016,E02006469
E01031017,North Warwickshire 005C,E07000218,North Warwickshire,West Midlands,694.0,74.0,10.662824207492795,E01031017,E02006472
E01031018,North Warwickshire 005D,E07000218,North Warwickshire,West Midlands,485.0,77.0,15.876288659793813,E01031018,E02006472
E01031019,North Warwickshire 006A,E07000218,North Warwickshire,West Midlands,713.0,57.0,7.994389901823282,E01031019,E02006473
E01031020,North Warwickshire 006B,E07000218,North Warwickshire,West Midlands,738.0,68.0,9.214092140921409,E01031020,E02006473
E01031021,North Warwickshire 006C,E07000218,North Warwickshire,West Midlands,885.0,97.0,10.96045197740113,E01031021,E02006473
E01031022,North Warwickshire 006D,E07000218,North Warwickshire,West Midlands,849.0,67.0,7.891637220259129,E01031022,E02006473
E01031023,North Warwickshire 004A,E07000218,North Warwickshire,West Midlands,687.0,72.0,10.480349344978166,E01031023,E02006471
E01031024,North Warwickshire 004B,E07000218,North Warwickshire,West Midlands,743.0,116.0,15.612382234185734,E01031024,E02006471
E01031025,North Warwickshire 002B,E07000218,North Warwickshire,West Midlands,755.0,102.0,13.509933774834437,E01031025,E02006469
E01031026,North Warwickshire 002C,E07000218,North Warwickshire,West Midlands,626.0,89.0,14.217252396166133,E01031026,E02006469
E01031027,North Warwickshire 007C,E07000218,North Warwickshire,West Midlands,671.0,105.0,15.648286140089418,E01031027,E02006474
E01031028,North Warwickshire 007D,E07000218,North Warwickshire,West Midlands,818.0,163.0,19.926650366748166,E01031028,E02006474
E01031029,North Warwickshire 005E,E07000218,North Warwickshire,West Midlands,642.0,50.0,7.78816199376947,E01031029,E02006472
E01031030,North Warwickshire 005F,E07000218,North Warwickshire,West Midlands,1086.0,132.0,12.154696132596685,E01031030,E02006472
E01031031,North Warwickshire 002D,E07000218,North Warwickshire,West Midlands,1079.0,121.0,11.214087117701576,E01031031,E02006469
E01031032,North Warwickshire 002E,E07000218,North Warwickshire,West Midlands,580.0,100.0,17.24137931034483,E01031032,E02006469
E01031033,North Warwickshire 004C,E07000218,North Warwickshire,West Midlands,822.0,95.0,11.557177615571776,E01031033,E02006471
E01031034,North Warwickshire 004D,E07000218,North Warwickshire,West Midlands,797.0,55.0,6.900878293601004,E01031034,E02006471
E01031035,North Warwickshire 001A,E07000218,North Warwickshire,West Midlands,836.0,95.0,11.363636363636363,E01031035,E02006468
E01031036,North Warwickshire 001B,E07000218,North Warwickshire,West Midlands,746.0,96.0,12.868632707774799,E01031036,E02006468
E01031037,North Warwickshire 001C,E07000218,North Warwickshire,West Midlands,869.0,93.0,10.701956271576526,E01031037,E02006468
E01031038,North Warwickshire 001D,E07000218,North Warwickshire,West Midlands,790.0,78.0,9.873417721518987,E01031038,E02006468
E01031039,North Warwickshire 001E,E07000218,North Warwickshire,West Midlands,676.0,53.0,7.840236686390532,E01031039,E02006468
E01031040,North Warwickshire 001F,E07000218,North Warwickshire,West Midlands,787.0,71.0,9.021601016518424,E01031040,E02006468
E01031041,North Warwickshire 006E,E07000218,North Warwickshire,West Midlands,747.0,69.0,9.236947791164658,E01031041,E02006473
E01031042,North Warwickshire 006F,E07000218,North Warwickshire,West Midlands,800.0,73.0,9.125,E01031042,E02006473
E01031043,Nuneaton and Bedworth 005A,E07000219,Nuneaton and Bedworth,West Midlands,1022.0,178.0,17.416829745596868,E01031043,E02006479
E01031044,Nuneaton and Bedworth 005B,E07000219,Nuneaton and Bedworth,West Midlands,806.0,156.0,19.35483870967742,E01031044,E02006479
E01031045,Nuneaton and Bedworth 005C,E07000219,Nuneaton and Bedworth,West Midlands,822.0,111.0,13.503649635036496,E01031045,E02006479
E01031046,Nuneaton and Bedworth 005D,E07000219,Nuneaton and Bedworth,West Midlands,743.0,191.0,25.70659488559892,E01031046,E02006479
E01031047,Nuneaton and Bedworth 005E,E07000219,Nuneaton and Bedworth,West Midlands,871.0,140.0,16.073478760045926,E01031047,E02006479
E01031048,Nuneaton and Bedworth 008A,E07000219,Nuneaton and Bedworth,West Midlands,558.0,72.0,12.903225806451612,E01031048,E02006482
E01031049,Nuneaton and Bedworth 008B,E07000219,Nuneaton and Bedworth,West Midlands,1170.0,118.0,10.085470085470085,E01031049,E02006482
E01031050,Nuneaton and Bedworth 008C,E07000219,Nuneaton and Bedworth,West Midlands,825.0,78.0,9.454545454545455,E01031050,E02006482
E01031051,Nuneaton and Bedworth 008D,E07000219,Nuneaton and Bedworth,West Midlands,611.0,55.0,9.00163666121113,E01031051,E02006482
E01031052,Nuneaton and Bedworth 010A,E07000219,Nuneaton and Bedworth,West Midlands,676.0,136.0,20.118343195266274,E01031052,E02006484
E01031053,Nuneaton and Bedworth 010B,E07000219,Nuneaton and Bedworth,West Midlands,773.0,102.0,13.195342820181114,E01031053,E02006484
E01031054,Nuneaton and Bedworth 010C,E07000219,Nuneaton and Bedworth,West Midlands,728.0,76.0,10.43956043956044,E01031054,E02006484
E01031055,Nuneaton and Bedworth 010D,E07000219,Nuneaton and Bedworth,West Midlands,702.0,43.0,6.1253561253561255,E01031055,E02006484
E01031056,Nuneaton and Bedworth 010E,E07000219,Nuneaton and Bedworth,West Midlands,645.0,63.0,9.767441860465116,E01031056,E02006484
E01031057,Nuneaton and Bedworth 006A,E07000219,Nuneaton and Bedworth,West Midlands,679.0,109.0,16.05301914580265,E01031057,E02006480
E01031058,Nuneaton and Bedworth 006B,E07000219,Nuneaton and Bedworth,West Midlands,675.0,80.0,11.851851851851853,E01031058,E02006480
E01031059,Nuneaton and Bedworth 006C,E07000219,Nuneaton and Bedworth,West Midlands,720.0,124.0,17.22222222222222,E01031059,E02006480
E01031060,Nuneaton and Bedworth 006D,E07000219,Nuneaton and Bedworth,West Midlands,646.0,78.0,12.074303405572756,E01031060,E02006480
E01031061,Nuneaton and Bedworth 006E,E07000219,Nuneaton and Bedworth,West Midlands,637.0,51.0,8.006279434850864,E01031061,E02006480
E01031062,Nuneaton and Bedworth 013A,E07000219,Nuneaton and Bedworth,West Midlands,519.0,49.0,9.441233140655106,E01031062,E02006487
E01031063,Nuneaton and Bedworth 013B,E07000219,Nuneaton and Bedworth,West Midlands,651.0,72.0,11.059907834101383,E01031063,E02006487
E01031064,Nuneaton and Bedworth 013C,E07000219,Nuneaton and Bedworth,West Midlands,641.0,84.0,13.104524180967239,E01031064,E02006487
E01031065,Nuneaton and Bedworth 013D,E07000219,Nuneaton and Bedworth,West Midlands,675.0,83.0,12.296296296296298,E01031065,E02006487
E01031066,Nuneaton and Bedworth 013E,E07000219,Nuneaton and Bedworth,West Midlands,695.0,116.0,16.69064748201439,E01031066,E02006487
E01031067,Nuneaton and Bedworth 014A,E07000219,Nuneaton and Bedworth,West Midlands,744.0,91.0,12.231182795698924,E01031067,E02006488
E01031068,Nuneaton and Bedworth 014B,E07000219,Nuneaton and Bedworth,West Midlands,793.0,70.0,8.827238335435057,E01031068,E02006488
E01031069,Nuneaton and Bedworth 014C,E07000219,Nuneaton and Bedworth,West Midlands,707.0,55.0,7.779349363507778,E01031069,E02006488
E01031070,Nuneaton and Bedworth 014D,E07000219,Nuneaton and Bedworth,West Midlands,678.0,55.0,8.112094395280236,E01031070,E02006488
E01031073,Nuneaton and Bedworth 002C,E07000219,Nuneaton and Bedworth,West Midlands,915.0,92.0,10.05464480874317,E01031073,E02006476
E01031074,Nuneaton and Bedworth 002D,E07000219,Nuneaton and Bedworth,West Midlands,757.0,97.0,12.813738441215325,E01031074,E02006476
E01031075,Nuneaton and Bedworth 002E,E07000219,Nuneaton and Bedworth,West Midlands,958.0,110.0,11.482254697286013,E01031075,E02006476
E01031077,Nuneaton and Bedworth 018A,E07000219,Nuneaton and Bedworth,West Midlands,732.0,82.0,11.202185792349727,E01031077,E02006806
E01031078,Nuneaton and Bedworth 018B,E07000219,Nuneaton and Bedworth,West Midlands,880.0,77.0,8.75,E01031078,E02006806
E01031079,Nuneaton and Bedworth 018C,E07000219,Nuneaton and Bedworth,West Midlands,711.0,65.0,9.142053445850914,E01031079,E02006806
E01031080,Nuneaton and Bedworth 018D,E07000219,Nuneaton and Bedworth,West Midlands,703.0,81.0,11.522048364153626,E01031080,E02006806
E01031081,Nuneaton and Bedworth 004A,E07000219,Nuneaton and Bedworth,West Midlands,693.0,55.0,7.936507936507936,E01031081,E02006478
E01031082,Nuneaton and Bedworth 004B,E07000219,Nuneaton and Bedworth,West Midlands,577.0,25.0,4.332755632582322,E01031082,E02006478
E01031083,Nuneaton and Bedworth 004C,E07000219,Nuneaton and Bedworth,West Midlands,785.0,49.0,6.24203821656051,E01031083,E02006478
E01031084,Nuneaton and Bedworth 004D,E07000219,Nuneaton and Bedworth,West Midlands,932.0,82.0,8.798283261802576,E01031084,E02006478
E01031085,Nuneaton and Bedworth 004E,E07000219,Nuneaton and Bedworth,West Midlands,565.0,38.0,6.725663716814159,E01031085,E02006478
E01031086,Nuneaton and Bedworth 016A,E07000219,Nuneaton and Bedworth,West Midlands,841.0,78.0,9.274673008323424,E01031086,E02006490
E01031087,Nuneaton and Bedworth 016B,E07000219,Nuneaton and Bedworth,West Midlands,920.0,96.0,10.434782608695652,E01031087,E02006490
E01031088,Nuneaton and Bedworth 016C,E07000219,Nuneaton and Bedworth,West Midlands,822.0,78.0,9.48905109489051,E01031088,E02006490
E01031089,Nuneaton and Bedworth 016D,E07000219,Nuneaton and Bedworth,West Midlands,664.0,55.0,8.283132530120483,E01031089,E02006490
E01031090,Nuneaton and Bedworth 007A,E07000219,Nuneaton and Bedworth,West Midlands,699.0,82.0,11.731044349070102,E01031090,E02006481
E01031091,Nuneaton and Bedworth 007B,E07000219,Nuneaton and Bedworth,West Midlands,717.0,71.0,9.902370990237099,E01031091,E02006481
E01031092,Nuneaton and Bedworth 007C,E07000219,Nuneaton and Bedworth,West Midlands,645.0,106.0,16.434108527131784,E01031092,E02006481
E01031093,Nuneaton and Bedworth 007D,E07000219,Nuneaton and Bedworth,West Midlands,576.0,58.0,10.069444444444445,E01031093,E02006481
E01031094,Nuneaton and Bedworth 007E,E07000219,Nuneaton and Bedworth,West Midlands,523.0,88.0,16.826003824091778,E01031094,E02006481
E01031095,Nuneaton and Bedworth 015A,E07000219,Nuneaton and Bedworth,West Midlands,527.0,73.0,13.851992409867172,E01031095,E02006489
E01031096,Nuneaton and Bedworth 015B,E07000219,Nuneaton and Bedworth,West Midlands,621.0,85.0,13.687600644122384,E01031096,E02006489
E01031097,Nuneaton and Bedworth 015C,E07000219,Nuneaton and Bedworth,West Midlands,794.0,107.0,13.476070528967254,E01031097,E02006489
E01031098,Nuneaton and Bedworth 015D,E07000219,Nuneaton and Bedworth,West Midlands,571.0,70.0,12.259194395796849,E01031098,E02006489
E01031099,Nuneaton and Bedworth 015E,E07000219,Nuneaton and Bedworth,West Midlands,984.0,65.0,6.605691056910569,E01031099,E02006489
E01031100,Nuneaton and Bedworth 003A,E07000219,Nuneaton and Bedworth,West Midlands,530.0,18.0,3.3962264150943398,E01031100,E02006477
E01031101,Nuneaton and Bedworth 003B,E07000219,Nuneaton and Bedworth,West Midlands,542.0,20.0,3.6900369003690034,E01031101,E02006477
E01031102,Nuneaton and Bedworth 003C,E07000219,Nuneaton and Bedworth,West Midlands,597.0,67.0,11.222780569514237,E01031102,E02006477
E01031104,Nuneaton and Bedworth 003E,E07000219,Nuneaton and Bedworth,West Midlands,661.0,55.0,8.32072617246596,E01031104,E02006477
E01031105,Nuneaton and Bedworth 012A,E07000219,Nuneaton and Bedworth,West Midlands,725.0,73.0,10.068965517241379,E01031105,E02006486
E01031106,Nuneaton and Bedworth 012B,E07000219,Nuneaton and Bedworth,West Midlands,672.0,61.0,9.077380952380953,E01031106,E02006486
E01031107,Nuneaton and Bedworth 012C,E07000219,Nuneaton and Bedworth,West Midlands,489.0,47.0,9.611451942740286,E01031107,E02006486
E01031108,Nuneaton and Bedworth 012D,E07000219,Nuneaton and Bedworth,West Midlands,581.0,36.0,6.196213425129088,E01031108,E02006486
E01031109,Nuneaton and Bedworth 012E,E07000219,Nuneaton and Bedworth,West Midlands,744.0,78.0,10.483870967741936,E01031109,E02006486
E01031110,Nuneaton and Bedworth 001A,E07000219,Nuneaton and Bedworth,West Midlands,739.0,56.0,7.577807848443843,E01031110,E02006475
E01031111,Nuneaton and Bedworth 001B,E07000219,Nuneaton and Bedworth,West Midlands,424.0,18.0,4.245283018867925,E01031111,E02006475
E01031112,Nuneaton and Bedworth 001C,E07000219,Nuneaton and Bedworth,West Midlands,686.0,72.0,10.495626822157435,E01031112,E02006475
E01031114,Nuneaton and Bedworth 001E,E07000219,Nuneaton and Bedworth,West Midlands,796.0,83.0,10.42713567839196,E01031114,E02006475
E01031115,Nuneaton and Bedworth 009A,E07000219,Nuneaton and Bedworth,West Midlands,755.0,125.0,16.55629139072848,E01031115,E02006483
E01031116,Nuneaton and Bedworth 009B,E07000219,Nuneaton and Bedworth,West Midlands,709.0,113.0,15.937940761636108,E01031116,E02006483
E01031117,Nuneaton and Bedworth 009C,E07000219,Nuneaton and Bedworth,West Midlands,609.0,68.0,11.16584564860427,E01031117,E02006483
E01031118,Nuneaton and Bedworth 009D,E07000219,Nuneaton and Bedworth,West Midlands,495.0,58.0,11.717171717171718,E01031118,E02006483
E01031119,Nuneaton and Bedworth 009E,E07000219,Nuneaton and Bedworth,West Midlands,765.0,115.0,15.032679738562091,E01031119,E02006483
E01031120,Nuneaton and Bedworth 011A,E07000219,Nuneaton and Bedworth,West Midlands,611.0,28.0,4.582651391162029,E01031120,E02006485
E01031121,Nuneaton and Bedworth 011B,E07000219,Nuneaton and Bedworth,West Midlands,475.0,20.0,4.2105263157894735,E01031121,E02006485
E01031122,Nuneaton and Bedworth 011C,E07000219,Nuneaton and Bedworth,West Midlands,651.0,54.0,8.294930875576037,E01031122,E02006485
E01031123,Nuneaton and Bedworth 011D,E07000219,Nuneaton and Bedworth,West Midlands,534.0,19.0,3.5580524344569286,E01031123,E02006485
E01031124,Nuneaton and Bedworth 011E,E07000219,Nuneaton and Bedworth,West Midlands,664.0,53.0,7.981927710843372,E01031124,E02006485
E01031125,Rugby 007A,E07000220,Rugby,West Midlands,687.0,54.0,7.860262008733625,E01031125,E02006498
E01031127,Rugby 007C,E07000220,Rugby,West Midlands,700.0,91.0,13.0,E01031127,E02006498
E01031148,Rugby 012B,E07000220,Rugby,West Midlands,841.0,76.0,9.036860879904875,E01031148,E02006503
E01031149,Rugby 012C,E07000220,Rugby,West Midlands,694.0,96.0,13.8328530259366,E01031149,E02006503
E01031150,Rugby 012D,E07000220,Rugby,West Midlands,524.0,70.0,13.358778625954198,E01031150,E02006503
E01031151,Rugby 004A,E07000220,Rugby,West Midlands,647.0,45.0,6.9551777434312205,E01031151,E02006495
E01031152,Rugby 004B,E07000220,Rugby,West Midlands,501.0,44.0,8.78243512974052,E01031152,E02006495
E01031153,Rugby 004C,E07000220,Rugby,West Midlands,700.0,86.0,12.285714285714286,E01031153,E02006495
E01031154,Rugby 004D,E07000220,Rugby,West Midlands,807.0,86.0,10.656753407682777,E01031154,E02006495
E01031159,Rugby 013C,E07000220,Rugby,West Midlands,713.0,102.0,14.305750350631136,E01031159,E02007048
E01031160,Rugby 013B,E07000220,Rugby,West Midlands,963.0,162.0,16.822429906542055,E01031160,E02007048
E01031165,Rugby 007E,E07000220,Rugby,West Midlands,713.0,86.0,12.0617110799439,E01031165,E02006498
E01031166,Rugby 012E,E07000220,Rugby,West Midlands,870.0,127.0,14.597701149425287,E01031166,E02006503
E01031167,Rugby 006A,E07000220,Rugby,West Midlands,606.0,70.0,11.55115511551155,E01031167,E02006497
E01031168,Rugby 006B,E07000220,Rugby,West Midlands,1219.0,144.0,11.812961443806397,E01031168,E02006497
E01031169,Rugby 006C,E07000220,Rugby,West Midlands,973.0,179.0,18.396711202466598,E01031169,E02006497
E01031170,Rugby 006D,E07000220,Rugby,West Midlands,799.0,139.0,17.39674593241552,E01031170,E02006497
E01031171,Rugby 003A,E07000220,Rugby,West Midlands,628.0,84.0,13.375796178343949,E01031171,E02006494
E01031172,Rugby 003B,E07000220,Rugby,West Midlands,745.0,81.0,10.87248322147651,E01031172,E02006494
E01031173,Rugby 003C,E07000220,Rugby,West Midlands,1037.0,159.0,15.332690453230471,E01031173,E02006494
E01031174,Rugby 003D,E07000220,Rugby,West Midlands,1007.0,185.0,18.371400198609734,E01031174,E02006494
E01031181,Rugby 004E,E07000220,Rugby,West Midlands,811.0,82.0,10.110974106041924,E01031181,E02006495
E01031182,Rugby 013A,E07000220,Rugby,West Midlands,893.0,117.0,13.101903695408733,E01031182,E02007048
E01031183,Stratford-on-Avon 006A,E07000221,Stratford-on-Avon,West Midlands,858.0,112.0,13.053613053613052,E01031183,E02006509
E01031184,Stratford-on-Avon 006B,E07000221,Stratford-on-Avon,West Midlands,682.0,61.0,8.944281524926687,E01031184,E02006509
E01031185,Stratford-on-Avon 006C,E07000221,Stratford-on-Avon,West Midlands,647.0,82.0,12.673879443585781,E01031185,E02006509
E01031186,Stratford-on-Avon 006D,E07000221,Stratford-on-Avon,West Midlands,735.0,76.0,10.340136054421768,E01031186,E02006509
E01031187,Stratford-on-Avon 007A,E07000221,Stratford-on-Avon,West Midlands,874.0,137.0,15.675057208237986,E01031187,E02006510
E01031188,Stratford-on-Avon 007B,E07000221,Stratford-on-Avon,West Midlands,1113.0,129.0,11.590296495956872,E01031188,E02006510
E01031194,Stratford-on-Avon 013A,E07000221,Stratford-on-Avon,West Midlands,1063.0,171.0,16.086547507055503,E01031194,E02006516
E01031195,Stratford-on-Avon 002A,E07000221,Stratford-on-Avon,West Midlands,978.0,134.0,13.701431492842536,E01031195,E02006505
E01031197,Stratford-on-Avon 005A,E07000221,Stratford-on-Avon,West Midlands,571.0,108.0,18.914185639229423,E01031197,E02006508
E01031198,Stratford-on-Avon 005B,E07000221,Stratford-on-Avon,West Midlands,590.0,89.0,15.084745762711865,E01031198,E02006508
E01031199,Stratford-on-Avon 005C,E07000221,Stratford-on-Avon,West Midlands,909.0,113.0,12.43124312431243,E01031199,E02006508
E01031200,Stratford-on-Avon 005D,E07000221,Stratford-on-Avon,West Midlands,756.0,86.0,11.375661375661375,E01031200,E02006508
E01031201,Stratford-on-Avon 005E,E07000221,Stratford-on-Avon,West Midlands,740.0,81.0,10.945945945945947,E01031201,E02006508
E01031202,Stratford-on-Avon 002B,E07000221,Stratford-on-Avon,West Midlands,853.0,77.0,9.026963657678781,E01031202,E02006505
E01031203,Stratford-on-Avon 002C,E07000221,Stratford-on-Avon,West Midlands,795.0,102.0,12.830188679245284,E01031203,E02006505
E01031204,Stratford-on-Avon 002D,E07000221,Stratford-on-Avon,West Midlands,737.0,110.0,14.925373134328357,E01031204,E02006505
E01031205,Stratford-on-Avon 013B,E07000221,Stratford-on-Avon,West Midlands,808.0,97.0,12.004950495049505,E01031205,E02006516
E01031206,Stratford-on-Avon 013C,E07000221,Stratford-on-Avon,West Midlands,728.0,94.0,12.912087912087914,E01031206,E02006516
E01031207,Stratford-on-Avon 013D,E07000221,Stratford-on-Avon,West Midlands,662.0,77.0,11.63141993957704,E01031207,E02006516
E01031208,Stratford-on-Avon 007C,E07000221,Stratford-on-Avon,West Midlands,1105.0,92.0,8.325791855203619,E01031208,E02006510
E01031210,Stratford-on-Avon 005F,E07000221,Stratford-on-Avon,West Midlands,548.0,70.0,12.773722627737227,E01031210,E02006508
E01031211,Stratford-on-Avon 005G,E07000221,Stratford-on-Avon,West Midlands,770.0,96.0,12.467532467532468,E01031211,E02006508
E01031213,Stratford-on-Avon 001A,E07000221,Stratford-on-Avon,West Midlands,837.0,96.0,11.469534050179211,E01031213,E02006504
E01031217,Stratford-on-Avon 008A,E07000221,Stratford-on-Avon,West Midlands,561.0,77.0,13.725490196078432,E01031217,E02006511
E01031218,Stratford-on-Avon 008B,E07000221,Stratford-on-Avon,West Midlands,516.0,87.0,16.86046511627907,E01031218,E02006511
E01031219,Stratford-on-Avon 004A,E07000221,Stratford-on-Avon,West Midlands,1030.0,48.0,4.660194174757281,E01031219,E02006507
E01031220,Stratford-on-Avon 004B,E07000221,Stratford-on-Avon,West Midlands,638.0,55.0,8.620689655172415,E01031220,E02006507
E01031221,Stratford-on-Avon 004C,E07000221,Stratford-on-Avon,West Midlands,913.0,86.0,9.41949616648412,E01031221,E02006507
E01031222,Stratford-on-Avon 004D,E07000221,Stratford-on-Avon,West Midlands,1142.0,103.0,9.019264448336251,E01031222,E02006507
E01031223,Stratford-on-Avon 004E,E07000221,Stratford-on-Avon,West Midlands,654.0,81.0,12.385321100917432,E01031223,E02006507
E01031224,Stratford-on-Avon 004F,E07000221,Stratford-on-Avon,West Midlands,605.0,90.0,14.87603305785124,E01031224,E02006507
E01031225,Stratford-on-Avon 010A,E07000221,Stratford-on-Avon,West Midlands,806.0,50.0,6.20347394540943,E01031225,E02006513
E01031227,Stratford-on-Avon 010C,E07000221,Stratford-on-Avon,West Midlands,1048.0,86.0,8.206106870229007,E01031227,E02006513
E01031228,Stratford-on-Avon 009A,E07000221,Stratford-on-Avon,West Midlands,755.0,57.0,7.549668874172186,E01031228,E02006512
E01031229,Stratford-on-Avon 009B,E07000221,Stratford-on-Avon,West Midlands,1241.0,162.0,13.05398871877518,E01031229,E02006512
E01031231,Stratford-on-Avon 009D,E07000221,Stratford-on-Avon,West Midlands,1182.0,134.0,11.336717428087987,E01031231,E02006512
E01031232,Stratford-on-Avon 011A,E07000221,Stratford-on-Avon,West Midlands,1001.0,60.0,5.994005994005994,E01031232,E02006514
E01031233,Stratford-on-Avon 011B,E07000221,Stratford-on-Avon,West Midlands,779.0,79.0,10.141206675224646,E01031233,E02006514
E01031234,Stratford-on-Avon 011C,E07000221,Stratford-on-Avon,West Midlands,992.0,137.0,13.81048387096774,E01031234,E02006514
E01031235,Stratford-on-Avon 011D,E07000221,Stratford-on-Avon,West Midlands,977.0,106.0,10.849539406345956,E01031235,E02006514
E01031236,Stratford-on-Avon 009E,E07000221,Stratford-on-Avon,West Midlands,675.0,53.0,7.851851851851851,E01031236,E02006512
E01031237,Stratford-on-Avon 011E,E07000221,Stratford-on-Avon,West Midlands,664.0,55.0,8.283132530120483,E01031237,E02006514
E01031238,Stratford-on-Avon 009F,E07000221,Stratford-on-Avon,West Midlands,631.0,88.0,13.946117274167987,E01031238,E02006512
E01031239,Stratford-on-Avon 003A,E07000221,Stratford-on-Avon,West Midlands,798.0,82.0,10.275689223057643,E01031239,E02006506
E01031240,Stratford-on-Avon 003B,E07000221,Stratford-on-Avon,West Midlands,622.0,73.0,11.736334405144696,E01031240,E02006506
E01031241,Stratford-on-Avon 003C,E07000221,Stratford-on-Avon,West Midlands,644.0,61.0,9.472049689440993,E01031241,E02006506
E01031242,Stratford-on-Avon 003D,E07000221,Stratford-on-Avon,West Midlands,685.0,86.0,12.554744525547445,E01031242,E02006506
E01031243,Stratford-on-Avon 001B,E07000221,Stratford-on-Avon,West Midlands,844.0,95.0,11.255924170616113,E01031243,E02006504
E01031244,Stratford-on-Avon 001C,E07000221,Stratford-on-Avon,West Midlands,806.0,125.0,15.508684863523573,E01031244,E02006504
E01031247,Stratford-on-Avon 013E,E07000221,Stratford-on-Avon,West Midlands,1097.0,170.0,15.496809480401094,E01031247,E02006516
E01031249,Stratford-on-Avon 008C,E07000221,Stratford-on-Avon,West Midlands,547.0,50.0,9.140767824497258,E01031249,E02006511
E01031251,Stratford-on-Avon 008E,E07000221,Stratford-on-Avon,West Midlands,523.0,25.0,4.780114722753346,E01031251,E02006511
E01031252,Stratford-on-Avon 008F,E07000221,Stratford-on-Avon,West Midlands,557.0,82.0,14.721723518850988,E01031252,E02006511
E01031253,Stratford-on-Avon 008G,E07000221,Stratford-on-Avon,West Midlands,666.0,83.0,12.462462462462462,E01031253,E02006511
E01031254,Warwick 001A,E07000222,Warwick,West Midlands,750.0,75.0,10.0,E01031254,E02006519
E01031255,Warwick 001B,E07000222,Warwick,West Midlands,648.0,51.0,7.87037037037037,E01031255,E02006519
E01031256,Warwick 001C,E07000222,Warwick,West Midlands,818.0,73.0,8.924205378973104,E01031256,E02006519
E01031257,Warwick 001D,E07000222,Warwick,West Midlands,698.0,86.0,12.320916905444127,E01031257,E02006519
E01031258,Warwick 001E,E07000222,Warwick,West Midlands,905.0,91.0,10.05524861878453,E01031258,E02006519
E01031259,Warwick 014A,E07000222,Warwick,West Midlands,1141.0,48.0,4.206836108676599,E01031259,E02006532
E01031260,Warwick 014B,E07000222,Warwick,West Midlands,968.0,69.0,7.128099173553719,E01031260,E02006532
E01031261,Warwick 013A,E07000222,Warwick,West Midlands,760.0,105.0,13.815789473684212,E01031261,E02006531
E01031262,Warwick 013B,E07000222,Warwick,West Midlands,634.0,78.0,12.302839116719243,E01031262,E02006531
E01031263,Warwick 013C,E07000222,Warwick,West Midlands,671.0,144.0,21.460506706408346,E01031263,E02006531
E01031264,Warwick 013D,E07000222,Warwick,West Midlands,660.0,101.0,15.303030303030301,E01031264,E02006531
E01031265,Warwick 013E,E07000222,Warwick,West Midlands,717.0,100.0,13.94700139470014,E01031265,E02006531
E01031266,Warwick 013F,E07000222,Warwick,West Midlands,800.0,144.0,18.0,E01031266,E02006531
E01031267,Warwick 014C,E07000222,Warwick,West Midlands,776.0,67.0,8.6340206185567,E01031267,E02006532
E01031268,Warwick 014D,E07000222,Warwick,West Midlands,1136.0,73.0,6.426056338028169,E01031268,E02006532
E01031269,Warwick 014E,E07000222,Warwick,West Midlands,919.0,102.0,11.099020674646356,E01031269,E02006532
E01031271,Warwick 010A,E07000222,Warwick,West Midlands,947.0,132.0,13.938753959873285,E01031271,E02006528
E01031272,Warwick 007B,E07000222,Warwick,West Midlands,804.0,123.0,15.298507462686567,E01031272,E02006525
E01031273,Warwick 006A,E07000222,Warwick,West Midlands,634.0,75.0,11.829652996845425,E01031273,E02006524
E01031274,Warwick 006B,E07000222,Warwick,West Midlands,640.0,69.0,10.78125,E01031274,E02006524
E01031275,Warwick 006C,E07000222,Warwick,West Midlands,541.0,45.0,8.317929759704251,E01031275,E02006524
E01031276,Warwick 006D,E07000222,Warwick,West Midlands,652.0,73.0,11.196319018404909,E01031276,E02006524
E01031277,Warwick 005A,E07000222,Warwick,West Midlands,667.0,55.0,8.245877061469265,E01031277,E02006523
E01031278,Warwick 005B,E07000222,Warwick,West Midlands,688.0,53.0,7.703488372093023,E01031278,E02006523
E01031279,Warwick 005C,E07000222,Warwick,West Midlands,640.0,62.0,9.6875,E01031279,E02006523
E01031280,Warwick 005D,E07000222,Warwick,West Midlands,543.0,63.0,11.602209944751381,E01031280,E02006523
E01031281,Warwick 004A,E07000222,Warwick,West Midlands,688.0,86.0,12.5,E01031281,E02006522
E01031282,Warwick 004B,E07000222,Warwick,West Midlands,766.0,119.0,15.535248041775457,E01031282,E02006522
E01031283,Warwick 004C,E07000222,Warwick,West Midlands,561.0,90.0,16.0427807486631,E01031283,E02006522
E01031284,Warwick 004D,E07000222,Warwick,West Midlands,536.0,48.0,8.955223880597014,E01031284,E02006522
E01031285,Warwick 007C,E07000222,Warwick,West Midlands,1200.0,119.0,9.916666666666666,E01031285,E02006525
E01031286,Warwick 007D,E07000222,Warwick,West Midlands,728.0,63.0,8.653846153846153,E01031286,E02006525
E01031287,Warwick 007E,E07000222,Warwick,West Midlands,609.0,51.0,8.374384236453201,E01031287,E02006525
E01031288,Warwick 007F,E07000222,Warwick,West Midlands,705.0,48.0,6.808510638297872,E01031288,E02006525
E01031289,Warwick 007G,E07000222,Warwick,West Midlands,631.0,61.0,9.667194928684628,E01031289,E02006525
E01031290,Warwick 009A,E07000222,Warwick,West Midlands,838.0,114.0,13.60381861575179,E01031290,E02006527
E01031291,Warwick 009B,E07000222,Warwick,West Midlands,962.0,153.0,15.904365904365905,E01031291,E02006527
E01031292,Warwick 009C,E07000222,Warwick,West Midlands,690.0,65.0,9.420289855072465,E01031292,E02006527
E01031293,Warwick 009D,E07000222,Warwick,West Midlands,701.0,68.0,9.700427960057063,E01031293,E02006527
E01031294,Warwick 009E,E07000222,Warwick,West Midlands,664.0,81.0,12.198795180722891,E01031294,E02006527
E01031295,Warwick 009F,E07000222,Warwick,West Midlands,511.0,27.0,5.283757338551859,E01031295,E02006527
E01031296,Warwick 002A,E07000222,Warwick,West Midlands,739.0,38.0,5.142083897158322,E01031296,E02006520
E01031297,Warwick 002B,E07000222,Warwick,West Midlands,898.0,82.0,9.131403118040089,E01031297,E02006520
E01031298,Warwick 002C,E07000222,Warwick,West Midlands,798.0,56.0,7.017543859649122,E01031298,E02006520
E01031299,Warwick 002D,E07000222,Warwick,West Midlands,581.0,26.0,4.475043029259897,E01031299,E02006520
E01031300,Warwick 002E,E07000222,Warwick,West Midlands,777.0,45.0,5.7915057915057915,E01031300,E02006520
E01031301,Warwick 005E,E07000222,Warwick,West Midlands,805.0,82.0,10.186335403726709,E01031301,E02006523
E01031302,Warwick 005F,E07000222,Warwick,West Midlands,462.0,41.0,8.874458874458876,E01031302,E02006523
E01031303,Warwick 003A,E07000222,Warwick,West Midlands,725.0,79.0,10.896551724137932,E01031303,E02006521
E01031304,Warwick 003B,E07000222,Warwick,West Midlands,628.0,50.0,7.961783439490445,E01031304,E02006521
E01031305,Warwick 003C,E07000222,Warwick,West Midlands,672.0,39.0,5.803571428571429,E01031305,E02006521
E01031306,Warwick 003D,E07000222,Warwick,West Midlands,636.0,57.0,8.962264150943396,E01031306,E02006521
E01031307,Warwick 003E,E07000222,Warwick,West Midlands,684.0,61.0,8.91812865497076,E01031307,E02006521
E01031308,Warwick 005G,E07000222,Warwick,West Midlands,732.0,99.0,13.524590163934427,E01031308,E02006523
E01031309,Warwick 008A,E07000222,Warwick,West Midlands,985.0,102.0,10.355329949238579,E01031309,E02006526
E01031310,Warwick 008B,E07000222,Warwick,West Midlands,576.0,52.0,9.027777777777777,E01031310,E02006526
E01031311,Warwick 008C,E07000222,Warwick,West Midlands,616.0,72.0,11.688311688311687,E01031311,E02006526
E01031312,Warwick 008D,E07000222,Warwick,West Midlands,628.0,59.0,9.394904458598727,E01031312,E02006526
E01031313,Warwick 008E,E07000222,Warwick,West Midlands,615.0,45.0,7.317073170731707,E01031313,E02006526
E01031314,Warwick 008F,E07000222,Warwick,West Midlands,637.0,51.0,8.006279434850864,E01031314,E02006526
E01031315,Warwick 012A,E07000222,Warwick,West Midlands,966.0,44.0,4.554865424430641,E01031315,E02006530
E01031316,Warwick 012B,E07000222,Warwick,West Midlands,797.0,78.0,9.786700125470514,E01031316,E02006530
E01031317,Warwick 012C,E07000222,Warwick,West Midlands,754.0,69.0,9.151193633952255,E01031317,E02006530
E01031319,Warwick 012E,E07000222,Warwick,West Midlands,921.0,79.0,8.577633007600435,E01031319,E02006530
E01031320,Warwick 012F,E07000222,Warwick,West Midlands,630.0,48.0,7.6190476190476195,E01031320,E02006530
E01031321,Warwick 011A,E07000222,Warwick,West Midlands,521.0,80.0,15.355086372360843,E01031321,E02006529
E01031322,Warwick 011B,E07000222,Warwick,West Midlands,916.0,85.0,9.27947598253275,E01031322,E02006529
E01031323,Warwick 011C,E07000222,Warwick,West Midlands,864.0,89.0,10.300925925925926,E01031323,E02006529
E01031324,Warwick 011D,E07000222,Warwick,West Midlands,1276.0,146.0,11.442006269592477,E01031324,E02006529
E01031325,Warwick 011E,E07000222,Warwick,West Midlands,643.0,75.0,11.66407465007776,E01031325,E02006529
E01031327,Warwick 015A,E07000222,Warwick,West Midlands,653.0,66.0,10.10719754977029,E01031327,E02006533
E01031328,Warwick 015B,E07000222,Warwick,West Midlands,1223.0,77.0,6.295993458708095,E01031328,E02006533
E01031329,Warwick 015C,E07000222,Warwick,West Midlands,1029.0,71.0,6.899902818270165,E01031329,E02006533
E01031330,Warwick 015D,E07000222,Warwick,West Midlands,633.0,54.0,8.530805687203792,E01031330,E02006533
E01031331,Warwick 015E,E07000222,Warwick,West Midlands,810.0,53.0,6.5432098765432105,E01031331,E02006533
E01031332,Warwick 010B,E07000222,Warwick,West Midlands,519.0,65.0,12.524084778420038,E01031332,E02006528
E01031333,Warwick 010C,E07000222,Warwick,West Midlands,499.0,66.0,13.226452905811623,E01031333,E02006528
E01031334,Warwick 010D,E07000222,Warwick,West Midlands,683.0,40.0,5.856515373352855,E01031334,E02006528
E01031335,Warwick 010E,E07000222,Warwick,West Midlands,642.0,134.0,20.87227414330218,E01031335,E02006528
E01031336,Warwick 010F,E07000222,Warwick,West Midlands,841.0,153.0,18.192627824019027,E01031336,E02006528
E01031337,Warwick 010G,E07000222,Warwick,West Midlands,890.0,122.0,13.707865168539326,E01031337,E02006528
E01032122,Bromsgrove 009A,E07000234,Bromsgrove,West Midlands,918.0,94.0,10.239651416122005,E01032122,E02006704
E01032123,Bromsgrove 009B,E07000234,Bromsgrove,West Midlands,688.0,89.0,12.936046511627907,E01032123,E02006704
E01032124,Bromsgrove 009C,E07000234,Bromsgrove,West Midlands,759.0,63.0,8.300395256916996,E01032124,E02006704
E01032125,Bromsgrove 009D,E07000234,Bromsgrove,West Midlands,635.0,64.0,10.078740157480315,E01032125,E02006704
E01032126,Bromsgrove 003A,E07000234,Bromsgrove,West Midlands,884.0,78.0,8.823529411764707,E01032126,E02006698
E01032127,Bromsgrove 007A,E07000234,Bromsgrove,West Midlands,792.0,54.0,6.8181818181818175,E01032127,E02006702
E01032128,Bromsgrove 007B,E07000234,Bromsgrove,West Midlands,683.0,73.0,10.68814055636896,E01032128,E02006702
E01032129,Bromsgrove 007C,E07000234,Bromsgrove,West Midlands,559.0,56.0,10.01788908765653,E01032129,E02006702
E01032131,Bromsgrove 013B,E07000234,Bromsgrove,West Midlands,670.0,78.0,11.641791044776118,E01032131,E02006708
E01032132,Bromsgrove 013C,E07000234,Bromsgrove,West Midlands,971.0,130.0,13.388259526261587,E01032132,E02006708
E01032133,Bromsgrove 004A,E07000234,Bromsgrove,West Midlands,769.0,82.0,10.663198959687907,E01032133,E02006699
E01032134,Bromsgrove 005A,E07000234,Bromsgrove,West Midlands,662.0,59.0,8.91238670694864,E01032134,E02006700
E01032135,Bromsgrove 004B,E07000234,Bromsgrove,West Midlands,663.0,29.0,4.374057315233785,E01032135,E02006699
E01032136,Bromsgrove 002A,E07000234,Bromsgrove,West Midlands,546.0,73.0,13.36996336996337,E01032136,E02006697
E01032137,Bromsgrove 002B,E07000234,Bromsgrove,West Midlands,694.0,100.0,14.409221902017292,E01032137,E02006697
E01032138,Bromsgrove 001A,E07000234,Bromsgrove,West Midlands,650.0,34.0,5.230769230769231,E01032138,E02006696
E01032139,Bromsgrove 001B,E07000234,Bromsgrove,West Midlands,957.0,58.0,6.0606060606060606,E01032139,E02006696
E01032140,Bromsgrove 001C,E07000234,Bromsgrove,West Midlands,754.0,56.0,7.427055702917771,E01032140,E02006696
E01032141,Bromsgrove 001D,E07000234,Bromsgrove,West Midlands,621.0,46.0,7.4074074074074066,E01032141,E02006696
E01032142,Bromsgrove 006A,E07000234,Bromsgrove,West Midlands,976.0,63.0,6.454918032786885,E01032142,E02006701
E01032143,Bromsgrove 006B,E07000234,Bromsgrove,West Midlands,647.0,39.0,6.0278207109737245,E01032143,E02006701
E01032144,Bromsgrove 006C,E07000234,Bromsgrove,West Midlands,892.0,57.0,6.390134529147982,E01032144,E02006701
E01032145,Bromsgrove 004C,E07000234,Bromsgrove,West Midlands,648.0,45.0,6.944444444444445,E01032145,E02006699
E01032146,Bromsgrove 005B,E07000234,Bromsgrove,West Midlands,697.0,52.0,7.4605451936872305,E01032146,E02006700
E01032147,Bromsgrove 004D,E07000234,Bromsgrove,West Midlands,582.0,53.0,9.106529209621993,E01032147,E02006699
E01032148,Bromsgrove 008A,E07000234,Bromsgrove,West Midlands,477.0,30.0,6.289308176100629,E01032148,E02006703
E01032149,Bromsgrove 006D,E07000234,Bromsgrove,West Midlands,520.0,20.0,3.8461538461538463,E01032149,E02006701
E01032150,Bromsgrove 008B,E07000234,Bromsgrove,West Midlands,644.0,39.0,6.055900621118012,E01032150,E02006703
E01032151,Bromsgrove 008C,E07000234,Bromsgrove,West Midlands,598.0,46.0,7.6923076923076925,E01032151,E02006703
E01032152,Bromsgrove 007D,E07000234,Bromsgrove,West Midlands,656.0,74.0,11.28048780487805,E01032152,E02006702
E01032153,Bromsgrove 008D,E07000234,Bromsgrove,West Midlands,964.0,57.0,5.9128630705394185,E01032153,E02006703
E01032154,Bromsgrove 010A,E07000234,Bromsgrove,West Midlands,706.0,50.0,7.0821529745042495,E01032154,E02006705
E01032155,Bromsgrove 008E,E07000234,Bromsgrove,West Midlands,682.0,42.0,6.158357771260997,E01032155,E02006703
E01032156,Bromsgrove 011A,E07000234,Bromsgrove,West Midlands,917.0,109.0,11.886586695747,E01032156,E02006706
E01032157,Bromsgrove 011B,E07000234,Bromsgrove,West Midlands,1079.0,92.0,8.526413345690456,E01032157,E02006706
E01032158,Bromsgrove 012A,E07000234,Bromsgrove,West Midlands,681.0,47.0,6.901615271659324,E01032158,E02006707
E01032159,Bromsgrove 010B,E07000234,Bromsgrove,West Midlands,898.0,95.0,10.579064587973273,E01032159,E02006705
E01032160,Bromsgrove 010C,E07000234,Bromsgrove,West Midlands,832.0,89.0,10.697115384615383,E01032160,E02006705
E01032161,Bromsgrove 010D,E07000234,Bromsgrove,West Midlands,850.0,124.0,14.588235294117647,E01032161,E02006705
E01032162,Bromsgrove 012B,E07000234,Bromsgrove,West Midlands,794.0,66.0,8.312342569269521,E01032162,E02006707
E01032168,Bromsgrove 002C,E07000234,Bromsgrove,West Midlands,492.0,52.0,10.569105691056912,E01032168,E02006697
E01032169,Bromsgrove 002D,E07000234,Bromsgrove,West Midlands,523.0,69.0,13.193116634799235,E01032169,E02006697
E01032170,Bromsgrove 003B,E07000234,Bromsgrove,West Midlands,580.0,60.0,10.344827586206897,E01032170,E02006698
E01032171,Bromsgrove 003C,E07000234,Bromsgrove,West Midlands,638.0,55.0,8.620689655172415,E01032171,E02006698
E01032172,Bromsgrove 003D,E07000234,Bromsgrove,West Midlands,699.0,71.0,10.157367668097281,E01032172,E02006698
E01032173,Bromsgrove 011C,E07000234,Bromsgrove,West Midlands,697.0,56.0,8.034433285509325,E01032173,E02006706
E01032174,Bromsgrove 013D,E07000234,Bromsgrove,West Midlands,698.0,68.0,9.742120343839542,E01032174,E02006708
E01032175,Bromsgrove 011D,E07000234,Bromsgrove,West Midlands,709.0,46.0,6.488011283497884,E01032175,E02006706
E01032176,Bromsgrove 002E,E07000234,Bromsgrove,West Midlands,967.0,128.0,13.236814891416754,E01032176,E02006697
E01032177,Bromsgrove 005C,E07000234,Bromsgrove,West Midlands,755.0,41.0,5.430463576158941,E01032177,E02006700
E01032178,Bromsgrove 005D,E07000234,Bromsgrove,West Midlands,573.0,57.0,9.947643979057592,E01032178,E02006700
E01032179,Malvern Hills 003A,E07000235,Malvern Hills,West Midlands,744.0,116.0,15.591397849462366,E01032179,E02006712
E01032180,Malvern Hills 003B,E07000235,Malvern Hills,West Midlands,905.0,121.0,13.370165745856355,E01032180,E02006712
E01032181,Malvern Hills 002A,E07000235,Malvern Hills,West Midlands,949.0,139.0,14.64699683877766,E01032181,E02006711
E01032182,Malvern Hills 003C,E07000235,Malvern Hills,West Midlands,1005.0,95.0,9.45273631840796,E01032182,E02006712
E01032183,Malvern Hills 003D,E07000235,Malvern Hills,West Midlands,654.0,66.0,10.091743119266056,E01032183,E02006712
E01032190,Malvern Hills 002B,E07000235,Malvern Hills,West Midlands,926.0,113.0,12.203023758099352,E01032190,E02006711
E01032193,Malvern Hills 001A,E07000235,Malvern Hills,West Midlands,996.0,158.0,15.863453815261044,E01032193,E02006710
E01032199,Malvern Hills 002C,E07000235,Malvern Hills,West Midlands,865.0,139.0,16.069364161849713,E01032199,E02006711
E01032212,Malvern Hills 001B,E07000235,Malvern Hills,West Midlands,939.0,151.0,16.080937167199146,E01032212,E02006710
E01032213,Malvern Hills 001C,E07000235,Malvern Hills,West Midlands,789.0,110.0,13.941698352344739,E01032213,E02006710
E01032214,Malvern Hills 001D,E07000235,Malvern Hills,West Midlands,1097.0,170.0,15.496809480401094,E01032214,E02006710
E01032223,Malvern Hills 002D,E07000235,Malvern Hills,West Midlands,926.0,132.0,14.254859611231103,E01032223,E02006711
E01032224,Redditch 004A,E07000236,Redditch,West Midlands,806.0,144.0,17.866004962779154,E01032224,E02006724
E01032225,Redditch 004B,E07000236,Redditch,West Midlands,517.0,77.0,14.893617021276595,E01032225,E02006724
E01032226,Redditch 001A,E07000236,Redditch,West Midlands,1167.0,70.0,5.99828620394173,E01032226,E02006721
E01032227,Redditch 001B,E07000236,Redditch,West Midlands,486.0,19.0,3.909465020576132,E01032227,E02006721
E01032228,Redditch 013A,E07000236,Redditch,West Midlands,566.0,78.0,13.780918727915195,E01032228,E02006733
E01032229,Redditch 013B,E07000236,Redditch,West Midlands,652.0,57.0,8.742331288343557,E01032229,E02006733
E01032230,Redditch 013C,E07000236,Redditch,West Midlands,618.0,39.0,6.310679611650485,E01032230,E02006733
E01032231,Redditch 013D,E07000236,Redditch,West Midlands,846.0,83.0,9.810874704491725,E01032231,E02006733
E01032232,Redditch 003A,E07000236,Redditch,West Midlands,786.0,89.0,11.323155216284988,E01032232,E02006723
E01032234,Redditch 003C,E07000236,Redditch,West Midlands,801.0,108.0,13.48314606741573,E01032234,E02006723
E01032235,Redditch 003D,E07000236,Redditch,West Midlands,755.0,96.0,12.71523178807947,E01032235,E02006723
E01032236,Redditch 006A,E07000236,Redditch,West Midlands,853.0,118.0,13.833528722157093,E01032236,E02006726
E01032237,Redditch 006B,E07000236,Redditch,West Midlands,634.0,60.0,9.46372239747634,E01032237,E02006726
E01032238,Redditch 006C,E07000236,Redditch,West Midlands,585.0,77.0,13.162393162393164,E01032238,E02006726
E01032239,Redditch 004C,E07000236,Redditch,West Midlands,711.0,146.0,20.534458509142052,E01032239,E02006724
E01032240,Redditch 002A,E07000236,Redditch,West Midlands,569.0,78.0,13.708260105448156,E01032240,E02006722
E01032241,Redditch 002B,E07000236,Redditch,West Midlands,521.0,56.0,10.748560460652591,E01032241,E02006722
E01032242,Redditch 002C,E07000236,Redditch,West Midlands,619.0,67.0,10.823909531502423,E01032242,E02006722
E01032243,Redditch 001C,E07000236,Redditch,West Midlands,599.0,26.0,4.340567612687813,E01032243,E02006721
E01032244,Redditch 001D,E07000236,Redditch,West Midlands,650.0,48.0,7.384615384615385,E01032244,E02006721
E01032245,Redditch 002D,E07000236,Redditch,West Midlands,713.0,85.0,11.921458625525947,E01032245,E02006722
E01032246,Redditch 012A,E07000236,Redditch,West Midlands,580.0,38.0,6.551724137931035,E01032246,E02006732
E01032247,Redditch 012B,E07000236,Redditch,West Midlands,661.0,75.0,11.346444780635402,E01032247,E02006732
E01032248,Redditch 012C,E07000236,Redditch,West Midlands,556.0,14.0,2.5179856115107913,E01032248,E02006732
E01032249,Redditch 012D,E07000236,Redditch,West Midlands,715.0,51.0,7.1328671328671325,E01032249,E02006732
E01032250,Redditch 010A,E07000236,Redditch,West Midlands,527.0,70.0,13.282732447817835,E01032250,E02006730
E01032251,Redditch 010B,E07000236,Redditch,West Midlands,736.0,74.0,10.054347826086957,E01032251,E02006730
E01032252,Redditch 010C,E07000236,Redditch,West Midlands,567.0,77.0,13.580246913580247,E01032252,E02006730
E01032253,Redditch 009A,E07000236,Redditch,West Midlands,667.0,36.0,5.397301349325337,E01032253,E02006729
E01032254,Redditch 010D,E07000236,Redditch,West Midlands,873.0,72.0,8.24742268041237,E01032254,E02006730
E01032255,Redditch 007A,E07000236,Redditch,West Midlands,566.0,44.0,7.773851590106007,E01032255,E02006727
E01032256,Redditch 011A,E07000236,Redditch,West Midlands,656.0,58.0,8.841463414634147,E01032256,E02006731
E01032257,Redditch 011B,E07000236,Redditch,West Midlands,594.0,19.0,3.1986531986531985,E01032257,E02006731
E01032258,Redditch 011C,E07000236,Redditch,West Midlands,738.0,87.0,11.788617886178862,E01032258,E02006731
E01032259,Redditch 008A,E07000236,Redditch,West Midlands,640.0,59.0,9.21875,E01032259,E02006728
E01032260,Redditch 011D,E07000236,Redditch,West Midlands,728.0,98.0,13.461538461538462,E01032260,E02006731
E01032261,Redditch 012E,E07000236,Redditch,West Midlands,610.0,53.0,8.688524590163935,E01032261,E02006732
E01032262,Redditch 004D,E07000236,Redditch,West Midlands,877.0,152.0,17.33181299885975,E01032262,E02006724
E01032263,Redditch 007B,E07000236,Redditch,West Midlands,750.0,73.0,9.733333333333333,E01032263,E02006727
E01032264,Redditch 006D,E07000236,Redditch,West Midlands,671.0,70.0,10.432190760059612,E01032264,E02006726
E01032265,Redditch 009B,E07000236,Redditch,West Midlands,665.0,78.0,11.729323308270677,E01032265,E02006729
E01032266,Redditch 007C,E07000236,Redditch,West Midlands,745.0,58.0,7.785234899328859,E01032266,E02006727
E01032267,Redditch 009C,E07000236,Redditch,West Midlands,696.0,69.0,9.913793103448276,E01032267,E02006729
E01032268,Redditch 009D,E07000236,Redditch,West Midlands,509.0,43.0,8.447937131630647,E01032268,E02006729
E01032269,Redditch 008B,E07000236,Redditch,West Midlands,790.0,73.0,9.240506329113925,E01032269,E02006728
E01032270,Redditch 008C,E07000236,Redditch,West Midlands,594.0,27.0,4.545454545454546,E01032270,E02006728
E01032271,Redditch 008D,E07000236,Redditch,West Midlands,833.0,32.0,3.8415366146458583,E01032271,E02006728
E01032272,Redditch 008E,E07000236,Redditch,West Midlands,550.0,34.0,6.181818181818182,E01032272,E02006728
E01032273,Redditch 005A,E07000236,Redditch,West Midlands,596.0,34.0,5.704697986577181,E01032273,E02006725
E01032274,Redditch 007D,E07000236,Redditch,West Midlands,536.0,39.0,7.276119402985075,E01032274,E02006727
E01032275,Redditch 005B,E07000236,Redditch,West Midlands,632.0,59.0,9.335443037974683,E01032275,E02006725
E01032276,Redditch 009E,E07000236,Redditch,West Midlands,625.0,48.0,7.68,E01032276,E02006729
E01032277,Redditch 005C,E07000236,Redditch,West Midlands,519.0,57.0,10.982658959537572,E01032277,E02006725
E01032278,Redditch 005D,E07000236,Redditch,West Midlands,752.0,95.0,12.632978723404257,E01032278,E02006725
E01032279,Worcester 004A,E07000237,Worcester,West Midlands,551.0,70.0,12.704174228675136,E01032279,E02006737
E01032280,Worcester 007A,E07000237,Worcester,West Midlands,937.0,132.0,14.087513340448238,E01032280,E02006740
E01032281,Worcester 007B,E07000237,Worcester,West Midlands,690.0,135.0,19.565217391304348,E01032281,E02006740
E01032282,Worcester 007C,E07000237,Worcester,West Midlands,966.0,184.0,19.047619047619047,E01032282,E02006740
E01032296,Worcester 001A,E07000237,Worcester,West Midlands,743.0,103.0,13.862718707940779,E01032296,E02006734
E01032297,Worcester 001B,E07000237,Worcester,West Midlands,704.0,56.0,7.954545454545454,E01032297,E02006734
E01032298,Worcester 001C,E07000237,Worcester,West Midlands,804.0,67.0,8.333333333333332,E01032298,E02006734
E01032299,Worcester 001D,E07000237,Worcester,West Midlands,701.0,77.0,10.984308131241084,E01032299,E02006734
E01032300,Worcester 001E,E07000237,Worcester,West Midlands,743.0,53.0,7.133243606998654,E01032300,E02006734
E01032301,Worcester 005A,E07000237,Worcester,West Midlands,641.0,66.0,10.29641185647426,E01032301,E02006738
E01032302,Worcester 005B,E07000237,Worcester,West Midlands,586.0,122.0,20.819112627986346,E01032302,E02006738
E01032303,Worcester 002A,E07000237,Worcester,West Midlands,531.0,63.0,11.864406779661017,E01032303,E02006735
E01032304,Worcester 002B,E07000237,Worcester,West Midlands,650.0,81.0,12.461538461538462,E01032304,E02006735
E01032310,Worcester 005C,E07000237,Worcester,West Midlands,685.0,101.0,14.744525547445257,E01032310,E02006738
E01032311,Worcester 005D,E07000237,Worcester,West Midlands,656.0,100.0,15.24390243902439,E01032311,E02006738
E01032312,Worcester 004B,E07000237,Worcester,West Midlands,689.0,110.0,15.965166908563136,E01032312,E02006737
E01032313,Worcester 005E,E07000237,Worcester,West Midlands,515.0,88.0,17.0873786407767,E01032313,E02006738
E01032314,Worcester 006A,E07000237,Worcester,West Midlands,456.0,47.0,10.307017543859649,E01032314,E02006739
E01032315,Worcester 006B,E07000237,Worcester,West Midlands,530.0,59.0,11.132075471698114,E01032315,E02006739
E01032316,Worcester 006C,E07000237,Worcester,West Midlands,521.0,43.0,8.253358925143955,E01032316,E02006739
E01032317,Worcester 006D,E07000237,Worcester,West Midlands,700.0,66.0,9.428571428571429,E01032317,E02006739
E01032327,Worcester 004C,E07000237,Worcester,West Midlands,1067.0,101.0,9.465791940018745,E01032327,E02006737
E01032328,Worcester 004D,E07000237,Worcester,West Midlands,671.0,55.0,8.19672131147541,E01032328,E02006737
E01032329,Worcester 004E,E07000237,Worcester,West Midlands,898.0,78.0,8.68596881959911,E01032329,E02006737
E01032330,Worcester 003A,E07000237,Worcester,West Midlands,619.0,46.0,7.431340872374798,E01032330,E02006736
E01032331,Worcester 002C,E07000237,Worcester,West Midlands,679.0,86.0,12.665684830633284,E01032331,E02006735
E01032332,Worcester 002D,E07000237,Worcester,West Midlands,672.0,86.0,12.797619047619047,E01032332,E02006735
E01032333,Worcester 005F,E07000237,Worcester,West Midlands,799.0,85.0,10.638297872340425,E01032333,E02006738
E01032334,Worcester 003B,E07000237,Worcester,West Midlands,1045.0,52.0,4.976076555023924,E01032334,E02006736
E01032335,Worcester 003C,E07000237,Worcester,West Midlands,611.0,19.0,3.109656301145663,E01032335,E02006736
E01032336,Worcester 003D,E07000237,Worcester,West Midlands,660.0,26.0,3.939393939393939,E01032336,E02006736
E01032337,Worcester 008A,E07000237,Worcester,West Midlands,1042.0,40.0,3.8387715930902107,E01032337,E02006741
E01032338,Worcester 008B,E07000237,Worcester,West Midlands,842.0,48.0,5.7007125890736345,E01032338,E02006741
E01032339,Worcester 008C,E07000237,Worcester,West Midlands,676.0,23.0,3.4023668639053253,E01032339,E02006741
E01032345,Wychavon 007A,E07000238,Wychavon,West Midlands,653.0,78.0,11.944869831546708,E01032345,E02006754
E01032346,Wychavon 007B,E07000238,Wychavon,West Midlands,625.0,67.0,10.72,E01032346,E02006754
E01032357,Wychavon 004A,E07000238,Wychavon,West Midlands,530.0,56.0,10.566037735849058,E01032357,E02006751
E01032358,Wychavon 004B,E07000238,Wychavon,West Midlands,687.0,97.0,14.119359534206696,E01032358,E02006751
E01032359,Wychavon 003A,E07000238,Wychavon,West Midlands,1120.0,115.0,10.267857142857142,E01032359,E02006750
E01032360,Wychavon 003B,E07000238,Wychavon,West Midlands,870.0,90.0,10.344827586206897,E01032360,E02006750
E01032361,Wychavon 003C,E07000238,Wychavon,West Midlands,790.0,51.0,6.455696202531645,E01032361,E02006750
E01032363,Wychavon 005B,E07000238,Wychavon,West Midlands,678.0,36.0,5.3097345132743365,E01032363,E02006752
E01032364,Wychavon 005C,E07000238,Wychavon,West Midlands,728.0,22.0,3.021978021978022,E01032364,E02006752
E01032365,Wychavon 004C,E07000238,Wychavon,West Midlands,818.0,93.0,11.36919315403423,E01032365,E02006751
E01032366,Wychavon 005D,E07000238,Wychavon,West Midlands,787.0,55.0,6.98856416772554,E01032366,E02006752
E01032367,Wychavon 004D,E07000238,Wychavon,West Midlands,686.0,54.0,7.871720116618077,E01032367,E02006751
E01032368,Wychavon 002A,E07000238,Wychavon,West Midlands,554.0,80.0,14.440433212996389,E01032368,E02006749
E01032369,Wychavon 002B,E07000238,Wychavon,West Midlands,641.0,79.0,12.324492979719189,E01032369,E02006749
E01032370,Wychavon 002C,E07000238,Wychavon,West Midlands,525.0,42.0,8.0,E01032370,E02006749
E01032371,Wychavon 002D,E07000238,Wychavon,West Midlands,615.0,63.0,10.24390243902439,E01032371,E02006749
E01032386,Wychavon 001B,E07000238,Wychavon,West Midlands,631.0,69.0,10.935023771790808,E01032386,E02006748
E01032387,Wychavon 001C,E07000238,Wychavon,West Midlands,732.0,91.0,12.431693989071038,E01032387,E02006748
E01032392,Wychavon 008A,E07000238,Wychavon,West Midlands,732.0,105.0,14.344262295081966,E01032392,E02006755
E01032393,Wychavon 008B,E07000238,Wychavon,West Midlands,798.0,96.0,12.030075187969924,E01032393,E02006755
E01032394,Wychavon 008C,E07000238,Wychavon,West Midlands,553.0,80.0,14.466546112115733,E01032394,E02006755
E01032395,Wychavon 007C,E07000238,Wychavon,West Midlands,564.0,90.0,15.957446808510639,E01032395,E02006754
E01032399,Wychavon 006A,E07000238,Wychavon,West Midlands,989.0,81.0,8.190091001011123,E01032399,E02006753
E01032400,Wychavon 006B,E07000238,Wychavon,West Midlands,1076.0,85.0,7.899628252788105,E01032400,E02006753
E01032401,Wychavon 001D,E07000238,Wychavon,West Midlands,1195.0,108.0,9.037656903765692,E01032401,E02006748
E01032404,Wychavon 006C,E07000238,Wychavon,West Midlands,1142.0,181.0,15.849387040280211,E01032404,E02006753
E01032416,Wychavon 008D,E07000238,Wychavon,West Midlands,491.0,61.0,12.423625254582484,E01032416,E02006755
E01032417,Wychavon 007D,E07000238,Wychavon,West Midlands,677.0,117.0,17.2821270310192,E01032417,E02006754
E01032418,Wyre Forest 010A,E07000239,Wyre Forest,West Midlands,640.0,73.0,11.40625,E01032418,E02006776
E01032419,Wyre Forest 010B,E07000239,Wyre Forest,West Midlands,603.0,27.0,4.477611940298507,E01032419,E02006776
E01032420,Wyre Forest 010C,E07000239,Wyre Forest,West Midlands,538.0,24.0,4.4609665427509295,E01032420,E02006776
E01032421,Wyre Forest 010D,E07000239,Wyre Forest,West Midlands,501.0,17.0,3.3932135728542914,E01032421,E02006776
E01032422,Wyre Forest 010E,E07000239,Wyre Forest,West Midlands,688.0,60.0,8.720930232558139,E01032422,E02006776
E01032423,Wyre Forest 014A,E07000239,Wyre Forest,West Midlands,815.0,85.0,10.429447852760736,E01032423,E02006780
E01032424,Wyre Forest 014B,E07000239,Wyre Forest,West Midlands,648.0,80.0,12.345679012345679,E01032424,E02006780
E01032425,Wyre Forest 014C,E07000239,Wyre Forest,West Midlands,681.0,52.0,7.63582966226138,E01032425,E02006780
E01032426,Wyre Forest 014D,E07000239,Wyre Forest,West Midlands,688.0,69.0,10.029069767441861,E01032426,E02006780
E01032427,Wyre Forest 011A,E07000239,Wyre Forest,West Midlands,732.0,66.0,9.01639344262295,E01032427,E02006777
E01032428,Wyre Forest 011B,E07000239,Wyre Forest,West Midlands,895.0,123.0,13.743016759776536,E01032428,E02006777
E01032429,Wyre Forest 011C,E07000239,Wyre Forest,West Midlands,696.0,57.0,8.189655172413794,E01032429,E02006777
E01032430,Wyre Forest 005A,E07000239,Wyre Forest,West Midlands,831.0,105.0,12.63537906137184,E01032430,E02006771
E01032431,Wyre Forest 001A,E07000239,Wyre Forest,West Midlands,714.0,126.0,17.647058823529413,E01032431,E02006767
E01032432,Wyre Forest 001B,E07000239,Wyre Forest,West Midlands,595.0,87.0,14.6218487394958,E01032432,E02006767
E01032433,Wyre Forest 001C,E07000239,Wyre Forest,West Midlands,605.0,60.0,9.917355371900827,E01032433,E02006767
E01032434,Wyre Forest 004A,E07000239,Wyre Forest,West Midlands,981.0,115.0,11.722731906218145,E01032434,E02006770
E01032435,Wyre Forest 004B,E07000239,Wyre Forest,West Midlands,704.0,113.0,16.051136363636363,E01032435,E02006770
E01032436,Wyre Forest 003A,E07000239,Wyre Forest,West Midlands,711.0,60.0,8.438818565400844,E01032436,E02006769
E01032437,Wyre Forest 004C,E07000239,Wyre Forest,West Midlands,805.0,107.0,13.291925465838508,E01032437,E02006770
E01032438,Wyre Forest 003B,E07000239,Wyre Forest,West Midlands,696.0,65.0,9.339080459770114,E01032438,E02006769
E01032439,Wyre Forest 001D,E07000239,Wyre Forest,West Midlands,627.0,73.0,11.64274322169059,E01032439,E02006767
E01032440,Wyre Forest 001E,E07000239,Wyre Forest,West Midlands,566.0,57.0,10.070671378091872,E01032440,E02006767
E01032441,Wyre Forest 002A,E07000239,Wyre Forest,West Midlands,551.0,47.0,8.52994555353902,E01032441,E02006768
E01032442,Wyre Forest 002B,E07000239,Wyre Forest,West Midlands,703.0,55.0,7.823613086770982,E01032442,E02006768
E01032443,Wyre Forest 002C,E07000239,Wyre Forest,West Midlands,631.0,57.0,9.033280507131538,E01032443,E02006768
E01032444,Wyre Forest 002D,E07000239,Wyre Forest,West Midlands,559.0,58.0,10.37567084078712,E01032444,E02006768
E01032445,Wyre Forest 002E,E07000239,Wyre Forest,West Midlands,679.0,85.0,12.51840942562592,E01032445,E02006768
E01032446,Wyre Forest 003C,E07000239,Wyre Forest,West Midlands,629.0,55.0,8.744038155802862,E01032446,E02006769
E01032447,Wyre Forest 003D,E07000239,Wyre Forest,West Midlands,666.0,88.0,13.213213213213212,E01032447,E02006769
E01032448,Wyre Forest 003E,E07000239,Wyre Forest,West Midlands,499.0,52.0,10.420841683366733,E01032448,E02006769
E01032449,Wyre Forest 007A,E07000239,Wyre Forest,West Midlands,775.0,157.0,20.258064516129032,E01032449,E02006773
E01032451,Wyre Forest 006A,E07000239,Wyre Forest,West Midlands,689.0,52.0,7.547169811320755,E01032451,E02006772
E01032452,Wyre Forest 006B,E07000239,Wyre Forest,West Midlands,678.0,54.0,7.964601769911504,E01032452,E02006772
E01032453,Wyre Forest 006C,E07000239,Wyre Forest,West Midlands,811.0,108.0,13.316892725030826,E01032453,E02006772
E01032454,Wyre Forest 006D,E07000239,Wyre Forest,West Midlands,868.0,94.0,10.829493087557603,E01032454,E02006772
E01032455,Wyre Forest 012A,E07000239,Wyre Forest,West Midlands,656.0,59.0,8.99390243902439,E01032455,E02006778
E01032456,Wyre Forest 012B,E07000239,Wyre Forest,West Midlands,540.0,73.0,13.518518518518519,E01032456,E02006778
E01032457,Wyre Forest 012C,E07000239,Wyre Forest,West Midlands,615.0,41.0,6.666666666666667,E01032457,E02006778
E01032458,Wyre Forest 012D,E07000239,Wyre Forest,West Midlands,679.0,63.0,9.278350515463918,E01032458,E02006778
E01032459,Wyre Forest 012E,E07000239,Wyre Forest,West Midlands,652.0,59.0,9.049079754601227,E01032459,E02006778
E01032460,Wyre Forest 013A,E07000239,Wyre Forest,West Midlands,984.0,94.0,9.552845528455284,E01032460,E02006779
E01032461,Wyre Forest 013B,E07000239,Wyre Forest,West Midlands,1054.0,106.0,10.056925996204933,E01032461,E02006779
E01032462,Wyre Forest 013C,E07000239,Wyre Forest,West Midlands,973.0,76.0,7.810894141829394,E01032462,E02006779
E01032463,Wyre Forest 013D,E07000239,Wyre Forest,West Midlands,777.0,65.0,8.365508365508365,E01032463,E02006779
E01032464,Wyre Forest 007B,E07000239,Wyre Forest,West Midlands,778.0,102.0,13.110539845758353,E01032464,E02006773
E01032465,Wyre Forest 007C,E07000239,Wyre Forest,West Midlands,644.0,84.0,13.043478260869565,E01032465,E02006773
E01032466,Wyre Forest 007D,E07000239,Wyre Forest,West Midlands,687.0,71.0,10.334788937409025,E01032466,E02006773
E01032467,Wyre Forest 007E,E07000239,Wyre Forest,West Midlands,547.0,36.0,6.581352833638025,E01032467,E02006773
E01032468,Wyre Forest 007F,E07000239,Wyre Forest,West Midlands,520.0,44.0,8.461538461538462,E01032468,E02006773
E01032469,Wyre Forest 009A,E07000239,Wyre Forest,West Midlands,683.0,82.0,12.005856515373353,E01032469,E02006775
E01032471,Wyre Forest 009C,E07000239,Wyre Forest,West Midlands,658.0,113.0,17.17325227963526,E01032471,E02006775
E01032472,Wyre Forest 011D,E07000239,Wyre Forest,West Midlands,556.0,78.0,14.028776978417264,E01032472,E02006777
E01032473,Wyre Forest 011E,E07000239,Wyre Forest,West Midlands,613.0,89.0,14.518760195758565,E01032473,E02006777
E01032474,Wyre Forest 008A,E07000239,Wyre Forest,West Midlands,924.0,189.0,20.454545454545457,E01032474,E02006774
E01032475,Wyre Forest 008B,E07000239,Wyre Forest,West Midlands,781.0,116.0,14.852752880921896,E01032475,E02006774
E01032476,Wyre Forest 008C,E07000239,Wyre Forest,West Midlands,654.0,74.0,11.314984709480122,E01032476,E02006774
E01032477,Wyre Forest 008D,E07000239,Wyre Forest,West Midlands,543.0,38.0,6.998158379373849,E01032477,E02006774
E01032478,Wyre Forest 008E,E07000239,Wyre Forest,West Midlands,680.0,106.0,15.588235294117647,E01032478,E02006774
E01032479,Wyre Forest 001F,E07000239,Wyre Forest,West Midlands,1133.0,126.0,11.120917917034422,E01032479,E02006767
E01032480,Wyre Forest 005B,E07000239,Wyre Forest,West Midlands,813.0,71.0,8.733087330873309,E01032480,E02006771
E01032481,Wyre Forest 005C,E07000239,Wyre Forest,West Midlands,883.0,130.0,14.722536806342015,E01032481,E02006771
E01032482,Wyre Forest 005D,E07000239,Wyre Forest,West Midlands,688.0,58.0,8.430232558139535,E01032482,E02006771
E01032527,Coventry 035G,E08000026,Coventry,West Midlands,693.0,77.0,11.11111111111111,E01032527,E02001992
E01032528,Coventry 035H,E08000026,Coventry,West Midlands,723.0,80.0,11.065006915629322,E01032528,E02001992
E01032529,Coventry 038E,E08000026,Coventry,West Midlands,677.0,88.0,12.998522895125554,E01032529,E02001995
E01032530,Coventry 038F,E08000026,Coventry,West Midlands,825.0,90.0,10.909090909090908,E01032530,E02001995
E01032532,Coventry 036F,E08000026,Coventry,West Midlands,688.0,62.0,9.011627906976743,E01032532,E02001993
E01032533,Coventry 036G,E08000026,Coventry,West Midlands,648.0,33.0,5.092592592592593,E01032533,E02001993
E01032534,Coventry 037F,E08000026,Coventry,West Midlands,752.0,87.0,11.569148936170212,E01032534,E02001994
E01032535,Coventry 037G,E08000026,Coventry,West Midlands,493.0,53.0,10.75050709939148,E01032535,E02001994
E01032536,Coventry 001F,E08000026,Coventry,West Midlands,984.0,88.0,8.94308943089431,E01032536,E02001958
E01032537,Coventry 001G,E08000026,Coventry,West Midlands,859.0,82.0,9.545983701979045,E01032537,E02001958
E01032538,Coventry 001H,E08000026,Coventry,West Midlands,1014.0,147.0,14.497041420118343,E01032538,E02001958
E01032587,Coventry 043E,E08000026,Coventry,West Midlands,665.0,90.0,13.533834586466165,E01032587,E02006805
E01032588,Nuneaton and Bedworth 018E,E07000219,Nuneaton and Bedworth,West Midlands,604.0,46.0,7.6158940397351,E01032588,E02006806
E01032589,Birmingham 132E,E08000025,Birmingham,West Midlands,625.0,60.0,9.6,E01032589,E02006807
E01032590,Solihull 030D,E08000029,Solihull,West Midlands,998.0,97.0,9.719438877755511,E01032590,E02006808
E01032591,Birmingham 133F,E08000025,Birmingham,West Midlands,495.0,58.0,11.717171717171718,E01032591,E02006809
E01032592,Sandwell 039F,E08000028,Sandwell,West Midlands,755.0,65.0,8.609271523178808,E01032592,E02006810
E01032885,Solihull 029F,E08000029,Solihull,West Midlands,895.0,67.0,7.486033519553073,E01032885,E02002109
E01032886,Solihull 029G,E08000029,Solihull,West Midlands,1144.0,60.0,5.244755244755245,E01032886,E02002109
E01032888,Walsall 018F,E08000030,Walsall,West Midlands,1061.0,166.0,15.645617342130066,E01032888,E02002127
E01032893,Rugby 007F,E07000220,Rugby,West Midlands,715.0,24.0,3.3566433566433567,E01032893,E02006498
E01032894,Rugby 007G,E07000220,Rugby,West Midlands,807.0,37.0,4.584882280049566,E01032894,E02006498
E01032895,Rugby 007H,E07000220,Rugby,West Midlands,596.0,37.0,6.208053691275168,E01032895,E02006498
E01032896,East Staffordshire 011F,E07000193,East Staffordshire,West Midlands,723.0,138.0,19.08713692946058,E01032896,E02006141
E01032897,East Staffordshire 011G,E07000193,East Staffordshire,West Midlands,732.0,89.0,12.158469945355192,E01032897,E02006141
E01032898,East Staffordshire 011H,E07000193,East Staffordshire,West Midlands,624.0,128.0,20.51282051282051,E01032898,E02006141
E01032899,Lichfield 004F,E07000194,Lichfield,West Midlands,1083.0,92.0,8.494921514312095,E01032899,E02006149
E01032900,Lichfield 004G,E07000194,Lichfield,West Midlands,882.0,47.0,5.328798185941043,E01032900,E02006149
E01032901,Tamworth 010F,E07000199,Tamworth,West Midlands,735.0,48.0,6.530612244897959,E01032901,E02006226
E01032902,Tamworth 010G,E07000199,Tamworth,West Midlands,615.0,58.0,9.43089430894309,E01032902,E02006226
E01033058,Coventry 042F,E08000026,Coventry,West Midlands,886.0,154.0,17.381489841986454,E01033058,E02001999
E01033059,Bromsgrove 012D,E07000234,Bromsgrove,West Midlands,615.0,28.0,4.5528455284552845,E01033059,E02006707
E01033060,Bromsgrove 014E,E07000234,Bromsgrove,West Midlands,493.0,61.0,12.373225152129818,E01033060,E02006709
E01033061,Bromsgrove 012E,E07000234,Bromsgrove,West Midlands,697.0,38.0,5.4519368723099,E01033061,E02006707
E01033062,Bromsgrove 014F,E07000234,Bromsgrove,West Midlands,951.0,31.0,3.2597266035751837,E01033062,E02006709
E01033102,North West Leicestershire 011E,E07000134,North West Leicestershire,East Midlands,732.0,45.0,6.147540983606557,E01033102,E02005407
E01033103,North West Leicestershire 011F,E07000134,North West Leicestershire,East Midlands,912.0,35.0,3.8377192982456143,E01033103,E02005407
E01033166,Derby 018F,E06000015,Derby,East Midlands,707.0,104.0,14.71004243281471,E01033166,E02002813
E01033167,Derby 018G,E06000015,Derby,East Midlands,602.0,86.0,14.285714285714285,E01033167,E02002813
E01033168,Derby 030E,E06000015,Derby,East Midlands,518.0,30.0,5.7915057915057915,E01033168,E02002825
E01033169,Derby 030F,E06000015,Derby,East Midlands,607.0,22.0,3.6243822075782535,E01033169,E02002825
E01033170,Derby 030G,E06000015,Derby,East Midlands,614.0,36.0,5.863192182410423,E01033170,E02002825
E01033171,Derby 024E,E06000015,Derby,East Midlands,829.0,89.0,10.735826296743065,E01033171,E02002819
E01033172,Derby 024F,E06000015,Derby,East Midlands,752.0,131.0,17.420212765957448,E01033172,E02002819
E01033243,Bromsgrove 014G,E07000234,Bromsgrove,West Midlands,753.0,65.0,8.632138114209829,E01033243,E02006709
E01033246,Worcester 007E,E07000237,Worcester,West Midlands,762.0,88.0,11.548556430446194,E01033246,E02006740
E01033247,Worcester 007F,E07000237,Worcester,West Midlands,630.0,124.0,19.682539682539684,E01033247,E02006740
E01033250,Stratford-on-Avon 010D,E07000221,Stratford-on-Avon,West Midlands,579.0,32.0,5.526770293609672,E01033250,E02006513
E01033251,Stratford-on-Avon 010E,E07000221,Stratford-on-Avon,West Midlands,735.0,42.0,5.714285714285714,E01033251,E02006513
E01033252,Stratford-on-Avon 010F,E07000221,Stratford-on-Avon,West Midlands,621.0,39.0,6.280193236714976,E01033252,E02006513
E01033253,Warwick 007H,E07000222,Warwick,West Midlands,773.0,119.0,15.39456662354463,E01033253,E02006525
E01033254,Warwick 011G,E07000222,Warwick,West Midlands,587.0,28.0,4.770017035775128,E01033254,E02006529
E01033255,Warwick 011H,E07000222,Warwick,West Midlands,1029.0,58.0,5.636540330417882,E01033255,E02006529
E01033256,Warwick 007I,E07000222,Warwick,West Midlands,697.0,114.0,16.3558106169297,E01033256,E02006525
E01033532,South Derbyshire 002F,E07000039,South Derbyshire,East Midlands,664.0,41.0,6.174698795180722,E01033532,E02004119
E01033533,South Derbyshire 002G,E07000039,South Derbyshire,East Midlands,639.0,28.0,4.381846635367762,E01033533,E02004119
E01033534,South Derbyshire 002H,E07000039,South Derbyshire,East Midlands,523.0,28.0,5.353728489483748,E01033534,E02004119
E01033535,South Derbyshire 013D,E07000039,South Derbyshire,East Midlands,584.0,36.0,6.164383561643835,E01033535,E02006920
E01033536,South Derbyshire 012D,E07000039,South Derbyshire,East Midlands,811.0,95.0,11.713933415536374,E01033536,E02006919
E01033537,South Derbyshire 012E,E07000039,South Derbyshire,East Midlands,751.0,86.0,11.451398135818907,E01033537,E02006919
E01033557,Birmingham 134B,E08000025,Birmingham,West Midlands,1030.0,86.0,8.349514563106796,E01033557,E02006895
E01033559,Birmingham 049E,E08000025,Birmingham,West Midlands,946.0,97.0,10.253699788583509,E01033559,E02001875
E01033561,Birmingham 050E,E08000025,Birmingham,West Midlands,432.0,72.0,16.666666666666664,E01033561,E02001876
E01033562,Birmingham 087F,E08000025,Birmingham,West Midlands,1048.0,197.0,18.797709923664122,E01033562,E02001913
E01033564,Birmingham 136C,E08000025,Birmingham,West Midlands,756.0,72.0,9.523809523809524,E01033564,E02006897
E01033565,Birmingham 137B,E08000025,Birmingham,West Midlands,911.0,90.0,9.879253567508233,E01033565,E02006898
E01033567,Birmingham 135B,E08000025,Birmingham,West Midlands,646.0,56.0,8.6687306501548,E01033567,E02006896
E01033615,Birmingham 135C,E08000025,Birmingham,West Midlands,501.0,55.0,10.978043912175648,E01033615,E02006896
E01033616,Birmingham 135D,E08000025,Birmingham,West Midlands,779.0,101.0,12.965340179717586,E01033616,E02006896
E01033617,Birmingham 050F,E08000025,Birmingham,West Midlands,880.0,99.0,11.25,E01033617,E02001876
E01033618,Birmingham 137C,E08000025,Birmingham,West Midlands,790.0,61.0,7.721518987341772,E01033618,E02006898
E01033620,Birmingham 138A,E08000025,Birmingham,West Midlands,764.0,80.0,10.471204188481675,E01033620,E02006899
E01033622,Birmingham 138B,E08000025,Birmingham,West Midlands,1205.0,127.0,10.53941908713693,E01033622,E02006899
E01033623,Birmingham 138C,E08000025,Birmingham,West Midlands,1098.0,139.0,12.659380692167577,E01033623,E02006899
E01033624,Birmingham 134C,E08000025,Birmingham,West Midlands,799.0,69.0,8.635794743429287,E01033624,E02006895
E01033625,Birmingham 138D,E08000025,Birmingham,West Midlands,1128.0,106.0,9.397163120567376,E01033625,E02006899
E01033626,Birmingham 134D,E08000025,Birmingham,West Midlands,620.0,61.0,9.838709677419356,E01033626,E02006895
E01033627,Birmingham 137E,E08000025,Birmingham,West Midlands,527.0,71.0,13.472485768500949,E01033627,E02006898
E01033629,Birmingham 106F,E08000025,Birmingham,West Midlands,1094.0,148.0,13.528336380255942,E01033629,E02001932
E01033630,Birmingham 031H,E08000025,Birmingham,West Midlands,617.0,63.0,10.21069692058347,E01033630,E02001857
E01033638,Birmingham 049F,E08000025,Birmingham,West Midlands,694.0,93.0,13.400576368876079,E01033638,E02001875
E01033640,Birmingham 134E,E08000025,Birmingham,West Midlands,938.0,85.0,9.061833688699359,E01033640,E02006895
E01033642,Birmingham 063F,E08000025,Birmingham,West Midlands,876.0,182.0,20.776255707762555,E01033642,E02001889
E01033643,Birmingham 082F,E08000025,Birmingham,West Midlands,867.0,189.0,21.79930795847751,E01033643,E02001908
E01033646,Birmingham 031I,E08000025,Birmingham,West Midlands,890.0,165.0,18.53932584269663,E01033646,E02001857
E01033648,Birmingham 084F,E08000025,Birmingham,West Midlands,865.0,203.0,23.468208092485547,E01033648,E02001910
E01033649,Birmingham 058F,E08000025,Birmingham,West Midlands,522.0,108.0,20.689655172413794,E01033649,E02001884
E01033650,Birmingham 077F,E08000025,Birmingham,West Midlands,767.0,137.0,17.861799217731424,E01033650,E02001903
E01033886,Sandwell 014F,E08000028,Sandwell,West Midlands,593.0,68.0,11.467116357504215,E01033886,E02002056
E01033887,Sandwell 014G,E08000028,Sandwell,West Midlands,646.0,73.0,11.30030959752322,E01033887,E02002056
E01033888,Sandwell 018F,E08000028,Sandwell,West Midlands,564.0,87.0,15.425531914893616,E01033888,E02002060
E01033889,Sandwell 018G,E08000028,Sandwell,West Midlands,692.0,110.0,15.895953757225435,E01033889,E02002060
E01033890,Sandwell 040B,E08000028,Sandwell,West Midlands,449.0,63.0,14.03118040089087,E01033890,E02006943
E01033891,Sandwell 040C,E08000028,Sandwell,West Midlands,582.0,82.0,14.0893470790378,E01033891,E02006943
E01033892,Sandwell 041A,E08000028,Sandwell,West Midlands,637.0,105.0,16.483516483516482,E01033892,E02006944
E01033893,Sandwell 041C,E08000028,Sandwell,West Midlands,520.0,94.0,18.076923076923077,E01033893,E02006944
E01033894,Walsall 013F,E08000030,Walsall,West Midlands,629.0,78.0,12.400635930047695,E01033894,E02002122
E01033895,Walsall 013G,E08000030,Walsall,West Midlands,584.0,70.0,11.986301369863012,E01033895,E02002122
E01033896,Walsall 030F,E08000030,Walsall,West Midlands,683.0,132.0,19.32650073206442,E01033896,E02002139
E01033897,Walsall 030G,E08000030,Walsall,West Midlands,507.0,104.0,20.51282051282051,E01033897,E02002139
E01034047,Stafford 010F,E07000197,Stafford,West Midlands,761.0,144.0,18.922470433639948,E01034047,E02006197
E01034048,Stafford 010G,E07000197,Stafford,West Midlands,631.0,106.0,16.798732171156892,E01034048,E02006197
E01034049,Stafford 011F,E07000197,Stafford,West Midlands,631.0,31.0,4.91283676703645,E01034049,E02006198
E01034050,Stafford 011G,E07000197,Stafford,West Midlands,609.0,65.0,10.673234811165845,E01034050,E02006198
E01034051,Stafford 014I,E07000197,Stafford,West Midlands,1152.0,99.0,8.59375,E01034051,E02006201
E01034097,Cannock Chase 005E,E07000192,Cannock Chase,West Midlands,487.0,38.0,7.802874743326489,E01034097,E02006122
E01034098,Cannock Chase 005F,E07000192,Cannock Chase,West Midlands,991.0,55.0,5.549949545913218,E01034098,E02006122
E01034099,Lichfield 001E,E07000194,Lichfield,West Midlands,681.0,31.0,4.552129221732746,E01034099,E02006146
E01034100,Lichfield 001F,E07000194,Lichfield,West Midlands,805.0,103.0,12.79503105590062,E01034100,E02006146
E01034101,Lichfield 002E,E07000194,Lichfield,West Midlands,796.0,52.0,6.532663316582915,E01034101,E02006147
E01034102,Lichfield 002F,E07000194,Lichfield,West Midlands,675.0,24.0,3.5555555555555554,E01034102,E02006147
E01034103,Lichfield 006F,E07000194,Lichfield,West Midlands,608.0,54.0,8.881578947368421,E01034103,E02006151
E01034104,Lichfield 006G,E07000194,Lichfield,West Midlands,781.0,51.0,6.530089628681178,E01034104,E02006151
E01034105,Lichfield 008E,E07000194,Lichfield,West Midlands,692.0,26.0,3.7572254335260116,E01034105,E02006153
E01034106,Lichfield 008F,E07000194,Lichfield,West Midlands,738.0,86.0,11.653116531165312,E01034106,E02006153
E01034306,Dudley 006H,E08000027,Dudley,West Midlands,585.0,122.0,20.854700854700855,E01034306,E02002005
E01034307,Dudley 006I,E08000027,Dudley,West Midlands,665.0,95.0,14.285714285714285,E01034307,E02002005
E01034308,Dudley 011E,E08000027,Dudley,West Midlands,700.0,110.0,15.714285714285714,E01034308,E02002010
E01034309,Dudley 011F,E08000027,Dudley,West Midlands,734.0,111.0,15.122615803814716,E01034309,E02002010
E01034310,Wolverhampton 006E,E08000031,Wolverhampton,West Midlands,427.0,59.0,13.817330210772832,E01034310,E02002154
E01034311,Wolverhampton 006F,E08000031,Wolverhampton,West Midlands,885.0,77.0,8.700564971751412,E01034311,E02002154
E01034312,Wolverhampton 020G,E08000031,Wolverhampton,West Midlands,603.0,105.0,17.412935323383085,E01034312,E02002168
E01034313,Wolverhampton 020H,E08000031,Wolverhampton,West Midlands,615.0,80.0,13.008130081300814,E01034313,E02002168
E01034314,Wolverhampton 035I,E08000031,Wolverhampton,West Midlands,668.0,90.0,13.47305389221557,E01034314,E02006894
E01034315,Wolverhampton 035J,E08000031,Wolverhampton,West Midlands,450.0,61.0,13.555555555555557,E01034315,E02006894
E01034316,Bromsgrove 013E,E07000234,Bromsgrove,West Midlands,652.0,52.0,7.975460122699387,E01034316,E02006708
E01034317,Bromsgrove 013F,E07000234,Bromsgrove,West Midlands,601.0,72.0,11.980033277870216,E01034317,E02006708
E01034318,Bromsgrove 014H,E07000234,Bromsgrove,West Midlands,671.0,73.0,10.879284649776453,E01034318,E02006709
E01034319,Bromsgrove 014I,E07000234,Bromsgrove,West Midlands,579.0,57.0,9.844559585492227,E01034319,E02006709
E01034320,Redditch 003E,E07000236,Redditch,West Midlands,582.0,22.0,3.7800687285223367,E01034320,E02006723
E01034321,Redditch 003F,E07000236,Redditch,West Midlands,502.0,19.0,3.7848605577689245,E01034321,E02006723
E01034322,Redditch 003G,E07000236,Redditch,West Midlands,593.0,25.0,4.215851602023609,E01034322,E02006723
E01034325,Wychavon 001E,E07000238,Wychavon,West Midlands,629.0,72.0,11.446740858505565,E01034325,E02006748
E01034326,Wychavon 001F,E07000238,Wychavon,West Midlands,617.0,81.0,13.12803889789303,E01034326,E02006748
E01034327,Wychavon 005E,E07000238,Wychavon,West Midlands,706.0,32.0,4.53257790368272,E01034327,E02006752
E01034328,Wychavon 005F,E07000238,Wychavon,West Midlands,705.0,22.0,3.120567375886525,E01034328,E02006752
E01034331,Wyre Forest 004E,E07000239,Wyre Forest,West Midlands,706.0,98.0,13.881019830028329,E01034331,E02006770
E01034332,Wyre Forest 004F,E07000239,Wyre Forest,West Midlands,770.0,93.0,12.077922077922079,E01034332,E02006770
E01034333,Wyre Forest 009D,E07000239,Wyre Forest,West Midlands,645.0,79.0,12.248062015503876,E01034333,E02006775
E01034334,Wyre Forest 009E,E07000239,Wyre Forest,West Midlands,641.0,80.0,12.480499219968799,E01034334,E02006775
E01034650,South Derbyshire 003F,E07000039,South Derbyshire,East Midlands,1013.0,30.0,2.9615004935834155,E01034650,E02004120
E01034651,South Derbyshire 003G,E07000039,South Derbyshire,East Midlands,595.0,61.0,10.252100840336134,E01034651,E02004120
E01034652,South Derbyshire 004E,E07000039,South Derbyshire,East Midlands,588.0,18.0,3.061224489795918,E01034652,E02004121
E01034653,South Derbyshire 004F,E07000039,South Derbyshire,East Midlands,648.0,31.0,4.78395061728395,E01034653,E02004121
E01034654,South Derbyshire 012F,E07000039,South Derbyshire,East Midlands,772.0,28.0,3.6269430051813467,E01034654,E02006919
E01034655,South Derbyshire 012G,E07000039,South Derbyshire,East Midlands,724.0,42.0,5.801104972375691,E01034655,E02006919
E01034656,South Derbyshire 013E,E07000039,South Derbyshire,East Midlands,788.0,106.0,13.451776649746192,E01034656,E02006920
E01034657,South Derbyshire 013F,E07000039,South Derbyshire,East Midlands,713.0,38.0,5.329593267882188,E01034657,E02006920
E01034735,Coventry 015G,E08000026,Coventry,West Midlands,634.0,67.0,10.56782334384858,E01034735,E02001972
E01034736,Coventry 015H,E08000026,Coventry,West Midlands,589.0,158.0,26.825127334465193,E01034736,E02001972
E01034737,Coventry 020F,E08000026,Coventry,West Midlands,622.0,90.0,14.469453376205788,E01034737,E02001977
E01034738,Coventry 020G,E08000026,Coventry,West Midlands,559.0,139.0,24.86583184257603,E01034738,E02001977
E01034739,Coventry 025E,E08000026,Coventry,West Midlands,734.0,42.0,5.722070844686648,E01034739,E02001982
E01034740,Coventry 025F,E08000026,Coventry,West Midlands,772.0,78.0,10.103626943005182,E01034740,E02001982
E01034741,Coventry 028E,E08000026,Coventry,West Midlands,448.0,117.0,26.11607142857143,E01034741,E02001985
E01034742,Coventry 028F,E08000026,Coventry,West Midlands,455.0,136.0,29.89010989010989,E01034742,E02001985
E01034743,Coventry 031E,E08000026,Coventry,West Midlands,436.0,102.0,23.394495412844037,E01034743,E02001988
E01034744,Coventry 031F,E08000026,Coventry,West Midlands,515.0,94.0,18.25242718446602,E01034744,E02001988
E01034745,Coventry 035I,E08000026,Coventry,West Midlands,477.0,34.0,7.127882599580712,E01034745,E02001992
E01034746,Coventry 035J,E08000026,Coventry,West Midlands,574.0,77.0,13.414634146341465,E01034746,E02001992
E01034747,Coventry 036H,E08000026,Coventry,West Midlands,720.0,93.0,12.916666666666668,E01034747,E02001993
E01034748,Coventry 036I,E08000026,Coventry,West Midlands,559.0,83.0,14.847942754919499,E01034748,E02001993
E01034749,Coventry 038G,E08000026,Coventry,West Midlands,790.0,195.0,24.68354430379747,E01034749,E02001995
E01034750,Coventry 038H,E08000026,Coventry,West Midlands,1104.0,125.0,11.322463768115941,E01034750,E02001995
E01034913,Birmingham 014F,E08000025,Birmingham,West Midlands,448.0,41.0,9.151785714285714,E01034913,E02001840
E01034914,Birmingham 014G,E08000025,Birmingham,West Midlands,732.0,66.0,9.01639344262295,E01034914,E02001840
E01034915,Birmingham 023G,E08000025,Birmingham,West Midlands,656.0,70.0,10.670731707317072,E01034915,E02001849
E01034916,Birmingham 023H,E08000025,Birmingham,West Midlands,682.0,83.0,12.17008797653959,E01034916,E02001849
E01034917,Birmingham 035H,E08000025,Birmingham,West Midlands,533.0,112.0,21.013133208255162,E01034917,E02001861
E01034918,Birmingham 035I,E08000025,Birmingham,West Midlands,569.0,105.0,18.45342706502636,E01034918,E02001861
E01034919,Birmingham 037G,E08000025,Birmingham,West Midlands,509.0,119.0,23.37917485265226,E01034919,E02001863
E01034920,Birmingham 037H,E08000025,Birmingham,West Midlands,434.0,85.0,19.5852534562212,E01034920,E02001863
E01034921,Birmingham 039I,E08000025,Birmingham,West Midlands,459.0,104.0,22.657952069716774,E01034921,E02001865
E01034922,Birmingham 039J,E08000025,Birmingham,West Midlands,551.0,111.0,20.14519056261343,E01034922,E02001865
E01034923,Birmingham 041H,E08000025,Birmingham,West Midlands,552.0,108.0,19.565217391304348,E01034923,E02001867
E01034924,Birmingham 041I,E08000025,Birmingham,West Midlands,460.0,83.0,18.043478260869566,E01034924,E02001867
E01034925,Birmingham 041J,E08000025,Birmingham,West Midlands,558.0,67.0,12.007168458781361,E01034925,E02001867
E01034926,Birmingham 041K,E08000025,Birmingham,West Midlands,552.0,91.0,16.485507246376812,E01034926,E02001867
E01034927,Birmingham 043D,E08000025,Birmingham,West Midlands,665.0,90.0,13.533834586466165,E01034927,E02001869
E01034928,Birmingham 043E,E08000025,Birmingham,West Midlands,521.0,73.0,14.011516314779271,E01034928,E02001869
E01034929,Birmingham 050G,E08000025,Birmingham,West Midlands,542.0,74.0,13.653136531365314,E01034929,E02001876
E01034930,Birmingham 050H,E08000025,Birmingham,West Midlands,536.0,63.0,11.753731343283583,E01034930,E02001876
E01034931,Birmingham 051F,E08000025,Birmingham,West Midlands,450.0,66.0,14.666666666666666,E01034931,E02001877
E01034932,Birmingham 051G,E08000025,Birmingham,West Midlands,462.0,90.0,19.480519480519483,E01034932,E02001877
E01034933,Birmingham 052G,E08000025,Birmingham,West Midlands,437.0,90.0,20.59496567505721,E01034933,E02001878
E01034934,Birmingham 052H,E08000025,Birmingham,West Midlands,459.0,99.0,21.568627450980394,E01034934,E02001878
E01034935,Birmingham 058G,E08000025,Birmingham,West Midlands,872.0,191.0,21.90366972477064,E01034935,E02001884
E01034936,Birmingham 079G,E08000025,Birmingham,West Midlands,435.0,45.0,10.344827586206897,E01034936,E02001905
E01034937,Birmingham 079H,E08000025,Birmingham,West Midlands,471.0,57.0,12.101910828025478,E01034937,E02001905
E01034938,Birmingham 088F,E08000025,Birmingham,West Midlands,543.0,135.0,24.861878453038674,E01034938,E02001914
E01034939,Birmingham 088G,E08000025,Birmingham,West Midlands,455.0,98.0,21.53846153846154,E01034939,E02001914
E01034940,Birmingham 096H,E08000025,Birmingham,West Midlands,472.0,134.0,28.389830508474578,E01034940,E02001922
E01034941,Birmingham 096I,E08000025,Birmingham,West Midlands,454.0,134.0,29.515418502202646,E01034941,E02001922
E01034942,Birmingham 125H,E08000025,Birmingham,West Midlands,694.0,37.0,5.3314121037463975,E01034942,E02001951
E01034943,Birmingham 125I,E08000025,Birmingham,West Midlands,765.0,101.0,13.202614379084968,E01034943,E02001951
E01034944,Birmingham 129E,E08000025,Birmingham,West Midlands,685.0,39.0,5.693430656934306,E01034944,E02001955
E01034945,Birmingham 129F,E08000025,Birmingham,West Midlands,664.0,63.0,9.487951807228916,E01034945,E02001955
E01034946,Birmingham 135E,E08000025,Birmingham,West Midlands,620.0,46.0,7.419354838709677,E01034946,E02006896
E01034947,Birmingham 135F,E08000025,Birmingham,West Midlands,727.0,89.0,12.242090784044017,E01034947,E02006896
E01034948,Birmingham 136E,E08000025,Birmingham,West Midlands,944.0,122.0,12.923728813559322,E01034948,E02006897
E01034949,Birmingham 136F,E08000025,Birmingham,West Midlands,767.0,94.0,12.25554106910039,E01034949,E02006897
E01034950,Birmingham 137F,E08000025,Birmingham,West Midlands,717.0,79.0,11.01813110181311,E01034950,E02006898
E01034951,Birmingham 137G,E08000025,Birmingham,West Midlands,632.0,64.0,10.126582278481013,E01034951,E02006898
E01034952,Birmingham 142B,E08000025,Birmingham,West Midlands,422.0,94.0,22.274881516587676,E01034952,E02007039
E01034953,Birmingham 142C,E08000025,Birmingham,West Midlands,432.0,88.0,20.37037037037037,E01034953,E02007039
E01034954,Birmingham 143A,E08000025,Birmingham,West Midlands,530.0,120.0,22.641509433962266,E01034954,E02007040
E01034955,Birmingham 143B,E08000025,Birmingham,West Midlands,599.0,114.0,19.031719532554256,E01034955,E02007040
E01035014,Nuneaton and Bedworth 001F,E07000219,Nuneaton and Bedworth,West Midlands,818.0,26.0,3.1784841075794623,E01035014,E02006475
E01035015,Nuneaton and Bedworth 001G,E07000219,Nuneaton and Bedworth,West Midlands,731.0,60.0,8.207934336525307,E01035015,E02006475
E01035016,Nuneaton and Bedworth 002G,E07000219,Nuneaton and Bedworth,West Midlands,692.0,81.0,11.705202312138727,E01035016,E02006476
E01035017,Nuneaton and Bedworth 002H,E07000219,Nuneaton and Bedworth,West Midlands,810.0,63.0,7.777777777777778,E01035017,E02006476
E01035018,Nuneaton and Bedworth 003F,E07000219,Nuneaton and Bedworth,West Midlands,645.0,28.0,4.341085271317829,E01035018,E02006477
E01035019,Nuneaton and Bedworth 003G,E07000219,Nuneaton and Bedworth,West Midlands,635.0,38.0,5.984251968503937,E01035019,E02006477
E01035022,Rugby 007I,E07000220,Rugby,West Midlands,639.0,36.0,5.633802816901409,E01035022,E02006498
E01035023,Rugby 007J,E07000220,Rugby,West Midlands,710.0,48.0,6.760563380281689,E01035023,E02006498
E01035024,Rugby 012F,E07000220,Rugby,West Midlands,775.0,27.0,3.483870967741935,E01035024,E02006503
E01035025,Rugby 012G,E07000220,Rugby,West Midlands,685.0,50.0,7.2992700729927,E01035025,E02006503
E01035026,Rugby 013D,E07000220,Rugby,West Midlands,595.0,61.0,10.252100840336134,E01035026,E02007048
E01035030,Stratford-on-Avon 008H,E07000221,Stratford-on-Avon,West Midlands,715.0,67.0,9.37062937062937,E01035030,E02006511
E01035031,Stratford-on-Avon 008I,E07000221,Stratford-on-Avon,West Midlands,667.0,33.0,4.94752623688156,E01035031,E02006511
E01035032,Stratford-on-Avon 009G,E07000221,Stratford-on-Avon,West Midlands,685.0,68.0,9.927007299270073,E01035032,E02006512
E01035033,Stratford-on-Avon 009H,E07000221,Stratford-on-Avon,West Midlands,772.0,45.0,5.829015544041451,E01035033,E02006512
E01035037,Warwick 012G,E07000222,Warwick,West Midlands,593.0,18.0,3.0354131534569984,E01035037,E02006530
E01035038,Warwick 012H,E07000222,Warwick,West Midlands,599.0,18.0,3.005008347245409,E01035038,E02006530
E01035039,Warwick 012I,E07000222,Warwick,West Midlands,543.0,17.0,3.1307550644567224,E01035039,E02006530
E01035057,Shropshire 009E,E06000051,Shropshire,West Midlands,419.0,56.0,13.365155131264917,E01035057,E02006020
E01035058,Shropshire 009F,E06000051,Shropshire,West Midlands,430.0,69.0,16.046511627906977,E01035058,E02006020
E01035067,Shropshire 024E,E06000051,Shropshire,West Midlands,736.0,132.0,17.934782608695652,E01035067,E02006038
E01035068,Shropshire 024F,E06000051,Shropshire,West Midlands,707.0,77.0,10.891089108910892,E01035068,E02006038
E01035069,Shropshire 025F,E06000051,Shropshire,West Midlands,591.0,77.0,13.028764805414554,E01035069,E02006008
E01035070,Shropshire 025G,E06000051,Shropshire,West Midlands,786.0,47.0,5.979643765903308,E01035070,E02006008
E01035072,Shropshire 036F,E06000051,Shropshire,West Midlands,1088.0,242.0,22.24264705882353,E01035072,E02006043
E01035073,Telford and Wrekin 009F,E06000020,Telford and Wrekin,West Midlands,629.0,84.0,13.354531001589825,E01035073,E02002936
E01035074,Telford and Wrekin 009G,E06000020,Telford and Wrekin,West Midlands,749.0,65.0,8.678237650200266,E01035074,E02002936
E01035075,Telford and Wrekin 009H,E06000020,Telford and Wrekin,West Midlands,480.0,29.0,6.041666666666667,E01035075,E02002936
E01035076,Telford and Wrekin 024A,E06000020,Telford and Wrekin,West Midlands,759.0,27.0,3.557312252964427,E01035076,E02007050
E01035077,Telford and Wrekin 024B,E06000020,Telford and Wrekin,West Midlands,574.0,74.0,12.89198606271777,E01035077,E02007050
E01035078,Telford and Wrekin 024D,E06000020,Telford and Wrekin,West Midlands,662.0,28.0,4.229607250755287,E01035078,E02007050
E01035079,Telford and Wrekin 025A,E06000020,Telford and Wrekin,West Midlands,555.0,30.0,5.405405405405405,E01035079,E02007051
E01035080,Telford and Wrekin 025B,E06000020,Telford and Wrekin,West Midlands,577.0,22.0,3.8128249566724435,E01035080,E02007051
E01035081,Telford and Wrekin 025C,E06000020,Telford and Wrekin,West Midlands,604.0,33.0,5.4635761589403975,E01035081,E02007051
E01035082,Telford and Wrekin 025D,E06000020,Telford and Wrekin,West Midlands,799.0,59.0,7.3842302878598245,E01035082,E02007051
E01035083,Telford and Wrekin 025E,E06000020,Telford and Wrekin,West Midlands,876.0,31.0,3.5388127853881275,E01035083,E02007051
E01035094,Hinckley and Bosworth 001F,E07000132,Hinckley and Bosworth,East Midlands,490.0,32.0,6.530612244897959,E01035094,E02005377
E01035095,Hinckley and Bosworth 001G,E07000132,Hinckley and Bosworth,East Midlands,739.0,88.0,11.907983761840326,E01035095,E02005377
E01035096,Hinckley and Bosworth 011F,E07000132,Hinckley and Bosworth,East Midlands,699.0,39.0,5.579399141630901,E01035096,E02005387
E01035097,Hinckley and Bosworth 011G,E07000132,Hinckley and Bosworth,East Midlands,661.0,33.0,4.992435703479576,E01035097,E02005387
E01035098,North West Leicestershire 001F,E07000134,North West Leicestershire,East Midlands,570.0,111.0,19.473684210526315,E01035098,E02005397
E01035099,North West Leicestershire 001G,E07000134,North West Leicestershire,East Midlands,722.0,104.0,14.40443213296399,E01035099,E02005397
E01035100,North West Leicestershire 003E,E07000134,North West Leicestershire,East Midlands,834.0,49.0,5.875299760191846,E01035100,E02005399
E01035101,North West Leicestershire 003F,E07000134,North West Leicestershire,East Midlands,826.0,52.0,6.2953995157385,E01035101,E02005399
